[LEVEL]
1F BIMS plan
[HEADER]
426436,1350 x 2100mm,342
402.879898205206 158.677754902448 0
1
1.49877803362078E-15 1 0
-1 1.49877803362078E-15 0
0 0 1
0.743438303470612 0.119258530437946 -3.28626015289046E-14
2.21456694602966 0.119258530437946 -3.28626015289046E-14
2.21456694602966 0.119258530437946 6.88976383209229
0 -1 0
2.21456694602966 0.119258530437946 6.88976383209229
0.743438303470612 0.119258530437946 6.88976383209229
0.743438303470612 0.119258530437946 -3.28626015289046E-14
0 -1 0
2.21456694602966 0.266896337270737 6.88976383209229
2.21456694602966 0.266896337270737 -3.28626015289046E-14
0.743438303470612 0.266896337270737 -3.28626015289046E-14
0 1 0
0.743438303470612 0.266896337270737 -3.28626015289046E-14
0.743438303470612 0.266896337270737 6.88976383209229
2.21456694602966 0.266896337270737 6.88976383209229
0 1 0
0.743438303470612 0.119258530437946 6.88976383209229
0.743438303470612 0.266896337270737 6.88976383209229
0.743438303470612 0.266896337270737 -3.28626015289046E-14
-1 0 0
0.743438303470612 0.266896337270737 -3.28626015289046E-14
0.743438303470612 0.119258530437946 -3.28626015289046E-14
0.743438303470612 0.119258530437946 6.88976383209229
-1 0 0
0.743438303470612 0.119258530437946 -3.28626015289046E-14
0.743438303470612 0.266896337270737 -3.28626015289046E-14
2.21456694602966 0.266896337270737 -3.24185123190546E-14
3.0186973943421E-16 0 -1
2.21456694602966 0.266896337270737 -3.24185123190546E-14
2.21456694602966 0.119258530437946 -3.24185123190546E-14
0.743438303470612 0.119258530437946 -3.28626015289046E-14
3.0186973943421E-16 0 -1
2.21456694602966 0.119258530437946 -3.28626015289046E-14
2.21456694602966 0.266896337270737 -3.28626015289046E-14
2.21456694602966 0.266896337270737 6.88976383209229
1 0 6.44563767439516E-17
2.21456694602966 0.266896337270737 6.88976383209229
2.21456694602966 0.119258530437946 6.88976383209229
2.21456694602966 0.119258530437946 -3.28626015289046E-14
1 0 6.44563767439516E-17
2.21456694602966 0.119258530437946 6.88976383209229
2.21456694602966 0.266896337270737 6.88976383209229
0.743438303470612 0.266896337270737 6.88976383209229
-6.0373947886842E-16 0 1
0.743438303470612 0.266896337270737 6.88976383209229
0.743438303470612 0.119258530437946 6.88976383209229
2.21456694602966 0.119258530437946 6.88976383209229
-6.0373947886842E-16 0 1
2.37860894203186 -0.225229665637016 1.77635683940025E-15
2.21456694602966 0.103633530437946 1.77635683940025E-15
2.37860894203186 0.266896337270737 1.77635683940025E-15
0 0 -1
2.21456694602966 0.266896337270737 1.77635683940025E-15
2.37860894203186 0.266896337270737 1.77635683940025E-15
2.21456694602966 0.103633530437946 1.77635683940025E-15
0 0 -1
2.21456694602966 0.103633530437946 1.77635683940025E-15
2.21456694602966 -0.0637713223695755 1.77635683940025E-15
2.16248369216919 0.103633530437946 1.77635683940025E-15
0 0 -1
2.21456694602966 0.103633530437946 1.77635683940025E-15
2.37860894203186 -0.225229665637016 1.77635683940025E-15
2.21456694602966 -0.0637713223695755 1.77635683940025E-15
0 0 -1
2.21456694602966 -0.225229665637016 1.77635683940025E-15
2.21456694602966 -0.0637713223695755 1.77635683940025E-15
2.37860894203186 -0.225229665637016 1.77635683940025E-15
0 0 -1
2.16248369216919 0.103633530437946 1.77635683940025E-15
2.21456694602966 -0.0637713223695755 1.77635683940025E-15
2.16248369216919 -0.0637713223695755 1.77635683940025E-15
0 0 -1
2.21456694602966 0.103633530437946 0
2.21456694602966 0.103633530437946 6.88976383209229
2.21456694602966 0.266896337270737 6.88976383209229
-1 0 -6.44563767439519E-17
2.21456694602966 0.266896337270737 6.88976383209229
2.21456694602966 0.266896337270737 0
2.21456694602966 0.103633530437946 0
-1 0 -6.44563767439519E-17
-2.21456694602966 0.266896337270737 -3.78139686056787E-24
-2.37860894203186 0.266896337270737 8.82326013018593E-24
-2.21456694602966 0.266896337270737 6.88976383209229
0 1 0
2.37860894203186 0.266896337270737 6.30232810094645E-25
2.21456694602966 0.266896337270737 1.32348898008484E-23
2.21456694602966 0.266896337270737 6.88976383209229
0 1 0
-2.21456694602966 0.266896337270737 6.88976383209229
-2.37860894203186 0.266896337270737 7.21784782409668
2.21456694602966 0.266896337270737 6.88976383209229
0 1 0
-2.37860894203186 0.266896337270737 7.21784782409668
-2.21456694602966 0.266896337270737 6.88976383209229
-2.37860894203186 0.266896337270737 8.82326013018593E-24
0 1 0
2.21456694602966 0.266896337270737 6.88976383209229
2.37860894203186 0.266896337270737 7.21784782409668
2.37860894203186 0.266896337270737 6.30232810094645E-25
0 1 0
2.37860894203186 0.266896337270737 7.21784782409668
2.21456694602966 0.266896337270737 6.88976383209229
-2.37860894203186 0.266896337270737 7.21784782409668
0 1 0
2.37860894203186 0.266896337270737 0
2.37860894203186 0.266896337270737 7.21784782409668
2.37860894203186 -0.225229665637016 7.21784782409668
1 0 0
2.37860894203186 -0.225229665637016 7.21784782409668
2.37860894203186 -0.225229665637016 0
2.37860894203186 0.266896337270737 0
1 0 0
2.21456694602966 -0.225229665637016 0
2.37860894203186 -0.225229665637016 -1.32348898008484E-23
2.21456694602966 -0.225229665637016 6.88976383209229
0 -1 0
-2.37860894203186 -0.225229665637016 2.64697796016969E-23
-2.21456694602966 -0.225229665637016 1.32348898008484E-23
-2.21456694602966 -0.225229665637016 6.88976383209229
0 -1 0
2.21456694602966 -0.225229665637016 6.88976383209229
2.37860894203186 -0.225229665637016 7.21784782409668
-2.21456694602966 -0.225229665637016 6.88976383209229
0 -1 0
2.37860894203186 -0.225229665637016 7.21784782409668
2.21456694602966 -0.225229665637016 6.88976383209229
2.37860894203186 -0.225229665637016 -1.32348898008484E-23
0 -1 0
-2.21456694602966 -0.225229665637016 6.88976383209229
-2.37860894203186 -0.225229665637016 7.21784782409668
-2.37860894203186 -0.225229665637016 2.64697796016969E-23
0 -1 0
-2.37860894203186 -0.225229665637016 7.21784782409668
-2.21456694602966 -0.225229665637016 6.88976383209229
2.37860894203186 -0.225229665637016 7.21784782409668
0 -1 0
2.21456694602966 -0.225229665637016 0
2.21456694602966 -0.225229665637016 6.88976383209229
2.21456694602966 -0.0637713223695755 6.88976383209229
-1 0 -6.44563767439519E-17
2.21456694602966 -0.0637713223695755 6.88976383209229
2.21456694602966 -0.0637713223695755 0
2.21456694602966 -0.225229665637016 0
-1 0 -6.44563767439519E-17
2.16248369216919 -0.0637713223695755 1.94868002236204E-23
2.21456694602966 -0.0637713223695755 1.32348898008484E-23
2.16248369216919 -0.0637713223695755 6.83768033981323
0 -1 8.05704709299399E-18
-2.21456694602966 -0.0637713223695755 9.45349294028057E-24
-2.16248369216919 -0.0637713223695755 3.20158271472384E-24
-2.16248369216919 -0.0637713223695755 6.83768033981323
0 -1 8.05704709299399E-18
2.16248369216919 -0.0637713223695755 6.83768033981323
2.21456694602966 -0.0637713223695755 6.88976383209229
-2.16248369216919 -0.0637713223695755 6.83768033981323
0 -1 8.05704709299399E-18
2.21456694602966 -0.0637713223695755 6.88976383209229
2.16248369216919 -0.0637713223695755 6.83768033981323
2.21456694602966 -0.0637713223695755 1.32348898008484E-23
0 -1 8.05704709299399E-18
-2.16248369216919 -0.0637713223695755 6.83768033981323
-2.21456694602966 -0.0637713223695755 6.88976383209229
-2.21456694602966 -0.0637713223695755 9.45349294028057E-24
0 -1 8.05704709299399E-18
-2.21456694602966 -0.0637713223695755 6.88976383209229
-2.16248369216919 -0.0637713223695755 6.83768033981323
2.21456694602966 -0.0637713223695755 6.88976383209229
0 -1 8.05704709299399E-18
2.16248369216919 -0.0637713223695755 0
2.16248369216919 -0.0637713223695755 6.83768033981323
2.16248369216919 0.103633530437946 6.83768033981323
-1 0 -6.49473477657525E-17
2.16248369216919 0.103633530437946 6.83768033981323
2.16248369216919 0.103633530437946 0
2.16248369216919 -0.0637713223695755 0
-1 0 -6.49473477657525E-17
-2.16248369216919 0.103633530437946 -4.42221421185832E-24
-2.21456694602966 0.103633530437946 1.34642952852521E-23
-2.16248369216919 0.103633530437946 6.83768033981323
0 1 0
2.21456694602966 0.103633530437946 8.58326971015597E-24
2.16248369216919 0.103633530437946 0
2.16248369216919 0.103633530437946 6.83768033981323
0 1 0
-2.16248369216919 0.103633530437946 6.83768033981323
-2.21456694602966 0.103633530437946 6.88976383209229
2.16248369216919 0.103633530437946 6.83768033981323
0 1 0
-2.21456694602966 0.103633530437946 6.88976383209229
-2.16248369216919 0.103633530437946 6.83768033981323
-2.21456694602966 0.103633530437946 1.34642952852521E-23
0 1 0
2.16248369216919 0.103633530437946 6.83768033981323
2.21456694602966 0.103633530437946 6.88976383209229
2.21456694602966 0.103633530437946 8.58326971015597E-24
0 1 0
2.21456694602966 0.103633530437946 6.88976383209229
2.16248369216919 0.103633530437946 6.83768033981323
-2.21456694602966 0.103633530437946 6.88976383209229
0 1 0
2.21456694602966 0.103633530437946 6.88976383209229
-2.21456694602966 0.103633530437946 6.88976383209229
-2.21456694602966 0.266896337270737 6.88976383209229
0 0 -1
-2.21456694602966 0.266896337270737 6.88976383209229
2.21456694602966 0.266896337270737 6.88976383209229
2.21456694602966 0.103633530437946 6.88976383209229
0 0 -1
-2.21456694602966 -0.225229665637016 6.88976383209229
-2.21456694602966 -0.0637713223695755 6.88976383209229
2.21456694602966 -0.0637713223695755 6.88976383209229
0 0 -1
2.21456694602966 -0.0637713223695755 6.88976383209229
2.21456694602966 -0.225229665637016 6.88976383209229
-2.21456694602966 -0.225229665637016 6.88976383209229
0 0 -1
-2.16248369216919 -0.0637713223695755 6.83768033981323
-2.16248369216919 0.103633530437946 6.83768033981323
2.16248369216919 0.103633530437946 6.83768033981323
0 0 -1
2.16248369216919 0.103633530437946 6.83768033981323
2.16248369216919 -0.0637713223695755 6.83768033981323
-2.16248369216919 -0.0637713223695755 6.83768033981323
0 0 -1
-2.37860894203186 0.266896337270737 0
-2.21456694602966 0.103633530437946 0
-2.37860894203186 -0.225229665637016 0
0 0 -1
-2.21456694602966 0.103633530437946 0
-2.37860894203186 0.266896337270737 0
-2.21456694602966 0.266896337270737 0
0 0 -1
-2.16248369216919 0.103633530437946 0
-2.21456694602966 -0.0637713223695755 0
-2.21456694602966 0.103633530437946 0
0 0 -1
-2.21456694602966 -0.0637713223695755 0
-2.37860894203186 -0.225229665637016 0
-2.21456694602966 0.103633530437946 0
0 0 -1
-2.37860894203186 -0.225229665637016 0
-2.21456694602966 -0.0637713223695755 0
-2.21456694602966 -0.225229665637016 0
0 0 -1
-2.16248369216919 -0.0637713223695755 0
-2.21456694602966 -0.0637713223695755 0
-2.16248369216919 0.103633530437946 0
0 0 -1
-2.21456694602966 0.266896337270737 6.88976383209229
-2.21456694602966 0.103633530437946 6.88976383209229
-2.21456694602966 0.103633530437946 0
1 0 0
-2.21456694602966 0.103633530437946 0
-2.21456694602966 0.266896337270737 0
-2.21456694602966 0.266896337270737 6.88976383209229
1 0 0
-2.37860894203186 0.266896337270737 0
-2.37860894203186 -0.225229665637016 0
-2.37860894203186 -0.225229665637016 7.21784782409668
-1 0 0
-2.37860894203186 -0.225229665637016 7.21784782409668
-2.37860894203186 0.266896337270737 7.21784782409668
-2.37860894203186 0.266896337270737 0
-1 0 0
-2.21456694602966 -0.225229665637016 0
-2.21456694602966 -0.0637713223695755 0
-2.21456694602966 -0.0637713223695755 6.88976383209229
1 0 0
-2.21456694602966 -0.0637713223695755 6.88976383209229
-2.21456694602966 -0.225229665637016 6.88976383209229
-2.21456694602966 -0.225229665637016 0
1 0 0
-2.16248369216919 -0.0637713223695755 0
-2.16248369216919 0.103633530437946 0
-2.16248369216919 0.103633530437946 6.83768033981323
1 0 0
-2.16248369216919 0.103633530437946 6.83768033981323
-2.16248369216919 -0.0637713223695755 6.83768033981323
-2.16248369216919 -0.0637713223695755 0
1 0 0
2.37860894203186 0.266896337270737 7.21784782409668
-2.37860894203186 0.266896337270737 7.21784782409668
-2.37860894203186 -0.225229665637016 7.21784782409668
0 0 1
-2.37860894203186 -0.225229665637016 7.21784782409668
2.37860894203186 -0.225229665637016 7.21784782409668
2.37860894203186 0.266896337270737 7.21784782409668
0 0 1
-2.21456694602966 0.119258530437946 -3.28626015289046E-14
0.732939660549164 0.119258530437946 -3.28626015289046E-14
0.732939660549164 0.119258530437946 6.88976383209229
0 -1 0
0.732939660549164 0.119258530437946 6.88976383209229
-2.21456694602966 0.119258530437946 6.88976383209229
-2.21456694602966 0.119258530437946 -3.28626015289046E-14
0 -1 0
0.732939660549164 0.266896337270737 6.88976383209229
0.732939660549164 0.266896337270737 -3.28626015289046E-14
-2.21456694602966 0.266896337270737 -3.28626015289046E-14
0 1 0
-2.21456694602966 0.266896337270737 -3.28626015289046E-14
-2.21456694602966 0.266896337270737 6.88976383209229
0.732939660549164 0.266896337270737 6.88976383209229
0 1 0
-2.21456694602966 0.119258530437946 6.88976383209229
-2.21456694602966 0.266896337270737 6.88976383209229
-2.21456694602966 0.266896337270737 -3.28626015289046E-14
-1 0 0
-2.21456694602966 0.266896337270737 -3.28626015289046E-14
-2.21456694602966 0.119258530437946 -3.28626015289046E-14
-2.21456694602966 0.119258530437946 6.88976383209229
-1 0 0
-2.21456694602966 0.119258530437946 -3.28626015289046E-14
-2.21456694602966 0.266896337270737 -3.28626015289046E-14
0.732939660549164 0.266896337270737 -3.24185123190546E-14
1.50666063181544E-16 0 -1
0.732939660549164 0.266896337270737 -3.24185123190546E-14
0.732939660549164 0.119258530437946 -3.24185123190546E-14
-2.21456694602966 0.119258530437946 -3.28626015289046E-14
1.50666063181544E-16 0 -1
0.732939660549164 0.119258530437946 -3.28626015289046E-14
0.732939660549164 0.266896337270737 -3.28626015289046E-14
0.732939660549164 0.266896337270737 6.88976383209229
1 0 -6.44563767439516E-16
0.732939660549164 0.266896337270737 6.88976383209229
0.732939660549164 0.119258530437946 6.88976383209229
0.732939660549164 0.119258530437946 -3.28626015289046E-14
1 0 -6.44563767439516E-16
0.732939660549164 0.119258530437946 6.88976383209229
0.732939660549164 0.266896337270737 6.88976383209229
-2.21456694602966 0.266896337270737 6.88976383209229
-3.01332126363087E-16 0 1
-2.21456694602966 0.266896337270737 6.88976383209229
-2.21456694602966 0.119258530437946 6.88976383209229
0.732939660549164 0.119258530437946 6.88976383209229
-3.01332126363087E-16 0 1
[HEADER]
426437,M_Door-Passage-Single-Vision_Two_Lite 2,550
407.915987377631 202.996980631792 0
1
1.78613910428044E-15 1 0
-1 1.78613910428044E-15 0
0 0 1
1.64041996002197 -0.225229665637016 1.77635683940025E-15
1.47637796401978 0.103633530437946 1.77635683940025E-15
1.64041996002197 0.266896337270737 1.77635683940025E-15
0 0 -1
1.47637796401978 0.266896337270737 1.77635683940025E-15
1.64041996002197 0.266896337270737 1.77635683940025E-15
1.47637796401978 0.103633530437946 1.77635683940025E-15
0 0 -1
1.47637796401978 0.103633530437946 1.77635683940025E-15
1.47637796401978 -0.0637713223695755 1.77635683940025E-15
1.42429459095001 0.103633530437946 1.77635683940025E-15
0 0 -1
1.47637796401978 0.103633530437946 1.77635683940025E-15
1.64041996002197 -0.225229665637016 1.77635683940025E-15
1.47637796401978 -0.0637713223695755 1.77635683940025E-15
0 0 -1
1.47637796401978 -0.225229665637016 1.77635683940025E-15
1.47637796401978 -0.0637713223695755 1.77635683940025E-15
1.64041996002197 -0.225229665637016 1.77635683940025E-15
0 0 -1
1.42429459095001 0.103633530437946 1.77635683940025E-15
1.47637796401978 -0.0637713223695755 1.77635683940025E-15
1.42429459095001 -0.0637713223695755 1.77635683940025E-15
0 0 -1
1.47637796401978 0.103633530437946 0
1.47637796401978 0.103633530437946 6.88976383209229
1.47637796401978 0.266896337270737 6.88976383209229
-1 0 -9.66845651159278E-17
1.47637796401978 0.266896337270737 6.88976383209229
1.47637796401978 0.266896337270737 0
1.47637796401978 0.103633530437946 0
-1 0 -9.66845651159278E-17
-1.47637796401978 0.266896337270737 9.45349294028057E-24
-1.64041996002197 0.266896337270737 1.51255890199933E-23
-1.47637796401978 0.266896337270737 6.88976383209229
0 1 0
1.64041996002197 0.266896337270737 -5.67209568528225E-24
1.47637796401978 0.266896337270737 0
1.47637796401978 0.266896337270737 6.88976383209229
0 1 0
-1.47637796401978 0.266896337270737 6.88976383209229
-1.64041996002197 0.266896337270737 7.21784782409668
1.47637796401978 0.266896337270737 6.88976383209229
0 1 0
-1.64041996002197 0.266896337270737 7.21784782409668
-1.47637796401978 0.266896337270737 6.88976383209229
-1.64041996002197 0.266896337270737 1.51255890199933E-23
0 1 0
1.47637796401978 0.266896337270737 6.88976383209229
1.64041996002197 0.266896337270737 7.21784782409668
1.64041996002197 0.266896337270737 -5.67209568528225E-24
0 1 0
1.64041996002197 0.266896337270737 7.21784782409668
1.47637796401978 0.266896337270737 6.88976383209229
-1.64041996002197 0.266896337270737 7.21784782409668
0 1 0
1.64041996002197 0.266896337270737 0
1.64041996002197 0.266896337270737 7.21784782409668
1.64041996002197 -0.225229665637016 7.21784782409668
1 0 3.14786956191393E-17
1.64041996002197 -0.225229665637016 7.21784782409668
1.64041996002197 -0.225229665637016 0
1.64041996002197 0.266896337270737 0
1 0 3.14786956191393E-17
1.47637796401978 -0.225229665637016 2.46230507005482E-24
1.64041996002197 -0.225229665637016 1.32348898008484E-23
1.47637796401978 -0.225229665637016 6.88976383209229
0 -1 -7.86967390478482E-18
-1.64041996002197 -0.225229665637016 -3.693457407867E-24
-1.47637796401978 -0.225229665637016 -6.15576247792181E-24
-1.47637796401978 -0.225229665637016 6.88976383209229
0 -1 -7.86967390478482E-18
1.47637796401978 -0.225229665637016 6.88976383209229
1.64041996002197 -0.225229665637016 7.21784782409668
-1.47637796401978 -0.225229665637016 6.88976383209229
0 -1 -7.86967390478482E-18
1.64041996002197 -0.225229665637016 7.21784782409668
1.47637796401978 -0.225229665637016 6.88976383209229
1.64041996002197 -0.225229665637016 1.32348898008484E-23
0 -1 -7.86967390478482E-18
-1.47637796401978 -0.225229665637016 6.88976383209229
-1.64041996002197 -0.225229665637016 7.21784782409668
-1.64041996002197 -0.225229665637016 -3.693457407867E-24
0 -1 -7.86967390478482E-18
-1.64041996002197 -0.225229665637016 7.21784782409668
-1.47637796401978 -0.225229665637016 6.88976383209229
1.64041996002197 -0.225229665637016 7.21784782409668
0 -1 -7.86967390478482E-18
1.47637796401978 -0.225229665637016 0
1.47637796401978 -0.225229665637016 6.88976383209229
1.47637796401978 -0.0637713223695755 6.88976383209229
-1 0 -9.66845651159278E-17
1.47637796401978 -0.0637713223695755 6.88976383209229
1.47637796401978 -0.0637713223695755 0
1.47637796401978 -0.225229665637016 0
-1 0 -9.66845651159278E-17
1.42429459095001 -0.0637713223695755 9.37786484529704E-24
1.47637796401978 -0.0637713223695755 0
1.42429459095001 -0.0637713223695755 6.83768033981323
0 -1 -1.2085570639491E-17
-1.47637796401978 -0.0637713223695755 9.45349294028057E-24
-1.42429459095001 -0.0637713223695755 -1.31592617058649E-23
-1.42429459095001 -0.0637713223695755 6.83768033981323
0 -1 -1.2085570639491E-17
1.42429459095001 -0.0637713223695755 6.83768033981323
1.47637796401978 -0.0637713223695755 6.88976383209229
-1.42429459095001 -0.0637713223695755 6.83768033981323
0 -1 -1.2085570639491E-17
1.47637796401978 -0.0637713223695755 6.88976383209229
1.42429459095001 -0.0637713223695755 6.83768033981323
1.47637796401978 -0.0637713223695755 0
0 -1 -1.2085570639491E-17
-1.42429459095001 -0.0637713223695755 6.83768033981323
-1.47637796401978 -0.0637713223695755 6.88976383209229
-1.47637796401978 -0.0637713223695755 9.45349294028057E-24
0 -1 -1.2085570639491E-17
-1.47637796401978 -0.0637713223695755 6.88976383209229
-1.42429459095001 -0.0637713223695755 6.83768033981323
1.47637796401978 -0.0637713223695755 6.88976383209229
0 -1 -1.2085570639491E-17
1.42429459095001 -0.0637713223695755 0
1.42429459095001 -0.0637713223695755 6.83768033981323
1.42429459095001 0.103633530437946 6.83768033981323
-1 0 0
1.42429459095001 0.103633530437946 6.83768033981323
1.42429459095001 0.103633530437946 0
1.42429459095001 -0.0637713223695755 0
-1 0 0
-1.42429459095001 0.103633530437946 0
-1.47637796401978 0.103633530437946 0
-1.42429459095001 0.103633530437946 6.83768033981323
0 1 0
1.47637796401978 0.103633530437946 0
1.42429459095001 0.103633530437946 -1.32348898008484E-23
1.42429459095001 0.103633530437946 6.83768033981323
0 1 0
-1.42429459095001 0.103633530437946 6.83768033981323
-1.47637796401978 0.103633530437946 6.88976383209229
1.42429459095001 0.103633530437946 6.83768033981323
0 1 0
-1.47637796401978 0.103633530437946 6.88976383209229
-1.42429459095001 0.103633530437946 6.83768033981323
-1.47637796401978 0.103633530437946 0
0 1 0
1.42429459095001 0.103633530437946 6.83768033981323
1.47637796401978 0.103633530437946 6.88976383209229
1.47637796401978 0.103633530437946 0
0 1 0
1.47637796401978 0.103633530437946 6.88976383209229
1.42429459095001 0.103633530437946 6.83768033981323
-1.47637796401978 0.103633530437946 6.88976383209229
0 1 0
1.47637796401978 0.103633530437946 6.88976383209229
-1.47637796401978 0.103633530437946 6.88976383209229
-1.47637796401978 0.266896337270737 6.88976383209229
0 0 -1
-1.47637796401978 0.266896337270737 6.88976383209229
1.47637796401978 0.266896337270737 6.88976383209229
1.47637796401978 0.103633530437946 6.88976383209229
0 0 -1
-1.47637796401978 -0.225229665637016 6.88976383209229
-1.47637796401978 -0.0637713223695755 6.88976383209229
1.47637796401978 -0.0637713223695755 6.88976383209229
0 0 -1
1.47637796401978 -0.0637713223695755 6.88976383209229
1.47637796401978 -0.225229665637016 6.88976383209229
-1.47637796401978 -0.225229665637016 6.88976383209229
0 0 -1
-1.42429459095001 -0.0637713223695755 6.83768033981323
-1.42429459095001 0.103633530437946 6.83768033981323
1.42429459095001 0.103633530437946 6.83768033981323
0 0 -1
1.42429459095001 0.103633530437946 6.83768033981323
1.42429459095001 -0.0637713223695755 6.83768033981323
-1.42429459095001 -0.0637713223695755 6.83768033981323
0 0 -1
-1.64041996002197 0.266896337270737 0
-1.47637796401978 0.103633530437946 0
-1.64041996002197 -0.225229665637016 0
0 0 -1
-1.47637796401978 0.103633530437946 0
-1.64041996002197 0.266896337270737 0
-1.47637796401978 0.266896337270737 0
0 0 -1
-1.42429459095001 0.103633530437946 0
-1.47637796401978 -0.0637713223695755 0
-1.47637796401978 0.103633530437946 0
0 0 -1
-1.47637796401978 -0.0637713223695755 0
-1.64041996002197 -0.225229665637016 0
-1.47637796401978 0.103633530437946 0
0 0 -1
-1.64041996002197 -0.225229665637016 0
-1.47637796401978 -0.0637713223695755 0
-1.47637796401978 -0.225229665637016 0
0 0 -1
-1.42429459095001 -0.0637713223695755 0
-1.47637796401978 -0.0637713223695755 0
-1.42429459095001 0.103633530437946 0
0 0 -1
-1.47637796401978 0.266896337270737 6.88976383209229
-1.47637796401978 0.103633530437946 6.88976383209229
-1.47637796401978 0.103633530437946 0
1 0 -3.22281883719759E-17
-1.47637796401978 0.103633530437946 0
-1.47637796401978 0.266896337270737 0
-1.47637796401978 0.266896337270737 6.88976383209229
1 0 -3.22281883719759E-17
-1.64041996002197 0.266896337270737 0
-1.64041996002197 -0.225229665637016 0
-1.64041996002197 -0.225229665637016 7.21784782409668
-1 0 -3.14786956191393E-17
-1.64041996002197 -0.225229665637016 7.21784782409668
-1.64041996002197 0.266896337270737 7.21784782409668
-1.64041996002197 0.266896337270737 0
-1 0 -3.14786956191393E-17
-1.47637796401978 -0.225229665637016 0
-1.47637796401978 -0.0637713223695755 0
-1.47637796401978 -0.0637713223695755 6.88976383209229
1 0 -3.22281883719759E-17
-1.47637796401978 -0.0637713223695755 6.88976383209229
-1.47637796401978 -0.225229665637016 6.88976383209229
-1.47637796401978 -0.225229665637016 0
1 0 -3.22281883719759E-17
-1.42429459095001 -0.0637713223695755 0
-1.42429459095001 0.103633530437946 0
-1.42429459095001 0.103633530437946 6.83768033981323
1 0 -3.24736738828763E-17
-1.42429459095001 0.103633530437946 6.83768033981323
-1.42429459095001 -0.0637713223695755 6.83768033981323
-1.42429459095001 -0.0637713223695755 0
1 0 -3.24736738828763E-17
1.64041996002197 0.266896337270737 7.21784782409668
-1.64041996002197 0.266896337270737 7.21784782409668
-1.64041996002197 -0.225229665637016 7.21784782409668
0 0 1
-1.64041996002197 -0.225229665637016 7.21784782409668
1.64041996002197 -0.225229665637016 7.21784782409668
1.64041996002197 0.266896337270737 7.21784782409668
0 0 1
-1.47637796401978 0.119258530437946 6.88976383209229
-0.976377964019775 0.119258530437946 3.59333992004395
-0.976377964019775 0.119258530437946 6.38976383209229
0 -1 0
-0.976377964019775 0.119258530437946 3.59333992004395
-1.47637796401978 0.119258530437946 6.88976383209229
-1.47637796401978 0.119258530437946 -3.19744231092045E-14
0 -1 0
-1.47637796401978 0.119258530437946 6.88976383209229
-0.976377964019775 0.119258530437946 6.38976383209229
-0.559711277484894 0.119258530437946 6.38976383209229
0 -1 0
1.47637796401978 0.119258530437946 6.88976383209229
-0.559711277484894 0.119258530437946 6.38976383209229
-0.559711277484894 0.119258530437946 3.59333992004395
0 -1 0
-0.559711277484894 0.119258530437946 6.38976383209229
1.47637796401978 0.119258530437946 6.88976383209229
-1.47637796401978 0.119258530437946 6.88976383209229
0 -1 0
1.47637796401978 0.119258530437946 6.88976383209229
-0.559711277484894 0.119258530437946 3.59333992004395
1.47637796401978 0.119258530437946 -3.19744231092045E-14
0 -1 0
-0.976377964019775 0.119258530437946 3.59333992004395
-0.559711277484894 0.119258530437946 2.96833992004395
-0.559711277484894 0.119258530437946 3.59333992004395
0 -1 0
-0.976377964019775 0.119258530437946 2.96833992004395
-1.47637796401978 0.119258530437946 -3.19744231092045E-14
-0.976377964019775 0.119258530437946 0.833333313465118
0 -1 0
-1.47637796401978 0.119258530437946 -3.19744231092045E-14
-0.976377964019775 0.119258530437946 2.96833992004395
-0.976377964019775 0.119258530437946 3.59333992004395
0 -1 0
-0.976377964019775 0.119258530437946 0.833333313465118
-1.47637796401978 0.119258530437946 -3.19744231092045E-14
-0.559711277484894 0.119258530437946 0.833333313465118
0 -1 0
-0.559711277484894 0.119258530437946 2.96833992004395
-0.559711277484894 0.119258530437946 0.833333313465118
1.47637796401978 0.119258530437946 -3.19744231092045E-14
0 -1 0
1.47637796401978 0.119258530437946 -3.19744231092045E-14
-0.559711277484894 0.119258530437946 0.833333313465118
-1.47637796401978 0.119258530437946 -3.19744231092045E-14
0 -1 0
-0.559711277484894 0.119258530437946 2.96833992004395
1.47637796401978 0.119258530437946 -3.19744231092045E-14
-0.559711277484894 0.119258530437946 3.59333992004395
0 -1 0
-0.976377964019775 0.119258530437946 2.96833992004395
-0.559711277484894 0.119258530437946 2.96833992004395
-0.976377964019775 0.119258530437946 3.59333992004395
0 -1 0
-1.47637796401978 0.266896337270737 -3.19744231092045E-14
-0.976377964019775 0.266896337270737 2.96833992004395
-0.976377964019775 0.266896337270737 0.833333313465118
0 1 0
-0.976377964019775 0.266896337270737 2.96833992004395
-1.47637796401978 0.266896337270737 -3.19744231092045E-14
-0.976377964019775 0.266896337270737 3.59333992004395
0 1 0
-1.47637796401978 0.266896337270737 -3.19744231092045E-14
-0.976377964019775 0.266896337270737 0.833333313465118
-0.559711277484894 0.266896337270737 0.833333313465118
0 1 0
1.47637796401978 0.266896337270737 -3.19744231092045E-14
-0.559711277484894 0.266896337270737 0.833333313465118
-0.559711277484894 0.266896337270737 2.96833992004395
0 1 0
-0.559711277484894 0.266896337270737 0.833333313465118
1.47637796401978 0.266896337270737 -3.19744231092045E-14
-1.47637796401978 0.266896337270737 -3.19744231092045E-14
0 1 0
1.47637796401978 0.266896337270737 -3.19744231092045E-14
-0.559711277484894 0.266896337270737 2.96833992004395
-0.559711277484894 0.266896337270737 3.59333992004395
0 1 0
-0.976377964019775 0.266896337270737 2.96833992004395
-0.976377964019775 0.266896337270737 3.59333992004395
-0.559711277484894 0.266896337270737 2.96833992004395
0 1 0
-0.976377964019775 0.266896337270737 3.59333992004395
-1.47637796401978 0.266896337270737 6.88976383209229
-0.976377964019775 0.266896337270737 6.38976383209229
0 1 0
-1.47637796401978 0.266896337270737 6.88976383209229
-0.976377964019775 0.266896337270737 3.59333992004395
-1.47637796401978 0.266896337270737 -3.19744231092045E-14
0 1 0
-0.976377964019775 0.266896337270737 6.38976383209229
-1.47637796401978 0.266896337270737 6.88976383209229
-0.559711277484894 0.266896337270737 6.38976383209229
0 1 0
-0.559711277484894 0.266896337270737 3.59333992004395
-0.559711277484894 0.266896337270737 6.38976383209229
1.47637796401978 0.266896337270737 6.88976383209229
0 1 0
1.47637796401978 0.266896337270737 6.88976383209229
-0.559711277484894 0.266896337270737 6.38976383209229
-1.47637796401978 0.266896337270737 6.88976383209229
0 1 0
-0.559711277484894 0.266896337270737 3.59333992004395
1.47637796401978 0.266896337270737 6.88976383209229
1.47637796401978 0.266896337270737 -3.19744231092045E-14
0 1 0
-0.976377964019775 0.266896337270737 3.59333992004395
-0.559711277484894 0.266896337270737 3.59333992004395
-0.559711277484894 0.266896337270737 2.96833992004395
0 1 0
-1.47637796401978 0.119258530437946 6.88976383209229
-1.47637796401978 0.266896337270737 6.88976383209229
-1.47637796401978 0.266896337270737 -3.19744231092045E-14
-1 0 -3.22281883719758E-17
-1.47637796401978 0.266896337270737 -3.19744231092045E-14
-1.47637796401978 0.119258530437946 -3.19744231092045E-14
-1.47637796401978 0.119258530437946 6.88976383209229
-1 0 -3.22281883719758E-17
-1.47637796401978 0.119258530437946 -3.19744231092045E-14
-1.47637796401978 0.266896337270737 -3.19744231092045E-14
1.47637796401978 0.266896337270737 -3.24185123190546E-14
-1.50398212402555E-16 0 -1
1.47637796401978 0.266896337270737 -3.24185123190546E-14
1.47637796401978 0.119258530437946 -3.24185123190546E-14
-1.47637796401978 0.119258530437946 -3.19744231092045E-14
-1.50398212402555E-16 0 -1
1.47637796401978 0.119258530437946 -3.19744231092045E-14
1.47637796401978 0.266896337270737 -3.19744231092045E-14
1.47637796401978 0.266896337270737 6.88976383209229
1 0 3.22281883719758E-17
1.47637796401978 0.266896337270737 6.88976383209229
1.47637796401978 0.119258530437946 6.88976383209229
1.47637796401978 0.119258530437946 -3.19744231092045E-14
1 0 3.22281883719758E-17
1.47637796401978 0.119258530437946 6.88976383209229
1.47637796401978 0.266896337270737 6.88976383209229
-1.47637796401978 0.266896337270737 6.88976383209229
0 0 1
-1.47637796401978 0.266896337270737 6.88976383209229
-1.47637796401978 0.119258530437946 6.88976383209229
1.47637796401978 0.119258530437946 6.88976383209229
0 0 1
-0.976377964019775 0.119258530437946 6.38976383209229
-0.976377964019775 0.266896337270737 6.38976383209229
-0.559711277484894 0.266896337270737 6.38976383209229
0 0 -1
-0.559711277484894 0.266896337270737 6.38976383209229
-0.559711277484894 0.119258530437946 6.38976383209229
-0.976377964019775 0.119258530437946 6.38976383209229
0 0 -1
-0.559711277484894 0.119258530437946 6.38976383209229
-0.559711277484894 0.266896337270737 6.38976383209229
-0.559711277484894 0.266896337270737 3.59333992004395
-1 0 0
-0.559711277484894 0.266896337270737 3.59333992004395
-0.559711277484894 0.119258530437946 3.59333992004395
-0.559711277484894 0.119258530437946 6.38976383209229
-1 0 0
-0.559711277484894 0.119258530437946 3.59333992004395
-0.559711277484894 0.266896337270737 3.59333992004395
-0.976377964019775 0.266896337270737 3.59333992004395
0 0 1
-0.976377964019775 0.266896337270737 3.59333992004395
-0.976377964019775 0.119258530437946 3.59333992004395
-0.559711277484894 0.119258530437946 3.59333992004395
0 0 1
-0.976377964019775 0.119258530437946 3.59333992004395
-0.976377964019775 0.266896337270737 3.59333992004395
-0.976377964019775 0.266896337270737 6.38976383209229
1 0 0
-0.976377964019775 0.266896337270737 6.38976383209229
-0.976377964019775 0.119258530437946 6.38976383209229
-0.976377964019775 0.119258530437946 3.59333992004395
1 0 0
-0.976377964019775 0.119258530437946 2.96833992004395
-0.976377964019775 0.266896337270737 2.96833992004395
-0.559711277484894 0.266896337270737 2.96833992004395
0 0 -1
-0.559711277484894 0.266896337270737 2.96833992004395
-0.559711277484894 0.119258530437946 2.96833992004395
-0.976377964019775 0.119258530437946 2.96833992004395
0 0 -1
-0.559711277484894 0.119258530437946 2.96833992004395
-0.559711277484894 0.266896337270737 2.96833992004395
-0.559711277484894 0.266896337270737 0.833333313465118
-1 0 0
-0.559711277484894 0.266896337270737 0.833333313465118
-0.559711277484894 0.119258530437946 0.833333313465118
-0.559711277484894 0.119258530437946 2.96833992004395
-1 0 0
-0.559711277484894 0.119258530437946 0.833333313465118
-0.559711277484894 0.266896337270737 0.833333313465118
-0.976377964019775 0.266896337270737 0.833333313465118
0 0 1
-0.976377964019775 0.266896337270737 0.833333313465118
-0.976377964019775 0.119258530437946 0.833333313465118
-0.559711277484894 0.119258530437946 0.833333313465118
0 0 1
-0.976377964019775 0.119258530437946 0.833333313465118
-0.976377964019775 0.266896337270737 0.833333313465118
-0.976377964019775 0.266896337270737 2.96833992004395
1 0 0
-0.976377964019775 0.266896337270737 2.96833992004395
-0.976377964019775 0.119258530437946 2.96833992004395
-0.976377964019775 0.119258530437946 0.833333313465118
1 0 0
-0.559711277484894 0.184875324368477 6.38976383209229
-0.976377964019775 0.184875324368477 6.38976383209229
-0.976377964019775 0.184875324368477 3.59333992004395
-3.23172538725815E-15 -1 0
-0.976377964019775 0.184875324368477 3.59333992004395
-0.559711277484894 0.184875324368477 3.59333992004395
-0.559711277484894 0.184875324368477 6.38976383209229
-3.23172538725815E-15 -1 0
-0.559711277484894 0.184875324368477 2.96833992004395
-0.976377964019775 0.184875324368477 2.96833992004395
-0.976377964019775 0.184875324368477 0.833333313465118
-3.23172538725815E-15 -1 0
-0.976377964019775 0.184875324368477 0.833333313465118
-0.559711277484894 0.184875324368477 0.833333313465118
-0.559711277484894 0.184875324368477 2.96833992004395
-3.23172538725815E-15 -1 0
-0.559711277484894 0.201279520988464 3.59333992004395
-0.976377964019775 0.201279520988464 3.59333992004395
-0.976377964019775 0.201279520988464 6.38976383209229
3.23172538725815E-15 1 0
-0.976377964019775 0.201279520988464 6.38976383209229
-0.559711277484894 0.201279520988464 6.38976383209229
-0.559711277484894 0.201279520988464 3.59333992004395
3.23172538725815E-15 1 0
-0.559711277484894 0.201279520988464 0.833333313465118
-0.976377964019775 0.201279520988464 0.833333313465118
-0.976377964019775 0.201279520988464 2.96833992004395
3.23172538725815E-15 1 0
-0.976377964019775 0.201279520988464 2.96833992004395
-0.559711277484894 0.201279520988464 2.96833992004395
-0.559711277484894 0.201279520988464 0.833333313465118
3.23172538725815E-15 1 0
-0.976377964019775 0.184875324368477 6.38976383209229
-0.976377964019775 0.201279520988464 6.38976383209229
-0.976377964019775 0.201279520988464 3.59333992004395
-1 0 0
-0.976377964019775 0.201279520988464 3.59333992004395
-0.976377964019775 0.184875324368477 3.59333992004395
-0.976377964019775 0.184875324368477 6.38976383209229
-1 0 0
-0.976377964019775 0.184875324368477 3.59333992004395
-0.976377964019775 0.201279520988464 3.59333992004395
-0.559711277484894 0.201279520988464 3.59333992004395
0 0 -1
-0.559711277484894 0.201279520988464 3.59333992004395
-0.559711277484894 0.184875324368477 3.59333992004395
-0.976377964019775 0.184875324368477 3.59333992004395
0 0 -1
-0.559711277484894 0.184875324368477 3.59333992004395
-0.559711277484894 0.201279520988464 3.59333992004395
-0.559711277484894 0.201279520988464 6.38976383209229
1 0 0
-0.559711277484894 0.201279520988464 6.38976383209229
-0.559711277484894 0.184875324368477 6.38976383209229
-0.559711277484894 0.184875324368477 3.59333992004395
1 0 0
-0.559711277484894 0.184875324368477 6.38976383209229
-0.559711277484894 0.201279520988464 6.38976383209229
-0.976377964019775 0.201279520988464 6.38976383209229
0 0 1
-0.976377964019775 0.201279520988464 6.38976383209229
-0.976377964019775 0.184875324368477 6.38976383209229
-0.559711277484894 0.184875324368477 6.38976383209229
0 0 1
-0.976377964019775 0.184875324368477 2.96833992004395
-0.976377964019775 0.201279520988464 2.96833992004395
-0.976377964019775 0.201279520988464 0.833333313465118
-1 0 0
-0.976377964019775 0.201279520988464 0.833333313465118
-0.976377964019775 0.184875324368477 0.833333313465118
-0.976377964019775 0.184875324368477 2.96833992004395
-1 0 0
-0.976377964019775 0.184875324368477 0.833333313465118
-0.976377964019775 0.201279520988464 0.833333313465118
-0.559711277484894 0.201279520988464 0.833333313465118
0 0 -1
-0.559711277484894 0.201279520988464 0.833333313465118
-0.559711277484894 0.184875324368477 0.833333313465118
-0.976377964019775 0.184875324368477 0.833333313465118
0 0 -1
-0.559711277484894 0.184875324368477 0.833333313465118
-0.559711277484894 0.201279520988464 0.833333313465118
-0.559711277484894 0.201279520988464 2.96833992004395
1 0 0
-0.559711277484894 0.201279520988464 2.96833992004395
-0.559711277484894 0.184875324368477 2.96833992004395
-0.559711277484894 0.184875324368477 0.833333313465118
1 0 0
-0.559711277484894 0.184875324368477 2.96833992004395
-0.559711277484894 0.201279520988464 2.96833992004395
-0.976377964019775 0.201279520988464 2.96833992004395
0 0 1
-0.976377964019775 0.201279520988464 2.96833992004395
-0.976377964019775 0.184875324368477 2.96833992004395
-0.559711277484894 0.184875324368477 2.96833992004395
0 0 1
[HEADER]
426438,M_Door-Passage-Single-Vision_Two_Lite 2,6
407.915987377631 216.168742410539 0
1
1.78613910428044E-15 1 0
-1 1.78613910428044E-15 0
0 0 1
[HEADER]
426439,M_Door-Passage-Single-Vision_Two_Lite 2,6
407.915987377631 224.650523938879 0
1
1.78613910428044E-15 1 0
-1 1.78613910428044E-15 0
0 0 1
[HEADER]
426440,M_Door-Passage-Single-Vision_Two_Lite 2,6
407.915987377631 237.836970833003 0
1
1.78613910428044E-15 1 0
-1 1.78613910428044E-15 0
0 0 1
[HEADER]
426441,M_Door-Passage-Single-Vision_Two_Lite 2,6
407.915987377631 246.367154560037 0
1
1.78613910428044E-15 1 0
-1 1.78613910428044E-15 0
0 0 1
[HEADER]
426442,M_Door-Passage-Single-Vision_Two_Lite 2,6
407.915987377631 259.49051414009 0
1
1.78613910428044E-15 1 0
-1 1.78613910428044E-15 0
0 0 1
[HEADER]
426443,M_Door-Passage-Single-Vision_Two_Lite 2,6
407.915987377631 267.995340205319 0
1
1.78613910428044E-15 1 0
-1 1.78613910428044E-15 0
0 0 1
[HEADER]
426444,M_Door-Passage-Single-Vision_Two_Lite 2,6
407.915987377631 281.118699785372 0
1
1.78613910428044E-15 1 0
-1 1.78613910428044E-15 0
0 0 1
[HEADER]
426445,M_Door-Passage-Single-Vision_Two_Lite 2,6
407.915987377631 289.61115386014 0
1
1.78613910428044E-15 1 0
-1 1.78613910428044E-15 0
0 0 1
[HEADER]
426446,M_Door-Passage-Single-Vision_Two_Lite 2,6
407.915987377631 302.772243092458 0
1
1.78613910428044E-15 1 0
-1 1.78613910428044E-15 0
0 0 1
[HEADER]
426447,0762 x 2134mm,278
411.504077928812 300.80373915545 0
1
-1 0 0
0 -1 0
0 0 1
-1.49934387207031 0.410104990005493 7.25065612792969
-1.25 0.410104990005493 7.00131225585938
-1.49934387207031 0.410104990005493 0
-1.86407339295249E-15 1 0
-1.25 0.410104990005493 7.00131225585938
-1.49934387207031 0.410104990005493 7.25065612792969
1.25 0.410104990005493 7.00131225585938
-1.86407339295249E-15 1 0
-1.25 0.410104990005493 0
-1.49934387207031 0.410104990005493 0
-1.25 0.410104990005493 7.00131225585938
-1.86407339295249E-15 1 0
1.25 0.410104990005493 7.00131225585938
1.49934387207031 0.410104990005493 7.25065612792969
1.49934387207031 0.410104990005493 0
-1.86407339295249E-15 1 0
1.49934387207031 0.410104990005493 7.25065612792969
1.25 0.410104990005493 7.00131225585938
-1.49934387207031 0.410104990005493 7.25065612792969
-1.86407339295249E-15 1 0
1.49934387207031 0.410104990005493 0
1.25 0.410104990005493 0
1.25 0.410104990005493 7.00131225585938
-1.86407339295249E-15 1 0
1.49934387207031 0.328083992004395 7.25065612792969
1.25 0.328083992004395 7.00131225585938
1.49934387207031 0.328083992004395 0
1.86407339295249E-15 -1 0
1.25 0.328083992004395 7.00131225585938
1.49934387207031 0.328083992004395 7.25065612792969
-1.25 0.328083992004395 7.00131225585938
1.86407339295249E-15 -1 0
1.25 0.328083992004395 0
1.49934387207031 0.328083992004395 0
1.25 0.328083992004395 7.00131225585938
1.86407339295249E-15 -1 0
-1.25 0.328083992004395 7.00131225585938
-1.49934387207031 0.328083992004395 7.25065612792969
-1.49934387207031 0.328083992004395 0
1.86407339295249E-15 -1 0
-1.49934387207031 0.328083992004395 7.25065612792969
-1.25 0.328083992004395 7.00131225585938
1.49934387207031 0.328083992004395 7.25065612792969
1.86407339295249E-15 -1 0
-1.49934387207031 0.328083992004395 0
-1.25 0.328083992004395 0
-1.25 0.328083992004395 7.00131225585938
1.86407339295249E-15 -1 0
-1.49934387207031 0.410104990005493 7.25065612792969
-1.49934387207031 0.328083992004395 7.25065612792969
1.49934387207031 0.328083992004395 7.25065612792969
0 0 1
1.49934387207031 0.328083992004395 7.25065612792969
1.49934387207031 0.410104990005493 7.25065612792969
-1.49934387207031 0.410104990005493 7.25065612792969
0 0 1
1.49934387207031 0.410104990005493 7.25065612792969
1.49934387207031 0.328083992004395 7.25065612792969
1.49934387207031 0.328083992004395 0
1 2.70716782324658E-15 0
1.49934387207031 0.328083992004395 0
1.49934387207031 0.410104990005493 0
1.49934387207031 0.410104990005493 7.25065612792969
1 2.70716782324658E-15 0
1.49934387207031 0.410104990005493 0
1.49934387207031 0.328083992004395 0
1.25 0.328083992004395 0
0 0 -1
1.25 0.328083992004395 0
1.25 0.410104990005493 0
1.49934387207031 0.410104990005493 0
0 0 -1
1.25 0.410104990005493 0
1.25 0.328083992004395 0
1.25 0.328083992004395 7.00131225585938
-1 -2.70716782324658E-15 0
1.25 0.328083992004395 7.00131225585938
1.25 0.410104990005493 7.00131225585938
1.25 0.410104990005493 0
-1 -2.70716782324658E-15 0
1.25 0.410104990005493 7.00131225585938
1.25 0.328083992004395 7.00131225585938
-1.25 0.328083992004395 7.00131225585938
0 0 -1
-1.25 0.328083992004395 7.00131225585938
-1.25 0.410104990005493 7.00131225585938
1.25 0.410104990005493 7.00131225585938
0 0 -1
-1.25 0.410104990005493 7.00131225585938
-1.25 0.328083992004395 7.00131225585938
-1.25 0.328083992004395 0
1 2.70716782324658E-15 0
-1.25 0.328083992004395 0
-1.25 0.410104990005493 0
-1.25 0.410104990005493 7.00131225585938
1 2.70716782324658E-15 0
-1.25 0.410104990005493 0
-1.25 0.328083992004395 0
-1.49934387207031 0.328083992004395 0
0 0 -1
-1.49934387207031 0.328083992004395 0
-1.49934387207031 0.410104990005493 0
-1.25 0.410104990005493 0
0 0 -1
-1.49934387207031 0.410104990005493 0
-1.49934387207031 0.328083992004395 0
-1.49934387207031 0.328083992004395 7.25065612792969
-1 -2.70716782324658E-15 0
-1.49934387207031 0.328083992004395 7.25065612792969
-1.49934387207031 0.410104990005493 7.25065612792969
-1.49934387207031 0.410104990005493 0
-1 -2.70716782324658E-15 0
1.49934387207031 -0.410104990005493 7.25065612792969
1.25 -0.410104990005493 7.00131225585938
1.49934387207031 -0.410104990005493 0
1.86407339295249E-15 -1 0
1.25 -0.410104990005493 7.00131225585938
1.49934387207031 -0.410104990005493 7.25065612792969
-1.25 -0.410104990005493 7.00131225585938
1.86407339295249E-15 -1 0
1.25 -0.410104990005493 0
1.49934387207031 -0.410104990005493 0
1.25 -0.410104990005493 7.00131225585938
1.86407339295249E-15 -1 0
-1.25 -0.410104990005493 7.00131225585938
-1.49934387207031 -0.410104990005493 7.25065612792969
-1.49934387207031 -0.410104990005493 0
1.86407339295249E-15 -1 0
-1.49934387207031 -0.410104990005493 7.25065612792969
-1.25 -0.410104990005493 7.00131225585938
1.49934387207031 -0.410104990005493 7.25065612792969
1.86407339295249E-15 -1 0
-1.49934387207031 -0.410104990005493 0
-1.25 -0.410104990005493 0
-1.25 -0.410104990005493 7.00131225585938
1.86407339295249E-15 -1 0
-1.49934387207031 -0.328083992004395 7.25065612792969
-1.25 -0.328083992004395 7.00131225585938
-1.49934387207031 -0.328083992004395 0
-1.86407339295249E-15 1 0
-1.25 -0.328083992004395 7.00131225585938
-1.49934387207031 -0.328083992004395 7.25065612792969
1.25 -0.328083992004395 7.00131225585938
-1.86407339295249E-15 1 0
-1.25 -0.328083992004395 0
-1.49934387207031 -0.328083992004395 0
-1.25 -0.328083992004395 7.00131225585938
-1.86407339295249E-15 1 0
1.25 -0.328083992004395 7.00131225585938
1.49934387207031 -0.328083992004395 7.25065612792969
1.49934387207031 -0.328083992004395 0
-1.86407339295249E-15 1 0
1.49934387207031 -0.328083992004395 7.25065612792969
1.25 -0.328083992004395 7.00131225585938
-1.49934387207031 -0.328083992004395 7.25065612792969
-1.86407339295249E-15 1 0
1.49934387207031 -0.328083992004395 0
1.25 -0.328083992004395 0
1.25 -0.328083992004395 7.00131225585938
-1.86407339295249E-15 1 0
1.49934387207031 -0.410104990005493 7.25065612792969
1.49934387207031 -0.328083992004395 7.25065612792969
-1.49934387207031 -0.328083992004395 7.25065612792969
0 0 1
-1.49934387207031 -0.328083992004395 7.25065612792969
-1.49934387207031 -0.410104990005493 7.25065612792969
1.49934387207031 -0.410104990005493 7.25065612792969
0 0 1
-1.49934387207031 -0.410104990005493 7.25065612792969
-1.49934387207031 -0.328083992004395 7.25065612792969
-1.49934387207031 -0.328083992004395 0
-1 -2.70716782324538E-15 0
-1.49934387207031 -0.328083992004395 0
-1.49934387207031 -0.410104990005493 0
-1.49934387207031 -0.410104990005493 7.25065612792969
-1 -2.70716782324538E-15 0
-1.49934387207031 -0.410104990005493 0
-1.49934387207031 -0.328083992004395 0
-1.25 -0.328083992004395 0
0 0 -1
-1.25 -0.328083992004395 0
-1.25 -0.410104990005493 0
-1.49934387207031 -0.410104990005493 0
0 0 -1
-1.25 -0.410104990005493 0
-1.25 -0.328083992004395 0
-1.25 -0.328083992004395 7.00131225585938
1 2.70716782324538E-15 0
-1.25 -0.328083992004395 7.00131225585938
-1.25 -0.410104990005493 7.00131225585938
-1.25 -0.410104990005493 0
1 2.70716782324538E-15 0
-1.25 -0.410104990005493 7.00131225585938
-1.25 -0.328083992004395 7.00131225585938
1.25 -0.328083992004395 7.00131225585938
0 0 -1
1.25 -0.328083992004395 7.00131225585938
1.25 -0.410104990005493 7.00131225585938
-1.25 -0.410104990005493 7.00131225585938
0 0 -1
1.25 -0.410104990005493 7.00131225585938
1.25 -0.328083992004395 7.00131225585938
1.25 -0.328083992004395 0
-1 -2.70716782324538E-15 0
1.25 -0.328083992004395 0
1.25 -0.410104990005493 0
1.25 -0.410104990005493 7.00131225585938
-1 -2.70716782324538E-15 0
1.25 -0.410104990005493 0
1.25 -0.328083992004395 0
1.49934387207031 -0.328083992004395 0
0 0 -1
1.49934387207031 -0.328083992004395 0
1.49934387207031 -0.410104990005493 0
1.25 -0.410104990005493 0
0 0 -1
1.49934387207031 -0.410104990005493 0
1.49934387207031 -0.328083992004395 0
1.49934387207031 -0.328083992004395 7.25065612792969
1 2.70716782324538E-15 0
1.49934387207031 -0.328083992004395 7.25065612792969
1.49934387207031 -0.410104990005493 7.25065612792969
1.49934387207031 -0.410104990005493 0
1 2.70716782324538E-15 0
-1.25 0.160761147737503 7.00131225585938
-1.25 0.160761147737503 0
1.25 0.160761147737503 0
0 -1 0
1.25 0.160761147737503 0
1.25 0.160761147737503 7.00131225585938
-1.25 0.160761147737503 7.00131225585938
0 -1 0
1.25 0.328083992004395 0
-1.25 0.328083992004395 0
-1.25 0.328083992004395 7.00131225585938
0 1 0
-1.25 0.328083992004395 7.00131225585938
1.25 0.328083992004395 7.00131225585938
1.25 0.328083992004395 0
0 1 0
1.25 0.160761147737503 7.00131225585938
1.25 0.328083992004395 7.00131225585938
-1.25 0.328083992004395 7.00131225585938
0 0 1
-1.25 0.328083992004395 7.00131225585938
-1.25 0.160761147737503 7.00131225585938
1.25 0.160761147737503 7.00131225585938
0 0 1
-1.25 0.160761147737503 7.00131225585938
-1.25 0.328083992004395 7.00131225585938
-1.25 0.328083992004395 0
-1 0 0
-1.25 0.328083992004395 0
-1.25 0.160761147737503 0
-1.25 0.160761147737503 7.00131225585938
-1 0 0
-1.25 0.160761147737503 0
-1.25 0.328083992004395 0
1.25 0.328083992004395 0
0 0 -1
1.25 0.328083992004395 0
1.25 0.160761147737503 0
-1.25 0.160761147737503 0
0 0 -1
1.25 0.160761147737503 0
1.25 0.328083992004395 0
1.25 0.328083992004395 7.00131225585938
1 0 0
1.25 0.328083992004395 7.00131225585938
1.25 0.160761147737503 7.00131225585938
1.25 0.160761147737503 0
1 0 0
[HEADER]
426448,0762 x 2134mm,6
411.504077928812 291.579657797148 0
1
1 0 0
0 1 0
0 0 1
[HEADER]
426449,0762 x 2134mm,6
411.504077928812 279.150195848364 0
1
-1 0 0
0 -1 0
0 0 1
[HEADER]
426450,0762 x 2134mm,6
411.504077928812 269.963844142327 0
1
1 0 0
0 1 0
0 0 1
[HEADER]
426451,0762 x 2134mm,6
411.471269527282 257.522010203082 0
1
-1 0 0
0 -1 0
0 0 1
[HEADER]
426452,0762 x 2134mm,6
411.471269527282 248.335658497045 0
1
1 -5.12599824758409E-15 0
5.12599824758409E-15 1 0
0 0 1
[HEADER]
426453,0762 x 2134mm,6
411.504077928812 235.868466895995 0
1
-1 5.11010160988298E-15 0
-5.11010160988298E-15 -1 0
0 0 1
[HEADER]
426454,0762 x 2134mm,6
411.504077928812 226.619027875887 0
1
1 -5.09584531434539E-15 0
5.09584531434539E-15 1 0
0 0 1
[HEADER]
426455,0762 x 2134mm,6
411.471269527282 214.200238473531 0
1
-1 5.12599824758404E-15 0
-5.12599824758404E-15 -1 0
0 0 1
[HEADER]
426456,0762 x 2134mm,6
411.471269527282 204.9654845688 0
1
1 -5.12599824758404E-15 0
5.12599824758404E-15 1 0
0 0 1
[HEADER]
426457,0762 x 2134mm,6
413.913833138765 187.910038367016 0
1
1 -2.66962620544914E-15 0
2.66962620544914E-15 1 0
0 0 1
[HEADER]
426458,0762 x 2134mm,6
407.895154044297 186.179395322396 0
1
-1.78613910428044E-15 -1 0
1 -1.78613910428044E-15 0
0 0 1
[HEADER]
426459,M_Door-Passage-Double-Flush,342
411.389248598907 155.417748340769 0
1
-1 3.21014931764825E-15 0
-3.21014931764825E-15 -1 0
0 0 1
3.11679792404175 -0.225229665637016 8.88178419700125E-16
2.95275592803955 0.103633530437946 8.88178419700125E-16
3.11679792404175 0.266896337270737 8.88178419700125E-16
0 0 -1
2.95275592803955 0.266896337270737 8.88178419700125E-16
3.11679792404175 0.266896337270737 8.88178419700125E-16
2.95275592803955 0.103633530437946 8.88178419700125E-16
0 0 -1
2.95275592803955 0.103633530437946 8.88178419700125E-16
2.95275592803955 -0.0637713223695755 8.88178419700125E-16
2.90067267417908 0.103633530437946 8.88178419700125E-16
0 0 -1
2.95275592803955 0.103633530437946 8.88178419700125E-16
3.11679792404175 -0.225229665637016 8.88178419700125E-16
2.95275592803955 -0.0637713223695755 8.88178419700125E-16
0 0 -1
2.95275592803955 -0.225229665637016 8.88178419700125E-16
2.95275592803955 -0.0637713223695755 8.88178419700125E-16
3.11679792404175 -0.225229665637016 8.88178419700125E-16
0 0 -1
2.90067267417908 0.103633530437946 8.88178419700125E-16
2.95275592803955 -0.0637713223695755 8.88178419700125E-16
2.90067267417908 -0.0637713223695755 8.88178419700125E-16
0 0 -1
2.95275592803955 0.103633530437946 0
2.95275592803955 0.103633530437946 6.88976383209229
2.95275592803955 0.266896337270737 6.88976383209229
-1 0 -6.44563767439519E-17
2.95275592803955 0.266896337270737 6.88976383209229
2.95275592803955 0.266896337270737 0
2.95275592803955 0.103633530437946 0
-1 0 -6.44563767439519E-17
-2.95275592803955 0.266896337270737 3.78139764942877E-24
-3.11679792404175 0.266896337270737 3.1511646421189E-24
-2.95275592803955 0.266896337270737 6.88976383209229
0 1 -8.05704709299398E-18
3.11679792404175 0.266896337270737 -1.26046569907538E-23
2.95275592803955 0.266896337270737 -1.32348898008484E-23
2.95275592803955 0.266896337270737 6.88976383209229
0 1 -8.05704709299398E-18
-2.95275592803955 0.266896337270737 6.88976383209229
-3.11679792404175 0.266896337270737 7.21784782409668
2.95275592803955 0.266896337270737 6.88976383209229
0 1 -8.05704709299398E-18
-3.11679792404175 0.266896337270737 7.21784782409668
-2.95275592803955 0.266896337270737 6.88976383209229
-3.11679792404175 0.266896337270737 3.1511646421189E-24
0 1 -8.05704709299398E-18
2.95275592803955 0.266896337270737 6.88976383209229
3.11679792404175 0.266896337270737 7.21784782409668
3.11679792404175 0.266896337270737 -1.26046569907538E-23
0 1 -8.05704709299398E-18
3.11679792404175 0.266896337270737 7.21784782409668
2.95275592803955 0.266896337270737 6.88976383209229
-3.11679792404175 0.266896337270737 7.21784782409668
0 1 -8.05704709299398E-18
3.11679792404175 0.266896337270737 0
3.11679792404175 0.266896337270737 7.21784782409668
3.11679792404175 -0.225229665637016 7.21784782409668
1 0 0
3.11679792404175 -0.225229665637016 7.21784782409668
3.11679792404175 -0.225229665637016 0
3.11679792404175 0.266896337270737 0
1 0 0
2.95275592803955 -0.225229665637016 -1.32348898008484E-23
3.11679792404175 -0.225229665637016 0
2.95275592803955 -0.225229665637016 6.88976383209229
0 -1 1.57393478095696E-17
-3.11679792404175 -0.225229665637016 0
-2.95275592803955 -0.225229665637016 1.32348898008484E-23
-2.95275592803955 -0.225229665637016 6.88976383209229
0 -1 1.57393478095696E-17
2.95275592803955 -0.225229665637016 6.88976383209229
3.11679792404175 -0.225229665637016 7.21784782409668
-2.95275592803955 -0.225229665637016 6.88976383209229
0 -1 1.57393478095696E-17
3.11679792404175 -0.225229665637016 7.21784782409668
2.95275592803955 -0.225229665637016 6.88976383209229
3.11679792404175 -0.225229665637016 0
0 -1 1.57393478095696E-17
-2.95275592803955 -0.225229665637016 6.88976383209229
-3.11679792404175 -0.225229665637016 7.21784782409668
-3.11679792404175 -0.225229665637016 0
0 -1 1.57393478095696E-17
-3.11679792404175 -0.225229665637016 7.21784782409668
-2.95275592803955 -0.225229665637016 6.88976383209229
3.11679792404175 -0.225229665637016 7.21784782409668
0 -1 1.57393478095696E-17
2.95275592803955 -0.225229665637016 0
2.95275592803955 -0.225229665637016 6.88976383209229
2.95275592803955 -0.0637713223695755 6.88976383209229
-1 0 -6.44563767439519E-17
2.95275592803955 -0.0637713223695755 6.88976383209229
2.95275592803955 -0.0637713223695755 0
2.95275592803955 -0.225229665637016 0
-1 0 -6.44563767439519E-17
2.90067267417908 -0.0637713223695755 6.25191002834151E-24
2.95275592803955 -0.0637713223695755 0
2.90067267417908 -0.0637713223695755 6.83768033981323
0 -1 8.05704709299398E-18
-2.95275592803955 -0.0637713223695755 1.70162866614163E-23
-2.90067267417908 -0.0637713223695755 -1.57054017853307E-23
-2.90067267417908 -0.0637713223695755 6.83768033981323
0 -1 8.05704709299398E-18
2.90067267417908 -0.0637713223695755 6.83768033981323
2.95275592803955 -0.0637713223695755 6.88976383209229
-2.90067267417908 -0.0637713223695755 6.83768033981323
0 -1 8.05704709299398E-18
2.95275592803955 -0.0637713223695755 6.88976383209229
2.90067267417908 -0.0637713223695755 6.83768033981323
2.95275592803955 -0.0637713223695755 0
0 -1 8.05704709299398E-18
-2.90067267417908 -0.0637713223695755 6.83768033981323
-2.95275592803955 -0.0637713223695755 6.88976383209229
-2.95275592803955 -0.0637713223695755 1.70162866614163E-23
0 -1 8.05704709299398E-18
-2.95275592803955 -0.0637713223695755 6.88976383209229
-2.90067267417908 -0.0637713223695755 6.83768033981323
2.95275592803955 -0.0637713223695755 6.88976383209229
0 -1 8.05704709299398E-18
2.90067267417908 -0.0637713223695755 0
2.90067267417908 -0.0637713223695755 6.83768033981323
2.90067267417908 0.103633530437946 6.83768033981323
-1 0 -6.49473477657525E-17
2.90067267417908 0.103633530437946 6.83768033981323
2.90067267417908 0.103633530437946 0
2.90067267417908 -0.0637713223695755 0
-1 0 -6.49473477657525E-17
-2.90067267417908 0.103633530437946 6.02805457483649E-24
-2.95275592803955 0.103633530437946 -2.55521513531948E-24
-2.90067267417908 0.103633530437946 6.83768033981323
0 1 0
2.95275592803955 0.103633530437946 -4.65161969626202E-24
2.90067267417908 0.103633530437946 0
2.90067267417908 0.103633530437946 6.83768033981323
0 1 0
-2.90067267417908 0.103633530437946 6.83768033981323
-2.95275592803955 0.103633530437946 6.88976383209229
2.90067267417908 0.103633530437946 6.83768033981323
0 1 0
-2.95275592803955 0.103633530437946 6.88976383209229
-2.90067267417908 0.103633530437946 6.83768033981323
-2.95275592803955 0.103633530437946 -2.55521513531948E-24
0 1 0
2.90067267417908 0.103633530437946 6.83768033981323
2.95275592803955 0.103633530437946 6.88976383209229
2.95275592803955 0.103633530437946 -4.65161969626202E-24
0 1 0
2.95275592803955 0.103633530437946 6.88976383209229
2.90067267417908 0.103633530437946 6.83768033981323
-2.95275592803955 0.103633530437946 6.88976383209229
0 1 0
2.95275592803955 0.103633530437946 6.88976383209229
-2.95275592803955 0.103633530437946 6.88976383209229
-2.95275592803955 0.266896337270737 6.88976383209229
0 0 -1
-2.95275592803955 0.266896337270737 6.88976383209229
2.95275592803955 0.266896337270737 6.88976383209229
2.95275592803955 0.103633530437946 6.88976383209229
0 0 -1
-2.95275592803955 -0.225229665637016 6.88976383209229
-2.95275592803955 -0.0637713223695755 6.88976383209229
2.95275592803955 -0.0637713223695755 6.88976383209229
0 0 -1
2.95275592803955 -0.0637713223695755 6.88976383209229
2.95275592803955 -0.225229665637016 6.88976383209229
-2.95275592803955 -0.225229665637016 6.88976383209229
0 0 -1
-2.90067267417908 -0.0637713223695755 6.83768033981323
-2.90067267417908 0.103633530437946 6.83768033981323
2.90067267417908 0.103633530437946 6.83768033981323
0 0 -1
2.90067267417908 0.103633530437946 6.83768033981323
2.90067267417908 -0.0637713223695755 6.83768033981323
-2.90067267417908 -0.0637713223695755 6.83768033981323
0 0 -1
-3.11679792404175 0.266896337270737 0
-2.95275592803955 0.103633530437946 0
-3.11679792404175 -0.225229665637016 0
0 0 -1
-2.95275592803955 0.103633530437946 0
-3.11679792404175 0.266896337270737 0
-2.95275592803955 0.266896337270737 0
0 0 -1
-2.90067267417908 0.103633530437946 0
-2.95275592803955 -0.0637713223695755 0
-2.95275592803955 0.103633530437946 0
0 0 -1
-2.95275592803955 -0.0637713223695755 0
-3.11679792404175 -0.225229665637016 0
-2.95275592803955 0.103633530437946 0
0 0 -1
-3.11679792404175 -0.225229665637016 0
-2.95275592803955 -0.0637713223695755 0
-2.95275592803955 -0.225229665637016 0
0 0 -1
-2.90067267417908 -0.0637713223695755 0
-2.95275592803955 -0.0637713223695755 0
-2.90067267417908 0.103633530437946 0
0 0 -1
-2.95275592803955 0.266896337270737 6.88976383209229
-2.95275592803955 0.103633530437946 6.88976383209229
-2.95275592803955 0.103633530437946 0
1 0 0
-2.95275592803955 0.103633530437946 0
-2.95275592803955 0.266896337270737 0
-2.95275592803955 0.266896337270737 6.88976383209229
1 0 0
-3.11679792404175 0.266896337270737 0
-3.11679792404175 -0.225229665637016 0
-3.11679792404175 -0.225229665637016 7.21784782409668
-1 0 0
-3.11679792404175 -0.225229665637016 7.21784782409668
-3.11679792404175 0.266896337270737 7.21784782409668
-3.11679792404175 0.266896337270737 0
-1 0 0
-2.95275592803955 -0.225229665637016 0
-2.95275592803955 -0.0637713223695755 0
-2.95275592803955 -0.0637713223695755 6.88976383209229
1 0 0
-2.95275592803955 -0.0637713223695755 6.88976383209229
-2.95275592803955 -0.225229665637016 6.88976383209229
-2.95275592803955 -0.225229665637016 0
1 0 0
-2.90067267417908 -0.0637713223695755 0
-2.90067267417908 0.103633530437946 0
-2.90067267417908 0.103633530437946 6.83768033981323
1 0 0
-2.90067267417908 0.103633530437946 6.83768033981323
-2.90067267417908 -0.0637713223695755 6.83768033981323
-2.90067267417908 -0.0637713223695755 0
1 0 0
3.11679792404175 0.266896337270737 7.21784782409668
-3.11679792404175 0.266896337270737 7.21784782409668
-3.11679792404175 -0.225229665637016 7.21784782409668
0 0 1
-3.11679792404175 -0.225229665637016 7.21784782409668
3.11679792404175 -0.225229665637016 7.21784782409668
3.11679792404175 0.266896337270737 7.21784782409668
0 0 1
2.95275592803955 0.119258530437946 6.88976383209229
0.00520833348855376 0.119258530437946 6.88976383209229
2.95275592803955 0.119258530437946 -3.28626015289046E-14
0 -1 0
0.00520833348855376 0.119258530437946 -3.28626015289046E-14
2.95275592803955 0.119258530437946 -3.28626015289046E-14
0.00520833348855376 0.119258530437946 6.88976383209229
0 -1 0
-0.00520833348855376 0.119258530437946 6.88976383209229
-2.95275592803955 0.119258530437946 6.88976383209229
-0.00520833348855376 0.119258530437946 -3.19744231092045E-14
0 -1 0
-2.95275592803955 0.119258530437946 -3.19744231092045E-14
-0.00520833348855376 0.119258530437946 -3.19744231092045E-14
-2.95275592803955 0.119258530437946 6.88976383209229
0 -1 0
2.95275592803955 0.266896337270737 -3.28626015289046E-14
0.00520833348855376 0.266896337270737 -3.28626015289046E-14
0.00520833348855376 0.266896337270737 6.88976383209229
0 1 0
0.00520833348855376 0.266896337270737 6.88976383209229
2.95275592803955 0.266896337270737 6.88976383209229
2.95275592803955 0.266896337270737 -3.28626015289046E-14
0 1 0
-0.00520833348855376 0.266896337270737 -3.28626015289046E-14
-2.95275592803955 0.266896337270737 -3.19744231092045E-14
-0.00520833348855376 0.266896337270737 6.88976383209229
0 1 0
-2.95275592803955 0.266896337270737 6.88976383209229
-0.00520833348855376 0.266896337270737 6.88976383209229
-2.95275592803955 0.266896337270737 -3.19744231092045E-14
0 1 0
0.00520833348855376 0.119258530437946 6.88976383209229
0.00520833348855376 0.266896337270737 6.88976383209229
0.00520833348855376 0.266896337270737 -3.28626015289046E-14
-1 0 4.40619762898106E-18
0.00520833348855376 0.266896337270737 -3.28626015289046E-14
0.00520833348855376 0.119258530437946 -3.28626015289046E-14
0.00520833348855376 0.119258530437946 6.88976383209229
-1 0 4.40619762898106E-18
0.00520833348855376 0.119258530437946 -3.28626015289046E-14
0.00520833348855376 0.266896337270737 -3.28626015289046E-14
2.95275592803955 0.266896337270737 -3.24185123190546E-14
1.50663966899725E-16 0 -1
2.95275592803955 0.266896337270737 -3.24185123190546E-14
2.95275592803955 0.119258530437946 -3.24185123190546E-14
0.00520833348855376 0.119258530437946 -3.28626015289046E-14
1.50663966899725E-16 0 -1
2.95275592803955 0.119258530437946 -3.28626015289046E-14
2.95275592803955 0.266896337270737 -3.28626015289046E-14
2.95275592803955 0.266896337270737 6.88976383209229
1 0 0
2.95275592803955 0.266896337270737 6.88976383209229
2.95275592803955 0.119258530437946 6.88976383209229
2.95275592803955 0.119258530437946 -3.28626015289046E-14
1 0 0
2.95275592803955 0.119258530437946 6.88976383209229
2.95275592803955 0.266896337270737 6.88976383209229
0.00520833348855376 0.266896337270737 6.88976383209229
-3.0132793379945E-16 0 1
0.00520833348855376 0.266896337270737 6.88976383209229
0.00520833348855376 0.119258530437946 6.88976383209229
2.95275592803955 0.119258530437946 6.88976383209229
-3.0132793379945E-16 0 1
-0.00520833348855376 0.119258530437946 -3.19744231092045E-14
-0.00520833348855376 0.266896337270737 -3.28626015289046E-14
-0.00520833348855376 0.266896337270737 6.88976383209229
1 0 1.35962669694273E-17
-0.00520833348855376 0.266896337270737 6.88976383209229
-0.00520833348855376 0.119258530437946 6.88976383209229
-0.00520833348855376 0.119258530437946 -3.19744231092045E-14
1 0 1.35962669694273E-17
-0.00520833348855376 0.119258530437946 6.88976383209229
-0.00520833348855376 0.266896337270737 6.88976383209229
-2.95275592803955 0.266896337270737 6.88976383209229
0 0 1
-2.95275592803955 0.266896337270737 6.88976383209229
-2.95275592803955 0.119258530437946 6.88976383209229
-0.00520833348855376 0.119258530437946 6.88976383209229
0 0 1
-2.95275592803955 0.119258530437946 6.88976383209229
-2.95275592803955 0.266896337270737 6.88976383209229
-2.95275592803955 0.266896337270737 -3.19744231092045E-14
-1 0 0
-2.95275592803955 0.266896337270737 -3.19744231092045E-14
-2.95275592803955 0.119258530437946 -3.19744231092045E-14
-2.95275592803955 0.119258530437946 6.88976383209229
-1 0 0
-2.95275592803955 0.119258530437946 -3.19744231092045E-14
-2.95275592803955 0.266896337270737 -3.19744231092045E-14
-0.00520833348855376 0.266896337270737 -3.24185123190546E-14
-1.50663966899725E-16 0 -1
-0.00520833348855376 0.266896337270737 -3.24185123190546E-14
-0.00520833348855376 0.119258530437946 -3.24185123190546E-14
-2.95275592803955 0.119258530437946 -3.19744231092045E-14
-1.50663966899725E-16 0 -1
[HEADER]
426487,M_Door-Passage-Single-Two_Lite,550
316.654996558341 128.498457003219 0
1
-1 3.18524774704407E-15 0
-3.18524774704407E-15 -1 0
0 0 1
1.64041996002197 -0.225229665637016 1.77635683940025E-15
1.47637796401978 0.103633530437946 1.77635683940025E-15
1.64041996002197 0.266896337270737 1.77635683940025E-15
0 0 -1
1.47637796401978 0.266896337270737 1.77635683940025E-15
1.64041996002197 0.266896337270737 1.77635683940025E-15
1.47637796401978 0.103633530437946 1.77635683940025E-15
0 0 -1
1.47637796401978 0.103633530437946 1.77635683940025E-15
1.47637796401978 -0.0637713223695755 1.77635683940025E-15
1.42429459095001 0.103633530437946 1.77635683940025E-15
0 0 -1
1.47637796401978 0.103633530437946 1.77635683940025E-15
1.64041996002197 -0.225229665637016 1.77635683940025E-15
1.47637796401978 -0.0637713223695755 1.77635683940025E-15
0 0 -1
1.47637796401978 -0.225229665637016 1.77635683940025E-15
1.47637796401978 -0.0637713223695755 1.77635683940025E-15
1.64041996002197 -0.225229665637016 1.77635683940025E-15
0 0 -1
1.42429459095001 0.103633530437946 1.77635683940025E-15
1.47637796401978 -0.0637713223695755 1.77635683940025E-15
1.42429459095001 -0.0637713223695755 1.77635683940025E-15
0 0 -1
1.47637796401978 0.103633530437946 0
1.47637796401978 0.103633530437946 6.88976383209229
1.47637796401978 0.266896337270737 6.88976383209229
-1 0 0
1.47637796401978 0.266896337270737 6.88976383209229
1.47637796401978 0.266896337270737 0
1.47637796401978 0.103633530437946 0
-1 0 0
-1.47637796401978 0.266896337270737 1.32348898008484E-23
-1.64041996002197 0.266896337270737 1.32348898008484E-23
-1.47637796401978 0.266896337270737 6.88976383209229
0 1 0
1.64041996002197 0.266896337270737 0
1.47637796401978 0.266896337270737 1.32348898008484E-23
1.47637796401978 0.266896337270737 6.88976383209229
0 1 0
-1.47637796401978 0.266896337270737 6.88976383209229
-1.64041996002197 0.266896337270737 7.21784782409668
1.47637796401978 0.266896337270737 6.88976383209229
0 1 0
-1.64041996002197 0.266896337270737 7.21784782409668
-1.47637796401978 0.266896337270737 6.88976383209229
-1.64041996002197 0.266896337270737 1.32348898008484E-23
0 1 0
1.47637796401978 0.266896337270737 6.88976383209229
1.64041996002197 0.266896337270737 7.21784782409668
1.64041996002197 0.266896337270737 0
0 1 0
1.64041996002197 0.266896337270737 7.21784782409668
1.47637796401978 0.266896337270737 6.88976383209229
-1.64041996002197 0.266896337270737 7.21784782409668
0 1 0
1.64041996002197 0.266896337270737 0
1.64041996002197 0.266896337270737 7.21784782409668
1.64041996002197 -0.225229665637016 7.21784782409668
1 0 3.14786956191393E-17
1.64041996002197 -0.225229665637016 7.21784782409668
1.64041996002197 -0.225229665637016 0
1.64041996002197 0.266896337270737 0
1 0 3.14786956191393E-17
1.47637796401978 -0.225229665637016 2.46230507005482E-24
1.64041996002197 -0.225229665637016 1.32348898008484E-23
1.47637796401978 -0.225229665637016 6.88976383209229
0 -1 7.86967390478482E-18
-1.64041996002197 -0.225229665637016 -3.693457407867E-24
-1.47637796401978 -0.225229665637016 -6.15576247792181E-24
-1.47637796401978 -0.225229665637016 6.88976383209229
0 -1 7.86967390478482E-18
1.47637796401978 -0.225229665637016 6.88976383209229
1.64041996002197 -0.225229665637016 7.21784782409668
-1.47637796401978 -0.225229665637016 6.88976383209229
0 -1 7.86967390478482E-18
1.64041996002197 -0.225229665637016 7.21784782409668
1.47637796401978 -0.225229665637016 6.88976383209229
1.64041996002197 -0.225229665637016 1.32348898008484E-23
0 -1 7.86967390478482E-18
-1.47637796401978 -0.225229665637016 6.88976383209229
-1.64041996002197 -0.225229665637016 7.21784782409668
-1.64041996002197 -0.225229665637016 -3.693457407867E-24
0 -1 7.86967390478482E-18
-1.64041996002197 -0.225229665637016 7.21784782409668
-1.47637796401978 -0.225229665637016 6.88976383209229
1.64041996002197 -0.225229665637016 7.21784782409668
0 -1 7.86967390478482E-18
1.47637796401978 -0.225229665637016 0
1.47637796401978 -0.225229665637016 6.88976383209229
1.47637796401978 -0.0637713223695755 6.88976383209229
-1 0 0
1.47637796401978 -0.0637713223695755 6.88976383209229
1.47637796401978 -0.0637713223695755 0
1.47637796401978 -0.225229665637016 0
-1 0 0
1.42429459095001 -0.0637713223695755 0
1.47637796401978 -0.0637713223695755 0
1.42429459095001 -0.0637713223695755 6.83768033981323
0 -1 4.02852354649699E-18
-1.47637796401978 -0.0637713223695755 1.32348898008484E-23
-1.42429459095001 -0.0637713223695755 -1.32348898008484E-23
-1.42429459095001 -0.0637713223695755 6.83768033981323
0 -1 4.02852354649699E-18
1.42429459095001 -0.0637713223695755 6.83768033981323
1.47637796401978 -0.0637713223695755 6.88976383209229
-1.42429459095001 -0.0637713223695755 6.83768033981323
0 -1 4.02852354649699E-18
1.47637796401978 -0.0637713223695755 6.88976383209229
1.42429459095001 -0.0637713223695755 6.83768033981323
1.47637796401978 -0.0637713223695755 0
0 -1 4.02852354649699E-18
-1.42429459095001 -0.0637713223695755 6.83768033981323
-1.47637796401978 -0.0637713223695755 6.88976383209229
-1.47637796401978 -0.0637713223695755 1.32348898008484E-23
0 -1 4.02852354649699E-18
-1.47637796401978 -0.0637713223695755 6.88976383209229
-1.42429459095001 -0.0637713223695755 6.83768033981323
1.47637796401978 -0.0637713223695755 6.88976383209229
0 -1 4.02852354649699E-18
1.42429459095001 -0.0637713223695755 0
1.42429459095001 -0.0637713223695755 6.83768033981323
1.42429459095001 0.103633530437946 6.83768033981323
-1 0 0
1.42429459095001 0.103633530437946 6.83768033981323
1.42429459095001 0.103633530437946 0
1.42429459095001 -0.0637713223695755 0
-1 0 0
-1.42429459095001 0.103633530437946 0
-1.47637796401978 0.103633530437946 0
-1.42429459095001 0.103633530437946 6.83768033981323
0 1 0
1.47637796401978 0.103633530437946 0
1.42429459095001 0.103633530437946 -1.32348898008484E-23
1.42429459095001 0.103633530437946 6.83768033981323
0 1 0
-1.42429459095001 0.103633530437946 6.83768033981323
-1.47637796401978 0.103633530437946 6.88976383209229
1.42429459095001 0.103633530437946 6.83768033981323
0 1 0
-1.47637796401978 0.103633530437946 6.88976383209229
-1.42429459095001 0.103633530437946 6.83768033981323
-1.47637796401978 0.103633530437946 0
0 1 0
1.42429459095001 0.103633530437946 6.83768033981323
1.47637796401978 0.103633530437946 6.88976383209229
1.47637796401978 0.103633530437946 0
0 1 0
1.47637796401978 0.103633530437946 6.88976383209229
1.42429459095001 0.103633530437946 6.83768033981323
-1.47637796401978 0.103633530437946 6.88976383209229
0 1 0
1.47637796401978 0.103633530437946 6.88976383209229
-1.47637796401978 0.103633530437946 6.88976383209229
-1.47637796401978 0.266896337270737 6.88976383209229
0 0 -1
-1.47637796401978 0.266896337270737 6.88976383209229
1.47637796401978 0.266896337270737 6.88976383209229
1.47637796401978 0.103633530437946 6.88976383209229
0 0 -1
-1.47637796401978 -0.225229665637016 6.88976383209229
-1.47637796401978 -0.0637713223695755 6.88976383209229
1.47637796401978 -0.0637713223695755 6.88976383209229
0 0 -1
1.47637796401978 -0.0637713223695755 6.88976383209229
1.47637796401978 -0.225229665637016 6.88976383209229
-1.47637796401978 -0.225229665637016 6.88976383209229
0 0 -1
-1.42429459095001 -0.0637713223695755 6.83768033981323
-1.42429459095001 0.103633530437946 6.83768033981323
1.42429459095001 0.103633530437946 6.83768033981323
0 0 -1
1.42429459095001 0.103633530437946 6.83768033981323
1.42429459095001 -0.0637713223695755 6.83768033981323
-1.42429459095001 -0.0637713223695755 6.83768033981323
0 0 -1
-1.64041996002197 0.266896337270737 0
-1.47637796401978 0.103633530437946 0
-1.64041996002197 -0.225229665637016 0
0 0 -1
-1.47637796401978 0.103633530437946 0
-1.64041996002197 0.266896337270737 0
-1.47637796401978 0.266896337270737 0
0 0 -1
-1.42429459095001 0.103633530437946 0
-1.47637796401978 -0.0637713223695755 0
-1.47637796401978 0.103633530437946 0
0 0 -1
-1.47637796401978 -0.0637713223695755 0
-1.64041996002197 -0.225229665637016 0
-1.47637796401978 0.103633530437946 0
0 0 -1
-1.64041996002197 -0.225229665637016 0
-1.47637796401978 -0.0637713223695755 0
-1.47637796401978 -0.225229665637016 0
0 0 -1
-1.42429459095001 -0.0637713223695755 0
-1.47637796401978 -0.0637713223695755 0
-1.42429459095001 0.103633530437946 0
0 0 -1
-1.47637796401978 0.266896337270737 6.88976383209229
-1.47637796401978 0.103633530437946 6.88976383209229
-1.47637796401978 0.103633530437946 0
1 0 -3.22281883719759E-17
-1.47637796401978 0.103633530437946 0
-1.47637796401978 0.266896337270737 0
-1.47637796401978 0.266896337270737 6.88976383209229
1 0 -3.22281883719759E-17
-1.64041996002197 0.266896337270737 0
-1.64041996002197 -0.225229665637016 0
-1.64041996002197 -0.225229665637016 7.21784782409668
-1 0 -3.14786956191393E-17
-1.64041996002197 -0.225229665637016 7.21784782409668
-1.64041996002197 0.266896337270737 7.21784782409668
-1.64041996002197 0.266896337270737 0
-1 0 -3.14786956191393E-17
-1.47637796401978 -0.225229665637016 0
-1.47637796401978 -0.0637713223695755 0
-1.47637796401978 -0.0637713223695755 6.88976383209229
1 0 -3.22281883719759E-17
-1.47637796401978 -0.0637713223695755 6.88976383209229
-1.47637796401978 -0.225229665637016 6.88976383209229
-1.47637796401978 -0.225229665637016 0
1 0 -3.22281883719759E-17
-1.42429459095001 -0.0637713223695755 0
-1.42429459095001 0.103633530437946 0
-1.42429459095001 0.103633530437946 6.83768033981323
1 0 -3.24736738828763E-17
-1.42429459095001 0.103633530437946 6.83768033981323
-1.42429459095001 -0.0637713223695755 6.83768033981323
-1.42429459095001 -0.0637713223695755 0
1 0 -3.24736738828763E-17
1.64041996002197 0.266896337270737 7.21784782409668
-1.64041996002197 0.266896337270737 7.21784782409668
-1.64041996002197 -0.225229665637016 7.21784782409668
0 0 1
-1.64041996002197 -0.225229665637016 7.21784782409668
1.64041996002197 -0.225229665637016 7.21784782409668
1.64041996002197 0.266896337270737 7.21784782409668
0 0 1
-1.47637796401978 0.119258530437946 6.88976383209229
-0.976377964019775 0.119258530437946 3.59333992004395
-0.976377964019775 0.119258530437946 6.38976383209229
0 -1 0
-0.976377964019775 0.119258530437946 3.59333992004395
-1.47637796401978 0.119258530437946 6.88976383209229
-1.47637796401978 0.119258530437946 -3.19744231092045E-14
0 -1 0
-1.47637796401978 0.119258530437946 6.88976383209229
-0.976377964019775 0.119258530437946 6.38976383209229
0.976377964019775 0.119258530437946 6.38976383209229
0 -1 0
1.47637796401978 0.119258530437946 6.88976383209229
0.976377964019775 0.119258530437946 6.38976383209229
0.976377964019775 0.119258530437946 3.59333992004395
0 -1 0
0.976377964019775 0.119258530437946 6.38976383209229
1.47637796401978 0.119258530437946 6.88976383209229
-1.47637796401978 0.119258530437946 6.88976383209229
0 -1 0
1.47637796401978 0.119258530437946 6.88976383209229
0.976377964019775 0.119258530437946 3.59333992004395
1.47637796401978 0.119258530437946 -3.19744231092045E-14
0 -1 0
-0.976377964019775 0.119258530437946 3.59333992004395
0.976377964019775 0.119258530437946 2.96833992004395
0.976377964019775 0.119258530437946 3.59333992004395
0 -1 0
-0.976377964019775 0.119258530437946 2.96833992004395
-1.47637796401978 0.119258530437946 -3.19744231092045E-14
-0.976377964019775 0.119258530437946 0.833333313465118
0 -1 0
-1.47637796401978 0.119258530437946 -3.19744231092045E-14
-0.976377964019775 0.119258530437946 2.96833992004395
-0.976377964019775 0.119258530437946 3.59333992004395
0 -1 0
-0.976377964019775 0.119258530437946 0.833333313465118
-1.47637796401978 0.119258530437946 -3.19744231092045E-14
0.976377964019775 0.119258530437946 0.833333313465118
0 -1 0
0.976377964019775 0.119258530437946 2.96833992004395
0.976377964019775 0.119258530437946 0.833333313465118
1.47637796401978 0.119258530437946 -3.19744231092045E-14
0 -1 0
1.47637796401978 0.119258530437946 -3.19744231092045E-14
0.976377964019775 0.119258530437946 0.833333313465118
-1.47637796401978 0.119258530437946 -3.19744231092045E-14
0 -1 0
0.976377964019775 0.119258530437946 2.96833992004395
1.47637796401978 0.119258530437946 -3.19744231092045E-14
0.976377964019775 0.119258530437946 3.59333992004395
0 -1 0
-0.976377964019775 0.119258530437946 2.96833992004395
0.976377964019775 0.119258530437946 2.96833992004395
-0.976377964019775 0.119258530437946 3.59333992004395
0 -1 0
-1.47637796401978 0.266896337270737 -3.19744231092045E-14
-0.976377964019775 0.266896337270737 2.96833992004395
-0.976377964019775 0.266896337270737 0.833333313465118
0 1 0
-0.976377964019775 0.266896337270737 2.96833992004395
-1.47637796401978 0.266896337270737 -3.19744231092045E-14
-0.976377964019775 0.266896337270737 3.59333992004395
0 1 0
-1.47637796401978 0.266896337270737 -3.19744231092045E-14
-0.976377964019775 0.266896337270737 0.833333313465118
0.976377964019775 0.266896337270737 0.833333313465118
0 1 0
1.47637796401978 0.266896337270737 -3.19744231092045E-14
0.976377964019775 0.266896337270737 0.833333313465118
0.976377964019775 0.266896337270737 2.96833992004395
0 1 0
0.976377964019775 0.266896337270737 0.833333313465118
1.47637796401978 0.266896337270737 -3.19744231092045E-14
-1.47637796401978 0.266896337270737 -3.19744231092045E-14
0 1 0
1.47637796401978 0.266896337270737 -3.19744231092045E-14
0.976377964019775 0.266896337270737 2.96833992004395
0.976377964019775 0.266896337270737 3.59333992004395
0 1 0
-0.976377964019775 0.266896337270737 2.96833992004395
-0.976377964019775 0.266896337270737 3.59333992004395
0.976377964019775 0.266896337270737 2.96833992004395
0 1 0
-0.976377964019775 0.266896337270737 3.59333992004395
-1.47637796401978 0.266896337270737 6.88976383209229
-0.976377964019775 0.266896337270737 6.38976383209229
0 1 0
-1.47637796401978 0.266896337270737 6.88976383209229
-0.976377964019775 0.266896337270737 3.59333992004395
-1.47637796401978 0.266896337270737 -3.19744231092045E-14
0 1 0
-0.976377964019775 0.266896337270737 6.38976383209229
-1.47637796401978 0.266896337270737 6.88976383209229
0.976377964019775 0.266896337270737 6.38976383209229
0 1 0
0.976377964019775 0.266896337270737 3.59333992004395
0.976377964019775 0.266896337270737 6.38976383209229
1.47637796401978 0.266896337270737 6.88976383209229
0 1 0
1.47637796401978 0.266896337270737 6.88976383209229
0.976377964019775 0.266896337270737 6.38976383209229
-1.47637796401978 0.266896337270737 6.88976383209229
0 1 0
0.976377964019775 0.266896337270737 3.59333992004395
1.47637796401978 0.266896337270737 6.88976383209229
1.47637796401978 0.266896337270737 -3.19744231092045E-14
0 1 0
-0.976377964019775 0.266896337270737 3.59333992004395
0.976377964019775 0.266896337270737 3.59333992004395
0.976377964019775 0.266896337270737 2.96833992004395
0 1 0
-1.47637796401978 0.119258530437946 6.88976383209229
-1.47637796401978 0.266896337270737 6.88976383209229
-1.47637796401978 0.266896337270737 -3.19744231092045E-14
-1 0 0
-1.47637796401978 0.266896337270737 -3.19744231092045E-14
-1.47637796401978 0.119258530437946 -3.19744231092045E-14
-1.47637796401978 0.119258530437946 6.88976383209229
-1 0 0
-1.47637796401978 0.119258530437946 -3.19744231092045E-14
-1.47637796401978 0.266896337270737 -3.19744231092045E-14
1.47637796401978 0.266896337270737 -3.24185123190546E-14
-1.50398212402555E-16 0 -1
1.47637796401978 0.266896337270737 -3.24185123190546E-14
1.47637796401978 0.119258530437946 -3.24185123190546E-14
-1.47637796401978 0.119258530437946 -3.19744231092045E-14
-1.50398212402555E-16 0 -1
1.47637796401978 0.119258530437946 -3.19744231092045E-14
1.47637796401978 0.266896337270737 -3.19744231092045E-14
1.47637796401978 0.266896337270737 6.88976383209229
1 0 0
1.47637796401978 0.266896337270737 6.88976383209229
1.47637796401978 0.119258530437946 6.88976383209229
1.47637796401978 0.119258530437946 -3.19744231092045E-14
1 0 0
1.47637796401978 0.119258530437946 6.88976383209229
1.47637796401978 0.266896337270737 6.88976383209229
-1.47637796401978 0.266896337270737 6.88976383209229
0 0 1
-1.47637796401978 0.266896337270737 6.88976383209229
-1.47637796401978 0.119258530437946 6.88976383209229
1.47637796401978 0.119258530437946 6.88976383209229
0 0 1
-0.976377964019775 0.119258530437946 6.38976383209229
-0.976377964019775 0.266896337270737 6.38976383209229
0.976377964019775 0.266896337270737 6.38976383209229
0 0 -1
0.976377964019775 0.266896337270737 6.38976383209229
0.976377964019775 0.119258530437946 6.38976383209229
-0.976377964019775 0.119258530437946 6.38976383209229
0 0 -1
0.976377964019775 0.119258530437946 6.38976383209229
0.976377964019775 0.266896337270737 6.38976383209229
0.976377964019775 0.266896337270737 3.59333992004395
-1 0 0
0.976377964019775 0.266896337270737 3.59333992004395
0.976377964019775 0.119258530437946 3.59333992004395
0.976377964019775 0.119258530437946 6.38976383209229
-1 0 0
0.976377964019775 0.119258530437946 3.59333992004395
0.976377964019775 0.266896337270737 3.59333992004395
-0.976377964019775 0.266896337270737 3.59333992004395
0 0 1
-0.976377964019775 0.266896337270737 3.59333992004395
-0.976377964019775 0.119258530437946 3.59333992004395
0.976377964019775 0.119258530437946 3.59333992004395
0 0 1
-0.976377964019775 0.119258530437946 3.59333992004395
-0.976377964019775 0.266896337270737 3.59333992004395
-0.976377964019775 0.266896337270737 6.38976383209229
1 0 0
-0.976377964019775 0.266896337270737 6.38976383209229
-0.976377964019775 0.119258530437946 6.38976383209229
-0.976377964019775 0.119258530437946 3.59333992004395
1 0 0
-0.976377964019775 0.119258530437946 2.96833992004395
-0.976377964019775 0.266896337270737 2.96833992004395
0.976377964019775 0.266896337270737 2.96833992004395
0 0 -1
0.976377964019775 0.266896337270737 2.96833992004395
0.976377964019775 0.119258530437946 2.96833992004395
-0.976377964019775 0.119258530437946 2.96833992004395
0 0 -1
0.976377964019775 0.119258530437946 2.96833992004395
0.976377964019775 0.266896337270737 2.96833992004395
0.976377964019775 0.266896337270737 0.833333313465118
-1 0 0
0.976377964019775 0.266896337270737 0.833333313465118
0.976377964019775 0.119258530437946 0.833333313465118
0.976377964019775 0.119258530437946 2.96833992004395
-1 0 0
0.976377964019775 0.119258530437946 0.833333313465118
0.976377964019775 0.266896337270737 0.833333313465118
-0.976377964019775 0.266896337270737 0.833333313465118
0 0 1
-0.976377964019775 0.266896337270737 0.833333313465118
-0.976377964019775 0.119258530437946 0.833333313465118
0.976377964019775 0.119258530437946 0.833333313465118
0 0 1
-0.976377964019775 0.119258530437946 0.833333313465118
-0.976377964019775 0.266896337270737 0.833333313465118
-0.976377964019775 0.266896337270737 2.96833992004395
1 0 0
-0.976377964019775 0.266896337270737 2.96833992004395
-0.976377964019775 0.119258530437946 2.96833992004395
-0.976377964019775 0.119258530437946 0.833333313465118
1 0 0
0.976377964019775 0.184875324368477 6.38976383209229
-0.976377964019775 0.184875324368477 6.38976383209229
-0.976377964019775 0.184875324368477 3.59333992004395
-3.22945807855174E-15 -1 0
-0.976377964019775 0.184875324368477 3.59333992004395
0.976377964019775 0.184875324368477 3.59333992004395
0.976377964019775 0.184875324368477 6.38976383209229
-3.22945807855174E-15 -1 0
0.976377964019775 0.184875324368477 2.96833992004395
-0.976377964019775 0.184875324368477 2.96833992004395
-0.976377964019775 0.184875324368477 0.833333313465118
-3.22945807855174E-15 -1 0
-0.976377964019775 0.184875324368477 0.833333313465118
0.976377964019775 0.184875324368477 0.833333313465118
0.976377964019775 0.184875324368477 2.96833992004395
-3.22945807855174E-15 -1 0
0.976377964019775 0.201279520988464 3.59333992004395
-0.976377964019775 0.201279520988464 3.59333992004395
-0.976377964019775 0.201279520988464 6.38976383209229
3.22945807855174E-15 1 0
-0.976377964019775 0.201279520988464 6.38976383209229
0.976377964019775 0.201279520988464 6.38976383209229
0.976377964019775 0.201279520988464 3.59333992004395
3.22945807855174E-15 1 0
0.976377964019775 0.201279520988464 0.833333313465118
-0.976377964019775 0.201279520988464 0.833333313465118
-0.976377964019775 0.201279520988464 2.96833992004395
3.22945807855174E-15 1 0
-0.976377964019775 0.201279520988464 2.96833992004395
0.976377964019775 0.201279520988464 2.96833992004395
0.976377964019775 0.201279520988464 0.833333313465118
3.22945807855174E-15 1 0
-0.976377964019775 0.184875324368477 6.38976383209229
-0.976377964019775 0.201279520988464 6.38976383209229
-0.976377964019775 0.201279520988464 3.59333992004395
-1 0 0
-0.976377964019775 0.201279520988464 3.59333992004395
-0.976377964019775 0.184875324368477 3.59333992004395
-0.976377964019775 0.184875324368477 6.38976383209229
-1 0 0
-0.976377964019775 0.184875324368477 3.59333992004395
-0.976377964019775 0.201279520988464 3.59333992004395
0.976377964019775 0.201279520988464 3.59333992004395
0 0 -1
0.976377964019775 0.201279520988464 3.59333992004395
0.976377964019775 0.184875324368477 3.59333992004395
-0.976377964019775 0.184875324368477 3.59333992004395
0 0 -1
0.976377964019775 0.184875324368477 3.59333992004395
0.976377964019775 0.201279520988464 3.59333992004395
0.976377964019775 0.201279520988464 6.38976383209229
1 0 0
0.976377964019775 0.201279520988464 6.38976383209229
0.976377964019775 0.184875324368477 6.38976383209229
0.976377964019775 0.184875324368477 3.59333992004395
1 0 0
0.976377964019775 0.184875324368477 6.38976383209229
0.976377964019775 0.201279520988464 6.38976383209229
-0.976377964019775 0.201279520988464 6.38976383209229
0 0 1
-0.976377964019775 0.201279520988464 6.38976383209229
-0.976377964019775 0.184875324368477 6.38976383209229
0.976377964019775 0.184875324368477 6.38976383209229
0 0 1
-0.976377964019775 0.184875324368477 2.96833992004395
-0.976377964019775 0.201279520988464 2.96833992004395
-0.976377964019775 0.201279520988464 0.833333313465118
-1 0 0
-0.976377964019775 0.201279520988464 0.833333313465118
-0.976377964019775 0.184875324368477 0.833333313465118
-0.976377964019775 0.184875324368477 2.96833992004395
-1 0 0
-0.976377964019775 0.184875324368477 0.833333313465118
-0.976377964019775 0.201279520988464 0.833333313465118
0.976377964019775 0.201279520988464 0.833333313465118
0 0 -1
0.976377964019775 0.201279520988464 0.833333313465118
0.976377964019775 0.184875324368477 0.833333313465118
-0.976377964019775 0.184875324368477 0.833333313465118
0 0 -1
0.976377964019775 0.184875324368477 0.833333313465118
0.976377964019775 0.201279520988464 0.833333313465118
0.976377964019775 0.201279520988464 2.96833992004395
1 0 0
0.976377964019775 0.201279520988464 2.96833992004395
0.976377964019775 0.184875324368477 2.96833992004395
0.976377964019775 0.184875324368477 0.833333313465118
1 0 0
0.976377964019775 0.184875324368477 2.96833992004395
0.976377964019775 0.201279520988464 2.96833992004395
-0.976377964019775 0.201279520988464 2.96833992004395
0 0 1
-0.976377964019775 0.201279520988464 2.96833992004395
-0.976377964019775 0.184875324368477 2.96833992004395
0.976377964019775 0.184875324368477 2.96833992004395
0 0 1
[HEADER]
426491,M_Door-Passage-Double-Flush-Dbl_Acting 2,214
391.882804674225 103.784874326054 0
1
1 -3.29110731268877E-15 0
3.29110731268877E-15 1 0
0 0 1
4.92125988006592 0.184875324368477 1.95470863470841E-35
5.08530187606812 0.184875324368477 0
5.08530187606812 -0.307250648736954 0
-1.19159040439945E-34 2.60148000103134E-51 -1
5.08530187606812 -0.307250648736954 0
4.92125988006592 -0.307250648736954 1.95470863470841E-35
4.92125988006592 0.184875324368477 1.95470863470841E-35
-1.19159040439945E-34 2.60148000103134E-51 -1
4.92125988006592 -0.307250648736954 0
4.92125988006592 -0.307250648736954 7.87401580810547
4.92125988006592 0.184875324368477 7.87401580810547
-1 2.18319985745644E-17 1.12798659301916E-16
4.92125988006592 0.184875324368477 7.87401580810547
4.92125988006592 0.184875324368477 -1.54074395550979E-33
4.92125988006592 -0.307250648736954 0
-1 2.18319985745644E-17 1.12798659301916E-16
-4.92125988006592 0.184875324368477 -1.32348913785703E-23
-5.08530187606812 0.184875324368477 1.76465186826501E-23
-4.92125988006592 0.184875324368477 7.87401580810547
2.18319985745644E-17 1 -2.4626201690922E-33
5.08530187606812 0.184875324368477 8.82326013018593E-24
4.92125988006592 0.184875324368477 1.32348898008484E-23
4.92125988006592 0.184875324368477 7.87401580810547
2.18319985745644E-17 1 -2.4626201690922E-33
-4.92125988006592 0.184875324368477 7.87401580810547
-5.08530187606812 0.184875324368477 8.20209980010986
4.92125988006592 0.184875324368477 7.87401580810547
2.18319985745644E-17 1 -2.4626201690922E-33
-5.08530187606812 0.184875324368477 8.20209980010986
-4.92125988006592 0.184875324368477 7.87401580810547
-5.08530187606812 0.184875324368477 1.76465186826501E-23
2.18319985745644E-17 1 -2.4626201690922E-33
4.92125988006592 0.184875324368477 7.87401580810547
5.08530187606812 0.184875324368477 8.20209980010986
5.08530187606812 0.184875324368477 8.82326013018593E-24
2.18319985745644E-17 1 -2.4626201690922E-33
5.08530187606812 0.184875324368477 8.20209980010986
4.92125988006592 0.184875324368477 7.87401580810547
-5.08530187606812 0.184875324368477 8.20209980010986
2.18319985745644E-17 1 -2.4626201690922E-33
5.08530187606812 0.184875324368477 0
5.08530187606812 0.184875324368477 8.20209980010986
5.08530187606812 -0.307250648736954 8.20209980010986
1 -2.18319985745644E-17 -1.10496645846775E-16
5.08530187606812 -0.307250648736954 8.20209980010986
5.08530187606812 -0.307250648736954 1.18718629518015E-33
5.08530187606812 0.184875324368477 0
1 -2.18319985745644E-17 -1.10496645846775E-16
4.92125988006592 -0.307250648736954 -4.59169663861007E-24
5.08530187606812 -0.307250648736954 1.32348898008484E-23
4.92125988006592 -0.307250648736954 7.87401580810547
-2.18319985745644E-17 -1 -1.38120807308468E-17
-5.08530187606812 -0.307250648736954 6.48239349117219E-24
-4.92125988006592 -0.307250648736954 -1.53956886830537E-23
-4.92125988006592 -0.307250648736954 7.87401580810547
-2.18319985745644E-17 -1 -1.38120807308468E-17
4.92125988006592 -0.307250648736954 7.87401580810547
5.08530187606812 -0.307250648736954 8.20209980010986
-4.92125988006592 -0.307250648736954 7.87401580810547
-2.18319985745644E-17 -1 -1.38120807308468E-17
5.08530187606812 -0.307250648736954 8.20209980010986
4.92125988006592 -0.307250648736954 7.87401580810547
5.08530187606812 -0.307250648736954 1.32348898008484E-23
-2.18319985745644E-17 -1 -1.38120807308468E-17
-4.92125988006592 -0.307250648736954 7.87401580810547
-5.08530187606812 -0.307250648736954 8.20209980010986
-5.08530187606812 -0.307250648736954 6.48239349117219E-24
-2.18319985745644E-17 -1 -1.38120807308468E-17
-5.08530187606812 -0.307250648736954 8.20209980010986
-4.92125988006592 -0.307250648736954 7.87401580810547
5.08530187606812 -0.307250648736954 8.20209980010986
-2.18319985745644E-17 -1 -1.38120807308468E-17
4.92125988006592 -0.307250648736954 7.87401580810547
-4.92125988006592 -0.307250648736954 7.87401580810547
-4.92125988006592 0.184875324368477 7.87401580810547
9.02389274415328E-17 1.09159992872822E-17 -1
-4.92125988006592 0.184875324368477 7.87401580810547
4.92125988006592 0.184875324368477 7.87401580810547
4.92125988006592 -0.307250648736954 7.87401580810547
9.02389274415328E-17 1.09159992872822E-17 -1
-4.92125988006592 0.184875324368477 0
-4.92125988006592 -0.307250648736954 0
-5.08530187606812 -0.307250648736954 0
0 0 -1
-5.08530187606812 -0.307250648736954 0
-5.08530187606812 0.184875324368477 0
-4.92125988006592 0.184875324368477 0
0 0 -1
-4.92125988006592 0.184875324368477 7.87401580810547
-4.92125988006592 -0.307250648736954 7.87401580810547
-4.92125988006592 -0.307250648736954 0
1 0 0
-4.92125988006592 -0.307250648736954 0
-4.92125988006592 0.184875324368477 0
-4.92125988006592 0.184875324368477 7.87401580810547
1 0 0
-5.08530187606812 0.184875324368477 0
-5.08530187606812 -0.307250648736954 0
-5.08530187606812 -0.307250648736954 8.20209980010986
-1 0 0
-5.08530187606812 -0.307250648736954 8.20209980010986
-5.08530187606812 0.184875324368477 8.20209980010986
-5.08530187606812 0.184875324368477 0
-1 0 0
5.08530187606812 0.184875324368477 8.20209980010986
-5.08530187606812 0.184875324368477 8.20209980010986
-5.08530187606812 -0.307250648736954 8.20209980010986
0 0 1
-5.08530187606812 -0.307250648736954 8.20209980010986
5.08530187606812 -0.307250648736954 8.20209980010986
5.08530187606812 0.184875324368477 8.20209980010986
0 0 1
4.92125988006592 0.0372375324368477 7.87401580810547
0.00520833348855376 0.0372375324368477 7.87401580810547
0.00520833348855376 0.0372375324368477 -3.19744231092045E-14
0 -1 0
0.00520833348855376 0.0372375324368477 -3.19744231092045E-14
4.92125988006592 0.0372375324368477 -3.19744231092045E-14
4.92125988006592 0.0372375324368477 7.87401580810547
0 -1 0
-0.00520833348855376 0.0372375324368477 7.87401580810547
-4.92125988006592 0.0372375324368477 7.87401580810547
-4.92125988006592 0.0372375324368477 -3.19744231092045E-14
0 -1 0
-4.92125988006592 0.0372375324368477 -3.19744231092045E-14
-0.00520833348855376 0.0372375324368477 -3.19744231092045E-14
-0.00520833348855376 0.0372375324368477 7.87401580810547
0 -1 0
4.92125988006592 0.184875324368477 -3.19744231092045E-14
0.00520833348855376 0.184875324368477 -3.19744231092045E-14
0.00520833348855376 0.184875324368477 7.87401580810547
0 1 0
0.00520833348855376 0.184875324368477 7.87401580810547
4.92125988006592 0.184875324368477 7.87401580810547
4.92125988006592 0.184875324368477 -3.19744231092045E-14
0 1 0
-0.00520833348855376 0.184875324368477 -3.19744231092045E-14
-4.92125988006592 0.184875324368477 -3.19744231092045E-14
-4.92125988006592 0.184875324368477 7.87401580810547
0 1 0
-4.92125988006592 0.184875324368477 7.87401580810547
-0.00520833348855376 0.184875324368477 7.87401580810547
-0.00520833348855376 0.184875324368477 -3.19744231092045E-14
0 1 0
0.00520833348855376 0.0372375324368477 7.87401580810547
0.00520833348855376 0.184875324368477 7.87401580810547
0.00520833348855376 0.184875324368477 -3.19744231092045E-14
-1 0 3.85542292535843E-18
0.00520833348855376 0.184875324368477 -3.19744231092045E-14
0.00520833348855376 0.0372375324368477 -3.19744231092045E-14
0.00520833348855376 0.0372375324368477 7.87401580810547
-1 0 3.85542292535843E-18
0.00520833348855376 0.0372375324368477 -3.19744231092045E-14
0.00520833348855376 0.184875324368477 -3.19744231092045E-14
4.92125988006592 0.184875324368477 -3.24185123190546E-14
-9.03345314873569E-17 0 -1
4.92125988006592 0.184875324368477 -3.24185123190546E-14
4.92125988006592 0.0372375324368477 -3.24185123190546E-14
0.00520833348855376 0.0372375324368477 -3.19744231092045E-14
-9.03345314873569E-17 0 -1
4.92125988006592 0.0372375324368477 -3.19744231092045E-14
4.92125988006592 0.184875324368477 -3.19744231092045E-14
4.92125988006592 0.184875324368477 7.87401580810547
1 0 0
4.92125988006592 0.184875324368477 7.87401580810547
4.92125988006592 0.0372375324368477 7.87401580810547
4.92125988006592 0.0372375324368477 -3.19744231092045E-14
1 0 0
4.92125988006592 0.0372375324368477 7.87401580810547
4.92125988006592 0.184875324368477 7.87401580810547
0.00520833348855376 0.184875324368477 7.87401580810547
0 0 1
0.00520833348855376 0.184875324368477 7.87401580810547
0.00520833348855376 0.0372375324368477 7.87401580810547
4.92125988006592 0.0372375324368477 7.87401580810547
0 0 1
-0.00520833348855376 0.0372375324368477 -3.19744231092045E-14
-0.00520833348855376 0.184875324368477 -3.19744231092045E-14
-0.00520833348855376 0.184875324368477 7.87401580810547
1 0 -4.45025960527088E-17
-0.00520833348855376 0.184875324368477 7.87401580810547
-0.00520833348855376 0.0372375324368477 7.87401580810547
-0.00520833348855376 0.0372375324368477 -3.19744231092045E-14
1 0 -4.45025960527088E-17
-0.00520833348855376 0.0372375324368477 7.87401580810547
-0.00520833348855376 0.184875324368477 7.87401580810547
-4.92125988006592 0.184875324368477 7.87401580810547
0 0 1
-4.92125988006592 0.184875324368477 7.87401580810547
-4.92125988006592 0.0372375324368477 7.87401580810547
-0.00520833348855376 0.0372375324368477 7.87401580810547
0 0 1
-4.92125988006592 0.0372375324368477 7.87401580810547
-4.92125988006592 0.184875324368477 7.87401580810547
-4.92125988006592 0.184875324368477 -3.19744231092045E-14
-1 0 0
-4.92125988006592 0.184875324368477 -3.19744231092045E-14
-4.92125988006592 0.0372375324368477 -3.19744231092045E-14
-4.92125988006592 0.0372375324368477 7.87401580810547
-1 0 0
-4.92125988006592 0.0372375324368477 -3.19744231092045E-14
-4.92125988006592 0.184875324368477 -3.19744231092045E-14
-0.00520833348855376 0.184875324368477 -3.24185123190546E-14
-9.03345314873568E-17 0 -1
-0.00520833348855376 0.184875324368477 -3.24185123190546E-14
-0.00520833348855376 0.0372375324368477 -3.24185123190546E-14
-4.92125988006592 0.0372375324368477 -3.19744231092045E-14
-9.03345314873568E-17 0 -1
[HEADER]
438912,M_Door-Passage-Double-Flush-Dbl_Acting 2,6
306.484392883801 128.456790336553 0
1
1 -3.18524774704407E-15 0
3.18524774704407E-15 1 0
0 0 1
[HEADER]
439210,M_Door-Passage-Single-Two_Lite,6
316.778028054405 119.902656477252 0
1
-1 2.31011654250297E-15 0
-2.31011654250297E-15 -1 0
0 0 1
[HEADER]
439926,M_Door-Passage-Single-One_Lite,422
344.685624648283 108.813417633141 0
1
-1 3.43594923676699E-15 0
-3.43594923676699E-15 -1 0
0 0 1
1.64041996002197 -0.307250648736954 1.77635683940025E-15
1.47637796401978 0.0216125324368477 1.77635683940025E-15
1.64041996002197 0.184875324368477 1.77635683940025E-15
0 0 -1
1.47637796401978 0.184875324368477 1.77635683940025E-15
1.64041996002197 0.184875324368477 1.77635683940025E-15
1.47637796401978 0.0216125324368477 1.77635683940025E-15
0 0 -1
1.47637796401978 0.0216125324368477 1.77635683940025E-15
1.47637796401978 -0.145792320370674 1.77635683940025E-15
1.42429459095001 0.0216125324368477 1.77635683940025E-15
0 0 -1
1.47637796401978 0.0216125324368477 1.77635683940025E-15
1.64041996002197 -0.307250648736954 1.77635683940025E-15
1.47637796401978 -0.145792320370674 1.77635683940025E-15
0 0 -1
1.47637796401978 -0.307250648736954 1.77635683940025E-15
1.47637796401978 -0.145792320370674 1.77635683940025E-15
1.64041996002197 -0.307250648736954 1.77635683940025E-15
0 0 -1
1.42429459095001 0.0216125324368477 1.77635683940025E-15
1.47637796401978 -0.145792320370674 1.77635683940025E-15
1.42429459095001 -0.145792320370674 1.77635683940025E-15
0 0 -1
1.47637796401978 0.0216125324368477 0
1.47637796401978 0.0216125324368477 6.88976383209229
1.47637796401978 0.184875324368477 6.88976383209229
-1 0 0
1.47637796401978 0.184875324368477 6.88976383209229
1.47637796401978 0.184875324368477 0
1.47637796401978 0.0216125324368477 0
-1 0 0
-1.47637796401978 0.184875324368477 1.32348898008484E-23
-1.64041996002197 0.184875324368477 1.32348898008484E-23
-1.47637796401978 0.184875324368477 6.88976383209229
0 1 -8.05704709299398E-18
1.64041996002197 0.184875324368477 0
1.47637796401978 0.184875324368477 1.32348898008484E-23
1.47637796401978 0.184875324368477 6.88976383209229
0 1 -8.05704709299398E-18
-1.47637796401978 0.184875324368477 6.88976383209229
-1.64041996002197 0.184875324368477 7.21784782409668
1.47637796401978 0.184875324368477 6.88976383209229
0 1 -8.05704709299398E-18
-1.64041996002197 0.184875324368477 7.21784782409668
-1.47637796401978 0.184875324368477 6.88976383209229
-1.64041996002197 0.184875324368477 1.32348898008484E-23
0 1 -8.05704709299398E-18
1.47637796401978 0.184875324368477 6.88976383209229
1.64041996002197 0.184875324368477 7.21784782409668
1.64041996002197 0.184875324368477 0
0 1 -8.05704709299398E-18
1.64041996002197 0.184875324368477 7.21784782409668
1.47637796401978 0.184875324368477 6.88976383209229
-1.64041996002197 0.184875324368477 7.21784782409668
0 1 -8.05704709299398E-18
1.64041996002197 0.184875324368477 0
1.64041996002197 0.184875324368477 7.21784782409668
1.64041996002197 -0.307250648736954 7.21784782409668
1 0 3.14786956191393E-17
1.64041996002197 -0.307250648736954 7.21784782409668
1.64041996002197 -0.307250648736954 0
1.64041996002197 0.184875324368477 0
1 0 3.14786956191393E-17
1.47637796401978 -0.307250648736954 2.46230507005482E-24
1.64041996002197 -0.307250648736954 1.32348898008484E-23
1.47637796401978 -0.307250648736954 6.88976383209229
0 -1 1.57393478095696E-17
-1.64041996002197 -0.307250648736954 -3.693457407867E-24
-1.47637796401978 -0.307250648736954 -6.15576247792181E-24
-1.47637796401978 -0.307250648736954 6.88976383209229
0 -1 1.57393478095696E-17
1.47637796401978 -0.307250648736954 6.88976383209229
1.64041996002197 -0.307250648736954 7.21784782409668
-1.47637796401978 -0.307250648736954 6.88976383209229
0 -1 1.57393478095696E-17
1.64041996002197 -0.307250648736954 7.21784782409668
1.47637796401978 -0.307250648736954 6.88976383209229
1.64041996002197 -0.307250648736954 1.32348898008484E-23
0 -1 1.57393478095696E-17
-1.47637796401978 -0.307250648736954 6.88976383209229
-1.64041996002197 -0.307250648736954 7.21784782409668
-1.64041996002197 -0.307250648736954 -3.693457407867E-24
0 -1 1.57393478095696E-17
-1.64041996002197 -0.307250648736954 7.21784782409668
-1.47637796401978 -0.307250648736954 6.88976383209229
1.64041996002197 -0.307250648736954 7.21784782409668
0 -1 1.57393478095696E-17
1.47637796401978 -0.307250648736954 0
1.47637796401978 -0.307250648736954 6.88976383209229
1.47637796401978 -0.145792320370674 6.88976383209229
-1 0 0
1.47637796401978 -0.145792320370674 6.88976383209229
1.47637796401978 -0.145792320370674 0
1.47637796401978 -0.307250648736954 0
-1 0 0
1.42429459095001 -0.145792320370674 0
1.47637796401978 -0.145792320370674 0
1.42429459095001 -0.145792320370674 6.83768033981323
0 -1 4.02852354649699E-18
-1.47637796401978 -0.145792320370674 1.32348898008484E-23
-1.42429459095001 -0.145792320370674 -1.32348898008484E-23
-1.42429459095001 -0.145792320370674 6.83768033981323
0 -1 4.02852354649699E-18
1.42429459095001 -0.145792320370674 6.83768033981323
1.47637796401978 -0.145792320370674 6.88976383209229
-1.42429459095001 -0.145792320370674 6.83768033981323
0 -1 4.02852354649699E-18
1.47637796401978 -0.145792320370674 6.88976383209229
1.42429459095001 -0.145792320370674 6.83768033981323
1.47637796401978 -0.145792320370674 0
0 -1 4.02852354649699E-18
-1.42429459095001 -0.145792320370674 6.83768033981323
-1.47637796401978 -0.145792320370674 6.88976383209229
-1.47637796401978 -0.145792320370674 1.32348898008484E-23
0 -1 4.02852354649699E-18
-1.47637796401978 -0.145792320370674 6.88976383209229
-1.42429459095001 -0.145792320370674 6.83768033981323
1.47637796401978 -0.145792320370674 6.88976383209229
0 -1 4.02852354649699E-18
1.42429459095001 -0.145792320370674 0
1.42429459095001 -0.145792320370674 6.83768033981323
1.42429459095001 0.0216125324368477 6.83768033981323
-1 0 0
1.42429459095001 0.0216125324368477 6.83768033981323
1.42429459095001 0.0216125324368477 0
1.42429459095001 -0.145792320370674 0
-1 0 0
-1.42429459095001 0.0216125324368477 0
-1.47637796401978 0.0216125324368477 0
-1.42429459095001 0.0216125324368477 6.83768033981323
0 1 0
1.47637796401978 0.0216125324368477 0
1.42429459095001 0.0216125324368477 -1.32348898008484E-23
1.42429459095001 0.0216125324368477 6.83768033981323
0 1 0
-1.42429459095001 0.0216125324368477 6.83768033981323
-1.47637796401978 0.0216125324368477 6.88976383209229
1.42429459095001 0.0216125324368477 6.83768033981323
0 1 0
-1.47637796401978 0.0216125324368477 6.88976383209229
-1.42429459095001 0.0216125324368477 6.83768033981323
-1.47637796401978 0.0216125324368477 0
0 1 0
1.42429459095001 0.0216125324368477 6.83768033981323
1.47637796401978 0.0216125324368477 6.88976383209229
1.47637796401978 0.0216125324368477 0
0 1 0
1.47637796401978 0.0216125324368477 6.88976383209229
1.42429459095001 0.0216125324368477 6.83768033981323
-1.47637796401978 0.0216125324368477 6.88976383209229
0 1 0
1.47637796401978 0.0216125324368477 6.88976383209229
-1.47637796401978 0.0216125324368477 6.88976383209229
-1.47637796401978 0.184875324368477 6.88976383209229
0 0 -1
-1.47637796401978 0.184875324368477 6.88976383209229
1.47637796401978 0.184875324368477 6.88976383209229
1.47637796401978 0.0216125324368477 6.88976383209229
0 0 -1
-1.47637796401978 -0.307250648736954 6.88976383209229
-1.47637796401978 -0.145792320370674 6.88976383209229
1.47637796401978 -0.145792320370674 6.88976383209229
0 0 -1
1.47637796401978 -0.145792320370674 6.88976383209229
1.47637796401978 -0.307250648736954 6.88976383209229
-1.47637796401978 -0.307250648736954 6.88976383209229
0 0 -1
-1.42429459095001 -0.145792320370674 6.83768033981323
-1.42429459095001 0.0216125324368477 6.83768033981323
1.42429459095001 0.0216125324368477 6.83768033981323
0 0 -1
1.42429459095001 0.0216125324368477 6.83768033981323
1.42429459095001 -0.145792320370674 6.83768033981323
-1.42429459095001 -0.145792320370674 6.83768033981323
0 0 -1
-1.64041996002197 0.184875324368477 0
-1.47637796401978 0.0216125324368477 0
-1.64041996002197 -0.307250648736954 0
0 0 -1
-1.47637796401978 0.0216125324368477 0
-1.64041996002197 0.184875324368477 0
-1.47637796401978 0.184875324368477 0
0 0 -1
-1.42429459095001 0.0216125324368477 0
-1.47637796401978 -0.145792320370674 0
-1.47637796401978 0.0216125324368477 0
0 0 -1
-1.47637796401978 -0.145792320370674 0
-1.64041996002197 -0.307250648736954 0
-1.47637796401978 0.0216125324368477 0
0 0 -1
-1.64041996002197 -0.307250648736954 0
-1.47637796401978 -0.145792320370674 0
-1.47637796401978 -0.307250648736954 0
0 0 -1
-1.42429459095001 -0.145792320370674 0
-1.47637796401978 -0.145792320370674 0
-1.42429459095001 0.0216125324368477 0
0 0 -1
-1.47637796401978 0.184875324368477 6.88976383209229
-1.47637796401978 0.0216125324368477 6.88976383209229
-1.47637796401978 0.0216125324368477 0
1 0 -3.22281883719759E-17
-1.47637796401978 0.0216125324368477 0
-1.47637796401978 0.184875324368477 0
-1.47637796401978 0.184875324368477 6.88976383209229
1 0 -3.22281883719759E-17
-1.64041996002197 0.184875324368477 0
-1.64041996002197 -0.307250648736954 0
-1.64041996002197 -0.307250648736954 7.21784782409668
-1 0 -3.14786956191393E-17
-1.64041996002197 -0.307250648736954 7.21784782409668
-1.64041996002197 0.184875324368477 7.21784782409668
-1.64041996002197 0.184875324368477 0
-1 0 -3.14786956191393E-17
-1.47637796401978 -0.307250648736954 0
-1.47637796401978 -0.145792320370674 0
-1.47637796401978 -0.145792320370674 6.88976383209229
1 0 -3.22281883719759E-17
-1.47637796401978 -0.145792320370674 6.88976383209229
-1.47637796401978 -0.307250648736954 6.88976383209229
-1.47637796401978 -0.307250648736954 0
1 0 -3.22281883719759E-17
-1.42429459095001 -0.145792320370674 0
-1.42429459095001 0.0216125324368477 0
-1.42429459095001 0.0216125324368477 6.83768033981323
1 0 -3.24736738828763E-17
-1.42429459095001 0.0216125324368477 6.83768033981323
-1.42429459095001 -0.145792320370674 6.83768033981323
-1.42429459095001 -0.145792320370674 0
1 0 -3.24736738828763E-17
1.64041996002197 0.184875324368477 7.21784782409668
-1.64041996002197 0.184875324368477 7.21784782409668
-1.64041996002197 -0.307250648736954 7.21784782409668
0 0 1
-1.64041996002197 -0.307250648736954 7.21784782409668
1.64041996002197 -0.307250648736954 7.21784782409668
1.64041996002197 0.184875324368477 7.21784782409668
0 0 1
-1.47637796401978 0.0372375324368477 6.88976383209229
-0.976377964019775 0.0372375324368477 6.38976383209229
0.976377964019775 0.0372375324368477 6.38976383209229
0 -1 0
-0.976377964019775 0.0372375324368477 6.38976383209229
-1.47637796401978 0.0372375324368477 6.88976383209229
-0.976377964019775 0.0372375324368477 3.59333992004395
0 -1 0
1.47637796401978 0.0372375324368477 6.88976383209229
0.976377964019775 0.0372375324368477 6.38976383209229
0.976377964019775 0.0372375324368477 3.59333992004395
0 -1 0
0.976377964019775 0.0372375324368477 6.38976383209229
1.47637796401978 0.0372375324368477 6.88976383209229
-1.47637796401978 0.0372375324368477 6.88976383209229
0 -1 0
-0.976377964019775 0.0372375324368477 3.59333992004395
-1.47637796401978 0.0372375324368477 -3.19744231092045E-14
1.47637796401978 0.0372375324368477 -3.19744231092045E-14
0 -1 0
-1.47637796401978 0.0372375324368477 -3.19744231092045E-14
-0.976377964019775 0.0372375324368477 3.59333992004395
-1.47637796401978 0.0372375324368477 6.88976383209229
0 -1 0
0.976377964019775 0.0372375324368477 3.59333992004395
1.47637796401978 0.0372375324368477 -3.19744231092045E-14
1.47637796401978 0.0372375324368477 6.88976383209229
0 -1 0
1.47637796401978 0.0372375324368477 -3.19744231092045E-14
0.976377964019775 0.0372375324368477 3.59333992004395
-0.976377964019775 0.0372375324368477 3.59333992004395
0 -1 0
-1.47637796401978 0.184875324368477 -3.19744231092045E-14
-0.976377964019775 0.184875324368477 3.59333992004395
1.47637796401978 0.184875324368477 -3.19744231092045E-14
0 1 0
-0.976377964019775 0.184875324368477 3.59333992004395
-1.47637796401978 0.184875324368477 -3.19744231092045E-14
-1.47637796401978 0.184875324368477 6.88976383209229
0 1 0
1.47637796401978 0.184875324368477 -3.19744231092045E-14
0.976377964019775 0.184875324368477 3.59333992004395
1.47637796401978 0.184875324368477 6.88976383209229
0 1 0
0.976377964019775 0.184875324368477 3.59333992004395
1.47637796401978 0.184875324368477 -3.19744231092045E-14
-0.976377964019775 0.184875324368477 3.59333992004395
0 1 0
-0.976377964019775 0.184875324368477 6.38976383209229
-1.47637796401978 0.184875324368477 6.88976383209229
0.976377964019775 0.184875324368477 6.38976383209229
0 1 0
-1.47637796401978 0.184875324368477 6.88976383209229
-0.976377964019775 0.184875324368477 6.38976383209229
-0.976377964019775 0.184875324368477 3.59333992004395
0 1 0
0.976377964019775 0.184875324368477 6.38976383209229
1.47637796401978 0.184875324368477 6.88976383209229
0.976377964019775 0.184875324368477 3.59333992004395
0 1 0
1.47637796401978 0.184875324368477 6.88976383209229
0.976377964019775 0.184875324368477 6.38976383209229
-1.47637796401978 0.184875324368477 6.88976383209229
0 1 0
-1.47637796401978 0.0372375324368477 6.88976383209229
-1.47637796401978 0.184875324368477 6.88976383209229
-1.47637796401978 0.184875324368477 -3.19744231092045E-14
-1 0 0
-1.47637796401978 0.184875324368477 -3.19744231092045E-14
-1.47637796401978 0.0372375324368477 -3.19744231092045E-14
-1.47637796401978 0.0372375324368477 6.88976383209229
-1 0 0
-1.47637796401978 0.0372375324368477 -3.19744231092045E-14
-1.47637796401978 0.184875324368477 -3.19744231092045E-14
1.47637796401978 0.184875324368477 -3.24185123190546E-14
-1.50398212402555E-16 0 -1
1.47637796401978 0.184875324368477 -3.24185123190546E-14
1.47637796401978 0.0372375324368477 -3.24185123190546E-14
-1.47637796401978 0.0372375324368477 -3.19744231092045E-14
-1.50398212402555E-16 0 -1
1.47637796401978 0.0372375324368477 -3.19744231092045E-14
1.47637796401978 0.184875324368477 -3.19744231092045E-14
1.47637796401978 0.184875324368477 6.88976383209229
1 0 0
1.47637796401978 0.184875324368477 6.88976383209229
1.47637796401978 0.0372375324368477 6.88976383209229
1.47637796401978 0.0372375324368477 -3.19744231092045E-14
1 0 0
1.47637796401978 0.0372375324368477 6.88976383209229
1.47637796401978 0.184875324368477 6.88976383209229
-1.47637796401978 0.184875324368477 6.88976383209229
0 0 1
-1.47637796401978 0.184875324368477 6.88976383209229
-1.47637796401978 0.0372375324368477 6.88976383209229
1.47637796401978 0.0372375324368477 6.88976383209229
0 0 1
-0.976377964019775 0.0372375324368477 6.38976383209229
-0.976377964019775 0.184875324368477 6.38976383209229
0.976377964019775 0.184875324368477 6.38976383209229
0 0 -1
0.976377964019775 0.184875324368477 6.38976383209229
0.976377964019775 0.0372375324368477 6.38976383209229
-0.976377964019775 0.0372375324368477 6.38976383209229
0 0 -1
0.976377964019775 0.0372375324368477 6.38976383209229
0.976377964019775 0.184875324368477 6.38976383209229
0.976377964019775 0.184875324368477 3.59333992004395
-1 0 3.97015284690264E-17
0.976377964019775 0.184875324368477 3.59333992004395
0.976377964019775 0.0372375324368477 3.59333992004395
0.976377964019775 0.0372375324368477 6.38976383209229
-1 0 3.97015284690264E-17
0.976377964019775 0.0372375324368477 3.59333992004395
0.976377964019775 0.184875324368477 3.59333992004395
-0.976377964019775 0.184875324368477 3.59333992004395
0 0 1
-0.976377964019775 0.184875324368477 3.59333992004395
-0.976377964019775 0.0372375324368477 3.59333992004395
0.976377964019775 0.0372375324368477 3.59333992004395
0 0 1
-0.976377964019775 0.0372375324368477 3.59333992004395
-0.976377964019775 0.184875324368477 3.59333992004395
-0.976377964019775 0.184875324368477 6.38976383209229
1 0 -3.97015284690264E-17
-0.976377964019775 0.184875324368477 6.38976383209229
-0.976377964019775 0.0372375324368477 6.38976383209229
-0.976377964019775 0.0372375324368477 3.59333992004395
1 0 -3.97015284690264E-17
-0.976377964019775 0.102854333817959 3.59333992004395
0.976377964019775 0.102854333817959 3.59333992004395
0.976377964019775 0.102854333817959 6.38976383209229
-3.23580545851068E-15 -1 0
0.976377964019775 0.102854333817959 6.38976383209229
-0.976377964019775 0.102854333817959 6.38976383209229
-0.976377964019775 0.102854333817959 3.59333992004395
-3.23580545851068E-15 -1 0
0.976377964019775 0.119258530437946 6.38976383209229
0.976377964019775 0.119258530437946 3.59333992004395
-0.976377964019775 0.119258530437946 3.59333992004395
3.23580545851068E-15 1 0
-0.976377964019775 0.119258530437946 3.59333992004395
-0.976377964019775 0.119258530437946 6.38976383209229
0.976377964019775 0.119258530437946 6.38976383209229
3.23580545851068E-15 1 0
-0.976377964019775 0.102854333817959 6.38976383209229
-0.976377964019775 0.119258530437946 6.38976383209229
-0.976377964019775 0.119258530437946 3.59333992004395
-1 0 3.97015284690264E-17
-0.976377964019775 0.119258530437946 3.59333992004395
-0.976377964019775 0.102854333817959 3.59333992004395
-0.976377964019775 0.102854333817959 6.38976383209229
-1 0 3.97015284690264E-17
-0.976377964019775 0.102854333817959 3.59333992004395
-0.976377964019775 0.119258530437946 3.59333992004395
0.976377964019775 0.119258530437946 3.59333992004395
0 0 -1
0.976377964019775 0.119258530437946 3.59333992004395
0.976377964019775 0.102854333817959 3.59333992004395
-0.976377964019775 0.102854333817959 3.59333992004395
0 0 -1
0.976377964019775 0.102854333817959 3.59333992004395
0.976377964019775 0.119258530437946 3.59333992004395
0.976377964019775 0.119258530437946 6.38976383209229
1 0 -3.97015284690264E-17
0.976377964019775 0.119258530437946 6.38976383209229
0.976377964019775 0.102854333817959 6.38976383209229
0.976377964019775 0.102854333817959 3.59333992004395
1 0 -3.97015284690264E-17
0.976377964019775 0.102854333817959 6.38976383209229
0.976377964019775 0.119258530437946 6.38976383209229
-0.976377964019775 0.119258530437946 6.38976383209229
0 0 1
-0.976377964019775 0.119258530437946 6.38976383209229
-0.976377964019775 0.102854333817959 6.38976383209229
0.976377964019775 0.102854333817959 6.38976383209229
0 0 1
[HEADER]
439989,M_Door-Passage-Single-One_Lite,6
344.542135665953 113.693010808994 0
1
-1 3.37736336623264E-15 0
-3.37736336623264E-15 -1 0
0 0 1
[HEADER]
440193,M_Door-Passage-Single-One_Lite,6
346.161722280126 126.14822734391 0
1
0 -1 0
1 0 0
0 0 1
[HEADER]
440230,M_Door-Passage-Double-Flush-Dbl_Acting 2,6
357.972745902173 100.10656067776 0
1
0 -1 0
1 0 0
0 0 1
[HEADER]
440267,M_Door-Passage-Double-Flush-Dbl_Acting 2,6
377.447109136167 91.4413703890455 0
1
-1 3.29568834065488E-15 0
-3.29568834065488E-15 -1 0
0 0 1
[LEVEL]
2F BIMS plan
[HEADER]
429514,M_Door-Passage-Single-Vision_Two_Lite 2,550
407.915987377631 202.996980631792 13.1233595800525
1
1.78613910428044E-15 1 0
-1 1.78613910428044E-15 0
0 0 1
1.64041996002197 -0.225229665637016 1.77635683940025E-15
1.47637796401978 0.103633530437946 1.77635683940025E-15
1.64041996002197 0.266896337270737 1.77635683940025E-15
0 0 -1
1.47637796401978 0.266896337270737 1.77635683940025E-15
1.64041996002197 0.266896337270737 1.77635683940025E-15
1.47637796401978 0.103633530437946 1.77635683940025E-15
0 0 -1
1.47637796401978 0.103633530437946 1.77635683940025E-15
1.47637796401978 -0.0637713223695755 1.77635683940025E-15
1.42429459095001 0.103633530437946 1.77635683940025E-15
0 0 -1
1.47637796401978 0.103633530437946 1.77635683940025E-15
1.64041996002197 -0.225229665637016 1.77635683940025E-15
1.47637796401978 -0.0637713223695755 1.77635683940025E-15
0 0 -1
1.47637796401978 -0.225229665637016 1.77635683940025E-15
1.47637796401978 -0.0637713223695755 1.77635683940025E-15
1.64041996002197 -0.225229665637016 1.77635683940025E-15
0 0 -1
1.42429459095001 0.103633530437946 1.77635683940025E-15
1.47637796401978 -0.0637713223695755 1.77635683940025E-15
1.42429459095001 -0.0637713223695755 1.77635683940025E-15
0 0 -1
1.47637796401978 0.103633530437946 0
1.47637796401978 0.103633530437946 6.88976383209229
1.47637796401978 0.266896337270737 6.88976383209229
-1 0 -9.66845651159278E-17
1.47637796401978 0.266896337270737 6.88976383209229
1.47637796401978 0.266896337270737 0
1.47637796401978 0.103633530437946 0
-1 0 -9.66845651159278E-17
-1.47637796401978 0.266896337270737 9.45349294028057E-24
-1.64041996002197 0.266896337270737 1.51255890199933E-23
-1.47637796401978 0.266896337270737 6.88976383209229
0 1 0
1.64041996002197 0.266896337270737 -5.67209568528225E-24
1.47637796401978 0.266896337270737 0
1.47637796401978 0.266896337270737 6.88976383209229
0 1 0
-1.47637796401978 0.266896337270737 6.88976383209229
-1.64041996002197 0.266896337270737 7.21784782409668
1.47637796401978 0.266896337270737 6.88976383209229
0 1 0
-1.64041996002197 0.266896337270737 7.21784782409668
-1.47637796401978 0.266896337270737 6.88976383209229
-1.64041996002197 0.266896337270737 1.51255890199933E-23
0 1 0
1.47637796401978 0.266896337270737 6.88976383209229
1.64041996002197 0.266896337270737 7.21784782409668
1.64041996002197 0.266896337270737 -5.67209568528225E-24
0 1 0
1.64041996002197 0.266896337270737 7.21784782409668
1.47637796401978 0.266896337270737 6.88976383209229
-1.64041996002197 0.266896337270737 7.21784782409668
0 1 0
1.64041996002197 0.266896337270737 0
1.64041996002197 0.266896337270737 7.21784782409668
1.64041996002197 -0.225229665637016 7.21784782409668
1 0 3.14786956191393E-17
1.64041996002197 -0.225229665637016 7.21784782409668
1.64041996002197 -0.225229665637016 0
1.64041996002197 0.266896337270737 0
1 0 3.14786956191393E-17
1.47637796401978 -0.225229665637016 2.46230507005482E-24
1.64041996002197 -0.225229665637016 1.32348898008484E-23
1.47637796401978 -0.225229665637016 6.88976383209229
0 -1 -7.86967390478482E-18
-1.64041996002197 -0.225229665637016 -3.693457407867E-24
-1.47637796401978 -0.225229665637016 -6.15576247792181E-24
-1.47637796401978 -0.225229665637016 6.88976383209229
0 -1 -7.86967390478482E-18
1.47637796401978 -0.225229665637016 6.88976383209229
1.64041996002197 -0.225229665637016 7.21784782409668
-1.47637796401978 -0.225229665637016 6.88976383209229
0 -1 -7.86967390478482E-18
1.64041996002197 -0.225229665637016 7.21784782409668
1.47637796401978 -0.225229665637016 6.88976383209229
1.64041996002197 -0.225229665637016 1.32348898008484E-23
0 -1 -7.86967390478482E-18
-1.47637796401978 -0.225229665637016 6.88976383209229
-1.64041996002197 -0.225229665637016 7.21784782409668
-1.64041996002197 -0.225229665637016 -3.693457407867E-24
0 -1 -7.86967390478482E-18
-1.64041996002197 -0.225229665637016 7.21784782409668
-1.47637796401978 -0.225229665637016 6.88976383209229
1.64041996002197 -0.225229665637016 7.21784782409668
0 -1 -7.86967390478482E-18
1.47637796401978 -0.225229665637016 0
1.47637796401978 -0.225229665637016 6.88976383209229
1.47637796401978 -0.0637713223695755 6.88976383209229
-1 0 -9.66845651159278E-17
1.47637796401978 -0.0637713223695755 6.88976383209229
1.47637796401978 -0.0637713223695755 0
1.47637796401978 -0.225229665637016 0
-1 0 -9.66845651159278E-17
1.42429459095001 -0.0637713223695755 9.37786484529704E-24
1.47637796401978 -0.0637713223695755 0
1.42429459095001 -0.0637713223695755 6.83768033981323
0 -1 -1.2085570639491E-17
-1.47637796401978 -0.0637713223695755 9.45349294028057E-24
-1.42429459095001 -0.0637713223695755 -1.31592617058649E-23
-1.42429459095001 -0.0637713223695755 6.83768033981323
0 -1 -1.2085570639491E-17
1.42429459095001 -0.0637713223695755 6.83768033981323
1.47637796401978 -0.0637713223695755 6.88976383209229
-1.42429459095001 -0.0637713223695755 6.83768033981323
0 -1 -1.2085570639491E-17
1.47637796401978 -0.0637713223695755 6.88976383209229
1.42429459095001 -0.0637713223695755 6.83768033981323
1.47637796401978 -0.0637713223695755 0
0 -1 -1.2085570639491E-17
-1.42429459095001 -0.0637713223695755 6.83768033981323
-1.47637796401978 -0.0637713223695755 6.88976383209229
-1.47637796401978 -0.0637713223695755 9.45349294028057E-24
0 -1 -1.2085570639491E-17
-1.47637796401978 -0.0637713223695755 6.88976383209229
-1.42429459095001 -0.0637713223695755 6.83768033981323
1.47637796401978 -0.0637713223695755 6.88976383209229
0 -1 -1.2085570639491E-17
1.42429459095001 -0.0637713223695755 0
1.42429459095001 -0.0637713223695755 6.83768033981323
1.42429459095001 0.103633530437946 6.83768033981323
-1 0 0
1.42429459095001 0.103633530437946 6.83768033981323
1.42429459095001 0.103633530437946 0
1.42429459095001 -0.0637713223695755 0
-1 0 0
-1.42429459095001 0.103633530437946 0
-1.47637796401978 0.103633530437946 0
-1.42429459095001 0.103633530437946 6.83768033981323
0 1 0
1.47637796401978 0.103633530437946 0
1.42429459095001 0.103633530437946 -1.32348898008484E-23
1.42429459095001 0.103633530437946 6.83768033981323
0 1 0
-1.42429459095001 0.103633530437946 6.83768033981323
-1.47637796401978 0.103633530437946 6.88976383209229
1.42429459095001 0.103633530437946 6.83768033981323
0 1 0
-1.47637796401978 0.103633530437946 6.88976383209229
-1.42429459095001 0.103633530437946 6.83768033981323
-1.47637796401978 0.103633530437946 0
0 1 0
1.42429459095001 0.103633530437946 6.83768033981323
1.47637796401978 0.103633530437946 6.88976383209229
1.47637796401978 0.103633530437946 0
0 1 0
1.47637796401978 0.103633530437946 6.88976383209229
1.42429459095001 0.103633530437946 6.83768033981323
-1.47637796401978 0.103633530437946 6.88976383209229
0 1 0
1.47637796401978 0.103633530437946 6.88976383209229
-1.47637796401978 0.103633530437946 6.88976383209229
-1.47637796401978 0.266896337270737 6.88976383209229
0 0 -1
-1.47637796401978 0.266896337270737 6.88976383209229
1.47637796401978 0.266896337270737 6.88976383209229
1.47637796401978 0.103633530437946 6.88976383209229
0 0 -1
-1.47637796401978 -0.225229665637016 6.88976383209229
-1.47637796401978 -0.0637713223695755 6.88976383209229
1.47637796401978 -0.0637713223695755 6.88976383209229
0 0 -1
1.47637796401978 -0.0637713223695755 6.88976383209229
1.47637796401978 -0.225229665637016 6.88976383209229
-1.47637796401978 -0.225229665637016 6.88976383209229
0 0 -1
-1.42429459095001 -0.0637713223695755 6.83768033981323
-1.42429459095001 0.103633530437946 6.83768033981323
1.42429459095001 0.103633530437946 6.83768033981323
0 0 -1
1.42429459095001 0.103633530437946 6.83768033981323
1.42429459095001 -0.0637713223695755 6.83768033981323
-1.42429459095001 -0.0637713223695755 6.83768033981323
0 0 -1
-1.64041996002197 0.266896337270737 0
-1.47637796401978 0.103633530437946 0
-1.64041996002197 -0.225229665637016 0
0 0 -1
-1.47637796401978 0.103633530437946 0
-1.64041996002197 0.266896337270737 0
-1.47637796401978 0.266896337270737 0
0 0 -1
-1.42429459095001 0.103633530437946 0
-1.47637796401978 -0.0637713223695755 0
-1.47637796401978 0.103633530437946 0
0 0 -1
-1.47637796401978 -0.0637713223695755 0
-1.64041996002197 -0.225229665637016 0
-1.47637796401978 0.103633530437946 0
0 0 -1
-1.64041996002197 -0.225229665637016 0
-1.47637796401978 -0.0637713223695755 0
-1.47637796401978 -0.225229665637016 0
0 0 -1
-1.42429459095001 -0.0637713223695755 0
-1.47637796401978 -0.0637713223695755 0
-1.42429459095001 0.103633530437946 0
0 0 -1
-1.47637796401978 0.266896337270737 6.88976383209229
-1.47637796401978 0.103633530437946 6.88976383209229
-1.47637796401978 0.103633530437946 0
1 0 -3.22281883719759E-17
-1.47637796401978 0.103633530437946 0
-1.47637796401978 0.266896337270737 0
-1.47637796401978 0.266896337270737 6.88976383209229
1 0 -3.22281883719759E-17
-1.64041996002197 0.266896337270737 0
-1.64041996002197 -0.225229665637016 0
-1.64041996002197 -0.225229665637016 7.21784782409668
-1 0 -3.14786956191393E-17
-1.64041996002197 -0.225229665637016 7.21784782409668
-1.64041996002197 0.266896337270737 7.21784782409668
-1.64041996002197 0.266896337270737 0
-1 0 -3.14786956191393E-17
-1.47637796401978 -0.225229665637016 0
-1.47637796401978 -0.0637713223695755 0
-1.47637796401978 -0.0637713223695755 6.88976383209229
1 0 -3.22281883719759E-17
-1.47637796401978 -0.0637713223695755 6.88976383209229
-1.47637796401978 -0.225229665637016 6.88976383209229
-1.47637796401978 -0.225229665637016 0
1 0 -3.22281883719759E-17
-1.42429459095001 -0.0637713223695755 0
-1.42429459095001 0.103633530437946 0
-1.42429459095001 0.103633530437946 6.83768033981323
1 0 -3.24736738828763E-17
-1.42429459095001 0.103633530437946 6.83768033981323
-1.42429459095001 -0.0637713223695755 6.83768033981323
-1.42429459095001 -0.0637713223695755 0
1 0 -3.24736738828763E-17
1.64041996002197 0.266896337270737 7.21784782409668
-1.64041996002197 0.266896337270737 7.21784782409668
-1.64041996002197 -0.225229665637016 7.21784782409668
0 0 1
-1.64041996002197 -0.225229665637016 7.21784782409668
1.64041996002197 -0.225229665637016 7.21784782409668
1.64041996002197 0.266896337270737 7.21784782409668
0 0 1
-1.47637796401978 0.119258530437946 6.88976383209229
-0.976377964019775 0.119258530437946 3.59333992004395
-0.976377964019775 0.119258530437946 6.38976383209229
0 -1 0
-0.976377964019775 0.119258530437946 3.59333992004395
-1.47637796401978 0.119258530437946 6.88976383209229
-1.47637796401978 0.119258530437946 -3.19744231092045E-14
0 -1 0
-1.47637796401978 0.119258530437946 6.88976383209229
-0.976377964019775 0.119258530437946 6.38976383209229
-0.559711277484894 0.119258530437946 6.38976383209229
0 -1 0
1.47637796401978 0.119258530437946 6.88976383209229
-0.559711277484894 0.119258530437946 6.38976383209229
-0.559711277484894 0.119258530437946 3.59333992004395
0 -1 0
-0.559711277484894 0.119258530437946 6.38976383209229
1.47637796401978 0.119258530437946 6.88976383209229
-1.47637796401978 0.119258530437946 6.88976383209229
0 -1 0
1.47637796401978 0.119258530437946 6.88976383209229
-0.559711277484894 0.119258530437946 3.59333992004395
1.47637796401978 0.119258530437946 -3.19744231092045E-14
0 -1 0
-0.976377964019775 0.119258530437946 3.59333992004395
-0.559711277484894 0.119258530437946 2.96833992004395
-0.559711277484894 0.119258530437946 3.59333992004395
0 -1 0
-0.976377964019775 0.119258530437946 2.96833992004395
-1.47637796401978 0.119258530437946 -3.19744231092045E-14
-0.976377964019775 0.119258530437946 0.833333313465118
0 -1 0
-1.47637796401978 0.119258530437946 -3.19744231092045E-14
-0.976377964019775 0.119258530437946 2.96833992004395
-0.976377964019775 0.119258530437946 3.59333992004395
0 -1 0
-0.976377964019775 0.119258530437946 0.833333313465118
-1.47637796401978 0.119258530437946 -3.19744231092045E-14
-0.559711277484894 0.119258530437946 0.833333313465118
0 -1 0
-0.559711277484894 0.119258530437946 2.96833992004395
-0.559711277484894 0.119258530437946 0.833333313465118
1.47637796401978 0.119258530437946 -3.19744231092045E-14
0 -1 0
1.47637796401978 0.119258530437946 -3.19744231092045E-14
-0.559711277484894 0.119258530437946 0.833333313465118
-1.47637796401978 0.119258530437946 -3.19744231092045E-14
0 -1 0
-0.559711277484894 0.119258530437946 2.96833992004395
1.47637796401978 0.119258530437946 -3.19744231092045E-14
-0.559711277484894 0.119258530437946 3.59333992004395
0 -1 0
-0.976377964019775 0.119258530437946 2.96833992004395
-0.559711277484894 0.119258530437946 2.96833992004395
-0.976377964019775 0.119258530437946 3.59333992004395
0 -1 0
-1.47637796401978 0.266896337270737 -3.19744231092045E-14
-0.976377964019775 0.266896337270737 2.96833992004395
-0.976377964019775 0.266896337270737 0.833333313465118
0 1 0
-0.976377964019775 0.266896337270737 2.96833992004395
-1.47637796401978 0.266896337270737 -3.19744231092045E-14
-0.976377964019775 0.266896337270737 3.59333992004395
0 1 0
-1.47637796401978 0.266896337270737 -3.19744231092045E-14
-0.976377964019775 0.266896337270737 0.833333313465118
-0.559711277484894 0.266896337270737 0.833333313465118
0 1 0
1.47637796401978 0.266896337270737 -3.19744231092045E-14
-0.559711277484894 0.266896337270737 0.833333313465118
-0.559711277484894 0.266896337270737 2.96833992004395
0 1 0
-0.559711277484894 0.266896337270737 0.833333313465118
1.47637796401978 0.266896337270737 -3.19744231092045E-14
-1.47637796401978 0.266896337270737 -3.19744231092045E-14
0 1 0
1.47637796401978 0.266896337270737 -3.19744231092045E-14
-0.559711277484894 0.266896337270737 2.96833992004395
-0.559711277484894 0.266896337270737 3.59333992004395
0 1 0
-0.976377964019775 0.266896337270737 2.96833992004395
-0.976377964019775 0.266896337270737 3.59333992004395
-0.559711277484894 0.266896337270737 2.96833992004395
0 1 0
-0.976377964019775 0.266896337270737 3.59333992004395
-1.47637796401978 0.266896337270737 6.88976383209229
-0.976377964019775 0.266896337270737 6.38976383209229
0 1 0
-1.47637796401978 0.266896337270737 6.88976383209229
-0.976377964019775 0.266896337270737 3.59333992004395
-1.47637796401978 0.266896337270737 -3.19744231092045E-14
0 1 0
-0.976377964019775 0.266896337270737 6.38976383209229
-1.47637796401978 0.266896337270737 6.88976383209229
-0.559711277484894 0.266896337270737 6.38976383209229
0 1 0
-0.559711277484894 0.266896337270737 3.59333992004395
-0.559711277484894 0.266896337270737 6.38976383209229
1.47637796401978 0.266896337270737 6.88976383209229
0 1 0
1.47637796401978 0.266896337270737 6.88976383209229
-0.559711277484894 0.266896337270737 6.38976383209229
-1.47637796401978 0.266896337270737 6.88976383209229
0 1 0
-0.559711277484894 0.266896337270737 3.59333992004395
1.47637796401978 0.266896337270737 6.88976383209229
1.47637796401978 0.266896337270737 -3.19744231092045E-14
0 1 0
-0.976377964019775 0.266896337270737 3.59333992004395
-0.559711277484894 0.266896337270737 3.59333992004395
-0.559711277484894 0.266896337270737 2.96833992004395
0 1 0
-1.47637796401978 0.119258530437946 6.88976383209229
-1.47637796401978 0.266896337270737 6.88976383209229
-1.47637796401978 0.266896337270737 -3.19744231092045E-14
-1 0 -3.22281883719758E-17
-1.47637796401978 0.266896337270737 -3.19744231092045E-14
-1.47637796401978 0.119258530437946 -3.19744231092045E-14
-1.47637796401978 0.119258530437946 6.88976383209229
-1 0 -3.22281883719758E-17
-1.47637796401978 0.119258530437946 -3.19744231092045E-14
-1.47637796401978 0.266896337270737 -3.19744231092045E-14
1.47637796401978 0.266896337270737 -3.24185123190546E-14
-1.50398212402555E-16 0 -1
1.47637796401978 0.266896337270737 -3.24185123190546E-14
1.47637796401978 0.119258530437946 -3.24185123190546E-14
-1.47637796401978 0.119258530437946 -3.19744231092045E-14
-1.50398212402555E-16 0 -1
1.47637796401978 0.119258530437946 -3.19744231092045E-14
1.47637796401978 0.266896337270737 -3.19744231092045E-14
1.47637796401978 0.266896337270737 6.88976383209229
1 0 3.22281883719758E-17
1.47637796401978 0.266896337270737 6.88976383209229
1.47637796401978 0.119258530437946 6.88976383209229
1.47637796401978 0.119258530437946 -3.19744231092045E-14
1 0 3.22281883719758E-17
1.47637796401978 0.119258530437946 6.88976383209229
1.47637796401978 0.266896337270737 6.88976383209229
-1.47637796401978 0.266896337270737 6.88976383209229
0 0 1
-1.47637796401978 0.266896337270737 6.88976383209229
-1.47637796401978 0.119258530437946 6.88976383209229
1.47637796401978 0.119258530437946 6.88976383209229
0 0 1
-0.976377964019775 0.119258530437946 6.38976383209229
-0.976377964019775 0.266896337270737 6.38976383209229
-0.559711277484894 0.266896337270737 6.38976383209229
0 0 -1
-0.559711277484894 0.266896337270737 6.38976383209229
-0.559711277484894 0.119258530437946 6.38976383209229
-0.976377964019775 0.119258530437946 6.38976383209229
0 0 -1
-0.559711277484894 0.119258530437946 6.38976383209229
-0.559711277484894 0.266896337270737 6.38976383209229
-0.559711277484894 0.266896337270737 3.59333992004395
-1 0 0
-0.559711277484894 0.266896337270737 3.59333992004395
-0.559711277484894 0.119258530437946 3.59333992004395
-0.559711277484894 0.119258530437946 6.38976383209229
-1 0 0
-0.559711277484894 0.119258530437946 3.59333992004395
-0.559711277484894 0.266896337270737 3.59333992004395
-0.976377964019775 0.266896337270737 3.59333992004395
0 0 1
-0.976377964019775 0.266896337270737 3.59333992004395
-0.976377964019775 0.119258530437946 3.59333992004395
-0.559711277484894 0.119258530437946 3.59333992004395
0 0 1
-0.976377964019775 0.119258530437946 3.59333992004395
-0.976377964019775 0.266896337270737 3.59333992004395
-0.976377964019775 0.266896337270737 6.38976383209229
1 0 0
-0.976377964019775 0.266896337270737 6.38976383209229
-0.976377964019775 0.119258530437946 6.38976383209229
-0.976377964019775 0.119258530437946 3.59333992004395
1 0 0
-0.976377964019775 0.119258530437946 2.96833992004395
-0.976377964019775 0.266896337270737 2.96833992004395
-0.559711277484894 0.266896337270737 2.96833992004395
0 0 -1
-0.559711277484894 0.266896337270737 2.96833992004395
-0.559711277484894 0.119258530437946 2.96833992004395
-0.976377964019775 0.119258530437946 2.96833992004395
0 0 -1
-0.559711277484894 0.119258530437946 2.96833992004395
-0.559711277484894 0.266896337270737 2.96833992004395
-0.559711277484894 0.266896337270737 0.833333313465118
-1 0 0
-0.559711277484894 0.266896337270737 0.833333313465118
-0.559711277484894 0.119258530437946 0.833333313465118
-0.559711277484894 0.119258530437946 2.96833992004395
-1 0 0
-0.559711277484894 0.119258530437946 0.833333313465118
-0.559711277484894 0.266896337270737 0.833333313465118
-0.976377964019775 0.266896337270737 0.833333313465118
0 0 1
-0.976377964019775 0.266896337270737 0.833333313465118
-0.976377964019775 0.119258530437946 0.833333313465118
-0.559711277484894 0.119258530437946 0.833333313465118
0 0 1
-0.976377964019775 0.119258530437946 0.833333313465118
-0.976377964019775 0.266896337270737 0.833333313465118
-0.976377964019775 0.266896337270737 2.96833992004395
1 0 0
-0.976377964019775 0.266896337270737 2.96833992004395
-0.976377964019775 0.119258530437946 2.96833992004395
-0.976377964019775 0.119258530437946 0.833333313465118
1 0 0
-0.559711277484894 0.184875324368477 6.38976383209229
-0.976377964019775 0.184875324368477 6.38976383209229
-0.976377964019775 0.184875324368477 3.59333992004395
-3.23172538725815E-15 -1 0
-0.976377964019775 0.184875324368477 3.59333992004395
-0.559711277484894 0.184875324368477 3.59333992004395
-0.559711277484894 0.184875324368477 6.38976383209229
-3.23172538725815E-15 -1 0
-0.559711277484894 0.184875324368477 2.96833992004395
-0.976377964019775 0.184875324368477 2.96833992004395
-0.976377964019775 0.184875324368477 0.833333313465118
-3.23172538725815E-15 -1 0
-0.976377964019775 0.184875324368477 0.833333313465118
-0.559711277484894 0.184875324368477 0.833333313465118
-0.559711277484894 0.184875324368477 2.96833992004395
-3.23172538725815E-15 -1 0
-0.559711277484894 0.201279520988464 3.59333992004395
-0.976377964019775 0.201279520988464 3.59333992004395
-0.976377964019775 0.201279520988464 6.38976383209229
3.23172538725815E-15 1 0
-0.976377964019775 0.201279520988464 6.38976383209229
-0.559711277484894 0.201279520988464 6.38976383209229
-0.559711277484894 0.201279520988464 3.59333992004395
3.23172538725815E-15 1 0
-0.559711277484894 0.201279520988464 0.833333313465118
-0.976377964019775 0.201279520988464 0.833333313465118
-0.976377964019775 0.201279520988464 2.96833992004395
3.23172538725815E-15 1 0
-0.976377964019775 0.201279520988464 2.96833992004395
-0.559711277484894 0.201279520988464 2.96833992004395
-0.559711277484894 0.201279520988464 0.833333313465118
3.23172538725815E-15 1 0
-0.976377964019775 0.184875324368477 6.38976383209229
-0.976377964019775 0.201279520988464 6.38976383209229
-0.976377964019775 0.201279520988464 3.59333992004395
-1 0 0
-0.976377964019775 0.201279520988464 3.59333992004395
-0.976377964019775 0.184875324368477 3.59333992004395
-0.976377964019775 0.184875324368477 6.38976383209229
-1 0 0
-0.976377964019775 0.184875324368477 3.59333992004395
-0.976377964019775 0.201279520988464 3.59333992004395
-0.559711277484894 0.201279520988464 3.59333992004395
0 0 -1
-0.559711277484894 0.201279520988464 3.59333992004395
-0.559711277484894 0.184875324368477 3.59333992004395
-0.976377964019775 0.184875324368477 3.59333992004395
0 0 -1
-0.559711277484894 0.184875324368477 3.59333992004395
-0.559711277484894 0.201279520988464 3.59333992004395
-0.559711277484894 0.201279520988464 6.38976383209229
1 0 0
-0.559711277484894 0.201279520988464 6.38976383209229
-0.559711277484894 0.184875324368477 6.38976383209229
-0.559711277484894 0.184875324368477 3.59333992004395
1 0 0
-0.559711277484894 0.184875324368477 6.38976383209229
-0.559711277484894 0.201279520988464 6.38976383209229
-0.976377964019775 0.201279520988464 6.38976383209229
0 0 1
-0.976377964019775 0.201279520988464 6.38976383209229
-0.976377964019775 0.184875324368477 6.38976383209229
-0.559711277484894 0.184875324368477 6.38976383209229
0 0 1
-0.976377964019775 0.184875324368477 2.96833992004395
-0.976377964019775 0.201279520988464 2.96833992004395
-0.976377964019775 0.201279520988464 0.833333313465118
-1 0 0
-0.976377964019775 0.201279520988464 0.833333313465118
-0.976377964019775 0.184875324368477 0.833333313465118
-0.976377964019775 0.184875324368477 2.96833992004395
-1 0 0
-0.976377964019775 0.184875324368477 0.833333313465118
-0.976377964019775 0.201279520988464 0.833333313465118
-0.559711277484894 0.201279520988464 0.833333313465118
0 0 -1
-0.559711277484894 0.201279520988464 0.833333313465118
-0.559711277484894 0.184875324368477 0.833333313465118
-0.976377964019775 0.184875324368477 0.833333313465118
0 0 -1
-0.559711277484894 0.184875324368477 0.833333313465118
-0.559711277484894 0.201279520988464 0.833333313465118
-0.559711277484894 0.201279520988464 2.96833992004395
1 0 0
-0.559711277484894 0.201279520988464 2.96833992004395
-0.559711277484894 0.184875324368477 2.96833992004395
-0.559711277484894 0.184875324368477 0.833333313465118
1 0 0
-0.559711277484894 0.184875324368477 2.96833992004395
-0.559711277484894 0.201279520988464 2.96833992004395
-0.976377964019775 0.201279520988464 2.96833992004395
0 0 1
-0.976377964019775 0.201279520988464 2.96833992004395
-0.976377964019775 0.184875324368477 2.96833992004395
-0.559711277484894 0.184875324368477 2.96833992004395
0 0 1
[HEADER]
429515,M_Door-Passage-Single-Vision_Two_Lite 2,6
407.915987377631 216.168742410539 13.1233595800525
1
1.78613910428044E-15 1 0
-1 1.78613910428044E-15 0
0 0 1
[HEADER]
429516,M_Door-Passage-Single-Vision_Two_Lite 2,6
407.915987377631 224.650523938879 13.1233595800525
1
1.78613910428044E-15 1 0
-1 1.78613910428044E-15 0
0 0 1
[HEADER]
429517,M_Door-Passage-Single-Vision_Two_Lite 2,6
407.915987377631 237.836970833003 13.1233595800525
1
1.78613910428044E-15 1 0
-1 1.78613910428044E-15 0
0 0 1
[HEADER]
429518,M_Door-Passage-Single-Vision_Two_Lite 2,6
407.915987377631 246.367154560037 13.1233595800525
1
1.78613910428044E-15 1 0
-1 1.78613910428044E-15 0
0 0 1
[HEADER]
429519,M_Door-Passage-Single-Vision_Two_Lite 2,6
407.915987377631 259.49051414009 13.1233595800525
1
1.78613910428044E-15 1 0
-1 1.78613910428044E-15 0
0 0 1
[HEADER]
429520,M_Door-Passage-Single-Vision_Two_Lite 2,6
407.915987377631 267.995340205319 13.1233595800525
1
1.78613910428044E-15 1 0
-1 1.78613910428044E-15 0
0 0 1
[HEADER]
429521,M_Door-Passage-Single-Vision_Two_Lite 2,6
407.915987377631 281.118699785372 13.1233595800525
1
1.78613910428044E-15 1 0
-1 1.78613910428044E-15 0
0 0 1
[HEADER]
429522,M_Door-Passage-Single-Vision_Two_Lite 2,6
407.915987377631 289.61115386014 13.1233595800525
1
1.78613910428044E-15 1 0
-1 1.78613910428044E-15 0
0 0 1
[HEADER]
429523,M_Door-Passage-Single-Vision_Two_Lite 2,6
407.915987377631 302.772243092458 13.1233595800525
1
1.78613910428044E-15 1 0
-1 1.78613910428044E-15 0
0 0 1
[HEADER]
429524,0762 x 2134mm,278
411.504077928812 300.80373915545 13.1233595800525
1
-1 0 0
0 -1 0
0 0 1
-1.49934387207031 0.410104990005493 7.25065612792969
-1.25 0.410104990005493 7.00131225585938
-1.49934387207031 0.410104990005493 0
-1.86407339295249E-15 1 0
-1.25 0.410104990005493 7.00131225585938
-1.49934387207031 0.410104990005493 7.25065612792969
1.25 0.410104990005493 7.00131225585938
-1.86407339295249E-15 1 0
-1.25 0.410104990005493 0
-1.49934387207031 0.410104990005493 0
-1.25 0.410104990005493 7.00131225585938
-1.86407339295249E-15 1 0
1.25 0.410104990005493 7.00131225585938
1.49934387207031 0.410104990005493 7.25065612792969
1.49934387207031 0.410104990005493 0
-1.86407339295249E-15 1 0
1.49934387207031 0.410104990005493 7.25065612792969
1.25 0.410104990005493 7.00131225585938
-1.49934387207031 0.410104990005493 7.25065612792969
-1.86407339295249E-15 1 0
1.49934387207031 0.410104990005493 0
1.25 0.410104990005493 0
1.25 0.410104990005493 7.00131225585938
-1.86407339295249E-15 1 0
1.49934387207031 0.328083992004395 7.25065612792969
1.25 0.328083992004395 7.00131225585938
1.49934387207031 0.328083992004395 0
1.86407339295249E-15 -1 0
1.25 0.328083992004395 7.00131225585938
1.49934387207031 0.328083992004395 7.25065612792969
-1.25 0.328083992004395 7.00131225585938
1.86407339295249E-15 -1 0
1.25 0.328083992004395 0
1.49934387207031 0.328083992004395 0
1.25 0.328083992004395 7.00131225585938
1.86407339295249E-15 -1 0
-1.25 0.328083992004395 7.00131225585938
-1.49934387207031 0.328083992004395 7.25065612792969
-1.49934387207031 0.328083992004395 0
1.86407339295249E-15 -1 0
-1.49934387207031 0.328083992004395 7.25065612792969
-1.25 0.328083992004395 7.00131225585938
1.49934387207031 0.328083992004395 7.25065612792969
1.86407339295249E-15 -1 0
-1.49934387207031 0.328083992004395 0
-1.25 0.328083992004395 0
-1.25 0.328083992004395 7.00131225585938
1.86407339295249E-15 -1 0
-1.49934387207031 0.410104990005493 7.25065612792969
-1.49934387207031 0.328083992004395 7.25065612792969
1.49934387207031 0.328083992004395 7.25065612792969
0 0 1
1.49934387207031 0.328083992004395 7.25065612792969
1.49934387207031 0.410104990005493 7.25065612792969
-1.49934387207031 0.410104990005493 7.25065612792969
0 0 1
1.49934387207031 0.410104990005493 7.25065612792969
1.49934387207031 0.328083992004395 7.25065612792969
1.49934387207031 0.328083992004395 0
1 2.70716782324658E-15 0
1.49934387207031 0.328083992004395 0
1.49934387207031 0.410104990005493 0
1.49934387207031 0.410104990005493 7.25065612792969
1 2.70716782324658E-15 0
1.49934387207031 0.410104990005493 0
1.49934387207031 0.328083992004395 0
1.25 0.328083992004395 0
0 0 -1
1.25 0.328083992004395 0
1.25 0.410104990005493 0
1.49934387207031 0.410104990005493 0
0 0 -1
1.25 0.410104990005493 0
1.25 0.328083992004395 0
1.25 0.328083992004395 7.00131225585938
-1 -2.70716782324658E-15 0
1.25 0.328083992004395 7.00131225585938
1.25 0.410104990005493 7.00131225585938
1.25 0.410104990005493 0
-1 -2.70716782324658E-15 0
1.25 0.410104990005493 7.00131225585938
1.25 0.328083992004395 7.00131225585938
-1.25 0.328083992004395 7.00131225585938
0 0 -1
-1.25 0.328083992004395 7.00131225585938
-1.25 0.410104990005493 7.00131225585938
1.25 0.410104990005493 7.00131225585938
0 0 -1
-1.25 0.410104990005493 7.00131225585938
-1.25 0.328083992004395 7.00131225585938
-1.25 0.328083992004395 0
1 2.70716782324658E-15 0
-1.25 0.328083992004395 0
-1.25 0.410104990005493 0
-1.25 0.410104990005493 7.00131225585938
1 2.70716782324658E-15 0
-1.25 0.410104990005493 0
-1.25 0.328083992004395 0
-1.49934387207031 0.328083992004395 0
0 0 -1
-1.49934387207031 0.328083992004395 0
-1.49934387207031 0.410104990005493 0
-1.25 0.410104990005493 0
0 0 -1
-1.49934387207031 0.410104990005493 0
-1.49934387207031 0.328083992004395 0
-1.49934387207031 0.328083992004395 7.25065612792969
-1 -2.70716782324658E-15 0
-1.49934387207031 0.328083992004395 7.25065612792969
-1.49934387207031 0.410104990005493 7.25065612792969
-1.49934387207031 0.410104990005493 0
-1 -2.70716782324658E-15 0
1.49934387207031 -0.410104990005493 7.25065612792969
1.25 -0.410104990005493 7.00131225585938
1.49934387207031 -0.410104990005493 0
1.86407339295249E-15 -1 0
1.25 -0.410104990005493 7.00131225585938
1.49934387207031 -0.410104990005493 7.25065612792969
-1.25 -0.410104990005493 7.00131225585938
1.86407339295249E-15 -1 0
1.25 -0.410104990005493 0
1.49934387207031 -0.410104990005493 0
1.25 -0.410104990005493 7.00131225585938
1.86407339295249E-15 -1 0
-1.25 -0.410104990005493 7.00131225585938
-1.49934387207031 -0.410104990005493 7.25065612792969
-1.49934387207031 -0.410104990005493 0
1.86407339295249E-15 -1 0
-1.49934387207031 -0.410104990005493 7.25065612792969
-1.25 -0.410104990005493 7.00131225585938
1.49934387207031 -0.410104990005493 7.25065612792969
1.86407339295249E-15 -1 0
-1.49934387207031 -0.410104990005493 0
-1.25 -0.410104990005493 0
-1.25 -0.410104990005493 7.00131225585938
1.86407339295249E-15 -1 0
-1.49934387207031 -0.328083992004395 7.25065612792969
-1.25 -0.328083992004395 7.00131225585938
-1.49934387207031 -0.328083992004395 0
-1.86407339295249E-15 1 0
-1.25 -0.328083992004395 7.00131225585938
-1.49934387207031 -0.328083992004395 7.25065612792969
1.25 -0.328083992004395 7.00131225585938
-1.86407339295249E-15 1 0
-1.25 -0.328083992004395 0
-1.49934387207031 -0.328083992004395 0
-1.25 -0.328083992004395 7.00131225585938
-1.86407339295249E-15 1 0
1.25 -0.328083992004395 7.00131225585938
1.49934387207031 -0.328083992004395 7.25065612792969
1.49934387207031 -0.328083992004395 0
-1.86407339295249E-15 1 0
1.49934387207031 -0.328083992004395 7.25065612792969
1.25 -0.328083992004395 7.00131225585938
-1.49934387207031 -0.328083992004395 7.25065612792969
-1.86407339295249E-15 1 0
1.49934387207031 -0.328083992004395 0
1.25 -0.328083992004395 0
1.25 -0.328083992004395 7.00131225585938
-1.86407339295249E-15 1 0
1.49934387207031 -0.410104990005493 7.25065612792969
1.49934387207031 -0.328083992004395 7.25065612792969
-1.49934387207031 -0.328083992004395 7.25065612792969
0 0 1
-1.49934387207031 -0.328083992004395 7.25065612792969
-1.49934387207031 -0.410104990005493 7.25065612792969
1.49934387207031 -0.410104990005493 7.25065612792969
0 0 1
-1.49934387207031 -0.410104990005493 7.25065612792969
-1.49934387207031 -0.328083992004395 7.25065612792969
-1.49934387207031 -0.328083992004395 0
-1 -2.70716782324538E-15 0
-1.49934387207031 -0.328083992004395 0
-1.49934387207031 -0.410104990005493 0
-1.49934387207031 -0.410104990005493 7.25065612792969
-1 -2.70716782324538E-15 0
-1.49934387207031 -0.410104990005493 0
-1.49934387207031 -0.328083992004395 0
-1.25 -0.328083992004395 0
0 0 -1
-1.25 -0.328083992004395 0
-1.25 -0.410104990005493 0
-1.49934387207031 -0.410104990005493 0
0 0 -1
-1.25 -0.410104990005493 0
-1.25 -0.328083992004395 0
-1.25 -0.328083992004395 7.00131225585938
1 2.70716782324538E-15 0
-1.25 -0.328083992004395 7.00131225585938
-1.25 -0.410104990005493 7.00131225585938
-1.25 -0.410104990005493 0
1 2.70716782324538E-15 0
-1.25 -0.410104990005493 7.00131225585938
-1.25 -0.328083992004395 7.00131225585938
1.25 -0.328083992004395 7.00131225585938
0 0 -1
1.25 -0.328083992004395 7.00131225585938
1.25 -0.410104990005493 7.00131225585938
-1.25 -0.410104990005493 7.00131225585938
0 0 -1
1.25 -0.410104990005493 7.00131225585938
1.25 -0.328083992004395 7.00131225585938
1.25 -0.328083992004395 0
-1 -2.70716782324538E-15 0
1.25 -0.328083992004395 0
1.25 -0.410104990005493 0
1.25 -0.410104990005493 7.00131225585938
-1 -2.70716782324538E-15 0
1.25 -0.410104990005493 0
1.25 -0.328083992004395 0
1.49934387207031 -0.328083992004395 0
0 0 -1
1.49934387207031 -0.328083992004395 0
1.49934387207031 -0.410104990005493 0
1.25 -0.410104990005493 0
0 0 -1
1.49934387207031 -0.410104990005493 0
1.49934387207031 -0.328083992004395 0
1.49934387207031 -0.328083992004395 7.25065612792969
1 2.70716782324538E-15 0
1.49934387207031 -0.328083992004395 7.25065612792969
1.49934387207031 -0.410104990005493 7.25065612792969
1.49934387207031 -0.410104990005493 0
1 2.70716782324538E-15 0
-1.25 0.160761147737503 7.00131225585938
-1.25 0.160761147737503 0
1.25 0.160761147737503 0
0 -1 0
1.25 0.160761147737503 0
1.25 0.160761147737503 7.00131225585938
-1.25 0.160761147737503 7.00131225585938
0 -1 0
1.25 0.328083992004395 0
-1.25 0.328083992004395 0
-1.25 0.328083992004395 7.00131225585938
0 1 0
-1.25 0.328083992004395 7.00131225585938
1.25 0.328083992004395 7.00131225585938
1.25 0.328083992004395 0
0 1 0
1.25 0.160761147737503 7.00131225585938
1.25 0.328083992004395 7.00131225585938
-1.25 0.328083992004395 7.00131225585938
0 0 1
-1.25 0.328083992004395 7.00131225585938
-1.25 0.160761147737503 7.00131225585938
1.25 0.160761147737503 7.00131225585938
0 0 1
-1.25 0.160761147737503 7.00131225585938
-1.25 0.328083992004395 7.00131225585938
-1.25 0.328083992004395 0
-1 0 0
-1.25 0.328083992004395 0
-1.25 0.160761147737503 0
-1.25 0.160761147737503 7.00131225585938
-1 0 0
-1.25 0.160761147737503 0
-1.25 0.328083992004395 0
1.25 0.328083992004395 0
0 0 -1
1.25 0.328083992004395 0
1.25 0.160761147737503 0
-1.25 0.160761147737503 0
0 0 -1
1.25 0.160761147737503 0
1.25 0.328083992004395 0
1.25 0.328083992004395 7.00131225585938
1 0 0
1.25 0.328083992004395 7.00131225585938
1.25 0.160761147737503 7.00131225585938
1.25 0.160761147737503 0
1 0 0
[HEADER]
429525,0762 x 2134mm,6
411.504077928812 291.579657797148 13.1233595800525
1
1 0 0
0 1 0
0 0 1
[HEADER]
429526,0762 x 2134mm,6
411.504077928812 279.150195848364 13.1233595800525
1
-1 0 0
0 -1 0
0 0 1
[HEADER]
429527,0762 x 2134mm,6
411.504077928812 269.963844142327 13.1233595800525
1
1 0 0
0 1 0
0 0 1
[HEADER]
429528,0762 x 2134mm,6
411.471269527282 257.522010203082 13.1233595800525
1
-1 0 0
0 -1 0
0 0 1
[HEADER]
429529,0762 x 2134mm,6
411.471269527282 248.335658497045 13.1233595800525
1
1 -5.12599824758409E-15 0
5.12599824758409E-15 1 0
0 0 1
[HEADER]
429530,0762 x 2134mm,6
411.504077928812 235.868466895995 13.1233595800525
1
-1 5.11010160988298E-15 0
-5.11010160988298E-15 -1 0
0 0 1
[HEADER]
429531,0762 x 2134mm,6
411.504077928812 226.619027875887 13.1233595800525
1
1 -5.09584531434539E-15 0
5.09584531434539E-15 1 0
0 0 1
[HEADER]
429532,0762 x 2134mm,6
411.471269527282 214.200238473531 13.1233595800525
1
-1 5.12599824758404E-15 0
-5.12599824758404E-15 -1 0
0 0 1
[HEADER]
429533,0762 x 2134mm,6
411.471269527282 204.9654845688 13.1233595800525
1
1 -5.12599824758404E-15 0
5.12599824758404E-15 1 0
0 0 1
[HEADER]
429534,0762 x 2134mm,6
413.913833138765 187.910038367016 13.1233595800525
1
1 -2.66962620544914E-15 0
2.66962620544914E-15 1 0
0 0 1
[HEADER]
429535,0762 x 2134mm,6
407.895154044297 186.179395322396 13.1233595800525
1
-1.78613910428044E-15 -1 0
1 -1.78613910428044E-15 0
0 0 1
[HEADER]
441105,M_Door-Passage-Double-Flush-Dbl_Acting 3,214
287.37350049535 111.182922226317 13.1233595800525
1
-1 3.06954461848363E-15 0
-3.06954461848363E-15 -1 0
0 0 1
4.10104990005493 0.184875324368477 0
4.26509189605713 0.184875324368477 0
4.26509189605713 -0.307250648736954 0
0 0 -1
4.26509189605713 -0.307250648736954 0
4.10104990005493 -0.307250648736954 0
4.10104990005493 0.184875324368477 0
0 0 -1
4.10104990005493 -0.307250648736954 0
4.10104990005493 -0.307250648736954 7.21784782409668
4.10104990005493 0.184875324368477 7.21784782409668
-1 0 0
4.10104990005493 0.184875324368477 7.21784782409668
4.10104990005493 0.184875324368477 0
4.10104990005493 -0.307250648736954 0
-1 0 0
-4.10104990005493 0.184875324368477 0
-4.26509189605713 0.184875324368477 1.32348898008484E-23
-4.10104990005493 0.184875324368477 7.21784782409668
0 1 -7.69081767967608E-18
4.26509189605713 0.184875324368477 1.32348898008484E-23
4.10104990005493 0.184875324368477 0
4.10104990005493 0.184875324368477 7.21784782409668
0 1 -7.69081767967608E-18
-4.10104990005493 0.184875324368477 7.21784782409668
-4.26509189605713 0.184875324368477 7.54593181610107
4.10104990005493 0.184875324368477 7.21784782409668
0 1 -7.69081767967608E-18
-4.26509189605713 0.184875324368477 7.54593181610107
-4.10104990005493 0.184875324368477 7.21784782409668
-4.26509189605713 0.184875324368477 1.32348898008484E-23
0 1 -7.69081767967608E-18
4.10104990005493 0.184875324368477 7.21784782409668
4.26509189605713 0.184875324368477 7.54593181610107
4.26509189605713 0.184875324368477 1.32348898008484E-23
0 1 -7.69081767967608E-18
4.26509189605713 0.184875324368477 7.54593181610107
4.10104990005493 0.184875324368477 7.21784782409668
-4.26509189605713 0.184875324368477 7.54593181610107
0 1 -7.69081767967608E-18
4.26509189605713 0.184875324368477 0
4.26509189605713 0.184875324368477 7.54593181610107
4.26509189605713 -0.307250648736954 7.54593181610107
1 0 1.20318569922044E-16
4.26509189605713 -0.307250648736954 7.54593181610107
4.26509189605713 -0.307250648736954 0
4.26509189605713 0.184875324368477 0
1 0 1.20318569922044E-16
4.10104990005493 -0.307250648736954 1.20584552220051E-23
4.26509189605713 -0.307250648736954 1.32348898008484E-23
4.10104990005493 -0.307250648736954 7.21784782409668
0 -1 0
-4.26509189605713 -0.307250648736954 1.82347391275153E-23
-4.10104990005493 -0.307250648736954 3.26460619294853E-23
-4.10104990005493 -0.307250648736954 7.21784782409668
0 -1 0
4.10104990005493 -0.307250648736954 7.21784782409668
4.26509189605713 -0.307250648736954 7.54593181610107
-4.10104990005493 -0.307250648736954 7.21784782409668
0 -1 0
4.26509189605713 -0.307250648736954 7.54593181610107
4.10104990005493 -0.307250648736954 7.21784782409668
4.26509189605713 -0.307250648736954 1.32348898008484E-23
0 -1 0
-4.10104990005493 -0.307250648736954 7.21784782409668
-4.26509189605713 -0.307250648736954 7.54593181610107
-4.26509189605713 -0.307250648736954 1.82347391275153E-23
0 -1 0
-4.26509189605713 -0.307250648736954 7.54593181610107
-4.10104990005493 -0.307250648736954 7.21784782409668
4.26509189605713 -0.307250648736954 7.54593181610107
0 -1 0
4.10104990005493 -0.307250648736954 7.21784782409668
-4.10104990005493 -0.307250648736954 7.21784782409668
-4.10104990005493 0.184875324368477 7.21784782409668
0 0 -1
-4.10104990005493 0.184875324368477 7.21784782409668
4.10104990005493 0.184875324368477 7.21784782409668
4.10104990005493 -0.307250648736954 7.21784782409668
0 0 -1
-4.10104990005493 0.184875324368477 0
-4.10104990005493 -0.307250648736954 0
-4.26509189605713 -0.307250648736954 0
0 0 -1
-4.26509189605713 -0.307250648736954 0
-4.26509189605713 0.184875324368477 0
-4.10104990005493 0.184875324368477 0
0 0 -1
-4.10104990005493 0.184875324368477 7.21784782409668
-4.10104990005493 -0.307250648736954 7.21784782409668
-4.10104990005493 -0.307250648736954 0
1 0 0
-4.10104990005493 -0.307250648736954 0
-4.10104990005493 0.184875324368477 0
-4.10104990005493 0.184875324368477 7.21784782409668
1 0 0
-4.26509189605713 0.184875324368477 0
-4.26509189605713 -0.307250648736954 0
-4.26509189605713 -0.307250648736954 7.54593181610107
-1 0 0
-4.26509189605713 -0.307250648736954 7.54593181610107
-4.26509189605713 0.184875324368477 7.54593181610107
-4.26509189605713 0.184875324368477 0
-1 0 0
4.26509189605713 0.184875324368477 7.54593181610107
-4.26509189605713 0.184875324368477 7.54593181610107
-4.26509189605713 -0.307250648736954 7.54593181610107
0 0 1
-4.26509189605713 -0.307250648736954 7.54593181610107
4.26509189605713 -0.307250648736954 7.54593181610107
4.26509189605713 0.184875324368477 7.54593181610107
0 0 1
4.10104990005493 0.0372375324368477 7.21784782409668
0.00520833348855376 0.0372375324368477 7.21784782409668
4.10104990005493 0.0372375324368477 -3.19744231092045E-14
0 -1 0
0.00520833348855376 0.0372375324368477 -3.19744231092045E-14
4.10104990005493 0.0372375324368477 -3.19744231092045E-14
0.00520833348855376 0.0372375324368477 7.21784782409668
0 -1 0
-0.00520833348855376 0.0372375324368477 7.21784782409668
-4.10104990005493 0.0372375324368477 7.21784782409668
-0.00520833348855376 0.0372375324368477 -3.19744231092045E-14
0 -1 0
-4.10104990005493 0.0372375324368477 -3.19744231092045E-14
-0.00520833348855376 0.0372375324368477 -3.19744231092045E-14
-4.10104990005493 0.0372375324368477 7.21784782409668
0 -1 0
4.10104990005493 0.184875324368477 -3.19744231092045E-14
0.00520833348855376 0.184875324368477 -3.19744231092045E-14
4.10104990005493 0.184875324368477 7.21784782409668
0 1 0
0.00520833348855376 0.184875324368477 7.21784782409668
4.10104990005493 0.184875324368477 7.21784782409668
0.00520833348855376 0.184875324368477 -3.19744231092045E-14
0 1 0
-0.00520833348855376 0.184875324368477 -3.19744231092045E-14
-4.10104990005493 0.184875324368477 -3.19744231092045E-14
-0.00520833348855376 0.184875324368477 7.21784782409668
0 1 0
-4.10104990005493 0.184875324368477 7.21784782409668
-0.00520833348855376 0.184875324368477 7.21784782409668
-4.10104990005493 0.184875324368477 -3.19744231092045E-14
0 1 0
0.00520833348855376 0.0372375324368477 7.21784782409668
0.00520833348855376 0.184875324368477 7.21784782409668
0.00520833348855376 0.184875324368477 -3.19744231092045E-14
-1 0 4.20591591857284E-18
0.00520833348855376 0.184875324368477 -3.19744231092045E-14
0.00520833348855376 0.0372375324368477 -3.19744231092045E-14
0.00520833348855376 0.0372375324368477 7.21784782409668
-1 0 4.20591591857284E-18
0.00520833348855376 0.0372375324368477 -3.19744231092045E-14
0.00520833348855376 0.184875324368477 -3.19744231092045E-14
4.10104990005493 0.184875324368477 -3.24185123190546E-14
-1.08424411932994E-16 0 -1
4.10104990005493 0.184875324368477 -3.24185123190546E-14
4.10104990005493 0.0372375324368477 -3.24185123190546E-14
0.00520833348855376 0.0372375324368477 -3.19744231092045E-14
-1.08424411932994E-16 0 -1
4.10104990005493 0.0372375324368477 -3.19744231092045E-14
4.10104990005493 0.184875324368477 -3.19744231092045E-14
4.10104990005493 0.184875324368477 7.21784782409668
1 0 0
4.10104990005493 0.184875324368477 7.21784782409668
4.10104990005493 0.0372375324368477 7.21784782409668
4.10104990005493 0.0372375324368477 -3.19744231092045E-14
1 0 0
4.10104990005493 0.0372375324368477 7.21784782409668
4.10104990005493 0.184875324368477 7.21784782409668
0.00520833348855376 0.184875324368477 7.21784782409668
0 0 1
0.00520833348855376 0.184875324368477 7.21784782409668
0.00520833348855376 0.0372375324368477 7.21784782409668
4.10104990005493 0.0372375324368477 7.21784782409668
0 0 1
-0.00520833348855376 0.0372375324368477 -3.19744231092045E-14
-0.00520833348855376 0.184875324368477 -3.19744231092045E-14
-0.00520833348855376 0.184875324368477 7.21784782409668
1 0 -4.8548286602955E-17
-0.00520833348855376 0.184875324368477 7.21784782409668
-0.00520833348855376 0.0372375324368477 7.21784782409668
-0.00520833348855376 0.0372375324368477 -3.19744231092045E-14
1 0 -4.8548286602955E-17
-0.00520833348855376 0.0372375324368477 7.21784782409668
-0.00520833348855376 0.184875324368477 7.21784782409668
-4.10104990005493 0.184875324368477 7.21784782409668
0 0 1
-4.10104990005493 0.184875324368477 7.21784782409668
-4.10104990005493 0.0372375324368477 7.21784782409668
-0.00520833348855376 0.0372375324368477 7.21784782409668
0 0 1
-4.10104990005493 0.0372375324368477 7.21784782409668
-4.10104990005493 0.184875324368477 7.21784782409668
-4.10104990005493 0.184875324368477 -3.19744231092045E-14
-1 0 0
-4.10104990005493 0.184875324368477 -3.19744231092045E-14
-4.10104990005493 0.0372375324368477 -3.19744231092045E-14
-4.10104990005493 0.0372375324368477 7.21784782409668
-1 0 0
-4.10104990005493 0.0372375324368477 -3.19744231092045E-14
-4.10104990005493 0.184875324368477 -3.19744231092045E-14
-0.00520833348855376 0.184875324368477 -3.24185123190546E-14
-1.08424411932994E-16 0 -1
-0.00520833348855376 0.184875324368477 -3.24185123190546E-14
-0.00520833348855376 0.0372375324368477 -3.24185123190546E-14
-4.10104990005493 0.0372375324368477 -3.19744231092045E-14
-1.08424411932994E-16 0 -1
[HEADER]
441139,M_Door-Passage-Double-Flush-Dbl_Acting 3,6
287.37350049535 101.553903197445 13.1233595800525
1
1 -3.10172193063809E-15 0
3.10172193063809E-15 1 0
0 0 1
[HEADER]
441202,M_Door-Passage-Double-Flush-Dbl_Acting 3,6
297.523270836557 106.368412711881 13.1233595800525
1
-1.20360361714304E-15 -1 0
1 -1.20360361714304E-15 0
0 0 1
[HEADER]
441278,M_Door-Passage-Single-One_Lite,422
258.934360075402 101.595569864112 13.1233595800525
1
-1 3.10172193063809E-15 0
-3.10172193063809E-15 -1 0
0 0 1
1.64041996002197 -0.307250648736954 1.77635683940025E-15
1.47637796401978 0.0216125324368477 1.77635683940025E-15
1.64041996002197 0.184875324368477 1.77635683940025E-15
0 0 -1
1.47637796401978 0.184875324368477 1.77635683940025E-15
1.64041996002197 0.184875324368477 1.77635683940025E-15
1.47637796401978 0.0216125324368477 1.77635683940025E-15
0 0 -1
1.47637796401978 0.0216125324368477 1.77635683940025E-15
1.47637796401978 -0.145792320370674 1.77635683940025E-15
1.42429459095001 0.0216125324368477 1.77635683940025E-15
0 0 -1
1.47637796401978 0.0216125324368477 1.77635683940025E-15
1.64041996002197 -0.307250648736954 1.77635683940025E-15
1.47637796401978 -0.145792320370674 1.77635683940025E-15
0 0 -1
1.47637796401978 -0.307250648736954 1.77635683940025E-15
1.47637796401978 -0.145792320370674 1.77635683940025E-15
1.64041996002197 -0.307250648736954 1.77635683940025E-15
0 0 -1
1.42429459095001 0.0216125324368477 1.77635683940025E-15
1.47637796401978 -0.145792320370674 1.77635683940025E-15
1.42429459095001 -0.145792320370674 1.77635683940025E-15
0 0 -1
1.47637796401978 0.0216125324368477 0
1.47637796401978 0.0216125324368477 6.88976383209229
1.47637796401978 0.184875324368477 6.88976383209229
-1 0 0
1.47637796401978 0.184875324368477 6.88976383209229
1.47637796401978 0.184875324368477 0
1.47637796401978 0.0216125324368477 0
-1 0 0
-1.47637796401978 0.184875324368477 1.32348898008484E-23
-1.64041996002197 0.184875324368477 1.32348898008484E-23
-1.47637796401978 0.184875324368477 6.88976383209229
0 1 -8.05704709299398E-18
1.64041996002197 0.184875324368477 0
1.47637796401978 0.184875324368477 1.32348898008484E-23
1.47637796401978 0.184875324368477 6.88976383209229
0 1 -8.05704709299398E-18
-1.47637796401978 0.184875324368477 6.88976383209229
-1.64041996002197 0.184875324368477 7.21784782409668
1.47637796401978 0.184875324368477 6.88976383209229
0 1 -8.05704709299398E-18
-1.64041996002197 0.184875324368477 7.21784782409668
-1.47637796401978 0.184875324368477 6.88976383209229
-1.64041996002197 0.184875324368477 1.32348898008484E-23
0 1 -8.05704709299398E-18
1.47637796401978 0.184875324368477 6.88976383209229
1.64041996002197 0.184875324368477 7.21784782409668
1.64041996002197 0.184875324368477 0
0 1 -8.05704709299398E-18
1.64041996002197 0.184875324368477 7.21784782409668
1.47637796401978 0.184875324368477 6.88976383209229
-1.64041996002197 0.184875324368477 7.21784782409668
0 1 -8.05704709299398E-18
1.64041996002197 0.184875324368477 0
1.64041996002197 0.184875324368477 7.21784782409668
1.64041996002197 -0.307250648736954 7.21784782409668
1 0 3.14786956191393E-17
1.64041996002197 -0.307250648736954 7.21784782409668
1.64041996002197 -0.307250648736954 0
1.64041996002197 0.184875324368477 0
1 0 3.14786956191393E-17
1.47637796401978 -0.307250648736954 2.46230507005482E-24
1.64041996002197 -0.307250648736954 1.32348898008484E-23
1.47637796401978 -0.307250648736954 6.88976383209229
0 -1 1.57393478095696E-17
-1.64041996002197 -0.307250648736954 -3.693457407867E-24
-1.47637796401978 -0.307250648736954 -6.15576247792181E-24
-1.47637796401978 -0.307250648736954 6.88976383209229
0 -1 1.57393478095696E-17
1.47637796401978 -0.307250648736954 6.88976383209229
1.64041996002197 -0.307250648736954 7.21784782409668
-1.47637796401978 -0.307250648736954 6.88976383209229
0 -1 1.57393478095696E-17
1.64041996002197 -0.307250648736954 7.21784782409668
1.47637796401978 -0.307250648736954 6.88976383209229
1.64041996002197 -0.307250648736954 1.32348898008484E-23
0 -1 1.57393478095696E-17
-1.47637796401978 -0.307250648736954 6.88976383209229
-1.64041996002197 -0.307250648736954 7.21784782409668
-1.64041996002197 -0.307250648736954 -3.693457407867E-24
0 -1 1.57393478095696E-17
-1.64041996002197 -0.307250648736954 7.21784782409668
-1.47637796401978 -0.307250648736954 6.88976383209229
1.64041996002197 -0.307250648736954 7.21784782409668
0 -1 1.57393478095696E-17
1.47637796401978 -0.307250648736954 0
1.47637796401978 -0.307250648736954 6.88976383209229
1.47637796401978 -0.145792320370674 6.88976383209229
-1 0 0
1.47637796401978 -0.145792320370674 6.88976383209229
1.47637796401978 -0.145792320370674 0
1.47637796401978 -0.307250648736954 0
-1 0 0
1.42429459095001 -0.145792320370674 0
1.47637796401978 -0.145792320370674 0
1.42429459095001 -0.145792320370674 6.83768033981323
0 -1 4.02852354649699E-18
-1.47637796401978 -0.145792320370674 1.32348898008484E-23
-1.42429459095001 -0.145792320370674 -1.32348898008484E-23
-1.42429459095001 -0.145792320370674 6.83768033981323
0 -1 4.02852354649699E-18
1.42429459095001 -0.145792320370674 6.83768033981323
1.47637796401978 -0.145792320370674 6.88976383209229
-1.42429459095001 -0.145792320370674 6.83768033981323
0 -1 4.02852354649699E-18
1.47637796401978 -0.145792320370674 6.88976383209229
1.42429459095001 -0.145792320370674 6.83768033981323
1.47637796401978 -0.145792320370674 0
0 -1 4.02852354649699E-18
-1.42429459095001 -0.145792320370674 6.83768033981323
-1.47637796401978 -0.145792320370674 6.88976383209229
-1.47637796401978 -0.145792320370674 1.32348898008484E-23
0 -1 4.02852354649699E-18
-1.47637796401978 -0.145792320370674 6.88976383209229
-1.42429459095001 -0.145792320370674 6.83768033981323
1.47637796401978 -0.145792320370674 6.88976383209229
0 -1 4.02852354649699E-18
1.42429459095001 -0.145792320370674 0
1.42429459095001 -0.145792320370674 6.83768033981323
1.42429459095001 0.0216125324368477 6.83768033981323
-1 0 0
1.42429459095001 0.0216125324368477 6.83768033981323
1.42429459095001 0.0216125324368477 0
1.42429459095001 -0.145792320370674 0
-1 0 0
-1.42429459095001 0.0216125324368477 0
-1.47637796401978 0.0216125324368477 0
-1.42429459095001 0.0216125324368477 6.83768033981323
0 1 0
1.47637796401978 0.0216125324368477 0
1.42429459095001 0.0216125324368477 -1.32348898008484E-23
1.42429459095001 0.0216125324368477 6.83768033981323
0 1 0
-1.42429459095001 0.0216125324368477 6.83768033981323
-1.47637796401978 0.0216125324368477 6.88976383209229
1.42429459095001 0.0216125324368477 6.83768033981323
0 1 0
-1.47637796401978 0.0216125324368477 6.88976383209229
-1.42429459095001 0.0216125324368477 6.83768033981323
-1.47637796401978 0.0216125324368477 0
0 1 0
1.42429459095001 0.0216125324368477 6.83768033981323
1.47637796401978 0.0216125324368477 6.88976383209229
1.47637796401978 0.0216125324368477 0
0 1 0
1.47637796401978 0.0216125324368477 6.88976383209229
1.42429459095001 0.0216125324368477 6.83768033981323
-1.47637796401978 0.0216125324368477 6.88976383209229
0 1 0
1.47637796401978 0.0216125324368477 6.88976383209229
-1.47637796401978 0.0216125324368477 6.88976383209229
-1.47637796401978 0.184875324368477 6.88976383209229
0 0 -1
-1.47637796401978 0.184875324368477 6.88976383209229
1.47637796401978 0.184875324368477 6.88976383209229
1.47637796401978 0.0216125324368477 6.88976383209229
0 0 -1
-1.47637796401978 -0.307250648736954 6.88976383209229
-1.47637796401978 -0.145792320370674 6.88976383209229
1.47637796401978 -0.145792320370674 6.88976383209229
0 0 -1
1.47637796401978 -0.145792320370674 6.88976383209229
1.47637796401978 -0.307250648736954 6.88976383209229
-1.47637796401978 -0.307250648736954 6.88976383209229
0 0 -1
-1.42429459095001 -0.145792320370674 6.83768033981323
-1.42429459095001 0.0216125324368477 6.83768033981323
1.42429459095001 0.0216125324368477 6.83768033981323
0 0 -1
1.42429459095001 0.0216125324368477 6.83768033981323
1.42429459095001 -0.145792320370674 6.83768033981323
-1.42429459095001 -0.145792320370674 6.83768033981323
0 0 -1
-1.64041996002197 0.184875324368477 0
-1.47637796401978 0.0216125324368477 0
-1.64041996002197 -0.307250648736954 0
0 0 -1
-1.47637796401978 0.0216125324368477 0
-1.64041996002197 0.184875324368477 0
-1.47637796401978 0.184875324368477 0
0 0 -1
-1.42429459095001 0.0216125324368477 0
-1.47637796401978 -0.145792320370674 0
-1.47637796401978 0.0216125324368477 0
0 0 -1
-1.47637796401978 -0.145792320370674 0
-1.64041996002197 -0.307250648736954 0
-1.47637796401978 0.0216125324368477 0
0 0 -1
-1.64041996002197 -0.307250648736954 0
-1.47637796401978 -0.145792320370674 0
-1.47637796401978 -0.307250648736954 0
0 0 -1
-1.42429459095001 -0.145792320370674 0
-1.47637796401978 -0.145792320370674 0
-1.42429459095001 0.0216125324368477 0
0 0 -1
-1.47637796401978 0.184875324368477 6.88976383209229
-1.47637796401978 0.0216125324368477 6.88976383209229
-1.47637796401978 0.0216125324368477 0
1 0 -3.22281883719759E-17
-1.47637796401978 0.0216125324368477 0
-1.47637796401978 0.184875324368477 0
-1.47637796401978 0.184875324368477 6.88976383209229
1 0 -3.22281883719759E-17
-1.64041996002197 0.184875324368477 0
-1.64041996002197 -0.307250648736954 0
-1.64041996002197 -0.307250648736954 7.21784782409668
-1 0 -3.14786956191393E-17
-1.64041996002197 -0.307250648736954 7.21784782409668
-1.64041996002197 0.184875324368477 7.21784782409668
-1.64041996002197 0.184875324368477 0
-1 0 -3.14786956191393E-17
-1.47637796401978 -0.307250648736954 0
-1.47637796401978 -0.145792320370674 0
-1.47637796401978 -0.145792320370674 6.88976383209229
1 0 -3.22281883719759E-17
-1.47637796401978 -0.145792320370674 6.88976383209229
-1.47637796401978 -0.307250648736954 6.88976383209229
-1.47637796401978 -0.307250648736954 0
1 0 -3.22281883719759E-17
-1.42429459095001 -0.145792320370674 0
-1.42429459095001 0.0216125324368477 0
-1.42429459095001 0.0216125324368477 6.83768033981323
1 0 -3.24736738828763E-17
-1.42429459095001 0.0216125324368477 6.83768033981323
-1.42429459095001 -0.145792320370674 6.83768033981323
-1.42429459095001 -0.145792320370674 0
1 0 -3.24736738828763E-17
1.64041996002197 0.184875324368477 7.21784782409668
-1.64041996002197 0.184875324368477 7.21784782409668
-1.64041996002197 -0.307250648736954 7.21784782409668
0 0 1
-1.64041996002197 -0.307250648736954 7.21784782409668
1.64041996002197 -0.307250648736954 7.21784782409668
1.64041996002197 0.184875324368477 7.21784782409668
0 0 1
-1.47637796401978 0.0372375324368477 6.88976383209229
-0.976377964019775 0.0372375324368477 6.38976383209229
0.976377964019775 0.0372375324368477 6.38976383209229
0 -1 0
-0.976377964019775 0.0372375324368477 6.38976383209229
-1.47637796401978 0.0372375324368477 6.88976383209229
-0.976377964019775 0.0372375324368477 3.59333992004395
0 -1 0
1.47637796401978 0.0372375324368477 6.88976383209229
0.976377964019775 0.0372375324368477 6.38976383209229
0.976377964019775 0.0372375324368477 3.59333992004395
0 -1 0
0.976377964019775 0.0372375324368477 6.38976383209229
1.47637796401978 0.0372375324368477 6.88976383209229
-1.47637796401978 0.0372375324368477 6.88976383209229
0 -1 0
-0.976377964019775 0.0372375324368477 3.59333992004395
-1.47637796401978 0.0372375324368477 -3.19744231092045E-14
1.47637796401978 0.0372375324368477 -3.19744231092045E-14
0 -1 0
-1.47637796401978 0.0372375324368477 -3.19744231092045E-14
-0.976377964019775 0.0372375324368477 3.59333992004395
-1.47637796401978 0.0372375324368477 6.88976383209229
0 -1 0
0.976377964019775 0.0372375324368477 3.59333992004395
1.47637796401978 0.0372375324368477 -3.19744231092045E-14
1.47637796401978 0.0372375324368477 6.88976383209229
0 -1 0
1.47637796401978 0.0372375324368477 -3.19744231092045E-14
0.976377964019775 0.0372375324368477 3.59333992004395
-0.976377964019775 0.0372375324368477 3.59333992004395
0 -1 0
-1.47637796401978 0.184875324368477 -3.19744231092045E-14
-0.976377964019775 0.184875324368477 3.59333992004395
1.47637796401978 0.184875324368477 -3.19744231092045E-14
0 1 0
-0.976377964019775 0.184875324368477 3.59333992004395
-1.47637796401978 0.184875324368477 -3.19744231092045E-14
-1.47637796401978 0.184875324368477 6.88976383209229
0 1 0
1.47637796401978 0.184875324368477 -3.19744231092045E-14
0.976377964019775 0.184875324368477 3.59333992004395
1.47637796401978 0.184875324368477 6.88976383209229
0 1 0
0.976377964019775 0.184875324368477 3.59333992004395
1.47637796401978 0.184875324368477 -3.19744231092045E-14
-0.976377964019775 0.184875324368477 3.59333992004395
0 1 0
-0.976377964019775 0.184875324368477 6.38976383209229
-1.47637796401978 0.184875324368477 6.88976383209229
0.976377964019775 0.184875324368477 6.38976383209229
0 1 0
-1.47637796401978 0.184875324368477 6.88976383209229
-0.976377964019775 0.184875324368477 6.38976383209229
-0.976377964019775 0.184875324368477 3.59333992004395
0 1 0
0.976377964019775 0.184875324368477 6.38976383209229
1.47637796401978 0.184875324368477 6.88976383209229
0.976377964019775 0.184875324368477 3.59333992004395
0 1 0
1.47637796401978 0.184875324368477 6.88976383209229
0.976377964019775 0.184875324368477 6.38976383209229
-1.47637796401978 0.184875324368477 6.88976383209229
0 1 0
-1.47637796401978 0.0372375324368477 6.88976383209229
-1.47637796401978 0.184875324368477 6.88976383209229
-1.47637796401978 0.184875324368477 -3.19744231092045E-14
-1 0 0
-1.47637796401978 0.184875324368477 -3.19744231092045E-14
-1.47637796401978 0.0372375324368477 -3.19744231092045E-14
-1.47637796401978 0.0372375324368477 6.88976383209229
-1 0 0
-1.47637796401978 0.0372375324368477 -3.19744231092045E-14
-1.47637796401978 0.184875324368477 -3.19744231092045E-14
1.47637796401978 0.184875324368477 -3.24185123190546E-14
-1.50398212402555E-16 0 -1
1.47637796401978 0.184875324368477 -3.24185123190546E-14
1.47637796401978 0.0372375324368477 -3.24185123190546E-14
-1.47637796401978 0.0372375324368477 -3.19744231092045E-14
-1.50398212402555E-16 0 -1
1.47637796401978 0.0372375324368477 -3.19744231092045E-14
1.47637796401978 0.184875324368477 -3.19744231092045E-14
1.47637796401978 0.184875324368477 6.88976383209229
1 0 0
1.47637796401978 0.184875324368477 6.88976383209229
1.47637796401978 0.0372375324368477 6.88976383209229
1.47637796401978 0.0372375324368477 -3.19744231092045E-14
1 0 0
1.47637796401978 0.0372375324368477 6.88976383209229
1.47637796401978 0.184875324368477 6.88976383209229
-1.47637796401978 0.184875324368477 6.88976383209229
0 0 1
-1.47637796401978 0.184875324368477 6.88976383209229
-1.47637796401978 0.0372375324368477 6.88976383209229
1.47637796401978 0.0372375324368477 6.88976383209229
0 0 1
-0.976377964019775 0.0372375324368477 6.38976383209229
-0.976377964019775 0.184875324368477 6.38976383209229
0.976377964019775 0.184875324368477 6.38976383209229
0 0 -1
0.976377964019775 0.184875324368477 6.38976383209229
0.976377964019775 0.0372375324368477 6.38976383209229
-0.976377964019775 0.0372375324368477 6.38976383209229
0 0 -1
0.976377964019775 0.0372375324368477 6.38976383209229
0.976377964019775 0.184875324368477 6.38976383209229
0.976377964019775 0.184875324368477 3.59333992004395
-1 0 3.97015284690264E-17
0.976377964019775 0.184875324368477 3.59333992004395
0.976377964019775 0.0372375324368477 3.59333992004395
0.976377964019775 0.0372375324368477 6.38976383209229
-1 0 3.97015284690264E-17
0.976377964019775 0.0372375324368477 3.59333992004395
0.976377964019775 0.184875324368477 3.59333992004395
-0.976377964019775 0.184875324368477 3.59333992004395
0 0 1
-0.976377964019775 0.184875324368477 3.59333992004395
-0.976377964019775 0.0372375324368477 3.59333992004395
0.976377964019775 0.0372375324368477 3.59333992004395
0 0 1
-0.976377964019775 0.0372375324368477 3.59333992004395
-0.976377964019775 0.184875324368477 3.59333992004395
-0.976377964019775 0.184875324368477 6.38976383209229
1 0 -3.97015284690264E-17
-0.976377964019775 0.184875324368477 6.38976383209229
-0.976377964019775 0.0372375324368477 6.38976383209229
-0.976377964019775 0.0372375324368477 3.59333992004395
1 0 -3.97015284690264E-17
-0.976377964019775 0.102854333817959 3.59333992004395
0.976377964019775 0.102854333817959 3.59333992004395
0.976377964019775 0.102854333817959 6.38976383209229
-3.23580545851068E-15 -1 0
0.976377964019775 0.102854333817959 6.38976383209229
-0.976377964019775 0.102854333817959 6.38976383209229
-0.976377964019775 0.102854333817959 3.59333992004395
-3.23580545851068E-15 -1 0
0.976377964019775 0.119258530437946 6.38976383209229
0.976377964019775 0.119258530437946 3.59333992004395
-0.976377964019775 0.119258530437946 3.59333992004395
3.23580545851068E-15 1 0
-0.976377964019775 0.119258530437946 3.59333992004395
-0.976377964019775 0.119258530437946 6.38976383209229
0.976377964019775 0.119258530437946 6.38976383209229
3.23580545851068E-15 1 0
-0.976377964019775 0.102854333817959 6.38976383209229
-0.976377964019775 0.119258530437946 6.38976383209229
-0.976377964019775 0.119258530437946 3.59333992004395
-1 0 3.97015284690264E-17
-0.976377964019775 0.119258530437946 3.59333992004395
-0.976377964019775 0.102854333817959 3.59333992004395
-0.976377964019775 0.102854333817959 6.38976383209229
-1 0 3.97015284690264E-17
-0.976377964019775 0.102854333817959 3.59333992004395
-0.976377964019775 0.119258530437946 3.59333992004395
0.976377964019775 0.119258530437946 3.59333992004395
0 0 -1
0.976377964019775 0.119258530437946 3.59333992004395
0.976377964019775 0.102854333817959 3.59333992004395
-0.976377964019775 0.102854333817959 3.59333992004395
0 0 -1
0.976377964019775 0.102854333817959 3.59333992004395
0.976377964019775 0.119258530437946 3.59333992004395
0.976377964019775 0.119258530437946 6.38976383209229
1 0 -3.97015284690264E-17
0.976377964019775 0.119258530437946 6.38976383209229
0.976377964019775 0.102854333817959 6.38976383209229
0.976377964019775 0.102854333817959 3.59333992004395
1 0 -3.97015284690264E-17
0.976377964019775 0.102854333817959 6.38976383209229
0.976377964019775 0.119258530437946 6.38976383209229
-0.976377964019775 0.119258530437946 6.38976383209229
0 0 1
-0.976377964019775 0.119258530437946 6.38976383209229
-0.976377964019775 0.102854333817959 6.38976383209229
0.976377964019775 0.102854333817959 6.38976383209229
0 0 1
[HEADER]
441342,M_Door-Passage-Single-One_Lite,6
269.000797083276 111.14125555965 13.1233595800525
1
1 -3.06954461848363E-15 0
3.06954461848363E-15 1 0
0 0 1
[HEADER]
441364,M_Door-Passage-Single-One_Lite,6
274.250140915297 111.14125555965 13.1233595800525
1
-1 3.06954461848363E-15 0
-3.06954461848363E-15 -1 0
0 0 1
[HEADER]
442529,1700 x 2000mm,358
309.043448001911 124.235497684601 13.1233595800525
1
-1 2.88764567812907E-15 0
-2.88764567812907E-15 -1 0
0 0 1
-0.0820209980010986 0.498687654733658 6.56167984008789
0.0820209980010986 0.498687654733658 6.39763784408569
0.0820209980010986 0.498687654733658 0.164041996002197
3.23074900165921E-15 1 0
0.0820209980010986 0.498687654733658 6.39763784408569
-0.0820209980010986 0.498687654733658 6.56167984008789
2.62467193603516 0.498687654733658 6.39763784408569
3.23074900165921E-15 1 0
-0.0820209980010986 0.498687654733658 -1.77635683940025E-15
0.0820209980010986 0.498687654733658 0.164041996002197
2.62467193603516 0.498687654733658 0.164041996002197
3.23074900165921E-15 1 0
0.0820209980010986 0.498687654733658 0.164041996002197
-0.0820209980010986 0.498687654733658 -1.77635683940025E-15
-0.0820209980010986 0.498687654733658 6.56167984008789
3.23074900165921E-15 1 0
2.62467193603516 0.498687654733658 6.39763784408569
2.78871393203735 0.498687654733658 6.56167984008789
2.62467193603516 0.498687654733658 0.164041996002197
3.23074900165921E-15 1 0
2.78871393203735 0.498687654733658 6.56167984008789
2.62467193603516 0.498687654733658 6.39763784408569
-0.0820209980010986 0.498687654733658 6.56167984008789
3.23074900165921E-15 1 0
2.62467193603516 0.498687654733658 0.164041996002197
2.78871393203735 0.498687654733658 -1.77635683940025E-15
-0.0820209980010986 0.498687654733658 -1.77635683940025E-15
3.23074900165921E-15 1 0
2.78871393203735 0.498687654733658 -1.77635683940025E-15
2.62467193603516 0.498687654733658 0.164041996002197
2.78871393203735 0.498687654733658 6.56167984008789
3.23074900165921E-15 1 0
2.78871393203735 0.334645658731461 6.56167984008789
2.62467193603516 0.334645658731461 6.39763784408569
2.62467193603516 0.334645658731461 0.164041996002197
-3.23074900165921E-15 -1 0
2.62467193603516 0.334645658731461 6.39763784408569
2.78871393203735 0.334645658731461 6.56167984008789
0.0820209980010986 0.334645658731461 6.39763784408569
-3.23074900165921E-15 -1 0
2.78871393203735 0.334645658731461 -1.77635683940025E-15
2.62467193603516 0.334645658731461 0.164041996002197
0.0820209980010986 0.334645658731461 0.164041996002197
-3.23074900165921E-15 -1 0
2.62467193603516 0.334645658731461 0.164041996002197
2.78871393203735 0.334645658731461 -1.77635683940025E-15
2.78871393203735 0.334645658731461 6.56167984008789
-3.23074900165921E-15 -1 0
0.0820209980010986 0.334645658731461 6.39763784408569
-0.0820209980010986 0.334645658731461 6.56167984008789
0.0820209980010986 0.334645658731461 0.164041996002197
-3.23074900165921E-15 -1 0
-0.0820209980010986 0.334645658731461 6.56167984008789
0.0820209980010986 0.334645658731461 6.39763784408569
2.78871393203735 0.334645658731461 6.56167984008789
-3.23074900165921E-15 -1 0
0.0820209980010986 0.334645658731461 0.164041996002197
-0.0820209980010986 0.334645658731461 -1.77635683940025E-15
2.78871393203735 0.334645658731461 -1.77635683940025E-15
-3.23074900165921E-15 -1 0
-0.0820209980010986 0.334645658731461 -1.77635683940025E-15
0.0820209980010986 0.334645658731461 0.164041996002197
-0.0820209980010986 0.334645658731461 6.56167984008789
-3.23074900165921E-15 -1 0
-0.0820209980010986 0.498687654733658 6.56167984008789
-0.0820209980010986 0.334645658731461 6.56167984008789
2.78871393203735 0.334645658731461 6.56167984008789
0 0 1
2.78871393203735 0.334645658731461 6.56167984008789
2.78871393203735 0.498687654733658 6.56167984008789
-0.0820209980010986 0.498687654733658 6.56167984008789
0 0 1
2.78871393203735 0.498687654733658 6.56167984008789
2.78871393203735 0.334645658731461 6.56167984008789
2.78871393203735 0.334645658731461 -1.77635683940025E-15
1 -2.707167823246E-15 0
2.78871393203735 0.334645658731461 -1.77635683940025E-15
2.78871393203735 0.498687654733658 -1.77635683940025E-15
2.78871393203735 0.498687654733658 6.56167984008789
1 -2.707167823246E-15 0
2.78871393203735 0.498687654733658 -1.77635683940025E-15
2.78871393203735 0.334645658731461 -1.77635683940025E-15
-0.0820209980010986 0.334645658731461 -1.77635683940025E-15
0 0 -1
-0.0820209980010986 0.334645658731461 -1.77635683940025E-15
-0.0820209980010986 0.498687654733658 -1.77635683940025E-15
2.78871393203735 0.498687654733658 -1.77635683940025E-15
0 0 -1
-0.0820209980010986 0.498687654733658 -1.77635683940025E-15
-0.0820209980010986 0.334645658731461 -1.77635683940025E-15
-0.0820209980010986 0.334645658731461 6.56167984008789
-1 2.707167823246E-15 0
-0.0820209980010986 0.334645658731461 6.56167984008789
-0.0820209980010986 0.498687654733658 6.56167984008789
-0.0820209980010986 0.498687654733658 -1.77635683940025E-15
-1 2.707167823246E-15 0
0.0820209980010986 0.498687654733658 6.39763784408569
0.0820209980010986 0.334645658731461 6.39763784408569
0.0820209980010986 0.334645658731461 0.164041996002197
1 -2.707167823246E-15 -3.56206292532366E-17
0.0820209980010986 0.334645658731461 0.164041996002197
0.0820209980010986 0.498687654733658 0.164041996002197
0.0820209980010986 0.498687654733658 6.39763784408569
1 -2.707167823246E-15 -3.56206292532366E-17
0.0820209980010986 0.498687654733658 0.164041996002197
0.0820209980010986 0.334645658731461 0.164041996002197
2.62467193603516 0.334645658731461 0.164041996002197
1.74655988596514E-16 -4.72823072465702E-31 1
2.62467193603516 0.334645658731461 0.164041996002197
2.62467193603516 0.498687654733658 0.164041996002197
0.0820209980010986 0.498687654733658 0.164041996002197
1.74655988596514E-16 -4.72823072465702E-31 1
2.62467193603516 0.498687654733658 0.164041996002197
2.62467193603516 0.334645658731461 0.164041996002197
2.62467193603516 0.334645658731461 6.39763784408569
-1 2.707167823246E-15 7.12412585064732E-17
2.62467193603516 0.334645658731461 6.39763784408569
2.62467193603516 0.498687654733658 6.39763784408569
2.62467193603516 0.498687654733658 0.164041996002197
-1 2.707167823246E-15 7.12412585064732E-17
2.62467193603516 0.498687654733658 6.39763784408569
2.62467193603516 0.334645658731461 6.39763784408569
0.0820209980010986 0.334645658731461 6.39763784408569
0 0 -1
0.0820209980010986 0.334645658731461 6.39763784408569
0.0820209980010986 0.498687654733658 6.39763784408569
2.62467193603516 0.498687654733658 6.39763784408569
0 0 -1
0.0820209980010986 0.662729680538177 6.56167984008789
-0.0820209980010986 0.662729680538177 6.39763784408569
-2.62467193603516 0.662729680538177 6.39763784408569
3.23074900165921E-15 1 0
-0.0820209980010986 0.662729680538177 6.39763784408569
0.0820209980010986 0.662729680538177 6.56167984008789
-0.0820209980010986 0.662729680538177 0.164041996002197
3.23074900165921E-15 1 0
-2.78871393203735 0.662729680538177 6.56167984008789
-2.62467193603516 0.662729680538177 6.39763784408569
-2.62467193603516 0.662729680538177 0.164041996002197
3.23074900165921E-15 1 0
-2.62467193603516 0.662729680538177 6.39763784408569
-2.78871393203735 0.662729680538177 6.56167984008789
0.0820209980010986 0.662729680538177 6.56167984008789
3.23074900165921E-15 1 0
-0.0820209980010986 0.662729680538177 0.164041996002197
0.0820209980010986 0.662729680538177 -1.77635683940025E-15
-2.62467193603516 0.662729680538177 0.164041996002197
3.23074900165921E-15 1 0
0.0820209980010986 0.662729680538177 -1.77635683940025E-15
-0.0820209980010986 0.662729680538177 0.164041996002197
0.0820209980010986 0.662729680538177 6.56167984008789
3.23074900165921E-15 1 0
-2.62467193603516 0.662729680538177 0.164041996002197
-2.78871393203735 0.662729680538177 -1.77635683940025E-15
-2.78871393203735 0.662729680538177 6.56167984008789
3.23074900165921E-15 1 0
-2.78871393203735 0.662729680538177 -1.77635683940025E-15
-2.62467193603516 0.662729680538177 0.164041996002197
0.0820209980010986 0.662729680538177 -1.77635683940025E-15
3.23074900165921E-15 1 0
0.0820209980010986 0.498687654733658 -1.77635683940025E-15
-0.0820209980010986 0.498687654733658 0.164041996002197
-2.62467193603516 0.498687654733658 0.164041996002197
-3.23074900165921E-15 -1 0
-0.0820209980010986 0.498687654733658 0.164041996002197
0.0820209980010986 0.498687654733658 -1.77635683940025E-15
-0.0820209980010986 0.498687654733658 6.39763784408569
-3.23074900165921E-15 -1 0
-2.78871393203735 0.498687654733658 -1.77635683940025E-15
-2.62467193603516 0.498687654733658 0.164041996002197
-2.62467193603516 0.498687654733658 6.39763784408569
-3.23074900165921E-15 -1 0
-2.62467193603516 0.498687654733658 0.164041996002197
-2.78871393203735 0.498687654733658 -1.77635683940025E-15
0.0820209980010986 0.498687654733658 -1.77635683940025E-15
-3.23074900165921E-15 -1 0
-0.0820209980010986 0.498687654733658 6.39763784408569
0.0820209980010986 0.498687654733658 6.56167984008789
-2.62467193603516 0.498687654733658 6.39763784408569
-3.23074900165921E-15 -1 0
0.0820209980010986 0.498687654733658 6.56167984008789
-0.0820209980010986 0.498687654733658 6.39763784408569
0.0820209980010986 0.498687654733658 -1.77635683940025E-15
-3.23074900165921E-15 -1 0
-2.62467193603516 0.498687654733658 6.39763784408569
-2.78871393203735 0.498687654733658 6.56167984008789
-2.78871393203735 0.498687654733658 -1.77635683940025E-15
-3.23074900165921E-15 -1 0
-2.78871393203735 0.498687654733658 6.56167984008789
-2.62467193603516 0.498687654733658 6.39763784408569
0.0820209980010986 0.498687654733658 6.56167984008789
-3.23074900165921E-15 -1 0
0.0820209980010986 0.662729680538177 6.56167984008789
0.0820209980010986 0.498687654733658 6.56167984008789
0.0820209980010986 0.498687654733658 -1.77635683940025E-15
1 -3.21476179010402E-15 3.38395977905748E-17
0.0820209980010986 0.498687654733658 -1.77635683940025E-15
0.0820209980010986 0.662729680538177 -1.77635683940025E-15
0.0820209980010986 0.662729680538177 6.56167984008789
1 -3.21476179010402E-15 3.38395977905748E-17
0.0820209980010986 0.662729680538177 -1.77635683940025E-15
0.0820209980010986 0.498687654733658 -1.77635683940025E-15
-2.78871393203735 0.498687654733658 -1.77635683940025E-15
0 0 -1
-2.78871393203735 0.498687654733658 -1.77635683940025E-15
-2.78871393203735 0.662729680538177 -1.77635683940025E-15
0.0820209980010986 0.662729680538177 -1.77635683940025E-15
0 0 -1
-2.78871393203735 0.662729680538177 -1.77635683940025E-15
-2.78871393203735 0.498687654733658 -1.77635683940025E-15
-2.78871393203735 0.498687654733658 6.56167984008789
-1 2.70716782324549E-15 0
-2.78871393203735 0.498687654733658 6.56167984008789
-2.78871393203735 0.662729680538177 6.56167984008789
-2.78871393203735 0.662729680538177 -1.77635683940025E-15
-1 2.70716782324549E-15 0
-2.78871393203735 0.662729680538177 6.56167984008789
-2.78871393203735 0.498687654733658 6.56167984008789
0.0820209980010986 0.498687654733658 6.56167984008789
0 0 1
0.0820209980010986 0.498687654733658 6.56167984008789
0.0820209980010986 0.662729680538177 6.56167984008789
-2.78871393203735 0.662729680538177 6.56167984008789
0 0 1
-0.0820209980010986 0.662729680538177 6.39763784408569
-0.0820209980010986 0.498687654733658 6.39763784408569
-2.62467193603516 0.498687654733658 6.39763784408569
0 0 -1
-2.62467193603516 0.498687654733658 6.39763784408569
-2.62467193603516 0.662729680538177 6.39763784408569
-0.0820209980010986 0.662729680538177 6.39763784408569
0 0 -1
-2.62467193603516 0.662729680538177 6.39763784408569
-2.62467193603516 0.498687654733658 6.39763784408569
-2.62467193603516 0.498687654733658 0.164041996002197
1 -2.70716782324549E-15 0
-2.62467193603516 0.498687654733658 0.164041996002197
-2.62467193603516 0.662729680538177 0.164041996002197
-2.62467193603516 0.662729680538177 6.39763784408569
1 -2.70716782324549E-15 0
-2.62467193603516 0.662729680538177 0.164041996002197
-2.62467193603516 0.498687654733658 0.164041996002197
-0.0820209980010986 0.498687654733658 0.164041996002197
-1.74655988596515E-16 4.72823072465616E-31 1
-0.0820209980010986 0.498687654733658 0.164041996002197
-0.0820209980010986 0.662729680538177 0.164041996002197
-2.62467193603516 0.662729680538177 0.164041996002197
-1.74655988596515E-16 4.72823072465616E-31 1
-0.0820209980010986 0.662729680538177 0.164041996002197
-0.0820209980010986 0.498687654733658 0.164041996002197
-0.0820209980010986 0.498687654733658 6.39763784408569
-1 3.21476179010402E-15 0
-0.0820209980010986 0.498687654733658 6.39763784408569
-0.0820209980010986 0.662729680538177 6.39763784408569
-0.0820209980010986 0.662729680538177 0.164041996002197
-1 3.21476179010402E-15 0
2.62467193603516 0.427083343267441 6.39763784408569
2.62467193603516 0.427083343267441 0.164041996002197
0.0820209980010986 0.427083343267441 0.164041996002197
3.23074900165921E-15 1 0
0.0820209980010986 0.427083343267441 0.164041996002197
0.0820209980010986 0.427083343267441 6.39763784408569
2.62467193603516 0.427083343267441 6.39763784408569
3.23074900165921E-15 1 0
0.0820209980010986 0.40625 0.164041996002197
2.62467193603516 0.40625 0.164041996002197
2.62467193603516 0.40625 6.39763784408569
-3.23074900165921E-15 -1 0
2.62467193603516 0.40625 6.39763784408569
0.0820209980010986 0.40625 6.39763784408569
0.0820209980010986 0.40625 0.164041996002197
-3.23074900165921E-15 -1 0
0.0820209980010986 0.427083343267441 6.39763784408569
0.0820209980010986 0.40625 6.39763784408569
2.62467193603516 0.40625 6.39763784408569
0 0 1
2.62467193603516 0.40625 6.39763784408569
2.62467193603516 0.427083343267441 6.39763784408569
0.0820209980010986 0.427083343267441 6.39763784408569
0 0 1
2.62467193603516 0.427083343267441 6.39763784408569
2.62467193603516 0.40625 6.39763784408569
2.62467193603516 0.40625 0.164041996002197
1 0 0
2.62467193603516 0.40625 0.164041996002197
2.62467193603516 0.427083343267441 0.164041996002197
2.62467193603516 0.427083343267441 6.39763784408569
1 0 0
2.62467193603516 0.427083343267441 0.164041996002197
2.62467193603516 0.40625 0.164041996002197
0.0820209980010986 0.40625 0.164041996002197
-1.74655988596513E-16 0 -1
0.0820209980010986 0.40625 0.164041996002197
0.0820209980010986 0.427083343267441 0.164041996002197
2.62467193603516 0.427083343267441 0.164041996002197
-1.74655988596513E-16 0 -1
0.0820209980010986 0.427083343267441 0.164041996002197
0.0820209980010986 0.40625 0.164041996002197
0.0820209980010986 0.40625 6.39763784408569
-1 0 0
0.0820209980010986 0.40625 6.39763784408569
0.0820209980010986 0.427083343267441 6.39763784408569
0.0820209980010986 0.427083343267441 0.164041996002197
-1 0 0
-2.62467193603516 0.65625 0.164041996002197
-0.0820209980010986 0.65625 0.164041996002197
-0.0820209980010986 0.65625 6.39763784408569
-3.27292873913585E-15 -1 0
-0.0820209980010986 0.65625 6.39763784408569
-2.62467193603516 0.65625 6.39763784408569
-2.62467193603516 0.65625 0.164041996002197
-3.27292873913585E-15 -1 0
-0.0820209980010986 0.677083313465118 6.39763784408569
-0.0820209980010986 0.677083313465118 0.164041996002197
-2.62467193603516 0.677083313465118 0.164041996002197
3.27292873913585E-15 1 0
-2.62467193603516 0.677083313465118 0.164041996002197
-2.62467193603516 0.677083313465118 6.39763784408569
-0.0820209980010986 0.677083313465118 6.39763784408569
3.27292873913585E-15 1 0
-2.62467193603516 0.65625 6.39763784408569
-2.62467193603516 0.677083313465118 6.39763784408569
-2.62467193603516 0.677083313465118 0.164041996002197
-1 0 0
-2.62467193603516 0.677083313465118 0.164041996002197
-2.62467193603516 0.65625 0.164041996002197
-2.62467193603516 0.65625 6.39763784408569
-1 0 0
-2.62467193603516 0.65625 0.164041996002197
-2.62467193603516 0.677083313465118 0.164041996002197
-0.0820209980010986 0.677083313465118 0.164041996002197
-1.74655988596515E-16 0 -1
-0.0820209980010986 0.677083313465118 0.164041996002197
-0.0820209980010986 0.65625 0.164041996002197
-2.62467193603516 0.65625 0.164041996002197
-1.74655988596515E-16 0 -1
-0.0820209980010986 0.65625 0.164041996002197
-0.0820209980010986 0.677083313465118 0.164041996002197
-0.0820209980010986 0.677083313465118 6.39763784408569
1 0 3.56206292532366E-17
-0.0820209980010986 0.677083313465118 6.39763784408569
-0.0820209980010986 0.65625 6.39763784408569
-0.0820209980010986 0.65625 0.164041996002197
1 0 3.56206292532366E-17
-0.0820209980010986 0.65625 6.39763784408569
-0.0820209980010986 0.677083313465118 6.39763784408569
-2.62467193603516 0.677083313465118 6.39763784408569
0 0 1
-2.62467193603516 0.677083313465118 6.39763784408569
-2.62467193603516 0.65625 6.39763784408569
-0.0820209980010986 0.65625 6.39763784408569
0 0 1
[HEADER]
442578,1700 x 2000mm,6
309.043448001911 115.200064613735 13.1233595800525
1
1 -2.88764567812907E-15 0
2.88764567812907E-15 1 0
0 0 1
[HEADER]
443500,M_Door-Exterior-Single-Two_Lite,598
357.972745902173 112.729592173823 13.1233595800525
1
0 -1 0
1 0 0
0 0 1
1.64041996002197 -0.0460957996547222 -2.87291485089394E-14
1.64041996002197 0.268208652734756 -2.87013929333238E-14
1.64041996002197 0.184875324368477 0.0492125973105431
1 -2.22044604925031E-16 -1.38279958230431E-14
1.64041996002197 0.184875324368477 0.0492125973105431
1.64041996002197 0.0372375324368477 0.0492125973105431
1.64041996002197 -0.0460957996547222 -2.87291485089394E-14
1 -2.22044604925031E-16 -1.38279958230431E-14
-1.64041996002197 0.184875324368477 0.0492125973105431
-1.64041996002197 0.268208652734756 1.66660457813885E-14
-1.64041996002197 -0.0460957996547222 1.66348207588209E-14
-1 2.22044604925031E-16 1.38279958230431E-14
-1.64041996002197 -0.0460957996547222 1.66348207588209E-14
-1.64041996002197 0.0372375324368477 0.0492125973105431
-1.64041996002197 0.184875324368477 0.0492125973105431
-1 2.22044604925031E-16 1.38279958230431E-14
1.64041996002197 0.0372375324368477 0.0492125973105431
-1.64041996002197 0.0372375324368477 0.0492125973105431
-1.64041996002197 -0.0460957996547222 1.66394675815695E-14
1.17935947477414E-14 -0.508500871166032 0.861061475170842
-1.64041996002197 -0.0460957996547222 1.66394675815695E-14
1.64041996002197 -0.0460957996547222 -2.87339596560798E-14
1.64041996002197 0.0372375324368477 0.0492125973105431
1.17935947477414E-14 -0.508500871166032 0.861061475170842
1.64041996002197 -0.0460957996547222 -2.87326179558914E-14
-1.64041996002197 -0.0460957996547222 1.66348207588209E-14
-1.64041996002197 0.268208652734756 1.66382902057729E-14
-1.38279958230431E-14 1.10384909285568E-17 -1
-1.64041996002197 0.268208652734756 1.66382902057729E-14
1.64041996002197 0.268208652734756 -2.87291485089394E-14
1.64041996002197 -0.0460957996547222 -2.87326179558914E-14
-1.38279958230431E-14 1.10384909285568E-17 -1
1.64041996002197 0.268208652734756 -2.87013929333238E-14
-1.64041996002197 0.268208652734756 1.66660457813885E-14
-1.64041996002197 0.184875324368477 0.0492125973105431
1.20196643570877E-14 0.508500871166038 0.861061475170838
-1.64041996002197 0.184875324368477 0.0492125973105431
1.64041996002197 0.184875324368477 0.0492125973105431
1.64041996002197 0.268208652734756 -2.87013929333238E-14
1.20196643570877E-14 0.508500871166038 0.861061475170838
1.64041996002197 0.184875324368477 0.0492125973105431
-1.64041996002197 0.184875324368477 0.0492125973105431
-1.64041996002197 0.0372375324368477 0.0492125973105431
1.38277056471736E-14 -3.07036743744629E-30 1
-1.64041996002197 0.0372375324368477 0.0492125973105431
1.64041996002197 0.0372375324368477 0.0492125973105431
1.64041996002197 0.184875324368477 0.0492125973105431
1.38277056471736E-14 -3.07036743744629E-30 1
1.64041996002197 -0.307250648736954 0
1.47637796401978 0.0216125324368477 0
1.64041996002197 0.184875324368477 0
0 0 -1
1.47637796401978 0.184875324368477 0
1.64041996002197 0.184875324368477 0
1.47637796401978 0.0216125324368477 0
0 0 -1
1.47637796401978 0.0216125324368477 0
1.47637796401978 -0.145792320370674 0
1.42429459095001 0.0216125324368477 0
0 0 -1
1.47637796401978 0.0216125324368477 0
1.64041996002197 -0.307250648736954 0
1.47637796401978 -0.145792320370674 0
0 0 -1
1.47637796401978 -0.307250648736954 0
1.47637796401978 -0.145792320370674 0
1.64041996002197 -0.307250648736954 0
0 0 -1
1.42429459095001 0.0216125324368477 0
1.47637796401978 -0.145792320370674 0
1.42429459095001 -0.145792320370674 0
0 0 -1
1.47637796401978 0.0216125324368477 0
1.47637796401978 0.0216125324368477 6.88976383209229
1.47637796401978 0.184875324368477 6.88976383209229
-1 0 3.22281883719759E-17
1.47637796401978 0.184875324368477 6.88976383209229
1.47637796401978 0.184875324368477 0
1.47637796401978 0.0216125324368477 0
-1 0 3.22281883719759E-17
-1.47637796401978 0.184875324368477 5.67209568528225E-24
-1.64041996002197 0.184875324368477 -6.30232958006064E-25
-1.47637796401978 0.184875324368477 6.88976383209229
0 1 8.05704709299398E-18
1.64041996002197 0.184875324368477 -6.93256091104109E-24
1.47637796401978 0.184875324368477 0
1.47637796401978 0.184875324368477 6.88976383209229
0 1 8.05704709299398E-18
-1.47637796401978 0.184875324368477 6.88976383209229
-1.64041996002197 0.184875324368477 7.21784782409668
1.47637796401978 0.184875324368477 6.88976383209229
0 1 8.05704709299398E-18
-1.64041996002197 0.184875324368477 7.21784782409668
-1.47637796401978 0.184875324368477 6.88976383209229
-1.64041996002197 0.184875324368477 -6.30232958006064E-25
0 1 8.05704709299398E-18
1.47637796401978 0.184875324368477 6.88976383209229
1.64041996002197 0.184875324368477 7.21784782409668
1.64041996002197 0.184875324368477 -6.93256091104109E-24
0 1 8.05704709299398E-18
1.64041996002197 0.184875324368477 7.21784782409668
1.47637796401978 0.184875324368477 6.88976383209229
-1.64041996002197 0.184875324368477 7.21784782409668
0 1 8.05704709299398E-18
1.64041996002197 0.184875324368477 0
1.64041996002197 0.184875324368477 7.21784782409668
1.64041996002197 -0.307250648736954 7.21784782409668
1 0 0
1.64041996002197 -0.307250648736954 7.21784782409668
1.64041996002197 -0.307250648736954 0
1.64041996002197 0.184875324368477 0
1 0 0
1.47637796401978 -0.307250648736954 1.32348898008484E-23
1.64041996002197 -0.307250648736954 0
1.47637796401978 -0.307250648736954 6.88976383209229
0 -1 0
-1.64041996002197 -0.307250648736954 0
-1.47637796401978 -0.307250648736954 -1.32348898008484E-23
-1.47637796401978 -0.307250648736954 6.88976383209229
0 -1 0
1.47637796401978 -0.307250648736954 6.88976383209229
1.64041996002197 -0.307250648736954 7.21784782409668
-1.47637796401978 -0.307250648736954 6.88976383209229
0 -1 0
1.64041996002197 -0.307250648736954 7.21784782409668
1.47637796401978 -0.307250648736954 6.88976383209229
1.64041996002197 -0.307250648736954 0
0 -1 0
-1.47637796401978 -0.307250648736954 6.88976383209229
-1.64041996002197 -0.307250648736954 7.21784782409668
-1.64041996002197 -0.307250648736954 0
0 -1 0
-1.64041996002197 -0.307250648736954 7.21784782409668
-1.47637796401978 -0.307250648736954 6.88976383209229
1.64041996002197 -0.307250648736954 7.21784782409668
0 -1 0
1.47637796401978 -0.307250648736954 0
1.47637796401978 -0.307250648736954 6.88976383209229
1.47637796401978 -0.145792320370674 6.88976383209229
-1 0 3.22281883719759E-17
1.47637796401978 -0.145792320370674 6.88976383209229
1.47637796401978 -0.145792320370674 0
1.47637796401978 -0.307250648736954 0
-1 0 3.22281883719759E-17
1.42429459095001 -0.145792320370674 -1.63608442233735E-23
1.47637796401978 -0.145792320370674 0
1.42429459095001 -0.145792320370674 6.83768033981323
0 -1 8.05704709299398E-18
-1.47637796401978 -0.145792320370674 1.89069858805612E-23
-1.42429459095001 -0.145792320370674 8.79805050223778E-24
-1.42429459095001 -0.145792320370674 6.83768033981323
0 -1 8.05704709299398E-18
1.42429459095001 -0.145792320370674 6.83768033981323
1.47637796401978 -0.145792320370674 6.88976383209229
-1.42429459095001 -0.145792320370674 6.83768033981323
0 -1 8.05704709299398E-18
1.47637796401978 -0.145792320370674 6.88976383209229
1.42429459095001 -0.145792320370674 6.83768033981323
1.47637796401978 -0.145792320370674 0
0 -1 8.05704709299398E-18
-1.42429459095001 -0.145792320370674 6.83768033981323
-1.47637796401978 -0.145792320370674 6.88976383209229
-1.47637796401978 -0.145792320370674 1.89069858805612E-23
0 -1 8.05704709299398E-18
-1.47637796401978 -0.145792320370674 6.88976383209229
-1.42429459095001 -0.145792320370674 6.83768033981323
1.47637796401978 -0.145792320370674 6.88976383209229
0 -1 8.05704709299398E-18
1.42429459095001 -0.145792320370674 0
1.42429459095001 -0.145792320370674 6.83768033981323
1.42429459095001 0.0216125324368477 6.83768033981323
-1 0 3.24736738828763E-17
1.42429459095001 0.0216125324368477 6.83768033981323
1.42429459095001 0.0216125324368477 0
1.42429459095001 -0.145792320370674 0
-1 0 3.24736738828763E-17
-1.42429459095001 0.0216125324368477 -1.90335381024203E-23
-1.47637796401978 0.0216125324368477 5.11043105949987E-24
-1.42429459095001 0.0216125324368477 6.83768033981323
0 1 -8.11841847071906E-18
1.47637796401978 0.0216125324368477 1.55606994517642E-23
1.42429459095001 0.0216125324368477 1.32348898008484E-23
1.42429459095001 0.0216125324368477 6.83768033981323
0 1 -8.11841847071906E-18
-1.42429459095001 0.0216125324368477 6.83768033981323
-1.47637796401978 0.0216125324368477 6.88976383209229
1.42429459095001 0.0216125324368477 6.83768033981323
0 1 -8.11841847071906E-18
-1.47637796401978 0.0216125324368477 6.88976383209229
-1.42429459095001 0.0216125324368477 6.83768033981323
-1.47637796401978 0.0216125324368477 5.11043105949987E-24
0 1 -8.11841847071906E-18
1.42429459095001 0.0216125324368477 6.83768033981323
1.47637796401978 0.0216125324368477 6.88976383209229
1.47637796401978 0.0216125324368477 1.55606994517642E-23
0 1 -8.11841847071906E-18
1.47637796401978 0.0216125324368477 6.88976383209229
1.42429459095001 0.0216125324368477 6.83768033981323
-1.47637796401978 0.0216125324368477 6.88976383209229
0 1 -8.11841847071906E-18
1.47637796401978 0.0216125324368477 6.88976383209229
-1.47637796401978 0.0216125324368477 6.88976383209229
-1.47637796401978 0.184875324368477 6.88976383209229
0 0 -1
-1.47637796401978 0.184875324368477 6.88976383209229
1.47637796401978 0.184875324368477 6.88976383209229
1.47637796401978 0.0216125324368477 6.88976383209229
0 0 -1
-1.47637796401978 -0.307250648736954 6.88976383209229
-1.47637796401978 -0.145792320370674 6.88976383209229
1.47637796401978 -0.145792320370674 6.88976383209229
0 0 -1
1.47637796401978 -0.145792320370674 6.88976383209229
1.47637796401978 -0.307250648736954 6.88976383209229
-1.47637796401978 -0.307250648736954 6.88976383209229
0 0 -1
-1.42429459095001 -0.145792320370674 6.83768033981323
-1.42429459095001 0.0216125324368477 6.83768033981323
1.42429459095001 0.0216125324368477 6.83768033981323
0 0 -1
1.42429459095001 0.0216125324368477 6.83768033981323
1.42429459095001 -0.145792320370674 6.83768033981323
-1.42429459095001 -0.145792320370674 6.83768033981323
0 0 -1
-1.64041996002197 0.184875324368477 0
-1.47637796401978 0.0216125324368477 0
-1.64041996002197 -0.307250648736954 0
0 0 -1
-1.47637796401978 0.0216125324368477 0
-1.64041996002197 0.184875324368477 0
-1.47637796401978 0.184875324368477 0
0 0 -1
-1.42429459095001 0.0216125324368477 0
-1.47637796401978 -0.145792320370674 0
-1.47637796401978 0.0216125324368477 0
0 0 -1
-1.47637796401978 -0.145792320370674 0
-1.64041996002197 -0.307250648736954 0
-1.47637796401978 0.0216125324368477 0
0 0 -1
-1.64041996002197 -0.307250648736954 0
-1.47637796401978 -0.145792320370674 0
-1.47637796401978 -0.307250648736954 0
0 0 -1
-1.42429459095001 -0.145792320370674 0
-1.47637796401978 -0.145792320370674 0
-1.42429459095001 0.0216125324368477 0
0 0 -1
-1.47637796401978 0.184875324368477 6.88976383209229
-1.47637796401978 0.0216125324368477 6.88976383209229
-1.47637796401978 0.0216125324368477 0
1 0 0
-1.47637796401978 0.0216125324368477 0
-1.47637796401978 0.184875324368477 0
-1.47637796401978 0.184875324368477 6.88976383209229
1 0 0
-1.64041996002197 0.184875324368477 0
-1.64041996002197 -0.307250648736954 0
-1.64041996002197 -0.307250648736954 7.21784782409668
-1 0 0
-1.64041996002197 -0.307250648736954 7.21784782409668
-1.64041996002197 0.184875324368477 7.21784782409668
-1.64041996002197 0.184875324368477 0
-1 0 0
-1.47637796401978 -0.307250648736954 0
-1.47637796401978 -0.145792320370674 0
-1.47637796401978 -0.145792320370674 6.88976383209229
1 0 0
-1.47637796401978 -0.145792320370674 6.88976383209229
-1.47637796401978 -0.307250648736954 6.88976383209229
-1.47637796401978 -0.307250648736954 0
1 0 0
-1.42429459095001 -0.145792320370674 0
-1.42429459095001 0.0216125324368477 0
-1.42429459095001 0.0216125324368477 6.83768033981323
1 0 0
-1.42429459095001 0.0216125324368477 6.83768033981323
-1.42429459095001 -0.145792320370674 6.83768033981323
-1.42429459095001 -0.145792320370674 0
1 0 0
1.64041996002197 0.184875324368477 7.21784782409668
-1.64041996002197 0.184875324368477 7.21784782409668
-1.64041996002197 -0.307250648736954 7.21784782409668
0 0 1
-1.64041996002197 -0.307250648736954 7.21784782409668
1.64041996002197 -0.307250648736954 7.21784782409668
1.64041996002197 0.184875324368477 7.21784782409668
0 0 1
-1.47637796401978 0.0372375324368477 6.88976383209229
-0.984251976013184 0.0372375324368477 3.60892391204834
-0.984251976013184 0.0372375324368477 6.39763784408569
0 -1 0
-0.984251976013184 0.0372375324368477 3.60892391204834
-1.47637796401978 0.0372375324368477 6.88976383209229
-1.47637796401978 0.0372375324368477 0.0492125973105431
0 -1 0
-1.47637796401978 0.0372375324368477 6.88976383209229
-0.984251976013184 0.0372375324368477 6.39763784408569
0.984251976013184 0.0372375324368477 6.39763784408569
0 -1 0
1.47637796401978 0.0372375324368477 6.88976383209229
0.984251976013184 0.0372375324368477 6.39763784408569
0.984251976013184 0.0372375324368477 3.60892391204834
0 -1 0
0.984251976013184 0.0372375324368477 6.39763784408569
1.47637796401978 0.0372375324368477 6.88976383209229
-1.47637796401978 0.0372375324368477 6.88976383209229
0 -1 0
1.47637796401978 0.0372375324368477 6.88976383209229
0.984251976013184 0.0372375324368477 3.60892391204834
1.47637796401978 0.0372375324368477 0.0492125973105431
0 -1 0
-0.984251976013184 0.0372375324368477 3.60892391204834
0.984251976013184 0.0372375324368477 2.95275592803955
0.984251976013184 0.0372375324368477 3.60892391204834
0 -1 0
-0.984251976013184 0.0372375324368477 2.95275592803955
-1.47637796401978 0.0372375324368477 0.0492125973105431
-0.984251976013184 0.0372375324368477 0.820209980010986
0 -1 0
-1.47637796401978 0.0372375324368477 0.0492125973105431
-0.984251976013184 0.0372375324368477 2.95275592803955
-0.984251976013184 0.0372375324368477 3.60892391204834
0 -1 0
-0.984251976013184 0.0372375324368477 0.820209980010986
-1.47637796401978 0.0372375324368477 0.0492125973105431
0.984251976013184 0.0372375324368477 0.820209980010986
0 -1 0
0.984251976013184 0.0372375324368477 2.95275592803955
0.984251976013184 0.0372375324368477 0.820209980010986
1.47637796401978 0.0372375324368477 0.0492125973105431
0 -1 0
1.47637796401978 0.0372375324368477 0.0492125973105431
0.984251976013184 0.0372375324368477 0.820209980010986
-1.47637796401978 0.0372375324368477 0.0492125973105431
0 -1 0
0.984251976013184 0.0372375324368477 2.95275592803955
1.47637796401978 0.0372375324368477 0.0492125973105431
0.984251976013184 0.0372375324368477 3.60892391204834
0 -1 0
-0.984251976013184 0.0372375324368477 2.95275592803955
0.984251976013184 0.0372375324368477 2.95275592803955
-0.984251976013184 0.0372375324368477 3.60892391204834
0 -1 0
-1.47637796401978 0.184875324368477 0.0492125973105431
-0.984251976013184 0.184875324368477 2.95275592803955
-0.984251976013184 0.184875324368477 0.820209980010986
0 1 0
-0.984251976013184 0.184875324368477 2.95275592803955
-1.47637796401978 0.184875324368477 0.0492125973105431
-0.984251976013184 0.184875324368477 3.60892391204834
0 1 0
-1.47637796401978 0.184875324368477 0.0492125973105431
-0.984251976013184 0.184875324368477 0.820209980010986
0.984251976013184 0.184875324368477 0.820209980010986
0 1 0
1.47637796401978 0.184875324368477 0.0492125973105431
0.984251976013184 0.184875324368477 0.820209980010986
0.984251976013184 0.184875324368477 2.95275592803955
0 1 0
0.984251976013184 0.184875324368477 0.820209980010986
1.47637796401978 0.184875324368477 0.0492125973105431
-1.47637796401978 0.184875324368477 0.0492125973105431
0 1 0
1.47637796401978 0.184875324368477 0.0492125973105431
0.984251976013184 0.184875324368477 2.95275592803955
0.984251976013184 0.184875324368477 3.60892391204834
0 1 0
-0.984251976013184 0.184875324368477 2.95275592803955
-0.984251976013184 0.184875324368477 3.60892391204834
0.984251976013184 0.184875324368477 2.95275592803955
0 1 0
-0.984251976013184 0.184875324368477 3.60892391204834
-1.47637796401978 0.184875324368477 6.88976383209229
-0.984251976013184 0.184875324368477 6.39763784408569
0 1 0
-1.47637796401978 0.184875324368477 6.88976383209229
-0.984251976013184 0.184875324368477 3.60892391204834
-1.47637796401978 0.184875324368477 0.0492125973105431
0 1 0
-0.984251976013184 0.184875324368477 6.39763784408569
-1.47637796401978 0.184875324368477 6.88976383209229
0.984251976013184 0.184875324368477 6.39763784408569
0 1 0
0.984251976013184 0.184875324368477 3.60892391204834
0.984251976013184 0.184875324368477 6.39763784408569
1.47637796401978 0.184875324368477 6.88976383209229
0 1 0
1.47637796401978 0.184875324368477 6.88976383209229
0.984251976013184 0.184875324368477 6.39763784408569
-1.47637796401978 0.184875324368477 6.88976383209229
0 1 0
0.984251976013184 0.184875324368477 3.60892391204834
1.47637796401978 0.184875324368477 6.88976383209229
1.47637796401978 0.184875324368477 0.0492125973105431
0 1 0
-0.984251976013184 0.184875324368477 3.60892391204834
0.984251976013184 0.184875324368477 3.60892391204834
0.984251976013184 0.184875324368477 2.95275592803955
0 1 0
-1.47637796401978 0.0372375324368477 6.88976383209229
-1.47637796401978 0.184875324368477 6.88976383209229
-1.47637796401978 0.184875324368477 0.0492125973105431
-1 0 -3.2460045842278E-17
-1.47637796401978 0.184875324368477 0.0492125973105431
-1.47637796401978 0.0372375324368477 0.0492125973105431
-1.47637796401978 0.0372375324368477 6.88976383209229
-1 0 -3.2460045842278E-17
-1.47637796401978 0.0372375324368477 0.0492125973105431
-1.47637796401978 0.184875324368477 0.0492125973105431
1.47637796401978 0.184875324368477 0.0492125973105431
0 0 -1
1.47637796401978 0.184875324368477 0.0492125973105431
1.47637796401978 0.0372375324368477 0.0492125973105431
-1.47637796401978 0.0372375324368477 0.0492125973105431
0 0 -1
1.47637796401978 0.0372375324368477 0.0492125973105431
1.47637796401978 0.184875324368477 0.0492125973105431
1.47637796401978 0.184875324368477 6.88976383209229
1 0 3.2460045842278E-17
1.47637796401978 0.184875324368477 6.88976383209229
1.47637796401978 0.0372375324368477 6.88976383209229
1.47637796401978 0.0372375324368477 0.0492125973105431
1 0 3.2460045842278E-17
1.47637796401978 0.0372375324368477 6.88976383209229
1.47637796401978 0.184875324368477 6.88976383209229
-1.47637796401978 0.184875324368477 6.88976383209229
0 0 1
-1.47637796401978 0.184875324368477 6.88976383209229
-1.47637796401978 0.0372375324368477 6.88976383209229
1.47637796401978 0.0372375324368477 6.88976383209229
0 0 1
-0.984251976013184 0.0372375324368477 6.39763784408569
-0.984251976013184 0.184875324368477 6.39763784408569
0.984251976013184 0.184875324368477 6.39763784408569
0 0 -1
0.984251976013184 0.184875324368477 6.39763784408569
0.984251976013184 0.0372375324368477 6.39763784408569
-0.984251976013184 0.0372375324368477 6.39763784408569
0 0 -1
0.984251976013184 0.0372375324368477 6.39763784408569
0.984251976013184 0.184875324368477 6.39763784408569
0.984251976013184 0.184875324368477 3.60892391204834
-1 0 0
0.984251976013184 0.184875324368477 3.60892391204834
0.984251976013184 0.0372375324368477 3.60892391204834
0.984251976013184 0.0372375324368477 6.39763784408569
-1 0 0
0.984251976013184 0.0372375324368477 3.60892391204834
0.984251976013184 0.184875324368477 3.60892391204834
-0.984251976013184 0.184875324368477 3.60892391204834
0 0 1
-0.984251976013184 0.184875324368477 3.60892391204834
-0.984251976013184 0.0372375324368477 3.60892391204834
0.984251976013184 0.0372375324368477 3.60892391204834
0 0 1
-0.984251976013184 0.0372375324368477 3.60892391204834
-0.984251976013184 0.184875324368477 3.60892391204834
-0.984251976013184 0.184875324368477 6.39763784408569
1 0 0
-0.984251976013184 0.184875324368477 6.39763784408569
-0.984251976013184 0.0372375324368477 6.39763784408569
-0.984251976013184 0.0372375324368477 3.60892391204834
1 0 0
-0.984251976013184 0.0372375324368477 2.95275592803955
-0.984251976013184 0.184875324368477 2.95275592803955
0.984251976013184 0.184875324368477 2.95275592803955
0 0 -1
0.984251976013184 0.184875324368477 2.95275592803955
0.984251976013184 0.0372375324368477 2.95275592803955
-0.984251976013184 0.0372375324368477 2.95275592803955
0 0 -1
0.984251976013184 0.0372375324368477 2.95275592803955
0.984251976013184 0.184875324368477 2.95275592803955
0.984251976013184 0.184875324368477 0.820209980010986
-1 0 0
0.984251976013184 0.184875324368477 0.820209980010986
0.984251976013184 0.0372375324368477 0.820209980010986
0.984251976013184 0.0372375324368477 2.95275592803955
-1 0 0
0.984251976013184 0.0372375324368477 0.820209980010986
0.984251976013184 0.184875324368477 0.820209980010986
-0.984251976013184 0.184875324368477 0.820209980010986
0 0 1
-0.984251976013184 0.184875324368477 0.820209980010986
-0.984251976013184 0.0372375324368477 0.820209980010986
0.984251976013184 0.0372375324368477 0.820209980010986
0 0 1
-0.984251976013184 0.0372375324368477 0.820209980010986
-0.984251976013184 0.184875324368477 0.820209980010986
-0.984251976013184 0.184875324368477 2.95275592803955
1 0 0
-0.984251976013184 0.184875324368477 2.95275592803955
-0.984251976013184 0.0372375324368477 2.95275592803955
-0.984251976013184 0.0372375324368477 0.820209980010986
1 0 0
0.984251976013184 0.078248031437397 6.39763784408569
-0.984251976013184 0.078248031437397 6.39763784408569
-0.984251976013184 0.078248031437397 3.60892391204834
-5.73492688216967E-18 -1 0
-0.984251976013184 0.078248031437397 3.60892391204834
0.984251976013184 0.078248031437397 3.60892391204834
0.984251976013184 0.078248031437397 6.39763784408569
-5.73492688216967E-18 -1 0
0.984251976013184 0.078248031437397 2.95275592803955
-0.984251976013184 0.078248031437397 2.95275592803955
-0.984251976013184 0.078248031437397 0.820209980010986
-5.73492688216967E-18 -1 0
-0.984251976013184 0.078248031437397 0.820209980010986
0.984251976013184 0.078248031437397 0.820209980010986
0.984251976013184 0.078248031437397 2.95275592803955
-5.73492688216967E-18 -1 0
0.984251976013184 0.143864825367928 3.60892391204834
-0.984251976013184 0.143864825367928 3.60892391204834
-0.984251976013184 0.143864825367928 6.39763784408569
5.73492688216967E-18 1 0
-0.984251976013184 0.143864825367928 6.39763784408569
0.984251976013184 0.143864825367928 6.39763784408569
0.984251976013184 0.143864825367928 3.60892391204834
5.73492688216967E-18 1 0
0.984251976013184 0.143864825367928 0.820209980010986
-0.984251976013184 0.143864825367928 0.820209980010986
-0.984251976013184 0.143864825367928 2.95275592803955
5.73492688216967E-18 1 0
-0.984251976013184 0.143864825367928 2.95275592803955
0.984251976013184 0.143864825367928 2.95275592803955
0.984251976013184 0.143864825367928 0.820209980010986
5.73492688216967E-18 1 0
-0.984251976013184 0.078248031437397 6.39763784408569
-0.984251976013184 0.143864825367928 6.39763784408569
-0.984251976013184 0.143864825367928 3.60892391204834
-1 0 0
-0.984251976013184 0.143864825367928 3.60892391204834
-0.984251976013184 0.078248031437397 3.60892391204834
-0.984251976013184 0.078248031437397 6.39763784408569
-1 0 0
-0.984251976013184 0.078248031437397 3.60892391204834
-0.984251976013184 0.143864825367928 3.60892391204834
0.984251976013184 0.143864825367928 3.60892391204834
0 0 -1
0.984251976013184 0.143864825367928 3.60892391204834
0.984251976013184 0.078248031437397 3.60892391204834
-0.984251976013184 0.078248031437397 3.60892391204834
0 0 -1
0.984251976013184 0.078248031437397 3.60892391204834
0.984251976013184 0.143864825367928 3.60892391204834
0.984251976013184 0.143864825367928 6.39763784408569
1 0 0
0.984251976013184 0.143864825367928 6.39763784408569
0.984251976013184 0.078248031437397 6.39763784408569
0.984251976013184 0.078248031437397 3.60892391204834
1 0 0
0.984251976013184 0.078248031437397 6.39763784408569
0.984251976013184 0.143864825367928 6.39763784408569
-0.984251976013184 0.143864825367928 6.39763784408569
0 0 1
-0.984251976013184 0.143864825367928 6.39763784408569
-0.984251976013184 0.078248031437397 6.39763784408569
0.984251976013184 0.078248031437397 6.39763784408569
0 0 1
-0.984251976013184 0.078248031437397 2.95275592803955
-0.984251976013184 0.143864825367928 2.95275592803955
-0.984251976013184 0.143864825367928 0.820209980010986
-1 0 0
-0.984251976013184 0.143864825367928 0.820209980010986
-0.984251976013184 0.078248031437397 0.820209980010986
-0.984251976013184 0.078248031437397 2.95275592803955
-1 0 0
-0.984251976013184 0.078248031437397 0.820209980010986
-0.984251976013184 0.143864825367928 0.820209980010986
0.984251976013184 0.143864825367928 0.820209980010986
0 0 -1
0.984251976013184 0.143864825367928 0.820209980010986
0.984251976013184 0.078248031437397 0.820209980010986
-0.984251976013184 0.078248031437397 0.820209980010986
0 0 -1
0.984251976013184 0.078248031437397 0.820209980010986
0.984251976013184 0.143864825367928 0.820209980010986
0.984251976013184 0.143864825367928 2.95275592803955
1 0 0
0.984251976013184 0.143864825367928 2.95275592803955
0.984251976013184 0.078248031437397 2.95275592803955
0.984251976013184 0.078248031437397 0.820209980010986
1 0 0
0.984251976013184 0.078248031437397 2.95275592803955
0.984251976013184 0.143864825367928 2.95275592803955
-0.984251976013184 0.143864825367928 2.95275592803955
0 0 1
-0.984251976013184 0.143864825367928 2.95275592803955
-0.984251976013184 0.078248031437397 2.95275592803955
0.984251976013184 0.078248031437397 2.95275592803955
0 0 1
[HEADER]
443532,M_Door-Exterior-Single-Two_Lite,6
350.681735403486 112.729592173823 13.1233595800525
1
0 -1 0
1 0 0
0 0 1
[HEADER]
444726,M_Door-Passage-Double-Flush-Dbl_Acting,214
330.196518754798 88.0190331098145 13.1233595800525
1
1 0 0
0 1 0
0 0 1
2.95275592803955 0.184875324368477 8.88178419700125E-16
3.11679792404175 0.184875324368477 8.88178419700125E-16
3.11679792404175 -0.307250648736954 8.88178419700125E-16
0 0 -1
3.11679792404175 -0.307250648736954 8.88178419700125E-16
2.95275592803955 -0.307250648736954 8.88178419700125E-16
2.95275592803955 0.184875324368477 8.88178419700125E-16
0 0 -1
2.95275592803955 -0.307250648736954 0
2.95275592803955 -0.307250648736954 6.88976383209229
2.95275592803955 0.184875324368477 6.88976383209229
-1 0 -6.44563767439519E-17
2.95275592803955 0.184875324368477 6.88976383209229
2.95275592803955 0.184875324368477 0
2.95275592803955 -0.307250648736954 0
-1 0 -6.44563767439519E-17
-2.95275592803955 0.184875324368477 3.78139764942877E-24
-3.11679792404175 0.184875324368477 3.1511646421189E-24
-2.95275592803955 0.184875324368477 6.88976383209229
0 1 -8.05704709299398E-18
3.11679792404175 0.184875324368477 -1.26046569907538E-23
2.95275592803955 0.184875324368477 -1.32348898008484E-23
2.95275592803955 0.184875324368477 6.88976383209229
0 1 -8.05704709299398E-18
-2.95275592803955 0.184875324368477 6.88976383209229
-3.11679792404175 0.184875324368477 7.21784782409668
2.95275592803955 0.184875324368477 6.88976383209229
0 1 -8.05704709299398E-18
-3.11679792404175 0.184875324368477 7.21784782409668
-2.95275592803955 0.184875324368477 6.88976383209229
-3.11679792404175 0.184875324368477 3.1511646421189E-24
0 1 -8.05704709299398E-18
2.95275592803955 0.184875324368477 6.88976383209229
3.11679792404175 0.184875324368477 7.21784782409668
3.11679792404175 0.184875324368477 -1.26046569907538E-23
0 1 -8.05704709299398E-18
3.11679792404175 0.184875324368477 7.21784782409668
2.95275592803955 0.184875324368477 6.88976383209229
-3.11679792404175 0.184875324368477 7.21784782409668
0 1 -8.05704709299398E-18
3.11679792404175 0.184875324368477 0
3.11679792404175 0.184875324368477 7.21784782409668
3.11679792404175 -0.307250648736954 7.21784782409668
1 0 0
3.11679792404175 -0.307250648736954 7.21784782409668
3.11679792404175 -0.307250648736954 0
3.11679792404175 0.184875324368477 0
1 0 0
2.95275592803955 -0.307250648736954 -1.32348898008484E-23
3.11679792404175 -0.307250648736954 0
2.95275592803955 -0.307250648736954 6.88976383209229
0 -1 0
-3.11679792404175 -0.307250648736954 0
-2.95275592803955 -0.307250648736954 1.32348898008484E-23
-2.95275592803955 -0.307250648736954 6.88976383209229
0 -1 0
2.95275592803955 -0.307250648736954 6.88976383209229
3.11679792404175 -0.307250648736954 7.21784782409668
-2.95275592803955 -0.307250648736954 6.88976383209229
0 -1 0
3.11679792404175 -0.307250648736954 7.21784782409668
2.95275592803955 -0.307250648736954 6.88976383209229
3.11679792404175 -0.307250648736954 0
0 -1 0
-2.95275592803955 -0.307250648736954 6.88976383209229
-3.11679792404175 -0.307250648736954 7.21784782409668
-3.11679792404175 -0.307250648736954 0
0 -1 0
-3.11679792404175 -0.307250648736954 7.21784782409668
-2.95275592803955 -0.307250648736954 6.88976383209229
3.11679792404175 -0.307250648736954 7.21784782409668
0 -1 0
2.95275592803955 -0.307250648736954 6.88976383209229
-2.95275592803955 -0.307250648736954 6.88976383209229
-2.95275592803955 0.184875324368477 6.88976383209229
0 0 -1
-2.95275592803955 0.184875324368477 6.88976383209229
2.95275592803955 0.184875324368477 6.88976383209229
2.95275592803955 -0.307250648736954 6.88976383209229
0 0 -1
-2.95275592803955 0.184875324368477 0
-2.95275592803955 -0.307250648736954 0
-3.11679792404175 -0.307250648736954 0
0 0 -1
-3.11679792404175 -0.307250648736954 0
-3.11679792404175 0.184875324368477 0
-2.95275592803955 0.184875324368477 0
0 0 -1
-2.95275592803955 0.184875324368477 6.88976383209229
-2.95275592803955 -0.307250648736954 6.88976383209229
-2.95275592803955 -0.307250648736954 0
1 0 0
-2.95275592803955 -0.307250648736954 0
-2.95275592803955 0.184875324368477 0
-2.95275592803955 0.184875324368477 6.88976383209229
1 0 0
-3.11679792404175 0.184875324368477 0
-3.11679792404175 -0.307250648736954 0
-3.11679792404175 -0.307250648736954 7.21784782409668
-1 0 0
-3.11679792404175 -0.307250648736954 7.21784782409668
-3.11679792404175 0.184875324368477 7.21784782409668
-3.11679792404175 0.184875324368477 0
-1 0 0
3.11679792404175 0.184875324368477 7.21784782409668
-3.11679792404175 0.184875324368477 7.21784782409668
-3.11679792404175 -0.307250648736954 7.21784782409668
0 0 1
-3.11679792404175 -0.307250648736954 7.21784782409668
3.11679792404175 -0.307250648736954 7.21784782409668
3.11679792404175 0.184875324368477 7.21784782409668
0 0 1
2.95275592803955 0.0372375324368477 6.88976383209229
0.00520833348855376 0.0372375324368477 6.88976383209229
2.95275592803955 0.0372375324368477 -3.28626015289046E-14
0 -1 0
0.00520833348855376 0.0372375324368477 -3.28626015289046E-14
2.95275592803955 0.0372375324368477 -3.28626015289046E-14
0.00520833348855376 0.0372375324368477 6.88976383209229
0 -1 0
-0.00520833348855376 0.0372375324368477 6.88976383209229
-2.95275592803955 0.0372375324368477 6.88976383209229
-0.00520833348855376 0.0372375324368477 -3.19744231092045E-14
0 -1 0
-2.95275592803955 0.0372375324368477 -3.19744231092045E-14
-0.00520833348855376 0.0372375324368477 -3.19744231092045E-14
-2.95275592803955 0.0372375324368477 6.88976383209229
0 -1 0
2.95275592803955 0.184875324368477 -3.28626015289046E-14
0.00520833348855376 0.184875324368477 -3.28626015289046E-14
0.00520833348855376 0.184875324368477 6.88976383209229
0 1 0
0.00520833348855376 0.184875324368477 6.88976383209229
2.95275592803955 0.184875324368477 6.88976383209229
2.95275592803955 0.184875324368477 -3.28626015289046E-14
0 1 0
-0.00520833348855376 0.184875324368477 -3.28626015289046E-14
-2.95275592803955 0.184875324368477 -3.19744231092045E-14
-0.00520833348855376 0.184875324368477 6.88976383209229
0 1 0
-2.95275592803955 0.184875324368477 6.88976383209229
-0.00520833348855376 0.184875324368477 6.88976383209229
-2.95275592803955 0.184875324368477 -3.19744231092045E-14
0 1 0
0.00520833348855376 0.0372375324368477 6.88976383209229
0.00520833348855376 0.184875324368477 6.88976383209229
0.00520833348855376 0.184875324368477 -3.28626015289046E-14
-1 0 4.40619762898106E-18
0.00520833348855376 0.184875324368477 -3.28626015289046E-14
0.00520833348855376 0.0372375324368477 -3.28626015289046E-14
0.00520833348855376 0.0372375324368477 6.88976383209229
-1 0 4.40619762898106E-18
0.00520833348855376 0.0372375324368477 -3.28626015289046E-14
0.00520833348855376 0.184875324368477 -3.28626015289046E-14
2.95275592803955 0.184875324368477 -3.24185123190546E-14
1.50663966899725E-16 0 -1
2.95275592803955 0.184875324368477 -3.24185123190546E-14
2.95275592803955 0.0372375324368477 -3.24185123190546E-14
0.00520833348855376 0.0372375324368477 -3.28626015289046E-14
1.50663966899725E-16 0 -1
2.95275592803955 0.0372375324368477 -3.28626015289046E-14
2.95275592803955 0.184875324368477 -3.28626015289046E-14
2.95275592803955 0.184875324368477 6.88976383209229
1 0 0
2.95275592803955 0.184875324368477 6.88976383209229
2.95275592803955 0.0372375324368477 6.88976383209229
2.95275592803955 0.0372375324368477 -3.28626015289046E-14
1 0 0
2.95275592803955 0.0372375324368477 6.88976383209229
2.95275592803955 0.184875324368477 6.88976383209229
0.00520833348855376 0.184875324368477 6.88976383209229
-3.0132793379945E-16 0 1
0.00520833348855376 0.184875324368477 6.88976383209229
0.00520833348855376 0.0372375324368477 6.88976383209229
2.95275592803955 0.0372375324368477 6.88976383209229
-3.0132793379945E-16 0 1
-0.00520833348855376 0.0372375324368477 -3.19744231092045E-14
-0.00520833348855376 0.184875324368477 -3.28626015289046E-14
-0.00520833348855376 0.184875324368477 6.88976383209229
1 0 1.35962669694273E-17
-0.00520833348855376 0.184875324368477 6.88976383209229
-0.00520833348855376 0.0372375324368477 6.88976383209229
-0.00520833348855376 0.0372375324368477 -3.19744231092045E-14
1 0 1.35962669694273E-17
-0.00520833348855376 0.0372375324368477 6.88976383209229
-0.00520833348855376 0.184875324368477 6.88976383209229
-2.95275592803955 0.184875324368477 6.88976383209229
0 0 1
-2.95275592803955 0.184875324368477 6.88976383209229
-2.95275592803955 0.0372375324368477 6.88976383209229
-0.00520833348855376 0.0372375324368477 6.88976383209229
0 0 1
-2.95275592803955 0.0372375324368477 6.88976383209229
-2.95275592803955 0.184875324368477 6.88976383209229
-2.95275592803955 0.184875324368477 -3.19744231092045E-14
-1 0 0
-2.95275592803955 0.184875324368477 -3.19744231092045E-14
-2.95275592803955 0.0372375324368477 -3.19744231092045E-14
-2.95275592803955 0.0372375324368477 6.88976383209229
-1 0 0
-2.95275592803955 0.0372375324368477 -3.19744231092045E-14
-2.95275592803955 0.184875324368477 -3.19744231092045E-14
-0.00520833348855376 0.184875324368477 -3.24185123190546E-14
-1.50663966899725E-16 0 -1
-0.00520833348855376 0.184875324368477 -3.24185123190546E-14
-0.00520833348855376 0.0372375324368477 -3.24185123190546E-14
-2.95275592803955 0.0372375324368477 -3.19744231092045E-14
-1.50663966899725E-16 0 -1
[HEADER]
444786,M_Door-Passage-Double-Flush-Dbl_Acting,6
330.196518754798 97.5334688053525 13.1233595800525
1
1 -3.60955709766131E-15 0
3.60955709766131E-15 1 0
0 0 1
[HEADER]
446328,M_Door-Passage-Double-Flush-Dbl_Acting,6
394.094793146267 114.041928131828 13.1233595800525
1
-3.15015892159533E-15 -1 0
1 -3.15015892159533E-15 0
0 0 1
[HEADER]
446715,M_Door-Passage-Single-Full_Lite,422
402.973894196136 117.974506870952 13.1233595800525
1
1 -3.71268730045163E-15 0
3.71268730045163E-15 1 0
0 0 1
-0.976377964019775 0.102854333817959 0.833333313465118
0.976377964019775 0.102854333817959 0.833333313465118
0.976377964019775 0.102854333817959 6.38976383209229
-3.23540490020964E-15 -1 0
0.976377964019775 0.102854333817959 6.38976383209229
-0.976377964019775 0.102854333817959 6.38976383209229
-0.976377964019775 0.102854333817959 0.833333313465118
-3.23540490020964E-15 -1 0
0.976377964019775 0.119258530437946 6.38976383209229
0.976377964019775 0.119258530437946 0.833333313465118
-0.976377964019775 0.119258530437946 0.833333313465118
3.23540490020964E-15 1 0
-0.976377964019775 0.119258530437946 0.833333313465118
-0.976377964019775 0.119258530437946 6.38976383209229
0.976377964019775 0.119258530437946 6.38976383209229
3.23540490020964E-15 1 0
-0.976377964019775 0.102854333817959 6.38976383209229
-0.976377964019775 0.119258530437946 6.38976383209229
-0.976377964019775 0.119258530437946 0.833333313465118
-1 0 1.99808678498907E-17
-0.976377964019775 0.119258530437946 0.833333313465118
-0.976377964019775 0.102854333817959 0.833333313465118
-0.976377964019775 0.102854333817959 6.38976383209229
-1 0 1.99808678498907E-17
-0.976377964019775 0.102854333817959 0.833333313465118
-0.976377964019775 0.119258530437946 0.833333313465118
0.976377964019775 0.119258530437946 0.833333313465118
2.27416651818379E-16 0 -1
0.976377964019775 0.119258530437946 0.833333313465118
0.976377964019775 0.102854333817959 0.833333313465118
-0.976377964019775 0.102854333817959 0.833333313465118
2.27416651818379E-16 0 -1
0.976377964019775 0.102854333817959 0.833333313465118
0.976377964019775 0.119258530437946 0.833333313465118
0.976377964019775 0.119258530437946 6.38976383209229
1 0 -1.99808678498907E-17
0.976377964019775 0.119258530437946 6.38976383209229
0.976377964019775 0.102854333817959 6.38976383209229
0.976377964019775 0.102854333817959 0.833333313465118
1 0 -1.99808678498907E-17
0.976377964019775 0.102854333817959 6.38976383209229
0.976377964019775 0.119258530437946 6.38976383209229
-0.976377964019775 0.119258530437946 6.38976383209229
0 0 1
-0.976377964019775 0.119258530437946 6.38976383209229
-0.976377964019775 0.102854333817959 6.38976383209229
0.976377964019775 0.102854333817959 6.38976383209229
0 0 1
1.64041996002197 -0.307250648736954 1.77635683940025E-15
1.47637796401978 0.0216125324368477 1.77635683940025E-15
1.64041996002197 0.184875324368477 1.77635683940025E-15
0 0 -1
1.47637796401978 0.184875324368477 1.77635683940025E-15
1.64041996002197 0.184875324368477 1.77635683940025E-15
1.47637796401978 0.0216125324368477 1.77635683940025E-15
0 0 -1
1.47637796401978 0.0216125324368477 1.77635683940025E-15
1.47637796401978 -0.145792320370674 1.77635683940025E-15
1.42429459095001 0.0216125324368477 1.77635683940025E-15
0 0 -1
1.47637796401978 0.0216125324368477 1.77635683940025E-15
1.64041996002197 -0.307250648736954 1.77635683940025E-15
1.47637796401978 -0.145792320370674 1.77635683940025E-15
0 0 -1
1.47637796401978 -0.307250648736954 1.77635683940025E-15
1.47637796401978 -0.145792320370674 1.77635683940025E-15
1.64041996002197 -0.307250648736954 1.77635683940025E-15
0 0 -1
1.42429459095001 0.0216125324368477 1.77635683940025E-15
1.47637796401978 -0.145792320370674 1.77635683940025E-15
1.42429459095001 -0.145792320370674 1.77635683940025E-15
0 0 -1
1.47637796401978 0.0216125324368477 0
1.47637796401978 0.0216125324368477 6.88976383209229
1.47637796401978 0.184875324368477 6.88976383209229
-1 0 0
1.47637796401978 0.184875324368477 6.88976383209229
1.47637796401978 0.184875324368477 0
1.47637796401978 0.0216125324368477 0
-1 0 0
-1.47637796401978 0.184875324368477 1.32348898008484E-23
-1.64041996002197 0.184875324368477 1.32348898008484E-23
-1.47637796401978 0.184875324368477 6.88976383209229
0 1 -8.05704709299398E-18
1.64041996002197 0.184875324368477 0
1.47637796401978 0.184875324368477 1.32348898008484E-23
1.47637796401978 0.184875324368477 6.88976383209229
0 1 -8.05704709299398E-18
-1.47637796401978 0.184875324368477 6.88976383209229
-1.64041996002197 0.184875324368477 7.21784782409668
1.47637796401978 0.184875324368477 6.88976383209229
0 1 -8.05704709299398E-18
-1.64041996002197 0.184875324368477 7.21784782409668
-1.47637796401978 0.184875324368477 6.88976383209229
-1.64041996002197 0.184875324368477 1.32348898008484E-23
0 1 -8.05704709299398E-18
1.47637796401978 0.184875324368477 6.88976383209229
1.64041996002197 0.184875324368477 7.21784782409668
1.64041996002197 0.184875324368477 0
0 1 -8.05704709299398E-18
1.64041996002197 0.184875324368477 7.21784782409668
1.47637796401978 0.184875324368477 6.88976383209229
-1.64041996002197 0.184875324368477 7.21784782409668
0 1 -8.05704709299398E-18
1.64041996002197 0.184875324368477 0
1.64041996002197 0.184875324368477 7.21784782409668
1.64041996002197 -0.307250648736954 7.21784782409668
1 0 3.14786956191393E-17
1.64041996002197 -0.307250648736954 7.21784782409668
1.64041996002197 -0.307250648736954 0
1.64041996002197 0.184875324368477 0
1 0 3.14786956191393E-17
1.47637796401978 -0.307250648736954 2.46230507005482E-24
1.64041996002197 -0.307250648736954 1.32348898008484E-23
1.47637796401978 -0.307250648736954 6.88976383209229
0 -1 1.57393478095696E-17
-1.64041996002197 -0.307250648736954 -3.693457407867E-24
-1.47637796401978 -0.307250648736954 -6.15576247792181E-24
-1.47637796401978 -0.307250648736954 6.88976383209229
0 -1 1.57393478095696E-17
1.47637796401978 -0.307250648736954 6.88976383209229
1.64041996002197 -0.307250648736954 7.21784782409668
-1.47637796401978 -0.307250648736954 6.88976383209229
0 -1 1.57393478095696E-17
1.64041996002197 -0.307250648736954 7.21784782409668
1.47637796401978 -0.307250648736954 6.88976383209229
1.64041996002197 -0.307250648736954 1.32348898008484E-23
0 -1 1.57393478095696E-17
-1.47637796401978 -0.307250648736954 6.88976383209229
-1.64041996002197 -0.307250648736954 7.21784782409668
-1.64041996002197 -0.307250648736954 -3.693457407867E-24
0 -1 1.57393478095696E-17
-1.64041996002197 -0.307250648736954 7.21784782409668
-1.47637796401978 -0.307250648736954 6.88976383209229
1.64041996002197 -0.307250648736954 7.21784782409668
0 -1 1.57393478095696E-17
1.47637796401978 -0.307250648736954 0
1.47637796401978 -0.307250648736954 6.88976383209229
1.47637796401978 -0.145792320370674 6.88976383209229
-1 0 0
1.47637796401978 -0.145792320370674 6.88976383209229
1.47637796401978 -0.145792320370674 0
1.47637796401978 -0.307250648736954 0
-1 0 0
1.42429459095001 -0.145792320370674 0
1.47637796401978 -0.145792320370674 0
1.42429459095001 -0.145792320370674 6.83768033981323
0 -1 4.02852354649699E-18
-1.47637796401978 -0.145792320370674 1.32348898008484E-23
-1.42429459095001 -0.145792320370674 -1.32348898008484E-23
-1.42429459095001 -0.145792320370674 6.83768033981323
0 -1 4.02852354649699E-18
1.42429459095001 -0.145792320370674 6.83768033981323
1.47637796401978 -0.145792320370674 6.88976383209229
-1.42429459095001 -0.145792320370674 6.83768033981323
0 -1 4.02852354649699E-18
1.47637796401978 -0.145792320370674 6.88976383209229
1.42429459095001 -0.145792320370674 6.83768033981323
1.47637796401978 -0.145792320370674 0
0 -1 4.02852354649699E-18
-1.42429459095001 -0.145792320370674 6.83768033981323
-1.47637796401978 -0.145792320370674 6.88976383209229
-1.47637796401978 -0.145792320370674 1.32348898008484E-23
0 -1 4.02852354649699E-18
-1.47637796401978 -0.145792320370674 6.88976383209229
-1.42429459095001 -0.145792320370674 6.83768033981323
1.47637796401978 -0.145792320370674 6.88976383209229
0 -1 4.02852354649699E-18
1.42429459095001 -0.145792320370674 0
1.42429459095001 -0.145792320370674 6.83768033981323
1.42429459095001 0.0216125324368477 6.83768033981323
-1 0 0
1.42429459095001 0.0216125324368477 6.83768033981323
1.42429459095001 0.0216125324368477 0
1.42429459095001 -0.145792320370674 0
-1 0 0
-1.42429459095001 0.0216125324368477 0
-1.47637796401978 0.0216125324368477 0
-1.42429459095001 0.0216125324368477 6.83768033981323
0 1 0
1.47637796401978 0.0216125324368477 0
1.42429459095001 0.0216125324368477 -1.32348898008484E-23
1.42429459095001 0.0216125324368477 6.83768033981323
0 1 0
-1.42429459095001 0.0216125324368477 6.83768033981323
-1.47637796401978 0.0216125324368477 6.88976383209229
1.42429459095001 0.0216125324368477 6.83768033981323
0 1 0
-1.47637796401978 0.0216125324368477 6.88976383209229
-1.42429459095001 0.0216125324368477 6.83768033981323
-1.47637796401978 0.0216125324368477 0
0 1 0
1.42429459095001 0.0216125324368477 6.83768033981323
1.47637796401978 0.0216125324368477 6.88976383209229
1.47637796401978 0.0216125324368477 0
0 1 0
1.47637796401978 0.0216125324368477 6.88976383209229
1.42429459095001 0.0216125324368477 6.83768033981323
-1.47637796401978 0.0216125324368477 6.88976383209229
0 1 0
1.47637796401978 0.0216125324368477 6.88976383209229
-1.47637796401978 0.0216125324368477 6.88976383209229
-1.47637796401978 0.184875324368477 6.88976383209229
0 0 -1
-1.47637796401978 0.184875324368477 6.88976383209229
1.47637796401978 0.184875324368477 6.88976383209229
1.47637796401978 0.0216125324368477 6.88976383209229
0 0 -1
-1.47637796401978 -0.307250648736954 6.88976383209229
-1.47637796401978 -0.145792320370674 6.88976383209229
1.47637796401978 -0.145792320370674 6.88976383209229
0 0 -1
1.47637796401978 -0.145792320370674 6.88976383209229
1.47637796401978 -0.307250648736954 6.88976383209229
-1.47637796401978 -0.307250648736954 6.88976383209229
0 0 -1
-1.42429459095001 -0.145792320370674 6.83768033981323
-1.42429459095001 0.0216125324368477 6.83768033981323
1.42429459095001 0.0216125324368477 6.83768033981323
0 0 -1
1.42429459095001 0.0216125324368477 6.83768033981323
1.42429459095001 -0.145792320370674 6.83768033981323
-1.42429459095001 -0.145792320370674 6.83768033981323
0 0 -1
-1.64041996002197 0.184875324368477 0
-1.47637796401978 0.0216125324368477 0
-1.64041996002197 -0.307250648736954 0
0 0 -1
-1.47637796401978 0.0216125324368477 0
-1.64041996002197 0.184875324368477 0
-1.47637796401978 0.184875324368477 0
0 0 -1
-1.42429459095001 0.0216125324368477 0
-1.47637796401978 -0.145792320370674 0
-1.47637796401978 0.0216125324368477 0
0 0 -1
-1.47637796401978 -0.145792320370674 0
-1.64041996002197 -0.307250648736954 0
-1.47637796401978 0.0216125324368477 0
0 0 -1
-1.64041996002197 -0.307250648736954 0
-1.47637796401978 -0.145792320370674 0
-1.47637796401978 -0.307250648736954 0
0 0 -1
-1.42429459095001 -0.145792320370674 0
-1.47637796401978 -0.145792320370674 0
-1.42429459095001 0.0216125324368477 0
0 0 -1
-1.47637796401978 0.184875324368477 6.88976383209229
-1.47637796401978 0.0216125324368477 6.88976383209229
-1.47637796401978 0.0216125324368477 0
1 0 -3.22281883719759E-17
-1.47637796401978 0.0216125324368477 0
-1.47637796401978 0.184875324368477 0
-1.47637796401978 0.184875324368477 6.88976383209229
1 0 -3.22281883719759E-17
-1.64041996002197 0.184875324368477 0
-1.64041996002197 -0.307250648736954 0
-1.64041996002197 -0.307250648736954 7.21784782409668
-1 0 -3.14786956191393E-17
-1.64041996002197 -0.307250648736954 7.21784782409668
-1.64041996002197 0.184875324368477 7.21784782409668
-1.64041996002197 0.184875324368477 0
-1 0 -3.14786956191393E-17
-1.47637796401978 -0.307250648736954 0
-1.47637796401978 -0.145792320370674 0
-1.47637796401978 -0.145792320370674 6.88976383209229
1 0 -3.22281883719759E-17
-1.47637796401978 -0.145792320370674 6.88976383209229
-1.47637796401978 -0.307250648736954 6.88976383209229
-1.47637796401978 -0.307250648736954 0
1 0 -3.22281883719759E-17
-1.42429459095001 -0.145792320370674 0
-1.42429459095001 0.0216125324368477 0
-1.42429459095001 0.0216125324368477 6.83768033981323
1 0 -3.24736738828763E-17
-1.42429459095001 0.0216125324368477 6.83768033981323
-1.42429459095001 -0.145792320370674 6.83768033981323
-1.42429459095001 -0.145792320370674 0
1 0 -3.24736738828763E-17
1.64041996002197 0.184875324368477 7.21784782409668
-1.64041996002197 0.184875324368477 7.21784782409668
-1.64041996002197 -0.307250648736954 7.21784782409668
0 0 1
-1.64041996002197 -0.307250648736954 7.21784782409668
1.64041996002197 -0.307250648736954 7.21784782409668
1.64041996002197 0.184875324368477 7.21784782409668
0 0 1
-1.47637796401978 0.0372375324368477 6.88976383209229
-0.976377964019775 0.0372375324368477 6.38976383209229
0.976377964019775 0.0372375324368477 6.38976383209229
0 -1 0
-0.976377964019775 0.0372375324368477 6.38976383209229
-1.47637796401978 0.0372375324368477 6.88976383209229
-0.976377964019775 0.0372375324368477 0.833333313465118
0 -1 0
1.47637796401978 0.0372375324368477 6.88976383209229
0.976377964019775 0.0372375324368477 6.38976383209229
0.976377964019775 0.0372375324368477 0.833333313465118
0 -1 0
0.976377964019775 0.0372375324368477 6.38976383209229
1.47637796401978 0.0372375324368477 6.88976383209229
-1.47637796401978 0.0372375324368477 6.88976383209229
0 -1 0
-0.976377964019775 0.0372375324368477 0.833333313465118
-1.47637796401978 0.0372375324368477 -3.19744231092045E-14
0.976377964019775 0.0372375324368477 0.833333313465118
0 -1 0
-1.47637796401978 0.0372375324368477 -3.19744231092045E-14
-0.976377964019775 0.0372375324368477 0.833333313465118
-1.47637796401978 0.0372375324368477 6.88976383209229
0 -1 0
0.976377964019775 0.0372375324368477 0.833333313465118
1.47637796401978 0.0372375324368477 -3.19744231092045E-14
1.47637796401978 0.0372375324368477 6.88976383209229
0 -1 0
1.47637796401978 0.0372375324368477 -3.19744231092045E-14
0.976377964019775 0.0372375324368477 0.833333313465118
-1.47637796401978 0.0372375324368477 -3.19744231092045E-14
0 -1 0
-1.47637796401978 0.184875324368477 -3.19744231092045E-14
-0.976377964019775 0.184875324368477 0.833333313465118
0.976377964019775 0.184875324368477 0.833333313465118
0 1 0
-0.976377964019775 0.184875324368477 0.833333313465118
-1.47637796401978 0.184875324368477 -3.19744231092045E-14
-1.47637796401978 0.184875324368477 6.88976383209229
0 1 0
1.47637796401978 0.184875324368477 -3.19744231092045E-14
0.976377964019775 0.184875324368477 0.833333313465118
1.47637796401978 0.184875324368477 6.88976383209229
0 1 0
0.976377964019775 0.184875324368477 0.833333313465118
1.47637796401978 0.184875324368477 -3.19744231092045E-14
-1.47637796401978 0.184875324368477 -3.19744231092045E-14
0 1 0
-0.976377964019775 0.184875324368477 6.38976383209229
-1.47637796401978 0.184875324368477 6.88976383209229
0.976377964019775 0.184875324368477 6.38976383209229
0 1 0
-1.47637796401978 0.184875324368477 6.88976383209229
-0.976377964019775 0.184875324368477 6.38976383209229
-0.976377964019775 0.184875324368477 0.833333313465118
0 1 0
0.976377964019775 0.184875324368477 6.38976383209229
1.47637796401978 0.184875324368477 6.88976383209229
0.976377964019775 0.184875324368477 0.833333313465118
0 1 0
1.47637796401978 0.184875324368477 6.88976383209229
0.976377964019775 0.184875324368477 6.38976383209229
-1.47637796401978 0.184875324368477 6.88976383209229
0 1 0
-1.47637796401978 0.0372375324368477 6.88976383209229
-1.47637796401978 0.184875324368477 6.88976383209229
-1.47637796401978 0.184875324368477 -3.19744231092045E-14
-1 0 0
-1.47637796401978 0.184875324368477 -3.19744231092045E-14
-1.47637796401978 0.0372375324368477 -3.19744231092045E-14
-1.47637796401978 0.0372375324368477 6.88976383209229
-1 0 0
-1.47637796401978 0.0372375324368477 -3.19744231092045E-14
-1.47637796401978 0.184875324368477 -3.19744231092045E-14
1.47637796401978 0.184875324368477 -3.24185123190546E-14
-1.50398212402555E-16 0 -1
1.47637796401978 0.184875324368477 -3.24185123190546E-14
1.47637796401978 0.0372375324368477 -3.24185123190546E-14
-1.47637796401978 0.0372375324368477 -3.19744231092045E-14
-1.50398212402555E-16 0 -1
1.47637796401978 0.0372375324368477 -3.19744231092045E-14
1.47637796401978 0.184875324368477 -3.19744231092045E-14
1.47637796401978 0.184875324368477 6.88976383209229
1 0 0
1.47637796401978 0.184875324368477 6.88976383209229
1.47637796401978 0.0372375324368477 6.88976383209229
1.47637796401978 0.0372375324368477 -3.19744231092045E-14
1 0 0
1.47637796401978 0.0372375324368477 6.88976383209229
1.47637796401978 0.184875324368477 6.88976383209229
-1.47637796401978 0.184875324368477 6.88976383209229
0 0 1
-1.47637796401978 0.184875324368477 6.88976383209229
-1.47637796401978 0.0372375324368477 6.88976383209229
1.47637796401978 0.0372375324368477 6.88976383209229
0 0 1
-0.976377964019775 0.0372375324368477 6.38976383209229
-0.976377964019775 0.184875324368477 6.38976383209229
0.976377964019775 0.184875324368477 6.38976383209229
0 0 -1
0.976377964019775 0.184875324368477 6.38976383209229
0.976377964019775 0.0372375324368477 6.38976383209229
-0.976377964019775 0.0372375324368477 6.38976383209229
0 0 -1
0.976377964019775 0.0372375324368477 6.38976383209229
0.976377964019775 0.184875324368477 6.38976383209229
0.976377964019775 0.184875324368477 0.833333313465118
-1 0 1.99808678498907E-17
0.976377964019775 0.184875324368477 0.833333313465118
0.976377964019775 0.0372375324368477 0.833333313465118
0.976377964019775 0.0372375324368477 6.38976383209229
-1 0 1.99808678498907E-17
0.976377964019775 0.0372375324368477 0.833333313465118
0.976377964019775 0.184875324368477 0.833333313465118
-0.976377964019775 0.184875324368477 0.833333313465118
-2.27416651818379E-16 0 1
-0.976377964019775 0.184875324368477 0.833333313465118
-0.976377964019775 0.0372375324368477 0.833333313465118
0.976377964019775 0.0372375324368477 0.833333313465118
-2.27416651818379E-16 0 1
-0.976377964019775 0.0372375324368477 0.833333313465118
-0.976377964019775 0.184875324368477 0.833333313465118
-0.976377964019775 0.184875324368477 6.38976383209229
1 0 -1.99808678498907E-17
-0.976377964019775 0.184875324368477 6.38976383209229
-0.976377964019775 0.0372375324368477 6.38976383209229
-0.976377964019775 0.0372375324368477 0.833333313465118
1 0 -1.99808678498907E-17
[HEADER]
446882,M_Door-Passage-Double-Flush-Dbl_Acting,6
412.939117293249 150.803739154417 13.1233595800525
1
-1.80854635376402E-15 -1 0
1 -1.80854635376402E-15 0
0 0 1
[HEADER]
446994,1350 x 2000mm,342
409.976436847054 103.784874326053 13.1233595800525
1
-1 3.25559583206562E-15 0
-3.25559583206562E-15 -1 0
0 0 1
2.21456694602966 -0.0372375324368477 6.56167984008789
2.21456694602966 -0.0372375324368477 -3.19744231092045E-14
0.743438303470612 -0.0372375324368477 -3.19744231092045E-14
0 1 0
0.743438303470612 -0.0372375324368477 -3.19744231092045E-14
0.743438303470612 -0.0372375324368477 6.56167984008789
2.21456694602966 -0.0372375324368477 6.56167984008789
0 1 0
0.743438303470612 -0.184875324368477 -3.19744231092045E-14
2.21456694602966 -0.184875324368477 -3.19744231092045E-14
2.21456694602966 -0.184875324368477 6.56167984008789
0 -1 0
2.21456694602966 -0.184875324368477 6.56167984008789
0.743438303470612 -0.184875324368477 6.56167984008789
0.743438303470612 -0.184875324368477 -3.19744231092045E-14
0 -1 0
0.743438303470612 -0.184875324368477 -3.19744231092045E-14
0.743438303470612 -0.184875324368477 6.56167984008789
0.743438303470612 -0.0372375324368477 6.56167984008789
-1 0 1.69197988952873E-17
0.743438303470612 -0.0372375324368477 6.56167984008789
0.743438303470612 -0.0372375324368477 -3.19744231092045E-14
0.743438303470612 -0.184875324368477 -3.19744231092045E-14
-1 0 1.69197988952873E-17
2.21456694602966 -0.184875324368477 -3.24185123190546E-14
0.743438303470612 -0.184875324368477 -3.19744231092045E-14
0.743438303470612 -0.0372375324368477 -3.19744231092045E-14
-3.01869739434209E-16 0 -1
0.743438303470612 -0.0372375324368477 -3.19744231092045E-14
2.21456694602966 -0.0372375324368477 -3.24185123190546E-14
2.21456694602966 -0.184875324368477 -3.24185123190546E-14
-3.01869739434209E-16 0 -1
2.21456694602966 -0.184875324368477 6.56167984008789
2.21456694602966 -0.184875324368477 -3.19744231092045E-14
2.21456694602966 -0.0372375324368477 -3.19744231092045E-14
1 0 0
2.21456694602966 -0.0372375324368477 -3.19744231092045E-14
2.21456694602966 -0.0372375324368477 6.56167984008789
2.21456694602966 -0.184875324368477 6.56167984008789
1 0 0
0.743438303470612 -0.184875324368477 6.56167984008789
2.21456694602966 -0.184875324368477 6.56167984008789
2.21456694602966 -0.0372375324368477 6.56167984008789
0 0 1
2.21456694602966 -0.0372375324368477 6.56167984008789
0.743438303470612 -0.0372375324368477 6.56167984008789
0.743438303470612 -0.184875324368477 6.56167984008789
0 0 1
2.37860894203186 -0.184875324368477 1.77635683940025E-15
2.21456694602966 -0.0216125324368477 1.77635683940025E-15
2.37860894203186 0.307250648736954 1.77635683940025E-15
0 0 -1
2.21456694602966 -0.0216125324368477 1.77635683940025E-15
2.37860894203186 -0.184875324368477 1.77635683940025E-15
2.21456694602966 -0.184875324368477 1.77635683940025E-15
0 0 -1
2.16248369216919 -0.0216125324368477 1.77635683940025E-15
2.21456694602966 0.145792320370674 1.77635683940025E-15
2.21456694602966 -0.0216125324368477 1.77635683940025E-15
0 0 -1
2.21456694602966 0.145792320370674 1.77635683940025E-15
2.37860894203186 0.307250648736954 1.77635683940025E-15
2.21456694602966 -0.0216125324368477 1.77635683940025E-15
0 0 -1
2.37860894203186 0.307250648736954 1.77635683940025E-15
2.21456694602966 0.145792320370674 1.77635683940025E-15
2.21456694602966 0.307250648736954 1.77635683940025E-15
0 0 -1
2.16248369216919 0.145792320370674 1.77635683940025E-15
2.21456694602966 0.145792320370674 1.77635683940025E-15
2.16248369216919 -0.0216125324368477 1.77635683940025E-15
0 0 -1
2.21456694602966 -0.184875324368477 6.56167984008789
2.21456694602966 -0.0216125324368477 6.56167984008789
2.21456694602966 -0.0216125324368477 0
-1 0 -6.76791955811495E-17
2.21456694602966 -0.0216125324368477 0
2.21456694602966 -0.184875324368477 0
2.21456694602966 -0.184875324368477 6.56167984008789
-1 0 -6.76791955811495E-17
-2.21456694602966 -0.184875324368477 6.56167984008789
-2.37860894203186 -0.184875324368477 -1.85288454056435E-23
-2.21456694602966 -0.184875324368477 -7.94093340719252E-24
0 -1 -8.45989944764368E-18
2.21456694602966 -0.184875324368477 6.56167984008789
2.21456694602966 -0.184875324368477 0
2.37860894203186 -0.184875324368477 1.05879119984509E-23
0 -1 -8.45989944764368E-18
2.21456694602966 -0.184875324368477 6.56167984008789
-2.37860894203186 -0.184875324368477 6.88976383209229
-2.21456694602966 -0.184875324368477 6.56167984008789
0 -1 -8.45989944764368E-18
-2.37860894203186 -0.184875324368477 -1.85288454056435E-23
-2.21456694602966 -0.184875324368477 6.56167984008789
-2.37860894203186 -0.184875324368477 6.88976383209229
0 -1 -8.45989944764368E-18
2.37860894203186 -0.184875324368477 1.05879119984509E-23
2.37860894203186 -0.184875324368477 6.88976383209229
2.21456694602966 -0.184875324368477 6.56167984008789
0 -1 -8.45989944764368E-18
-2.37860894203186 -0.184875324368477 6.88976383209229
2.21456694602966 -0.184875324368477 6.56167984008789
2.37860894203186 -0.184875324368477 6.88976383209229
0 -1 -8.45989944764368E-18
2.37860894203186 0.307250648736954 6.88976383209229
2.37860894203186 -0.184875324368477 6.88976383209229
2.37860894203186 -0.184875324368477 0
1 0 6.60284834938044E-17
2.37860894203186 -0.184875324368477 0
2.37860894203186 0.307250648736954 0
2.37860894203186 0.307250648736954 6.88976383209229
1 0 6.60284834938044E-17
2.21456694602966 0.307250648736954 6.56167984008789
2.37860894203186 0.307250648736954 0
2.21456694602966 0.307250648736954 2.90521970276111E-24
0 1 8.25356043672555E-18
-2.21456694602966 0.307250648736954 6.56167984008789
-2.21456694602966 0.307250648736954 1.93681346386612E-24
-2.37860894203186 0.307250648736954 1.80769227702604E-23
0 1 8.25356043672555E-18
-2.21456694602966 0.307250648736954 6.56167984008789
2.37860894203186 0.307250648736954 6.88976383209229
2.21456694602966 0.307250648736954 6.56167984008789
0 1 8.25356043672555E-18
2.37860894203186 0.307250648736954 0
2.21456694602966 0.307250648736954 6.56167984008789
2.37860894203186 0.307250648736954 6.88976383209229
0 1 8.25356043672555E-18
-2.37860894203186 0.307250648736954 1.80769227702604E-23
-2.37860894203186 0.307250648736954 6.88976383209229
-2.21456694602966 0.307250648736954 6.56167984008789
0 1 8.25356043672555E-18
2.37860894203186 0.307250648736954 6.88976383209229
-2.21456694602966 0.307250648736954 6.56167984008789
-2.37860894203186 0.307250648736954 6.88976383209229
0 1 8.25356043672555E-18
2.21456694602966 0.145792320370674 6.56167984008789
2.21456694602966 0.307250648736954 6.56167984008789
2.21456694602966 0.307250648736954 0
-1 0 -6.76791955811495E-17
2.21456694602966 0.307250648736954 0
2.21456694602966 0.145792320370674 0
2.21456694602966 0.145792320370674 6.56167984008789
-1 0 -6.76791955811495E-17
2.16248369216919 0.145792320370674 6.50959634780884
2.21456694602966 0.145792320370674 0
2.16248369216919 0.145792320370674 -4.02340597565429E-24
0 1 -1.69197988952874E-17
-2.16248369216919 0.145792320370674 6.50959634780884
-2.16248369216919 0.145792320370674 -1.71524172323867E-23
-2.21456694602966 0.145792320370674 5.29395639365592E-24
0 1 -1.69197988952874E-17
-2.16248369216919 0.145792320370674 6.50959634780884
2.21456694602966 0.145792320370674 6.56167984008789
2.16248369216919 0.145792320370674 6.50959634780884
0 1 -1.69197988952874E-17
2.21456694602966 0.145792320370674 0
2.16248369216919 0.145792320370674 6.50959634780884
2.21456694602966 0.145792320370674 6.56167984008789
0 1 -1.69197988952874E-17
-2.21456694602966 0.145792320370674 5.29395639365592E-24
-2.21456694602966 0.145792320370674 6.56167984008789
-2.16248369216919 0.145792320370674 6.50959634780884
0 1 -1.69197988952874E-17
2.21456694602966 0.145792320370674 6.56167984008789
-2.16248369216919 0.145792320370674 6.50959634780884
-2.21456694602966 0.145792320370674 6.56167984008789
0 1 -1.69197988952874E-17
2.16248369216919 -0.0216125324368477 6.50959634780884
2.16248369216919 0.145792320370674 6.50959634780884
2.16248369216919 0.145792320370674 0
-1 0 -6.8220697366496E-17
2.16248369216919 0.145792320370674 0
2.16248369216919 -0.0216125324368477 0
2.16248369216919 -0.0216125324368477 6.50959634780884
-1 0 -6.8220697366496E-17
-2.16248369216919 -0.0216125324368477 6.50959634780884
-2.21456694602966 -0.0216125324368477 -2.75862355081945E-23
-2.16248369216919 -0.0216125324368477 2.57477060272946E-24
0 -1 -8.527587170812E-18
2.16248369216919 -0.0216125324368477 6.50959634780884
2.16248369216919 -0.0216125324368477 -1.32348898008484E-23
2.21456694602966 -0.0216125324368477 1.69261167045059E-23
0 -1 -8.527587170812E-18
2.16248369216919 -0.0216125324368477 6.50959634780884
-2.21456694602966 -0.0216125324368477 6.56167984008789
-2.16248369216919 -0.0216125324368477 6.50959634780884
0 -1 -8.527587170812E-18
-2.21456694602966 -0.0216125324368477 -2.75862355081945E-23
-2.16248369216919 -0.0216125324368477 6.50959634780884
-2.21456694602966 -0.0216125324368477 6.56167984008789
0 -1 -8.527587170812E-18
2.21456694602966 -0.0216125324368477 1.69261167045059E-23
2.21456694602966 -0.0216125324368477 6.56167984008789
2.16248369216919 -0.0216125324368477 6.50959634780884
0 -1 -8.527587170812E-18
-2.21456694602966 -0.0216125324368477 6.56167984008789
2.16248369216919 -0.0216125324368477 6.50959634780884
2.21456694602966 -0.0216125324368477 6.56167984008789
0 -1 -8.527587170812E-18
-2.21456694602966 -0.184875324368477 6.56167984008789
-2.21456694602966 -0.0216125324368477 6.56167984008789
2.21456694602966 -0.0216125324368477 6.56167984008789
0 0 -1
2.21456694602966 -0.0216125324368477 6.56167984008789
2.21456694602966 -0.184875324368477 6.56167984008789
-2.21456694602966 -0.184875324368477 6.56167984008789
0 0 -1
2.21456694602966 0.145792320370674 6.56167984008789
-2.21456694602966 0.145792320370674 6.56167984008789
-2.21456694602966 0.307250648736954 6.56167984008789
0 0 -1
-2.21456694602966 0.307250648736954 6.56167984008789
2.21456694602966 0.307250648736954 6.56167984008789
2.21456694602966 0.145792320370674 6.56167984008789
0 0 -1
2.16248369216919 -0.0216125324368477 6.50959634780884
-2.16248369216919 -0.0216125324368477 6.50959634780884
-2.16248369216919 0.145792320370674 6.50959634780884
0 0 -1
-2.16248369216919 0.145792320370674 6.50959634780884
2.16248369216919 0.145792320370674 6.50959634780884
2.16248369216919 -0.0216125324368477 6.50959634780884
0 0 -1
-2.37860894203186 0.307250648736954 0
-2.21456694602966 -0.0216125324368477 0
-2.37860894203186 -0.184875324368477 0
0 0 -1
-2.21456694602966 -0.184875324368477 0
-2.37860894203186 -0.184875324368477 0
-2.21456694602966 -0.0216125324368477 0
0 0 -1
-2.21456694602966 -0.0216125324368477 0
-2.21456694602966 0.145792320370674 0
-2.16248369216919 -0.0216125324368477 0
0 0 -1
-2.21456694602966 -0.0216125324368477 0
-2.37860894203186 0.307250648736954 0
-2.21456694602966 0.145792320370674 0
0 0 -1
-2.21456694602966 0.307250648736954 0
-2.21456694602966 0.145792320370674 0
-2.37860894203186 0.307250648736954 0
0 0 -1
-2.16248369216919 -0.0216125324368477 0
-2.21456694602966 0.145792320370674 0
-2.16248369216919 0.145792320370674 0
0 0 -1
-2.21456694602966 -0.0216125324368477 0
-2.21456694602966 -0.0216125324368477 6.56167984008789
-2.21456694602966 -0.184875324368477 6.56167984008789
1 0 0
-2.21456694602966 -0.184875324368477 6.56167984008789
-2.21456694602966 -0.184875324368477 0
-2.21456694602966 -0.0216125324368477 0
1 0 0
-2.37860894203186 0.307250648736954 6.88976383209229
-2.37860894203186 0.307250648736954 0
-2.37860894203186 -0.184875324368477 0
-1 0 0
-2.37860894203186 -0.184875324368477 0
-2.37860894203186 -0.184875324368477 6.88976383209229
-2.37860894203186 0.307250648736954 6.88976383209229
-1 0 0
-2.21456694602966 0.145792320370674 6.56167984008789
-2.21456694602966 0.145792320370674 0
-2.21456694602966 0.307250648736954 0
1 0 0
-2.21456694602966 0.307250648736954 0
-2.21456694602966 0.307250648736954 6.56167984008789
-2.21456694602966 0.145792320370674 6.56167984008789
1 0 0
-2.16248369216919 -0.0216125324368477 6.50959634780884
-2.16248369216919 -0.0216125324368477 0
-2.16248369216919 0.145792320370674 0
1 0 0
-2.16248369216919 0.145792320370674 0
-2.16248369216919 0.145792320370674 6.50959634780884
-2.16248369216919 -0.0216125324368477 6.50959634780884
1 0 0
-2.37860894203186 0.307250648736954 6.88976383209229
-2.37860894203186 -0.184875324368477 6.88976383209229
2.37860894203186 -0.184875324368477 6.88976383209229
0 0 1
2.37860894203186 -0.184875324368477 6.88976383209229
2.37860894203186 0.307250648736954 6.88976383209229
-2.37860894203186 0.307250648736954 6.88976383209229
0 0 1
0.732939660549164 -0.0372375324368477 6.56167984008789
0.732939660549164 -0.0372375324368477 -3.19744231092045E-14
-2.21456694602966 -0.0372375324368477 -3.19744231092045E-14
0 1 0
-2.21456694602966 -0.0372375324368477 -3.19744231092045E-14
-2.21456694602966 -0.0372375324368477 6.56167984008789
0.732939660549164 -0.0372375324368477 6.56167984008789
0 1 0
-2.21456694602966 -0.184875324368477 -3.19744231092045E-14
0.732939660549164 -0.184875324368477 -3.19744231092045E-14
0.732939660549164 -0.184875324368477 6.56167984008789
0 -1 0
0.732939660549164 -0.184875324368477 6.56167984008789
-2.21456694602966 -0.184875324368477 6.56167984008789
-2.21456694602966 -0.184875324368477 -3.19744231092045E-14
0 -1 0
-2.21456694602966 -0.184875324368477 -3.19744231092045E-14
-2.21456694602966 -0.184875324368477 6.56167984008789
-2.21456694602966 -0.0372375324368477 6.56167984008789
-1 0 0
-2.21456694602966 -0.0372375324368477 6.56167984008789
-2.21456694602966 -0.0372375324368477 -3.19744231092045E-14
-2.21456694602966 -0.184875324368477 -3.19744231092045E-14
-1 0 0
0.732939660549164 -0.184875324368477 -3.24185123190546E-14
-2.21456694602966 -0.184875324368477 -3.19744231092045E-14
-2.21456694602966 -0.0372375324368477 -3.19744231092045E-14
-1.50666063181544E-16 0 -1
-2.21456694602966 -0.0372375324368477 -3.19744231092045E-14
0.732939660549164 -0.0372375324368477 -3.24185123190546E-14
0.732939660549164 -0.184875324368477 -3.24185123190546E-14
-1.50666063181544E-16 0 -1
0.732939660549164 -0.184875324368477 6.56167984008789
0.732939660549164 -0.184875324368477 -3.19744231092045E-14
0.732939660549164 -0.0372375324368477 -3.19744231092045E-14
1 0 -1.69197988952873E-17
0.732939660549164 -0.0372375324368477 -3.19744231092045E-14
0.732939660549164 -0.0372375324368477 6.56167984008789
0.732939660549164 -0.184875324368477 6.56167984008789
1 0 -1.69197988952873E-17
-2.21456694602966 -0.184875324368477 6.56167984008789
0.732939660549164 -0.184875324368477 6.56167984008789
0.732939660549164 -0.0372375324368477 6.56167984008789
0 0 1
0.732939660549164 -0.0372375324368477 6.56167984008789
-2.21456694602966 -0.0372375324368477 6.56167984008789
-2.21456694602966 -0.184875324368477 6.56167984008789
0 0 1
[HEADER]
447059,M_Door-Passage-Single-One_Lite,6
416.076420442855 101.181035743376 13.1233595800525
1
2.52012713727624E-15 1 0
-1 2.52012713727624E-15 0
0 0 1
[HEADER]
447102,M_Door-Passage-Single-One_Lite,6
413.800665849679 91.4413703890454 13.1233595800525
1
1 -3.33189885937967E-15 0
3.33189885937967E-15 1 0
0 0 1
[HEADER]
447167,M_Door-Passage-Single-One_Lite,6
396.740298395611 103.82654099272 13.1233595800525
1
-1 3.25559583206562E-15 0
-3.25559583206562E-15 -1 0
0 0 1
[HEADER]
447198,M_Door-Passage-Single-One_Lite,6
391.819038553091 103.82654099272 13.1233595800525
1
1 -3.25559583206562E-15 0
3.25559583206562E-15 1 0
0 0 1
[HEADER]
447258,M_Door-Passage-Double-Flush-Dbl_Acting,6
371.445022805061 103.82654099272 13.1233595800525
1
-1 3.25559583206562E-15 0
-3.25559583206562E-15 -1 0
0 0 1
[HEADER]
447296,M_Door-Passage-Double-Flush-Dbl_Acting,6
371.445022805061 110.41217091398 13.1233595800525
1
1 -3.14729774183012E-15 0
3.14729774183012E-15 1 0
0 0 1
[LEVEL]
B1F BIMS plan
[HEADER]
420165,1350 x 2100mm,342
402.879898205206 158.677754902448 -11.8110236220472
1
1.49877803362078E-15 1 0
-1 1.49877803362078E-15 0
0 0 1
0.743438303470612 0.119258530437946 -3.28626015289046E-14
2.21456694602966 0.119258530437946 -3.28626015289046E-14
2.21456694602966 0.119258530437946 6.88976383209229
0 -1 0
2.21456694602966 0.119258530437946 6.88976383209229
0.743438303470612 0.119258530437946 6.88976383209229
0.743438303470612 0.119258530437946 -3.28626015289046E-14
0 -1 0
2.21456694602966 0.266896337270737 6.88976383209229
2.21456694602966 0.266896337270737 -3.28626015289046E-14
0.743438303470612 0.266896337270737 -3.28626015289046E-14
0 1 0
0.743438303470612 0.266896337270737 -3.28626015289046E-14
0.743438303470612 0.266896337270737 6.88976383209229
2.21456694602966 0.266896337270737 6.88976383209229
0 1 0
0.743438303470612 0.119258530437946 6.88976383209229
0.743438303470612 0.266896337270737 6.88976383209229
0.743438303470612 0.266896337270737 -3.28626015289046E-14
-1 0 0
0.743438303470612 0.266896337270737 -3.28626015289046E-14
0.743438303470612 0.119258530437946 -3.28626015289046E-14
0.743438303470612 0.119258530437946 6.88976383209229
-1 0 0
0.743438303470612 0.119258530437946 -3.28626015289046E-14
0.743438303470612 0.266896337270737 -3.28626015289046E-14
2.21456694602966 0.266896337270737 -3.24185123190546E-14
3.0186973943421E-16 0 -1
2.21456694602966 0.266896337270737 -3.24185123190546E-14
2.21456694602966 0.119258530437946 -3.24185123190546E-14
0.743438303470612 0.119258530437946 -3.28626015289046E-14
3.0186973943421E-16 0 -1
2.21456694602966 0.119258530437946 -3.28626015289046E-14
2.21456694602966 0.266896337270737 -3.28626015289046E-14
2.21456694602966 0.266896337270737 6.88976383209229
1 0 6.44563767439516E-17
2.21456694602966 0.266896337270737 6.88976383209229
2.21456694602966 0.119258530437946 6.88976383209229
2.21456694602966 0.119258530437946 -3.28626015289046E-14
1 0 6.44563767439516E-17
2.21456694602966 0.119258530437946 6.88976383209229
2.21456694602966 0.266896337270737 6.88976383209229
0.743438303470612 0.266896337270737 6.88976383209229
-6.0373947886842E-16 0 1
0.743438303470612 0.266896337270737 6.88976383209229
0.743438303470612 0.119258530437946 6.88976383209229
2.21456694602966 0.119258530437946 6.88976383209229
-6.0373947886842E-16 0 1
2.37860894203186 -0.225229665637016 1.77635683940025E-15
2.21456694602966 0.103633530437946 1.77635683940025E-15
2.37860894203186 0.266896337270737 1.77635683940025E-15
0 0 -1
2.21456694602966 0.266896337270737 1.77635683940025E-15
2.37860894203186 0.266896337270737 1.77635683940025E-15
2.21456694602966 0.103633530437946 1.77635683940025E-15
0 0 -1
2.21456694602966 0.103633530437946 1.77635683940025E-15
2.21456694602966 -0.0637713223695755 1.77635683940025E-15
2.16248369216919 0.103633530437946 1.77635683940025E-15
0 0 -1
2.21456694602966 0.103633530437946 1.77635683940025E-15
2.37860894203186 -0.225229665637016 1.77635683940025E-15
2.21456694602966 -0.0637713223695755 1.77635683940025E-15
0 0 -1
2.21456694602966 -0.225229665637016 1.77635683940025E-15
2.21456694602966 -0.0637713223695755 1.77635683940025E-15
2.37860894203186 -0.225229665637016 1.77635683940025E-15
0 0 -1
2.16248369216919 0.103633530437946 1.77635683940025E-15
2.21456694602966 -0.0637713223695755 1.77635683940025E-15
2.16248369216919 -0.0637713223695755 1.77635683940025E-15
0 0 -1
2.21456694602966 0.103633530437946 0
2.21456694602966 0.103633530437946 6.88976383209229
2.21456694602966 0.266896337270737 6.88976383209229
-1 0 -6.44563767439519E-17
2.21456694602966 0.266896337270737 6.88976383209229
2.21456694602966 0.266896337270737 0
2.21456694602966 0.103633530437946 0
-1 0 -6.44563767439519E-17
-2.21456694602966 0.266896337270737 -3.78139686056787E-24
-2.37860894203186 0.266896337270737 8.82326013018593E-24
-2.21456694602966 0.266896337270737 6.88976383209229
0 1 0
2.37860894203186 0.266896337270737 6.30232810094645E-25
2.21456694602966 0.266896337270737 1.32348898008484E-23
2.21456694602966 0.266896337270737 6.88976383209229
0 1 0
-2.21456694602966 0.266896337270737 6.88976383209229
-2.37860894203186 0.266896337270737 7.21784782409668
2.21456694602966 0.266896337270737 6.88976383209229
0 1 0
-2.37860894203186 0.266896337270737 7.21784782409668
-2.21456694602966 0.266896337270737 6.88976383209229
-2.37860894203186 0.266896337270737 8.82326013018593E-24
0 1 0
2.21456694602966 0.266896337270737 6.88976383209229
2.37860894203186 0.266896337270737 7.21784782409668
2.37860894203186 0.266896337270737 6.30232810094645E-25
0 1 0
2.37860894203186 0.266896337270737 7.21784782409668
2.21456694602966 0.266896337270737 6.88976383209229
-2.37860894203186 0.266896337270737 7.21784782409668
0 1 0
2.37860894203186 0.266896337270737 0
2.37860894203186 0.266896337270737 7.21784782409668
2.37860894203186 -0.225229665637016 7.21784782409668
1 0 0
2.37860894203186 -0.225229665637016 7.21784782409668
2.37860894203186 -0.225229665637016 0
2.37860894203186 0.266896337270737 0
1 0 0
2.21456694602966 -0.225229665637016 0
2.37860894203186 -0.225229665637016 -1.32348898008484E-23
2.21456694602966 -0.225229665637016 6.88976383209229
0 -1 0
-2.37860894203186 -0.225229665637016 2.64697796016969E-23
-2.21456694602966 -0.225229665637016 1.32348898008484E-23
-2.21456694602966 -0.225229665637016 6.88976383209229
0 -1 0
2.21456694602966 -0.225229665637016 6.88976383209229
2.37860894203186 -0.225229665637016 7.21784782409668
-2.21456694602966 -0.225229665637016 6.88976383209229
0 -1 0
2.37860894203186 -0.225229665637016 7.21784782409668
2.21456694602966 -0.225229665637016 6.88976383209229
2.37860894203186 -0.225229665637016 -1.32348898008484E-23
0 -1 0
-2.21456694602966 -0.225229665637016 6.88976383209229
-2.37860894203186 -0.225229665637016 7.21784782409668
-2.37860894203186 -0.225229665637016 2.64697796016969E-23
0 -1 0
-2.37860894203186 -0.225229665637016 7.21784782409668
-2.21456694602966 -0.225229665637016 6.88976383209229
2.37860894203186 -0.225229665637016 7.21784782409668
0 -1 0
2.21456694602966 -0.225229665637016 0
2.21456694602966 -0.225229665637016 6.88976383209229
2.21456694602966 -0.0637713223695755 6.88976383209229
-1 0 -6.44563767439519E-17
2.21456694602966 -0.0637713223695755 6.88976383209229
2.21456694602966 -0.0637713223695755 0
2.21456694602966 -0.225229665637016 0
-1 0 -6.44563767439519E-17
2.16248369216919 -0.0637713223695755 1.94868002236204E-23
2.21456694602966 -0.0637713223695755 1.32348898008484E-23
2.16248369216919 -0.0637713223695755 6.83768033981323
0 -1 8.05704709299399E-18
-2.21456694602966 -0.0637713223695755 9.45349294028057E-24
-2.16248369216919 -0.0637713223695755 3.20158271472384E-24
-2.16248369216919 -0.0637713223695755 6.83768033981323
0 -1 8.05704709299399E-18
2.16248369216919 -0.0637713223695755 6.83768033981323
2.21456694602966 -0.0637713223695755 6.88976383209229
-2.16248369216919 -0.0637713223695755 6.83768033981323
0 -1 8.05704709299399E-18
2.21456694602966 -0.0637713223695755 6.88976383209229
2.16248369216919 -0.0637713223695755 6.83768033981323
2.21456694602966 -0.0637713223695755 1.32348898008484E-23
0 -1 8.05704709299399E-18
-2.16248369216919 -0.0637713223695755 6.83768033981323
-2.21456694602966 -0.0637713223695755 6.88976383209229
-2.21456694602966 -0.0637713223695755 9.45349294028057E-24
0 -1 8.05704709299399E-18
-2.21456694602966 -0.0637713223695755 6.88976383209229
-2.16248369216919 -0.0637713223695755 6.83768033981323
2.21456694602966 -0.0637713223695755 6.88976383209229
0 -1 8.05704709299399E-18
2.16248369216919 -0.0637713223695755 0
2.16248369216919 -0.0637713223695755 6.83768033981323
2.16248369216919 0.103633530437946 6.83768033981323
-1 0 -6.49473477657525E-17
2.16248369216919 0.103633530437946 6.83768033981323
2.16248369216919 0.103633530437946 0
2.16248369216919 -0.0637713223695755 0
-1 0 -6.49473477657525E-17
-2.16248369216919 0.103633530437946 -4.42221421185832E-24
-2.21456694602966 0.103633530437946 1.34642952852521E-23
-2.16248369216919 0.103633530437946 6.83768033981323
0 1 0
2.21456694602966 0.103633530437946 8.58326971015597E-24
2.16248369216919 0.103633530437946 0
2.16248369216919 0.103633530437946 6.83768033981323
0 1 0
-2.16248369216919 0.103633530437946 6.83768033981323
-2.21456694602966 0.103633530437946 6.88976383209229
2.16248369216919 0.103633530437946 6.83768033981323
0 1 0
-2.21456694602966 0.103633530437946 6.88976383209229
-2.16248369216919 0.103633530437946 6.83768033981323
-2.21456694602966 0.103633530437946 1.34642952852521E-23
0 1 0
2.16248369216919 0.103633530437946 6.83768033981323
2.21456694602966 0.103633530437946 6.88976383209229
2.21456694602966 0.103633530437946 8.58326971015597E-24
0 1 0
2.21456694602966 0.103633530437946 6.88976383209229
2.16248369216919 0.103633530437946 6.83768033981323
-2.21456694602966 0.103633530437946 6.88976383209229
0 1 0
2.21456694602966 0.103633530437946 6.88976383209229
-2.21456694602966 0.103633530437946 6.88976383209229
-2.21456694602966 0.266896337270737 6.88976383209229
0 0 -1
-2.21456694602966 0.266896337270737 6.88976383209229
2.21456694602966 0.266896337270737 6.88976383209229
2.21456694602966 0.103633530437946 6.88976383209229
0 0 -1
-2.21456694602966 -0.225229665637016 6.88976383209229
-2.21456694602966 -0.0637713223695755 6.88976383209229
2.21456694602966 -0.0637713223695755 6.88976383209229
0 0 -1
2.21456694602966 -0.0637713223695755 6.88976383209229
2.21456694602966 -0.225229665637016 6.88976383209229
-2.21456694602966 -0.225229665637016 6.88976383209229
0 0 -1
-2.16248369216919 -0.0637713223695755 6.83768033981323
-2.16248369216919 0.103633530437946 6.83768033981323
2.16248369216919 0.103633530437946 6.83768033981323
0 0 -1
2.16248369216919 0.103633530437946 6.83768033981323
2.16248369216919 -0.0637713223695755 6.83768033981323
-2.16248369216919 -0.0637713223695755 6.83768033981323
0 0 -1
-2.37860894203186 0.266896337270737 0
-2.21456694602966 0.103633530437946 0
-2.37860894203186 -0.225229665637016 0
0 0 -1
-2.21456694602966 0.103633530437946 0
-2.37860894203186 0.266896337270737 0
-2.21456694602966 0.266896337270737 0
0 0 -1
-2.16248369216919 0.103633530437946 0
-2.21456694602966 -0.0637713223695755 0
-2.21456694602966 0.103633530437946 0
0 0 -1
-2.21456694602966 -0.0637713223695755 0
-2.37860894203186 -0.225229665637016 0
-2.21456694602966 0.103633530437946 0
0 0 -1
-2.37860894203186 -0.225229665637016 0
-2.21456694602966 -0.0637713223695755 0
-2.21456694602966 -0.225229665637016 0
0 0 -1
-2.16248369216919 -0.0637713223695755 0
-2.21456694602966 -0.0637713223695755 0
-2.16248369216919 0.103633530437946 0
0 0 -1
-2.21456694602966 0.266896337270737 6.88976383209229
-2.21456694602966 0.103633530437946 6.88976383209229
-2.21456694602966 0.103633530437946 0
1 0 0
-2.21456694602966 0.103633530437946 0
-2.21456694602966 0.266896337270737 0
-2.21456694602966 0.266896337270737 6.88976383209229
1 0 0
-2.37860894203186 0.266896337270737 0
-2.37860894203186 -0.225229665637016 0
-2.37860894203186 -0.225229665637016 7.21784782409668
-1 0 0
-2.37860894203186 -0.225229665637016 7.21784782409668
-2.37860894203186 0.266896337270737 7.21784782409668
-2.37860894203186 0.266896337270737 0
-1 0 0
-2.21456694602966 -0.225229665637016 0
-2.21456694602966 -0.0637713223695755 0
-2.21456694602966 -0.0637713223695755 6.88976383209229
1 0 0
-2.21456694602966 -0.0637713223695755 6.88976383209229
-2.21456694602966 -0.225229665637016 6.88976383209229
-2.21456694602966 -0.225229665637016 0
1 0 0
-2.16248369216919 -0.0637713223695755 0
-2.16248369216919 0.103633530437946 0
-2.16248369216919 0.103633530437946 6.83768033981323
1 0 0
-2.16248369216919 0.103633530437946 6.83768033981323
-2.16248369216919 -0.0637713223695755 6.83768033981323
-2.16248369216919 -0.0637713223695755 0
1 0 0
2.37860894203186 0.266896337270737 7.21784782409668
-2.37860894203186 0.266896337270737 7.21784782409668
-2.37860894203186 -0.225229665637016 7.21784782409668
0 0 1
-2.37860894203186 -0.225229665637016 7.21784782409668
2.37860894203186 -0.225229665637016 7.21784782409668
2.37860894203186 0.266896337270737 7.21784782409668
0 0 1
-2.21456694602966 0.119258530437946 -3.28626015289046E-14
0.732939660549164 0.119258530437946 -3.28626015289046E-14
0.732939660549164 0.119258530437946 6.88976383209229
0 -1 0
0.732939660549164 0.119258530437946 6.88976383209229
-2.21456694602966 0.119258530437946 6.88976383209229
-2.21456694602966 0.119258530437946 -3.28626015289046E-14
0 -1 0
0.732939660549164 0.266896337270737 6.88976383209229
0.732939660549164 0.266896337270737 -3.28626015289046E-14
-2.21456694602966 0.266896337270737 -3.28626015289046E-14
0 1 0
-2.21456694602966 0.266896337270737 -3.28626015289046E-14
-2.21456694602966 0.266896337270737 6.88976383209229
0.732939660549164 0.266896337270737 6.88976383209229
0 1 0
-2.21456694602966 0.119258530437946 6.88976383209229
-2.21456694602966 0.266896337270737 6.88976383209229
-2.21456694602966 0.266896337270737 -3.28626015289046E-14
-1 0 0
-2.21456694602966 0.266896337270737 -3.28626015289046E-14
-2.21456694602966 0.119258530437946 -3.28626015289046E-14
-2.21456694602966 0.119258530437946 6.88976383209229
-1 0 0
-2.21456694602966 0.119258530437946 -3.28626015289046E-14
-2.21456694602966 0.266896337270737 -3.28626015289046E-14
0.732939660549164 0.266896337270737 -3.24185123190546E-14
1.50666063181544E-16 0 -1
0.732939660549164 0.266896337270737 -3.24185123190546E-14
0.732939660549164 0.119258530437946 -3.24185123190546E-14
-2.21456694602966 0.119258530437946 -3.28626015289046E-14
1.50666063181544E-16 0 -1
0.732939660549164 0.119258530437946 -3.28626015289046E-14
0.732939660549164 0.266896337270737 -3.28626015289046E-14
0.732939660549164 0.266896337270737 6.88976383209229
1 0 -6.44563767439516E-16
0.732939660549164 0.266896337270737 6.88976383209229
0.732939660549164 0.119258530437946 6.88976383209229
0.732939660549164 0.119258530437946 -3.28626015289046E-14
1 0 -6.44563767439516E-16
0.732939660549164 0.119258530437946 6.88976383209229
0.732939660549164 0.266896337270737 6.88976383209229
-2.21456694602966 0.266896337270737 6.88976383209229
-3.01332126363087E-16 0 1
-2.21456694602966 0.266896337270737 6.88976383209229
-2.21456694602966 0.119258530437946 6.88976383209229
0.732939660549164 0.119258530437946 6.88976383209229
-3.01332126363087E-16 0 1
[HEADER]
420265,M_Door-Passage-Single-Vision_Two_Lite 2,550
407.915987377631 202.996980631792 -11.8110236220472
1
1.78613910428044E-15 1 0
-1 1.78613910428044E-15 0
0 0 1
1.64041996002197 -0.225229665637016 1.77635683940025E-15
1.47637796401978 0.103633530437946 1.77635683940025E-15
1.64041996002197 0.266896337270737 1.77635683940025E-15
0 0 -1
1.47637796401978 0.266896337270737 1.77635683940025E-15
1.64041996002197 0.266896337270737 1.77635683940025E-15
1.47637796401978 0.103633530437946 1.77635683940025E-15
0 0 -1
1.47637796401978 0.103633530437946 1.77635683940025E-15
1.47637796401978 -0.0637713223695755 1.77635683940025E-15
1.42429459095001 0.103633530437946 1.77635683940025E-15
0 0 -1
1.47637796401978 0.103633530437946 1.77635683940025E-15
1.64041996002197 -0.225229665637016 1.77635683940025E-15
1.47637796401978 -0.0637713223695755 1.77635683940025E-15
0 0 -1
1.47637796401978 -0.225229665637016 1.77635683940025E-15
1.47637796401978 -0.0637713223695755 1.77635683940025E-15
1.64041996002197 -0.225229665637016 1.77635683940025E-15
0 0 -1
1.42429459095001 0.103633530437946 1.77635683940025E-15
1.47637796401978 -0.0637713223695755 1.77635683940025E-15
1.42429459095001 -0.0637713223695755 1.77635683940025E-15
0 0 -1
1.47637796401978 0.103633530437946 0
1.47637796401978 0.103633530437946 6.88976383209229
1.47637796401978 0.266896337270737 6.88976383209229
-1 0 -9.66845651159278E-17
1.47637796401978 0.266896337270737 6.88976383209229
1.47637796401978 0.266896337270737 0
1.47637796401978 0.103633530437946 0
-1 0 -9.66845651159278E-17
-1.47637796401978 0.266896337270737 9.45349294028057E-24
-1.64041996002197 0.266896337270737 1.51255890199933E-23
-1.47637796401978 0.266896337270737 6.88976383209229
0 1 0
1.64041996002197 0.266896337270737 -5.67209568528225E-24
1.47637796401978 0.266896337270737 0
1.47637796401978 0.266896337270737 6.88976383209229
0 1 0
-1.47637796401978 0.266896337270737 6.88976383209229
-1.64041996002197 0.266896337270737 7.21784782409668
1.47637796401978 0.266896337270737 6.88976383209229
0 1 0
-1.64041996002197 0.266896337270737 7.21784782409668
-1.47637796401978 0.266896337270737 6.88976383209229
-1.64041996002197 0.266896337270737 1.51255890199933E-23
0 1 0
1.47637796401978 0.266896337270737 6.88976383209229
1.64041996002197 0.266896337270737 7.21784782409668
1.64041996002197 0.266896337270737 -5.67209568528225E-24
0 1 0
1.64041996002197 0.266896337270737 7.21784782409668
1.47637796401978 0.266896337270737 6.88976383209229
-1.64041996002197 0.266896337270737 7.21784782409668
0 1 0
1.64041996002197 0.266896337270737 0
1.64041996002197 0.266896337270737 7.21784782409668
1.64041996002197 -0.225229665637016 7.21784782409668
1 0 3.14786956191393E-17
1.64041996002197 -0.225229665637016 7.21784782409668
1.64041996002197 -0.225229665637016 0
1.64041996002197 0.266896337270737 0
1 0 3.14786956191393E-17
1.47637796401978 -0.225229665637016 2.46230507005482E-24
1.64041996002197 -0.225229665637016 1.32348898008484E-23
1.47637796401978 -0.225229665637016 6.88976383209229
0 -1 -7.86967390478482E-18
-1.64041996002197 -0.225229665637016 -3.693457407867E-24
-1.47637796401978 -0.225229665637016 -6.15576247792181E-24
-1.47637796401978 -0.225229665637016 6.88976383209229
0 -1 -7.86967390478482E-18
1.47637796401978 -0.225229665637016 6.88976383209229
1.64041996002197 -0.225229665637016 7.21784782409668
-1.47637796401978 -0.225229665637016 6.88976383209229
0 -1 -7.86967390478482E-18
1.64041996002197 -0.225229665637016 7.21784782409668
1.47637796401978 -0.225229665637016 6.88976383209229
1.64041996002197 -0.225229665637016 1.32348898008484E-23
0 -1 -7.86967390478482E-18
-1.47637796401978 -0.225229665637016 6.88976383209229
-1.64041996002197 -0.225229665637016 7.21784782409668
-1.64041996002197 -0.225229665637016 -3.693457407867E-24
0 -1 -7.86967390478482E-18
-1.64041996002197 -0.225229665637016 7.21784782409668
-1.47637796401978 -0.225229665637016 6.88976383209229
1.64041996002197 -0.225229665637016 7.21784782409668
0 -1 -7.86967390478482E-18
1.47637796401978 -0.225229665637016 0
1.47637796401978 -0.225229665637016 6.88976383209229
1.47637796401978 -0.0637713223695755 6.88976383209229
-1 0 -9.66845651159278E-17
1.47637796401978 -0.0637713223695755 6.88976383209229
1.47637796401978 -0.0637713223695755 0
1.47637796401978 -0.225229665637016 0
-1 0 -9.66845651159278E-17
1.42429459095001 -0.0637713223695755 9.37786484529704E-24
1.47637796401978 -0.0637713223695755 0
1.42429459095001 -0.0637713223695755 6.83768033981323
0 -1 -1.2085570639491E-17
-1.47637796401978 -0.0637713223695755 9.45349294028057E-24
-1.42429459095001 -0.0637713223695755 -1.31592617058649E-23
-1.42429459095001 -0.0637713223695755 6.83768033981323
0 -1 -1.2085570639491E-17
1.42429459095001 -0.0637713223695755 6.83768033981323
1.47637796401978 -0.0637713223695755 6.88976383209229
-1.42429459095001 -0.0637713223695755 6.83768033981323
0 -1 -1.2085570639491E-17
1.47637796401978 -0.0637713223695755 6.88976383209229
1.42429459095001 -0.0637713223695755 6.83768033981323
1.47637796401978 -0.0637713223695755 0
0 -1 -1.2085570639491E-17
-1.42429459095001 -0.0637713223695755 6.83768033981323
-1.47637796401978 -0.0637713223695755 6.88976383209229
-1.47637796401978 -0.0637713223695755 9.45349294028057E-24
0 -1 -1.2085570639491E-17
-1.47637796401978 -0.0637713223695755 6.88976383209229
-1.42429459095001 -0.0637713223695755 6.83768033981323
1.47637796401978 -0.0637713223695755 6.88976383209229
0 -1 -1.2085570639491E-17
1.42429459095001 -0.0637713223695755 0
1.42429459095001 -0.0637713223695755 6.83768033981323
1.42429459095001 0.103633530437946 6.83768033981323
-1 0 0
1.42429459095001 0.103633530437946 6.83768033981323
1.42429459095001 0.103633530437946 0
1.42429459095001 -0.0637713223695755 0
-1 0 0
-1.42429459095001 0.103633530437946 0
-1.47637796401978 0.103633530437946 0
-1.42429459095001 0.103633530437946 6.83768033981323
0 1 0
1.47637796401978 0.103633530437946 0
1.42429459095001 0.103633530437946 -1.32348898008484E-23
1.42429459095001 0.103633530437946 6.83768033981323
0 1 0
-1.42429459095001 0.103633530437946 6.83768033981323
-1.47637796401978 0.103633530437946 6.88976383209229
1.42429459095001 0.103633530437946 6.83768033981323
0 1 0
-1.47637796401978 0.103633530437946 6.88976383209229
-1.42429459095001 0.103633530437946 6.83768033981323
-1.47637796401978 0.103633530437946 0
0 1 0
1.42429459095001 0.103633530437946 6.83768033981323
1.47637796401978 0.103633530437946 6.88976383209229
1.47637796401978 0.103633530437946 0
0 1 0
1.47637796401978 0.103633530437946 6.88976383209229
1.42429459095001 0.103633530437946 6.83768033981323
-1.47637796401978 0.103633530437946 6.88976383209229
0 1 0
1.47637796401978 0.103633530437946 6.88976383209229
-1.47637796401978 0.103633530437946 6.88976383209229
-1.47637796401978 0.266896337270737 6.88976383209229
0 0 -1
-1.47637796401978 0.266896337270737 6.88976383209229
1.47637796401978 0.266896337270737 6.88976383209229
1.47637796401978 0.103633530437946 6.88976383209229
0 0 -1
-1.47637796401978 -0.225229665637016 6.88976383209229
-1.47637796401978 -0.0637713223695755 6.88976383209229
1.47637796401978 -0.0637713223695755 6.88976383209229
0 0 -1
1.47637796401978 -0.0637713223695755 6.88976383209229
1.47637796401978 -0.225229665637016 6.88976383209229
-1.47637796401978 -0.225229665637016 6.88976383209229
0 0 -1
-1.42429459095001 -0.0637713223695755 6.83768033981323
-1.42429459095001 0.103633530437946 6.83768033981323
1.42429459095001 0.103633530437946 6.83768033981323
0 0 -1
1.42429459095001 0.103633530437946 6.83768033981323
1.42429459095001 -0.0637713223695755 6.83768033981323
-1.42429459095001 -0.0637713223695755 6.83768033981323
0 0 -1
-1.64041996002197 0.266896337270737 0
-1.47637796401978 0.103633530437946 0
-1.64041996002197 -0.225229665637016 0
0 0 -1
-1.47637796401978 0.103633530437946 0
-1.64041996002197 0.266896337270737 0
-1.47637796401978 0.266896337270737 0
0 0 -1
-1.42429459095001 0.103633530437946 0
-1.47637796401978 -0.0637713223695755 0
-1.47637796401978 0.103633530437946 0
0 0 -1
-1.47637796401978 -0.0637713223695755 0
-1.64041996002197 -0.225229665637016 0
-1.47637796401978 0.103633530437946 0
0 0 -1
-1.64041996002197 -0.225229665637016 0
-1.47637796401978 -0.0637713223695755 0
-1.47637796401978 -0.225229665637016 0
0 0 -1
-1.42429459095001 -0.0637713223695755 0
-1.47637796401978 -0.0637713223695755 0
-1.42429459095001 0.103633530437946 0
0 0 -1
-1.47637796401978 0.266896337270737 6.88976383209229
-1.47637796401978 0.103633530437946 6.88976383209229
-1.47637796401978 0.103633530437946 0
1 0 -3.22281883719759E-17
-1.47637796401978 0.103633530437946 0
-1.47637796401978 0.266896337270737 0
-1.47637796401978 0.266896337270737 6.88976383209229
1 0 -3.22281883719759E-17
-1.64041996002197 0.266896337270737 0
-1.64041996002197 -0.225229665637016 0
-1.64041996002197 -0.225229665637016 7.21784782409668
-1 0 -3.14786956191393E-17
-1.64041996002197 -0.225229665637016 7.21784782409668
-1.64041996002197 0.266896337270737 7.21784782409668
-1.64041996002197 0.266896337270737 0
-1 0 -3.14786956191393E-17
-1.47637796401978 -0.225229665637016 0
-1.47637796401978 -0.0637713223695755 0
-1.47637796401978 -0.0637713223695755 6.88976383209229
1 0 -3.22281883719759E-17
-1.47637796401978 -0.0637713223695755 6.88976383209229
-1.47637796401978 -0.225229665637016 6.88976383209229
-1.47637796401978 -0.225229665637016 0
1 0 -3.22281883719759E-17
-1.42429459095001 -0.0637713223695755 0
-1.42429459095001 0.103633530437946 0
-1.42429459095001 0.103633530437946 6.83768033981323
1 0 -3.24736738828763E-17
-1.42429459095001 0.103633530437946 6.83768033981323
-1.42429459095001 -0.0637713223695755 6.83768033981323
-1.42429459095001 -0.0637713223695755 0
1 0 -3.24736738828763E-17
1.64041996002197 0.266896337270737 7.21784782409668
-1.64041996002197 0.266896337270737 7.21784782409668
-1.64041996002197 -0.225229665637016 7.21784782409668
0 0 1
-1.64041996002197 -0.225229665637016 7.21784782409668
1.64041996002197 -0.225229665637016 7.21784782409668
1.64041996002197 0.266896337270737 7.21784782409668
0 0 1
-1.47637796401978 0.119258530437946 6.88976383209229
-0.976377964019775 0.119258530437946 3.59333992004395
-0.976377964019775 0.119258530437946 6.38976383209229
0 -1 0
-0.976377964019775 0.119258530437946 3.59333992004395
-1.47637796401978 0.119258530437946 6.88976383209229
-1.47637796401978 0.119258530437946 -3.19744231092045E-14
0 -1 0
-1.47637796401978 0.119258530437946 6.88976383209229
-0.976377964019775 0.119258530437946 6.38976383209229
-0.559711277484894 0.119258530437946 6.38976383209229
0 -1 0
1.47637796401978 0.119258530437946 6.88976383209229
-0.559711277484894 0.119258530437946 6.38976383209229
-0.559711277484894 0.119258530437946 3.59333992004395
0 -1 0
-0.559711277484894 0.119258530437946 6.38976383209229
1.47637796401978 0.119258530437946 6.88976383209229
-1.47637796401978 0.119258530437946 6.88976383209229
0 -1 0
1.47637796401978 0.119258530437946 6.88976383209229
-0.559711277484894 0.119258530437946 3.59333992004395
1.47637796401978 0.119258530437946 -3.19744231092045E-14
0 -1 0
-0.976377964019775 0.119258530437946 3.59333992004395
-0.559711277484894 0.119258530437946 2.96833992004395
-0.559711277484894 0.119258530437946 3.59333992004395
0 -1 0
-0.976377964019775 0.119258530437946 2.96833992004395
-1.47637796401978 0.119258530437946 -3.19744231092045E-14
-0.976377964019775 0.119258530437946 0.833333313465118
0 -1 0
-1.47637796401978 0.119258530437946 -3.19744231092045E-14
-0.976377964019775 0.119258530437946 2.96833992004395
-0.976377964019775 0.119258530437946 3.59333992004395
0 -1 0
-0.976377964019775 0.119258530437946 0.833333313465118
-1.47637796401978 0.119258530437946 -3.19744231092045E-14
-0.559711277484894 0.119258530437946 0.833333313465118
0 -1 0
-0.559711277484894 0.119258530437946 2.96833992004395
-0.559711277484894 0.119258530437946 0.833333313465118
1.47637796401978 0.119258530437946 -3.19744231092045E-14
0 -1 0
1.47637796401978 0.119258530437946 -3.19744231092045E-14
-0.559711277484894 0.119258530437946 0.833333313465118
-1.47637796401978 0.119258530437946 -3.19744231092045E-14
0 -1 0
-0.559711277484894 0.119258530437946 2.96833992004395
1.47637796401978 0.119258530437946 -3.19744231092045E-14
-0.559711277484894 0.119258530437946 3.59333992004395
0 -1 0
-0.976377964019775 0.119258530437946 2.96833992004395
-0.559711277484894 0.119258530437946 2.96833992004395
-0.976377964019775 0.119258530437946 3.59333992004395
0 -1 0
-1.47637796401978 0.266896337270737 -3.19744231092045E-14
-0.976377964019775 0.266896337270737 2.96833992004395
-0.976377964019775 0.266896337270737 0.833333313465118
0 1 0
-0.976377964019775 0.266896337270737 2.96833992004395
-1.47637796401978 0.266896337270737 -3.19744231092045E-14
-0.976377964019775 0.266896337270737 3.59333992004395
0 1 0
-1.47637796401978 0.266896337270737 -3.19744231092045E-14
-0.976377964019775 0.266896337270737 0.833333313465118
-0.559711277484894 0.266896337270737 0.833333313465118
0 1 0
1.47637796401978 0.266896337270737 -3.19744231092045E-14
-0.559711277484894 0.266896337270737 0.833333313465118
-0.559711277484894 0.266896337270737 2.96833992004395
0 1 0
-0.559711277484894 0.266896337270737 0.833333313465118
1.47637796401978 0.266896337270737 -3.19744231092045E-14
-1.47637796401978 0.266896337270737 -3.19744231092045E-14
0 1 0
1.47637796401978 0.266896337270737 -3.19744231092045E-14
-0.559711277484894 0.266896337270737 2.96833992004395
-0.559711277484894 0.266896337270737 3.59333992004395
0 1 0
-0.976377964019775 0.266896337270737 2.96833992004395
-0.976377964019775 0.266896337270737 3.59333992004395
-0.559711277484894 0.266896337270737 2.96833992004395
0 1 0
-0.976377964019775 0.266896337270737 3.59333992004395
-1.47637796401978 0.266896337270737 6.88976383209229
-0.976377964019775 0.266896337270737 6.38976383209229
0 1 0
-1.47637796401978 0.266896337270737 6.88976383209229
-0.976377964019775 0.266896337270737 3.59333992004395
-1.47637796401978 0.266896337270737 -3.19744231092045E-14
0 1 0
-0.976377964019775 0.266896337270737 6.38976383209229
-1.47637796401978 0.266896337270737 6.88976383209229
-0.559711277484894 0.266896337270737 6.38976383209229
0 1 0
-0.559711277484894 0.266896337270737 3.59333992004395
-0.559711277484894 0.266896337270737 6.38976383209229
1.47637796401978 0.266896337270737 6.88976383209229
0 1 0
1.47637796401978 0.266896337270737 6.88976383209229
-0.559711277484894 0.266896337270737 6.38976383209229
-1.47637796401978 0.266896337270737 6.88976383209229
0 1 0
-0.559711277484894 0.266896337270737 3.59333992004395
1.47637796401978 0.266896337270737 6.88976383209229
1.47637796401978 0.266896337270737 -3.19744231092045E-14
0 1 0
-0.976377964019775 0.266896337270737 3.59333992004395
-0.559711277484894 0.266896337270737 3.59333992004395
-0.559711277484894 0.266896337270737 2.96833992004395
0 1 0
-1.47637796401978 0.119258530437946 6.88976383209229
-1.47637796401978 0.266896337270737 6.88976383209229
-1.47637796401978 0.266896337270737 -3.19744231092045E-14
-1 0 -3.22281883719758E-17
-1.47637796401978 0.266896337270737 -3.19744231092045E-14
-1.47637796401978 0.119258530437946 -3.19744231092045E-14
-1.47637796401978 0.119258530437946 6.88976383209229
-1 0 -3.22281883719758E-17
-1.47637796401978 0.119258530437946 -3.19744231092045E-14
-1.47637796401978 0.266896337270737 -3.19744231092045E-14
1.47637796401978 0.266896337270737 -3.24185123190546E-14
-1.50398212402555E-16 0 -1
1.47637796401978 0.266896337270737 -3.24185123190546E-14
1.47637796401978 0.119258530437946 -3.24185123190546E-14
-1.47637796401978 0.119258530437946 -3.19744231092045E-14
-1.50398212402555E-16 0 -1
1.47637796401978 0.119258530437946 -3.19744231092045E-14
1.47637796401978 0.266896337270737 -3.19744231092045E-14
1.47637796401978 0.266896337270737 6.88976383209229
1 0 3.22281883719758E-17
1.47637796401978 0.266896337270737 6.88976383209229
1.47637796401978 0.119258530437946 6.88976383209229
1.47637796401978 0.119258530437946 -3.19744231092045E-14
1 0 3.22281883719758E-17
1.47637796401978 0.119258530437946 6.88976383209229
1.47637796401978 0.266896337270737 6.88976383209229
-1.47637796401978 0.266896337270737 6.88976383209229
0 0 1
-1.47637796401978 0.266896337270737 6.88976383209229
-1.47637796401978 0.119258530437946 6.88976383209229
1.47637796401978 0.119258530437946 6.88976383209229
0 0 1
-0.976377964019775 0.119258530437946 6.38976383209229
-0.976377964019775 0.266896337270737 6.38976383209229
-0.559711277484894 0.266896337270737 6.38976383209229
0 0 -1
-0.559711277484894 0.266896337270737 6.38976383209229
-0.559711277484894 0.119258530437946 6.38976383209229
-0.976377964019775 0.119258530437946 6.38976383209229
0 0 -1
-0.559711277484894 0.119258530437946 6.38976383209229
-0.559711277484894 0.266896337270737 6.38976383209229
-0.559711277484894 0.266896337270737 3.59333992004395
-1 0 0
-0.559711277484894 0.266896337270737 3.59333992004395
-0.559711277484894 0.119258530437946 3.59333992004395
-0.559711277484894 0.119258530437946 6.38976383209229
-1 0 0
-0.559711277484894 0.119258530437946 3.59333992004395
-0.559711277484894 0.266896337270737 3.59333992004395
-0.976377964019775 0.266896337270737 3.59333992004395
0 0 1
-0.976377964019775 0.266896337270737 3.59333992004395
-0.976377964019775 0.119258530437946 3.59333992004395
-0.559711277484894 0.119258530437946 3.59333992004395
0 0 1
-0.976377964019775 0.119258530437946 3.59333992004395
-0.976377964019775 0.266896337270737 3.59333992004395
-0.976377964019775 0.266896337270737 6.38976383209229
1 0 0
-0.976377964019775 0.266896337270737 6.38976383209229
-0.976377964019775 0.119258530437946 6.38976383209229
-0.976377964019775 0.119258530437946 3.59333992004395
1 0 0
-0.976377964019775 0.119258530437946 2.96833992004395
-0.976377964019775 0.266896337270737 2.96833992004395
-0.559711277484894 0.266896337270737 2.96833992004395
0 0 -1
-0.559711277484894 0.266896337270737 2.96833992004395
-0.559711277484894 0.119258530437946 2.96833992004395
-0.976377964019775 0.119258530437946 2.96833992004395
0 0 -1
-0.559711277484894 0.119258530437946 2.96833992004395
-0.559711277484894 0.266896337270737 2.96833992004395
-0.559711277484894 0.266896337270737 0.833333313465118
-1 0 0
-0.559711277484894 0.266896337270737 0.833333313465118
-0.559711277484894 0.119258530437946 0.833333313465118
-0.559711277484894 0.119258530437946 2.96833992004395
-1 0 0
-0.559711277484894 0.119258530437946 0.833333313465118
-0.559711277484894 0.266896337270737 0.833333313465118
-0.976377964019775 0.266896337270737 0.833333313465118
0 0 1
-0.976377964019775 0.266896337270737 0.833333313465118
-0.976377964019775 0.119258530437946 0.833333313465118
-0.559711277484894 0.119258530437946 0.833333313465118
0 0 1
-0.976377964019775 0.119258530437946 0.833333313465118
-0.976377964019775 0.266896337270737 0.833333313465118
-0.976377964019775 0.266896337270737 2.96833992004395
1 0 0
-0.976377964019775 0.266896337270737 2.96833992004395
-0.976377964019775 0.119258530437946 2.96833992004395
-0.976377964019775 0.119258530437946 0.833333313465118
1 0 0
-0.559711277484894 0.184875324368477 6.38976383209229
-0.976377964019775 0.184875324368477 6.38976383209229
-0.976377964019775 0.184875324368477 3.59333992004395
-3.23172538725815E-15 -1 0
-0.976377964019775 0.184875324368477 3.59333992004395
-0.559711277484894 0.184875324368477 3.59333992004395
-0.559711277484894 0.184875324368477 6.38976383209229
-3.23172538725815E-15 -1 0
-0.559711277484894 0.184875324368477 2.96833992004395
-0.976377964019775 0.184875324368477 2.96833992004395
-0.976377964019775 0.184875324368477 0.833333313465118
-3.23172538725815E-15 -1 0
-0.976377964019775 0.184875324368477 0.833333313465118
-0.559711277484894 0.184875324368477 0.833333313465118
-0.559711277484894 0.184875324368477 2.96833992004395
-3.23172538725815E-15 -1 0
-0.559711277484894 0.201279520988464 3.59333992004395
-0.976377964019775 0.201279520988464 3.59333992004395
-0.976377964019775 0.201279520988464 6.38976383209229
3.23172538725815E-15 1 0
-0.976377964019775 0.201279520988464 6.38976383209229
-0.559711277484894 0.201279520988464 6.38976383209229
-0.559711277484894 0.201279520988464 3.59333992004395
3.23172538725815E-15 1 0
-0.559711277484894 0.201279520988464 0.833333313465118
-0.976377964019775 0.201279520988464 0.833333313465118
-0.976377964019775 0.201279520988464 2.96833992004395
3.23172538725815E-15 1 0
-0.976377964019775 0.201279520988464 2.96833992004395
-0.559711277484894 0.201279520988464 2.96833992004395
-0.559711277484894 0.201279520988464 0.833333313465118
3.23172538725815E-15 1 0
-0.976377964019775 0.184875324368477 6.38976383209229
-0.976377964019775 0.201279520988464 6.38976383209229
-0.976377964019775 0.201279520988464 3.59333992004395
-1 0 0
-0.976377964019775 0.201279520988464 3.59333992004395
-0.976377964019775 0.184875324368477 3.59333992004395
-0.976377964019775 0.184875324368477 6.38976383209229
-1 0 0
-0.976377964019775 0.184875324368477 3.59333992004395
-0.976377964019775 0.201279520988464 3.59333992004395
-0.559711277484894 0.201279520988464 3.59333992004395
0 0 -1
-0.559711277484894 0.201279520988464 3.59333992004395
-0.559711277484894 0.184875324368477 3.59333992004395
-0.976377964019775 0.184875324368477 3.59333992004395
0 0 -1
-0.559711277484894 0.184875324368477 3.59333992004395
-0.559711277484894 0.201279520988464 3.59333992004395
-0.559711277484894 0.201279520988464 6.38976383209229
1 0 0
-0.559711277484894 0.201279520988464 6.38976383209229
-0.559711277484894 0.184875324368477 6.38976383209229
-0.559711277484894 0.184875324368477 3.59333992004395
1 0 0
-0.559711277484894 0.184875324368477 6.38976383209229
-0.559711277484894 0.201279520988464 6.38976383209229
-0.976377964019775 0.201279520988464 6.38976383209229
0 0 1
-0.976377964019775 0.201279520988464 6.38976383209229
-0.976377964019775 0.184875324368477 6.38976383209229
-0.559711277484894 0.184875324368477 6.38976383209229
0 0 1
-0.976377964019775 0.184875324368477 2.96833992004395
-0.976377964019775 0.201279520988464 2.96833992004395
-0.976377964019775 0.201279520988464 0.833333313465118
-1 0 0
-0.976377964019775 0.201279520988464 0.833333313465118
-0.976377964019775 0.184875324368477 0.833333313465118
-0.976377964019775 0.184875324368477 2.96833992004395
-1 0 0
-0.976377964019775 0.184875324368477 0.833333313465118
-0.976377964019775 0.201279520988464 0.833333313465118
-0.559711277484894 0.201279520988464 0.833333313465118
0 0 -1
-0.559711277484894 0.201279520988464 0.833333313465118
-0.559711277484894 0.184875324368477 0.833333313465118
-0.976377964019775 0.184875324368477 0.833333313465118
0 0 -1
-0.559711277484894 0.184875324368477 0.833333313465118
-0.559711277484894 0.201279520988464 0.833333313465118
-0.559711277484894 0.201279520988464 2.96833992004395
1 0 0
-0.559711277484894 0.201279520988464 2.96833992004395
-0.559711277484894 0.184875324368477 2.96833992004395
-0.559711277484894 0.184875324368477 0.833333313465118
1 0 0
-0.559711277484894 0.184875324368477 2.96833992004395
-0.559711277484894 0.201279520988464 2.96833992004395
-0.976377964019775 0.201279520988464 2.96833992004395
0 0 1
-0.976377964019775 0.201279520988464 2.96833992004395
-0.976377964019775 0.184875324368477 2.96833992004395
-0.559711277484894 0.184875324368477 2.96833992004395
0 0 1
[HEADER]
420286,M_Door-Passage-Single-Vision_Two_Lite 2,6
407.915987377631 216.168742410539 -11.8110236220472
1
1.78613910428044E-15 1 0
-1 1.78613910428044E-15 0
0 0 1
[HEADER]
420319,M_Door-Passage-Single-Vision_Two_Lite 2,6
407.915987377631 224.650523938879 -11.8110236220472
1
1.78613910428044E-15 1 0
-1 1.78613910428044E-15 0
0 0 1
[HEADER]
420350,M_Door-Passage-Single-Vision_Two_Lite 2,6
407.915987377631 237.836970833003 -11.8110236220472
1
1.78613910428044E-15 1 0
-1 1.78613910428044E-15 0
0 0 1
[HEADER]
420416,M_Door-Passage-Single-Vision_Two_Lite 2,6
407.915987377631 246.367154560037 -11.8110236220472
1
1.78613910428044E-15 1 0
-1 1.78613910428044E-15 0
0 0 1
[HEADER]
420455,M_Door-Passage-Single-Vision_Two_Lite 2,6
407.915987377631 259.49051414009 -11.8110236220472
1
1.78613910428044E-15 1 0
-1 1.78613910428044E-15 0
0 0 1
[HEADER]
420519,M_Door-Passage-Single-Vision_Two_Lite 2,6
407.915987377631 267.995340205319 -11.8110236220472
1
1.78613910428044E-15 1 0
-1 1.78613910428044E-15 0
0 0 1
[HEADER]
420560,M_Door-Passage-Single-Vision_Two_Lite 2,6
407.915987377631 281.118699785372 -11.8110236220472
1
1.78613910428044E-15 1 0
-1 1.78613910428044E-15 0
0 0 1
[HEADER]
420615,M_Door-Passage-Single-Vision_Two_Lite 2,6
407.915987377631 289.61115386014 -11.8110236220472
1
1.78613910428044E-15 1 0
-1 1.78613910428044E-15 0
0 0 1
[HEADER]
420658,M_Door-Passage-Single-Vision_Two_Lite 2,6
407.915987377631 302.772243092458 -11.8110236220472
1
1.78613910428044E-15 1 0
-1 1.78613910428044E-15 0
0 0 1
[HEADER]
420759,0762 x 2134mm,278
411.504077928812 300.80373915545 -11.8110236220472
1
-1 0 0
0 -1 0
0 0 1
-1.49934387207031 0.410104990005493 7.25065612792969
-1.25 0.410104990005493 7.00131225585938
-1.49934387207031 0.410104990005493 0
-1.86407339295249E-15 1 0
-1.25 0.410104990005493 7.00131225585938
-1.49934387207031 0.410104990005493 7.25065612792969
1.25 0.410104990005493 7.00131225585938
-1.86407339295249E-15 1 0
-1.25 0.410104990005493 0
-1.49934387207031 0.410104990005493 0
-1.25 0.410104990005493 7.00131225585938
-1.86407339295249E-15 1 0
1.25 0.410104990005493 7.00131225585938
1.49934387207031 0.410104990005493 7.25065612792969
1.49934387207031 0.410104990005493 0
-1.86407339295249E-15 1 0
1.49934387207031 0.410104990005493 7.25065612792969
1.25 0.410104990005493 7.00131225585938
-1.49934387207031 0.410104990005493 7.25065612792969
-1.86407339295249E-15 1 0
1.49934387207031 0.410104990005493 0
1.25 0.410104990005493 0
1.25 0.410104990005493 7.00131225585938
-1.86407339295249E-15 1 0
1.49934387207031 0.328083992004395 7.25065612792969
1.25 0.328083992004395 7.00131225585938
1.49934387207031 0.328083992004395 0
1.86407339295249E-15 -1 0
1.25 0.328083992004395 7.00131225585938
1.49934387207031 0.328083992004395 7.25065612792969
-1.25 0.328083992004395 7.00131225585938
1.86407339295249E-15 -1 0
1.25 0.328083992004395 0
1.49934387207031 0.328083992004395 0
1.25 0.328083992004395 7.00131225585938
1.86407339295249E-15 -1 0
-1.25 0.328083992004395 7.00131225585938
-1.49934387207031 0.328083992004395 7.25065612792969
-1.49934387207031 0.328083992004395 0
1.86407339295249E-15 -1 0
-1.49934387207031 0.328083992004395 7.25065612792969
-1.25 0.328083992004395 7.00131225585938
1.49934387207031 0.328083992004395 7.25065612792969
1.86407339295249E-15 -1 0
-1.49934387207031 0.328083992004395 0
-1.25 0.328083992004395 0
-1.25 0.328083992004395 7.00131225585938
1.86407339295249E-15 -1 0
-1.49934387207031 0.410104990005493 7.25065612792969
-1.49934387207031 0.328083992004395 7.25065612792969
1.49934387207031 0.328083992004395 7.25065612792969
0 0 1
1.49934387207031 0.328083992004395 7.25065612792969
1.49934387207031 0.410104990005493 7.25065612792969
-1.49934387207031 0.410104990005493 7.25065612792969
0 0 1
1.49934387207031 0.410104990005493 7.25065612792969
1.49934387207031 0.328083992004395 7.25065612792969
1.49934387207031 0.328083992004395 0
1 2.70716782324658E-15 0
1.49934387207031 0.328083992004395 0
1.49934387207031 0.410104990005493 0
1.49934387207031 0.410104990005493 7.25065612792969
1 2.70716782324658E-15 0
1.49934387207031 0.410104990005493 0
1.49934387207031 0.328083992004395 0
1.25 0.328083992004395 0
0 0 -1
1.25 0.328083992004395 0
1.25 0.410104990005493 0
1.49934387207031 0.410104990005493 0
0 0 -1
1.25 0.410104990005493 0
1.25 0.328083992004395 0
1.25 0.328083992004395 7.00131225585938
-1 -2.70716782324658E-15 0
1.25 0.328083992004395 7.00131225585938
1.25 0.410104990005493 7.00131225585938
1.25 0.410104990005493 0
-1 -2.70716782324658E-15 0
1.25 0.410104990005493 7.00131225585938
1.25 0.328083992004395 7.00131225585938
-1.25 0.328083992004395 7.00131225585938
0 0 -1
-1.25 0.328083992004395 7.00131225585938
-1.25 0.410104990005493 7.00131225585938
1.25 0.410104990005493 7.00131225585938
0 0 -1
-1.25 0.410104990005493 7.00131225585938
-1.25 0.328083992004395 7.00131225585938
-1.25 0.328083992004395 0
1 2.70716782324658E-15 0
-1.25 0.328083992004395 0
-1.25 0.410104990005493 0
-1.25 0.410104990005493 7.00131225585938
1 2.70716782324658E-15 0
-1.25 0.410104990005493 0
-1.25 0.328083992004395 0
-1.49934387207031 0.328083992004395 0
0 0 -1
-1.49934387207031 0.328083992004395 0
-1.49934387207031 0.410104990005493 0
-1.25 0.410104990005493 0
0 0 -1
-1.49934387207031 0.410104990005493 0
-1.49934387207031 0.328083992004395 0
-1.49934387207031 0.328083992004395 7.25065612792969
-1 -2.70716782324658E-15 0
-1.49934387207031 0.328083992004395 7.25065612792969
-1.49934387207031 0.410104990005493 7.25065612792969
-1.49934387207031 0.410104990005493 0
-1 -2.70716782324658E-15 0
1.49934387207031 -0.410104990005493 7.25065612792969
1.25 -0.410104990005493 7.00131225585938
1.49934387207031 -0.410104990005493 0
1.86407339295249E-15 -1 0
1.25 -0.410104990005493 7.00131225585938
1.49934387207031 -0.410104990005493 7.25065612792969
-1.25 -0.410104990005493 7.00131225585938
1.86407339295249E-15 -1 0
1.25 -0.410104990005493 0
1.49934387207031 -0.410104990005493 0
1.25 -0.410104990005493 7.00131225585938
1.86407339295249E-15 -1 0
-1.25 -0.410104990005493 7.00131225585938
-1.49934387207031 -0.410104990005493 7.25065612792969
-1.49934387207031 -0.410104990005493 0
1.86407339295249E-15 -1 0
-1.49934387207031 -0.410104990005493 7.25065612792969
-1.25 -0.410104990005493 7.00131225585938
1.49934387207031 -0.410104990005493 7.25065612792969
1.86407339295249E-15 -1 0
-1.49934387207031 -0.410104990005493 0
-1.25 -0.410104990005493 0
-1.25 -0.410104990005493 7.00131225585938
1.86407339295249E-15 -1 0
-1.49934387207031 -0.328083992004395 7.25065612792969
-1.25 -0.328083992004395 7.00131225585938
-1.49934387207031 -0.328083992004395 0
-1.86407339295249E-15 1 0
-1.25 -0.328083992004395 7.00131225585938
-1.49934387207031 -0.328083992004395 7.25065612792969
1.25 -0.328083992004395 7.00131225585938
-1.86407339295249E-15 1 0
-1.25 -0.328083992004395 0
-1.49934387207031 -0.328083992004395 0
-1.25 -0.328083992004395 7.00131225585938
-1.86407339295249E-15 1 0
1.25 -0.328083992004395 7.00131225585938
1.49934387207031 -0.328083992004395 7.25065612792969
1.49934387207031 -0.328083992004395 0
-1.86407339295249E-15 1 0
1.49934387207031 -0.328083992004395 7.25065612792969
1.25 -0.328083992004395 7.00131225585938
-1.49934387207031 -0.328083992004395 7.25065612792969
-1.86407339295249E-15 1 0
1.49934387207031 -0.328083992004395 0
1.25 -0.328083992004395 0
1.25 -0.328083992004395 7.00131225585938
-1.86407339295249E-15 1 0
1.49934387207031 -0.410104990005493 7.25065612792969
1.49934387207031 -0.328083992004395 7.25065612792969
-1.49934387207031 -0.328083992004395 7.25065612792969
0 0 1
-1.49934387207031 -0.328083992004395 7.25065612792969
-1.49934387207031 -0.410104990005493 7.25065612792969
1.49934387207031 -0.410104990005493 7.25065612792969
0 0 1
-1.49934387207031 -0.410104990005493 7.25065612792969
-1.49934387207031 -0.328083992004395 7.25065612792969
-1.49934387207031 -0.328083992004395 0
-1 -2.70716782324538E-15 0
-1.49934387207031 -0.328083992004395 0
-1.49934387207031 -0.410104990005493 0
-1.49934387207031 -0.410104990005493 7.25065612792969
-1 -2.70716782324538E-15 0
-1.49934387207031 -0.410104990005493 0
-1.49934387207031 -0.328083992004395 0
-1.25 -0.328083992004395 0
0 0 -1
-1.25 -0.328083992004395 0
-1.25 -0.410104990005493 0
-1.49934387207031 -0.410104990005493 0
0 0 -1
-1.25 -0.410104990005493 0
-1.25 -0.328083992004395 0
-1.25 -0.328083992004395 7.00131225585938
1 2.70716782324538E-15 0
-1.25 -0.328083992004395 7.00131225585938
-1.25 -0.410104990005493 7.00131225585938
-1.25 -0.410104990005493 0
1 2.70716782324538E-15 0
-1.25 -0.410104990005493 7.00131225585938
-1.25 -0.328083992004395 7.00131225585938
1.25 -0.328083992004395 7.00131225585938
0 0 -1
1.25 -0.328083992004395 7.00131225585938
1.25 -0.410104990005493 7.00131225585938
-1.25 -0.410104990005493 7.00131225585938
0 0 -1
1.25 -0.410104990005493 7.00131225585938
1.25 -0.328083992004395 7.00131225585938
1.25 -0.328083992004395 0
-1 -2.70716782324538E-15 0
1.25 -0.328083992004395 0
1.25 -0.410104990005493 0
1.25 -0.410104990005493 7.00131225585938
-1 -2.70716782324538E-15 0
1.25 -0.410104990005493 0
1.25 -0.328083992004395 0
1.49934387207031 -0.328083992004395 0
0 0 -1
1.49934387207031 -0.328083992004395 0
1.49934387207031 -0.410104990005493 0
1.25 -0.410104990005493 0
0 0 -1
1.49934387207031 -0.410104990005493 0
1.49934387207031 -0.328083992004395 0
1.49934387207031 -0.328083992004395 7.25065612792969
1 2.70716782324538E-15 0
1.49934387207031 -0.328083992004395 7.25065612792969
1.49934387207031 -0.410104990005493 7.25065612792969
1.49934387207031 -0.410104990005493 0
1 2.70716782324538E-15 0
-1.25 0.160761147737503 7.00131225585938
-1.25 0.160761147737503 0
1.25 0.160761147737503 0
0 -1 0
1.25 0.160761147737503 0
1.25 0.160761147737503 7.00131225585938
-1.25 0.160761147737503 7.00131225585938
0 -1 0
1.25 0.328083992004395 0
-1.25 0.328083992004395 0
-1.25 0.328083992004395 7.00131225585938
0 1 0
-1.25 0.328083992004395 7.00131225585938
1.25 0.328083992004395 7.00131225585938
1.25 0.328083992004395 0
0 1 0
1.25 0.160761147737503 7.00131225585938
1.25 0.328083992004395 7.00131225585938
-1.25 0.328083992004395 7.00131225585938
0 0 1
-1.25 0.328083992004395 7.00131225585938
-1.25 0.160761147737503 7.00131225585938
1.25 0.160761147737503 7.00131225585938
0 0 1
-1.25 0.160761147737503 7.00131225585938
-1.25 0.328083992004395 7.00131225585938
-1.25 0.328083992004395 0
-1 0 0
-1.25 0.328083992004395 0
-1.25 0.160761147737503 0
-1.25 0.160761147737503 7.00131225585938
-1 0 0
-1.25 0.160761147737503 0
-1.25 0.328083992004395 0
1.25 0.328083992004395 0
0 0 -1
1.25 0.328083992004395 0
1.25 0.160761147737503 0
-1.25 0.160761147737503 0
0 0 -1
1.25 0.160761147737503 0
1.25 0.328083992004395 0
1.25 0.328083992004395 7.00131225585938
1 0 0
1.25 0.328083992004395 7.00131225585938
1.25 0.160761147737503 7.00131225585938
1.25 0.160761147737503 0
1 0 0
[HEADER]
420820,0762 x 2134mm,6
411.504077928812 291.579657797148 -11.8110236220472
1
1 0 0
0 1 0
0 0 1
[HEADER]
420848,0762 x 2134mm,6
411.504077928812 279.150195848364 -11.8110236220472
1
-1 0 0
0 -1 0
0 0 1
[HEADER]
420881,0762 x 2134mm,6
411.504077928812 269.963844142327 -11.8110236220472
1
1 0 0
0 1 0
0 0 1
[HEADER]
420907,0762 x 2134mm,6
411.471269527282 257.522010203082 -11.8110236220472
1
-1 0 0
0 -1 0
0 0 1
[HEADER]
420934,0762 x 2134mm,6
411.471269527282 248.335658497045 -11.8110236220472
1
1 -5.12599824758409E-15 0
5.12599824758409E-15 1 0
0 0 1
[HEADER]
420961,0762 x 2134mm,6
411.504077928812 235.868466895995 -11.8110236220472
1
-1 5.11010160988298E-15 0
-5.11010160988298E-15 -1 0
0 0 1
[HEADER]
420990,0762 x 2134mm,6
411.504077928812 226.619027875887 -11.8110236220472
1
1 -5.09584531434539E-15 0
5.09584531434539E-15 1 0
0 0 1
[HEADER]
421012,0762 x 2134mm,6
411.471269527282 214.200238473531 -11.8110236220472
1
-1 5.12599824758404E-15 0
-5.12599824758404E-15 -1 0
0 0 1
[HEADER]
421045,0762 x 2134mm,6
411.471269527282 204.9654845688 -11.8110236220472
1
1 -5.12599824758404E-15 0
5.12599824758404E-15 1 0
0 0 1
[HEADER]
421063,0762 x 2134mm,6
413.913833138765 187.910038367016 -11.8110236220472
1
1 -2.66962620544914E-15 0
2.66962620544914E-15 1 0
0 0 1
[HEADER]
421108,0762 x 2134mm,6
407.895154044297 186.179395322396 -11.8110236220472
1
-1.78613910428044E-15 -1 0
1 -1.78613910428044E-15 0
0 0 1
[HEADER]
421144,M_Door-Passage-Double-Flush,342
411.389248598907 155.417748340769 -11.8110236220472
1
-1 3.21014931764825E-15 0
-3.21014931764825E-15 -1 0
0 0 1
3.11679792404175 -0.225229665637016 8.88178419700125E-16
2.95275592803955 0.103633530437946 8.88178419700125E-16
3.11679792404175 0.266896337270737 8.88178419700125E-16
0 0 -1
2.95275592803955 0.266896337270737 8.88178419700125E-16
3.11679792404175 0.266896337270737 8.88178419700125E-16
2.95275592803955 0.103633530437946 8.88178419700125E-16
0 0 -1
2.95275592803955 0.103633530437946 8.88178419700125E-16
2.95275592803955 -0.0637713223695755 8.88178419700125E-16
2.90067267417908 0.103633530437946 8.88178419700125E-16
0 0 -1
2.95275592803955 0.103633530437946 8.88178419700125E-16
3.11679792404175 -0.225229665637016 8.88178419700125E-16
2.95275592803955 -0.0637713223695755 8.88178419700125E-16
0 0 -1
2.95275592803955 -0.225229665637016 8.88178419700125E-16
2.95275592803955 -0.0637713223695755 8.88178419700125E-16
3.11679792404175 -0.225229665637016 8.88178419700125E-16
0 0 -1
2.90067267417908 0.103633530437946 8.88178419700125E-16
2.95275592803955 -0.0637713223695755 8.88178419700125E-16
2.90067267417908 -0.0637713223695755 8.88178419700125E-16
0 0 -1
2.95275592803955 0.103633530437946 0
2.95275592803955 0.103633530437946 6.88976383209229
2.95275592803955 0.266896337270737 6.88976383209229
-1 0 -6.44563767439519E-17
2.95275592803955 0.266896337270737 6.88976383209229
2.95275592803955 0.266896337270737 0
2.95275592803955 0.103633530437946 0
-1 0 -6.44563767439519E-17
-2.95275592803955 0.266896337270737 3.78139764942877E-24
-3.11679792404175 0.266896337270737 3.1511646421189E-24
-2.95275592803955 0.266896337270737 6.88976383209229
0 1 -8.05704709299398E-18
3.11679792404175 0.266896337270737 -1.26046569907538E-23
2.95275592803955 0.266896337270737 -1.32348898008484E-23
2.95275592803955 0.266896337270737 6.88976383209229
0 1 -8.05704709299398E-18
-2.95275592803955 0.266896337270737 6.88976383209229
-3.11679792404175 0.266896337270737 7.21784782409668
2.95275592803955 0.266896337270737 6.88976383209229
0 1 -8.05704709299398E-18
-3.11679792404175 0.266896337270737 7.21784782409668
-2.95275592803955 0.266896337270737 6.88976383209229
-3.11679792404175 0.266896337270737 3.1511646421189E-24
0 1 -8.05704709299398E-18
2.95275592803955 0.266896337270737 6.88976383209229
3.11679792404175 0.266896337270737 7.21784782409668
3.11679792404175 0.266896337270737 -1.26046569907538E-23
0 1 -8.05704709299398E-18
3.11679792404175 0.266896337270737 7.21784782409668
2.95275592803955 0.266896337270737 6.88976383209229
-3.11679792404175 0.266896337270737 7.21784782409668
0 1 -8.05704709299398E-18
3.11679792404175 0.266896337270737 0
3.11679792404175 0.266896337270737 7.21784782409668
3.11679792404175 -0.225229665637016 7.21784782409668
1 0 0
3.11679792404175 -0.225229665637016 7.21784782409668
3.11679792404175 -0.225229665637016 0
3.11679792404175 0.266896337270737 0
1 0 0
2.95275592803955 -0.225229665637016 -1.32348898008484E-23
3.11679792404175 -0.225229665637016 0
2.95275592803955 -0.225229665637016 6.88976383209229
0 -1 1.57393478095696E-17
-3.11679792404175 -0.225229665637016 0
-2.95275592803955 -0.225229665637016 1.32348898008484E-23
-2.95275592803955 -0.225229665637016 6.88976383209229
0 -1 1.57393478095696E-17
2.95275592803955 -0.225229665637016 6.88976383209229
3.11679792404175 -0.225229665637016 7.21784782409668
-2.95275592803955 -0.225229665637016 6.88976383209229
0 -1 1.57393478095696E-17
3.11679792404175 -0.225229665637016 7.21784782409668
2.95275592803955 -0.225229665637016 6.88976383209229
3.11679792404175 -0.225229665637016 0
0 -1 1.57393478095696E-17
-2.95275592803955 -0.225229665637016 6.88976383209229
-3.11679792404175 -0.225229665637016 7.21784782409668
-3.11679792404175 -0.225229665637016 0
0 -1 1.57393478095696E-17
-3.11679792404175 -0.225229665637016 7.21784782409668
-2.95275592803955 -0.225229665637016 6.88976383209229
3.11679792404175 -0.225229665637016 7.21784782409668
0 -1 1.57393478095696E-17
2.95275592803955 -0.225229665637016 0
2.95275592803955 -0.225229665637016 6.88976383209229
2.95275592803955 -0.0637713223695755 6.88976383209229
-1 0 -6.44563767439519E-17
2.95275592803955 -0.0637713223695755 6.88976383209229
2.95275592803955 -0.0637713223695755 0
2.95275592803955 -0.225229665637016 0
-1 0 -6.44563767439519E-17
2.90067267417908 -0.0637713223695755 6.25191002834151E-24
2.95275592803955 -0.0637713223695755 0
2.90067267417908 -0.0637713223695755 6.83768033981323
0 -1 8.05704709299398E-18
-2.95275592803955 -0.0637713223695755 1.70162866614163E-23
-2.90067267417908 -0.0637713223695755 -1.57054017853307E-23
-2.90067267417908 -0.0637713223695755 6.83768033981323
0 -1 8.05704709299398E-18
2.90067267417908 -0.0637713223695755 6.83768033981323
2.95275592803955 -0.0637713223695755 6.88976383209229
-2.90067267417908 -0.0637713223695755 6.83768033981323
0 -1 8.05704709299398E-18
2.95275592803955 -0.0637713223695755 6.88976383209229
2.90067267417908 -0.0637713223695755 6.83768033981323
2.95275592803955 -0.0637713223695755 0
0 -1 8.05704709299398E-18
-2.90067267417908 -0.0637713223695755 6.83768033981323
-2.95275592803955 -0.0637713223695755 6.88976383209229
-2.95275592803955 -0.0637713223695755 1.70162866614163E-23
0 -1 8.05704709299398E-18
-2.95275592803955 -0.0637713223695755 6.88976383209229
-2.90067267417908 -0.0637713223695755 6.83768033981323
2.95275592803955 -0.0637713223695755 6.88976383209229
0 -1 8.05704709299398E-18
2.90067267417908 -0.0637713223695755 0
2.90067267417908 -0.0637713223695755 6.83768033981323
2.90067267417908 0.103633530437946 6.83768033981323
-1 0 -6.49473477657525E-17
2.90067267417908 0.103633530437946 6.83768033981323
2.90067267417908 0.103633530437946 0
2.90067267417908 -0.0637713223695755 0
-1 0 -6.49473477657525E-17
-2.90067267417908 0.103633530437946 6.02805457483649E-24
-2.95275592803955 0.103633530437946 -2.55521513531948E-24
-2.90067267417908 0.103633530437946 6.83768033981323
0 1 0
2.95275592803955 0.103633530437946 -4.65161969626202E-24
2.90067267417908 0.103633530437946 0
2.90067267417908 0.103633530437946 6.83768033981323
0 1 0
-2.90067267417908 0.103633530437946 6.83768033981323
-2.95275592803955 0.103633530437946 6.88976383209229
2.90067267417908 0.103633530437946 6.83768033981323
0 1 0
-2.95275592803955 0.103633530437946 6.88976383209229
-2.90067267417908 0.103633530437946 6.83768033981323
-2.95275592803955 0.103633530437946 -2.55521513531948E-24
0 1 0
2.90067267417908 0.103633530437946 6.83768033981323
2.95275592803955 0.103633530437946 6.88976383209229
2.95275592803955 0.103633530437946 -4.65161969626202E-24
0 1 0
2.95275592803955 0.103633530437946 6.88976383209229
2.90067267417908 0.103633530437946 6.83768033981323
-2.95275592803955 0.103633530437946 6.88976383209229
0 1 0
2.95275592803955 0.103633530437946 6.88976383209229
-2.95275592803955 0.103633530437946 6.88976383209229
-2.95275592803955 0.266896337270737 6.88976383209229
0 0 -1
-2.95275592803955 0.266896337270737 6.88976383209229
2.95275592803955 0.266896337270737 6.88976383209229
2.95275592803955 0.103633530437946 6.88976383209229
0 0 -1
-2.95275592803955 -0.225229665637016 6.88976383209229
-2.95275592803955 -0.0637713223695755 6.88976383209229
2.95275592803955 -0.0637713223695755 6.88976383209229
0 0 -1
2.95275592803955 -0.0637713223695755 6.88976383209229
2.95275592803955 -0.225229665637016 6.88976383209229
-2.95275592803955 -0.225229665637016 6.88976383209229
0 0 -1
-2.90067267417908 -0.0637713223695755 6.83768033981323
-2.90067267417908 0.103633530437946 6.83768033981323
2.90067267417908 0.103633530437946 6.83768033981323
0 0 -1
2.90067267417908 0.103633530437946 6.83768033981323
2.90067267417908 -0.0637713223695755 6.83768033981323
-2.90067267417908 -0.0637713223695755 6.83768033981323
0 0 -1
-3.11679792404175 0.266896337270737 0
-2.95275592803955 0.103633530437946 0
-3.11679792404175 -0.225229665637016 0
0 0 -1
-2.95275592803955 0.103633530437946 0
-3.11679792404175 0.266896337270737 0
-2.95275592803955 0.266896337270737 0
0 0 -1
-2.90067267417908 0.103633530437946 0
-2.95275592803955 -0.0637713223695755 0
-2.95275592803955 0.103633530437946 0
0 0 -1
-2.95275592803955 -0.0637713223695755 0
-3.11679792404175 -0.225229665637016 0
-2.95275592803955 0.103633530437946 0
0 0 -1
-3.11679792404175 -0.225229665637016 0
-2.95275592803955 -0.0637713223695755 0
-2.95275592803955 -0.225229665637016 0
0 0 -1
-2.90067267417908 -0.0637713223695755 0
-2.95275592803955 -0.0637713223695755 0
-2.90067267417908 0.103633530437946 0
0 0 -1
-2.95275592803955 0.266896337270737 6.88976383209229
-2.95275592803955 0.103633530437946 6.88976383209229
-2.95275592803955 0.103633530437946 0
1 0 0
-2.95275592803955 0.103633530437946 0
-2.95275592803955 0.266896337270737 0
-2.95275592803955 0.266896337270737 6.88976383209229
1 0 0
-3.11679792404175 0.266896337270737 0
-3.11679792404175 -0.225229665637016 0
-3.11679792404175 -0.225229665637016 7.21784782409668
-1 0 0
-3.11679792404175 -0.225229665637016 7.21784782409668
-3.11679792404175 0.266896337270737 7.21784782409668
-3.11679792404175 0.266896337270737 0
-1 0 0
-2.95275592803955 -0.225229665637016 0
-2.95275592803955 -0.0637713223695755 0
-2.95275592803955 -0.0637713223695755 6.88976383209229
1 0 0
-2.95275592803955 -0.0637713223695755 6.88976383209229
-2.95275592803955 -0.225229665637016 6.88976383209229
-2.95275592803955 -0.225229665637016 0
1 0 0
-2.90067267417908 -0.0637713223695755 0
-2.90067267417908 0.103633530437946 0
-2.90067267417908 0.103633530437946 6.83768033981323
1 0 0
-2.90067267417908 0.103633530437946 6.83768033981323
-2.90067267417908 -0.0637713223695755 6.83768033981323
-2.90067267417908 -0.0637713223695755 0
1 0 0
3.11679792404175 0.266896337270737 7.21784782409668
-3.11679792404175 0.266896337270737 7.21784782409668
-3.11679792404175 -0.225229665637016 7.21784782409668
0 0 1
-3.11679792404175 -0.225229665637016 7.21784782409668
3.11679792404175 -0.225229665637016 7.21784782409668
3.11679792404175 0.266896337270737 7.21784782409668
0 0 1
2.95275592803955 0.119258530437946 6.88976383209229
0.00520833348855376 0.119258530437946 6.88976383209229
2.95275592803955 0.119258530437946 -3.28626015289046E-14
0 -1 0
0.00520833348855376 0.119258530437946 -3.28626015289046E-14
2.95275592803955 0.119258530437946 -3.28626015289046E-14
0.00520833348855376 0.119258530437946 6.88976383209229
0 -1 0
-0.00520833348855376 0.119258530437946 6.88976383209229
-2.95275592803955 0.119258530437946 6.88976383209229
-0.00520833348855376 0.119258530437946 -3.19744231092045E-14
0 -1 0
-2.95275592803955 0.119258530437946 -3.19744231092045E-14
-0.00520833348855376 0.119258530437946 -3.19744231092045E-14
-2.95275592803955 0.119258530437946 6.88976383209229
0 -1 0
2.95275592803955 0.266896337270737 -3.28626015289046E-14
0.00520833348855376 0.266896337270737 -3.28626015289046E-14
0.00520833348855376 0.266896337270737 6.88976383209229
0 1 0
0.00520833348855376 0.266896337270737 6.88976383209229
2.95275592803955 0.266896337270737 6.88976383209229
2.95275592803955 0.266896337270737 -3.28626015289046E-14
0 1 0
-0.00520833348855376 0.266896337270737 -3.28626015289046E-14
-2.95275592803955 0.266896337270737 -3.19744231092045E-14
-0.00520833348855376 0.266896337270737 6.88976383209229
0 1 0
-2.95275592803955 0.266896337270737 6.88976383209229
-0.00520833348855376 0.266896337270737 6.88976383209229
-2.95275592803955 0.266896337270737 -3.19744231092045E-14
0 1 0
0.00520833348855376 0.119258530437946 6.88976383209229
0.00520833348855376 0.266896337270737 6.88976383209229
0.00520833348855376 0.266896337270737 -3.28626015289046E-14
-1 0 4.40619762898106E-18
0.00520833348855376 0.266896337270737 -3.28626015289046E-14
0.00520833348855376 0.119258530437946 -3.28626015289046E-14
0.00520833348855376 0.119258530437946 6.88976383209229
-1 0 4.40619762898106E-18
0.00520833348855376 0.119258530437946 -3.28626015289046E-14
0.00520833348855376 0.266896337270737 -3.28626015289046E-14
2.95275592803955 0.266896337270737 -3.24185123190546E-14
1.50663966899725E-16 0 -1
2.95275592803955 0.266896337270737 -3.24185123190546E-14
2.95275592803955 0.119258530437946 -3.24185123190546E-14
0.00520833348855376 0.119258530437946 -3.28626015289046E-14
1.50663966899725E-16 0 -1
2.95275592803955 0.119258530437946 -3.28626015289046E-14
2.95275592803955 0.266896337270737 -3.28626015289046E-14
2.95275592803955 0.266896337270737 6.88976383209229
1 0 0
2.95275592803955 0.266896337270737 6.88976383209229
2.95275592803955 0.119258530437946 6.88976383209229
2.95275592803955 0.119258530437946 -3.28626015289046E-14
1 0 0
2.95275592803955 0.119258530437946 6.88976383209229
2.95275592803955 0.266896337270737 6.88976383209229
0.00520833348855376 0.266896337270737 6.88976383209229
-3.0132793379945E-16 0 1
0.00520833348855376 0.266896337270737 6.88976383209229
0.00520833348855376 0.119258530437946 6.88976383209229
2.95275592803955 0.119258530437946 6.88976383209229
-3.0132793379945E-16 0 1
-0.00520833348855376 0.119258530437946 -3.19744231092045E-14
-0.00520833348855376 0.266896337270737 -3.28626015289046E-14
-0.00520833348855376 0.266896337270737 6.88976383209229
1 0 1.35962669694273E-17
-0.00520833348855376 0.266896337270737 6.88976383209229
-0.00520833348855376 0.119258530437946 6.88976383209229
-0.00520833348855376 0.119258530437946 -3.19744231092045E-14
1 0 1.35962669694273E-17
-0.00520833348855376 0.119258530437946 6.88976383209229
-0.00520833348855376 0.266896337270737 6.88976383209229
-2.95275592803955 0.266896337270737 6.88976383209229
0 0 1
-2.95275592803955 0.266896337270737 6.88976383209229
-2.95275592803955 0.119258530437946 6.88976383209229
-0.00520833348855376 0.119258530437946 6.88976383209229
0 0 1
-2.95275592803955 0.119258530437946 6.88976383209229
-2.95275592803955 0.266896337270737 6.88976383209229
-2.95275592803955 0.266896337270737 -3.19744231092045E-14
-1 0 0
-2.95275592803955 0.266896337270737 -3.19744231092045E-14
-2.95275592803955 0.119258530437946 -3.19744231092045E-14
-2.95275592803955 0.119258530437946 6.88976383209229
-1 0 0
-2.95275592803955 0.119258530437946 -3.19744231092045E-14
-2.95275592803955 0.266896337270737 -3.19744231092045E-14
-0.00520833348855376 0.266896337270737 -3.24185123190546E-14
-1.50663966899725E-16 0 -1
-0.00520833348855376 0.266896337270737 -3.24185123190546E-14
-0.00520833348855376 0.119258530437946 -3.24185123190546E-14
-2.95275592803955 0.119258530437946 -3.19744231092045E-14
-1.50663966899725E-16 0 -1
[HEADER]
422777,0762 x 2032mm,278
276.956833828683 123.884447816868 -11.8110236220472
1
-1.23140540642406E-15 -1 0
1 -1.23140540642406E-15 0
0 0 1
-1.49934387207031 0.410104990005493 6.91601037979126
-1.25 0.410104990005493 6.66666650772095
-1.49934387207031 0.410104990005493 0
-1.86407339295249E-15 1 0
-1.25 0.410104990005493 6.66666650772095
-1.49934387207031 0.410104990005493 6.91601037979126
1.25 0.410104990005493 6.66666650772095
-1.86407339295249E-15 1 0
-1.25 0.410104990005493 0
-1.49934387207031 0.410104990005493 0
-1.25 0.410104990005493 6.66666650772095
-1.86407339295249E-15 1 0
1.25 0.410104990005493 6.66666650772095
1.49934387207031 0.410104990005493 6.91601037979126
1.49934387207031 0.410104990005493 0
-1.86407339295249E-15 1 0
1.49934387207031 0.410104990005493 6.91601037979126
1.25 0.410104990005493 6.66666650772095
-1.49934387207031 0.410104990005493 6.91601037979126
-1.86407339295249E-15 1 0
1.49934387207031 0.410104990005493 0
1.25 0.410104990005493 0
1.25 0.410104990005493 6.66666650772095
-1.86407339295249E-15 1 0
1.49934387207031 0.328083992004395 6.91601037979126
1.25 0.328083992004395 6.66666650772095
1.49934387207031 0.328083992004395 0
1.86407339295249E-15 -1 0
1.25 0.328083992004395 6.66666650772095
1.49934387207031 0.328083992004395 6.91601037979126
-1.25 0.328083992004395 6.66666650772095
1.86407339295249E-15 -1 0
1.25 0.328083992004395 0
1.49934387207031 0.328083992004395 0
1.25 0.328083992004395 6.66666650772095
1.86407339295249E-15 -1 0
-1.25 0.328083992004395 6.66666650772095
-1.49934387207031 0.328083992004395 6.91601037979126
-1.49934387207031 0.328083992004395 0
1.86407339295249E-15 -1 0
-1.49934387207031 0.328083992004395 6.91601037979126
-1.25 0.328083992004395 6.66666650772095
1.49934387207031 0.328083992004395 6.91601037979126
1.86407339295249E-15 -1 0
-1.49934387207031 0.328083992004395 0
-1.25 0.328083992004395 0
-1.25 0.328083992004395 6.66666650772095
1.86407339295249E-15 -1 0
-1.49934387207031 0.410104990005493 6.91601037979126
-1.49934387207031 0.328083992004395 6.91601037979126
1.49934387207031 0.328083992004395 6.91601037979126
0 0 1
1.49934387207031 0.328083992004395 6.91601037979126
1.49934387207031 0.410104990005493 6.91601037979126
-1.49934387207031 0.410104990005493 6.91601037979126
0 0 1
1.49934387207031 0.410104990005493 6.91601037979126
1.49934387207031 0.328083992004395 6.91601037979126
1.49934387207031 0.328083992004395 0
1 2.70716782324658E-15 0
1.49934387207031 0.328083992004395 0
1.49934387207031 0.410104990005493 0
1.49934387207031 0.410104990005493 6.91601037979126
1 2.70716782324658E-15 0
1.49934387207031 0.410104990005493 0
1.49934387207031 0.328083992004395 0
1.25 0.328083992004395 0
0 0 -1
1.25 0.328083992004395 0
1.25 0.410104990005493 0
1.49934387207031 0.410104990005493 0
0 0 -1
1.25 0.410104990005493 0
1.25 0.328083992004395 0
1.25 0.328083992004395 6.66666650772095
-1 -2.70716782324658E-15 0
1.25 0.328083992004395 6.66666650772095
1.25 0.410104990005493 6.66666650772095
1.25 0.410104990005493 0
-1 -2.70716782324658E-15 0
1.25 0.410104990005493 6.66666650772095
1.25 0.328083992004395 6.66666650772095
-1.25 0.328083992004395 6.66666650772095
0 0 -1
-1.25 0.328083992004395 6.66666650772095
-1.25 0.410104990005493 6.66666650772095
1.25 0.410104990005493 6.66666650772095
0 0 -1
-1.25 0.410104990005493 6.66666650772095
-1.25 0.328083992004395 6.66666650772095
-1.25 0.328083992004395 0
1 2.70716782324658E-15 0
-1.25 0.328083992004395 0
-1.25 0.410104990005493 0
-1.25 0.410104990005493 6.66666650772095
1 2.70716782324658E-15 0
-1.25 0.410104990005493 0
-1.25 0.328083992004395 0
-1.49934387207031 0.328083992004395 0
0 0 -1
-1.49934387207031 0.328083992004395 0
-1.49934387207031 0.410104990005493 0
-1.25 0.410104990005493 0
0 0 -1
-1.49934387207031 0.410104990005493 0
-1.49934387207031 0.328083992004395 0
-1.49934387207031 0.328083992004395 6.91601037979126
-1 -2.70716782324658E-15 0
-1.49934387207031 0.328083992004395 6.91601037979126
-1.49934387207031 0.410104990005493 6.91601037979126
-1.49934387207031 0.410104990005493 0
-1 -2.70716782324658E-15 0
1.49934387207031 -0.410104990005493 6.91601037979126
1.25 -0.410104990005493 6.66666650772095
1.49934387207031 -0.410104990005493 0
1.86407339295249E-15 -1 0
1.25 -0.410104990005493 6.66666650772095
1.49934387207031 -0.410104990005493 6.91601037979126
-1.25 -0.410104990005493 6.66666650772095
1.86407339295249E-15 -1 0
1.25 -0.410104990005493 0
1.49934387207031 -0.410104990005493 0
1.25 -0.410104990005493 6.66666650772095
1.86407339295249E-15 -1 0
-1.25 -0.410104990005493 6.66666650772095
-1.49934387207031 -0.410104990005493 6.91601037979126
-1.49934387207031 -0.410104990005493 0
1.86407339295249E-15 -1 0
-1.49934387207031 -0.410104990005493 6.91601037979126
-1.25 -0.410104990005493 6.66666650772095
1.49934387207031 -0.410104990005493 6.91601037979126
1.86407339295249E-15 -1 0
-1.49934387207031 -0.410104990005493 0
-1.25 -0.410104990005493 0
-1.25 -0.410104990005493 6.66666650772095
1.86407339295249E-15 -1 0
-1.49934387207031 -0.328083992004395 6.91601037979126
-1.25 -0.328083992004395 6.66666650772095
-1.49934387207031 -0.328083992004395 0
-1.86407339295249E-15 1 0
-1.25 -0.328083992004395 6.66666650772095
-1.49934387207031 -0.328083992004395 6.91601037979126
1.25 -0.328083992004395 6.66666650772095
-1.86407339295249E-15 1 0
-1.25 -0.328083992004395 0
-1.49934387207031 -0.328083992004395 0
-1.25 -0.328083992004395 6.66666650772095
-1.86407339295249E-15 1 0
1.25 -0.328083992004395 6.66666650772095
1.49934387207031 -0.328083992004395 6.91601037979126
1.49934387207031 -0.328083992004395 0
-1.86407339295249E-15 1 0
1.49934387207031 -0.328083992004395 6.91601037979126
1.25 -0.328083992004395 6.66666650772095
-1.49934387207031 -0.328083992004395 6.91601037979126
-1.86407339295249E-15 1 0
1.49934387207031 -0.328083992004395 0
1.25 -0.328083992004395 0
1.25 -0.328083992004395 6.66666650772095
-1.86407339295249E-15 1 0
1.49934387207031 -0.410104990005493 6.91601037979126
1.49934387207031 -0.328083992004395 6.91601037979126
-1.49934387207031 -0.328083992004395 6.91601037979126
0 0 1
-1.49934387207031 -0.328083992004395 6.91601037979126
-1.49934387207031 -0.410104990005493 6.91601037979126
1.49934387207031 -0.410104990005493 6.91601037979126
0 0 1
-1.49934387207031 -0.410104990005493 6.91601037979126
-1.49934387207031 -0.328083992004395 6.91601037979126
-1.49934387207031 -0.328083992004395 0
-1 -2.70716782324538E-15 0
-1.49934387207031 -0.328083992004395 0
-1.49934387207031 -0.410104990005493 0
-1.49934387207031 -0.410104990005493 6.91601037979126
-1 -2.70716782324538E-15 0
-1.49934387207031 -0.410104990005493 0
-1.49934387207031 -0.328083992004395 0
-1.25 -0.328083992004395 0
0 0 -1
-1.25 -0.328083992004395 0
-1.25 -0.410104990005493 0
-1.49934387207031 -0.410104990005493 0
0 0 -1
-1.25 -0.410104990005493 0
-1.25 -0.328083992004395 0
-1.25 -0.328083992004395 6.66666650772095
1 2.70716782324538E-15 0
-1.25 -0.328083992004395 6.66666650772095
-1.25 -0.410104990005493 6.66666650772095
-1.25 -0.410104990005493 0
1 2.70716782324538E-15 0
-1.25 -0.410104990005493 6.66666650772095
-1.25 -0.328083992004395 6.66666650772095
1.25 -0.328083992004395 6.66666650772095
0 0 -1
1.25 -0.328083992004395 6.66666650772095
1.25 -0.410104990005493 6.66666650772095
-1.25 -0.410104990005493 6.66666650772095
0 0 -1
1.25 -0.410104990005493 6.66666650772095
1.25 -0.328083992004395 6.66666650772095
1.25 -0.328083992004395 0
-1 -2.70716782324538E-15 0
1.25 -0.328083992004395 0
1.25 -0.410104990005493 0
1.25 -0.410104990005493 6.66666650772095
-1 -2.70716782324538E-15 0
1.25 -0.410104990005493 0
1.25 -0.328083992004395 0
1.49934387207031 -0.328083992004395 0
0 0 -1
1.49934387207031 -0.328083992004395 0
1.49934387207031 -0.410104990005493 0
1.25 -0.410104990005493 0
0 0 -1
1.49934387207031 -0.410104990005493 0
1.49934387207031 -0.328083992004395 0
1.49934387207031 -0.328083992004395 6.91601037979126
1 2.70716782324538E-15 0
1.49934387207031 -0.328083992004395 6.91601037979126
1.49934387207031 -0.410104990005493 6.91601037979126
1.49934387207031 -0.410104990005493 0
1 2.70716782324538E-15 0
-1.25 0.160761147737503 6.66666650772095
-1.25 0.160761147737503 0
1.25 0.160761147737503 0
0 -1 0
1.25 0.160761147737503 0
1.25 0.160761147737503 6.66666650772095
-1.25 0.160761147737503 6.66666650772095
0 -1 0
1.25 0.328083992004395 0
-1.25 0.328083992004395 0
-1.25 0.328083992004395 6.66666650772095
0 1 0
-1.25 0.328083992004395 6.66666650772095
1.25 0.328083992004395 6.66666650772095
1.25 0.328083992004395 0
0 1 0
1.25 0.160761147737503 6.66666650772095
1.25 0.328083992004395 6.66666650772095
-1.25 0.328083992004395 6.66666650772095
0 0 1
-1.25 0.328083992004395 6.66666650772095
-1.25 0.160761147737503 6.66666650772095
1.25 0.160761147737503 6.66666650772095
0 0 1
-1.25 0.160761147737503 6.66666650772095
-1.25 0.328083992004395 6.66666650772095
-1.25 0.328083992004395 0
-1 0 0
-1.25 0.328083992004395 0
-1.25 0.160761147737503 0
-1.25 0.160761147737503 6.66666650772095
-1 0 0
-1.25 0.160761147737503 0
-1.25 0.328083992004395 0
1.25 0.328083992004395 0
0 0 -1
1.25 0.328083992004395 0
1.25 0.160761147737503 0
-1.25 0.160761147737503 0
0 0 -1
1.25 0.160761147737503 0
1.25 0.328083992004395 0
1.25 0.328083992004395 6.66666650772095
1 0 0
1.25 0.328083992004395 6.66666650772095
1.25 0.160761147737503 6.66666650772095
1.25 0.160761147737503 0
1 0 0
[HEADER]
422826,M_Door-Passage-Double-Flush-Dbl_Acting 2,214
319.832982122647 109.465156477252 -11.8110236220472
1
-2.22269070789924E-15 -1 0
1 -2.22269070789924E-15 0
0 0 1
4.92125988006592 0.266896337270737 1.95470863470841E-35
5.08530187606812 0.266896337270737 0
5.08530187606812 -0.225229665637016 0
-1.19159040439945E-34 2.60148000103134E-51 -1
5.08530187606812 -0.225229665637016 0
4.92125988006592 -0.225229665637016 1.95470863470841E-35
4.92125988006592 0.266896337270737 1.95470863470841E-35
-1.19159040439945E-34 2.60148000103134E-51 -1
4.92125988006592 -0.225229665637016 0
4.92125988006592 -0.225229665637016 7.87401580810547
4.92125988006592 0.266896337270737 7.87401580810547
-1 2.18319985745644E-17 1.12798659301916E-16
4.92125988006592 0.266896337270737 7.87401580810547
4.92125988006592 0.266896337270737 -1.54074395550979E-33
4.92125988006592 -0.225229665637016 0
-1 2.18319985745644E-17 1.12798659301916E-16
-4.92125988006592 0.266896337270737 -1.32348913785703E-23
-5.08530187606812 0.266896337270737 1.76465186826501E-23
-4.92125988006592 0.266896337270737 7.87401580810547
2.18319985745644E-17 1 -7.04991620636974E-18
5.08530187606812 0.266896337270737 8.82326013018593E-24
4.92125988006592 0.266896337270737 1.32348898008484E-23
4.92125988006592 0.266896337270737 7.87401580810547
2.18319985745644E-17 1 -7.04991620636974E-18
-4.92125988006592 0.266896337270737 7.87401580810547
-5.08530187606812 0.266896337270737 8.20209980010986
4.92125988006592 0.266896337270737 7.87401580810547
2.18319985745644E-17 1 -7.04991620636974E-18
-5.08530187606812 0.266896337270737 8.20209980010986
-4.92125988006592 0.266896337270737 7.87401580810547
-5.08530187606812 0.266896337270737 1.76465186826501E-23
2.18319985745644E-17 1 -7.04991620636974E-18
4.92125988006592 0.266896337270737 7.87401580810547
5.08530187606812 0.266896337270737 8.20209980010986
5.08530187606812 0.266896337270737 8.82326013018593E-24
2.18319985745644E-17 1 -7.04991620636974E-18
5.08530187606812 0.266896337270737 8.20209980010986
4.92125988006592 0.266896337270737 7.87401580810547
-5.08530187606812 0.266896337270737 8.20209980010986
2.18319985745644E-17 1 -7.04991620636974E-18
5.08530187606812 0.266896337270737 0
5.08530187606812 0.266896337270737 8.20209980010986
5.08530187606812 -0.225229665637016 8.20209980010986
1 -2.18319985745644E-17 -1.10496645846775E-16
5.08530187606812 -0.225229665637016 8.20209980010986
5.08530187606812 -0.225229665637016 1.15555796663234E-33
5.08530187606812 0.266896337270737 0
1 -2.18319985745644E-17 -1.10496645846775E-16
4.92125988006592 -0.225229665637016 -4.59169663861007E-24
5.08530187606812 -0.225229665637016 1.32348898008484E-23
4.92125988006592 -0.225229665637016 7.87401580810547
-2.18319985745644E-17 -1 6.90604036542342E-18
-5.08530187606812 -0.225229665637016 6.48239349117219E-24
-4.92125988006592 -0.225229665637016 -1.53956886830537E-23
-4.92125988006592 -0.225229665637016 7.87401580810547
-2.18319985745644E-17 -1 6.90604036542342E-18
4.92125988006592 -0.225229665637016 7.87401580810547
5.08530187606812 -0.225229665637016 8.20209980010986
-4.92125988006592 -0.225229665637016 7.87401580810547
-2.18319985745644E-17 -1 6.90604036542342E-18
5.08530187606812 -0.225229665637016 8.20209980010986
4.92125988006592 -0.225229665637016 7.87401580810547
5.08530187606812 -0.225229665637016 1.32348898008484E-23
-2.18319985745644E-17 -1 6.90604036542342E-18
-4.92125988006592 -0.225229665637016 7.87401580810547
-5.08530187606812 -0.225229665637016 8.20209980010986
-5.08530187606812 -0.225229665637016 6.48239349117219E-24
-2.18319985745644E-17 -1 6.90604036542342E-18
-5.08530187606812 -0.225229665637016 8.20209980010986
-4.92125988006592 -0.225229665637016 7.87401580810547
5.08530187606812 -0.225229665637016 8.20209980010986
-2.18319985745644E-17 -1 6.90604036542342E-18
4.92125988006592 -0.225229665637016 7.87401580810547
-4.92125988006592 -0.225229665637016 7.87401580810547
-4.92125988006592 0.266896337270737 7.87401580810547
9.02389274415328E-17 1.09159992872822E-17 -1
-4.92125988006592 0.266896337270737 7.87401580810547
4.92125988006592 0.266896337270737 7.87401580810547
4.92125988006592 -0.225229665637016 7.87401580810547
9.02389274415328E-17 1.09159992872822E-17 -1
-4.92125988006592 0.266896337270737 0
-4.92125988006592 -0.225229665637016 0
-5.08530187606812 -0.225229665637016 0
0 0 -1
-5.08530187606812 -0.225229665637016 0
-5.08530187606812 0.266896337270737 0
-4.92125988006592 0.266896337270737 0
0 0 -1
-4.92125988006592 0.266896337270737 7.87401580810547
-4.92125988006592 -0.225229665637016 7.87401580810547
-4.92125988006592 -0.225229665637016 0
1 0 0
-4.92125988006592 -0.225229665637016 0
-4.92125988006592 0.266896337270737 0
-4.92125988006592 0.266896337270737 7.87401580810547
1 0 0
-5.08530187606812 0.266896337270737 0
-5.08530187606812 -0.225229665637016 0
-5.08530187606812 -0.225229665637016 8.20209980010986
-1 0 0
-5.08530187606812 -0.225229665637016 8.20209980010986
-5.08530187606812 0.266896337270737 8.20209980010986
-5.08530187606812 0.266896337270737 0
-1 0 0
5.08530187606812 0.266896337270737 8.20209980010986
-5.08530187606812 0.266896337270737 8.20209980010986
-5.08530187606812 -0.225229665637016 8.20209980010986
0 0 1
-5.08530187606812 -0.225229665637016 8.20209980010986
5.08530187606812 -0.225229665637016 8.20209980010986
5.08530187606812 0.266896337270737 8.20209980010986
0 0 1
4.92125988006592 0.119258530437946 7.87401580810547
0.00520833348855376 0.119258530437946 7.87401580810547
0.00520833348855376 0.119258530437946 -3.19744231092045E-14
0 -1 0
0.00520833348855376 0.119258530437946 -3.19744231092045E-14
4.92125988006592 0.119258530437946 -3.19744231092045E-14
4.92125988006592 0.119258530437946 7.87401580810547
0 -1 0
-0.00520833348855376 0.119258530437946 7.87401580810547
-4.92125988006592 0.119258530437946 7.87401580810547
-4.92125988006592 0.119258530437946 -3.19744231092045E-14
0 -1 0
-4.92125988006592 0.119258530437946 -3.19744231092045E-14
-0.00520833348855376 0.119258530437946 -3.19744231092045E-14
-0.00520833348855376 0.119258530437946 7.87401580810547
0 -1 0
4.92125988006592 0.266896337270737 -3.19744231092045E-14
0.00520833348855376 0.266896337270737 -3.19744231092045E-14
0.00520833348855376 0.266896337270737 7.87401580810547
0 1 0
0.00520833348855376 0.266896337270737 7.87401580810547
4.92125988006592 0.266896337270737 7.87401580810547
4.92125988006592 0.266896337270737 -3.19744231092045E-14
0 1 0
-0.00520833348855376 0.266896337270737 -3.19744231092045E-14
-4.92125988006592 0.266896337270737 -3.19744231092045E-14
-4.92125988006592 0.266896337270737 7.87401580810547
0 1 0
-4.92125988006592 0.266896337270737 7.87401580810547
-0.00520833348855376 0.266896337270737 7.87401580810547
-0.00520833348855376 0.266896337270737 -3.19744231092045E-14
0 1 0
0.00520833348855376 0.119258530437946 7.87401580810547
0.00520833348855376 0.266896337270737 7.87401580810547
0.00520833348855376 0.266896337270737 -3.19744231092045E-14
-1 0 3.85542292535843E-18
0.00520833348855376 0.266896337270737 -3.19744231092045E-14
0.00520833348855376 0.119258530437946 -3.19744231092045E-14
0.00520833348855376 0.119258530437946 7.87401580810547
-1 0 3.85542292535843E-18
0.00520833348855376 0.119258530437946 -3.19744231092045E-14
0.00520833348855376 0.266896337270737 -3.19744231092045E-14
4.92125988006592 0.266896337270737 -3.24185123190546E-14
-9.03345314873569E-17 0 -1
4.92125988006592 0.266896337270737 -3.24185123190546E-14
4.92125988006592 0.119258530437946 -3.24185123190546E-14
0.00520833348855376 0.119258530437946 -3.19744231092045E-14
-9.03345314873569E-17 0 -1
4.92125988006592 0.119258530437946 -3.19744231092045E-14
4.92125988006592 0.266896337270737 -3.19744231092045E-14
4.92125988006592 0.266896337270737 7.87401580810547
1 0 0
4.92125988006592 0.266896337270737 7.87401580810547
4.92125988006592 0.119258530437946 7.87401580810547
4.92125988006592 0.119258530437946 -3.19744231092045E-14
1 0 0
4.92125988006592 0.119258530437946 7.87401580810547
4.92125988006592 0.266896337270737 7.87401580810547
0.00520833348855376 0.266896337270737 7.87401580810547
0 0 1
0.00520833348855376 0.266896337270737 7.87401580810547
0.00520833348855376 0.119258530437946 7.87401580810547
4.92125988006592 0.119258530437946 7.87401580810547
0 0 1
-0.00520833348855376 0.119258530437946 -3.19744231092045E-14
-0.00520833348855376 0.266896337270737 -3.19744231092045E-14
-0.00520833348855376 0.266896337270737 7.87401580810547
1 0 -4.45025960527088E-17
-0.00520833348855376 0.266896337270737 7.87401580810547
-0.00520833348855376 0.119258530437946 7.87401580810547
-0.00520833348855376 0.119258530437946 -3.19744231092045E-14
1 0 -4.45025960527088E-17
-0.00520833348855376 0.119258530437946 7.87401580810547
-0.00520833348855376 0.266896337270737 7.87401580810547
-4.92125988006592 0.266896337270737 7.87401580810547
0 0 1
-4.92125988006592 0.266896337270737 7.87401580810547
-4.92125988006592 0.119258530437946 7.87401580810547
-0.00520833348855376 0.119258530437946 7.87401580810547
0 0 1
-4.92125988006592 0.119258530437946 7.87401580810547
-4.92125988006592 0.266896337270737 7.87401580810547
-4.92125988006592 0.266896337270737 -3.19744231092045E-14
-1 0 0
-4.92125988006592 0.266896337270737 -3.19744231092045E-14
-4.92125988006592 0.119258530437946 -3.19744231092045E-14
-4.92125988006592 0.119258530437946 7.87401580810547
-1 0 0
-4.92125988006592 0.119258530437946 -3.19744231092045E-14
-4.92125988006592 0.266896337270737 -3.19744231092045E-14
-0.00520833348855376 0.266896337270737 -3.24185123190546E-14
-9.03345314873568E-17 0 -1
-0.00520833348855376 0.266896337270737 -3.24185123190546E-14
-0.00520833348855376 0.119258530437946 -3.24185123190546E-14
-4.92125988006592 0.119258530437946 -3.19744231092045E-14
-9.03345314873568E-17 0 -1
[HEADER]
422882,M_Door-Passage-Double-Flush-Dbl_Acting 3,214
347.154832516339 108.480904508748 -11.8110236220472
1
2.22269070789924E-15 1 0
-1 2.22269070789924E-15 0
0 0 1
4.10104990005493 0.184875324368477 0
4.26509189605713 0.184875324368477 0
4.26509189605713 -0.307250648736954 0
0 0 -1
4.26509189605713 -0.307250648736954 0
4.10104990005493 -0.307250648736954 0
4.10104990005493 0.184875324368477 0
0 0 -1
4.10104990005493 -0.307250648736954 0
4.10104990005493 -0.307250648736954 7.21784782409668
4.10104990005493 0.184875324368477 7.21784782409668
-1 0 0
4.10104990005493 0.184875324368477 7.21784782409668
4.10104990005493 0.184875324368477 0
4.10104990005493 -0.307250648736954 0
-1 0 0
-4.10104990005493 0.184875324368477 0
-4.26509189605713 0.184875324368477 1.32348898008484E-23
-4.10104990005493 0.184875324368477 7.21784782409668
0 1 -7.69081767967608E-18
4.26509189605713 0.184875324368477 1.32348898008484E-23
4.10104990005493 0.184875324368477 0
4.10104990005493 0.184875324368477 7.21784782409668
0 1 -7.69081767967608E-18
-4.10104990005493 0.184875324368477 7.21784782409668
-4.26509189605713 0.184875324368477 7.54593181610107
4.10104990005493 0.184875324368477 7.21784782409668
0 1 -7.69081767967608E-18
-4.26509189605713 0.184875324368477 7.54593181610107
-4.10104990005493 0.184875324368477 7.21784782409668
-4.26509189605713 0.184875324368477 1.32348898008484E-23
0 1 -7.69081767967608E-18
4.10104990005493 0.184875324368477 7.21784782409668
4.26509189605713 0.184875324368477 7.54593181610107
4.26509189605713 0.184875324368477 1.32348898008484E-23
0 1 -7.69081767967608E-18
4.26509189605713 0.184875324368477 7.54593181610107
4.10104990005493 0.184875324368477 7.21784782409668
-4.26509189605713 0.184875324368477 7.54593181610107
0 1 -7.69081767967608E-18
4.26509189605713 0.184875324368477 0
4.26509189605713 0.184875324368477 7.54593181610107
4.26509189605713 -0.307250648736954 7.54593181610107
1 0 1.20318569922044E-16
4.26509189605713 -0.307250648736954 7.54593181610107
4.26509189605713 -0.307250648736954 0
4.26509189605713 0.184875324368477 0
1 0 1.20318569922044E-16
4.10104990005493 -0.307250648736954 1.20584552220051E-23
4.26509189605713 -0.307250648736954 1.32348898008484E-23
4.10104990005493 -0.307250648736954 7.21784782409668
0 -1 0
-4.26509189605713 -0.307250648736954 1.82347391275153E-23
-4.10104990005493 -0.307250648736954 3.26460619294853E-23
-4.10104990005493 -0.307250648736954 7.21784782409668
0 -1 0
4.10104990005493 -0.307250648736954 7.21784782409668
4.26509189605713 -0.307250648736954 7.54593181610107
-4.10104990005493 -0.307250648736954 7.21784782409668
0 -1 0
4.26509189605713 -0.307250648736954 7.54593181610107
4.10104990005493 -0.307250648736954 7.21784782409668
4.26509189605713 -0.307250648736954 1.32348898008484E-23
0 -1 0
-4.10104990005493 -0.307250648736954 7.21784782409668
-4.26509189605713 -0.307250648736954 7.54593181610107
-4.26509189605713 -0.307250648736954 1.82347391275153E-23
0 -1 0
-4.26509189605713 -0.307250648736954 7.54593181610107
-4.10104990005493 -0.307250648736954 7.21784782409668
4.26509189605713 -0.307250648736954 7.54593181610107
0 -1 0
4.10104990005493 -0.307250648736954 7.21784782409668
-4.10104990005493 -0.307250648736954 7.21784782409668
-4.10104990005493 0.184875324368477 7.21784782409668
0 0 -1
-4.10104990005493 0.184875324368477 7.21784782409668
4.10104990005493 0.184875324368477 7.21784782409668
4.10104990005493 -0.307250648736954 7.21784782409668
0 0 -1
-4.10104990005493 0.184875324368477 0
-4.10104990005493 -0.307250648736954 0
-4.26509189605713 -0.307250648736954 0
0 0 -1
-4.26509189605713 -0.307250648736954 0
-4.26509189605713 0.184875324368477 0
-4.10104990005493 0.184875324368477 0
0 0 -1
-4.10104990005493 0.184875324368477 7.21784782409668
-4.10104990005493 -0.307250648736954 7.21784782409668
-4.10104990005493 -0.307250648736954 0
1 0 0
-4.10104990005493 -0.307250648736954 0
-4.10104990005493 0.184875324368477 0
-4.10104990005493 0.184875324368477 7.21784782409668
1 0 0
-4.26509189605713 0.184875324368477 0
-4.26509189605713 -0.307250648736954 0
-4.26509189605713 -0.307250648736954 7.54593181610107
-1 0 0
-4.26509189605713 -0.307250648736954 7.54593181610107
-4.26509189605713 0.184875324368477 7.54593181610107
-4.26509189605713 0.184875324368477 0
-1 0 0
4.26509189605713 0.184875324368477 7.54593181610107
-4.26509189605713 0.184875324368477 7.54593181610107
-4.26509189605713 -0.307250648736954 7.54593181610107
0 0 1
-4.26509189605713 -0.307250648736954 7.54593181610107
4.26509189605713 -0.307250648736954 7.54593181610107
4.26509189605713 0.184875324368477 7.54593181610107
0 0 1
4.10104990005493 0.0372375324368477 7.21784782409668
0.00520833348855376 0.0372375324368477 7.21784782409668
4.10104990005493 0.0372375324368477 -3.19744231092045E-14
0 -1 0
0.00520833348855376 0.0372375324368477 -3.19744231092045E-14
4.10104990005493 0.0372375324368477 -3.19744231092045E-14
0.00520833348855376 0.0372375324368477 7.21784782409668
0 -1 0
-0.00520833348855376 0.0372375324368477 7.21784782409668
-4.10104990005493 0.0372375324368477 7.21784782409668
-0.00520833348855376 0.0372375324368477 -3.19744231092045E-14
0 -1 0
-4.10104990005493 0.0372375324368477 -3.19744231092045E-14
-0.00520833348855376 0.0372375324368477 -3.19744231092045E-14
-4.10104990005493 0.0372375324368477 7.21784782409668
0 -1 0
4.10104990005493 0.184875324368477 -3.19744231092045E-14
0.00520833348855376 0.184875324368477 -3.19744231092045E-14
4.10104990005493 0.184875324368477 7.21784782409668
0 1 0
0.00520833348855376 0.184875324368477 7.21784782409668
4.10104990005493 0.184875324368477 7.21784782409668
0.00520833348855376 0.184875324368477 -3.19744231092045E-14
0 1 0
-0.00520833348855376 0.184875324368477 -3.19744231092045E-14
-4.10104990005493 0.184875324368477 -3.19744231092045E-14
-0.00520833348855376 0.184875324368477 7.21784782409668
0 1 0
-4.10104990005493 0.184875324368477 7.21784782409668
-0.00520833348855376 0.184875324368477 7.21784782409668
-4.10104990005493 0.184875324368477 -3.19744231092045E-14
0 1 0
0.00520833348855376 0.0372375324368477 7.21784782409668
0.00520833348855376 0.184875324368477 7.21784782409668
0.00520833348855376 0.184875324368477 -3.19744231092045E-14
-1 0 4.20591591857284E-18
0.00520833348855376 0.184875324368477 -3.19744231092045E-14
0.00520833348855376 0.0372375324368477 -3.19744231092045E-14
0.00520833348855376 0.0372375324368477 7.21784782409668
-1 0 4.20591591857284E-18
0.00520833348855376 0.0372375324368477 -3.19744231092045E-14
0.00520833348855376 0.184875324368477 -3.19744231092045E-14
4.10104990005493 0.184875324368477 -3.24185123190546E-14
-1.08424411932994E-16 0 -1
4.10104990005493 0.184875324368477 -3.24185123190546E-14
4.10104990005493 0.0372375324368477 -3.24185123190546E-14
0.00520833348855376 0.0372375324368477 -3.19744231092045E-14
-1.08424411932994E-16 0 -1
4.10104990005493 0.0372375324368477 -3.19744231092045E-14
4.10104990005493 0.184875324368477 -3.19744231092045E-14
4.10104990005493 0.184875324368477 7.21784782409668
1 0 0
4.10104990005493 0.184875324368477 7.21784782409668
4.10104990005493 0.0372375324368477 7.21784782409668
4.10104990005493 0.0372375324368477 -3.19744231092045E-14
1 0 0
4.10104990005493 0.0372375324368477 7.21784782409668
4.10104990005493 0.184875324368477 7.21784782409668
0.00520833348855376 0.184875324368477 7.21784782409668
0 0 1
0.00520833348855376 0.184875324368477 7.21784782409668
0.00520833348855376 0.0372375324368477 7.21784782409668
4.10104990005493 0.0372375324368477 7.21784782409668
0 0 1
-0.00520833348855376 0.0372375324368477 -3.19744231092045E-14
-0.00520833348855376 0.184875324368477 -3.19744231092045E-14
-0.00520833348855376 0.184875324368477 7.21784782409668
1 0 -4.8548286602955E-17
-0.00520833348855376 0.184875324368477 7.21784782409668
-0.00520833348855376 0.0372375324368477 7.21784782409668
-0.00520833348855376 0.0372375324368477 -3.19744231092045E-14
1 0 -4.8548286602955E-17
-0.00520833348855376 0.0372375324368477 7.21784782409668
-0.00520833348855376 0.184875324368477 7.21784782409668
-4.10104990005493 0.184875324368477 7.21784782409668
0 0 1
-4.10104990005493 0.184875324368477 7.21784782409668
-4.10104990005493 0.0372375324368477 7.21784782409668
-0.00520833348855376 0.0372375324368477 7.21784782409668
0 0 1
-4.10104990005493 0.0372375324368477 7.21784782409668
-4.10104990005493 0.184875324368477 7.21784782409668
-4.10104990005493 0.184875324368477 -3.19744231092045E-14
-1 0 0
-4.10104990005493 0.184875324368477 -3.19744231092045E-14
-4.10104990005493 0.0372375324368477 -3.19744231092045E-14
-4.10104990005493 0.0372375324368477 7.21784782409668
-1 0 0
-4.10104990005493 0.0372375324368477 -3.19744231092045E-14
-4.10104990005493 0.184875324368477 -3.19744231092045E-14
-0.00520833348855376 0.184875324368477 -3.24185123190546E-14
-1.08424411932994E-16 0 -1
-0.00520833348855376 0.184875324368477 -3.24185123190546E-14
-0.00520833348855376 0.0372375324368477 -3.24185123190546E-14
-4.10104990005493 0.0372375324368477 -3.19744231092045E-14
-1.08424411932994E-16 0 -1
[HEADER]
422922,M_Door-Passage-Single-Two_Lite,550
344.361689471723 128.498457003219 -11.8110236220472
1
-1 3.18524774704407E-15 0
-3.18524774704407E-15 -1 0
0 0 1
1.64041996002197 -0.225229665637016 1.77635683940025E-15
1.47637796401978 0.103633530437946 1.77635683940025E-15
1.64041996002197 0.266896337270737 1.77635683940025E-15
0 0 -1
1.47637796401978 0.266896337270737 1.77635683940025E-15
1.64041996002197 0.266896337270737 1.77635683940025E-15
1.47637796401978 0.103633530437946 1.77635683940025E-15
0 0 -1
1.47637796401978 0.103633530437946 1.77635683940025E-15
1.47637796401978 -0.0637713223695755 1.77635683940025E-15
1.42429459095001 0.103633530437946 1.77635683940025E-15
0 0 -1
1.47637796401978 0.103633530437946 1.77635683940025E-15
1.64041996002197 -0.225229665637016 1.77635683940025E-15
1.47637796401978 -0.0637713223695755 1.77635683940025E-15
0 0 -1
1.47637796401978 -0.225229665637016 1.77635683940025E-15
1.47637796401978 -0.0637713223695755 1.77635683940025E-15
1.64041996002197 -0.225229665637016 1.77635683940025E-15
0 0 -1
1.42429459095001 0.103633530437946 1.77635683940025E-15
1.47637796401978 -0.0637713223695755 1.77635683940025E-15
1.42429459095001 -0.0637713223695755 1.77635683940025E-15
0 0 -1
1.47637796401978 0.103633530437946 0
1.47637796401978 0.103633530437946 6.88976383209229
1.47637796401978 0.266896337270737 6.88976383209229
-1 0 0
1.47637796401978 0.266896337270737 6.88976383209229
1.47637796401978 0.266896337270737 0
1.47637796401978 0.103633530437946 0
-1 0 0
-1.47637796401978 0.266896337270737 1.32348898008484E-23
-1.64041996002197 0.266896337270737 1.32348898008484E-23
-1.47637796401978 0.266896337270737 6.88976383209229
0 1 0
1.64041996002197 0.266896337270737 0
1.47637796401978 0.266896337270737 1.32348898008484E-23
1.47637796401978 0.266896337270737 6.88976383209229
0 1 0
-1.47637796401978 0.266896337270737 6.88976383209229
-1.64041996002197 0.266896337270737 7.21784782409668
1.47637796401978 0.266896337270737 6.88976383209229
0 1 0
-1.64041996002197 0.266896337270737 7.21784782409668
-1.47637796401978 0.266896337270737 6.88976383209229
-1.64041996002197 0.266896337270737 1.32348898008484E-23
0 1 0
1.47637796401978 0.266896337270737 6.88976383209229
1.64041996002197 0.266896337270737 7.21784782409668
1.64041996002197 0.266896337270737 0
0 1 0
1.64041996002197 0.266896337270737 7.21784782409668
1.47637796401978 0.266896337270737 6.88976383209229
-1.64041996002197 0.266896337270737 7.21784782409668
0 1 0
1.64041996002197 0.266896337270737 0
1.64041996002197 0.266896337270737 7.21784782409668
1.64041996002197 -0.225229665637016 7.21784782409668
1 0 3.14786956191393E-17
1.64041996002197 -0.225229665637016 7.21784782409668
1.64041996002197 -0.225229665637016 0
1.64041996002197 0.266896337270737 0
1 0 3.14786956191393E-17
1.47637796401978 -0.225229665637016 2.46230507005482E-24
1.64041996002197 -0.225229665637016 1.32348898008484E-23
1.47637796401978 -0.225229665637016 6.88976383209229
0 -1 7.86967390478482E-18
-1.64041996002197 -0.225229665637016 -3.693457407867E-24
-1.47637796401978 -0.225229665637016 -6.15576247792181E-24
-1.47637796401978 -0.225229665637016 6.88976383209229
0 -1 7.86967390478482E-18
1.47637796401978 -0.225229665637016 6.88976383209229
1.64041996002197 -0.225229665637016 7.21784782409668
-1.47637796401978 -0.225229665637016 6.88976383209229
0 -1 7.86967390478482E-18
1.64041996002197 -0.225229665637016 7.21784782409668
1.47637796401978 -0.225229665637016 6.88976383209229
1.64041996002197 -0.225229665637016 1.32348898008484E-23
0 -1 7.86967390478482E-18
-1.47637796401978 -0.225229665637016 6.88976383209229
-1.64041996002197 -0.225229665637016 7.21784782409668
-1.64041996002197 -0.225229665637016 -3.693457407867E-24
0 -1 7.86967390478482E-18
-1.64041996002197 -0.225229665637016 7.21784782409668
-1.47637796401978 -0.225229665637016 6.88976383209229
1.64041996002197 -0.225229665637016 7.21784782409668
0 -1 7.86967390478482E-18
1.47637796401978 -0.225229665637016 0
1.47637796401978 -0.225229665637016 6.88976383209229
1.47637796401978 -0.0637713223695755 6.88976383209229
-1 0 0
1.47637796401978 -0.0637713223695755 6.88976383209229
1.47637796401978 -0.0637713223695755 0
1.47637796401978 -0.225229665637016 0
-1 0 0
1.42429459095001 -0.0637713223695755 0
1.47637796401978 -0.0637713223695755 0
1.42429459095001 -0.0637713223695755 6.83768033981323
0 -1 4.02852354649699E-18
-1.47637796401978 -0.0637713223695755 1.32348898008484E-23
-1.42429459095001 -0.0637713223695755 -1.32348898008484E-23
-1.42429459095001 -0.0637713223695755 6.83768033981323
0 -1 4.02852354649699E-18
1.42429459095001 -0.0637713223695755 6.83768033981323
1.47637796401978 -0.0637713223695755 6.88976383209229
-1.42429459095001 -0.0637713223695755 6.83768033981323
0 -1 4.02852354649699E-18
1.47637796401978 -0.0637713223695755 6.88976383209229
1.42429459095001 -0.0637713223695755 6.83768033981323
1.47637796401978 -0.0637713223695755 0
0 -1 4.02852354649699E-18
-1.42429459095001 -0.0637713223695755 6.83768033981323
-1.47637796401978 -0.0637713223695755 6.88976383209229
-1.47637796401978 -0.0637713223695755 1.32348898008484E-23
0 -1 4.02852354649699E-18
-1.47637796401978 -0.0637713223695755 6.88976383209229
-1.42429459095001 -0.0637713223695755 6.83768033981323
1.47637796401978 -0.0637713223695755 6.88976383209229
0 -1 4.02852354649699E-18
1.42429459095001 -0.0637713223695755 0
1.42429459095001 -0.0637713223695755 6.83768033981323
1.42429459095001 0.103633530437946 6.83768033981323
-1 0 0
1.42429459095001 0.103633530437946 6.83768033981323
1.42429459095001 0.103633530437946 0
1.42429459095001 -0.0637713223695755 0
-1 0 0
-1.42429459095001 0.103633530437946 0
-1.47637796401978 0.103633530437946 0
-1.42429459095001 0.103633530437946 6.83768033981323
0 1 0
1.47637796401978 0.103633530437946 0
1.42429459095001 0.103633530437946 -1.32348898008484E-23
1.42429459095001 0.103633530437946 6.83768033981323
0 1 0
-1.42429459095001 0.103633530437946 6.83768033981323
-1.47637796401978 0.103633530437946 6.88976383209229
1.42429459095001 0.103633530437946 6.83768033981323
0 1 0
-1.47637796401978 0.103633530437946 6.88976383209229
-1.42429459095001 0.103633530437946 6.83768033981323
-1.47637796401978 0.103633530437946 0
0 1 0
1.42429459095001 0.103633530437946 6.83768033981323
1.47637796401978 0.103633530437946 6.88976383209229
1.47637796401978 0.103633530437946 0
0 1 0
1.47637796401978 0.103633530437946 6.88976383209229
1.42429459095001 0.103633530437946 6.83768033981323
-1.47637796401978 0.103633530437946 6.88976383209229
0 1 0
1.47637796401978 0.103633530437946 6.88976383209229
-1.47637796401978 0.103633530437946 6.88976383209229
-1.47637796401978 0.266896337270737 6.88976383209229
0 0 -1
-1.47637796401978 0.266896337270737 6.88976383209229
1.47637796401978 0.266896337270737 6.88976383209229
1.47637796401978 0.103633530437946 6.88976383209229
0 0 -1
-1.47637796401978 -0.225229665637016 6.88976383209229
-1.47637796401978 -0.0637713223695755 6.88976383209229
1.47637796401978 -0.0637713223695755 6.88976383209229
0 0 -1
1.47637796401978 -0.0637713223695755 6.88976383209229
1.47637796401978 -0.225229665637016 6.88976383209229
-1.47637796401978 -0.225229665637016 6.88976383209229
0 0 -1
-1.42429459095001 -0.0637713223695755 6.83768033981323
-1.42429459095001 0.103633530437946 6.83768033981323
1.42429459095001 0.103633530437946 6.83768033981323
0 0 -1
1.42429459095001 0.103633530437946 6.83768033981323
1.42429459095001 -0.0637713223695755 6.83768033981323
-1.42429459095001 -0.0637713223695755 6.83768033981323
0 0 -1
-1.64041996002197 0.266896337270737 0
-1.47637796401978 0.103633530437946 0
-1.64041996002197 -0.225229665637016 0
0 0 -1
-1.47637796401978 0.103633530437946 0
-1.64041996002197 0.266896337270737 0
-1.47637796401978 0.266896337270737 0
0 0 -1
-1.42429459095001 0.103633530437946 0
-1.47637796401978 -0.0637713223695755 0
-1.47637796401978 0.103633530437946 0
0 0 -1
-1.47637796401978 -0.0637713223695755 0
-1.64041996002197 -0.225229665637016 0
-1.47637796401978 0.103633530437946 0
0 0 -1
-1.64041996002197 -0.225229665637016 0
-1.47637796401978 -0.0637713223695755 0
-1.47637796401978 -0.225229665637016 0
0 0 -1
-1.42429459095001 -0.0637713223695755 0
-1.47637796401978 -0.0637713223695755 0
-1.42429459095001 0.103633530437946 0
0 0 -1
-1.47637796401978 0.266896337270737 6.88976383209229
-1.47637796401978 0.103633530437946 6.88976383209229
-1.47637796401978 0.103633530437946 0
1 0 -3.22281883719759E-17
-1.47637796401978 0.103633530437946 0
-1.47637796401978 0.266896337270737 0
-1.47637796401978 0.266896337270737 6.88976383209229
1 0 -3.22281883719759E-17
-1.64041996002197 0.266896337270737 0
-1.64041996002197 -0.225229665637016 0
-1.64041996002197 -0.225229665637016 7.21784782409668
-1 0 -3.14786956191393E-17
-1.64041996002197 -0.225229665637016 7.21784782409668
-1.64041996002197 0.266896337270737 7.21784782409668
-1.64041996002197 0.266896337270737 0
-1 0 -3.14786956191393E-17
-1.47637796401978 -0.225229665637016 0
-1.47637796401978 -0.0637713223695755 0
-1.47637796401978 -0.0637713223695755 6.88976383209229
1 0 -3.22281883719759E-17
-1.47637796401978 -0.0637713223695755 6.88976383209229
-1.47637796401978 -0.225229665637016 6.88976383209229
-1.47637796401978 -0.225229665637016 0
1 0 -3.22281883719759E-17
-1.42429459095001 -0.0637713223695755 0
-1.42429459095001 0.103633530437946 0
-1.42429459095001 0.103633530437946 6.83768033981323
1 0 -3.24736738828763E-17
-1.42429459095001 0.103633530437946 6.83768033981323
-1.42429459095001 -0.0637713223695755 6.83768033981323
-1.42429459095001 -0.0637713223695755 0
1 0 -3.24736738828763E-17
1.64041996002197 0.266896337270737 7.21784782409668
-1.64041996002197 0.266896337270737 7.21784782409668
-1.64041996002197 -0.225229665637016 7.21784782409668
0 0 1
-1.64041996002197 -0.225229665637016 7.21784782409668
1.64041996002197 -0.225229665637016 7.21784782409668
1.64041996002197 0.266896337270737 7.21784782409668
0 0 1
-1.47637796401978 0.119258530437946 6.88976383209229
-0.976377964019775 0.119258530437946 3.59333992004395
-0.976377964019775 0.119258530437946 6.38976383209229
0 -1 0
-0.976377964019775 0.119258530437946 3.59333992004395
-1.47637796401978 0.119258530437946 6.88976383209229
-1.47637796401978 0.119258530437946 -3.19744231092045E-14
0 -1 0
-1.47637796401978 0.119258530437946 6.88976383209229
-0.976377964019775 0.119258530437946 6.38976383209229
0.976377964019775 0.119258530437946 6.38976383209229
0 -1 0
1.47637796401978 0.119258530437946 6.88976383209229
0.976377964019775 0.119258530437946 6.38976383209229
0.976377964019775 0.119258530437946 3.59333992004395
0 -1 0
0.976377964019775 0.119258530437946 6.38976383209229
1.47637796401978 0.119258530437946 6.88976383209229
-1.47637796401978 0.119258530437946 6.88976383209229
0 -1 0
1.47637796401978 0.119258530437946 6.88976383209229
0.976377964019775 0.119258530437946 3.59333992004395
1.47637796401978 0.119258530437946 -3.19744231092045E-14
0 -1 0
-0.976377964019775 0.119258530437946 3.59333992004395
0.976377964019775 0.119258530437946 2.96833992004395
0.976377964019775 0.119258530437946 3.59333992004395
0 -1 0
-0.976377964019775 0.119258530437946 2.96833992004395
-1.47637796401978 0.119258530437946 -3.19744231092045E-14
-0.976377964019775 0.119258530437946 0.833333313465118
0 -1 0
-1.47637796401978 0.119258530437946 -3.19744231092045E-14
-0.976377964019775 0.119258530437946 2.96833992004395
-0.976377964019775 0.119258530437946 3.59333992004395
0 -1 0
-0.976377964019775 0.119258530437946 0.833333313465118
-1.47637796401978 0.119258530437946 -3.19744231092045E-14
0.976377964019775 0.119258530437946 0.833333313465118
0 -1 0
0.976377964019775 0.119258530437946 2.96833992004395
0.976377964019775 0.119258530437946 0.833333313465118
1.47637796401978 0.119258530437946 -3.19744231092045E-14
0 -1 0
1.47637796401978 0.119258530437946 -3.19744231092045E-14
0.976377964019775 0.119258530437946 0.833333313465118
-1.47637796401978 0.119258530437946 -3.19744231092045E-14
0 -1 0
0.976377964019775 0.119258530437946 2.96833992004395
1.47637796401978 0.119258530437946 -3.19744231092045E-14
0.976377964019775 0.119258530437946 3.59333992004395
0 -1 0
-0.976377964019775 0.119258530437946 2.96833992004395
0.976377964019775 0.119258530437946 2.96833992004395
-0.976377964019775 0.119258530437946 3.59333992004395
0 -1 0
-1.47637796401978 0.266896337270737 -3.19744231092045E-14
-0.976377964019775 0.266896337270737 2.96833992004395
-0.976377964019775 0.266896337270737 0.833333313465118
0 1 0
-0.976377964019775 0.266896337270737 2.96833992004395
-1.47637796401978 0.266896337270737 -3.19744231092045E-14
-0.976377964019775 0.266896337270737 3.59333992004395
0 1 0
-1.47637796401978 0.266896337270737 -3.19744231092045E-14
-0.976377964019775 0.266896337270737 0.833333313465118
0.976377964019775 0.266896337270737 0.833333313465118
0 1 0
1.47637796401978 0.266896337270737 -3.19744231092045E-14
0.976377964019775 0.266896337270737 0.833333313465118
0.976377964019775 0.266896337270737 2.96833992004395
0 1 0
0.976377964019775 0.266896337270737 0.833333313465118
1.47637796401978 0.266896337270737 -3.19744231092045E-14
-1.47637796401978 0.266896337270737 -3.19744231092045E-14
0 1 0
1.47637796401978 0.266896337270737 -3.19744231092045E-14
0.976377964019775 0.266896337270737 2.96833992004395
0.976377964019775 0.266896337270737 3.59333992004395
0 1 0
-0.976377964019775 0.266896337270737 2.96833992004395
-0.976377964019775 0.266896337270737 3.59333992004395
0.976377964019775 0.266896337270737 2.96833992004395
0 1 0
-0.976377964019775 0.266896337270737 3.59333992004395
-1.47637796401978 0.266896337270737 6.88976383209229
-0.976377964019775 0.266896337270737 6.38976383209229
0 1 0
-1.47637796401978 0.266896337270737 6.88976383209229
-0.976377964019775 0.266896337270737 3.59333992004395
-1.47637796401978 0.266896337270737 -3.19744231092045E-14
0 1 0
-0.976377964019775 0.266896337270737 6.38976383209229
-1.47637796401978 0.266896337270737 6.88976383209229
0.976377964019775 0.266896337270737 6.38976383209229
0 1 0
0.976377964019775 0.266896337270737 3.59333992004395
0.976377964019775 0.266896337270737 6.38976383209229
1.47637796401978 0.266896337270737 6.88976383209229
0 1 0
1.47637796401978 0.266896337270737 6.88976383209229
0.976377964019775 0.266896337270737 6.38976383209229
-1.47637796401978 0.266896337270737 6.88976383209229
0 1 0
0.976377964019775 0.266896337270737 3.59333992004395
1.47637796401978 0.266896337270737 6.88976383209229
1.47637796401978 0.266896337270737 -3.19744231092045E-14
0 1 0
-0.976377964019775 0.266896337270737 3.59333992004395
0.976377964019775 0.266896337270737 3.59333992004395
0.976377964019775 0.266896337270737 2.96833992004395
0 1 0
-1.47637796401978 0.119258530437946 6.88976383209229
-1.47637796401978 0.266896337270737 6.88976383209229
-1.47637796401978 0.266896337270737 -3.19744231092045E-14
-1 0 0
-1.47637796401978 0.266896337270737 -3.19744231092045E-14
-1.47637796401978 0.119258530437946 -3.19744231092045E-14
-1.47637796401978 0.119258530437946 6.88976383209229
-1 0 0
-1.47637796401978 0.119258530437946 -3.19744231092045E-14
-1.47637796401978 0.266896337270737 -3.19744231092045E-14
1.47637796401978 0.266896337270737 -3.24185123190546E-14
-1.50398212402555E-16 0 -1
1.47637796401978 0.266896337270737 -3.24185123190546E-14
1.47637796401978 0.119258530437946 -3.24185123190546E-14
-1.47637796401978 0.119258530437946 -3.19744231092045E-14
-1.50398212402555E-16 0 -1
1.47637796401978 0.119258530437946 -3.19744231092045E-14
1.47637796401978 0.266896337270737 -3.19744231092045E-14
1.47637796401978 0.266896337270737 6.88976383209229
1 0 0
1.47637796401978 0.266896337270737 6.88976383209229
1.47637796401978 0.119258530437946 6.88976383209229
1.47637796401978 0.119258530437946 -3.19744231092045E-14
1 0 0
1.47637796401978 0.119258530437946 6.88976383209229
1.47637796401978 0.266896337270737 6.88976383209229
-1.47637796401978 0.266896337270737 6.88976383209229
0 0 1
-1.47637796401978 0.266896337270737 6.88976383209229
-1.47637796401978 0.119258530437946 6.88976383209229
1.47637796401978 0.119258530437946 6.88976383209229
0 0 1
-0.976377964019775 0.119258530437946 6.38976383209229
-0.976377964019775 0.266896337270737 6.38976383209229
0.976377964019775 0.266896337270737 6.38976383209229
0 0 -1
0.976377964019775 0.266896337270737 6.38976383209229
0.976377964019775 0.119258530437946 6.38976383209229
-0.976377964019775 0.119258530437946 6.38976383209229
0 0 -1
0.976377964019775 0.119258530437946 6.38976383209229
0.976377964019775 0.266896337270737 6.38976383209229
0.976377964019775 0.266896337270737 3.59333992004395
-1 0 0
0.976377964019775 0.266896337270737 3.59333992004395
0.976377964019775 0.119258530437946 3.59333992004395
0.976377964019775 0.119258530437946 6.38976383209229
-1 0 0
0.976377964019775 0.119258530437946 3.59333992004395
0.976377964019775 0.266896337270737 3.59333992004395
-0.976377964019775 0.266896337270737 3.59333992004395
0 0 1
-0.976377964019775 0.266896337270737 3.59333992004395
-0.976377964019775 0.119258530437946 3.59333992004395
0.976377964019775 0.119258530437946 3.59333992004395
0 0 1
-0.976377964019775 0.119258530437946 3.59333992004395
-0.976377964019775 0.266896337270737 3.59333992004395
-0.976377964019775 0.266896337270737 6.38976383209229
1 0 0
-0.976377964019775 0.266896337270737 6.38976383209229
-0.976377964019775 0.119258530437946 6.38976383209229
-0.976377964019775 0.119258530437946 3.59333992004395
1 0 0
-0.976377964019775 0.119258530437946 2.96833992004395
-0.976377964019775 0.266896337270737 2.96833992004395
0.976377964019775 0.266896337270737 2.96833992004395
0 0 -1
0.976377964019775 0.266896337270737 2.96833992004395
0.976377964019775 0.119258530437946 2.96833992004395
-0.976377964019775 0.119258530437946 2.96833992004395
0 0 -1
0.976377964019775 0.119258530437946 2.96833992004395
0.976377964019775 0.266896337270737 2.96833992004395
0.976377964019775 0.266896337270737 0.833333313465118
-1 0 0
0.976377964019775 0.266896337270737 0.833333313465118
0.976377964019775 0.119258530437946 0.833333313465118
0.976377964019775 0.119258530437946 2.96833992004395
-1 0 0
0.976377964019775 0.119258530437946 0.833333313465118
0.976377964019775 0.266896337270737 0.833333313465118
-0.976377964019775 0.266896337270737 0.833333313465118
0 0 1
-0.976377964019775 0.266896337270737 0.833333313465118
-0.976377964019775 0.119258530437946 0.833333313465118
0.976377964019775 0.119258530437946 0.833333313465118
0 0 1
-0.976377964019775 0.119258530437946 0.833333313465118
-0.976377964019775 0.266896337270737 0.833333313465118
-0.976377964019775 0.266896337270737 2.96833992004395
1 0 0
-0.976377964019775 0.266896337270737 2.96833992004395
-0.976377964019775 0.119258530437946 2.96833992004395
-0.976377964019775 0.119258530437946 0.833333313465118
1 0 0
0.976377964019775 0.184875324368477 6.38976383209229
-0.976377964019775 0.184875324368477 6.38976383209229
-0.976377964019775 0.184875324368477 3.59333992004395
-3.22945807855174E-15 -1 0
-0.976377964019775 0.184875324368477 3.59333992004395
0.976377964019775 0.184875324368477 3.59333992004395
0.976377964019775 0.184875324368477 6.38976383209229
-3.22945807855174E-15 -1 0
0.976377964019775 0.184875324368477 2.96833992004395
-0.976377964019775 0.184875324368477 2.96833992004395
-0.976377964019775 0.184875324368477 0.833333313465118
-3.22945807855174E-15 -1 0
-0.976377964019775 0.184875324368477 0.833333313465118
0.976377964019775 0.184875324368477 0.833333313465118
0.976377964019775 0.184875324368477 2.96833992004395
-3.22945807855174E-15 -1 0
0.976377964019775 0.201279520988464 3.59333992004395
-0.976377964019775 0.201279520988464 3.59333992004395
-0.976377964019775 0.201279520988464 6.38976383209229
3.22945807855174E-15 1 0
-0.976377964019775 0.201279520988464 6.38976383209229
0.976377964019775 0.201279520988464 6.38976383209229
0.976377964019775 0.201279520988464 3.59333992004395
3.22945807855174E-15 1 0
0.976377964019775 0.201279520988464 0.833333313465118
-0.976377964019775 0.201279520988464 0.833333313465118
-0.976377964019775 0.201279520988464 2.96833992004395
3.22945807855174E-15 1 0
-0.976377964019775 0.201279520988464 2.96833992004395
0.976377964019775 0.201279520988464 2.96833992004395
0.976377964019775 0.201279520988464 0.833333313465118
3.22945807855174E-15 1 0
-0.976377964019775 0.184875324368477 6.38976383209229
-0.976377964019775 0.201279520988464 6.38976383209229
-0.976377964019775 0.201279520988464 3.59333992004395
-1 0 0
-0.976377964019775 0.201279520988464 3.59333992004395
-0.976377964019775 0.184875324368477 3.59333992004395
-0.976377964019775 0.184875324368477 6.38976383209229
-1 0 0
-0.976377964019775 0.184875324368477 3.59333992004395
-0.976377964019775 0.201279520988464 3.59333992004395
0.976377964019775 0.201279520988464 3.59333992004395
0 0 -1
0.976377964019775 0.201279520988464 3.59333992004395
0.976377964019775 0.184875324368477 3.59333992004395
-0.976377964019775 0.184875324368477 3.59333992004395
0 0 -1
0.976377964019775 0.184875324368477 3.59333992004395
0.976377964019775 0.201279520988464 3.59333992004395
0.976377964019775 0.201279520988464 6.38976383209229
1 0 0
0.976377964019775 0.201279520988464 6.38976383209229
0.976377964019775 0.184875324368477 6.38976383209229
0.976377964019775 0.184875324368477 3.59333992004395
1 0 0
0.976377964019775 0.184875324368477 6.38976383209229
0.976377964019775 0.201279520988464 6.38976383209229
-0.976377964019775 0.201279520988464 6.38976383209229
0 0 1
-0.976377964019775 0.201279520988464 6.38976383209229
-0.976377964019775 0.184875324368477 6.38976383209229
0.976377964019775 0.184875324368477 6.38976383209229
0 0 1
-0.976377964019775 0.184875324368477 2.96833992004395
-0.976377964019775 0.201279520988464 2.96833992004395
-0.976377964019775 0.201279520988464 0.833333313465118
-1 0 0
-0.976377964019775 0.201279520988464 0.833333313465118
-0.976377964019775 0.184875324368477 0.833333313465118
-0.976377964019775 0.184875324368477 2.96833992004395
-1 0 0
-0.976377964019775 0.184875324368477 0.833333313465118
-0.976377964019775 0.201279520988464 0.833333313465118
0.976377964019775 0.201279520988464 0.833333313465118
0 0 -1
0.976377964019775 0.201279520988464 0.833333313465118
0.976377964019775 0.184875324368477 0.833333313465118
-0.976377964019775 0.184875324368477 0.833333313465118
0 0 -1
0.976377964019775 0.184875324368477 0.833333313465118
0.976377964019775 0.201279520988464 0.833333313465118
0.976377964019775 0.201279520988464 2.96833992004395
1 0 0
0.976377964019775 0.201279520988464 2.96833992004395
0.976377964019775 0.184875324368477 2.96833992004395
0.976377964019775 0.184875324368477 0.833333313465118
1 0 0
0.976377964019775 0.184875324368477 2.96833992004395
0.976377964019775 0.201279520988464 2.96833992004395
-0.976377964019775 0.201279520988464 2.96833992004395
0 0 1
-0.976377964019775 0.201279520988464 2.96833992004395
-0.976377964019775 0.184875324368477 2.96833992004395
0.976377964019775 0.184875324368477 2.96833992004395
0 0 1
[HEADER]
422946,M_Door-Passage-Single-Two_Lite,6
344.597475957639 102.924310020559 -11.8110236220472
1
-1 3.43594923676699E-15 0
-3.43594923676699E-15 -1 0
0 0 1
[HEADER]
423003,M_Door-Passage-Single-Two_Lite,6
360.208146165674 93.4098743260534 -11.8110236220472
1
-1 3.36750920273384E-15 0
-3.36750920273384E-15 -1 0
0 0 1
[HEADER]
423078,M_Door-Passage-Double-Flush-Dbl_Acting 4,214
366.441741966199 93.4098743260534 -11.8110236220472
1
-1 3.36750920273384E-15 0
-3.36750920273384E-15 -1 0
0 0 1
2.95275592803955 0.184875324368477 8.88178419700125E-16
3.11679792404175 0.184875324368477 8.88178419700125E-16
3.11679792404175 -0.307250648736954 8.88178419700125E-16
0 0 -1
3.11679792404175 -0.307250648736954 8.88178419700125E-16
2.95275592803955 -0.307250648736954 8.88178419700125E-16
2.95275592803955 0.184875324368477 8.88178419700125E-16
0 0 -1
2.95275592803955 -0.307250648736954 0
2.95275592803955 -0.307250648736954 6.88976383209229
2.95275592803955 0.184875324368477 6.88976383209229
-1 0 -6.44563767439519E-17
2.95275592803955 0.184875324368477 6.88976383209229
2.95275592803955 0.184875324368477 0
2.95275592803955 -0.307250648736954 0
-1 0 -6.44563767439519E-17
-2.95275592803955 0.184875324368477 3.78139764942877E-24
-3.11679792404175 0.184875324368477 3.1511646421189E-24
-2.95275592803955 0.184875324368477 6.88976383209229
0 1 -8.05704709299398E-18
3.11679792404175 0.184875324368477 -1.26046569907538E-23
2.95275592803955 0.184875324368477 -1.32348898008484E-23
2.95275592803955 0.184875324368477 6.88976383209229
0 1 -8.05704709299398E-18
-2.95275592803955 0.184875324368477 6.88976383209229
-3.11679792404175 0.184875324368477 7.21784782409668
2.95275592803955 0.184875324368477 6.88976383209229
0 1 -8.05704709299398E-18
-3.11679792404175 0.184875324368477 7.21784782409668
-2.95275592803955 0.184875324368477 6.88976383209229
-3.11679792404175 0.184875324368477 3.1511646421189E-24
0 1 -8.05704709299398E-18
2.95275592803955 0.184875324368477 6.88976383209229
3.11679792404175 0.184875324368477 7.21784782409668
3.11679792404175 0.184875324368477 -1.26046569907538E-23
0 1 -8.05704709299398E-18
3.11679792404175 0.184875324368477 7.21784782409668
2.95275592803955 0.184875324368477 6.88976383209229
-3.11679792404175 0.184875324368477 7.21784782409668
0 1 -8.05704709299398E-18
3.11679792404175 0.184875324368477 0
3.11679792404175 0.184875324368477 7.21784782409668
3.11679792404175 -0.307250648736954 7.21784782409668
1 0 0
3.11679792404175 -0.307250648736954 7.21784782409668
3.11679792404175 -0.307250648736954 0
3.11679792404175 0.184875324368477 0
1 0 0
2.95275592803955 -0.307250648736954 -1.32348898008484E-23
3.11679792404175 -0.307250648736954 0
2.95275592803955 -0.307250648736954 6.88976383209229
0 -1 0
-3.11679792404175 -0.307250648736954 0
-2.95275592803955 -0.307250648736954 1.32348898008484E-23
-2.95275592803955 -0.307250648736954 6.88976383209229
0 -1 0
2.95275592803955 -0.307250648736954 6.88976383209229
3.11679792404175 -0.307250648736954 7.21784782409668
-2.95275592803955 -0.307250648736954 6.88976383209229
0 -1 0
3.11679792404175 -0.307250648736954 7.21784782409668
2.95275592803955 -0.307250648736954 6.88976383209229
3.11679792404175 -0.307250648736954 0
0 -1 0
-2.95275592803955 -0.307250648736954 6.88976383209229
-3.11679792404175 -0.307250648736954 7.21784782409668
-3.11679792404175 -0.307250648736954 0
0 -1 0
-3.11679792404175 -0.307250648736954 7.21784782409668
-2.95275592803955 -0.307250648736954 6.88976383209229
3.11679792404175 -0.307250648736954 7.21784782409668
0 -1 0
2.95275592803955 -0.307250648736954 6.88976383209229
-2.95275592803955 -0.307250648736954 6.88976383209229
-2.95275592803955 0.184875324368477 6.88976383209229
0 0 -1
-2.95275592803955 0.184875324368477 6.88976383209229
2.95275592803955 0.184875324368477 6.88976383209229
2.95275592803955 -0.307250648736954 6.88976383209229
0 0 -1
-2.95275592803955 0.184875324368477 0
-2.95275592803955 -0.307250648736954 0
-3.11679792404175 -0.307250648736954 0
0 0 -1
-3.11679792404175 -0.307250648736954 0
-3.11679792404175 0.184875324368477 0
-2.95275592803955 0.184875324368477 0
0 0 -1
-2.95275592803955 0.184875324368477 6.88976383209229
-2.95275592803955 -0.307250648736954 6.88976383209229
-2.95275592803955 -0.307250648736954 0
1 0 0
-2.95275592803955 -0.307250648736954 0
-2.95275592803955 0.184875324368477 0
-2.95275592803955 0.184875324368477 6.88976383209229
1 0 0
-3.11679792404175 0.184875324368477 0
-3.11679792404175 -0.307250648736954 0
-3.11679792404175 -0.307250648736954 7.21784782409668
-1 0 0
-3.11679792404175 -0.307250648736954 7.21784782409668
-3.11679792404175 0.184875324368477 7.21784782409668
-3.11679792404175 0.184875324368477 0
-1 0 0
3.11679792404175 0.184875324368477 7.21784782409668
-3.11679792404175 0.184875324368477 7.21784782409668
-3.11679792404175 -0.307250648736954 7.21784782409668
0 0 1
-3.11679792404175 -0.307250648736954 7.21784782409668
3.11679792404175 -0.307250648736954 7.21784782409668
3.11679792404175 0.184875324368477 7.21784782409668
0 0 1
2.95275592803955 0.0372375324368477 6.88976383209229
0.00520833348855376 0.0372375324368477 6.88976383209229
2.95275592803955 0.0372375324368477 -3.28626015289046E-14
0 -1 0
0.00520833348855376 0.0372375324368477 -3.28626015289046E-14
2.95275592803955 0.0372375324368477 -3.28626015289046E-14
0.00520833348855376 0.0372375324368477 6.88976383209229
0 -1 0
-0.00520833348855376 0.0372375324368477 6.88976383209229
-2.95275592803955 0.0372375324368477 6.88976383209229
-0.00520833348855376 0.0372375324368477 -3.19744231092045E-14
0 -1 0
-2.95275592803955 0.0372375324368477 -3.19744231092045E-14
-0.00520833348855376 0.0372375324368477 -3.19744231092045E-14
-2.95275592803955 0.0372375324368477 6.88976383209229
0 -1 0
2.95275592803955 0.184875324368477 -3.28626015289046E-14
0.00520833348855376 0.184875324368477 -3.28626015289046E-14
0.00520833348855376 0.184875324368477 6.88976383209229
0 1 0
0.00520833348855376 0.184875324368477 6.88976383209229
2.95275592803955 0.184875324368477 6.88976383209229
2.95275592803955 0.184875324368477 -3.28626015289046E-14
0 1 0
-0.00520833348855376 0.184875324368477 -3.28626015289046E-14
-2.95275592803955 0.184875324368477 -3.19744231092045E-14
-0.00520833348855376 0.184875324368477 6.88976383209229
0 1 0
-2.95275592803955 0.184875324368477 6.88976383209229
-0.00520833348855376 0.184875324368477 6.88976383209229
-2.95275592803955 0.184875324368477 -3.19744231092045E-14
0 1 0
0.00520833348855376 0.0372375324368477 6.88976383209229
0.00520833348855376 0.184875324368477 6.88976383209229
0.00520833348855376 0.184875324368477 -3.28626015289046E-14
-1 0 4.40619762898106E-18
0.00520833348855376 0.184875324368477 -3.28626015289046E-14
0.00520833348855376 0.0372375324368477 -3.28626015289046E-14
0.00520833348855376 0.0372375324368477 6.88976383209229
-1 0 4.40619762898106E-18
0.00520833348855376 0.0372375324368477 -3.28626015289046E-14
0.00520833348855376 0.184875324368477 -3.28626015289046E-14
2.95275592803955 0.184875324368477 -3.24185123190546E-14
1.50663966899725E-16 0 -1
2.95275592803955 0.184875324368477 -3.24185123190546E-14
2.95275592803955 0.0372375324368477 -3.24185123190546E-14
0.00520833348855376 0.0372375324368477 -3.28626015289046E-14
1.50663966899725E-16 0 -1
2.95275592803955 0.0372375324368477 -3.28626015289046E-14
2.95275592803955 0.184875324368477 -3.28626015289046E-14
2.95275592803955 0.184875324368477 6.88976383209229
1 0 0
2.95275592803955 0.184875324368477 6.88976383209229
2.95275592803955 0.0372375324368477 6.88976383209229
2.95275592803955 0.0372375324368477 -3.28626015289046E-14
1 0 0
2.95275592803955 0.0372375324368477 6.88976383209229
2.95275592803955 0.184875324368477 6.88976383209229
0.00520833348855376 0.184875324368477 6.88976383209229
-3.0132793379945E-16 0 1
0.00520833348855376 0.184875324368477 6.88976383209229
0.00520833348855376 0.0372375324368477 6.88976383209229
2.95275592803955 0.0372375324368477 6.88976383209229
-3.0132793379945E-16 0 1
-0.00520833348855376 0.0372375324368477 -3.19744231092045E-14
-0.00520833348855376 0.184875324368477 -3.28626015289046E-14
-0.00520833348855376 0.184875324368477 6.88976383209229
1 0 1.35962669694273E-17
-0.00520833348855376 0.184875324368477 6.88976383209229
-0.00520833348855376 0.0372375324368477 6.88976383209229
-0.00520833348855376 0.0372375324368477 -3.19744231092045E-14
1 0 1.35962669694273E-17
-0.00520833348855376 0.0372375324368477 6.88976383209229
-0.00520833348855376 0.184875324368477 6.88976383209229
-2.95275592803955 0.184875324368477 6.88976383209229
0 0 1
-2.95275592803955 0.184875324368477 6.88976383209229
-2.95275592803955 0.0372375324368477 6.88976383209229
-0.00520833348855376 0.0372375324368477 6.88976383209229
0 0 1
-2.95275592803955 0.0372375324368477 6.88976383209229
-2.95275592803955 0.184875324368477 6.88976383209229
-2.95275592803955 0.184875324368477 -3.19744231092045E-14
-1 0 0
-2.95275592803955 0.184875324368477 -3.19744231092045E-14
-2.95275592803955 0.0372375324368477 -3.19744231092045E-14
-2.95275592803955 0.0372375324368477 6.88976383209229
-1 0 0
-2.95275592803955 0.0372375324368477 -3.19744231092045E-14
-2.95275592803955 0.184875324368477 -3.19744231092045E-14
-0.00520833348855376 0.184875324368477 -3.24185123190546E-14
-1.50663966899725E-16 0 -1
-0.00520833348855376 0.184875324368477 -3.24185123190546E-14
-0.00520833348855376 0.0372375324368477 -3.24185123190546E-14
-2.95275592803955 0.0372375324368477 -3.19744231092045E-14
-1.50663966899725E-16 0 -1
[HEADER]
423119,M_Door-Passage-Double-Flush-Dbl_Acting 2,6
391.882804674225 103.784874326054 -11.8110236220472
1
1 -3.29110731268877E-15 0
3.29110731268877E-15 1 0
0 0 1
[HEADER]
423697,1500 x 2100mm,342
385.737509681701 151.45990713342 -11.8110236220472
1
2.97439898176386E-15 1 0
-1 2.97439898176386E-15 0
0 0 1
0.497375339269638 0.0372375324368477 -3.28626015289046E-14
2.46062994003296 0.0372375324368477 -3.28626015289046E-14
2.46062994003296 0.0372375324368477 6.88976383209229
0 -1 0
2.46062994003296 0.0372375324368477 6.88976383209229
0.497375339269638 0.0372375324368477 6.88976383209229
0.497375339269638 0.0372375324368477 -3.28626015289046E-14
0 -1 0
2.46062994003296 0.184875324368477 6.88976383209229
2.46062994003296 0.184875324368477 -3.28626015289046E-14
0.497375339269638 0.184875324368477 -3.28626015289046E-14
0 1 0
0.497375339269638 0.184875324368477 -3.28626015289046E-14
0.497375339269638 0.184875324368477 6.88976383209229
2.46062994003296 0.184875324368477 6.88976383209229
0 1 0
0.497375339269638 0.0372375324368477 6.88976383209229
0.497375339269638 0.184875324368477 6.88976383209229
0.497375339269638 0.184875324368477 -3.28626015289046E-14
-1 0 1.61140941859879E-17
0.497375339269638 0.184875324368477 -3.28626015289046E-14
0.497375339269638 0.0372375324368477 -3.28626015289046E-14
0.497375339269638 0.0372375324368477 6.88976383209229
-1 0 1.61140941859879E-17
0.497375339269638 0.0372375324368477 -3.28626015289046E-14
0.497375339269638 0.184875324368477 -3.28626015289046E-14
2.46062994003296 0.184875324368477 -3.24185123190546E-14
2.26200519990474E-16 0 -1
2.46062994003296 0.184875324368477 -3.24185123190546E-14
2.46062994003296 0.0372375324368477 -3.24185123190546E-14
0.497375339269638 0.0372375324368477 -3.28626015289046E-14
2.26200519990474E-16 0 -1
2.46062994003296 0.0372375324368477 -3.28626015289046E-14
2.46062994003296 0.184875324368477 -3.28626015289046E-14
2.46062994003296 0.184875324368477 6.88976383209229
1 0 0
2.46062994003296 0.184875324368477 6.88976383209229
2.46062994003296 0.0372375324368477 6.88976383209229
2.46062994003296 0.0372375324368477 -3.28626015289046E-14
1 0 0
2.46062994003296 0.0372375324368477 6.88976383209229
2.46062994003296 0.184875324368477 6.88976383209229
0.497375339269638 0.184875324368477 6.88976383209229
-4.52401039980948E-16 0 1
0.497375339269638 0.184875324368477 6.88976383209229
0.497375339269638 0.0372375324368477 6.88976383209229
2.46062994003296 0.0372375324368477 6.88976383209229
-4.52401039980948E-16 0 1
2.62467193603516 -0.307250648736954 0
2.46062994003296 0.0216125324368477 0
2.62467193603516 0.184875324368477 0
0 0 -1
2.46062994003296 0.184875324368477 0
2.62467193603516 0.184875324368477 0
2.46062994003296 0.0216125324368477 0
0 0 -1
2.46062994003296 0.0216125324368477 0
2.46062994003296 -0.145792320370674 0
2.40854668617249 0.0216125324368477 0
0 0 -1
2.46062994003296 0.0216125324368477 0
2.62467193603516 -0.307250648736954 0
2.46062994003296 -0.145792320370674 0
0 0 -1
2.46062994003296 -0.307250648736954 0
2.46062994003296 -0.145792320370674 0
2.62467193603516 -0.307250648736954 0
0 0 -1
2.40854668617249 0.0216125324368477 0
2.46062994003296 -0.145792320370674 0
2.40854668617249 -0.145792320370674 0
0 0 -1
2.46062994003296 0.0216125324368477 0
2.46062994003296 0.0216125324368477 6.88976383209229
2.46062994003296 0.184875324368477 6.88976383209229
-1 0 0
2.46062994003296 0.184875324368477 6.88976383209229
2.46062994003296 0.184875324368477 0
2.46062994003296 0.0216125324368477 0
-1 0 0
-2.46062994003296 0.184875324368477 -2.64697796016969E-23
-2.62467193603516 0.184875324368477 1.32348898008484E-23
-2.46062994003296 0.184875324368477 6.88976383209229
0 1 -8.05704709299399E-18
2.62467193603516 0.184875324368477 0
2.46062994003296 0.184875324368477 1.32348898008484E-23
2.46062994003296 0.184875324368477 6.88976383209229
0 1 -8.05704709299399E-18
-2.46062994003296 0.184875324368477 6.88976383209229
-2.62467193603516 0.184875324368477 7.21784782409668
2.46062994003296 0.184875324368477 6.88976383209229
0 1 -8.05704709299399E-18
-2.62467193603516 0.184875324368477 7.21784782409668
-2.46062994003296 0.184875324368477 6.88976383209229
-2.62467193603516 0.184875324368477 1.32348898008484E-23
0 1 -8.05704709299399E-18
2.46062994003296 0.184875324368477 6.88976383209229
2.62467193603516 0.184875324368477 7.21784782409668
2.62467193603516 0.184875324368477 0
0 1 -8.05704709299399E-18
2.62467193603516 0.184875324368477 7.21784782409668
2.46062994003296 0.184875324368477 6.88976383209229
-2.62467193603516 0.184875324368477 7.21784782409668
0 1 -8.05704709299399E-18
2.62467193603516 0.184875324368477 0
2.62467193603516 0.184875324368477 7.21784782409668
2.62467193603516 -0.307250648736954 7.21784782409668
1 0 0
2.62467193603516 -0.307250648736954 7.21784782409668
2.62467193603516 -0.307250648736954 0
2.62467193603516 0.184875324368477 0
1 0 0
2.46062994003296 -0.307250648736954 0
2.62467193603516 -0.307250648736954 -1.32348898008484E-23
2.46062994003296 -0.307250648736954 6.88976383209229
0 -1 7.86967390478482E-18
-2.62467193603516 -0.307250648736954 -1.32348898008484E-23
-2.46062994003296 -0.307250648736954 0
-2.46062994003296 -0.307250648736954 6.88976383209229
0 -1 7.86967390478482E-18
2.46062994003296 -0.307250648736954 6.88976383209229
2.62467193603516 -0.307250648736954 7.21784782409668
-2.46062994003296 -0.307250648736954 6.88976383209229
0 -1 7.86967390478482E-18
2.62467193603516 -0.307250648736954 7.21784782409668
2.46062994003296 -0.307250648736954 6.88976383209229
2.62467193603516 -0.307250648736954 -1.32348898008484E-23
0 -1 7.86967390478482E-18
-2.46062994003296 -0.307250648736954 6.88976383209229
-2.62467193603516 -0.307250648736954 7.21784782409668
-2.62467193603516 -0.307250648736954 -1.32348898008484E-23
0 -1 7.86967390478482E-18
-2.62467193603516 -0.307250648736954 7.21784782409668
-2.46062994003296 -0.307250648736954 6.88976383209229
2.62467193603516 -0.307250648736954 7.21784782409668
0 -1 7.86967390478482E-18
2.46062994003296 -0.307250648736954 0
2.46062994003296 -0.307250648736954 6.88976383209229
2.46062994003296 -0.145792320370674 6.88976383209229
-1 0 0
2.46062994003296 -0.145792320370674 6.88976383209229
2.46062994003296 -0.145792320370674 0
2.46062994003296 -0.307250648736954 0
-1 0 0
2.40854668617249 -0.145792320370674 -1.32348898008484E-23
2.46062994003296 -0.145792320370674 1.32348898008484E-23
2.40854668617249 -0.145792320370674 6.83768033981323
0 -1 -1.6114094185988E-17
-2.46062994003296 -0.145792320370674 0
-2.40854668617249 -0.145792320370674 -1.32348898008484E-23
-2.40854668617249 -0.145792320370674 6.83768033981323
0 -1 -1.6114094185988E-17
2.40854668617249 -0.145792320370674 6.83768033981323
2.46062994003296 -0.145792320370674 6.88976383209229
-2.40854668617249 -0.145792320370674 6.83768033981323
0 -1 -1.6114094185988E-17
2.46062994003296 -0.145792320370674 6.88976383209229
2.40854668617249 -0.145792320370674 6.83768033981323
2.46062994003296 -0.145792320370674 1.32348898008484E-23
0 -1 -1.6114094185988E-17
-2.40854668617249 -0.145792320370674 6.83768033981323
-2.46062994003296 -0.145792320370674 6.88976383209229
-2.46062994003296 -0.145792320370674 0
0 -1 -1.6114094185988E-17
-2.46062994003296 -0.145792320370674 6.88976383209229
-2.40854668617249 -0.145792320370674 6.83768033981323
2.46062994003296 -0.145792320370674 6.88976383209229
0 -1 -1.6114094185988E-17
2.40854668617249 -0.145792320370674 0
2.40854668617249 -0.145792320370674 6.83768033981323
2.40854668617249 0.0216125324368477 6.83768033981323
-1 0 0
2.40854668617249 0.0216125324368477 6.83768033981323
2.40854668617249 0.0216125324368477 0
2.40854668617249 -0.145792320370674 0
-1 0 0
-2.40854668617249 0.0216125324368477 0
-2.46062994003296 0.0216125324368477 -1.32348898008484E-23
-2.40854668617249 0.0216125324368477 6.83768033981323
0 1 -8.11841847071906E-18
2.46062994003296 0.0216125324368477 -1.32348898008484E-23
2.40854668617249 0.0216125324368477 0
2.40854668617249 0.0216125324368477 6.83768033981323
0 1 -8.11841847071906E-18
-2.40854668617249 0.0216125324368477 6.83768033981323
-2.46062994003296 0.0216125324368477 6.88976383209229
2.40854668617249 0.0216125324368477 6.83768033981323
0 1 -8.11841847071906E-18
-2.46062994003296 0.0216125324368477 6.88976383209229
-2.40854668617249 0.0216125324368477 6.83768033981323
-2.46062994003296 0.0216125324368477 -1.32348898008484E-23
0 1 -8.11841847071906E-18
2.40854668617249 0.0216125324368477 6.83768033981323
2.46062994003296 0.0216125324368477 6.88976383209229
2.46062994003296 0.0216125324368477 -1.32348898008484E-23
0 1 -8.11841847071906E-18
2.46062994003296 0.0216125324368477 6.88976383209229
2.40854668617249 0.0216125324368477 6.83768033981323
-2.46062994003296 0.0216125324368477 6.88976383209229
0 1 -8.11841847071906E-18
2.46062994003296 0.0216125324368477 6.88976383209229
-2.46062994003296 0.0216125324368477 6.88976383209229
-2.46062994003296 0.184875324368477 6.88976383209229
0 0 -1
-2.46062994003296 0.184875324368477 6.88976383209229
2.46062994003296 0.184875324368477 6.88976383209229
2.46062994003296 0.0216125324368477 6.88976383209229
0 0 -1
-2.46062994003296 -0.307250648736954 6.88976383209229
-2.46062994003296 -0.145792320370674 6.88976383209229
2.46062994003296 -0.145792320370674 6.88976383209229
0 0 -1
2.46062994003296 -0.145792320370674 6.88976383209229
2.46062994003296 -0.307250648736954 6.88976383209229
-2.46062994003296 -0.307250648736954 6.88976383209229
0 0 -1
-2.40854668617249 -0.145792320370674 6.83768033981323
-2.40854668617249 0.0216125324368477 6.83768033981323
2.40854668617249 0.0216125324368477 6.83768033981323
0 0 -1
2.40854668617249 0.0216125324368477 6.83768033981323
2.40854668617249 -0.145792320370674 6.83768033981323
-2.40854668617249 -0.145792320370674 6.83768033981323
0 0 -1
-2.62467193603516 0.184875324368477 0
-2.46062994003296 0.0216125324368477 0
-2.62467193603516 -0.307250648736954 0
0 0 -1
-2.46062994003296 0.0216125324368477 0
-2.62467193603516 0.184875324368477 0
-2.46062994003296 0.184875324368477 0
0 0 -1
-2.40854668617249 0.0216125324368477 0
-2.46062994003296 -0.145792320370674 0
-2.46062994003296 0.0216125324368477 0
0 0 -1
-2.46062994003296 -0.145792320370674 0
-2.62467193603516 -0.307250648736954 0
-2.46062994003296 0.0216125324368477 0
0 0 -1
-2.62467193603516 -0.307250648736954 0
-2.46062994003296 -0.145792320370674 0
-2.46062994003296 -0.307250648736954 0
0 0 -1
-2.40854668617249 -0.145792320370674 0
-2.46062994003296 -0.145792320370674 0
-2.40854668617249 0.0216125324368477 0
0 0 -1
-2.46062994003296 0.184875324368477 6.88976383209229
-2.46062994003296 0.0216125324368477 6.88976383209229
-2.46062994003296 0.0216125324368477 0
1 0 0
-2.46062994003296 0.0216125324368477 0
-2.46062994003296 0.184875324368477 0
-2.46062994003296 0.184875324368477 6.88976383209229
1 0 0
-2.62467193603516 0.184875324368477 0
-2.62467193603516 -0.307250648736954 0
-2.62467193603516 -0.307250648736954 7.21784782409668
-1 0 0
-2.62467193603516 -0.307250648736954 7.21784782409668
-2.62467193603516 0.184875324368477 7.21784782409668
-2.62467193603516 0.184875324368477 0
-1 0 0
-2.46062994003296 -0.307250648736954 0
-2.46062994003296 -0.145792320370674 0
-2.46062994003296 -0.145792320370674 6.88976383209229
1 0 0
-2.46062994003296 -0.145792320370674 6.88976383209229
-2.46062994003296 -0.307250648736954 6.88976383209229
-2.46062994003296 -0.307250648736954 0
1 0 0
-2.40854668617249 -0.145792320370674 0
-2.40854668617249 0.0216125324368477 0
-2.40854668617249 0.0216125324368477 6.83768033981323
1 0 0
-2.40854668617249 0.0216125324368477 6.83768033981323
-2.40854668617249 -0.145792320370674 6.83768033981323
-2.40854668617249 -0.145792320370674 0
1 0 0
2.62467193603516 0.184875324368477 7.21784782409668
-2.62467193603516 0.184875324368477 7.21784782409668
-2.62467193603516 -0.307250648736954 7.21784782409668
0 0 1
-2.62467193603516 -0.307250648736954 7.21784782409668
2.62467193603516 -0.307250648736954 7.21784782409668
2.62467193603516 0.184875324368477 7.21784782409668
0 0 1
-2.46062994003296 0.0372375324368477 -3.28626015289046E-14
0.486876636743546 0.0372375324368477 -3.28626015289046E-14
0.486876636743546 0.0372375324368477 6.88976383209229
0 -1 0
0.486876636743546 0.0372375324368477 6.88976383209229
-2.46062994003296 0.0372375324368477 6.88976383209229
-2.46062994003296 0.0372375324368477 -3.28626015289046E-14
0 -1 0
0.486876636743546 0.184875324368477 6.88976383209229
0.486876636743546 0.184875324368477 -3.28626015289046E-14
-2.46062994003296 0.184875324368477 -3.28626015289046E-14
0 1 0
-2.46062994003296 0.184875324368477 -3.28626015289046E-14
-2.46062994003296 0.184875324368477 6.88976383209229
0.486876636743546 0.184875324368477 6.88976383209229
0 1 0
-2.46062994003296 0.0372375324368477 6.88976383209229
-2.46062994003296 0.184875324368477 6.88976383209229
-2.46062994003296 0.184875324368477 -3.28626015289046E-14
-1 0 0
-2.46062994003296 0.184875324368477 -3.28626015289046E-14
-2.46062994003296 0.0372375324368477 -3.28626015289046E-14
-2.46062994003296 0.0372375324368477 6.88976383209229
-1 0 0
-2.46062994003296 0.0372375324368477 -3.28626015289046E-14
-2.46062994003296 0.184875324368477 -3.28626015289046E-14
0.486876636743546 0.184875324368477 -3.24185123190546E-14
1.50666063181544E-16 0 -1
0.486876636743546 0.184875324368477 -3.24185123190546E-14
0.486876636743546 0.0372375324368477 -3.24185123190546E-14
-2.46062994003296 0.0372375324368477 -3.28626015289046E-14
1.50666063181544E-16 0 -1
0.486876636743546 0.0372375324368477 -3.28626015289046E-14
0.486876636743546 0.184875324368477 -3.28626015289046E-14
0.486876636743546 0.184875324368477 6.88976383209229
1 0 0
0.486876636743546 0.184875324368477 6.88976383209229
0.486876636743546 0.0372375324368477 6.88976383209229
0.486876636743546 0.0372375324368477 -3.28626015289046E-14
1 0 0
0.486876636743546 0.0372375324368477 6.88976383209229
0.486876636743546 0.184875324368477 6.88976383209229
-2.46062994003296 0.184875324368477 6.88976383209229
-3.01332126363087E-16 0 1
-2.46062994003296 0.184875324368477 6.88976383209229
-2.46062994003296 0.0372375324368477 6.88976383209229
0.486876636743546 0.0372375324368477 6.88976383209229
-3.01332126363087E-16 0 1
[LEVEL]
3F BIMS plan
[HEADER]
432944,0762 x 2032mm,278
269.98504905178 125.852951753876 24.9343832020997
1
1.23140540642406E-15 1 0
-1 1.23140540642406E-15 0
0 0 1
-1.49934387207031 0.410104990005493 6.91601037979126
-1.25 0.410104990005493 6.66666650772095
-1.49934387207031 0.410104990005493 0
-1.86407339295249E-15 1 0
-1.25 0.410104990005493 6.66666650772095
-1.49934387207031 0.410104990005493 6.91601037979126
1.25 0.410104990005493 6.66666650772095
-1.86407339295249E-15 1 0
-1.25 0.410104990005493 0
-1.49934387207031 0.410104990005493 0
-1.25 0.410104990005493 6.66666650772095
-1.86407339295249E-15 1 0
1.25 0.410104990005493 6.66666650772095
1.49934387207031 0.410104990005493 6.91601037979126
1.49934387207031 0.410104990005493 0
-1.86407339295249E-15 1 0
1.49934387207031 0.410104990005493 6.91601037979126
1.25 0.410104990005493 6.66666650772095
-1.49934387207031 0.410104990005493 6.91601037979126
-1.86407339295249E-15 1 0
1.49934387207031 0.410104990005493 0
1.25 0.410104990005493 0
1.25 0.410104990005493 6.66666650772095
-1.86407339295249E-15 1 0
1.49934387207031 0.328083992004395 6.91601037979126
1.25 0.328083992004395 6.66666650772095
1.49934387207031 0.328083992004395 0
1.86407339295249E-15 -1 0
1.25 0.328083992004395 6.66666650772095
1.49934387207031 0.328083992004395 6.91601037979126
-1.25 0.328083992004395 6.66666650772095
1.86407339295249E-15 -1 0
1.25 0.328083992004395 0
1.49934387207031 0.328083992004395 0
1.25 0.328083992004395 6.66666650772095
1.86407339295249E-15 -1 0
-1.25 0.328083992004395 6.66666650772095
-1.49934387207031 0.328083992004395 6.91601037979126
-1.49934387207031 0.328083992004395 0
1.86407339295249E-15 -1 0
-1.49934387207031 0.328083992004395 6.91601037979126
-1.25 0.328083992004395 6.66666650772095
1.49934387207031 0.328083992004395 6.91601037979126
1.86407339295249E-15 -1 0
-1.49934387207031 0.328083992004395 0
-1.25 0.328083992004395 0
-1.25 0.328083992004395 6.66666650772095
1.86407339295249E-15 -1 0
-1.49934387207031 0.410104990005493 6.91601037979126
-1.49934387207031 0.328083992004395 6.91601037979126
1.49934387207031 0.328083992004395 6.91601037979126
0 0 1
1.49934387207031 0.328083992004395 6.91601037979126
1.49934387207031 0.410104990005493 6.91601037979126
-1.49934387207031 0.410104990005493 6.91601037979126
0 0 1
1.49934387207031 0.410104990005493 6.91601037979126
1.49934387207031 0.328083992004395 6.91601037979126
1.49934387207031 0.328083992004395 0
1 2.70716782324658E-15 0
1.49934387207031 0.328083992004395 0
1.49934387207031 0.410104990005493 0
1.49934387207031 0.410104990005493 6.91601037979126
1 2.70716782324658E-15 0
1.49934387207031 0.410104990005493 0
1.49934387207031 0.328083992004395 0
1.25 0.328083992004395 0
0 0 -1
1.25 0.328083992004395 0
1.25 0.410104990005493 0
1.49934387207031 0.410104990005493 0
0 0 -1
1.25 0.410104990005493 0
1.25 0.328083992004395 0
1.25 0.328083992004395 6.66666650772095
-1 -2.70716782324658E-15 0
1.25 0.328083992004395 6.66666650772095
1.25 0.410104990005493 6.66666650772095
1.25 0.410104990005493 0
-1 -2.70716782324658E-15 0
1.25 0.410104990005493 6.66666650772095
1.25 0.328083992004395 6.66666650772095
-1.25 0.328083992004395 6.66666650772095
0 0 -1
-1.25 0.328083992004395 6.66666650772095
-1.25 0.410104990005493 6.66666650772095
1.25 0.410104990005493 6.66666650772095
0 0 -1
-1.25 0.410104990005493 6.66666650772095
-1.25 0.328083992004395 6.66666650772095
-1.25 0.328083992004395 0
1 2.70716782324658E-15 0
-1.25 0.328083992004395 0
-1.25 0.410104990005493 0
-1.25 0.410104990005493 6.66666650772095
1 2.70716782324658E-15 0
-1.25 0.410104990005493 0
-1.25 0.328083992004395 0
-1.49934387207031 0.328083992004395 0
0 0 -1
-1.49934387207031 0.328083992004395 0
-1.49934387207031 0.410104990005493 0
-1.25 0.410104990005493 0
0 0 -1
-1.49934387207031 0.410104990005493 0
-1.49934387207031 0.328083992004395 0
-1.49934387207031 0.328083992004395 6.91601037979126
-1 -2.70716782324658E-15 0
-1.49934387207031 0.328083992004395 6.91601037979126
-1.49934387207031 0.410104990005493 6.91601037979126
-1.49934387207031 0.410104990005493 0
-1 -2.70716782324658E-15 0
1.49934387207031 -0.410104990005493 6.91601037979126
1.25 -0.410104990005493 6.66666650772095
1.49934387207031 -0.410104990005493 0
1.86407339295249E-15 -1 0
1.25 -0.410104990005493 6.66666650772095
1.49934387207031 -0.410104990005493 6.91601037979126
-1.25 -0.410104990005493 6.66666650772095
1.86407339295249E-15 -1 0
1.25 -0.410104990005493 0
1.49934387207031 -0.410104990005493 0
1.25 -0.410104990005493 6.66666650772095
1.86407339295249E-15 -1 0
-1.25 -0.410104990005493 6.66666650772095
-1.49934387207031 -0.410104990005493 6.91601037979126
-1.49934387207031 -0.410104990005493 0
1.86407339295249E-15 -1 0
-1.49934387207031 -0.410104990005493 6.91601037979126
-1.25 -0.410104990005493 6.66666650772095
1.49934387207031 -0.410104990005493 6.91601037979126
1.86407339295249E-15 -1 0
-1.49934387207031 -0.410104990005493 0
-1.25 -0.410104990005493 0
-1.25 -0.410104990005493 6.66666650772095
1.86407339295249E-15 -1 0
-1.49934387207031 -0.328083992004395 6.91601037979126
-1.25 -0.328083992004395 6.66666650772095
-1.49934387207031 -0.328083992004395 0
-1.86407339295249E-15 1 0
-1.25 -0.328083992004395 6.66666650772095
-1.49934387207031 -0.328083992004395 6.91601037979126
1.25 -0.328083992004395 6.66666650772095
-1.86407339295249E-15 1 0
-1.25 -0.328083992004395 0
-1.49934387207031 -0.328083992004395 0
-1.25 -0.328083992004395 6.66666650772095
-1.86407339295249E-15 1 0
1.25 -0.328083992004395 6.66666650772095
1.49934387207031 -0.328083992004395 6.91601037979126
1.49934387207031 -0.328083992004395 0
-1.86407339295249E-15 1 0
1.49934387207031 -0.328083992004395 6.91601037979126
1.25 -0.328083992004395 6.66666650772095
-1.49934387207031 -0.328083992004395 6.91601037979126
-1.86407339295249E-15 1 0
1.49934387207031 -0.328083992004395 0
1.25 -0.328083992004395 0
1.25 -0.328083992004395 6.66666650772095
-1.86407339295249E-15 1 0
1.49934387207031 -0.410104990005493 6.91601037979126
1.49934387207031 -0.328083992004395 6.91601037979126
-1.49934387207031 -0.328083992004395 6.91601037979126
0 0 1
-1.49934387207031 -0.328083992004395 6.91601037979126
-1.49934387207031 -0.410104990005493 6.91601037979126
1.49934387207031 -0.410104990005493 6.91601037979126
0 0 1
-1.49934387207031 -0.410104990005493 6.91601037979126
-1.49934387207031 -0.328083992004395 6.91601037979126
-1.49934387207031 -0.328083992004395 0
-1 -2.70716782324538E-15 0
-1.49934387207031 -0.328083992004395 0
-1.49934387207031 -0.410104990005493 0
-1.49934387207031 -0.410104990005493 6.91601037979126
-1 -2.70716782324538E-15 0
-1.49934387207031 -0.410104990005493 0
-1.49934387207031 -0.328083992004395 0
-1.25 -0.328083992004395 0
0 0 -1
-1.25 -0.328083992004395 0
-1.25 -0.410104990005493 0
-1.49934387207031 -0.410104990005493 0
0 0 -1
-1.25 -0.410104990005493 0
-1.25 -0.328083992004395 0
-1.25 -0.328083992004395 6.66666650772095
1 2.70716782324538E-15 0
-1.25 -0.328083992004395 6.66666650772095
-1.25 -0.410104990005493 6.66666650772095
-1.25 -0.410104990005493 0
1 2.70716782324538E-15 0
-1.25 -0.410104990005493 6.66666650772095
-1.25 -0.328083992004395 6.66666650772095
1.25 -0.328083992004395 6.66666650772095
0 0 -1
1.25 -0.328083992004395 6.66666650772095
1.25 -0.410104990005493 6.66666650772095
-1.25 -0.410104990005493 6.66666650772095
0 0 -1
1.25 -0.410104990005493 6.66666650772095
1.25 -0.328083992004395 6.66666650772095
1.25 -0.328083992004395 0
-1 -2.70716782324538E-15 0
1.25 -0.328083992004395 0
1.25 -0.410104990005493 0
1.25 -0.410104990005493 6.66666650772095
-1 -2.70716782324538E-15 0
1.25 -0.410104990005493 0
1.25 -0.328083992004395 0
1.49934387207031 -0.328083992004395 0
0 0 -1
1.49934387207031 -0.328083992004395 0
1.49934387207031 -0.410104990005493 0
1.25 -0.410104990005493 0
0 0 -1
1.49934387207031 -0.410104990005493 0
1.49934387207031 -0.328083992004395 0
1.49934387207031 -0.328083992004395 6.91601037979126
1 2.70716782324538E-15 0
1.49934387207031 -0.328083992004395 6.91601037979126
1.49934387207031 -0.410104990005493 6.91601037979126
1.49934387207031 -0.410104990005493 0
1 2.70716782324538E-15 0
-1.25 0.160761147737503 6.66666650772095
-1.25 0.160761147737503 0
1.25 0.160761147737503 0
0 -1 0
1.25 0.160761147737503 0
1.25 0.160761147737503 6.66666650772095
-1.25 0.160761147737503 6.66666650772095
0 -1 0
1.25 0.328083992004395 0
-1.25 0.328083992004395 0
-1.25 0.328083992004395 6.66666650772095
0 1 0
-1.25 0.328083992004395 6.66666650772095
1.25 0.328083992004395 6.66666650772095
1.25 0.328083992004395 0
0 1 0
1.25 0.160761147737503 6.66666650772095
1.25 0.328083992004395 6.66666650772095
-1.25 0.328083992004395 6.66666650772095
0 0 1
-1.25 0.328083992004395 6.66666650772095
-1.25 0.160761147737503 6.66666650772095
1.25 0.160761147737503 6.66666650772095
0 0 1
-1.25 0.160761147737503 6.66666650772095
-1.25 0.328083992004395 6.66666650772095
-1.25 0.328083992004395 0
-1 0 0
-1.25 0.328083992004395 0
-1.25 0.160761147737503 0
-1.25 0.160761147737503 6.66666650772095
-1 0 0
-1.25 0.160761147737503 0
-1.25 0.328083992004395 0
1.25 0.328083992004395 0
0 0 -1
1.25 0.328083992004395 0
1.25 0.160761147737503 0
-1.25 0.160761147737503 0
0 0 -1
1.25 0.160761147737503 0
1.25 0.328083992004395 0
1.25 0.328083992004395 6.66666650772095
1 0 0
1.25 0.328083992004395 6.66666650772095
1.25 0.160761147737503 6.66666650772095
1.25 0.160761147737503 0
1 0 0
[HEADER]
449120,M_Door-Passage-Single-One_Lite,422
272.609720967791 114.349178787996 24.9343832020997
1
-1 3.06954461848363E-15 0
-3.06954461848363E-15 -1 0
0 0 1
1.64041996002197 -0.184875324368477 1.77635683940025E-15
1.47637796401978 -0.0216125324368477 1.77635683940025E-15
1.64041996002197 0.307250648736954 1.77635683940025E-15
0 0 -1
1.47637796401978 -0.0216125324368477 1.77635683940025E-15
1.64041996002197 -0.184875324368477 1.77635683940025E-15
1.47637796401978 -0.184875324368477 1.77635683940025E-15
0 0 -1
1.42429459095001 -0.0216125324368477 1.77635683940025E-15
1.47637796401978 0.145792320370674 1.77635683940025E-15
1.47637796401978 -0.0216125324368477 1.77635683940025E-15
0 0 -1
1.47637796401978 0.145792320370674 1.77635683940025E-15
1.64041996002197 0.307250648736954 1.77635683940025E-15
1.47637796401978 -0.0216125324368477 1.77635683940025E-15
0 0 -1
1.64041996002197 0.307250648736954 1.77635683940025E-15
1.47637796401978 0.145792320370674 1.77635683940025E-15
1.47637796401978 0.307250648736954 1.77635683940025E-15
0 0 -1
1.42429459095001 0.145792320370674 1.77635683940025E-15
1.47637796401978 0.145792320370674 1.77635683940025E-15
1.42429459095001 -0.0216125324368477 1.77635683940025E-15
0 0 -1
1.47637796401978 -0.184875324368477 6.88976383209229
1.47637796401978 -0.0216125324368477 6.88976383209229
1.47637796401978 -0.0216125324368477 0
-1 0 0
1.47637796401978 -0.0216125324368477 0
1.47637796401978 -0.184875324368477 0
1.47637796401978 -0.184875324368477 6.88976383209229
-1 0 0
-1.47637796401978 -0.184875324368477 6.88976383209229
-1.64041996002197 -0.184875324368477 1.32348898008484E-23
-1.47637796401978 -0.184875324368477 1.32348898008484E-23
0 -1 -8.05704709299398E-18
1.47637796401978 -0.184875324368477 6.88976383209229
1.47637796401978 -0.184875324368477 1.32348898008484E-23
1.64041996002197 -0.184875324368477 0
0 -1 -8.05704709299398E-18
1.47637796401978 -0.184875324368477 6.88976383209229
-1.64041996002197 -0.184875324368477 7.21784782409668
-1.47637796401978 -0.184875324368477 6.88976383209229
0 -1 -8.05704709299398E-18
-1.64041996002197 -0.184875324368477 1.32348898008484E-23
-1.47637796401978 -0.184875324368477 6.88976383209229
-1.64041996002197 -0.184875324368477 7.21784782409668
0 -1 -8.05704709299398E-18
1.64041996002197 -0.184875324368477 0
1.64041996002197 -0.184875324368477 7.21784782409668
1.47637796401978 -0.184875324368477 6.88976383209229
0 -1 -8.05704709299398E-18
-1.64041996002197 -0.184875324368477 7.21784782409668
1.47637796401978 -0.184875324368477 6.88976383209229
1.64041996002197 -0.184875324368477 7.21784782409668
0 -1 -8.05704709299398E-18
1.64041996002197 0.307250648736954 7.21784782409668
1.64041996002197 -0.184875324368477 7.21784782409668
1.64041996002197 -0.184875324368477 0
1 0 3.14786956191393E-17
1.64041996002197 -0.184875324368477 0
1.64041996002197 0.307250648736954 0
1.64041996002197 0.307250648736954 7.21784782409668
1 0 3.14786956191393E-17
1.47637796401978 0.307250648736954 6.88976383209229
1.64041996002197 0.307250648736954 1.32348898008484E-23
1.47637796401978 0.307250648736954 2.46230507005482E-24
0 1 1.57393478095696E-17
-1.47637796401978 0.307250648736954 6.88976383209229
-1.47637796401978 0.307250648736954 -6.15576247792181E-24
-1.64041996002197 0.307250648736954 -3.693457407867E-24
0 1 1.57393478095696E-17
-1.47637796401978 0.307250648736954 6.88976383209229
1.64041996002197 0.307250648736954 7.21784782409668
1.47637796401978 0.307250648736954 6.88976383209229
0 1 1.57393478095696E-17
1.64041996002197 0.307250648736954 1.32348898008484E-23
1.47637796401978 0.307250648736954 6.88976383209229
1.64041996002197 0.307250648736954 7.21784782409668
0 1 1.57393478095696E-17
-1.64041996002197 0.307250648736954 -3.693457407867E-24
-1.64041996002197 0.307250648736954 7.21784782409668
-1.47637796401978 0.307250648736954 6.88976383209229
0 1 1.57393478095696E-17
1.64041996002197 0.307250648736954 7.21784782409668
-1.47637796401978 0.307250648736954 6.88976383209229
-1.64041996002197 0.307250648736954 7.21784782409668
0 1 1.57393478095696E-17
1.47637796401978 0.145792320370674 6.88976383209229
1.47637796401978 0.307250648736954 6.88976383209229
1.47637796401978 0.307250648736954 0
-1 0 0
1.47637796401978 0.307250648736954 0
1.47637796401978 0.145792320370674 0
1.47637796401978 0.145792320370674 6.88976383209229
-1 0 0
1.42429459095001 0.145792320370674 6.83768033981323
1.47637796401978 0.145792320370674 0
1.42429459095001 0.145792320370674 0
0 1 4.02852354649699E-18
-1.42429459095001 0.145792320370674 6.83768033981323
-1.42429459095001 0.145792320370674 -1.32348898008484E-23
-1.47637796401978 0.145792320370674 1.32348898008484E-23
0 1 4.02852354649699E-18
-1.42429459095001 0.145792320370674 6.83768033981323
1.47637796401978 0.145792320370674 6.88976383209229
1.42429459095001 0.145792320370674 6.83768033981323
0 1 4.02852354649699E-18
1.47637796401978 0.145792320370674 0
1.42429459095001 0.145792320370674 6.83768033981323
1.47637796401978 0.145792320370674 6.88976383209229
0 1 4.02852354649699E-18
-1.47637796401978 0.145792320370674 1.32348898008484E-23
-1.47637796401978 0.145792320370674 6.88976383209229
-1.42429459095001 0.145792320370674 6.83768033981323
0 1 4.02852354649699E-18
1.47637796401978 0.145792320370674 6.88976383209229
-1.42429459095001 0.145792320370674 6.83768033981323
-1.47637796401978 0.145792320370674 6.88976383209229
0 1 4.02852354649699E-18
1.42429459095001 -0.0216125324368477 6.83768033981323
1.42429459095001 0.145792320370674 6.83768033981323
1.42429459095001 0.145792320370674 0
-1 0 0
1.42429459095001 0.145792320370674 0
1.42429459095001 -0.0216125324368477 0
1.42429459095001 -0.0216125324368477 6.83768033981323
-1 0 0
-1.42429459095001 -0.0216125324368477 6.83768033981323
-1.47637796401978 -0.0216125324368477 0
-1.42429459095001 -0.0216125324368477 0
0 -1 0
1.42429459095001 -0.0216125324368477 6.83768033981323
1.42429459095001 -0.0216125324368477 -1.32348898008484E-23
1.47637796401978 -0.0216125324368477 0
0 -1 0
1.42429459095001 -0.0216125324368477 6.83768033981323
-1.47637796401978 -0.0216125324368477 6.88976383209229
-1.42429459095001 -0.0216125324368477 6.83768033981323
0 -1 0
-1.47637796401978 -0.0216125324368477 0
-1.42429459095001 -0.0216125324368477 6.83768033981323
-1.47637796401978 -0.0216125324368477 6.88976383209229
0 -1 0
1.47637796401978 -0.0216125324368477 0
1.47637796401978 -0.0216125324368477 6.88976383209229
1.42429459095001 -0.0216125324368477 6.83768033981323
0 -1 0
-1.47637796401978 -0.0216125324368477 6.88976383209229
1.42429459095001 -0.0216125324368477 6.83768033981323
1.47637796401978 -0.0216125324368477 6.88976383209229
0 -1 0
-1.47637796401978 -0.184875324368477 6.88976383209229
-1.47637796401978 -0.0216125324368477 6.88976383209229
1.47637796401978 -0.0216125324368477 6.88976383209229
0 0 -1
1.47637796401978 -0.0216125324368477 6.88976383209229
1.47637796401978 -0.184875324368477 6.88976383209229
-1.47637796401978 -0.184875324368477 6.88976383209229
0 0 -1
1.47637796401978 0.145792320370674 6.88976383209229
-1.47637796401978 0.145792320370674 6.88976383209229
-1.47637796401978 0.307250648736954 6.88976383209229
0 0 -1
-1.47637796401978 0.307250648736954 6.88976383209229
1.47637796401978 0.307250648736954 6.88976383209229
1.47637796401978 0.145792320370674 6.88976383209229
0 0 -1
1.42429459095001 -0.0216125324368477 6.83768033981323
-1.42429459095001 -0.0216125324368477 6.83768033981323
-1.42429459095001 0.145792320370674 6.83768033981323
0 0 -1
-1.42429459095001 0.145792320370674 6.83768033981323
1.42429459095001 0.145792320370674 6.83768033981323
1.42429459095001 -0.0216125324368477 6.83768033981323
0 0 -1
-1.64041996002197 0.307250648736954 0
-1.47637796401978 -0.0216125324368477 0
-1.64041996002197 -0.184875324368477 0
0 0 -1
-1.47637796401978 -0.184875324368477 0
-1.64041996002197 -0.184875324368477 0
-1.47637796401978 -0.0216125324368477 0
0 0 -1
-1.47637796401978 -0.0216125324368477 0
-1.47637796401978 0.145792320370674 0
-1.42429459095001 -0.0216125324368477 0
0 0 -1
-1.47637796401978 -0.0216125324368477 0
-1.64041996002197 0.307250648736954 0
-1.47637796401978 0.145792320370674 0
0 0 -1
-1.47637796401978 0.307250648736954 0
-1.47637796401978 0.145792320370674 0
-1.64041996002197 0.307250648736954 0
0 0 -1
-1.42429459095001 -0.0216125324368477 0
-1.47637796401978 0.145792320370674 0
-1.42429459095001 0.145792320370674 0
0 0 -1
-1.47637796401978 -0.0216125324368477 0
-1.47637796401978 -0.0216125324368477 6.88976383209229
-1.47637796401978 -0.184875324368477 6.88976383209229
1 0 -3.22281883719759E-17
-1.47637796401978 -0.184875324368477 6.88976383209229
-1.47637796401978 -0.184875324368477 0
-1.47637796401978 -0.0216125324368477 0
1 0 -3.22281883719759E-17
-1.64041996002197 0.307250648736954 7.21784782409668
-1.64041996002197 0.307250648736954 0
-1.64041996002197 -0.184875324368477 0
-1 0 -3.14786956191393E-17
-1.64041996002197 -0.184875324368477 0
-1.64041996002197 -0.184875324368477 7.21784782409668
-1.64041996002197 0.307250648736954 7.21784782409668
-1 0 -3.14786956191393E-17
-1.47637796401978 0.145792320370674 6.88976383209229
-1.47637796401978 0.145792320370674 0
-1.47637796401978 0.307250648736954 0
1 0 -3.22281883719759E-17
-1.47637796401978 0.307250648736954 0
-1.47637796401978 0.307250648736954 6.88976383209229
-1.47637796401978 0.145792320370674 6.88976383209229
1 0 -3.22281883719759E-17
-1.42429459095001 -0.0216125324368477 6.83768033981323
-1.42429459095001 -0.0216125324368477 0
-1.42429459095001 0.145792320370674 0
1 0 -3.24736738828763E-17
-1.42429459095001 0.145792320370674 0
-1.42429459095001 0.145792320370674 6.83768033981323
-1.42429459095001 -0.0216125324368477 6.83768033981323
1 0 -3.24736738828763E-17
-1.64041996002197 0.307250648736954 7.21784782409668
-1.64041996002197 -0.184875324368477 7.21784782409668
1.64041996002197 -0.184875324368477 7.21784782409668
0 0 1
1.64041996002197 -0.184875324368477 7.21784782409668
1.64041996002197 0.307250648736954 7.21784782409668
-1.64041996002197 0.307250648736954 7.21784782409668
0 0 1
0.976377964019775 -0.0372375324368477 6.38976383209229
-0.976377964019775 -0.0372375324368477 6.38976383209229
-1.47637796401978 -0.0372375324368477 6.88976383209229
0 1 0
-0.976377964019775 -0.0372375324368477 3.59333992004395
-1.47637796401978 -0.0372375324368477 6.88976383209229
-0.976377964019775 -0.0372375324368477 6.38976383209229
0 1 0
0.976377964019775 -0.0372375324368477 3.59333992004395
0.976377964019775 -0.0372375324368477 6.38976383209229
1.47637796401978 -0.0372375324368477 6.88976383209229
0 1 0
-1.47637796401978 -0.0372375324368477 6.88976383209229
1.47637796401978 -0.0372375324368477 6.88976383209229
0.976377964019775 -0.0372375324368477 6.38976383209229
0 1 0
1.47637796401978 -0.0372375324368477 -3.19744231092045E-14
-1.47637796401978 -0.0372375324368477 -3.19744231092045E-14
-0.976377964019775 -0.0372375324368477 3.59333992004395
0 1 0
-1.47637796401978 -0.0372375324368477 6.88976383209229
-0.976377964019775 -0.0372375324368477 3.59333992004395
-1.47637796401978 -0.0372375324368477 -3.19744231092045E-14
0 1 0
1.47637796401978 -0.0372375324368477 6.88976383209229
1.47637796401978 -0.0372375324368477 -3.19744231092045E-14
0.976377964019775 -0.0372375324368477 3.59333992004395
0 1 0
-0.976377964019775 -0.0372375324368477 3.59333992004395
0.976377964019775 -0.0372375324368477 3.59333992004395
1.47637796401978 -0.0372375324368477 -3.19744231092045E-14
0 1 0
1.47637796401978 -0.184875324368477 -3.19744231092045E-14
-0.976377964019775 -0.184875324368477 3.59333992004395
-1.47637796401978 -0.184875324368477 -3.19744231092045E-14
0 -1 0
-1.47637796401978 -0.184875324368477 6.88976383209229
-1.47637796401978 -0.184875324368477 -3.19744231092045E-14
-0.976377964019775 -0.184875324368477 3.59333992004395
0 -1 0
1.47637796401978 -0.184875324368477 6.88976383209229
0.976377964019775 -0.184875324368477 3.59333992004395
1.47637796401978 -0.184875324368477 -3.19744231092045E-14
0 -1 0
-0.976377964019775 -0.184875324368477 3.59333992004395
1.47637796401978 -0.184875324368477 -3.19744231092045E-14
0.976377964019775 -0.184875324368477 3.59333992004395
0 -1 0
0.976377964019775 -0.184875324368477 6.38976383209229
-1.47637796401978 -0.184875324368477 6.88976383209229
-0.976377964019775 -0.184875324368477 6.38976383209229
0 -1 0
-0.976377964019775 -0.184875324368477 3.59333992004395
-0.976377964019775 -0.184875324368477 6.38976383209229
-1.47637796401978 -0.184875324368477 6.88976383209229
0 -1 0
0.976377964019775 -0.184875324368477 3.59333992004395
1.47637796401978 -0.184875324368477 6.88976383209229
0.976377964019775 -0.184875324368477 6.38976383209229
0 -1 0
-1.47637796401978 -0.184875324368477 6.88976383209229
0.976377964019775 -0.184875324368477 6.38976383209229
1.47637796401978 -0.184875324368477 6.88976383209229
0 -1 0
-1.47637796401978 -0.184875324368477 -3.19744231092045E-14
-1.47637796401978 -0.184875324368477 6.88976383209229
-1.47637796401978 -0.0372375324368477 6.88976383209229
-1 0 0
-1.47637796401978 -0.0372375324368477 6.88976383209229
-1.47637796401978 -0.0372375324368477 -3.19744231092045E-14
-1.47637796401978 -0.184875324368477 -3.19744231092045E-14
-1 0 0
1.47637796401978 -0.184875324368477 -3.24185123190546E-14
-1.47637796401978 -0.184875324368477 -3.19744231092045E-14
-1.47637796401978 -0.0372375324368477 -3.19744231092045E-14
-1.50398212402555E-16 0 -1
-1.47637796401978 -0.0372375324368477 -3.19744231092045E-14
1.47637796401978 -0.0372375324368477 -3.24185123190546E-14
1.47637796401978 -0.184875324368477 -3.24185123190546E-14
-1.50398212402555E-16 0 -1
1.47637796401978 -0.184875324368477 6.88976383209229
1.47637796401978 -0.184875324368477 -3.19744231092045E-14
1.47637796401978 -0.0372375324368477 -3.19744231092045E-14
1 0 0
1.47637796401978 -0.0372375324368477 -3.19744231092045E-14
1.47637796401978 -0.0372375324368477 6.88976383209229
1.47637796401978 -0.184875324368477 6.88976383209229
1 0 0
-1.47637796401978 -0.184875324368477 6.88976383209229
1.47637796401978 -0.184875324368477 6.88976383209229
1.47637796401978 -0.0372375324368477 6.88976383209229
0 0 1
1.47637796401978 -0.0372375324368477 6.88976383209229
-1.47637796401978 -0.0372375324368477 6.88976383209229
-1.47637796401978 -0.184875324368477 6.88976383209229
0 0 1
0.976377964019775 -0.184875324368477 6.38976383209229
-0.976377964019775 -0.184875324368477 6.38976383209229
-0.976377964019775 -0.0372375324368477 6.38976383209229
0 0 -1
-0.976377964019775 -0.0372375324368477 6.38976383209229
0.976377964019775 -0.0372375324368477 6.38976383209229
0.976377964019775 -0.184875324368477 6.38976383209229
0 0 -1
0.976377964019775 -0.184875324368477 3.59333992004395
0.976377964019775 -0.184875324368477 6.38976383209229
0.976377964019775 -0.0372375324368477 6.38976383209229
-1 0 3.97015284690264E-17
0.976377964019775 -0.0372375324368477 6.38976383209229
0.976377964019775 -0.0372375324368477 3.59333992004395
0.976377964019775 -0.184875324368477 3.59333992004395
-1 0 3.97015284690264E-17
-0.976377964019775 -0.184875324368477 3.59333992004395
0.976377964019775 -0.184875324368477 3.59333992004395
0.976377964019775 -0.0372375324368477 3.59333992004395
0 0 1
0.976377964019775 -0.0372375324368477 3.59333992004395
-0.976377964019775 -0.0372375324368477 3.59333992004395
-0.976377964019775 -0.184875324368477 3.59333992004395
0 0 1
-0.976377964019775 -0.184875324368477 6.38976383209229
-0.976377964019775 -0.184875324368477 3.59333992004395
-0.976377964019775 -0.0372375324368477 3.59333992004395
1 0 -3.97015284690264E-17
-0.976377964019775 -0.0372375324368477 3.59333992004395
-0.976377964019775 -0.0372375324368477 6.38976383209229
-0.976377964019775 -0.184875324368477 6.38976383209229
1 0 -3.97015284690264E-17
0.976377964019775 -0.102854333817959 6.38976383209229
0.976377964019775 -0.102854333817959 3.59333992004395
-0.976377964019775 -0.102854333817959 3.59333992004395
-3.23580545851068E-15 1 0
-0.976377964019775 -0.102854333817959 3.59333992004395
-0.976377964019775 -0.102854333817959 6.38976383209229
0.976377964019775 -0.102854333817959 6.38976383209229
-3.23580545851068E-15 1 0
-0.976377964019775 -0.119258530437946 3.59333992004395
0.976377964019775 -0.119258530437946 3.59333992004395
0.976377964019775 -0.119258530437946 6.38976383209229
3.23580545851068E-15 -1 0
0.976377964019775 -0.119258530437946 6.38976383209229
-0.976377964019775 -0.119258530437946 6.38976383209229
-0.976377964019775 -0.119258530437946 3.59333992004395
3.23580545851068E-15 -1 0
-0.976377964019775 -0.119258530437946 3.59333992004395
-0.976377964019775 -0.119258530437946 6.38976383209229
-0.976377964019775 -0.102854333817959 6.38976383209229
-1 0 3.97015284690264E-17
-0.976377964019775 -0.102854333817959 6.38976383209229
-0.976377964019775 -0.102854333817959 3.59333992004395
-0.976377964019775 -0.119258530437946 3.59333992004395
-1 0 3.97015284690264E-17
0.976377964019775 -0.119258530437946 3.59333992004395
-0.976377964019775 -0.119258530437946 3.59333992004395
-0.976377964019775 -0.102854333817959 3.59333992004395
0 0 -1
-0.976377964019775 -0.102854333817959 3.59333992004395
0.976377964019775 -0.102854333817959 3.59333992004395
0.976377964019775 -0.119258530437946 3.59333992004395
0 0 -1
0.976377964019775 -0.119258530437946 6.38976383209229
0.976377964019775 -0.119258530437946 3.59333992004395
0.976377964019775 -0.102854333817959 3.59333992004395
1 0 -3.97015284690264E-17
0.976377964019775 -0.102854333817959 3.59333992004395
0.976377964019775 -0.102854333817959 6.38976383209229
0.976377964019775 -0.119258530437946 6.38976383209229
1 0 -3.97015284690264E-17
-0.976377964019775 -0.119258530437946 6.38976383209229
0.976377964019775 -0.119258530437946 6.38976383209229
0.976377964019775 -0.102854333817959 6.38976383209229
0 0 1
0.976377964019775 -0.102854333817959 6.38976383209229
-0.976377964019775 -0.102854333817959 6.38976383209229
-0.976377964019775 -0.119258530437946 6.38976383209229
0 0 1
[HEADER]
449198,M_Door-Passage-Double-Flush-Dbl_Acting,214
297.564937503224 110.104920257813 24.9343832020997
1
1.20360361714304E-15 1 0
-1 1.20360361714304E-15 0
0 0 1
2.95275592803955 0.184875324368477 8.88178419700125E-16
3.11679792404175 0.184875324368477 8.88178419700125E-16
3.11679792404175 -0.307250648736954 8.88178419700125E-16
0 0 -1
3.11679792404175 -0.307250648736954 8.88178419700125E-16
2.95275592803955 -0.307250648736954 8.88178419700125E-16
2.95275592803955 0.184875324368477 8.88178419700125E-16
0 0 -1
2.95275592803955 -0.307250648736954 0
2.95275592803955 -0.307250648736954 6.88976383209229
2.95275592803955 0.184875324368477 6.88976383209229
-1 0 -6.44563767439519E-17
2.95275592803955 0.184875324368477 6.88976383209229
2.95275592803955 0.184875324368477 0
2.95275592803955 -0.307250648736954 0
-1 0 -6.44563767439519E-17
-2.95275592803955 0.184875324368477 3.78139764942877E-24
-3.11679792404175 0.184875324368477 3.1511646421189E-24
-2.95275592803955 0.184875324368477 6.88976383209229
0 1 -8.05704709299398E-18
3.11679792404175 0.184875324368477 -1.26046569907538E-23
2.95275592803955 0.184875324368477 -1.32348898008484E-23
2.95275592803955 0.184875324368477 6.88976383209229
0 1 -8.05704709299398E-18
-2.95275592803955 0.184875324368477 6.88976383209229
-3.11679792404175 0.184875324368477 7.21784782409668
2.95275592803955 0.184875324368477 6.88976383209229
0 1 -8.05704709299398E-18
-3.11679792404175 0.184875324368477 7.21784782409668
-2.95275592803955 0.184875324368477 6.88976383209229
-3.11679792404175 0.184875324368477 3.1511646421189E-24
0 1 -8.05704709299398E-18
2.95275592803955 0.184875324368477 6.88976383209229
3.11679792404175 0.184875324368477 7.21784782409668
3.11679792404175 0.184875324368477 -1.26046569907538E-23
0 1 -8.05704709299398E-18
3.11679792404175 0.184875324368477 7.21784782409668
2.95275592803955 0.184875324368477 6.88976383209229
-3.11679792404175 0.184875324368477 7.21784782409668
0 1 -8.05704709299398E-18
3.11679792404175 0.184875324368477 0
3.11679792404175 0.184875324368477 7.21784782409668
3.11679792404175 -0.307250648736954 7.21784782409668
1 0 0
3.11679792404175 -0.307250648736954 7.21784782409668
3.11679792404175 -0.307250648736954 0
3.11679792404175 0.184875324368477 0
1 0 0
2.95275592803955 -0.307250648736954 -1.32348898008484E-23
3.11679792404175 -0.307250648736954 0
2.95275592803955 -0.307250648736954 6.88976383209229
0 -1 0
-3.11679792404175 -0.307250648736954 0
-2.95275592803955 -0.307250648736954 1.32348898008484E-23
-2.95275592803955 -0.307250648736954 6.88976383209229
0 -1 0
2.95275592803955 -0.307250648736954 6.88976383209229
3.11679792404175 -0.307250648736954 7.21784782409668
-2.95275592803955 -0.307250648736954 6.88976383209229
0 -1 0
3.11679792404175 -0.307250648736954 7.21784782409668
2.95275592803955 -0.307250648736954 6.88976383209229
3.11679792404175 -0.307250648736954 0
0 -1 0
-2.95275592803955 -0.307250648736954 6.88976383209229
-3.11679792404175 -0.307250648736954 7.21784782409668
-3.11679792404175 -0.307250648736954 0
0 -1 0
-3.11679792404175 -0.307250648736954 7.21784782409668
-2.95275592803955 -0.307250648736954 6.88976383209229
3.11679792404175 -0.307250648736954 7.21784782409668
0 -1 0
2.95275592803955 -0.307250648736954 6.88976383209229
-2.95275592803955 -0.307250648736954 6.88976383209229
-2.95275592803955 0.184875324368477 6.88976383209229
0 0 -1
-2.95275592803955 0.184875324368477 6.88976383209229
2.95275592803955 0.184875324368477 6.88976383209229
2.95275592803955 -0.307250648736954 6.88976383209229
0 0 -1
-2.95275592803955 0.184875324368477 0
-2.95275592803955 -0.307250648736954 0
-3.11679792404175 -0.307250648736954 0
0 0 -1
-3.11679792404175 -0.307250648736954 0
-3.11679792404175 0.184875324368477 0
-2.95275592803955 0.184875324368477 0
0 0 -1
-2.95275592803955 0.184875324368477 6.88976383209229
-2.95275592803955 -0.307250648736954 6.88976383209229
-2.95275592803955 -0.307250648736954 0
1 0 0
-2.95275592803955 -0.307250648736954 0
-2.95275592803955 0.184875324368477 0
-2.95275592803955 0.184875324368477 6.88976383209229
1 0 0
-3.11679792404175 0.184875324368477 0
-3.11679792404175 -0.307250648736954 0
-3.11679792404175 -0.307250648736954 7.21784782409668
-1 0 0
-3.11679792404175 -0.307250648736954 7.21784782409668
-3.11679792404175 0.184875324368477 7.21784782409668
-3.11679792404175 0.184875324368477 0
-1 0 0
3.11679792404175 0.184875324368477 7.21784782409668
-3.11679792404175 0.184875324368477 7.21784782409668
-3.11679792404175 -0.307250648736954 7.21784782409668
0 0 1
-3.11679792404175 -0.307250648736954 7.21784782409668
3.11679792404175 -0.307250648736954 7.21784782409668
3.11679792404175 0.184875324368477 7.21784782409668
0 0 1
2.95275592803955 0.0372375324368477 6.88976383209229
0.00520833348855376 0.0372375324368477 6.88976383209229
2.95275592803955 0.0372375324368477 -3.28626015289046E-14
0 -1 0
0.00520833348855376 0.0372375324368477 -3.28626015289046E-14
2.95275592803955 0.0372375324368477 -3.28626015289046E-14
0.00520833348855376 0.0372375324368477 6.88976383209229
0 -1 0
-0.00520833348855376 0.0372375324368477 6.88976383209229
-2.95275592803955 0.0372375324368477 6.88976383209229
-0.00520833348855376 0.0372375324368477 -3.19744231092045E-14
0 -1 0
-2.95275592803955 0.0372375324368477 -3.19744231092045E-14
-0.00520833348855376 0.0372375324368477 -3.19744231092045E-14
-2.95275592803955 0.0372375324368477 6.88976383209229
0 -1 0
2.95275592803955 0.184875324368477 -3.28626015289046E-14
0.00520833348855376 0.184875324368477 -3.28626015289046E-14
0.00520833348855376 0.184875324368477 6.88976383209229
0 1 0
0.00520833348855376 0.184875324368477 6.88976383209229
2.95275592803955 0.184875324368477 6.88976383209229
2.95275592803955 0.184875324368477 -3.28626015289046E-14
0 1 0
-0.00520833348855376 0.184875324368477 -3.28626015289046E-14
-2.95275592803955 0.184875324368477 -3.19744231092045E-14
-0.00520833348855376 0.184875324368477 6.88976383209229
0 1 0
-2.95275592803955 0.184875324368477 6.88976383209229
-0.00520833348855376 0.184875324368477 6.88976383209229
-2.95275592803955 0.184875324368477 -3.19744231092045E-14
0 1 0
0.00520833348855376 0.0372375324368477 6.88976383209229
0.00520833348855376 0.184875324368477 6.88976383209229
0.00520833348855376 0.184875324368477 -3.28626015289046E-14
-1 0 4.40619762898106E-18
0.00520833348855376 0.184875324368477 -3.28626015289046E-14
0.00520833348855376 0.0372375324368477 -3.28626015289046E-14
0.00520833348855376 0.0372375324368477 6.88976383209229
-1 0 4.40619762898106E-18
0.00520833348855376 0.0372375324368477 -3.28626015289046E-14
0.00520833348855376 0.184875324368477 -3.28626015289046E-14
2.95275592803955 0.184875324368477 -3.24185123190546E-14
1.50663966899725E-16 0 -1
2.95275592803955 0.184875324368477 -3.24185123190546E-14
2.95275592803955 0.0372375324368477 -3.24185123190546E-14
0.00520833348855376 0.0372375324368477 -3.28626015289046E-14
1.50663966899725E-16 0 -1
2.95275592803955 0.0372375324368477 -3.28626015289046E-14
2.95275592803955 0.184875324368477 -3.28626015289046E-14
2.95275592803955 0.184875324368477 6.88976383209229
1 0 0
2.95275592803955 0.184875324368477 6.88976383209229
2.95275592803955 0.0372375324368477 6.88976383209229
2.95275592803955 0.0372375324368477 -3.28626015289046E-14
1 0 0
2.95275592803955 0.0372375324368477 6.88976383209229
2.95275592803955 0.184875324368477 6.88976383209229
0.00520833348855376 0.184875324368477 6.88976383209229
-3.0132793379945E-16 0 1
0.00520833348855376 0.184875324368477 6.88976383209229
0.00520833348855376 0.0372375324368477 6.88976383209229
2.95275592803955 0.0372375324368477 6.88976383209229
-3.0132793379945E-16 0 1
-0.00520833348855376 0.0372375324368477 -3.19744231092045E-14
-0.00520833348855376 0.184875324368477 -3.28626015289046E-14
-0.00520833348855376 0.184875324368477 6.88976383209229
1 0 1.35962669694273E-17
-0.00520833348855376 0.184875324368477 6.88976383209229
-0.00520833348855376 0.0372375324368477 6.88976383209229
-0.00520833348855376 0.0372375324368477 -3.19744231092045E-14
1 0 1.35962669694273E-17
-0.00520833348855376 0.0372375324368477 6.88976383209229
-0.00520833348855376 0.184875324368477 6.88976383209229
-2.95275592803955 0.184875324368477 6.88976383209229
0 0 1
-2.95275592803955 0.184875324368477 6.88976383209229
-2.95275592803955 0.0372375324368477 6.88976383209229
-0.00520833348855376 0.0372375324368477 6.88976383209229
0 0 1
-2.95275592803955 0.0372375324368477 6.88976383209229
-2.95275592803955 0.184875324368477 6.88976383209229
-2.95275592803955 0.184875324368477 -3.19744231092045E-14
-1 0 0
-2.95275592803955 0.184875324368477 -3.19744231092045E-14
-2.95275592803955 0.0372375324368477 -3.19744231092045E-14
-2.95275592803955 0.0372375324368477 6.88976383209229
-1 0 0
-2.95275592803955 0.0372375324368477 -3.19744231092045E-14
-2.95275592803955 0.184875324368477 -3.19744231092045E-14
-0.00520833348855376 0.184875324368477 -3.24185123190546E-14
-1.50663966899725E-16 0 -1
-0.00520833348855376 0.184875324368477 -3.24185123190546E-14
-0.00520833348855376 0.0372375324368477 -3.24185123190546E-14
-2.95275592803955 0.0372375324368477 -3.19744231092045E-14
-1.50663966899725E-16 0 -1
[HEADER]
449242,M_Door-Passage-Single-Flush,294
297.564937503224 116.666600047839 24.9343832020997
1
-1.20360361714304E-15 -1 0
1 -1.20360361714304E-15 0
0 0 1
1.64041996002197 -0.184875324368477 -8.88178419700125E-16
1.47637796401978 -0.0216125324368477 -8.88178419700125E-16
1.64041996002197 0.307250648736954 -8.88178419700125E-16
0 0 -1
1.47637796401978 -0.0216125324368477 -8.88178419700125E-16
1.64041996002197 -0.184875324368477 -8.88178419700125E-16
1.47637796401978 -0.184875324368477 -8.88178419700125E-16
0 0 -1
1.42429459095001 -0.0216125324368477 -8.88178419700125E-16
1.47637796401978 0.145792320370674 -8.88178419700125E-16
1.47637796401978 -0.0216125324368477 -8.88178419700125E-16
0 0 -1
1.47637796401978 0.145792320370674 -8.88178419700125E-16
1.64041996002197 0.307250648736954 -8.88178419700125E-16
1.47637796401978 -0.0216125324368477 -8.88178419700125E-16
0 0 -1
1.64041996002197 0.307250648736954 -8.88178419700125E-16
1.47637796401978 0.145792320370674 -8.88178419700125E-16
1.47637796401978 0.307250648736954 -8.88178419700125E-16
0 0 -1
1.42429459095001 0.145792320370674 -8.88178419700125E-16
1.47637796401978 0.145792320370674 -8.88178419700125E-16
1.42429459095001 -0.0216125324368477 -8.88178419700125E-16
0 0 -1
1.47637796401978 -0.184875324368477 6.88976383209229
1.47637796401978 -0.0216125324368477 6.88976383209229
1.47637796401978 -0.0216125324368477 0
-1 0 0
1.47637796401978 -0.0216125324368477 0
1.47637796401978 -0.184875324368477 0
1.47637796401978 -0.184875324368477 6.88976383209229
-1 0 0
-1.47637796401978 -0.184875324368477 6.88976383209229
-1.64041996002197 -0.184875324368477 0
-1.47637796401978 -0.184875324368477 1.32348898008484E-23
0 -1 8.05704709299398E-18
1.47637796401978 -0.184875324368477 6.88976383209229
1.47637796401978 -0.184875324368477 0
1.64041996002197 -0.184875324368477 0
0 -1 8.05704709299398E-18
1.47637796401978 -0.184875324368477 6.88976383209229
-1.64041996002197 -0.184875324368477 7.21784782409668
-1.47637796401978 -0.184875324368477 6.88976383209229
0 -1 8.05704709299398E-18
-1.64041996002197 -0.184875324368477 0
-1.47637796401978 -0.184875324368477 6.88976383209229
-1.64041996002197 -0.184875324368477 7.21784782409668
0 -1 8.05704709299398E-18
1.64041996002197 -0.184875324368477 0
1.64041996002197 -0.184875324368477 7.21784782409668
1.47637796401978 -0.184875324368477 6.88976383209229
0 -1 8.05704709299398E-18
-1.64041996002197 -0.184875324368477 7.21784782409668
1.47637796401978 -0.184875324368477 6.88976383209229
1.64041996002197 -0.184875324368477 7.21784782409668
0 -1 8.05704709299398E-18
1.64041996002197 0.307250648736954 7.21784782409668
1.64041996002197 -0.184875324368477 7.21784782409668
1.64041996002197 -0.184875324368477 0
1 0 3.14786956191393E-17
1.64041996002197 -0.184875324368477 0
1.64041996002197 0.307250648736954 0
1.64041996002197 0.307250648736954 7.21784782409668
1 0 3.14786956191393E-17
1.47637796401978 0.307250648736954 6.88976383209229
1.64041996002197 0.307250648736954 0
1.47637796401978 0.307250648736954 1.56971944764728E-23
0 1 -1.57393478095696E-17
-1.47637796401978 0.307250648736954 6.88976383209229
-1.47637796401978 0.307250648736954 -6.15576247792181E-24
-1.64041996002197 0.307250648736954 -3.693457407867E-24
0 1 -1.57393478095696E-17
-1.47637796401978 0.307250648736954 6.88976383209229
1.64041996002197 0.307250648736954 7.21784782409668
1.47637796401978 0.307250648736954 6.88976383209229
0 1 -1.57393478095696E-17
1.64041996002197 0.307250648736954 0
1.47637796401978 0.307250648736954 6.88976383209229
1.64041996002197 0.307250648736954 7.21784782409668
0 1 -1.57393478095696E-17
-1.64041996002197 0.307250648736954 -3.693457407867E-24
-1.64041996002197 0.307250648736954 7.21784782409668
-1.47637796401978 0.307250648736954 6.88976383209229
0 1 -1.57393478095696E-17
1.64041996002197 0.307250648736954 7.21784782409668
-1.47637796401978 0.307250648736954 6.88976383209229
-1.64041996002197 0.307250648736954 7.21784782409668
0 1 -1.57393478095696E-17
1.47637796401978 0.145792320370674 6.88976383209229
1.47637796401978 0.307250648736954 6.88976383209229
1.47637796401978 0.307250648736954 0
-1 0 0
1.47637796401978 0.307250648736954 0
1.47637796401978 0.145792320370674 0
1.47637796401978 0.145792320370674 6.88976383209229
-1 0 0
1.42429459095001 0.145792320370674 6.83768033981323
1.47637796401978 0.145792320370674 1.32348898008484E-23
1.42429459095001 0.145792320370674 0
0 1 1.2085570639491E-17
-1.42429459095001 0.145792320370674 6.83768033981323
-1.42429459095001 0.145792320370674 1.32348898008484E-23
-1.47637796401978 0.145792320370674 1.32348898008484E-23
0 1 1.2085570639491E-17
-1.42429459095001 0.145792320370674 6.83768033981323
1.47637796401978 0.145792320370674 6.88976383209229
1.42429459095001 0.145792320370674 6.83768033981323
0 1 1.2085570639491E-17
1.47637796401978 0.145792320370674 1.32348898008484E-23
1.42429459095001 0.145792320370674 6.83768033981323
1.47637796401978 0.145792320370674 6.88976383209229
0 1 1.2085570639491E-17
-1.47637796401978 0.145792320370674 1.32348898008484E-23
-1.47637796401978 0.145792320370674 6.88976383209229
-1.42429459095001 0.145792320370674 6.83768033981323
0 1 1.2085570639491E-17
1.47637796401978 0.145792320370674 6.88976383209229
-1.42429459095001 0.145792320370674 6.83768033981323
-1.47637796401978 0.145792320370674 6.88976383209229
0 1 1.2085570639491E-17
1.42429459095001 -0.0216125324368477 6.83768033981323
1.42429459095001 0.145792320370674 6.83768033981323
1.42429459095001 0.145792320370674 0
-1 0 0
1.42429459095001 0.145792320370674 0
1.42429459095001 -0.0216125324368477 0
1.42429459095001 -0.0216125324368477 6.83768033981323
-1 0 0
-1.42429459095001 -0.0216125324368477 6.83768033981323
-1.47637796401978 -0.0216125324368477 1.32348898008484E-23
-1.42429459095001 -0.0216125324368477 0
0 -1 0
1.42429459095001 -0.0216125324368477 6.83768033981323
1.42429459095001 -0.0216125324368477 2.64697796016969E-23
1.47637796401978 -0.0216125324368477 1.32348898008484E-23
0 -1 0
1.42429459095001 -0.0216125324368477 6.83768033981323
-1.47637796401978 -0.0216125324368477 6.88976383209229
-1.42429459095001 -0.0216125324368477 6.83768033981323
0 -1 0
-1.47637796401978 -0.0216125324368477 1.32348898008484E-23
-1.42429459095001 -0.0216125324368477 6.83768033981323
-1.47637796401978 -0.0216125324368477 6.88976383209229
0 -1 0
1.47637796401978 -0.0216125324368477 1.32348898008484E-23
1.47637796401978 -0.0216125324368477 6.88976383209229
1.42429459095001 -0.0216125324368477 6.83768033981323
0 -1 0
-1.47637796401978 -0.0216125324368477 6.88976383209229
1.42429459095001 -0.0216125324368477 6.83768033981323
1.47637796401978 -0.0216125324368477 6.88976383209229
0 -1 0
-1.47637796401978 -0.184875324368477 6.88976383209229
-1.47637796401978 -0.0216125324368477 6.88976383209229
1.47637796401978 -0.0216125324368477 6.88976383209229
0 0 -1
1.47637796401978 -0.0216125324368477 6.88976383209229
1.47637796401978 -0.184875324368477 6.88976383209229
-1.47637796401978 -0.184875324368477 6.88976383209229
0 0 -1
1.47637796401978 0.145792320370674 6.88976383209229
-1.47637796401978 0.145792320370674 6.88976383209229
-1.47637796401978 0.307250648736954 6.88976383209229
0 0 -1
-1.47637796401978 0.307250648736954 6.88976383209229
1.47637796401978 0.307250648736954 6.88976383209229
1.47637796401978 0.145792320370674 6.88976383209229
0 0 -1
1.42429459095001 -0.0216125324368477 6.83768033981323
-1.42429459095001 -0.0216125324368477 6.83768033981323
-1.42429459095001 0.145792320370674 6.83768033981323
0 0 -1
-1.42429459095001 0.145792320370674 6.83768033981323
1.42429459095001 0.145792320370674 6.83768033981323
1.42429459095001 -0.0216125324368477 6.83768033981323
0 0 -1
-1.64041996002197 0.307250648736954 0
-1.47637796401978 -0.0216125324368477 0
-1.64041996002197 -0.184875324368477 0
0 0 -1
-1.47637796401978 -0.184875324368477 0
-1.64041996002197 -0.184875324368477 0
-1.47637796401978 -0.0216125324368477 0
0 0 -1
-1.47637796401978 -0.0216125324368477 0
-1.47637796401978 0.145792320370674 0
-1.42429459095001 -0.0216125324368477 0
0 0 -1
-1.47637796401978 -0.0216125324368477 0
-1.64041996002197 0.307250648736954 0
-1.47637796401978 0.145792320370674 0
0 0 -1
-1.47637796401978 0.307250648736954 0
-1.47637796401978 0.145792320370674 0
-1.64041996002197 0.307250648736954 0
0 0 -1
-1.42429459095001 -0.0216125324368477 0
-1.47637796401978 0.145792320370674 0
-1.42429459095001 0.145792320370674 0
0 0 -1
-1.47637796401978 -0.0216125324368477 0
-1.47637796401978 -0.0216125324368477 6.88976383209229
-1.47637796401978 -0.184875324368477 6.88976383209229
1 0 3.22281883719759E-17
-1.47637796401978 -0.184875324368477 6.88976383209229
-1.47637796401978 -0.184875324368477 0
-1.47637796401978 -0.0216125324368477 0
1 0 3.22281883719759E-17
-1.64041996002197 0.307250648736954 7.21784782409668
-1.64041996002197 0.307250648736954 0
-1.64041996002197 -0.184875324368477 0
-1 0 3.14786956191393E-17
-1.64041996002197 -0.184875324368477 0
-1.64041996002197 -0.184875324368477 7.21784782409668
-1.64041996002197 0.307250648736954 7.21784782409668
-1 0 3.14786956191393E-17
-1.47637796401978 0.145792320370674 6.88976383209229
-1.47637796401978 0.145792320370674 0
-1.47637796401978 0.307250648736954 0
1 0 3.22281883719759E-17
-1.47637796401978 0.307250648736954 0
-1.47637796401978 0.307250648736954 6.88976383209229
-1.47637796401978 0.145792320370674 6.88976383209229
1 0 3.22281883719759E-17
-1.42429459095001 -0.0216125324368477 6.83768033981323
-1.42429459095001 -0.0216125324368477 0
-1.42429459095001 0.145792320370674 0
1 0 0
-1.42429459095001 0.145792320370674 0
-1.42429459095001 0.145792320370674 6.83768033981323
-1.42429459095001 -0.0216125324368477 6.83768033981323
1 0 0
-1.64041996002197 0.307250648736954 7.21784782409668
-1.64041996002197 -0.184875324368477 7.21784782409668
1.64041996002197 -0.184875324368477 7.21784782409668
0 0 1
1.64041996002197 -0.184875324368477 7.21784782409668
1.64041996002197 0.307250648736954 7.21784782409668
-1.64041996002197 0.307250648736954 7.21784782409668
0 0 1
1.47637796401978 -0.0372375324368477 6.88976383209229
1.47637796401978 -0.0372375324368477 -3.28626015289046E-14
-1.47637796401978 -0.0372375324368477 -3.28626015289046E-14
0 1 0
-1.47637796401978 -0.0372375324368477 -3.28626015289046E-14
-1.47637796401978 -0.0372375324368477 6.88976383209229
1.47637796401978 -0.0372375324368477 6.88976383209229
0 1 0
-1.47637796401978 -0.184875324368477 -3.28626015289046E-14
1.47637796401978 -0.184875324368477 -3.28626015289046E-14
1.47637796401978 -0.184875324368477 6.88976383209229
0 -1 0
1.47637796401978 -0.184875324368477 6.88976383209229
-1.47637796401978 -0.184875324368477 6.88976383209229
-1.47637796401978 -0.184875324368477 -3.28626015289046E-14
0 -1 0
-1.47637796401978 -0.184875324368477 -3.28626015289046E-14
-1.47637796401978 -0.184875324368477 6.88976383209229
-1.47637796401978 -0.0372375324368477 6.88976383209229
-1 0 -3.22281883719758E-17
-1.47637796401978 -0.0372375324368477 6.88976383209229
-1.47637796401978 -0.0372375324368477 -3.28626015289046E-14
-1.47637796401978 -0.184875324368477 -3.28626015289046E-14
-1 0 -3.22281883719758E-17
1.47637796401978 -0.184875324368477 -3.24185123190546E-14
-1.47637796401978 -0.184875324368477 -3.28626015289046E-14
-1.47637796401978 -0.0372375324368477 -3.28626015289046E-14
1.50398212402555E-16 0 -1
-1.47637796401978 -0.0372375324368477 -3.28626015289046E-14
1.47637796401978 -0.0372375324368477 -3.24185123190546E-14
1.47637796401978 -0.184875324368477 -3.24185123190546E-14
1.50398212402555E-16 0 -1
1.47637796401978 -0.184875324368477 6.88976383209229
1.47637796401978 -0.184875324368477 -3.28626015289046E-14
1.47637796401978 -0.0372375324368477 -3.28626015289046E-14
1 0 3.22281883719758E-17
1.47637796401978 -0.0372375324368477 -3.28626015289046E-14
1.47637796401978 -0.0372375324368477 6.88976383209229
1.47637796401978 -0.184875324368477 6.88976383209229
1 0 3.22281883719758E-17
-1.47637796401978 -0.184875324368477 6.88976383209229
1.47637796401978 -0.184875324368477 6.88976383209229
1.47637796401978 -0.0372375324368477 6.88976383209229
-3.00796424805109E-16 0 1
1.47637796401978 -0.0372375324368477 6.88976383209229
-1.47637796401978 -0.0372375324368477 6.88976383209229
-1.47637796401978 -0.184875324368477 6.88976383209229
-3.00796424805109E-16 0 1
[HEADER]
453625,M_Door-Passage-Single-Flush,6
382.981604169889 114.307512121329 24.9343832020997
1
0 1 0
-1 0 0
0 0 1
[HEADER]
453703,M_Door-Passage-Single-Flush,6
389.173533303747 114.307512121329 24.9343832020997
1
0 1 0
-1 0 0
0 0 1
[HEADER]
453728,M_Door-Passage-Single-Flush,6
375.074780022908 123.228279837865 24.9343832020997
1
3.15015892159533E-15 1 0
-1 3.15015892159533E-15 0
0 0 1
[HEADER]
453747,M_Door-Passage-Single-Flush,6
398.031801020283 123.228279837865 24.9343832020997
1
3.15015892159533E-15 1 0
-1 3.15015892159533E-15 0
0 0 1
[HEADER]
453772,M_Door-Passage-Single-Flush,6
357.972745902173 112.729592173823 24.9343832020997
1
0 -1 0
1 0 0
0 0 1
[HEADER]
453810,M_Door-Passage-Single-Flush,6
350.681735403486 112.729592173823 24.9343832020997
1
0 -1 0
1 0 0
0 0 1
[HEADER]
453861,M_Door-Passage-Single-Flush,6
364.555259025533 103.82654099272 24.9343832020997
1
-1 3.35822816302473E-15 0
-3.35822816302473E-15 -1 0
0 0 1
[HEADER]
453896,M_Door-Passage-Single-Flush,6
381.2875424901 103.82654099272 24.9343832020997
1
-1 3.35822816302473E-15 0
-3.35822816302473E-15 -1 0
0 0 1
[HEADER]
453934,M_Door-Passage-Single-Flush,6
404.499484747319 103.82654099272 24.9343832020997
1
1 -3.35822816302473E-15 0
3.35822816302473E-15 1 0
0 0 1
[HEADER]
453976,M_Door-Passage-Single-Flush,6
404.499484747319 92.4256223575494 24.9343832020997
1
1 -3.36424739199501E-15 0
3.36424739199501E-15 1 0
0 0 1
[HEADER]
454006,M_Door-Passage-Single-Flush,6
425.611689471726 92.4256223575493 24.9343832020997
1
1 -3.60955709766133E-15 0
3.60955709766133E-15 1 0
0 0 1
