[LEVEL]
01-지하 1층(FL-7500)
[HEADER]
392423,Glazed,54
502.542650918622 192.157920225262 -24.4422572178478
1
1 -3.9829595560404E-15 0
3.9829595560404E-15 1 0
0 0 1
0.246062994003296 0.0803805738687515 0
0.246062994003296 0.0803805738687515 7.62795257568359
-0.246062994003296 0.0803805738687515 7.62795257568359
0 -1 0
-0.246062994003296 0.0803805738687515 7.62795257568359
-0.246062994003296 0.0803805738687515 0
0.246062994003296 0.0803805738687515 0
0 -1 0
-0.246062994003296 0.16240157186985 7.62795257568359
0.246062994003296 0.16240157186985 7.62795257568359
0.246062994003296 0.16240157186985 0
0 1 0
0.246062994003296 0.16240157186985 0
-0.246062994003296 0.16240157186985 0
-0.246062994003296 0.16240157186985 7.62795257568359
0 1 0
-0.246062994003296 0.0803805738687515 0
-0.246062994003296 0.16240157186985 0
0.246062994003296 0.16240157186985 0
0 0 -1
0.246062994003296 0.16240157186985 0
0.246062994003296 0.0803805738687515 0
-0.246062994003296 0.0803805738687515 0
0 0 -1
0.246062994003296 0.0803805738687515 0
0.246062994003296 0.16240157186985 0
0.246062994003296 0.16240157186985 7.62795257568359
1 0 0
0.246062994003296 0.16240157186985 7.62795257568359
0.246062994003296 0.0803805738687515 7.62795257568359
0.246062994003296 0.0803805738687515 0
1 0 0
0.246062994003296 0.0803805738687515 7.62795257568359
0.246062994003296 0.16240157186985 7.62795257568359
-0.246062994003296 0.16240157186985 7.62795257568359
0 0 1
-0.246062994003296 0.16240157186985 7.62795257568359
-0.246062994003296 0.0803805738687515 7.62795257568359
0.246062994003296 0.0803805738687515 7.62795257568359
0 0 1
-0.246062994003296 0.0803805738687515 7.62795257568359
-0.246062994003296 0.16240157186985 7.62795257568359
-0.246062994003296 0.16240157186985 0
-1 0 0
-0.246062994003296 0.16240157186985 0
-0.246062994003296 0.0803805738687515 0
-0.246062994003296 0.0803805738687515 7.62795257568359
-1 0 0
[HEADER]
392428,Glazed,6
515.994094488175 192.157920225262 -24.4422572178478
1
1 -3.9829595560404E-15 0
3.9829595560404E-15 1 0
0 0 1
[HEADER]
392430,Glazed,6
502.542650918622 192.157920225262 -16.6502624671916
1
1 -3.9829595560404E-15 0
3.9829595560404E-15 1 0
0 0 1
[HEADER]
392431,Glazed,6
506.069553805761 192.157920225262 -16.6502624671916
1
1 -3.9829595560404E-15 0
3.9829595560404E-15 1 0
0 0 1
[HEADER]
392432,Glazed,6
515.994094488175 192.157920225262 -16.6502624671916
1
1 -3.9829595560404E-15 0
3.9829595560404E-15 1 0
0 0 1
[HEADER]
392912,Glazed,6
512.467191601036 192.157920225262 -16.6502624671916
1
1 -3.9829595560404E-15 0
3.9829595560404E-15 1 0
0 0 1
[HEADER]
393088,Glazed,6
502.542650918622 200.688103952295 -24.4422572178478
1
1 -3.9829595560404E-15 0
3.9829595560404E-15 1 0
0 0 1
[HEADER]
393092,Glazed,6
515.994094488175 200.688103952295 -24.4422572178478
1
1 -3.9829595560404E-15 0
3.9829595560404E-15 1 0
0 0 1
[HEADER]
393094,Glazed,6
502.542650918622 200.688103952295 -16.6502624671916
1
1 -3.9829595560404E-15 0
3.9829595560404E-15 1 0
0 0 1
[HEADER]
393095,Glazed,6
506.069553805761 200.688103952295 -16.6502624671916
1
1 -3.9829595560404E-15 0
3.9829595560404E-15 1 0
0 0 1
[HEADER]
393096,Glazed,6
515.994094488175 200.688103952295 -16.6502624671916
1
1 -3.9829595560404E-15 0
3.9829595560404E-15 1 0
0 0 1
[HEADER]
393116,Glazed,6
512.467191601036 200.688103952295 -16.6502624671916
1
1 -3.9829595560404E-15 0
3.9829595560404E-15 1 0
0 0 1
[HEADER]
395079,Glazed,6
513.287401574792 262.285872981156 -18.6187664041995
1
-1 4.19858964861861E-15 0
-4.19858964861861E-15 -1 0
0 0 1
[HEADER]
395080,Glazed,6
510.129593175842 262.285872981156 -18.6187664041995
1
-1 4.19858964861861E-15 0
-4.19858964861861E-15 -1 0
0 0 1
[HEADER]
395081,Glazed,6
503.772965879254 262.285872981156 -18.6187664041995
1
-1 4.19858964861861E-15 0
-4.19858964861861E-15 -1 0
0 0 1
[HEADER]
395298,Glazed,6
506.930774278204 262.285872981156 -18.6187664041995
1
-1 4.19858964861861E-15 0
-4.19858964861861E-15 -1 0
0 0 1
[LEVEL]
03-지상 1층
[HEADER]
399613,Solid,54
180.435000877931 243.193897637798 11.6797900262467
1
1 -3.11472006049722E-15 0
3.11472006049722E-15 1 0
0 0 1
2.10791826248169 -0.0344488173723221 3.47519915269842E-15
2.10791826248169 -0.0344488173723221 10.2034120559692
-2.10791826248169 -0.0344488173723221 10.2034120559692
0 -1 0
-2.10791826248169 -0.0344488173723221 10.2034120559692
-2.10791826248169 -0.0344488173723221 0
2.10791826248169 -0.0344488173723221 3.47519915269842E-15
0 -1 0
-2.10791826248169 0.16240157186985 10.2034120559692
2.10791826248169 0.16240157186985 10.2034120559692
2.10791826248169 0.16240157186985 3.46944695195361E-15
0 1 0
2.10791826248169 0.16240157186985 3.46944695195361E-15
-2.10791826248169 0.16240157186985 1.55028972794827E-16
-2.10791826248169 0.16240157186985 10.2034120559692
0 1 0
-2.10791826248169 -0.0344488173723221 1.55028972794827E-16
-2.10791826248169 0.16240157186985 1.55028972794827E-16
2.10791826248169 0.16240157186985 3.47519915269842E-15
7.8754716410293E-16 0 -1
2.10791826248169 0.16240157186985 3.47519915269842E-15
2.10791826248169 -0.0344488173723221 3.47519915269842E-15
-2.10791826248169 -0.0344488173723221 1.55028972794827E-16
7.8754716410293E-16 0 -1
2.10791826248169 -0.0344488173723221 3.46944695195361E-15
2.10791826248169 0.16240157186985 3.46944695195361E-15
2.10791826248169 0.16240157186985 10.2034120559692
1 0 0
2.10791826248169 0.16240157186985 10.2034120559692
2.10791826248169 -0.0344488173723221 10.2034120559692
2.10791826248169 -0.0344488173723221 3.46944695195361E-15
1 0 0
2.10791826248169 -0.0344488173723221 10.2034120559692
2.10791826248169 0.16240157186985 10.2034120559692
-2.10791826248169 0.16240157186985 10.2034120559692
0 0 1
-2.10791826248169 0.16240157186985 10.2034120559692
-2.10791826248169 -0.0344488173723221 10.2034120559692
2.10791826248169 -0.0344488173723221 10.2034120559692
0 0 1
-2.10791826248169 -0.0344488173723221 10.2034120559692
-2.10791826248169 0.16240157186985 10.2034120559692
-2.10791826248169 0.16240157186985 0
-1 0 0
-2.10791826248169 0.16240157186985 0
-2.10791826248169 -0.0344488173723221 0
-2.10791826248169 -0.0344488173723221 10.2034120559692
-1 0 0
[HEADER]
400091,Solid,6
248.824621952328 243.193897637798 10.0655083107357
1
1 -3.11472006049722E-15 0
3.11472006049722E-15 1 0
0 0 1
[HEADER]
400139,Solid,6
244.157092448296 243.193897637798 10.6172332064289
1
1 -3.11472006049722E-15 0
3.11472006049722E-15 1 0
0 0 1
[HEADER]
400186,Solid,6
239.235832605776 243.193897637798 11.2323906867437
1
1 -3.11472006049722E-15 0
3.11472006049722E-15 1 0
0 0 1
[HEADER]
400241,Solid,6
234.314572763256 243.193897637798 11.6797900262467
1
1 -3.11472006049722E-15 0
3.11472006049722E-15 1 0
0 0 1
[HEADER]
400287,Solid,6
229.393312920737 243.193897637798 11.6797900262467
1
1 -3.11472006049722E-15 0
3.11472006049722E-15 1 0
0 0 1
[HEADER]
400331,Solid,6
224.472053078217 243.193897637798 11.6797900262467
1
1 -3.11472006049722E-15 0
3.11472006049722E-15 1 0
0 0 1
[HEADER]
400413,Solid,6
219.550793235697 243.193897637798 11.6797900262467
1
1 -3.11472006049722E-15 0
3.11472006049722E-15 1 0
0 0 1
[HEADER]
400628,Solid,6
214.629533393177 243.193897637798 11.6797900262467
1
1 -3.11472006049722E-15 0
3.11472006049722E-15 1 0
0 0 1
[HEADER]
400667,Solid,6
209.708273550658 243.193897637798 11.6797900262467
1
1 -3.11472006049722E-15 0
3.11472006049722E-15 1 0
0 0 1
[HEADER]
400704,Solid,6
204.787013708138 243.193897637798 11.6797900262467
1
1 -3.11472006049722E-15 0
3.11472006049722E-15 1 0
0 0 1
[HEADER]
400736,Solid,6
199.816562557723 243.193897637798 11.6797900262467
1
1 -3.11472006049722E-15 0
3.11472006049722E-15 1 0
0 0 1
[HEADER]
400799,Solid,6
194.846111407308 243.193897637798 11.6797900262467
1
1 -3.11472006049722E-15 0
3.11472006049722E-15 1 0
0 0 1
[HEADER]
400839,Solid,6
189.924851564789 243.193897637798 11.6797900262467
1
1 -3.11472006049722E-15 0
3.11472006049722E-15 1 0
0 0 1
[HEADER]
400897,Empty Panel,6
192.483864101839 243.193897637798 11.4829396325459
1
1 -3.11472006049722E-15 0
3.11472006049722E-15 1 0
0 0 1
[HEADER]
403715,Glazed,54
252.966190534548 242.701771653546 10.0393700787402
1
1 -3.1264811476558E-15 0
3.1264811476558E-15 1 0
0 0 1
1.83727073669434 0.0803805738687515 0
1.83727073669434 0.0803805738687515 10.2034120559692
-1.83727073669434 0.0803805738687515 10.2034120559692
0 -1 0
-1.83727073669434 0.0803805738687515 10.2034120559692
-1.83727073669434 0.0803805738687515 0
1.83727073669434 0.0803805738687515 0
0 -1 0
-1.83727073669434 0.16240157186985 10.2034120559692
1.83727073669434 0.16240157186985 10.2034120559692
1.83727073669434 0.16240157186985 0
0 1 0
1.83727073669434 0.16240157186985 0
-1.83727073669434 0.16240157186985 0
-1.83727073669434 0.16240157186985 10.2034120559692
0 1 0
-1.83727073669434 0.0803805738687515 0
-1.83727073669434 0.16240157186985 0
1.83727073669434 0.16240157186985 0
0 0 -1
1.83727073669434 0.16240157186985 0
1.83727073669434 0.0803805738687515 0
-1.83727073669434 0.0803805738687515 0
0 0 -1
1.83727073669434 0.0803805738687515 0
1.83727073669434 0.16240157186985 0
1.83727073669434 0.16240157186985 10.2034120559692
1 0 0
1.83727073669434 0.16240157186985 10.2034120559692
1.83727073669434 0.0803805738687515 10.2034120559692
1.83727073669434 0.0803805738687515 0
1 0 0
1.83727073669434 0.0803805738687515 10.2034120559692
1.83727073669434 0.16240157186985 10.2034120559692
-1.83727073669434 0.16240157186985 10.2034120559692
0 0 1
-1.83727073669434 0.16240157186985 10.2034120559692
-1.83727073669434 0.0803805738687515 10.2034120559692
1.83727073669434 0.0803805738687515 10.2034120559692
0 0 1
-1.83727073669434 0.0803805738687515 10.2034120559692
-1.83727073669434 0.16240157186985 10.2034120559692
-1.83727073669434 0.16240157186985 0
-1 0 0
-1.83727073669434 0.16240157186985 0
-1.83727073669434 0.0803805738687515 0
-1.83727073669434 0.0803805738687515 10.2034120559692
-1 0 0
[HEADER]
404270,Glazed,6
276.445181211739 242.701771653546 10.0393700787402
1
1 -3.1264811476558E-15 0
3.1264811476558E-15 1 0
0 0 1
[HEADER]
404334,Empty Panel,6
264.744406144727 242.701771653546 9.84251968503937
1
1 -3.1264811476558E-15 0
3.1264811476558E-15 1 0
0 0 1
[HEADER]
404487,Glazed,6
272.638106932129 242.701771653546 10.0393700787402
1
1 -3.1264811476558E-15 0
3.1264811476558E-15 1 0
0 0 1
[HEADER]
404557,Glazed,6
270.689288034491 242.701771653546 10.0393700787402
1
1 -3.1264811476558E-15 0
3.1264811476558E-15 1 0
0 0 1
[HEADER]
404607,Glazed,6
268.740469136853 242.701771653546 10.0393700787402
1
1 -3.1264811476558E-15 0
3.1264811476558E-15 1 0
0 0 1
[HEADER]
404656,Glazed,6
266.791650239216 242.701771653546 10.0393700787402
1
1 -3.1264811476558E-15 0
3.1264811476558E-15 1 0
0 0 1
[HEADER]
404810,Glazed,6
252.966190534548 242.701771653546 20.4396325459318
1
1 -3.1264811476558E-15 0
3.1264811476558E-15 1 0
0 0 1
[HEADER]
404811,Glazed,6
256.949130554176 242.701771653546 20.4396325459318
1
1 -3.1264811476558E-15 0
3.1264811476558E-15 1 0
0 0 1
[HEADER]
404812,Glazed,6
260.945193546302 242.701771653546 20.4396325459318
1
1 -3.1264811476558E-15 0
3.1264811476558E-15 1 0
0 0 1
[HEADER]
404813,Glazed,6
264.842831341578 242.701771653546 20.4396325459318
1
1 -3.1264811476558E-15 0
3.1264811476558E-15 1 0
0 0 1
[HEADER]
404814,Glazed,6
268.740469136853 242.701771653546 20.4396325459318
1
1 -3.1264811476558E-15 0
3.1264811476558E-15 1 0
0 0 1
[HEADER]
404815,Glazed,6
272.638106932129 242.701771653546 20.4396325459318
1
1 -3.1264811476558E-15 0
3.1264811476558E-15 1 0
0 0 1
[HEADER]
404816,Glazed,6
276.445181211739 242.701771653546 20.4396325459318
1
1 -3.1264811476558E-15 0
3.1264811476558E-15 1 0
0 0 1
[HEADER]
404980,Glazed,6
252.966190534548 242.701771653546 29.4619422572178
1
1 -3.1264811476558E-15 0
3.1264811476558E-15 1 0
0 0 1
[HEADER]
404981,Glazed,6
256.949130554176 242.701771653546 29.4619422572178
1
1 -3.1264811476558E-15 0
3.1264811476558E-15 1 0
0 0 1
[HEADER]
404982,Glazed,6
260.945193546302 242.701771653546 29.4619422572178
1
1 -3.1264811476558E-15 0
3.1264811476558E-15 1 0
0 0 1
[HEADER]
404983,Glazed,6
264.842831341578 242.701771653546 29.4619422572178
1
1 -3.1264811476558E-15 0
3.1264811476558E-15 1 0
0 0 1
[HEADER]
404984,Glazed,6
268.740469136853 242.701771653546 29.4619422572178
1
1 -3.1264811476558E-15 0
3.1264811476558E-15 1 0
0 0 1
[HEADER]
404985,Glazed,6
272.638106932129 242.701771653546 29.4619422572178
1
1 -3.1264811476558E-15 0
3.1264811476558E-15 1 0
0 0 1
[HEADER]
404986,Glazed,6
276.445181211739 242.701771653546 29.4619422572178
1
1 -3.1264811476558E-15 0
3.1264811476558E-15 1 0
0 0 1
[HEADER]
406538,Solid,6
180.435000877931 243.193897637798 22.0800524934383
1
1 -3.11472006049722E-15 0
3.11472006049722E-15 1 0
0 0 1
[HEADER]
406539,Solid,6
185.052783030164 243.193897637798 22.0800524934383
1
1 -3.11472006049722E-15 0
3.11472006049722E-15 1 0
0 0 1
[HEADER]
406540,Solid,6
189.924851564789 243.193897637798 22.0800524934383
1
1 -3.11472006049722E-15 0
3.11472006049722E-15 1 0
0 0 1
[HEADER]
406541,Solid,6
194.846111407308 243.193897637798 22.0800524934383
1
1 -3.11472006049722E-15 0
3.11472006049722E-15 1 0
0 0 1
[HEADER]
406542,Solid,6
199.816562557723 243.193897637798 22.0800524934383
1
1 -3.11472006049722E-15 0
3.11472006049722E-15 1 0
0 0 1
[HEADER]
406543,Solid,6
204.787013708138 243.193897637798 22.0800524934383
1
1 -3.11472006049722E-15 0
3.11472006049722E-15 1 0
0 0 1
[HEADER]
406544,Solid,6
209.708273550658 243.193897637798 22.0800524934383
1
1 -3.11472006049722E-15 0
3.11472006049722E-15 1 0
0 0 1
[HEADER]
406545,Solid,6
214.629533393177 243.193897637798 22.0800524934383
1
1 -3.11472006049722E-15 0
3.11472006049722E-15 1 0
0 0 1
[HEADER]
406546,Solid,6
219.550793235697 243.193897637798 22.0800524934383
1
1 -3.11472006049722E-15 0
3.11472006049722E-15 1 0
0 0 1
[HEADER]
406547,Solid,6
224.472053078217 243.193897637798 22.0800524934383
1
1 -3.11472006049722E-15 0
3.11472006049722E-15 1 0
0 0 1
[HEADER]
406548,Solid,6
229.393312920737 243.193897637798 22.0800524934383
1
1 -3.11472006049722E-15 0
3.11472006049722E-15 1 0
0 0 1
[HEADER]
406549,Solid,6
234.314572763256 243.193897637798 22.0800524934383
1
1 -3.11472006049722E-15 0
3.11472006049722E-15 1 0
0 0 1
[HEADER]
406550,Solid,6
239.235832605776 243.193897637798 22.0800524934383
1
1 -3.11472006049722E-15 0
3.11472006049722E-15 1 0
0 0 1
[HEADER]
406551,Solid,6
244.157092448296 243.193897637798 22.0800524934383
1
1 -3.11472006049722E-15 0
3.11472006049722E-15 1 0
0 0 1
[HEADER]
406552,Solid,6
248.824621952328 243.193897637798 22.0800524934383
1
1 -3.11472006049722E-15 0
3.11472006049722E-15 1 0
0 0 1
[HEADER]
406685,Solid,6
180.435000877931 243.193897637798 31.5944881889764
1
1 -3.11472006049722E-15 0
3.11472006049722E-15 1 0
0 0 1
[HEADER]
406686,Solid,6
185.052783030164 243.193897637798 31.5944881889764
1
1 -3.11472006049722E-15 0
3.11472006049722E-15 1 0
0 0 1
[HEADER]
406687,Solid,6
189.924851564789 243.193897637798 31.5944881889764
1
1 -3.11472006049722E-15 0
3.11472006049722E-15 1 0
0 0 1
[HEADER]
406688,Solid,6
194.846111407308 243.193897637798 31.5944881889764
1
1 -3.11472006049722E-15 0
3.11472006049722E-15 1 0
0 0 1
[HEADER]
406689,Solid,6
199.816562557723 243.193897637798 31.5944881889764
1
1 -3.11472006049722E-15 0
3.11472006049722E-15 1 0
0 0 1
[HEADER]
406690,Solid,6
204.787013708138 243.193897637798 31.5944881889764
1
1 -3.11472006049722E-15 0
3.11472006049722E-15 1 0
0 0 1
[HEADER]
406691,Solid,6
209.708273550658 243.193897637798 31.5944881889764
1
1 -3.11472006049722E-15 0
3.11472006049722E-15 1 0
0 0 1
[HEADER]
406692,Solid,6
214.629533393177 243.193897637798 31.5944881889764
1
1 -3.11472006049722E-15 0
3.11472006049722E-15 1 0
0 0 1
[HEADER]
406693,Solid,6
219.550793235697 243.193897637798 31.5944881889764
1
1 -3.11472006049722E-15 0
3.11472006049722E-15 1 0
0 0 1
[HEADER]
406694,Solid,6
224.472053078217 243.193897637798 31.5944881889764
1
1 -3.11472006049722E-15 0
3.11472006049722E-15 1 0
0 0 1
[HEADER]
406695,Solid,6
229.393312920737 243.193897637798 31.5944881889764
1
1 -3.11472006049722E-15 0
3.11472006049722E-15 1 0
0 0 1
[HEADER]
406696,Solid,6
234.314572763256 243.193897637798 31.5944881889764
1
1 -3.11472006049722E-15 0
3.11472006049722E-15 1 0
0 0 1
[HEADER]
406697,Solid,6
239.235832605776 243.193897637798 31.5944881889764
1
1 -3.11472006049722E-15 0
3.11472006049722E-15 1 0
0 0 1
[HEADER]
406698,Solid,6
244.157092448296 243.193897637798 31.5944881889764
1
1 -3.11472006049722E-15 0
3.11472006049722E-15 1 0
0 0 1
[HEADER]
406699,Solid,6
248.824621952328 243.193897637798 31.5944881889764
1
1 -3.11472006049722E-15 0
3.11472006049722E-15 1 0
0 0 1
[HEADER]
413673,Glazed,6
582.846027274072 264.754890874702 0.164041994750656
1
0.281052751161917 0.959692321040612 0
-0.959692321040612 0.281052751161917 0
0 0 1
[HEADER]
426541,Glazed,6
325.54362606841 252.977883255071 5.11811023622049
1
-0.976301782383716 -0.216413561761687 0
0.216413561761687 -0.976301782383716 0
0 0 1
[HEADER]
428287,Glazed,6
324.812962755104 252.815919553955 9.94094488189068
1
-0.976301782383716 -0.216413561761687 0
0.216413561761687 -0.976301782383716 0
0 0 1
[HEADER]
428639,Glazed,6
323.857209538761 252.604060924332 16.4365816652718
1
-0.976301782383716 -0.216413561761687 0
0.216413561761687 -0.976301782383716 0
0 0 1
[HEADER]
429305,Glazed,6
323.990568170093 252.633622087611 18.0376619040572
1
-0.976301782383716 -0.216413561761687 0
0.216413561761687 -0.976301782383716 0
0 0 1
[HEADER]
429696,Glazed,6
324.432865933454 252.731664758489 26.8040357335133
1
-0.976301782383716 -0.216413561761687 0
0.216413561761687 -0.976301782383716 0
0 0 1
[HEADER]
432345,Glazed,6
370.553497998802 263.099668298532 5.11811023622047
1
0.976301782383716 0.216413561761689 0
-0.216413561761689 0.976301782383716 0
0 0 1
[HEADER]
432526,Glazed,6
373.040227360115 263.271765369619 5.11811023622047
1
1 -2.46832325285741E-15 0
2.46832325285741E-15 1 0
0 0 1
[HEADER]
433478,Glazed,6
373.040227360115 263.271765369619 16.502624671916
1
1 -2.46832325285741E-15 0
2.46832325285741E-15 1 0
0 0 1
[HEADER]
433907,Empty Panel,6
384.514612870392 263.271765369619 4.92125984251969
1
1 -2.46832325285741E-15 0
2.46832325285741E-15 1 0
0 0 1
[HEADER]
433908,Glazed,6
376.64059712236 263.271765369619 16.502624671916
1
1 -2.46832325285741E-15 0
2.46832325285741E-15 1 0
0 0 1
[HEADER]
434104,Glazed,6
389.376250851704 263.271765369619 5.11811023622047
1
1 -2.46832325285741E-15 0
2.46832325285741E-15 1 0
0 0 1
[HEADER]
434105,Glazed,6
392.38845144356 263.271765369619 16.502624671916
1
1 -2.46832325285741E-15 0
2.46832325285741E-15 1 0
0 0 1
[HEADER]
434202,Glazed,6
387.364002382763 263.271765369619 5.11811023622047
1
1 -2.46832325285741E-15 0
2.46832325285741E-15 1 0
0 0 1
[HEADER]
434203,Glazed,6
384.514435695529 263.271765369619 16.502624671916
1
1 -2.46832325285741E-15 0
2.46832325285741E-15 1 0
0 0 1
[HEADER]
434379,Glazed,6
386.357878148292 263.271765369619 5.11811023622047
1
1 -2.46832325285741E-15 0
2.46832325285741E-15 1 0
0 0 1
[HEADER]
434380,Glazed,6
380.577427821513 263.271765369619 16.502624671916
1
1 -2.46832325285741E-15 0
2.46832325285741E-15 1 0
0 0 1
[HEADER]
434454,Glazed,6
388.370126617233 263.271765369619 5.11811023622047
1
1 -2.46832325285741E-15 0
2.46832325285741E-15 1 0
0 0 1
[HEADER]
434455,Glazed,6
388.451443569545 263.271765369619 16.502624671916
1
1 -2.46832325285741E-15 0
2.46832325285741E-15 1 0
0 0 1
[HEADER]
435334,Glazed,6
396.194225721777 263.271765369619 5.11811023622047
1
1 -2.46832325285741E-15 0
2.46832325285741E-15 1 0
0 0 1
[HEADER]
435335,Glazed,6
396.194225721777 263.271765369619 16.502624671916
1
1 -2.46832325285741E-15 0
2.46832325285741E-15 1 0
0 0 1
[HEADER]
441574,Glazed,6
428.207620270878 263.271765369613 2.74845945233974
1
1 -2.86391030871383E-15 0
2.86391030871383E-15 1 0
0 0 1
[HEADER]
441976,Glazed,6
461.620734908127 263.271765369613 1.95784284066355
1
1 -3.14915872057136E-15 0
3.14915872057136E-15 1 0
0 0 1
[HEADER]
442273,Glazed,6
461.620734908127 263.271765369613 8.95669291338583
1
1 -3.14915872057136E-15 0
3.14915872057136E-15 1 0
0 0 1
[HEADER]
442372,Glazed,6
461.620734908127 263.271765369613 14.2060367454068
1
1 -3.14915872057136E-15 0
3.14915872057136E-15 1 0
0 0 1
[HEADER]
442567,Glazed,6
461.620734908127 263.271765369613 21.4238845144357
1
1 -3.14915872057136E-15 0
3.14915872057136E-15 1 0
0 0 1
[HEADER]
442661,Glazed,6
465.751312335948 263.271765369613 1.64442747788172
1
1 -3.14915872057136E-15 0
3.14915872057136E-15 1 0
0 0 1
[HEADER]
442662,Glazed,6
465.751312335948 263.271765369613 8.95669291338583
1
1 -3.14915872057136E-15 0
3.14915872057136E-15 1 0
0 0 1
[HEADER]
442663,Glazed,6
465.751312335948 263.271765369613 14.2060367454068
1
1 -3.14915872057136E-15 0
3.14915872057136E-15 1 0
0 0 1
[HEADER]
442664,Glazed,6
465.751312335948 263.271765369613 21.4238845144357
1
1 -3.14915872057136E-15 0
3.14915872057136E-15 1 0
0 0 1
[HEADER]
442832,Glazed,6
469.931102362195 263.271765369613 1.33101211509989
1
1 -3.14915872057136E-15 0
3.14915872057136E-15 1 0
0 0 1
[HEADER]
442833,Glazed,6
469.931102362195 263.271765369613 8.95669291338583
1
1 -3.14915872057136E-15 0
3.14915872057136E-15 1 0
0 0 1
[HEADER]
442834,Glazed,6
469.931102362195 263.271765369613 14.2060367454068
1
1 -3.14915872057136E-15 0
3.14915872057136E-15 1 0
0 0 1
[HEADER]
442835,Glazed,6
469.931102362195 263.271765369613 21.4238845144357
1
1 -3.14915872057136E-15 0
3.14915872057136E-15 1 0
0 0 1
[HEADER]
442950,Glazed,6
474.110892388442 263.271765369613 1.01759675231806
1
1 -3.14915872057136E-15 0
3.14915872057136E-15 1 0
0 0 1
[HEADER]
442951,Glazed,6
474.110892388442 263.271765369613 8.95669291338583
1
1 -3.14915872057136E-15 0
3.14915872057136E-15 1 0
0 0 1
[HEADER]
442952,Glazed,6
474.110892388442 263.271765369613 14.2060367454068
1
1 -3.14915872057136E-15 0
3.14915872057136E-15 1 0
0 0 1
[HEADER]
442953,Glazed,6
474.110892388442 263.271765369613 21.4238845144357
1
1 -3.14915872057136E-15 0
3.14915872057136E-15 1 0
0 0 1
[HEADER]
443024,Glazed,6
478.290682414689 263.271765369613 0.704181389536232
1
1 -3.14915872057136E-15 0
3.14915872057136E-15 1 0
0 0 1
[HEADER]
443025,Glazed,6
478.290682414689 263.271765369613 8.95669291338583
1
1 -3.14915872057136E-15 0
3.14915872057136E-15 1 0
0 0 1
[HEADER]
443026,Glazed,6
478.290682414689 263.271765369613 14.2060367454068
1
1 -3.14915872057136E-15 0
3.14915872057136E-15 1 0
0 0 1
[HEADER]
443027,Glazed,6
478.290682414689 263.271765369613 21.4238845144357
1
1 -3.14915872057136E-15 0
3.14915872057136E-15 1 0
0 0 1
[HEADER]
443094,Glazed,6
482.470472440935 263.271765369613 0.390766026754402
1
1 -3.14915872057136E-15 0
3.14915872057136E-15 1 0
0 0 1
[HEADER]
443095,Glazed,6
482.470472440935 263.271765369613 8.95669291338583
1
1 -3.14915872057136E-15 0
3.14915872057136E-15 1 0
0 0 1
[HEADER]
443096,Glazed,6
482.470472440935 263.271765369613 14.2060367454068
1
1 -3.14915872057136E-15 0
3.14915872057136E-15 1 0
0 0 1
[HEADER]
443097,Glazed,6
482.470472440935 263.271765369613 21.4238845144357
1
1 -3.14915872057136E-15 0
3.14915872057136E-15 1 0
0 0 1
[HEADER]
443169,Glazed,6
486.650262467182 263.271765369613 0.196850393700787
1
1 -3.14915872057136E-15 0
3.14915872057136E-15 1 0
0 0 1
[HEADER]
443170,Glazed,6
486.650262467182 263.271765369613 8.95669291338583
1
1 -3.14915872057136E-15 0
3.14915872057136E-15 1 0
0 0 1
[HEADER]
443171,Glazed,6
486.650262467182 263.271765369613 14.2060367454068
1
1 -3.14915872057136E-15 0
3.14915872057136E-15 1 0
0 0 1
[HEADER]
443172,Glazed,6
486.650262467182 263.271765369613 21.4238845144357
1
1 -3.14915872057136E-15 0
3.14915872057136E-15 1 0
0 0 1
[HEADER]
443239,Glazed,6
495.009842519676 263.271765369613 0.196850393700787
1
1 -3.14915872057136E-15 0
3.14915872057136E-15 1 0
0 0 1
[HEADER]
443240,Glazed,6
495.009842519676 263.271765369613 8.95669291338583
1
1 -3.14915872057136E-15 0
3.14915872057136E-15 1 0
0 0 1
[HEADER]
443241,Glazed,6
495.009842519676 263.271765369613 14.2060367454068
1
1 -3.14915872057136E-15 0
3.14915872057136E-15 1 0
0 0 1
[HEADER]
443242,Glazed,6
495.009842519676 263.271765369613 21.4238845144357
1
1 -3.14915872057136E-15 0
3.14915872057136E-15 1 0
0 0 1
[HEADER]
443324,Glazed,6
499.189632545922 263.271765369613 0.196850393700787
1
1 -3.14915872057136E-15 0
3.14915872057136E-15 1 0
0 0 1
[HEADER]
443325,Glazed,6
502.407042869614 263.271765369613 8.95669291338583
1
1 -3.14915872057136E-15 0
3.14915872057136E-15 1 0
0 0 1
[HEADER]
443326,Empty Panel,6
505.415026246683 263.271765369613 14.2060367454068
1
1 -3.14915872057136E-15 0
3.14915872057136E-15 1 0
0 0 1
[HEADER]
443327,Glazed,6
502.407042869614 263.271765369613 21.4238845144357
1
1 -3.14915872057136E-15 0
3.14915872057136E-15 1 0
0 0 1
[HEADER]
443414,Glazed,6
511.684711286053 263.271765369613 0.196850393700787
1
1 -3.14915872057136E-15 0
3.14915872057136E-15 1 0
0 0 1
[HEADER]
443415,Glazed,6
510.722331583498 263.271765369613 8.95669291338583
1
1 -3.14915872057136E-15 0
3.14915872057136E-15 1 0
0 0 1
[HEADER]
443416,Glazed,6
510.722331583498 263.271765369613 14.2060367454068
1
1 -3.14915872057136E-15 0
3.14915872057136E-15 1 0
0 0 1
[HEADER]
443417,Glazed,6
510.722331583498 263.271765369613 21.4238845144357
1
1 -3.14915872057136E-15 0
3.14915872057136E-15 1 0
0 0 1
[HEADER]
443599,Empty Panel,6
492.919947506552 263.271765369613 0
1
1 -3.14915872057136E-15 0
3.14915872057136E-15 1 0
0 0 1
[HEADER]
443600,Glazed,6
490.830052493429 263.271765369613 8.95669291338583
1
1 -3.14915872057136E-15 0
3.14915872057136E-15 1 0
0 0 1
[HEADER]
443601,Glazed,6
490.830052493429 263.271765369613 14.2060367454068
1
1 -3.14915872057136E-15 0
3.14915872057136E-15 1 0
0 0 1
[HEADER]
443602,Glazed,6
490.830052493429 263.271765369613 21.4238845144357
1
1 -3.14915872057136E-15 0
3.14915872057136E-15 1 0
0 0 1
[HEADER]
444405,Glazed,6
461.620734908127 263.271765369613 24.7047244094488
1
1 -3.14915872057136E-15 0
3.14915872057136E-15 1 0
0 0 1
[HEADER]
444406,Glazed,6
465.751312335948 263.271765369613 24.7047244094488
1
1 -3.14915872057136E-15 0
3.14915872057136E-15 1 0
0 0 1
[HEADER]
444407,Glazed,6
469.931102362195 263.271765369613 24.7047244094488
1
1 -3.14915872057136E-15 0
3.14915872057136E-15 1 0
0 0 1
[HEADER]
444408,Glazed,6
474.110892388442 263.271765369613 24.7047244094488
1
1 -3.14915872057136E-15 0
3.14915872057136E-15 1 0
0 0 1
[HEADER]
444409,Glazed,6
478.290682414689 263.271765369613 24.7047244094488
1
1 -3.14915872057136E-15 0
3.14915872057136E-15 1 0
0 0 1
[HEADER]
444410,Glazed,6
482.470472440935 263.271765369613 24.7047244094488
1
1 -3.14915872057136E-15 0
3.14915872057136E-15 1 0
0 0 1
[HEADER]
444411,Glazed,6
486.650262467182 263.271765369613 24.7047244094488
1
1 -3.14915872057136E-15 0
3.14915872057136E-15 1 0
0 0 1
[HEADER]
444412,Glazed,6
490.830052493429 263.271765369613 24.7047244094488
1
1 -3.14915872057136E-15 0
3.14915872057136E-15 1 0
0 0 1
[HEADER]
444413,Glazed,6
495.009842519676 263.271765369613 24.7047244094488
1
1 -3.14915872057136E-15 0
3.14915872057136E-15 1 0
0 0 1
[HEADER]
444414,Glazed,6
499.189632545922 263.271765369613 24.0485564304462
1
1 -3.14915872057136E-15 0
3.14915872057136E-15 1 0
0 0 1
[HEADER]
444415,Glazed,6
511.684711286053 263.271765369613 24.0485564304462
1
1 -3.14915872057136E-15 0
3.14915872057136E-15 1 0
0 0 1
[HEADER]
444660,Glazed,6
503.369422572169 263.271765369613 0.196850393700787
1
1 -3.14915872057136E-15 0
3.14915872057136E-15 1 0
0 0 1
[HEADER]
444661,Glazed,6
0 0 0
1
1 0 0
0 1 0
0 0 1
[HEADER]
444662,Glazed,6
0 0 0
1
1 0 0
0 1 0
0 0 1
[HEADER]
444663,Glazed,6
0 0 0
1
1 0 0
0 1 0
0 0 1
[HEADER]
444664,Glazed,6
503.369422572169 263.271765369613 24.0485564304462
1
1 -3.14915872057136E-15 0
3.14915872057136E-15 1 0
0 0 1
[HEADER]
444723,Glazed,6
507.549212598416 263.271765369613 0.196850393700787
1
1 -3.14915872057136E-15 0
3.14915872057136E-15 1 0
0 0 1
[HEADER]
444724,Glazed,6
0 0 0
1
1 0 0
0 1 0
0 0 1
[HEADER]
444725,Glazed,6
0 0 0
1
1 0 0
0 1 0
0 0 1
[HEADER]
444726,Glazed,6
0 0 0
1
1 0 0
0 1 0
0 0 1
[HEADER]
444727,Glazed,6
507.549212598416 263.271765369613 24.0485564304462
1
1 -3.14915872057136E-15 0
3.14915872057136E-15 1 0
0 0 1
[HEADER]
452036,Glazed,6
511.613000995121 255.369988976403 28.0049550869324
1
0.2799832605917 0.95604040201999 0.08715574274766
-0.959692321040583 0.281052751162017 -8.28120822078901E-18
-0.0244953612787988 -0.0836426970495178 0.996194698091745
[HEADER]
452045,Glazed,6
548.628237171471 381.763478358986 24.7378351374926
1
0.279983260591722 0.956040402019985 0.087155742747649
-0.959692321040577 0.281052751162037 2.41498209899928E-14
-0.0244953612787744 -0.0836426970495134 0.996194698091746
[HEADER]
452050,Glazed,6
547.776506837887 378.855130878458 24.6793668742554
1
0.279983260591743 0.956040402019979 0.0871557427476457
-0.959692321040571 0.281052751162059 1.48063958949729E-14
-0.0244953612787843 -0.0836426970495072 0.996194698091747
[HEADER]
452055,Glazed,6
546.73521670428 375.299506031998 24.6781404199755
1
0.279983260591728 0.956040402019981 0.0871557427476652
-0.959692321040575 0.281052751162046 -1.16007877503784E-14
-0.0244953612788139 -0.0836426970495188 0.996194698091745
[HEADER]
452060,Glazed,6
545.693926570674 371.74388118554 24.6769139656958
1
0.279983260591725 0.956040402019984 0.087155742747646
-0.959692321040578 0.281052751162034 9.01681510915866E-14
-0.0244953612787102 -0.0836426970495291 0.996194698091747
[HEADER]
452065,Glazed,6
544.652636437068 368.188256339081 24.675687511416
1
0.279983260591723 0.956040402019982 0.0871557427476696
-0.959692321040579 0.281052751162031 1.18517327895699E-13
-0.0244953612786894 -0.0836426970495598 0.996194698091745
[HEADER]
452070,Glazed,6
543.611346303462 364.632631492622 24.6744610571363
1
0.279983260591747 0.956040402019975 0.0871557427476712
-0.95969232104057 0.281052751162063 1.09452051325208E-14
-0.0244953612787956 -0.0836426970495304 0.996194698091744
[HEADER]
452075,Glazed,6
542.570056169855 361.077006646163 24.6732346028564
1
0.279983260591728 0.956040402019984 0.0871557427476305
-0.959692321040575 0.281052751162045 -1.93576002013271E-15
-0.0244953612787948 -0.0836426970494882 0.996194698091748
[HEADER]
452080,Glazed,6
541.528766036248 357.521381799704 24.6720081485763
1
0.279983260591735 0.956040402019979 0.0871557427476652
-0.959692321040572 0.281052751162054 -2.1267210503636E-14
-0.0244953612788239 -0.0836426970495159 0.996194698091745
[HEADER]
452085,Glazed,6
540.487475902642 353.965756953245 24.6707816942963
1
0.279983260591737 0.956040402019979 0.0871557427476612
-0.959692321040574 0.281052751162047 7.69655833037072E-14
-0.0244953612787282 -0.0836426970495397 0.996194698091745
[HEADER]
452090,Glazed,6
539.483904120957 350.538926479203 21.4951786474965
1
0.279983260591724 0.956040402019984 0.0871557427476543
-0.959692321040579 0.281052751162032 9.98400650070412E-14
-0.0244953612787031 -0.0836426970495399 0.996194698091746
[HEADER]
452095,Glazed,6
538.444925407466 346.991194286794 21.399949723226
1
0.279983260591718 0.956040402019985 0.0871557427476524
-0.959692321040577 0.281052751162036 -7.73959698792636E-15
-0.0244953612788057 -0.0836426970495078 0.996194698091746
[HEADER]
452100,Glazed,6
537.403635273859 343.435569440335 21.3987232689465
1
0.279983260591741 0.956040402019978 0.0871557427476586
-0.959692321040573 0.281052751162052 6.76290443938962E-14
-0.0244953612787369 -0.0836426970495344 0.996194698091746
[HEADER]
452105,Glazed,6
536.877710694989 341.639729414926 21.5407023383962
1
0.279983260591731 0.956040402019981 0.087155742747656
-0.959692321040576 0.281052751162042 7.31023444716626E-14
-0.02449536127873 -0.0836426970495338 0.996194698091746
[HEADER]
452110,Glazed,6
535.26611581271 336.13672249983 39.5801736550358
1
0.279983260591786 0.956040402019965 0.0871557427476638
-0.959692321040559 0.2810527511621 3.92000234133009E-14
-0.0244953612787697 -0.0836426970495303 0.996194698091745
[HEADER]
452115,Glazed,6
534.245843561078 332.65286603084 37.8628643483246
1
0.279983260591879 0.956040402019937 0.0871557427476617
-0.959692321040531 0.281052751162193 4.49336035059937E-14
-0.0244953612787717 -0.0836426970495275 0.996194698091745
[HEADER]
452120,Glazed,6
533.225571309443 329.16900956185 36.1455550416139
1
0.279983260591493 0.956040402020051 0.0871557427476576
-0.959692321040643 0.281052751161813 -3.9200023413301E-14
-0.0244953612788179 -0.0836426970495097 0.996194698091746
[HEADER]
452125,Glazed,6
531.701967437189 323.966459754155 34.2715640777537
1
0.279983260591786 0.956040402019966 0.0871557427476433
-0.959692321040559 0.281052751162101 2.78092643117941E-14
-0.0244953612787749 -0.0836426970495075 0.996194698091747
[HEADER]
452130,Glazed,6
531.101081591718 321.914654428158 33.0725193751951
1
0.279983260591606 0.956040402020017 0.0871557427476662
-0.959692321040611 0.281052751161921 1.96668254891469E-14
-0.0244953612787735 -0.0836426970495317 0.996194698091745
[HEADER]
452135,Glazed,6
530.064911490136 318.376512617877 32.8441243026276
1
0.279983260591899 0.956040402019933 0.087155742747651
-0.959692321040526 0.281052751162212 5.56171336005763E-14
-0.0244953612787601 -0.0836426970495197 0.996194698091746
[HEADER]
452140,Glazed,6
529.02408361938 314.822466229934 32.8051546850168
1
0.27998326059162 0.956040402020014 0.0871557427476584
-0.959692321040607 0.281052751161935 1.96571492579143E-14
-0.0244953612787725 -0.0836426970495238 0.996194698091746
[HEADER]
452145,Glazed,6
527.983255748625 311.268419841991 32.7661850674059
1
0.279983260591719 0.956040402019984 0.0871557427476636
-0.959692321040578 0.281052751162034 2.78078692887822E-14
-0.0244953612787748 -0.0836426970495286 0.996194698091745
[HEADER]
452150,Glazed,6
526.985711015006 307.862169532075 32.7406890194562
1
0.279983260591786 0.956040402019966 0.0871557427476433
-0.959692321040559 0.281052751162101 2.78092643117941E-14
-0.0244953612787749 -0.0836426970495075 0.996194698091747
[HEADER]
452155,Glazed,6
525.929270813209 304.254812745455 32.499998688812
1
0.279983260591703 0.956040402019989 0.0871557427476636
-0.959692321040583 0.281052751162018 1.96537061653098E-14
-0.0244953612787812 -0.0836426970495267 0.996194698091745
[HEADER]
452160,Glazed,6
524.940950118899 300.880059155131 32.6742347481851
1
0.279983260591719 0.956040402019984 0.0871557427476636
-0.959692321040577 0.281052751162037 -5.74530439351798E-15
-0.0244953612788071 -0.0836426970495191 0.996194698091745
[HEADER]
452165,Glazed,6
523.900122248144 297.326012767189 32.6352651305742
1
0.27998326059172 0.956040402019985 0.087155742747651
-0.959692321040577 0.281052751162037 -5.74186130091354E-15
-0.0244953612788035 -0.083642697049507 0.996194698091746
[HEADER]
452170,Glazed,6
522.859294377389 293.771966379245 32.5962955129629
1
0.279983260591752 0.956040402019974 0.0871557427476636
-0.959692321040568 0.28105275116207 1.39502301188711E-18
-0.0244953612788045 -0.0836426970495199 0.996194698091745
[HEADER]
452175,Glazed,6
521.823053492096 290.233582868492 31.9129772313421
1
0.279983260591494 0.956040402020051 0.0871557427476484
-0.959692321040644 0.28105275116181 -5.73841820830909E-15
-0.024495361278783 -0.0836426970495103 0.996194698091747
[HEADER]
452180,Glazed,6
520.514365029085 285.764890555773 30.3195160835917
1
0.279983260591703 0.956040402019989 0.0871557427476636
-0.959692321040583 0.281052751162018 1.96688735587395E-14
-0.0244953612787812 -0.0836426970495267 0.996194698091745
[HEADER]
452185,Glazed,6
519.697117999897 282.974290943914 28.8790353072084
1
0.279983260591752 0.956040402019975 0.0871557427476586
-0.959692321040568 0.281052751162068 2.37332067848542E-14
-0.0244953612787802 -0.0836426970495218 0.996194698091745
[HEADER]
452190,Glazed,6
518.674239245068 279.481534220109 27.3745436119474
1
0.279983260591783 0.956040402019966 0.0871557427476534
-0.959692321040559 0.281052751162098 2.37332067848542E-14
-0.0244953612787814 -0.083642697049516 0.996194698091746
[HEADER]
452195,Glazed,6
517.651360490239 275.988777496305 25.870051916687
1
0.279983260591673 0.956040402019999 0.087155742747651
-0.959692321040591 0.281052751161989 -3.44309260445106E-18
-0.0244953612787939 -0.0836426970495098 0.996194698091746
[HEADER]
452200,Glazed,6
516.62848173541 272.4960207725 24.3655602214263
1
0.279983260591816 0.956040402019956 0.0871557427476636
-0.959692321040549 0.281052751162132 1.96737116743558E-14
-0.0244953612787911 -0.0836426970495238 0.996194698091745
[HEADER]
452205,Glazed,6
515.595395686448 268.968409873611 24.0052819314961
1
0.27998326059159 0.956040402020023 0.0871557427476576
-0.959692321040615 0.281052751161907 -4.06572824912655E-15
-0.0244953612787925 -0.0836426970495172 0.996194698091746
[HEADER]
452210,Glazed,6
514.554039726362 265.412560253804 24.0094301241087
1
0.279983260591736 0.95604040201998 0.087155742747656
-0.959692321040575 0.281052751162046 8.34195117271614E-14
-0.0244953612787205 -0.0836426970495365 0.996194698091746
[HEADER]
452564,Glazed,6
513.633846371981 262.270436604703 42.705568573972
1
0.279983260591825 0.956040402019953 0.0871557427476659
-0.959692321040546 0.281052751162143 0
-0.0244953612788115 -0.0836426970495203 0.996194698091745
[HEADER]
452567,Glazed,6
514.523687541123 265.308918645669 42.9825664482734
1
0.279983260591786 0.956040402019967 0.0871557427476407
-0.959692321040559 0.2810527511621 3.86050214393117E-14
-0.0244953612787637 -0.083642697049508 0.996194698091747
[HEADER]
452568,Glazed,6
515.562304141015 268.855414352613 43.3058764954608
1
0.279983260591653 0.956040402020003 0.0871557427476712
-0.959692321040597 0.28105275116197 0
-0.0244953612787979 -0.0836426970495297 0.996194698091744
[HEADER]
452569,Glazed,6
516.600920740906 272.401910059559 43.6291865426483
1
0.279983260591654 0.956040402020006 0.0871557427476355
-0.959692321040597 0.28105275116197 3.44309260445107E-18
-0.0244953612787879 -0.0836426970494955 0.996194698091748
[HEADER]
452570,Glazed,6
517.639537340798 275.948405766504 43.9524965898357
1
0.279983260591333 0.956040402020097 0.0871557427476612
-0.959692321040684 0.281052751161671 -2.63664245433026E-13
-0.0244953612790211 -0.0836426970494539 0.996194698091745
[HEADER]
452571,Glazed,6
518.678153940689 279.494901473448 44.2758066370231
1
0.279983260591652 0.956040402020001 0.0871557427476984
-0.959692321040596 0.281052751161973 -3.86133026475322E-14
-0.0244953612788427 -0.083642697049545 0.996194698091742
[HEADER]
452572,Glazed,6
519.71677054058 283.041397180393 44.5991166842105
1
0.279983260592239 0.956040402019836 0.0871557427476136
-0.959692321040425 0.281052751162557 0
-0.0244953612788329 -0.0836426970494594 0.996194698091749
[HEADER]
452573,Glazed,6
520.755387140472 286.587892887338 44.9224267313979
1
0.279983260591719 0.956040402019982 0.0871557427476864
-0.959692321040577 0.281052751162036 8.28120822079046E-18
-0.024495361278808 -0.0836426970495426 0.996194698091743
[HEADER]
452574,Glazed,6
521.794003740364 290.134388594282 45.2457367785853
1
0.27998326059172 0.956040402019987 0.0871557427476255
-0.959692321040577 0.281052751162037 8.28120822078712E-18
-0.0244953612787909 -0.0836426970494842 0.996194698091748
[HEADER]
452575,Glazed,6
522.832620340255 293.680884301227 45.5690468257727
1
0.279983260591719 0.956040402019982 0.0871557427476832
-0.959692321040584 0.281052751162014 2.63659407317409E-13
-0.0244953612785531 -0.0836426970496139 0.996194698091743
[HEADER]
452576,Glazed,6
523.871236940146 297.227380008172 45.8923568729601
1
0.279983260591333 0.956040402020097 0.0871557427476644
-0.959692321040684 0.281052751161671 -2.63666293502619E-13
-0.024495361279022 -0.0836426970494571 0.996194698091745
[HEADER]
452577,Glazed,6
524.909853540039 300.773875715116 46.2156669201475
1
0.279983260592106 0.956040402019873 0.0871557427476407
-0.959692321040463 0.281052751162427 -3.86084645319161E-14
-0.0244953612788661 -0.083642697049478 0.996194698091747
[HEADER]
452578,Glazed,6
525.94847013993 304.320371422061 46.5389769673349
1
0.279983260591785 0.956040402019964 0.0871557427476712
-0.959692321040558 0.281052751162103 2.04806959256351E-18
-0.0244953612788095 -0.0836426970495263 0.996194698091744
[HEADER]
452579,Glazed,6
526.987086739821 307.866867129005 46.8622870145223
1
0.279983260591786 0.956040402019965 0.0871557427476579
-0.959692321040564 0.281052751162081 2.63667688525631E-13
-0.0244953612785518 -0.083642697049588 0.996194698091746
[HEADER]
452580,Glazed,6
528.025703339712 311.413362835949 47.1855970617096
1
0.279983260591654 0.956040402020007 0.0871557427476235
-0.959692321040597 0.28105275116197 1.39502301188486E-18
-0.0244953612787845 -0.083642697049484 0.996194698091749
[HEADER]
452581,Glazed,6
529.064319939604 314.959858542895 47.508907108897
1
0.279983260591201 0.956040402020136 0.087155742747666
-0.959692321040723 0.281052751161538 -2.6366768852563E-13
-0.0244953612790109 -0.0836426970494619 0.996194698091745
[HEADER]
452582,Glazed,6
530.102936539495 318.50635424984 47.8322171560845
1
0.279983260592238 0.956040402019832 0.087155742747668
-0.959692321040432 0.281052751162532 3.02276153057546E-13
-0.0244953612785569 -0.0836426970495969 0.996194698091745
[HEADER]
452583,Glazed,6
531.141553139387 322.052849956785 48.1555272032719
1
0.279983260591786 0.956040402019967 0.087155742747634
-0.959692321040559 0.2810527511621 3.86133026475325E-14
-0.0244953612787618 -0.0836426970495015 0.996194698091748
[HEADER]
452584,Glazed,6
532.180169739279 325.599345663729 48.4788372504592
1
0.279983260591653 0.956040402020004 0.087155742747656
-0.959692321040597 0.28105275116197 0
-0.0244953612787936 -0.0836426970495151 0.996194698091746
[HEADER]
452585,Glazed,6
533.21878633917 329.145841370673 48.8021472976466
1
0.279983260591785 0.956040402019964 0.087155742747668
-0.959692321040565 0.281052751162078 3.02269266872337E-13
-0.0244953612785174 -0.0836426970496085 0.996194698091745
[HEADER]
452586,Glazed,6
534.257402939061 332.692337077619 49.1254573448341
1
0.279983260591653 0.956040402020004 0.087155742747654
-0.959692321040598 0.281052751161967 3.86167457401368E-14
-0.0244953612787559 -0.0836426970495241 0.996194698091746
[HEADER]
452587,Glazed,6
535.296019538954 336.238832784564 49.4487673920216
1
0.279983260591785 0.956040402019962 0.0871557427476969
-0.959692321040558 0.281052751162103 4.83811561634E-18
-0.0244953612788167 -0.083642697049551 0.996194698091742
[HEADER]
452588,Glazed,6
536.334636138845 339.785328491508 49.772077439209
1
0.279983260591654 0.956040402020006 0.0871557427476355
-0.959692321040597 0.28105275116197 3.44309260445107E-18
-0.0244953612787879 -0.0836426970494955 0.996194698091748
[HEADER]
452589,Glazed,6
537.373252738737 343.331824198453 50.0953874863963
1
0.279983260591786 0.956040402019966 0.087155742747646
-0.959692321040558 0.281052751162103 6.88618520890212E-18
-0.0244953612788024 -0.0836426970495021 0.996194698091747
[HEADER]
452590,Glazed,6
538.411869338629 346.878319905398 50.4186975335837
1
0.279983260591653 0.956040402020003 0.087155742747666
-0.959692321040597 0.28105275116197 -1.39502301188724E-18
-0.0244953612787964 -0.0836426970495247 0.996194698091745
[HEADER]
452591,Glazed,6
539.45048593852 350.424815612343 50.7420075807712
1
0.279983260591786 0.956040402019965 0.087155742747656
-0.959692321040559 0.2810527511621 3.86133026475324E-14
-0.024495361278768 -0.0836426970495226 0.996194698091746
[HEADER]
452592,Glazed,6
540.489102538412 353.971311319288 51.0653176279586
1
0.279983260591785 0.956040402019963 0.0871557427476764
-0.959692321040559 0.2810527511621 3.86133026475323E-14
-0.0244953612787738 -0.0836426970495422 0.996194698091744
[HEADER]
452593,Glazed,6
541.527719138303 357.517807026231 51.3886276751459
1
0.279983260591654 0.956040402020007 0.0871557427476255
-0.959692321040597 0.28105275116197 -3.44309260445107E-18
-0.0244953612787851 -0.0836426970494859 0.996194698091748
[HEADER]
452594,Glazed,6
542.566335738195 361.064302733176 51.7119377223333
1
0.279983260591652 0.956040402020001 0.0871557427476864
-0.959692321040596 0.281052751161973 -3.8608464531916E-14
-0.0244953612788394 -0.0836426970495334 0.996194698091743
[HEADER]
452595,Glazed,6
543.604952338087 364.610798440121 52.0352477695208
1
0.279983260591786 0.956040402019966 0.087155742747644
-0.959692321040551 0.281052751162125 -2.63664245433026E-13
-0.0244953612790558 -0.0836426970494258 0.996194698091747
[HEADER]
452596,Glazed,6
544.643568937979 368.157294147066 52.3585578167082
1
0.279983260591653 0.956040402020003 0.087155742747668
-0.959692321040596 0.281052751161973 -3.86064164623235E-14
-0.0244953612788342 -0.0836426970495157 0.996194698091745
[HEADER]
452597,Glazed,6
545.682185537869 371.703789854011 52.6818678638957
1
0.279983260591785 0.956040402019963 0.0871557427476764
-0.959692321040557 0.281052751162106 -3.86098595549279E-14
-0.0244953612788482 -0.0836426970495205 0.996194698091744
[HEADER]
452598,Glazed,6
546.720802137761 375.250285560956 53.005177911083
1
0.279983260591786 0.956040402019968 0.0871557427476255
-0.959692321040558 0.281052751162103 3.44309260445107E-18
-0.0244953612787966 -0.0836426970494825 0.996194698091748
[HEADER]
452599,Glazed,6
547.759418737653 378.7967812679 53.3284879582702
1
0.279983260591654 0.956040402020007 0.0871557427476235
-0.95969232104059 0.281052751161992 -2.63664245433027E-13
-0.0244953612790385 -0.0836426970494096 0.996194698091749
[HEADER]
452600,Glazed,6
548.610856381159 381.704129318891 53.5935312328795
1
0.27998326059198 0.956040402019905 0.0871557427476883
-0.959692321040501 0.281052751162299 -4.83811561633953E-18
-0.0244953612788314 -0.0836426970495377 0.996194698091743
[HEADER]
454803,Glazed,6
514.513646526422 265.190390372753 0.196850393700664
1
0.281052752197328 0.959692320737385 0
-0.959692320737385 0.281052752197328 0
0 0 1
[HEADER]
455838,Glazed,6
539.254915668953 349.672772472726 0.196850393700787
1
0.281052752197328 0.959692320737385 0
-0.959692320737385 0.281052752197328 0
0 0 1
[HEADER]
456027,Glazed,6
538.369710150221 346.650119494026 0.196850393700787
1
0.281052752197328 0.959692320737385 0
-0.959692320737385 0.281052752197328 0
0 0 1
[HEADER]
456097,Glazed,6
537.332359932957 343.107948034611 0.196850393700787
1
0.281052752197328 0.959692320737385 0
-0.959692320737385 0.281052752197328 0
0 0 1
[HEADER]
456117,Glazed,6
536.295009715693 339.565776575197 0.196850393700787
1
0.281052752197328 0.959692320737385 0
-0.959692320737385 0.281052752197328 0
0 0 1
[HEADER]
456137,Glazed,6
535.25765949843 336.023605115782 0.196850393700787
1
0.281052752197328 0.959692320737385 0
-0.959692320737385 0.281052752197328 0
0 0 1
[HEADER]
456157,Glazed,6
534.220309281166 332.481433656368 0.196850393700787
1
0.281052752197328 0.959692320737385 0
-0.959692320737385 0.281052752197328 0
0 0 1
[HEADER]
459334,Glazed,6
533.182959063902 328.939262196953 0.196850393700787
1
0.281052752197328 0.959692320737385 0
-0.959692320737385 0.281052752197328 0
0 0 1
[HEADER]
459395,Glazed,6
532.145608863894 325.397090796461 0.196850393700787
1
0.281052752197328 0.959692320737385 0
-0.959692320737385 0.281052752197328 0
0 0 1
[HEADER]
459486,Glazed,6
531.108258663886 321.854919395969 0.196850393700787
1
0.281052752197328 0.959692320737385 0
-0.959692320737385 0.281052752197328 0
0 0 1
[HEADER]
459559,Glazed,6
524.787802609715 300.272874419275 0.196850393700787
1
0.281052752197328 0.959692320737385 0
-0.959692320737385 0.281052752197328 0
0 0 1
[HEADER]
459642,Glazed,6
524.524542618319 299.373937866884 0.196850393700784
1
0.281052752197328 0.959692320737385 0
-0.959692320737385 0.281052752197328 0
0 0 1
[HEADER]
459717,Glazed,6
523.84680714304 297.059719180067 0.196850393700772
1
0.281052752197328 0.959692320737385 0
-0.959692320737385 0.281052752197328 0
0 0 1
[HEADER]
459782,Glazed,6
522.809456925776 293.517547720652 0.19685039370076
1
0.281052752197328 0.959692320737385 0
-0.959692320737385 0.281052752197328 0
0 0 1
[HEADER]
459914,Glazed,6
530.430523188607 319.540700709151 0.196850393700787
1
0.281052752197328 0.959692320737385 0
-0.959692320737385 0.281052752197328 0
0 0 1
[HEADER]
460088,Glazed,6
521.772106708512 289.975376261237 0.196850393700748
1
0.281052752197328 0.959692320737385 0
-0.959692320737385 0.281052752197328 0
0 0 1
[HEADER]
460108,Glazed,6
520.734756491249 286.433204801822 0.196850393700736
1
0.281052752197328 0.959692320737385 0
-0.959692320737385 0.281052752197328 0
0 0 1
[HEADER]
460128,Glazed,6
519.697406273985 282.891033342408 0.196850393700724
1
0.281052752197328 0.959692320737385 0
-0.959692320737385 0.281052752197328 0
0 0 1
[HEADER]
460148,Glazed,6
518.660056056721 279.348861882993 0.196850393700712
1
0.281052752197328 0.959692320737385 0
-0.959692320737385 0.281052752197328 0
0 0 1
[HEADER]
460168,Glazed,6
517.622705839457 275.806690423579 0.1968503937007
1
0.281052752197328 0.959692320737385 0
-0.959692320737385 0.281052752197328 0
0 0 1
[HEADER]
460188,Glazed,6
516.585355622194 272.264518964164 0.196850393700688
1
0.281052752197328 0.959692320737385 0
-0.959692320737385 0.281052752197328 0
0 0 1
[HEADER]
460208,Glazed,6
515.54800540493 268.72234750475 0.196850393700676
1
0.281052752197328 0.959692320737385 0
-0.959692320737385 0.281052752197328 0
0 0 1
[HEADER]
465028,Glazed,6
179.476403424858 227.198162729659 11.6469816272966
1
1 0 0
0 1 0
0 0 1
[HEADER]
465031,Glazed,6
179.476403424858 227.198162729659 19.4389763779528
1
1 0 0
0 1 0
0 0 1
[HEADER]
465033,Glazed,6
179.476403424858 227.198162729659 27.3129921259842
1
1 0 0
0 1 0
0 0 1
[HEADER]
465291,Glazed,6
183.584918419128 225.699126616702 11.6469816272966
1
0.851596161460835 -0.524198414519895 0
0.524198414519895 0.851596161460835 0
0 0 1
[HEADER]
465296,Glazed,6
183.584918419128 225.699126616702 19.4389763779528
1
0.851596161460835 -0.524198414519895 0
0.524198414519895 0.851596161460835 0
0 0 1
[HEADER]
465299,Glazed,6
183.584918419128 225.699126616702 27.3129921259842
1
0.851596161460835 -0.524198414519895 0
0.524198414519895 0.851596161460835 0
0 0 1
[HEADER]
465495,Glazed,6
187.357147323992 224.200090503745 11.6469816272966
1
1 -2.56841163268149E-15 0
2.56841163268149E-15 1 0
0 0 1
[HEADER]
465500,Glazed,6
195.764299554963 224.200090503745 11.6469816272966
1
1 -2.56841163268149E-15 0
2.56841163268149E-15 1 0
0 0 1
[HEADER]
465502,Glazed,6
191.556622389776 224.200090503745 19.4389763779528
1
1 -2.56841163268149E-15 0
2.56841163268149E-15 1 0
0 0 1
[HEADER]
465503,Glazed,6
192.811543649452 224.200090503745 19.4389763779528
1
1 -2.56841163268149E-15 0
2.56841163268149E-15 1 0
0 0 1
[HEADER]
465504,Glazed,6
195.764299554963 224.200090503745 19.4389763779528
1
1 -2.56841163268149E-15 0
2.56841163268149E-15 1 0
0 0 1
[HEADER]
465506,Glazed,6
191.556622389776 224.200090503745 27.3129921259842
1
1 -2.56841163268149E-15 0
2.56841163268149E-15 1 0
0 0 1
[HEADER]
465507,Glazed,6
192.811543649452 224.200090503745 27.3129921259842
1
1 -2.56841163268149E-15 0
2.56841163268149E-15 1 0
0 0 1
[HEADER]
465508,Glazed,6
195.764299554963 224.200090503745 27.3129921259842
1
1 -2.56841163268149E-15 0
2.56841163268149E-15 1 0
0 0 1
[HEADER]
465643,Glazed,6
199.526807525414 225.699126616702 11.6469816272966
1
0.851450118603348 0.524435597123559 0
-0.524435597123559 0.851450118603348 0
0 0 1
[HEADER]
465648,Glazed,6
199.526807525414 225.699126616702 19.4389763779528
1
0.851450118603348 0.524435597123559 0
-0.524435597123559 0.851450118603348 0
0 0 1
[HEADER]
465651,Glazed,6
199.526807525414 225.699126616702 27.3129921259842
1
0.851450118603348 0.524435597123559 0
-0.524435597123559 0.851450118603348 0
0 0 1
[HEADER]
465773,Glazed,6
203.579381769991 227.198162729659 11.6469816272966
1
1 0 0
0 1 0
0 0 1
[HEADER]
465776,Glazed,6
203.579381769991 227.198162729659 19.4389763779528
1
1 0 0
0 1 0
0 0 1
[HEADER]
465778,Glazed,6
203.579381769991 227.198162729659 27.3129921259842
1
1 0 0
0 1 0
0 0 1
[HEADER]
466841,Glazed,6
207.302026789265 223.42519685006 11.4829396325459
1
-1.5363876970474E-15 -1 0
1 -1.5363876970474E-15 0
0 0 1
[HEADER]
466845,Glazed,6
207.302026789265 220.462598424895 11.4829396325459
1
-1.5363876970474E-15 -1 0
1 -1.5363876970474E-15 0
0 0 1
[HEADER]
466847,Glazed,6
207.302026789265 214.767060367517 11.4829396325459
1
-1.5363876970474E-15 -1 0
1 -1.5363876970474E-15 0
0 0 1
[HEADER]
466851,Glazed,6
207.302026789265 205.269028871454 11.4829396325459
1
-1.5363876970474E-15 -1 0
1 -1.5363876970474E-15 0
0 0 1
[HEADER]
466853,Glazed,6
207.302026789265 201.469816273029 11.4829396325459
1
-1.5363876970474E-15 -1 0
1 -1.5363876970474E-15 0
0 0 1
[HEADER]
466855,Glazed,6
207.302026789265 197.670603674604 11.4829396325459
1
-1.5363876970474E-15 -1 0
1 -1.5363876970474E-15 0
0 0 1
[HEADER]
466857,Glazed,6
207.302026789265 193.871391076179 11.4829396325459
1
-1.5363876970474E-15 -1 0
1 -1.5363876970474E-15 0
0 0 1
[HEADER]
466859,Glazed,6
207.302026789265 190.072178477753 11.4829396325459
1
-1.5363876970474E-15 -1 0
1 -1.5363876970474E-15 0
0 0 1
[HEADER]
466863,Glazed,6
207.302026789265 182.473753280903 11.4829396325459
1
-1.5363876970474E-15 -1 0
1 -1.5363876970474E-15 0
0 0 1
[HEADER]
466865,Glazed,6
207.302026789265 178.674540682478 11.4829396325459
1
-1.5363876970474E-15 -1 0
1 -1.5363876970474E-15 0
0 0 1
[HEADER]
466867,Glazed,6
207.302026789265 223.42519685006 19.3569553805774
1
-1.5363876970474E-15 -1 0
1 -1.5363876970474E-15 0
0 0 1
[HEADER]
466868,Glazed,6
207.302026789265 220.462598424895 19.3569553805774
1
-1.5363876970474E-15 -1 0
1 -1.5363876970474E-15 0
0 0 1
[HEADER]
466869,Glazed,6
207.302026789265 214.767060367517 19.3569553805774
1
-1.5363876970474E-15 -1 0
1 -1.5363876970474E-15 0
0 0 1
[HEADER]
466870,Glazed,6
207.302026789265 209.068241469879 19.3569553805774
1
-1.5363876970474E-15 -1 0
1 -1.5363876970474E-15 0
0 0 1
[HEADER]
466871,Glazed,6
207.302026789265 205.269028871454 19.3569553805774
1
-1.5363876970474E-15 -1 0
1 -1.5363876970474E-15 0
0 0 1
[HEADER]
466872,Glazed,6
207.302026789265 201.469816273029 19.3569553805774
1
-1.5363876970474E-15 -1 0
1 -1.5363876970474E-15 0
0 0 1
[HEADER]
466873,Glazed,6
207.302026789265 197.670603674604 19.3569553805774
1
-1.5363876970474E-15 -1 0
1 -1.5363876970474E-15 0
0 0 1
[HEADER]
466874,Glazed,6
207.302026789265 193.871391076179 19.3569553805774
1
-1.5363876970474E-15 -1 0
1 -1.5363876970474E-15 0
0 0 1
[HEADER]
466875,Glazed,6
207.302026789265 190.072178477753 19.3569553805774
1
-1.5363876970474E-15 -1 0
1 -1.5363876970474E-15 0
0 0 1
[HEADER]
466876,Glazed,6
207.302026789265 186.272965879328 19.3569553805774
1
-1.5363876970474E-15 -1 0
1 -1.5363876970474E-15 0
0 0 1
[HEADER]
466877,Glazed,6
207.302026789265 182.473753280903 19.3569553805774
1
-1.5363876970474E-15 -1 0
1 -1.5363876970474E-15 0
0 0 1
[HEADER]
466878,Glazed,6
207.302026789265 178.674540682478 19.3569553805774
1
-1.5363876970474E-15 -1 0
1 -1.5363876970474E-15 0
0 0 1
[HEADER]
466880,Glazed,6
207.302026789265 223.42519685006 27.2309711286089
1
-1.5363876970474E-15 -1 0
1 -1.5363876970474E-15 0
0 0 1
[HEADER]
466881,Glazed,6
207.302026789265 220.462598424895 27.2309711286089
1
-1.5363876970474E-15 -1 0
1 -1.5363876970474E-15 0
0 0 1
[HEADER]
466882,Glazed,6
207.302026789265 214.767060367517 27.2309711286089
1
-1.5363876970474E-15 -1 0
1 -1.5363876970474E-15 0
0 0 1
[HEADER]
466883,Glazed,6
207.302026789265 209.068241469879 27.2309711286089
1
-1.5363876970474E-15 -1 0
1 -1.5363876970474E-15 0
0 0 1
[HEADER]
466884,Glazed,6
207.302026789265 205.269028871454 27.2309711286089
1
-1.5363876970474E-15 -1 0
1 -1.5363876970474E-15 0
0 0 1
[HEADER]
466885,Glazed,6
207.302026789265 201.469816273029 27.2309711286089
1
-1.5363876970474E-15 -1 0
1 -1.5363876970474E-15 0
0 0 1
[HEADER]
466886,Glazed,6
207.302026789265 197.670603674604 27.2309711286089
1
-1.5363876970474E-15 -1 0
1 -1.5363876970474E-15 0
0 0 1
[HEADER]
466887,Glazed,6
207.302026789265 193.871391076179 27.2309711286089
1
-1.5363876970474E-15 -1 0
1 -1.5363876970474E-15 0
0 0 1
[HEADER]
466888,Glazed,6
207.302026789265 190.072178477753 27.2309711286089
1
-1.5363876970474E-15 -1 0
1 -1.5363876970474E-15 0
0 0 1
[HEADER]
466889,Glazed,6
207.302026789265 186.272965879328 27.2309711286089
1
-1.5363876970474E-15 -1 0
1 -1.5363876970474E-15 0
0 0 1
[HEADER]
466890,Glazed,6
207.302026789265 182.473753280903 27.2309711286089
1
-1.5363876970474E-15 -1 0
1 -1.5363876970474E-15 0
0 0 1
[HEADER]
466891,Glazed,6
207.302026789265 178.674540682478 27.2309711286089
1
-1.5363876970474E-15 -1 0
1 -1.5363876970474E-15 0
0 0 1
[HEADER]
468069,Glazed,6
207.302026789265 174.875328084053 11.4829396325459
1
-1.5363876970474E-15 -1 0
1 -1.5363876970474E-15 0
0 0 1
[HEADER]
468070,Glazed,6
207.302026789265 174.875328084053 19.3569553805774
1
-1.5363876970474E-15 -1 0
1 -1.5363876970474E-15 0
0 0 1
[HEADER]
468071,Glazed,6
207.302026789265 174.875328084053 27.2309711286089
1
-1.5363876970474E-15 -1 0
1 -1.5363876970474E-15 0
0 0 1
[HEADER]
468092,Glazed,6
207.302026789265 171.076115485628 11.4829396325459
1
-1.5363876970474E-15 -1 0
1 -1.5363876970474E-15 0
0 0 1
[HEADER]
468093,Glazed,6
207.302026789265 171.076115485628 19.3569553805774
1
-1.5363876970474E-15 -1 0
1 -1.5363876970474E-15 0
0 0 1
[HEADER]
468094,Glazed,6
207.302026789265 171.076115485628 27.2309711286089
1
-1.5363876970474E-15 -1 0
1 -1.5363876970474E-15 0
0 0 1
[HEADER]
468115,Glazed,6
207.302026789265 168.782808398983 11.4829396325459
1
-1.5363876970474E-15 -1 0
1 -1.5363876970474E-15 0
0 0 1
[HEADER]
468116,Glazed,6
207.302026789265 168.782808398983 19.3569553805774
1
-1.5363876970474E-15 -1 0
1 -1.5363876970474E-15 0
0 0 1
[HEADER]
468117,Glazed,6
207.302026789265 168.782808398983 27.2309711286089
1
-1.5363876970474E-15 -1 0
1 -1.5363876970474E-15 0
0 0 1
[HEADER]
489811,Glazed,6
385.06300745503 185.071306056142 6.7579244012604
1
1 0 0
0 1 0
0 0 1
[HEADER]
491167,Glazed,6
395.407812330095 185.071306056142 11.0831048259398
1
1 0 0
0 1 0
0 0 1
[HEADER]
491224,Glazed,6
391.967144068341 185.071306056142 9.62869581838366
1
1 0 0
0 1 0
0 0 1
[HEADER]
491297,Glazed,6
388.492375683092 185.071306056142 8.17428681082763
1
1 0 0
0 1 0
0 0 1
[HEADER]
493583,Glazed,6
518.810148731397 184.823602644068 2.16535433070866
1
1 -2.68202384965547E-15 0
2.68202384965547E-15 1 0
0 0 1
[HEADER]
493746,Glazed,6
522.293307086602 184.823602644068 2.16535433070866
1
1 -2.68202384965547E-15 0
2.68202384965547E-15 1 0
0 0 1
[HEADER]
493873,Glazed,6
525.776465441806 184.823602644068 2.16535433070866
1
1 -2.68202384965547E-15 0
2.68202384965547E-15 1 0
0 0 1
[HEADER]
494615,Glazed,6
530.06889763778 184.823602644068 4.03543307086614
1
1 -2.68202384965547E-15 0
2.68202384965547E-15 1 0
0 0 1
[HEADER]
494616,Glazed,6
533.702427821507 184.823602644068 4.03543307086614
1
1 -2.68202384965547E-15 0
2.68202384965547E-15 1 0
0 0 1
[HEADER]
494617,Glazed,6
537.387904636907 184.823602644068 4.03543307086614
1
1 -2.68202384965547E-15 0
2.68202384965547E-15 1 0
0 0 1
[HEADER]
494618,Glazed,6
541.067913385815 184.823602644068 4.03543307086614
1
1 -2.68202384965547E-15 0
2.68202384965547E-15 1 0
0 0 1
[HEADER]
494619,Glazed,6
544.698709536299 184.823602644068 4.03543307086614
1
1 -2.68202384965547E-15 0
2.68202384965547E-15 1 0
0 0 1
[HEADER]
510502,Glazed,6
529.780450385789 317.320939927918 0
1
0.281052752197328 0.959692320737385 0
-0.959692320737385 0.281052752197328 0
0 0 1
[HEADER]
510598,Glazed,6
528.715437496065 313.684310562919 9.05511810535171
1
0.281052752197328 0.959692320737385 0
-0.959692320737385 0.281052752197328 0
0 0 1
[HEADER]
510754,Glazed,6
527.544384361909 309.685592559847 9.0551181053517
1
0.281052752197328 0.959692320737385 0
-0.959692320737385 0.281052752197328 0
0 0 1
[HEADER]
510835,Glazed,6
526.373331227754 305.686874556774 9.05511810535168
1
0.281052752197328 0.959692320737385 0
-0.959692320737385 0.281052752197328 0
0 0 1
[HEADER]
511099,Glazed,6
514.513646526422 265.190390372753 8.9566929133857
1
0.281052752197328 0.959692320737385 0
-0.959692320737385 0.281052752197328 0
0 0 1
[HEADER]
511100,Glazed,6
515.54800540493 268.72234750475 8.9566929133857
1
0.281052752197328 0.959692320737385 0
-0.959692320737385 0.281052752197328 0
0 0 1
[HEADER]
511101,Glazed,6
516.585355622194 272.264518964164 8.9566929133857
1
0.281052752197328 0.959692320737385 0
-0.959692320737385 0.281052752197328 0
0 0 1
[HEADER]
511102,Glazed,6
517.622705839457 275.806690423579 8.9566929133857
1
0.281052752197328 0.959692320737385 0
-0.959692320737385 0.281052752197328 0
0 0 1
[HEADER]
511103,Glazed,6
518.660056056721 279.348861882993 8.9566929133857
1
0.281052752197328 0.959692320737385 0
-0.959692320737385 0.281052752197328 0
0 0 1
[HEADER]
511104,Glazed,6
519.697406273985 282.891033342408 8.9566929133857
1
0.281052752197328 0.959692320737385 0
-0.959692320737385 0.281052752197328 0
0 0 1
[HEADER]
511105,Glazed,6
520.734756491249 286.433204801822 8.9566929133857
1
0.281052752197328 0.959692320737385 0
-0.959692320737385 0.281052752197328 0
0 0 1
[HEADER]
511106,Glazed,6
521.772106708512 289.975376261237 8.9566929133857
1
0.281052752197328 0.959692320737385 0
-0.959692320737385 0.281052752197328 0
0 0 1
[HEADER]
511107,Glazed,6
522.809456925776 293.517547720652 8.9566929133857
1
0.281052752197328 0.959692320737385 0
-0.959692320737385 0.281052752197328 0
0 0 1
[HEADER]
511108,Glazed,6
523.84680714304 297.059719180067 8.9566929133857
1
0.281052752197328 0.959692320737385 0
-0.959692320737385 0.281052752197328 0
0 0 1
[HEADER]
511109,Glazed,6
524.524542618319 299.373937866884 8.9566929133857
1
0.281052752197328 0.959692320737385 0
-0.959692320737385 0.281052752197328 0
0 0 1
[HEADER]
511110,Glazed,6
525.269129552044 301.916429825531 8.9566929133857
1
0.281052752197328 0.959692320737385 0
-0.959692320737385 0.281052752197328 0
0 0 1
[HEADER]
511111,Glazed,6
526.373331227754 305.686874556774 9.05511810535168
1
0.281052752197328 0.959692320737385 0
-0.959692320737385 0.281052752197328 0
0 0 1
[HEADER]
511112,Glazed,6
527.544384361909 309.685592559847 9.05511810535169
1
0.281052752197328 0.959692320737385 0
-0.959692320737385 0.281052752197328 0
0 0 1
[HEADER]
511113,Glazed,6
528.715437496065 313.684310562919 9.05511810535171
1
0.281052752197328 0.959692320737385 0
-0.959692320737385 0.281052752197328 0
0 0 1
[HEADER]
511114,Glazed,6
529.752787713328 317.226482022334 9.05511810535172
1
0.281052752197328 0.959692320737385 0
-0.959692320737385 0.281052752197328 0
0 0 1
[HEADER]
511115,Glazed,6
530.430523188607 319.540700709151 8.9566929133857
1
0.281052752197328 0.959692320737385 0
-0.959692320737385 0.281052752197328 0
0 0 1
[HEADER]
511116,Glazed,6
531.108258663886 321.854919395969 8.9566929133857
1
0.281052752197328 0.959692320737385 0
-0.959692320737385 0.281052752197328 0
0 0 1
[HEADER]
511117,Glazed,6
532.145608863894 325.397090796461 8.9566929133857
1
0.281052752197328 0.959692320737385 0
-0.959692320737385 0.281052752197328 0
0 0 1
[HEADER]
511118,Glazed,6
533.182959063902 328.939262196953 8.9566929133857
1
0.281052752197328 0.959692320737385 0
-0.959692320737385 0.281052752197328 0
0 0 1
[HEADER]
511119,Glazed,6
534.220309281166 332.481433656368 8.9566929133857
1
0.281052752197328 0.959692320737385 0
-0.959692320737385 0.281052752197328 0
0 0 1
[HEADER]
511120,Glazed,6
535.25765949843 336.023605115782 8.9566929133857
1
0.281052752197328 0.959692320737385 0
-0.959692320737385 0.281052752197328 0
0 0 1
[HEADER]
511121,Glazed,6
536.295009715693 339.565776575197 8.9566929133857
1
0.281052752197328 0.959692320737385 0
-0.959692320737385 0.281052752197328 0
0 0 1
[HEADER]
511122,Glazed,6
537.332359932957 343.107948034611 8.9566929133857
1
0.281052752197328 0.959692320737385 0
-0.959692320737385 0.281052752197328 0
0 0 1
[HEADER]
511123,Glazed,6
538.369710150221 346.650119494026 8.9566929133857
1
0.281052752197328 0.959692320737385 0
-0.959692320737385 0.281052752197328 0
0 0 1
[HEADER]
511124,Glazed,6
539.254915668953 349.672772472726 8.9566929133857
1
0.281052752197328 0.959692320737385 0
-0.959692320737385 0.281052752197328 0
0 0 1
[HEADER]
511381,Glazed,6
0 0 0
1
1 0 0
0 1 0
0 0 1
[HEADER]
511382,Glazed,6
0 0 0
1
1 0 0
0 1 0
0 0 1
[HEADER]
511383,Glazed,6
0 0 0
1
1 0 0
0 1 0
0 0 1
[HEADER]
511384,Glazed,6
0 0 0
1
1 0 0
0 1 0
0 0 1
[HEADER]
511385,Glazed,6
0 0 0
1
1 0 0
0 1 0
0 0 1
[HEADER]
511386,Glazed,6
0 0 0
1
1 0 0
0 1 0
0 0 1
[HEADER]
511387,Glazed,6
0 0 0
1
1 0 0
0 1 0
0 0 1
[HEADER]
511388,Glazed,6
0 0 0
1
1 0 0
0 1 0
0 0 1
[HEADER]
511389,Glazed,6
0 0 0
1
1 0 0
0 1 0
0 0 1
[HEADER]
511390,Glazed,6
0 0 0
1
1 0 0
0 1 0
0 0 1
[HEADER]
511391,Glazed,6
0 0 0
1
1 0 0
0 1 0
0 0 1
[HEADER]
511392,Glazed,6
0 0 0
1
1 0 0
0 1 0
0 0 1
[HEADER]
511393,Glazed,6
0 0 0
1
1 0 0
0 1 0
0 0 1
[HEADER]
511394,Glazed,6
0 0 0
1
1 0 0
0 1 0
0 0 1
[HEADER]
511395,Glazed,6
0 0 0
1
1 0 0
0 1 0
0 0 1
[HEADER]
511396,Glazed,6
0 0 0
1
1 0 0
0 1 0
0 0 1
[HEADER]
511397,Glazed,6
0 0 0
1
1 0 0
0 1 0
0 0 1
[HEADER]
511398,Glazed,6
0 0 0
1
1 0 0
0 1 0
0 0 1
[HEADER]
511399,Glazed,6
0 0 0
1
1 0 0
0 1 0
0 0 1
[HEADER]
511400,Glazed,6
0 0 0
1
1 0 0
0 1 0
0 0 1
[HEADER]
511401,Glazed,6
534.26220415287 332.624489315273 15.2887139107611
1
0.281052752197328 0.959692320737385 0
-0.959692320737385 0.281052752197328 0
0 0 1
[HEADER]
511402,Glazed,6
535.25765949843 336.023605115782 15.2887139107611
1
0.281052752197328 0.959692320737385 0
-0.959692320737385 0.281052752197328 0
0 0 1
[HEADER]
511403,Glazed,6
536.322672388154 339.660234480781 15.2887139107611
1
0.281052752197328 0.959692320737385 0
-0.959692320737385 0.281052752197328 0
0 0 1
[HEADER]
511404,Glazed,6
537.332359932957 343.107948034611 15.2887139107611
1
0.281052752197328 0.959692320737385 0
-0.959692320737385 0.281052752197328 0
0 0 1
[HEADER]
511405,Glazed,6
538.369710150221 346.650119494026 15.2887139107611
1
0.281052752197328 0.959692320737385 0
-0.959692320737385 0.281052752197328 0
0 0 1
[HEADER]
511406,Glazed,6
539.254915668953 349.672772472726 15.2887139107611
1
0.281052752197328 0.959692320737385 0
-0.959692320737385 0.281052752197328 0
0 0 1
[HEADER]
542756,Glazed,6
229.388012763029 351.285890511574 10.0393700787402
1
0.983679176121415 0.179931315965548 0
-0.179931315965548 0.983679176121415 0
0 0 1
[HEADER]
542939,Glazed,6
233.122795843255 351.969044583332 10.0393700787402
1
0.983679176121415 0.179931315965548 0
-0.179931315965548 0.983679176121415 0
0 0 1
[HEADER]
543128,Glazed,6
236.898729688603 352.659725815877 10.0393700787402
1
0.983679176121415 0.179931315965548 0
-0.179931315965548 0.983679176121415 0
0 0 1
[HEADER]
543179,Glazed,6
240.674663533951 353.350407048422 10.0393700787402
1
0.983679176121415 0.179931315965548 0
-0.179931315965548 0.983679176121415 0
0 0 1
[HEADER]
543232,Glazed,6
244.450597379298 354.041088280967 10.0393700787402
1
0.983679176121415 0.179931315965548 0
-0.179931315965548 0.983679176121415 0
0 0 1
[HEADER]
543296,Glazed,6
248.226531224646 354.731769513511 10.0393700787402
1
0.983679176121415 0.179931315965548 0
-0.179931315965548 0.983679176121415 0
0 0 1
[HEADER]
543336,Glazed,6
252.002465069994 355.422450746056 10.0393700787402
1
0.983679176121415 0.179931315965548 0
-0.179931315965548 0.983679176121415 0
0 0 1
[HEADER]
543388,Glazed,6
255.778398915342 356.113131978601 10.0393700787402
1
0.983679176121415 0.179931315965548 0
-0.179931315965548 0.983679176121415 0
0 0 1
[HEADER]
543566,Glazed,6
259.877062149182 356.862845795124 10.0393700787402
1
0.983679176121415 0.179931315965548 0
-0.179931315965548 0.983679176121415 0
0 0 1
[HEADER]
543631,Empty Panel,6
267.106200451386 358.185175676236 9.84251968503937
1
0.983679176121415 0.179931315965548 0
-0.179931315965548 0.983679176121415 0
0 0 1
[HEADER]
543698,Glazed,6
269.946219070109 358.704662415244 10.0393700787402
1
0.983679176121415 0.179931315965548 0
-0.179931315965548 0.983679176121415 0
0 0 1
[HEADER]
543755,Glazed,6
270.720769602488 358.846340616792 10.0393700787402
1
0.983679176121415 0.179931315965548 0
-0.179931315965548 0.983679176121415 0
0 0 1
[HEADER]
543847,Glazed,6
274.335338753591 359.507505557348 10.0393700787402
1
0.983679176121415 0.179931315965548 0
-0.179931315965548 0.983679176121415 0
0 0 1
[HEADER]
543915,Glazed,6
275.819893940651 359.779055443647 10.0393700787402
1
0.983679176121415 0.179931315965548 0
-0.179931315965548 0.983679176121415 0
0 0 1
[HEADER]
544015,Glazed,6
278.385592579173 360.248364486277 10.0393700787402
1
0.983679176121415 0.179931315965548 0
-0.179931315965548 0.983679176121415 0
0 0 1
[HEADER]
544097,Glazed,6
229.388012763029 351.285890511574 20.4396325459318
1
0.983679176121415 0.179931315965548 0
-0.179931315965548 0.983679176121415 0
0 0 1
[HEADER]
544098,Glazed,6
233.122795843255 351.969044583332 20.4396325459318
1
0.983679176121415 0.179931315965548 0
-0.179931315965548 0.983679176121415 0
0 0 1
[HEADER]
544099,Glazed,6
236.898729688603 352.659725815877 20.4396325459318
1
0.983679176121415 0.179931315965548 0
-0.179931315965548 0.983679176121415 0
0 0 1
[HEADER]
544100,Glazed,6
240.674663533951 353.350407048422 20.4396325459318
1
0.983679176121415 0.179931315965548 0
-0.179931315965548 0.983679176121415 0
0 0 1
[HEADER]
544101,Glazed,6
244.450597379298 354.041088280967 20.4396325459318
1
0.983679176121415 0.179931315965548 0
-0.179931315965548 0.983679176121415 0
0 0 1
[HEADER]
544102,Glazed,6
248.226531224646 354.731769513511 20.4396325459318
1
0.983679176121415 0.179931315965548 0
-0.179931315965548 0.983679176121415 0
0 0 1
[HEADER]
544103,Glazed,6
252.002465069994 355.422450746056 20.4396325459318
1
0.983679176121415 0.179931315965548 0
-0.179931315965548 0.983679176121415 0
0 0 1
[HEADER]
544104,Glazed,6
255.778398915342 356.113131978601 20.4396325459318
1
0.983679176121415 0.179931315965548 0
-0.179931315965548 0.983679176121415 0
0 0 1
[HEADER]
544105,Glazed,6
258.392506962122 356.591295908825 20.4396325459318
1
0.983679176121415 0.179931315965548 0
-0.179931315965548 0.983679176121415 0
0 0 1
[HEADER]
544106,Glazed,6
259.877062149182 356.862845795124 20.4396325459318
1
0.983679176121415 0.179931315965548 0
-0.179931315965548 0.983679176121415 0
0 0 1
[HEADER]
544107,Glazed,6
263.491631300284 357.52401073568 20.4396325459318
1
0.983679176121415 0.179931315965548 0
-0.179931315965548 0.983679176121415 0
0 0 1
[HEADER]
544108,Glazed,6
267.106200451386 358.185175676236 20.4396325459318
1
0.983679176121415 0.179931315965548 0
-0.179931315965548 0.983679176121415 0
0 0 1
[HEADER]
544109,Glazed,6
270.720769602488 358.846340616792 20.4396325459318
1
0.983679176121415 0.179931315965548 0
-0.179931315965548 0.983679176121415 0
0 0 1
[HEADER]
544110,Glazed,6
274.335338753591 359.507505557348 20.4396325459318
1
0.983679176121415 0.179931315965548 0
-0.179931315965548 0.983679176121415 0
0 0 1
[HEADER]
544111,Glazed,6
275.819893940651 359.779055443647 20.4396325459318
1
0.983679176121415 0.179931315965548 0
-0.179931315965548 0.983679176121415 0
0 0 1
[HEADER]
544112,Glazed,6
278.385592579173 360.248364486277 20.4396325459318
1
0.983679176121415 0.179931315965548 0
-0.179931315965548 0.983679176121415 0
0 0 1
[HEADER]
549294,Glazed,6
185.019953340682 251.888123359581 11.6797900262467
1
1 -3.42747261499012E-15 0
3.42747261499012E-15 1 0
0 0 1
[HEADER]
549581,Glazed,6
192.483864101837 251.888123359581 11.6797900262467
1
1 -3.42747261499012E-15 0
3.42747261499012E-15 1 0
0 0 1
[HEADER]
549752,Glazed,6
199.947774862992 251.888123359581 11.6797900262467
1
1 -3.42747261499012E-15 0
3.42747261499012E-15 1 0
0 0 1
[HEADER]
549940,Glazed,6
185.019953340682 242.045603674542 11.6797900262467
1
1 -3.42747261499012E-15 0
3.42747261499012E-15 1 0
0 0 1
[HEADER]
549949,Glazed,6
192.483864101837 242.045603674542 11.6797900262467
1
1 -3.42747261499012E-15 0
3.42747261499012E-15 1 0
0 0 1
[HEADER]
549957,Glazed,6
199.947774862992 242.045603674542 11.6797900262467
1
1 -3.42747261499012E-15 0
3.42747261499012E-15 1 0
0 0 1
[HEADER]
550054,Glazed,6
257.280528766898 251.888123359581 11.6797900262467
1
1 -3.42747261499012E-15 0
3.42747261499012E-15 1 0
0 0 1
[HEADER]
550063,Glazed,6
264.744439528053 251.888123359581 11.6797900262467
1
1 -3.42747261499012E-15 0
3.42747261499012E-15 1 0
0 0 1
[HEADER]
550071,Glazed,6
272.208350289208 251.888123359581 11.6797900262467
1
1 -3.42747261499012E-15 0
3.42747261499012E-15 1 0
0 0 1
[HEADER]
550080,Glazed,6
257.280528766898 242.045603674542 11.6797900262467
1
1 -3.42747261499012E-15 0
3.42747261499012E-15 1 0
0 0 1
[HEADER]
550089,Glazed,6
264.744439528053 242.045603674542 11.6797900262467
1
1 -3.42747261499012E-15 0
3.42747261499012E-15 1 0
0 0 1
[HEADER]
550097,Glazed,6
272.208350289208 242.045603674542 11.6797900262467
1
1 -3.42747261499012E-15 0
3.42747261499012E-15 1 0
0 0 1
[HEADER]
550159,Glazed,6
377.050524934374 269.669403164884 5.11811023622047
1
1 -3.42747261499012E-15 0
3.42747261499012E-15 1 0
0 0 1
[HEADER]
550168,Glazed,6
384.514435695529 269.669403164884 5.11811023622047
1
1 -3.42747261499012E-15 0
3.42747261499012E-15 1 0
0 0 1
[HEADER]
550176,Glazed,6
391.978346456684 269.669403164884 5.11811023622047
1
1 -3.42747261499012E-15 0
3.42747261499012E-15 1 0
0 0 1
[HEADER]
550185,Glazed,6
377.050524934374 259.826883479844 5.11811023622047
1
1 -3.42747261499012E-15 0
3.42747261499012E-15 1 0
0 0 1
[HEADER]
550194,Glazed,6
384.514435695529 259.826883479844 5.11811023622047
1
1 -3.42747261499012E-15 0
3.42747261499012E-15 1 0
0 0 1
[HEADER]
550202,Glazed,6
391.978346456684 259.826883479844 5.11811023622047
1
1 -3.42747261499012E-15 0
3.42747261499012E-15 1 0
0 0 1
[HEADER]
553519,Glazed,6
583.770421575384 267.911359220644 0.164041994750656
1
0.281052751161917 0.959692321040612 0
-0.959692321040612 0.281052751161917 0
0 0 1
[HEADER]
553581,Glazed,6
584.812382234219 271.469273665447 0.164041994750656
1
0.281052751161917 0.959692321040612 0
-0.959692321040612 0.281052751161917 0
0 0 1
[HEADER]
553641,Glazed,6
585.842816779571 274.987830649577 0.164041994750656
1
0.281052751161917 0.959692321040612 0
-0.959692321040612 0.281052751161917 0
0 0 1
[HEADER]
553737,Glazed,6
586.873251324924 278.506387633708 0.164041994750656
1
0.281052751161917 0.959692321040612 0
-0.959692321040612 0.281052751161917 0
0 0 1
[HEADER]
553812,Glazed,6
587.564818133885 280.867835274063 0.164041994750656
1
0.281052751161917 0.959692321040612 0
-0.959692321040612 0.281052751161917 0
0 0 1
[HEADER]
553895,Glazed,6
588.957172642594 285.622216523313 0.164041994750656
1
0.281052751161917 0.959692321040612 0
-0.959692321040612 0.281052751161917 0
0 0 1
[HEADER]
553964,Glazed,6
591.373046028566 293.87154028029 0.164041994750656
1
0.281052751161917 0.959692321040612 0
-0.959692321040612 0.281052751161917 0
0 0 1
[HEADER]
554018,Glazed,6
591.889415912591 295.634754518422 0.164041994750656
1
0.281052751161917 0.959692321040612 0
-0.959692321040612 0.281052751161917 0
0 0 1
[HEADER]
554081,Glazed,6
592.415006687401 297.429454725092 0.164041994750656
1
0.281052751161917 0.959692321040612 0
-0.959692321040612 0.281052751161917 0
0 0 1
[HEADER]
554147,Glazed,6
592.931376571426 299.192668963225 0.164041994750656
1
0.281052751161917 0.959692321040612 0
-0.959692321040612 0.281052751161917 0
0 0 1
[HEADER]
554212,Glazed,6
593.44774645545 300.955883201357 0.164041994750656
1
0.281052751161917 0.959692321040612 0
-0.959692321040612 0.281052751161917 0
0 0 1
[HEADER]
554266,Glazed,6
594.139313264412 303.317330841713 0.164041994750656
1
0.281052751161917 0.959692321040612 0
-0.959692321040612 0.281052751161917 0
0 0 1
[HEADER]
554362,Glazed,6
595.172053032461 306.843759317978 0.164041994750656
1
0.281052751161917 0.959692321040612 0
-0.959692321040612 0.281052751161917 0
0 0 1
[HEADER]
554427,Glazed,6
596.20479280051 310.370187794242 0.164041994750656
1
0.281052751161917 0.959692321040612 0
-0.959692321040612 0.281052751161917 0
0 0 1
[HEADER]
554478,Glazed,6
597.246753459345 313.928102239045 0.164041994750656
1
0.281052751161917 0.959692321040612 0
-0.959692321040612 0.281052751161917 0
0 0 1
[HEADER]
554523,Glazed,6
598.28871411818 317.486016683848 0.164041994750656
1
0.281052751161917 0.959692321040612 0
-0.959692321040612 0.281052751161917 0
0 0 1
[HEADER]
554576,Glazed,6
599.321453886229 321.012445160113 0.164041994750656
1
0.281052751161917 0.959692321040612 0
-0.959692321040612 0.281052751161917 0
0 0 1
[HEADER]
554616,Glazed,6
600.363414545064 324.570359604915 0.164041994750656
1
0.281052751161917 0.959692321040612 0
-0.959692321040612 0.281052751161917 0
0 0 1
[HEADER]
554674,Glazed,6
601.4053752039 328.128274049718 0.164041994750656
1
0.281052751161917 0.959692321040612 0
-0.959692321040612 0.281052751161917 0
0 0 1
[HEADER]
554718,Glazed,6
602.438114971949 331.654702525983 0.164041994750656
1
0.281052751161917 0.959692321040612 0
-0.959692321040612 0.281052751161917 0
0 0 1
[HEADER]
554888,Glazed,6
603.470854739998 335.181131002248 0.164041994750656
1
0.281052751161917 0.959692321040612 0
-0.959692321040612 0.281052751161917 0
0 0 1
[HEADER]
554966,Glazed,6
604.512815398833 338.73904544705 0.164041994750656
1
0.281052751161917 0.959692321040612 0
-0.959692321040612 0.281052751161917 0
0 0 1
[HEADER]
555024,Glazed,6
605.554776057668 342.296959891853 0.164041994750656
1
0.281052751161917 0.959692321040612 0
-0.959692321040612 0.281052751161917 0
0 0 1
[HEADER]
555078,Glazed,6
606.587515825717 345.823388368118 0.164041994750656
1
0.281052751161917 0.959692321040612 0
-0.959692321040612 0.281052751161917 0
0 0 1
[HEADER]
555134,Glazed,6
607.620255593766 349.349816844383 0.164041994750656
1
0.281052751161917 0.959692321040612 0
-0.959692321040612 0.281052751161917 0
0 0 1
[HEADER]
555188,Glazed,6
608.652995361815 352.876245320647 0.164041994750656
1
0.281052751161917 0.959692321040612 0
-0.959692321040612 0.281052751161917 0
0 0 1
[HEADER]
555268,Glazed,6
609.692863141932 356.427013350315 0.164041994750656
1
0.281052751161917 0.959692321040612 0
-0.959692321040612 0.281052751161917 0
0 0 1
[HEADER]
555328,Glazed,6
610.665879463849 359.749508108081 0.164041994750656
1
0.281052751161917 0.959692321040612 0
-0.959692321040612 0.281052751161917 0
0 0 1
[HEADER]
555551,Glazed,6
582.846027274072 264.754890874702 8.94028871391076
1
0.281052751161917 0.959692321040612 0
-0.959692321040612 0.281052751161917 0
0 0 1
[HEADER]
555552,Glazed,6
583.770421575384 267.911359220644 8.94028871391076
1
0.281052751161917 0.959692321040612 0
-0.959692321040612 0.281052751161917 0
0 0 1
[HEADER]
555553,Glazed,6
584.812382234219 271.469273665447 8.94028871391076
1
0.281052751161917 0.959692321040612 0
-0.959692321040612 0.281052751161917 0
0 0 1
[HEADER]
555554,Glazed,6
585.842816779571 274.987830649577 8.94028871391076
1
0.281052751161917 0.959692321040612 0
-0.959692321040612 0.281052751161917 0
0 0 1
[HEADER]
555555,Glazed,6
586.873251324924 278.506387633708 8.94028871391076
1
0.281052751161917 0.959692321040612 0
-0.959692321040612 0.281052751161917 0
0 0 1
[HEADER]
555556,Glazed,6
587.915211983759 282.06430207851 8.94028871391076
1
0.281052751161917 0.959692321040612 0
-0.959692321040612 0.281052751161917 0
0 0 1
[HEADER]
555557,Glazed,6
588.957172642594 285.622216523313 8.94028871391076
1
0.281052751161917 0.959692321040612 0
-0.959692321040612 0.281052751161917 0
0 0 1
[HEADER]
555558,Glazed,6
589.989912410643 289.148644999578 8.94028871391076
1
0.281052751161917 0.959692321040612 0
-0.959692321040612 0.281052751161917 0
0 0 1
[HEADER]
555559,Glazed,6
591.031873069478 292.706559444381 8.94028871391076
1
0.281052751161917 0.959692321040612 0
-0.959692321040612 0.281052751161917 0
0 0 1
[HEADER]
555560,Glazed,6
592.073833728314 296.264473889183 8.94028871391076
1
0.281052751161917 0.959692321040612 0
-0.959692321040612 0.281052751161917 0
0 0 1
[HEADER]
555561,Glazed,6
592.931376571426 299.192668963225 8.94028871391076
1
0.281052751161917 0.959692321040612 0
-0.959692321040612 0.281052751161917 0
0 0 1
[HEADER]
555562,Glazed,6
593.44774645545 300.955883201357 8.94028871391076
1
0.281052751161917 0.959692321040612 0
-0.959692321040612 0.281052751161917 0
0 0 1
[HEADER]
555563,Glazed,6
594.139313264412 303.317330841713 8.94028871391076
1
0.281052751161917 0.959692321040612 0
-0.959692321040612 0.281052751161917 0
0 0 1
[HEADER]
555564,Glazed,6
595.172053032461 306.843759317978 8.94028871391076
1
0.281052751161917 0.959692321040612 0
-0.959692321040612 0.281052751161917 0
0 0 1
[HEADER]
555565,Glazed,6
596.20479280051 310.370187794242 8.94028871391076
1
0.281052751161917 0.959692321040612 0
-0.959692321040612 0.281052751161917 0
0 0 1
[HEADER]
555566,Glazed,6
597.246753459345 313.928102239045 8.94028871391076
1
0.281052751161917 0.959692321040612 0
-0.959692321040612 0.281052751161917 0
0 0 1
[HEADER]
555567,Glazed,6
598.28871411818 317.486016683848 8.94028871391076
1
0.281052751161917 0.959692321040612 0
-0.959692321040612 0.281052751161917 0
0 0 1
[HEADER]
555568,Glazed,6
599.321453886229 321.012445160113 8.94028871391076
1
0.281052751161917 0.959692321040612 0
-0.959692321040612 0.281052751161917 0
0 0 1
[HEADER]
555569,Glazed,6
600.363414545064 324.570359604915 8.94028871391076
1
0.281052751161917 0.959692321040612 0
-0.959692321040612 0.281052751161917 0
0 0 1
[HEADER]
555570,Glazed,6
601.4053752039 328.128274049718 8.94028871391076
1
0.281052751161917 0.959692321040612 0
-0.959692321040612 0.281052751161917 0
0 0 1
[HEADER]
555571,Glazed,6
602.438114971949 331.654702525983 8.94028871391076
1
0.281052751161917 0.959692321040612 0
-0.959692321040612 0.281052751161917 0
0 0 1
[HEADER]
555572,Glazed,6
603.470854739998 335.181131002248 8.94028871391076
1
0.281052751161917 0.959692321040612 0
-0.959692321040612 0.281052751161917 0
0 0 1
[HEADER]
555573,Glazed,6
604.512815398833 338.73904544705 8.94028871391076
1
0.281052751161917 0.959692321040612 0
-0.959692321040612 0.281052751161917 0
0 0 1
[HEADER]
555574,Glazed,6
605.554776057668 342.296959891853 8.94028871391076
1
0.281052751161917 0.959692321040612 0
-0.959692321040612 0.281052751161917 0
0 0 1
[HEADER]
555575,Glazed,6
606.587515825717 345.823388368118 8.94028871391076
1
0.281052751161917 0.959692321040612 0
-0.959692321040612 0.281052751161917 0
0 0 1
[HEADER]
555576,Glazed,6
607.620255593766 349.349816844383 8.94028871391076
1
0.281052751161917 0.959692321040612 0
-0.959692321040612 0.281052751161917 0
0 0 1
[HEADER]
555577,Glazed,6
608.652995361815 352.876245320647 8.94028871391076
1
0.281052751161917 0.959692321040612 0
-0.959692321040612 0.281052751161917 0
0 0 1
[HEADER]
555578,Glazed,6
609.692863141932 356.427013350315 8.94028871391076
1
0.281052751161917 0.959692321040612 0
-0.959692321040612 0.281052751161917 0
0 0 1
[HEADER]
555579,Glazed,6
610.665879463849 359.749508108081 8.94028871391076
1
0.281052751161917 0.959692321040612 0
-0.959692321040612 0.281052751161917 0
0 0 1
[HEADER]
555760,Glazed,6
582.846027274072 264.754890874702 15.501968503937
1
0.281052751161917 0.959692321040612 0
-0.959692321040612 0.281052751161917 0
0 0 1
[HEADER]
555761,Glazed,6
583.770421575384 267.911359220644 15.501968503937
1
0.281052751161917 0.959692321040612 0
-0.959692321040612 0.281052751161917 0
0 0 1
[HEADER]
555762,Glazed,6
584.812382234219 271.469273665447 15.501968503937
1
0.281052751161917 0.959692321040612 0
-0.959692321040612 0.281052751161917 0
0 0 1
[HEADER]
555763,Glazed,6
585.842816779571 274.987830649577 15.501968503937
1
0.281052751161917 0.959692321040612 0
-0.959692321040612 0.281052751161917 0
0 0 1
[HEADER]
555764,Glazed,6
586.873251324924 278.506387633708 15.501968503937
1
0.281052751161917 0.959692321040612 0
-0.959692321040612 0.281052751161917 0
0 0 1
[HEADER]
555765,Glazed,6
587.915211983759 282.06430207851 15.501968503937
1
0.281052751161917 0.959692321040612 0
-0.959692321040612 0.281052751161917 0
0 0 1
[HEADER]
555766,Glazed,6
588.957172642594 285.622216523313 15.501968503937
1
0.281052751161917 0.959692321040612 0
-0.959692321040612 0.281052751161917 0
0 0 1
[HEADER]
555767,Glazed,6
589.989912410643 289.148644999578 15.501968503937
1
0.281052751161917 0.959692321040612 0
-0.959692321040612 0.281052751161917 0
0 0 1
[HEADER]
555768,Glazed,6
591.031873069478 292.706559444381 15.501968503937
1
0.281052751161917 0.959692321040612 0
-0.959692321040612 0.281052751161917 0
0 0 1
[HEADER]
555769,Glazed,6
592.073833728314 296.264473889183 15.501968503937
1
0.281052751161917 0.959692321040612 0
-0.959692321040612 0.281052751161917 0
0 0 1
[HEADER]
555770,Glazed,6
592.931376571426 299.192668963225 15.501968503937
1
0.281052751161917 0.959692321040612 0
-0.959692321040612 0.281052751161917 0
0 0 1
[HEADER]
555771,Glazed,6
593.44774645545 300.955883201357 15.501968503937
1
0.281052751161917 0.959692321040612 0
-0.959692321040612 0.281052751161917 0
0 0 1
[HEADER]
555772,Glazed,6
594.139313264412 303.317330841713 15.501968503937
1
0.281052751161917 0.959692321040612 0
-0.959692321040612 0.281052751161917 0
0 0 1
[HEADER]
555773,Glazed,6
595.172053032461 306.843759317978 15.501968503937
1
0.281052751161917 0.959692321040612 0
-0.959692321040612 0.281052751161917 0
0 0 1
[HEADER]
555774,Glazed,6
596.20479280051 310.370187794242 15.501968503937
1
0.281052751161917 0.959692321040612 0
-0.959692321040612 0.281052751161917 0
0 0 1
[HEADER]
555775,Glazed,6
597.246753459345 313.928102239045 15.501968503937
1
0.281052751161917 0.959692321040612 0
-0.959692321040612 0.281052751161917 0
0 0 1
[HEADER]
555776,Glazed,6
598.28871411818 317.486016683848 15.501968503937
1
0.281052751161917 0.959692321040612 0
-0.959692321040612 0.281052751161917 0
0 0 1
[HEADER]
555777,Glazed,6
599.321453886229 321.012445160113 15.501968503937
1
0.281052751161917 0.959692321040612 0
-0.959692321040612 0.281052751161917 0
0 0 1
[HEADER]
555778,Glazed,6
600.363414545064 324.570359604915 15.501968503937
1
0.281052751161917 0.959692321040612 0
-0.959692321040612 0.281052751161917 0
0 0 1
[HEADER]
555779,Glazed,6
601.4053752039 328.128274049718 15.501968503937
1
0.281052751161917 0.959692321040612 0
-0.959692321040612 0.281052751161917 0
0 0 1
[HEADER]
555780,Glazed,6
602.438114971949 331.654702525983 15.501968503937
1
0.281052751161917 0.959692321040612 0
-0.959692321040612 0.281052751161917 0
0 0 1
[HEADER]
555781,Glazed,6
603.470854739998 335.181131002248 15.501968503937
1
0.281052751161917 0.959692321040612 0
-0.959692321040612 0.281052751161917 0
0 0 1
[HEADER]
555782,Glazed,6
604.512815398833 338.73904544705 15.501968503937
1
0.281052751161917 0.959692321040612 0
-0.959692321040612 0.281052751161917 0
0 0 1
[HEADER]
555783,Glazed,6
605.554776057668 342.296959891853 15.501968503937
1
0.281052751161917 0.959692321040612 0
-0.959692321040612 0.281052751161917 0
0 0 1
[HEADER]
555784,Glazed,6
606.587515825717 345.823388368118 15.501968503937
1
0.281052751161917 0.959692321040612 0
-0.959692321040612 0.281052751161917 0
0 0 1
[HEADER]
555785,Glazed,6
607.620255593766 349.349816844383 15.501968503937
1
0.281052751161917 0.959692321040612 0
-0.959692321040612 0.281052751161917 0
0 0 1
[HEADER]
555786,Glazed,6
608.652995361815 352.876245320647 15.501968503937
1
0.281052751161917 0.959692321040612 0
-0.959692321040612 0.281052751161917 0
0 0 1
[HEADER]
555787,Glazed,6
609.692863141932 356.427013350315 15.501968503937
1
0.281052751161917 0.959692321040612 0
-0.959692321040612 0.281052751161917 0
0 0 1
[HEADER]
555788,Glazed,6
610.665879463849 359.749508108081 15.501968503937
1
0.281052751161917 0.959692321040612 0
-0.959692321040612 0.281052751161917 0
0 0 1
[HEADER]
556260,Empty Panel,6
590.506282294668 290.91185923771 -9.80159674737107E-29
1
0.281052751161917 0.959692321040612 0
-0.959692321040612 0.281052751161917 0
0 0 1
[HEADER]
556261,Glazed,6
588.090408908696 282.662535480734 8.94028871391076
1
0.281052751161917 0.959692321040612 0
-0.959692321040612 0.281052751161917 0
0 0 1
[HEADER]
556262,Glazed,6
588.090408908696 282.662535480734 15.501968503937
1
0.281052751161917 0.959692321040612 0
-0.959692321040612 0.281052751161917 0
0 0 1
[HEADER]
556847,Glazed,6
532.734392352649 299.955830586968 0.196850393700787
1
0.281052752197325 0.959692320737386 0
-0.959692320737386 0.281052752197325 0
0 0 1
[HEADER]
557139,Glazed,6
534.859807686687 307.213346332702 0.196850393700787
1
0.281052752197325 0.959692320737386 0
-0.959692320737386 0.281052752197325 0
0 0 1
[HEADER]
557270,Glazed,6
536.976002130054 314.439376110414 0.196850393700787
1
0.281052752197325 0.959692320737386 0
-0.959692320737386 0.281052752197325 0
0 0 1
[HEADER]
557503,Glazed,6
522.184546291306 303.045428374434 0.196850393700787
1
0.281052752197325 0.959692320737386 0
-0.959692320737386 0.281052752197325 0
0 0 1
[HEADER]
557512,Glazed,6
524.309961625344 310.302944120168 0.196850393700787
1
0.281052752197325 0.959692320737386 0
-0.959692320737386 0.281052752197325 0
0 0 1
[HEADER]
557520,Glazed,6
526.426156068711 317.528973897881 0.196850393700787
1
0.281052752197325 0.959692320737386 0
-0.959692320737386 0.281052752197325 0
0 0 1
[HEADER]
557625,Glazed,6
593.165329039324 282.258199057935 0.196850393700787
1
0.281052752197325 0.959692320737386 0
-0.959692320737386 0.281052752197325 0
0 0 1
[HEADER]
557634,Glazed,6
595.290744373362 289.515714803669 0.196850393700787
1
0.281052752197325 0.959692320737386 0
-0.959692320737386 0.281052752197325 0
0 0 1
[HEADER]
557642,Glazed,6
597.406938816729 296.741744581382 0.196850393700787
1
0.281052752197325 0.959692320737386 0
-0.959692320737386 0.281052752197325 0
0 0 1
[HEADER]
557651,Glazed,6
582.615482977981 285.347796845402 0.196850393700787
1
0.281052752197325 0.959692320737386 0
-0.959692320737386 0.281052752197325 0
0 0 1
[HEADER]
557660,Glazed,6
584.74089831202 292.605312591135 0.196850393700787
1
0.281052752197325 0.959692320737386 0
-0.959692320737386 0.281052752197325 0
0 0 1
[HEADER]
557668,Glazed,6
586.857092755386 299.831342368848 0.196850393700787
1
0.281052752197325 0.959692320737386 0
-0.959692320737386 0.281052752197325 0
0 0 1
[HEADER]
558211,Empty Panel,6
267.106200451386 358.185175676236 9.84251968503937
1
0.983679176121415 0.179931315965548 0
-0.179931315965548 0.983679176121415 0
0 0 1
[HEADER]
558402,Glazed,6
259.83578522316 357.188822989381 10.0393700787402
1
0.983679176121407 0.179931315965596 0
-0.179931315965596 0.983679176121407 0
0 0 1
[HEADER]
558730,Glazed,6
267.04878705594 358.508201241294 10.0393700787402
1
0.983679176121407 0.179931315965596 0
-0.179931315965596 0.983679176121407 0
0 0 1
[HEADER]
558928,Glazed,6
274.261788888719 359.827579493207 10.0393700787402
1
0.983679176121407 0.179931315965596 0
-0.179931315965596 0.983679176121407 0
0 0 1
[HEADER]
559396,Glazed,6
258.138598433786 366.467292908507 10.0393700787402
1
0.983679176121407 0.179931315965596 0
-0.179931315965596 0.983679176121407 0
0 0 1
[HEADER]
559405,Glazed,6
265.351600266566 367.78667116042 10.0393700787402
1
0.983679176121407 0.179931315965596 0
-0.179931315965596 0.983679176121407 0
0 0 1
[HEADER]
559413,Glazed,6
272.564602099345 369.106049412333 10.0393700787402
1
0.983679176121407 0.179931315965596 0
-0.179931315965596 0.983679176121407 0
0 0 1
[LEVEL]
04-지상 2층
[HEADER]
484152,Glazed,54
398.456364829389 220.688924162285 14.3044619422572
1
0 1 0
-1 0 0
0 0 1
2.0054132938385 0.0803805738687515 0
2.0054132938385 0.0803805738687515 12.8937005996704
-2.0054132938385 0.0803805738687515 12.8937005996704
0 -1 0
-2.0054132938385 0.0803805738687515 12.8937005996704
-2.0054132938385 0.0803805738687515 0
2.0054132938385 0.0803805738687515 0
0 -1 0
-2.0054132938385 0.16240157186985 12.8937005996704
2.0054132938385 0.16240157186985 12.8937005996704
2.0054132938385 0.16240157186985 0
0 1 0
2.0054132938385 0.16240157186985 0
-2.0054132938385 0.16240157186985 0
-2.0054132938385 0.16240157186985 12.8937005996704
0 1 0
-2.0054132938385 0.0803805738687515 0
-2.0054132938385 0.16240157186985 0
2.0054132938385 0.16240157186985 0
0 0 -1
2.0054132938385 0.16240157186985 0
2.0054132938385 0.0803805738687515 0
-2.0054132938385 0.0803805738687515 0
0 0 -1
2.0054132938385 0.0803805738687515 0
2.0054132938385 0.16240157186985 0
2.0054132938385 0.16240157186985 12.8937005996704
1 0 0
2.0054132938385 0.16240157186985 12.8937005996704
2.0054132938385 0.0803805738687515 12.8937005996704
2.0054132938385 0.0803805738687515 0
1 0 0
2.0054132938385 0.0803805738687515 12.8937005996704
2.0054132938385 0.16240157186985 12.8937005996704
-2.0054132938385 0.16240157186985 12.8937005996704
0 0 1
-2.0054132938385 0.16240157186985 12.8937005996704
-2.0054132938385 0.0803805738687515 12.8937005996704
2.0054132938385 0.0803805738687515 12.8937005996704
0 0 1
-2.0054132938385 0.0803805738687515 12.8937005996704
-2.0054132938385 0.16240157186985 12.8937005996704
-2.0054132938385 0.16240157186985 0
-1 0 0
-2.0054132938385 0.16240157186985 0
-2.0054132938385 0.0803805738687515 0
-2.0054132938385 0.0803805738687515 12.8937005996704
-1 0 0
[HEADER]
484325,Glazed,6
400.803805774271 235.548668256756 14.3044619422572
1
1 -3.38301585722205E-15 0
3.38301585722205E-15 1 0
0 0 1
[HEADER]
484670,Glazed,6
398.456364829389 233.50880605204 14.3044619422572
1
0 1 0
-1 0 0
0 0 1
[HEADER]
484733,Glazed,6
398.456364829389 229.25191628827 14.3044619422572
1
0 1 0
-1 0 0
0 0 1
[HEADER]
484788,Glazed,6
398.456364829389 224.945813926065 14.3044619422572
1
0 1 0
-1 0 0
0 0 1
[HEADER]
484976,Glazed,6
404.888451443563 235.548668256756 14.3044619422572
1
1 -3.38301585722205E-15 0
3.38301585722205E-15 1 0
0 0 1
[HEADER]
485094,Glazed,6
412.893700787395 235.548668256756 14.3044619422572
1
1 -3.38301585722205E-15 0
3.38301585722205E-15 1 0
0 0 1
[HEADER]
485228,Glazed,6
420.898950131227 235.548668256756 14.3044619422572
1
1 -3.38301585722205E-15 0
3.38301585722205E-15 1 0
0 0 1
[HEADER]
485280,Glazed,6
425.032808398943 235.548668256756 14.3044619422572
1
1 -3.38301585722205E-15 0
3.38301585722205E-15 1 0
0 0 1
[HEADER]
485342,Glazed,6
429.954068241463 235.548668256756 14.3044619422572
1
1 -3.38301585722205E-15 0
3.38301585722205E-15 1 0
0 0 1
[HEADER]
485419,Glazed,6
434.875328083983 235.548668256756 14.3044619422572
1
1 -3.38301585722205E-15 0
3.38301585722205E-15 1 0
0 0 1
[HEADER]
485513,Glazed,6
439.796587926502 235.548668256756 14.3044619422572
1
1 -3.38301585722205E-15 0
3.38301585722205E-15 1 0
0 0 1
[HEADER]
485579,Glazed,6
444.706992670548 235.548668256756 14.3044619422572
1
1 -3.38301585722205E-15 0
3.38301585722205E-15 1 0
0 0 1
[HEADER]
485719,Glazed,6
448.855486471916 235.548668256756 14.3044619422572
1
1 -3.38301585722205E-15 0
3.38301585722205E-15 1 0
0 0 1
[HEADER]
485889,Glazed,6
456.774934383201 235.548668256756 14.3044619422572
1
1 -3.38301585722205E-15 0
3.38301585722205E-15 1 0
0 0 1
[HEADER]
486272,Glazed,6
400.803805774271 235.548668256756 26.1811023622047
1
1 -3.38301585722205E-15 0
3.38301585722205E-15 1 0
0 0 1
[HEADER]
486273,Glazed,6
404.888451443563 235.548668256756 26.1811023622047
1
1 -3.38301585722205E-15 0
3.38301585722205E-15 1 0
0 0 1
[HEADER]
486274,Glazed,6
409.448818897631 235.548668256756 26.1811023622047
1
1 -3.38301585722205E-15 0
3.38301585722205E-15 1 0
0 0 1
[HEADER]
486275,Glazed,6
412.893700787395 235.548668256756 26.1811023622047
1
1 -3.38301585722205E-15 0
3.38301585722205E-15 1 0
0 0 1
[HEADER]
486276,Glazed,6
416.338582677158 235.548668256756 26.1811023622047
1
1 -3.38301585722205E-15 0
3.38301585722205E-15 1 0
0 0 1
[HEADER]
486277,Glazed,6
420.898950131227 235.548668256756 26.1811023622047
1
1 -3.38301585722205E-15 0
3.38301585722205E-15 1 0
0 0 1
[HEADER]
486278,Glazed,6
425.032808398943 235.548668256756 26.1811023622047
1
1 -3.38301585722205E-15 0
3.38301585722205E-15 1 0
0 0 1
[HEADER]
486279,Glazed,6
429.954068241463 235.548668256756 26.1811023622047
1
1 -3.38301585722205E-15 0
3.38301585722205E-15 1 0
0 0 1
[HEADER]
486280,Glazed,6
434.875328083983 235.548668256756 26.1811023622047
1
1 -3.38301585722205E-15 0
3.38301585722205E-15 1 0
0 0 1
[HEADER]
486281,Glazed,6
439.796587926502 235.548668256756 26.1811023622047
1
1 -3.38301585722205E-15 0
3.38301585722205E-15 1 0
0 0 1
[HEADER]
486282,Glazed,6
444.706992670548 235.548668256756 26.1811023622047
1
1 -3.38301585722205E-15 0
3.38301585722205E-15 1 0
0 0 1
[HEADER]
486283,Glazed,6
448.855486471916 235.548668256756 26.1811023622047
1
1 -3.38301585722205E-15 0
3.38301585722205E-15 1 0
0 0 1
[HEADER]
486284,Glazed,6
453.426709024461 235.548668256756 26.1811023622047
1
1 -3.38301585722205E-15 0
3.38301585722205E-15 1 0
0 0 1
[HEADER]
486285,Glazed,6
456.774934383201 235.548668256756 26.1811023622047
1
1 -3.38301585722205E-15 0
3.38301585722205E-15 1 0
0 0 1
[HEADER]
487363,Glazed,6
398.456364829389 191.069774993501 14.3044619422572
1
0 1 0
-1 0 0
0 0 1
[HEADER]
487369,Glazed,6
398.456364829389 214.000111826336 14.3044619422572
1
0 1 0
-1 0 0
0 0 1
[HEADER]
487374,Glazed,6
398.456364829389 209.447946472014 14.3044619422572
1
0 1 0
-1 0 0
0 0 1
[HEADER]
487379,Glazed,6
398.456364829389 204.854770618995 14.3044619422572
1
0 1 0
-1 0 0
0 0 1
[HEADER]
487748,Glazed,6
398.456364829389 200.250658633004 14.3044619422572
1
0 1 0
-1 0 0
0 0 1
[HEADER]
487809,Glazed,6
398.456364829389 195.63561051404 14.3044619422572
1
0 1 0
-1 0 0
0 0 1
[HEADER]
491990,Glazed,6
404.344218959216 183.775374293495 14.8397870701917
1
1 0 0
0 1 1.95950230834374E-14
0 -1.95950230834374E-14 1
[HEADER]
492200,Glazed,6
407.117387195861 183.775374293495 15.9264347552049
1
1 0 0
0 1 1.95950230834374E-14
0 -1.95950230834374E-14 1
[HEADER]
492315,Glazed,6
410.06755866454 183.775374293495 17.1612669748447
1
1 0 0
0 1 1.95950230834374E-14
0 -1.95950230834374E-14 1
[HEADER]
492393,Glazed,6
412.972350135948 183.775374293495 18.3960991944847
1
1 0 0
0 1 1.95950230834374E-14
0 -1.95950230834374E-14 1
[HEADER]
499998,Glazed,6
461.663385826763 247.835413663578 14.3044619422572
1
1 -3.11616440086759E-15 0
3.11616440086759E-15 1 0
0 0 1
[HEADER]
500395,Glazed,6
466.207349081356 247.835413663578 14.3044619422572
1
1 -3.11616440086759E-15 0
3.11616440086759E-15 1 0
0 0 1
[HEADER]
500447,Glazed,6
470.800524934375 247.835413663578 14.3044619422572
1
1 -3.11616440086759E-15 0
3.11616440086759E-15 1 0
0 0 1
[HEADER]
500493,Glazed,6
475.393700787393 247.835413663578 14.3044619422572
1
1 -3.11616440086759E-15 0
3.11616440086759E-15 1 0
0 0 1
[HEADER]
500583,Glazed,6
478.543307086606 247.835413663578 14.3044619422572
1
1 -3.11616440086759E-15 0
3.11616440086759E-15 1 0
0 0 1
[HEADER]
500707,Glazed,6
485.974409448812 247.835413663578 14.3044619422572
1
1 -3.11616440086759E-15 0
3.11616440086759E-15 1 0
0 0 1
[HEADER]
500899,Glazed,6
461.663385826763 247.835413663578 25.8530183727034
1
1 -3.11616440086759E-15 0
3.11616440086759E-15 1 0
0 0 1
[HEADER]
500900,Glazed,6
466.207349081356 247.835413663578 25.8530183727034
1
1 -3.11616440086759E-15 0
3.11616440086759E-15 1 0
0 0 1
[HEADER]
500901,Glazed,6
470.800524934375 247.835413663578 25.8530183727034
1
1 -3.11616440086759E-15 0
3.11616440086759E-15 1 0
0 0 1
[HEADER]
500902,Glazed,6
475.393700787393 247.835413663578 25.8530183727034
1
1 -3.11616440086759E-15 0
3.11616440086759E-15 1 0
0 0 1
[HEADER]
500903,Glazed,6
478.543307086606 247.835413663578 25.8530183727034
1
1 -3.11616440086759E-15 0
3.11616440086759E-15 1 0
0 0 1
[HEADER]
500904,Glazed,6
482.283464566921 247.835413663578 26.8372703412074
1
1 -3.11616440086759E-15 0
3.11616440086759E-15 1 0
0 0 1
[HEADER]
500905,Glazed,6
485.974409448812 247.835413663578 25.8530183727034
1
1 -3.11616440086759E-15 0
3.11616440086759E-15 1 0
0 0 1
[HEADER]
501314,Empty Panel,6
457.511482939625 208.512907101901 17.0603674540682
1
-3.23507840957432E-15 -1 0
1 -3.23507840957432E-15 0
0 0 1
[HEADER]
501651,Empty Panel,6
457.511482939625 199.753064582216 17.0603674540682
1
-3.23507840957432E-15 -1 0
1 -3.23507840957432E-15 0
0 0 1
[HEADER]
501704,Glazed,6
457.511482939625 197.538497653082 17.257217847769
1
-3.23507840957432E-15 -1 0
1 -3.23507840957432E-15 0
0 0 1
[HEADER]
501759,Glazed,6
457.511482939625 206.347552771192 17.257217847769
1
-3.23507840957432E-15 -1 0
1 -3.23507840957432E-15 0
0 0 1
[HEADER]
501846,Glazed,6
457.511482939625 210.727474031034 18.7992125984252
1
-3.23507840957432E-15 -1 0
1 -3.23507840957432E-15 0
0 0 1
[HEADER]
501847,Glazed,6
457.511482939625 206.347552771192 18.7992125984252
1
-3.23507840957432E-15 -1 0
1 -3.23507840957432E-15 0
0 0 1
[HEADER]
501848,Glazed,6
457.511482939625 201.918418912924 18.7992125984252
1
-3.23507840957432E-15 -1 0
1 -3.23507840957432E-15 0
0 0 1
[HEADER]
501849,Glazed,6
457.511482939625 197.538497653082 18.7992125984252
1
-3.23507840957432E-15 -1 0
1 -3.23507840957432E-15 0
0 0 1
[HEADER]
502030,Empty Panel,6
472.145669291332 218.324258807937 17.0603674540682
1
-1 7.00169399885829E-15 0
-7.00169399885829E-15 -1 0
0 0 1
[HEADER]
502035,Empty Panel,6
467.683727034114 218.324258807937 17.0603674540682
1
-1 7.00169399885829E-15 0
-7.00169399885829E-15 -1 0
0 0 1
[HEADER]
502042,Glazed,6
457.511482939625 206.347552771192 17.257217847769
1
-3.23507840957432E-15 -1 0
1 -3.23507840957432E-15 0
0 0 1
[HEADER]
502045,Glazed,6
477.345800524927 218.324258807936 18.7992125984252
1
-1 7.00169399885829E-15 0
-7.00169399885829E-15 -1 0
0 0 1
[HEADER]
502046,Glazed,6
472.178477690282 218.324258807937 18.7992125984252
1
-1 7.00169399885829E-15 0
-7.00169399885829E-15 -1 0
0 0 1
[HEADER]
502047,Glazed,6
466.978346456686 218.324258807937 18.7992125984252
1
-1 7.00169399885829E-15 0
-7.00169399885829E-15 -1 0
0 0 1
[HEADER]
512365,Glazed,6
518.826552930871 183.609691878796 17.9133858267717
1
1 0 0
0 1 0
0 0 1
[HEADER]
512613,Glazed,6
522.293307086602 183.609691878796 17.9133858267717
1
1 0 0
0 1 0
0 0 1
[HEADER]
512679,Glazed,6
525.776465441807 183.609691878796 17.9133858267717
1
1 0 0
0 1 0
0 0 1
[HEADER]
512764,Glazed,6
530.396981627282 183.609691878796 17.9133858267717
1
1 0 0
0 1 0
0 0 1
[HEADER]
512770,Glazed,6
534.678477690274 183.609691878796 17.9133858267717
1
1 0 0
0 1 0
0 0 1
[HEADER]
512775,Glazed,6
539.009186351691 183.609691878796 17.9133858267717
1
1 0 0
0 1 0
0 0 1
[HEADER]
513068,Glazed,6
543.339895013109 183.609691878796 17.9133858267717
1
1 0 0
0 1 0
0 0 1
[HEADER]
513124,Glazed,6
547.621391076101 183.609691878796 17.9133858267717
1
1 0 0
0 1 0
0 0 1
[HEADER]
513283,Glazed,6
581.184383202085 183.609691878796 17.9133858267717
1
1 0 0
0 1 0
0 0 1
[HEADER]
514003,Glazed,6
581.184383202085 183.609691878796 19.7834645669291
1
1 0 0
0 1 0
0 0 1
[HEADER]
514371,Glazed,6
585.236220472426 183.609691878796 17.9133858267717
1
1 0 0
0 1 0
0 0 1
[HEADER]
514372,Glazed,6
585.236220472426 183.609691878796 19.7834645669291
1
1 0 0
0 1 0
0 0 1
[HEADER]
514483,Glazed,6
589.304461942242 183.609691878796 17.9133858267717
1
1 0 0
0 1 0
0 0 1
[HEADER]
514484,Glazed,6
589.304461942242 183.609691878796 19.7834645669291
1
1 0 0
0 1 0
0 0 1
[HEADER]
514575,Glazed,6
593.405511811009 183.609691878796 17.9133858267717
1
1 0 0
0 1 0
0 0 1
[HEADER]
514576,Glazed,6
593.405511811009 183.609691878796 19.7834645669291
1
1 0 0
0 1 0
0 0 1
[HEADER]
514674,Glazed,6
597.506561679775 183.609691878796 17.9133858267717
1
1 0 0
0 1 0
0 0 1
[HEADER]
514675,Glazed,6
597.506561679775 183.609691878796 19.7834645669291
1
1 0 0
0 1 0
0 0 1
[HEADER]
514758,Glazed,6
601.607611548542 183.609691878796 17.9133858267717
1
1 0 0
0 1 0
0 0 1
[HEADER]
514759,Glazed,6
601.607611548542 183.609691878796 19.7834645669291
1
1 0 0
0 1 0
0 0 1
[HEADER]
514835,Glazed,6
605.708661417308 183.609691878796 17.9133858267717
1
1 0 0
0 1 0
0 0 1
[HEADER]
514836,Glazed,6
605.708661417308 183.609691878796 19.7834645669291
1
1 0 0
0 1 0
0 0 1
[HEADER]
514928,Glazed,6
609.801509186288 183.609691878796 17.9133858267717
1
1 0 0
0 1 0
0 0 1
[HEADER]
514929,Glazed,6
609.801509186288 183.609691878796 19.7834645669291
1
1 0 0
0 1 0
0 0 1
[HEADER]
514991,Glazed,6
612.401574803037 183.609691878796 17.9133858267717
1
1 0 0
0 1 0
0 0 1
[HEADER]
514992,Glazed,6
612.401574803037 183.609691878796 19.7834645669291
1
1 0 0
0 1 0
0 0 1
[HEADER]
515364,Glazed,6
612.878937007761 184.251096078271 17.9133858267717
1
0 1 0
-1 0 0
0 0 1
[HEADER]
515625,Glazed,6
612.878937007761 187.089022587457 17.9133858267717
1
0 1 0
-1 0 0
0 0 1
[HEADER]
515690,Glazed,6
612.878937007761 191.354114450974 17.9133858267717
1
0 1 0
-1 0 0
0 0 1
[HEADER]
515767,Glazed,6
612.878937007761 195.619206314491 17.9133858267717
1
0 1 0
-1 0 0
0 0 1
[HEADER]
515961,Glazed,6
612.878937007761 199.881564144763 17.9133858267717
1
0 1 0
-1 0 0
0 0 1
[HEADER]
516067,Glazed,6
612.878937007761 204.14118794179 17.9133858267717
1
0 1 0
-1 0 0
0 0 1
[HEADER]
516160,Glazed,6
612.878937007761 208.351599140391 17.9133858267717
1
0 1 0
-1 0 0
0 0 1
[HEADER]
516278,Glazed,6
612.878937007761 184.251096078271 19.7834645669291
1
0 1 0
-1 0 0
0 0 1
[HEADER]
516279,Glazed,6
612.878937007761 187.089022587457 19.7834645669291
1
0 1 0
-1 0 0
0 0 1
[HEADER]
516280,Glazed,6
612.878937007761 191.354114450974 19.7834645669291
1
0 1 0
-1 0 0
0 0 1
[HEADER]
516281,Glazed,6
612.878937007761 195.619206314491 19.7834645669291
1
0 1 0
-1 0 0
0 0 1
[HEADER]
516282,Glazed,6
612.878937007761 199.881564144763 19.7834645669291
1
0 1 0
-1 0 0
0 0 1
[HEADER]
516283,Glazed,6
612.878937007761 204.14118794179 19.7834645669291
1
0 1 0
-1 0 0
0 0 1
[HEADER]
516284,Glazed,6
612.878937007761 208.351599140391 19.7834645669291
1
0 1 0
-1 0 0
0 0 1
[HEADER]
516593,Glazed,6
612.878937007761 228.361988466726 17.9133858267717
1
0 -1 0
1 0 0
0 0 1
[HEADER]
516673,Glazed,6
612.878937007761 223.211069831555 17.9133858267717
1
0 -1 0
1 0 0
0 0 1
[HEADER]
517000,Glazed,6
612.844488188866 251.245846734442 17.9133858267717
1
-5.15118409770799E-14 -1 0
1 -5.15118409770799E-14 0
0 0 1
[HEADER]
517122,Glazed,6
612.844488188865 239.205164319744 17.9133858267717
1
-5.15118409770799E-14 -1 0
1 -5.15118409770799E-14 0
0 0 1
[HEADER]
517196,Glazed,6
612.844488188865 245.225505527093 17.9133858267717
1
-5.15118409770799E-14 -1 0
1 -5.15118409770799E-14 0
0 0 1
[HEADER]
517369,Glazed,6
612.878937007761 228.361988466726 19.7834645669291
1
0 -1 0
1 0 0
0 0 1
[HEADER]
517370,Glazed,6
612.878937007761 223.211069831555 19.7834645669291
1
0 -1 0
1 0 0
0 0 1
[HEADER]
517432,Glazed,6
612.844488188866 251.245846734442 19.7834645669291
1
-5.15118409770799E-14 -1 0
1 -5.15118409770799E-14 0
0 0 1
[HEADER]
517433,Glazed,6
612.844488188865 245.225505527093 19.7834645669291
1
-5.15118409770799E-14 -1 0
1 -5.15118409770799E-14 0
0 0 1
[HEADER]
517434,Glazed,6
612.844488188865 239.205164319744 19.7834645669291
1
-5.15118409770799E-14 -1 0
1 -5.15118409770799E-14 0
0 0 1
[HEADER]
523951,Glazed,6
513.683651862269 262.44050413251 35.6147732686091
1
0.279983260592437 0.956040402019775 0.0871557427476545
-0.959692321040367 0.281052751162755 1.79844592987317E-14
-0.0244953612788444 -0.0836426970494987 0.996194698091746
[HEADER]
523954,Glazed,6
514.57222664496 265.474661927066 35.8913769305876
1
0.279983260591719 0.956040402019985 0.087155742747657
-0.95969232104058 0.281052751162026 1.22822677604125E-13
-0.0244953612786814 -0.083642697049549 0.996194698091746
[HEADER]
523955,Glazed,6
515.609576858402 269.016833387599 36.214292765452
1
0.279983260591719 0.956040402019984 0.087155742747661
-0.959692321040581 0.281052751162025 1.40814023088066E-13
-0.0244953612786652 -0.0836426970495579 0.996194698091745
[HEADER]
523956,Glazed,6
516.646927071845 272.559004848133 36.5372086003164
1
0.279983260591653 0.956040402020003 0.0871557427476662
-0.959692321040599 0.281052751161963 8.68572020992659E-14
-0.0244953612787128 -0.0836426970495494 0.996194698091745
[HEADER]
523957,Glazed,6
517.684277285288 276.101176308666 36.8601244351808
1
0.279983260591785 0.956040402019964 0.0871557427476662
-0.95969232104056 0.281052751162094 1.04836823282381E-13
-0.0244953612787071 -0.0836426970495511 0.996194698091745
[HEADER]
523958,Glazed,6
518.72162749873 279.643347769199 37.1830402700451
1
0.279983260591268 0.956040402020119 0.0871557427476296
-0.959692321040705 0.281052751161602 -2.27656057793902E-13
-0.0244953612789718 -0.0836426970494354 0.996194698091748
[HEADER]
523959,Glazed,6
519.758977712174 283.185519229734 37.5059561049095
1
0.279983260592172 0.956040402019853 0.087155742747651
-0.959692321040444 0.28105275116249 3.44309260445106E-18
-0.0244953612788376 -0.083642697049497 0.996194698091746
[HEADER]
523960,Glazed,6
520.796327925616 286.727690690267 37.8288719397739
1
0.279983260591719 0.956040402019983 0.0871557427476712
-0.959692321040577 0.281052751162036 0
-0.0244953612788037 -0.083642697049528 0.996194698091744
[HEADER]
523961,Glazed,6
521.833678139058 290.269862150801 38.1517877746382
1
0.27998326059172 0.956040402019985 0.0871557427476467
-0.95969232104058 0.281052751162026 1.2282612069673E-13
-0.0244953612786785 -0.0836426970495392 0.996194698091747
[HEADER]
523962,Glazed,6
522.8710283525 293.812033611334 38.4747036095026
1
0.279983260591267 0.956040402020115 0.0871557427476814
-0.959692321040707 0.281052751161594 -1.40810579995461E-13
-0.0244953612789027 -0.0836426970495097 0.996194698091744
[HEADER]
523963,Glazed,6
523.908378565943 297.354205071867 38.797619444367
1
0.279983260592238 0.956040402019833 0.087155742747656
-0.959692321040428 0.281052751162545 1.40818861203682E-13
-0.0244953612787091 -0.0836426970495399 0.996194698091746
[HEADER]
523964,Glazed,6
524.945728779385 300.896376532401 39.1205352792314
1
0.279983260591719 0.956040402019985 0.087155742747656
-0.959692321040581 0.281052751162025 1.40805741879845E-13
-0.0244953612786638 -0.0836426970495532 0.996194698091746
[HEADER]
523965,Glazed,6
525.983078992828 304.438547992934 39.4434511140957
1
0.27998326059172 0.956040402019985 0.08715574274765
-0.959692321040578 0.281052751162035 1.79810162061273E-14
-0.0244953612787804 -0.0836426970495128 0.996194698091746
[HEADER]
523966,Glazed,6
527.020429206271 307.980719453467 39.76636694896
1
0.279983260591334 0.956040402020099 0.0871557427476417
-0.959692321040689 0.281052751161656 -8.68523639836497E-14
-0.0244953612788453 -0.0836426970494851 0.996194698091747
[HEADER]
523967,Glazed,6
528.057779419713 311.522890914001 40.0892827838244
1
0.279983260592105 0.956040402019871 0.0871557427476652
-0.959692321040464 0.281052751162424 6.8861852089021E-18
-0.0244953612788358 -0.0836426970495124 0.996194698091745
[HEADER]
523968,Glazed,6
529.095129633156 315.065062374535 40.4121986186889
1
0.279983260591653 0.956040402020003 0.087155742747666
-0.959692321040597 0.28105275116197 2.04806959256381E-18
-0.0244953612787964 -0.0836426970495247 0.996194698091745
[HEADER]
523969,Glazed,6
530.132479846598 318.607233835069 40.7351144535533
1
0.279983260591267 0.956040402020116 0.0871557427476672
-0.959692321040706 0.281052751161596 -1.58803320502414E-13
-0.024495361278916 -0.083642697049491 0.996194698091745
[HEADER]
523970,Glazed,6
531.169830060041 322.149405295602 41.0580302884176
1
0.279983260592238 0.956040402019834 0.0871557427476407
-0.959692321040428 0.281052751162547 1.22829563789334E-13
-0.0244953612787222 -0.0836426970495202 0.996194698091747
[HEADER]
523971,Glazed,6
532.207180273484 325.691576756136 41.380946123282
1
0.279983260591719 0.956040402019983 0.0871557427476704
-0.959692321040576 0.281052751162039 -3.59703136204753E-14
-0.0244953612788381 -0.0836426970495171 0.996194698091745
[HEADER]
523972,Glazed,6
533.244530486926 329.233748216669 41.7038619581463
1
0.279983260591267 0.956040402020117 0.087155742747662
-0.959692321040706 0.281052751161596 -1.58799877409809E-13
-0.0244953612789145 -0.083642697049486 0.996194698091745
[HEADER]
523973,Glazed,6
534.281880700369 332.775919677203 42.0267777930107
1
0.279983260592105 0.956040402019871 0.08715574274766
-0.959692321040463 0.281052751162427 -3.59771998056842E-14
-0.024495361278869 -0.0836426970494972 0.996194698091745
[HEADER]
523974,Glazed,6
535.319230913812 336.318091137736 42.3496936278751
1
0.279983260591852 0.956040402019947 0.087155742747646
-0.959692321040538 0.281052751162169 2.04806959256494E-18
-0.0244953612788082 -0.0836426970495004 0.996194698091747
[HEADER]
523975,Glazed,6
536.356581127254 339.86026259827 42.6726094627395
1
0.279983260591653 0.956040402020004 0.0871557427476507
-0.959692321040597 0.28105275116197 0
-0.0244953612787922 -0.0836426970495101 0.996194698091746
[HEADER]
523976,Glazed,6
537.393931340697 343.402434058803 42.9955252976038
1
0.279983260591786 0.956040402019966 0.087155742747646
-0.959692321040558 0.281052751162103 6.88618520890212E-18
-0.0244953612788024 -0.0836426970495021 0.996194698091747
[HEADER]
523977,Glazed,6
538.431281554139 346.944605519337 43.3184411324682
1
0.279983260591653 0.956040402020005 0.0871557427476507
-0.959692321040597 0.28105275116197 -6.88618520890212E-18
-0.0244953612787922 -0.0836426970495101 0.996194698091746
[HEADER]
523978,Glazed,6
539.468631767582 350.486776979871 43.6413569673327
1
0.279983260591719 0.956040402019982 0.0871557427476917
-0.959692321040576 0.281052751162039 -3.59689185974633E-14
-0.0244953612788441 -0.0836426970495375 0.996194698091743
[HEADER]
523979,Glazed,6
540.505981981024 354.028948440404 43.964272802197
1
0.279983260591786 0.956040402019967 0.0871557427476407
-0.959692321040558 0.281052751162103 3.44309260445106E-18
-0.0244953612788009 -0.0836426970494971 0.996194698091747
[HEADER]
523980,Glazed,6
541.543332194467 357.571119900937 44.2871886370613
1
0.27998326059172 0.956040402019985 0.0871557427476507
-0.959692321040578 0.281052751162033 3.59737567130798E-14
-0.0244953612787633 -0.0836426970495186 0.996194698091746
[HEADER]
523981,Glazed,6
542.580682407909 361.113291361471 44.6101044719257
1
0.27998326059172 0.956040402019986 0.0871557427476407
-0.959692321040578 0.281052751162033 3.59689185974635E-14
-0.0244953612787605 -0.083642697049509 0.996194698091747
[HEADER]
523982,Glazed,6
543.618032621352 364.655462822005 44.9330203067901
1
0.279983260592171 0.956040402019849 0.0871557427476917
-0.95969232104045 0.28105275116247 2.45655684486063E-13
-0.0244953612786124 -0.0836426970496054 0.996194698091743
[HEADER]
523983,Glazed,6
544.655382834795 368.197634282538 45.2559361416545
1
0.279983260591267 0.956040402020117 0.087155742747656
-0.95969232104071 0.281052751161583 3.44309260445105E-18
-0.0244953612787599 -0.083642697049525 0.996194698091746
[HEADER]
523984,Glazed,6
545.692733048237 371.739805743071 45.5788519765188
1
0.279983260591786 0.956040402019966 0.087155742747646
-0.959692321040558 0.281052751162103 6.88618520890212E-18
-0.0244953612788024 -0.0836426970495021 0.996194698091747
[HEADER]
523985,Glazed,6
546.73008326168 375.281977203604 45.9017678113831
1
0.27998326059172 0.956040402019985 0.087155742747656
-0.959692321040577 0.281052751162037 0
-0.0244953612787994 -0.0836426970495134 0.996194698091746
[HEADER]
523986,Glazed,6
547.767433475123 378.824148664139 46.2246836462476
1
0.279983260592106 0.956040402019872 0.0871557427476507
-0.95969232104047 0.281052751162403 2.45650846370447E-13
-0.0244953612785951 -0.0836426970495678 0.996194698091746
[HEADER]
523987,Glazed,6
548.618060631346 381.728729197584 46.4894746249843
1
0.279983260591303 0.956040402020109 0.0871557427476336
-0.959692321040703 0.281052751161608 1.22822677604125E-13
-0.0244953612786383 -0.0836426970495373 0.996194698091748
[HEADER]
525150,Glazed,6
513.677125358577 262.418218510149 29.041354632929
1
0.279983260591736 0.95604040201998 0.087155742747658
-0.959692321040574 0.281052751162048 5.66872823539798E-14
-0.0244953612787468 -0.0836426970495309 0.996194698091746
[HEADER]
525153,Glazed,6
514.565700141269 265.452376304704 29.3179582949074
1
0.279983260591526 0.956040402020041 0.0871557427476611
-0.959692321040633 0.281052751161848 -6.64142857511056E-14
-0.0244953612788479 -0.0836426970495045 0.996194698091745
[HEADER]
525154,Glazed,6
515.603050354711 268.994547765238 29.6408741297718
1
0.279983260591686 0.956040402019994 0.0871557427476539
-0.959692321040587 0.281052751162004 -9.71183600369613E-15
-0.0244953612788053 -0.0836426970495095 0.996194698091746
[HEADER]
525155,Glazed,6
516.640400568154 272.536719225771 29.9637899646361
1
0.279983260591753 0.956040402019976 0.0871557427476479
-0.959692321040566 0.281052751162074 -4.69616739798659E-14
-0.0244953612788453 -0.0836426970494916 0.996194698091746
[HEADER]
525156,Glazed,6
517.677750781596 276.078890686305 30.2867057995005
1
0.279983260591752 0.956040402019974 0.0871557427476718
-0.959692321040568 0.28105275116207 -1.39502301188757E-18
-0.0244953612788068 -0.0836426970495278 0.996194698091744
[HEADER]
525157,Glazed,6
518.715100995039 279.621062146838 30.6096216343649
1
0.279983260591879 0.956040402019938 0.0871557427476529
-0.959692321040532 0.281052751162192 5.66893304235724E-14
-0.0244953612787579 -0.0836426970495223 0.996194698091746
[HEADER]
525158,Glazed,6
519.752451208481 283.163233607372 30.9325374692293
1
0.279983260591753 0.956040402019975 0.087155742747651
-0.959692321040569 0.281052751162065 5.66941685391888E-14
-0.0244953612787463 -0.0836426970495238 0.996194698091746
[HEADER]
525159,Glazed,6
520.789801421924 286.705405067906 31.2554533040937
1
0.279983260591719 0.956040402019984 0.0871557427476661
-0.959692321040579 0.281052751162031 6.64156807741175E-14
-0.0244953612787383 -0.0836426970495419 0.996194698091745
[HEADER]
525160,Glazed,6
521.823053492096 290.233582868492 31.9129772313421
1
0.279983260591494 0.956040402020051 0.0871557427476535
-0.959692321040642 0.281052751161816 -7.61275167778137E-14
-0.0244953612788523 -0.0836426970494953 0.996194698091746
[HEADER]
525161,Glazed,6
522.859294377389 293.771966379245 32.5962955129629
1
0.279983260591753 0.956040402019975 0.0871557427476535
-0.959692321040566 0.281052751162075 -6.64073995658968E-14
-0.0244953612788656 -0.0836426970494914 0.996194698091746
[HEADER]
525162,Glazed,6
523.900122248144 297.326012767188 32.6352651305742
1
0.279983260591719 0.956040402019984 0.0871557427476611
-0.959692321040575 0.281052751162043 -7.61392410786389E-14
-0.0244953612788742 -0.0836426970494968 0.996194698091745
[HEADER]
525163,Glazed,6
524.9409501189 300.880059155131 32.6742347481851
1
0.279983260591719 0.956040402019984 0.0871557427476636
-0.959692321040575 0.281052751162043 -7.61357979860344E-14
-0.0244953612788749 -0.0836426970494993 0.996194698091745
[HEADER]
525164,Glazed,6
525.977911353131 304.420902393968 32.8704554779921
1
0.279983260591946 0.956040402019919 0.0871557427476509
-0.959692321040513 0.281052751162258 6.6399118357676E-14
-0.0244953612787538 -0.0836426970495215 0.996194698091746
[HEADER]
525165,Glazed,6
527.013902702579 307.958433831107 33.1929483132799
1
0.279983260591527 0.956040402020041 0.0871557427476536
-0.959692321040632 0.28105275116185 -8.58545201749395E-14
-0.0244953612788646 -0.0836426970494918 0.996194698091746
[HEADER]
525166,Glazed,6
528.051252916022 311.50060529164 33.5158641481443
1
0.279983260591945 0.956040402019918 0.0871557427476636
-0.959692321040512 0.281052751162259 4.69623270264466E-14
-0.0244953612787761 -0.0836426970495282 0.996194698091745
[HEADER]
525167,Glazed,6
529.088603129464 315.042776752174 33.8387799830087
1
0.279983260591653 0.956040402020004 0.0871557427476557
-0.959692321040598 0.281052751161964 6.64122376815131E-14
-0.0244953612787296 -0.0836426970495336 0.996194698091746
[HEADER]
525168,Glazed,6
530.125953342907 318.584948212708 34.1616958178731
1
0.27998326059156 0.956040402020031 0.0871557427476582
-0.959692321040621 0.281052751161887 -1.32833409617828E-13
-0.024495361278914 -0.0836426970494822 0.996194698091746
[HEADER]
525169,Glazed,6
531.16330355635 322.127119673241 34.4846116527374
1
0.27998326059172 0.956040402019985 0.0871557427476514
-0.959692321040576 0.281052751162042 -6.6419123866722E-14
-0.0244953612788621 -0.0836426970494902 0.996194698091746
[HEADER]
525170,Glazed,6
532.200653769792 325.669291133774 34.8075274876018
1
0.279983260592012 0.956040402019899 0.0871557427476612
-0.959692321040493 0.281052751162324 6.64073995658967E-14
-0.0244953612787625 -0.0836426970495297 0.996194698091745
[HEADER]
525171,Glazed,6
533.238003983235 329.211462594307 35.1304433224661
1
0.279983260591493 0.95604040202005 0.0871557427476606
-0.959692321040641 0.281052751161821 -1.32818242224398E-13
-0.0244953612789089 -0.0836426970494862 0.996194698091745
[HEADER]
525172,Glazed,6
534.26628469956 332.722665040294 36.1938718551996
1
0.27998326059188 0.956040402019938 0.0871557427476481
-0.959692321040531 0.281052751162195 1.94436775164383E-14
-0.0244953612787925 -0.0836426970495073 0.996194698091747
[HEADER]
525173,Glazed,6
535.294047244386 336.232098120185 37.2996084199866
1
0.279983260591785 0.956040402019965 0.0871557427476638
-0.959692321040558 0.281052751162103 3.44309260445105E-18
-0.0244953612788074 -0.0836426970495193 0.996194698091745
[HEADER]
525174,Glazed,6
536.378299457914 339.934422751739 36.1079831366831
1
0.279983260591653 0.956040402020005 0.0871557427476504
-0.959692321040595 0.281052751161977 -8.58593582905559E-14
-0.0244953612788748 -0.0836426970494855 0.996194698091746
[HEADER]
525175,Glazed,6
537.387404837005 343.380148436442 36.4221066619236
1
0.279983260591785 0.956040402019965 0.0871557427476646
-0.959692321040559 0.281052751162097 6.64156807741175E-14
-0.0244953612787437 -0.0836426970495387 0.996194698091745
[HEADER]
525176,Glazed,6
538.424755050448 346.922319896976 36.745022496788
1
0.279983260591654 0.956040402020005 0.0871557427476401
-0.959692321040597 0.28105275116197 0
-0.0244953612787892 -0.0836426970494999 0.996194698091747
[HEADER]
525177,Glazed,6
539.462105263891 350.464491357509 37.0679383316524
1
0.279983260591785 0.956040402019964 0.0871557427476708
-0.959692321040557 0.281052751162107 -4.69588839338421E-14
-0.0244953612788546 -0.0836426970495127 0.996194698091744
[HEADER]
525178,Glazed,6
540.499455477333 354.006662818043 37.3908541665168
1
0.279983260591719 0.956040402019985 0.087155742747657
-0.959692321040579 0.281052751162031 6.64039564732923E-14
-0.0244953612787357 -0.0836426970495331 0.996194698091746
[HEADER]
525179,Glazed,6
541.536805690775 357.548834278576 37.7137700013812
1
0.279983260591653 0.956040402020004 0.0871557427476606
-0.959692321040596 0.281052751161973 -3.88873550328766E-14
-0.0244953612788324 -0.0836426970495086 0.996194698091745
[HEADER]
525180,Glazed,6
542.574155904218 361.09100573911 38.0366858362455
1
0.27998326059172 0.956040402019986 0.0871557427476454
-0.959692321040575 0.281052751162045 -1.05303035806994E-13
-0.0244953612788979 -0.0836426970494736 0.996194698091747
[HEADER]
525181,Glazed,6
543.611506117661 364.633177199643 38.3596016711099
1
0.279983260591785 0.956040402019965 0.087155742747664
-0.959692321040558 0.281052751162101 1.94436775164383E-14
-0.0244953612787887 -0.0836426970495249 0.996194698091745
[HEADER]
525182,Glazed,6
544.648856331103 368.175348660177 38.6825175059743
1
0.27998326059172 0.956040402019985 0.087155742747656
-0.959692321040578 0.281052751162035 1.94505637016472E-14
-0.0244953612787807 -0.0836426970495189 0.996194698091746
[HEADER]
525183,Glazed,6
545.686206544546 371.71752012071 39.0054333408386
1
0.279983260591786 0.956040402019965 0.0871557427476536
-0.959692321040558 0.281052751162101 1.94436775164383E-14
-0.0244953612787858 -0.0836426970495149 0.996194698091746
[HEADER]
525184,Glazed,6
546.723556757988 375.259691581243 39.3283491757029
1
0.27998326059172 0.956040402019985 0.087155742747653
-0.959692321040576 0.28105275116204 -4.69637220494585E-14
-0.0244953612788438 -0.0836426970494973 0.996194698091746
[HEADER]
525185,Glazed,6
547.760906971431 378.801863041777 39.6512650105674
1
0.279983260591653 0.956040402020003 0.087155742747664
-0.959692321040597 0.28105275116197 -3.44309260445105E-18
-0.0244953612787959 -0.0836426970495228 0.996194698091745
[HEADER]
525186,Glazed,6
548.611534127654 381.706443575222 39.9160559893041
1
0.279983260591642 0.956040402020007 0.0871557427476559
-0.959692321040598 0.281052751161966 -8.58545201749395E-14
-0.0244953612788753 -0.0836426970494911 0.996194698091746
[HEADER]
525566,Glazed,6
513.660310198983 262.360800892025 24.0595328190177
1
0.279983260591781 0.956040402019967 0.0871557427476564
-0.95969232104056 0.281052751162096 2.5059539413999E-14
-0.0244953612787808 -0.0836426970495193 0.996194698091746
[HEADER]
525569,Glazed,6
514.554039726362 265.412560253804 24.0094301241087
1
0.279983260591736 0.95604040201998 0.0871557427476573
-0.959692321040573 0.281052751162051 2.50664255992079E-14
-0.0244953612787771 -0.0836426970495213 0.996194698091746
[HEADER]
525570,Glazed,6
515.595395686449 268.96840987361 24.0052819314962
1
0.27998326059159 0.956040402020023 0.0871557427476571
-0.959692321040614 0.281052751161911 -5.04874897366743E-14
-0.024495361278837 -0.0836426970495036 0.996194698091746
[HEADER]
525571,Glazed,6
516.62848173541 272.4960207725 24.3655602214262
1
0.279983260591816 0.956040402019956 0.0871557427476569
-0.959692321040549 0.281052751162133 6.08272746875419E-15
-0.0244953612788023 -0.0836426970495136 0.996194698091746
[HEADER]
525572,Glazed,6
517.651360490239 275.988777496305 25.870051916687
1
0.279983260591673 0.956040402019998 0.0871557427476568
-0.95969232104059 0.281052751161991 -2.2905469536774E-14
-0.0244953612788176 -0.083642697049509 0.996194698091746
[HEADER]
525573,Glazed,6
518.674239245068 279.481534220109 27.3745436119474
1
0.279983260591783 0.956040402019966 0.0871557427476569
-0.959692321040559 0.2810527511621 2.14234557639976E-15
-0.0244953612788032 -0.0836426970495133 0.996194698091746
[HEADER]
525574,Glazed,6
519.697117999897 282.974290943914 28.8790353072084
1
0.279983260591753 0.956040402019975 0.0871557427476567
-0.959692321040568 0.28105275116207 2.14234557639976E-15
-0.0244953612788005 -0.0836426970495139 0.996194698091746
[HEADER]
525575,Glazed,6
520.514365029085 285.764890555773 30.3195160835917
1
0.279983260591703 0.956040402019989 0.0871557427476566
-0.959692321040582 0.28105275116202 2.15062678462055E-15
-0.0244953612787961 -0.083642697049515 0.996194698091746
[HEADER]
525576,Glazed,6
0 0 0
1
1 0 0
0 1 0
0 0 1
[HEADER]
525577,Glazed,6
0 0 0
1
1 0 0
0 1 0
0 0 1
[HEADER]
525578,Glazed,6
0 0 0
1
1 0 0
0 1 0
0 0 1
[HEADER]
525579,Glazed,6
0 0 0
1
1 0 0
0 1 0
0 0 1
[HEADER]
525580,Glazed,6
0 0 0
1
1 0 0
0 1 0
0 0 1
[HEADER]
525581,Glazed,6
526.985711015006 307.862169532075 32.7406890194562
1
0.279983260591786 0.956040402019965 0.0871557427476569
-0.959692321040558 0.281052751162103 4.29846352321733E-15
-0.0244953612788013 -0.0836426970495138 0.996194698091746
[HEADER]
525582,Glazed,6
527.983255748625 311.268419841991 32.7661850674059
1
0.279983260591719 0.956040402019985 0.0871557427476572
-0.959692321040578 0.281052751162036 8.59627399985399E-15
-0.0244953612787915 -0.083642697049517 0.996194698091746
[HEADER]
525583,Glazed,6
529.02408361938 314.822466229934 32.8051546850168
1
0.27998326059162 0.956040402020014 0.0871557427476567
-0.959692321040605 0.281052751161941 -5.0482651621058E-14
-0.0244953612788396 -0.0836426970495025 0.996194698091746
[HEADER]
525584,Glazed,6
530.064911490136 318.376512617877 32.8441243026276
1
0.279983260591899 0.956040402019932 0.0871557427476565
-0.959692321040525 0.281052751162214 3.36564664604337E-14
-0.0244953612787828 -0.0836426970495188 0.996194698091746
[HEADER]
525585,Glazed,6
531.101105569385 321.914736303117 33.0715442344663
1
0.279983260591606 0.956040402020018 0.0871557427476582
-0.95969232104061 0.281052751161925 -2.72204954764329E-14
-0.0244953612788164 -0.0836426970495108 0.996194698091746
[HEADER]
525586,Glazed,6
532.055847908175 325.174832094107 33.9341763983476
1
0.279983260591786 0.956040402019965 0.0871557427476567
-0.959692321040558 0.281052751162103 4.30813975445001E-15
-0.0244953612788013 -0.0836426970495136 0.996194698091746
[HEADER]
525587,Glazed,6
0 0 0
1
1 0 0
0 1 0
0 0 1
[HEADER]
525588,Glazed,6
0 0 0
1
1 0 0
0 1 0
0 0 1
[HEADER]
525589,Glazed,6
0 0 0
1
1 0 0
0 1 0
0 0 1
[HEADER]
525590,Glazed,6
536.879236165149 341.644938337422 28.8314233959954
1
0.279983260591799 0.956040402019961 0.0871557427476539
-0.959692321040556 0.28105275116211 7.76934708662583E-14
-0.024495361278731 -0.0836426970495313 0.996194698091746
[HEADER]
525591,Glazed,6
537.397911290632 343.416024131755 28.9928813192681
1
0.279983260591526 0.956040402020041 0.0871557427476587
-0.959692321040633 0.281052751161846 -3.36530233678292E-14
-0.0244953612788157 -0.0836426970495115 0.996194698091745
[HEADER]
525592,Glazed,6
538.435261504075 346.958195592289 29.3157971541325
1
0.279983260591766 0.956040402019971 0.0871557427476566
-0.959692321040563 0.281052751162084 -8.5948789768421E-15
-0.024495361278812 -0.0836426970495104 0.996194698091746
[HEADER]
525593,Glazed,6
539.472611717518 350.500367052823 29.6387129889969
1
0.279983260591866 0.956040402019942 0.0871557427476582
-0.959692321040536 0.281052751162178 6.51719823674795E-14
-0.0244953612787501 -0.0836426970495302 0.996194698091746
[HEADER]
525594,Glazed,6
540.50996193096 354.042538513356 29.9616288238612
1
0.279983260591527 0.956040402020041 0.0871557427476556
-0.959692321040633 0.281052751161846 -4.40418425214409E-14
-0.0244953612788248 -0.0836426970495055 0.996194698091746
[HEADER]
525595,Glazed,6
541.547312144403 357.584709973889 30.2845446587256
1
0.279983260591832 0.956040402019951 0.0871557427476571
-0.959692321040544 0.281052751162149 6.44909030783789E-15
-0.0244953612788034 -0.0836426970495134 0.996194698091746
[HEADER]
525596,Glazed,6
542.584662357846 361.126881434423 30.60746049359
1
0.279983260591832 0.956040402019951 0.0871557427476576
-0.959692321040546 0.281052751162145 6.08666326590533E-14
-0.0244953612787511 -0.0836426970495292 0.996194698091746
[HEADER]
525597,Glazed,6
543.622012571288 364.669052894957 30.9303763284544
1
0.279983260591573 0.956040402020027 0.087155742747656
-0.959692321040619 0.281052751161892 -2.93566079142045E-14
-0.0244953612788149 -0.0836426970495089 0.996194698091746
[HEADER]
525598,Glazed,6
544.659362784731 368.211224355491 31.2532921633188
1
0.279983260591719 0.956040402019985 0.0871557427476573
-0.959692321040577 0.281052751162039 -3.15051866292325E-14
-0.0244953612788301 -0.0836426970495058 0.996194698091746
[HEADER]
525599,Glazed,6
545.696712998173 371.753395816024 31.5762079981831
1
0.279983260591786 0.956040402019965 0.0871557427476576
-0.959692321040558 0.281052751162103 -4.83811561633782E-18
-0.0244953612788057 -0.0836426970495133 0.996194698091746
[HEADER]
525600,Glazed,6
546.734063211616 375.295567276557 31.8991238330474
1
0.279983260591832 0.956040402019951 0.0871557427476585
-0.959692321040545 0.281052751162145 5.44195904208079E-14
-0.0244953612787576 -0.0836426970495283 0.996194698091746
[HEADER]
525601,Glazed,6
547.771413425058 378.837738737091 32.2220396679118
1
0.279983260591573 0.956040402020027 0.0871557427476557
-0.959692321040619 0.281052751161893 -3.36530233678292E-14
-0.024495361278819 -0.0836426970495074 0.996194698091746
[HEADER]
525602,Glazed,6
548.622040581282 381.742319270535 32.4868306466486
1
0.279983260591861 0.956040402019943 0.0871557427476554
-0.959692321040536 0.281052751162177 1.46790014686082E-14
-0.0244953612787975 -0.0836426970495134 0.996194698091746
[LEVEL]
05-지상 3층
[HEADER]
416986,Glazed,54
277.964847075924 384.018921284226 32.9724409448819
1
-0.983679176121416 -0.179931315965545 0
0.179931315965545 -0.983679176121416 0
0 0 1
1.79625988006592 -0.16240157186985 0
1.79625988006592 -0.16240157186985 10.2526245117188
-1.79625988006592 -0.16240157186985 10.2526245117188
0 -1 0
-1.79625988006592 -0.16240157186985 10.2526245117188
-1.79625988006592 -0.16240157186985 0
1.79625988006592 -0.16240157186985 0
0 -1 0
-1.79625988006592 -0.0803805738687515 10.2526245117188
1.79625988006592 -0.0803805738687515 10.2526245117188
1.79625988006592 -0.0803805738687515 0
0 1 0
1.79625988006592 -0.0803805738687515 0
-1.79625988006592 -0.0803805738687515 0
-1.79625988006592 -0.0803805738687515 10.2526245117188
0 1 0
-1.79625988006592 -0.16240157186985 0
-1.79625988006592 -0.0803805738687515 0
1.79625988006592 -0.0803805738687515 0
0 0 -1
1.79625988006592 -0.0803805738687515 0
1.79625988006592 -0.16240157186985 0
-1.79625988006592 -0.16240157186985 0
0 0 -1
1.79625988006592 -0.16240157186985 0
1.79625988006592 -0.0803805738687515 0
1.79625988006592 -0.0803805738687515 10.2526245117188
1 0 0
1.79625988006592 -0.0803805738687515 10.2526245117188
1.79625988006592 -0.16240157186985 10.2526245117188
1.79625988006592 -0.16240157186985 0
1 0 0
1.79625988006592 -0.16240157186985 10.2526245117188
1.79625988006592 -0.0803805738687515 10.2526245117188
-1.79625988006592 -0.0803805738687515 10.2526245117188
0 0 1
-1.79625988006592 -0.0803805738687515 10.2526245117188
-1.79625988006592 -0.16240157186985 10.2526245117188
1.79625988006592 -0.16240157186985 10.2526245117188
0 0 1
-1.79625988006592 -0.16240157186985 10.2526245117188
-1.79625988006592 -0.0803805738687515 10.2526245117188
-1.79625988006592 -0.0803805738687515 0
-1 0 0
-1.79625988006592 -0.0803805738687515 0
-1.79625988006592 -0.16240157186985 0
-1.79625988006592 -0.16240157186985 10.2526245117188
-1 0 0
[HEADER]
416988,Glazed,6
274.229254403646 383.335619124589 32.9724409448819
1
-0.983679176121416 -0.179931315965545 0
0.179931315965545 -0.983679176121416 0
0 0 1
[HEADER]
416990,Empty Panel,6
262.901452867602 381.263575426954 32.8083989501312
1
-0.983679176121416 -0.179931315965545 0
0.179931315965545 -0.983679176121416 0
0 0 1
[HEADER]
416992,Glazed,6
266.67738671295 381.954256659499 32.8083989501312
1
-0.983679176121416 -0.179931315965545 0
0.179931315965545 -0.983679176121416 0
0 0 1
[HEADER]
416994,Glazed,6
262.901452867602 381.263575426954 32.8083989501312
1
-0.983679176121416 -0.179931315965545 0
0.179931315965545 -0.983679176121416 0
0 0 1
[HEADER]
416996,Glazed,6
259.125519022254 380.572894194409 32.8083989501312
1
-0.983679176121416 -0.179931315965545 0
0.179931315965545 -0.983679176121416 0
0 0 1
[HEADER]
416998,Glazed,6
255.349585176906 379.882212961864 32.8083989501312
1
-0.983679176121416 -0.179931315965545 0
0.179931315965545 -0.983679176121416 0
0 0 1
[HEADER]
417000,Glazed,6
253.445481784807 379.533920716393 32.8083989501312
1
-0.983679176121416 -0.179931315965545 0
0.179931315965545 -0.983679176121416 0
0 0 1
[HEADER]
417002,Glazed,6
247.79771748621 378.500850496774 32.9724409448819
1
-0.983679176121416 -0.179931315965545 0
0.179931315965545 -0.983679176121416 0
0 0 1
[HEADER]
417004,Glazed,6
244.021783640862 377.810169264229 32.9724409448819
1
-0.983679176121416 -0.179931315965545 0
0.179931315965545 -0.983679176121416 0
0 0 1
[HEADER]
417006,Glazed,6
240.245849795514 377.119488031684 32.9724409448819
1
-0.983679176121416 -0.179931315965545 0
0.179931315965545 -0.983679176121416 0
0 0 1
[HEADER]
417008,Glazed,6
236.469915950166 376.42880679914 32.9724409448819
1
-0.983679176121416 -0.179931315965545 0
0.179931315965545 -0.983679176121416 0
0 0 1
[HEADER]
417010,Glazed,6
232.693982104818 375.738125566595 32.9724409448819
1
-0.983679176121416 -0.179931315965545 0
0.179931315965545 -0.983679176121416 0
0 0 1
[HEADER]
417012,Glazed,6
230.539763436639 375.34408306854 32.9724409448819
1
-0.983679176121416 -0.179931315965545 0
0.179931315965545 -0.983679176121416 0
0 0 1
[HEADER]
417014,Glazed,6
226.997808397947 374.696200459379 32.8083989501312
1
-0.983679176121416 -0.179931315965545 0
0.179931315965545 -0.983679176121416 0
0 0 1
[HEADER]
417016,Glazed,6
277.964847075924 384.018921284226 43.3891076115486
1
-0.983679176121416 -0.179931315965545 0
0.179931315965545 -0.983679176121416 0
0 0 1
[HEADER]
417017,Glazed,6
274.229254403646 383.335619124589 43.3891076115486
1
-0.983679176121416 -0.179931315965545 0
0.179931315965545 -0.983679176121416 0
0 0 1
[HEADER]
417018,Glazed,6
270.453320558298 382.644937892044 43.3891076115486
1
-0.983679176121416 -0.179931315965545 0
0.179931315965545 -0.983679176121416 0
0 0 1
[HEADER]
417019,Glazed,6
266.67738671295 381.954256659499 43.3891076115486
1
-0.983679176121416 -0.179931315965545 0
0.179931315965545 -0.983679176121416 0
0 0 1
[HEADER]
417020,Glazed,6
262.901452867602 381.263575426954 43.3891076115486
1
-0.983679176121416 -0.179931315965545 0
0.179931315965545 -0.983679176121416 0
0 0 1
[HEADER]
417021,Glazed,6
259.125519022254 380.572894194409 43.3891076115486
1
-0.983679176121416 -0.179931315965545 0
0.179931315965545 -0.983679176121416 0
0 0 1
[HEADER]
417022,Glazed,6
255.349585176906 379.882212961864 43.3891076115486
1
-0.983679176121416 -0.179931315965545 0
0.179931315965545 -0.983679176121416 0
0 0 1
[HEADER]
417023,Glazed,6
253.445481784807 379.533920716393 43.3070866141732
1
-0.983679176121416 -0.179931315965545 0
0.179931315965545 -0.983679176121416 0
0 0 1
[HEADER]
417024,Glazed,6
247.79771748621 378.500850496774 43.3891076115486
1
-0.983679176121416 -0.179931315965545 0
0.179931315965545 -0.983679176121416 0
0 0 1
[HEADER]
417025,Glazed,6
244.021783640862 377.810169264229 43.3891076115486
1
-0.983679176121416 -0.179931315965545 0
0.179931315965545 -0.983679176121416 0
0 0 1
[HEADER]
417026,Glazed,6
240.245849795514 377.119488031684 43.3891076115486
1
-0.983679176121416 -0.179931315965545 0
0.179931315965545 -0.983679176121416 0
0 0 1
[HEADER]
417027,Glazed,6
236.469915950166 376.42880679914 43.3891076115486
1
-0.983679176121416 -0.179931315965545 0
0.179931315965545 -0.983679176121416 0
0 0 1
[HEADER]
417028,Glazed,6
232.693982104818 375.738125566595 43.3891076115486
1
-0.983679176121416 -0.179931315965545 0
0.179931315965545 -0.983679176121416 0
0 0 1
[HEADER]
417029,Glazed,6
230.539763436639 375.34408306854 43.3891076115486
1
-0.983679176121416 -0.179931315965545 0
0.179931315965545 -0.983679176121416 0
0 0 1
[HEADER]
417030,Glazed,6
226.997808397947 374.696200459379 43.3070866141732
1
-0.983679176121416 -0.179931315965545 0
0.179931315965545 -0.983679176121416 0
0 0 1
[HEADER]
417032,Glazed,6
277.964847075924 384.018921284226 52.9035433070866
1
-0.983679176121416 -0.179931315965545 0
0.179931315965545 -0.983679176121416 0
0 0 1
[HEADER]
417033,Glazed,6
274.229254403646 383.335619124589 52.9035433070866
1
-0.983679176121416 -0.179931315965545 0
0.179931315965545 -0.983679176121416 0
0 0 1
[HEADER]
417034,Glazed,6
270.453320558298 382.644937892044 52.9035433070866
1
-0.983679176121416 -0.179931315965545 0
0.179931315965545 -0.983679176121416 0
0 0 1
[HEADER]
417035,Glazed,6
266.67738671295 381.954256659499 52.9035433070866
1
-0.983679176121416 -0.179931315965545 0
0.179931315965545 -0.983679176121416 0
0 0 1
[HEADER]
417036,Glazed,6
262.901452867602 381.263575426954 52.9035433070866
1
-0.983679176121416 -0.179931315965545 0
0.179931315965545 -0.983679176121416 0
0 0 1
[HEADER]
417037,Glazed,6
259.125519022254 380.572894194409 52.9035433070866
1
-0.983679176121416 -0.179931315965545 0
0.179931315965545 -0.983679176121416 0
0 0 1
[HEADER]
417038,Glazed,6
255.349585176906 379.882212961864 52.9035433070866
1
-0.983679176121416 -0.179931315965545 0
0.179931315965545 -0.983679176121416 0
0 0 1
[HEADER]
417039,Glazed,6
253.445481784807 379.533920716393 52.8215223097113
1
-0.983679176121416 -0.179931315965545 0
0.179931315965545 -0.983679176121416 0
0 0 1
[HEADER]
417040,Glazed,6
247.79771748621 378.500850496774 52.9035433070866
1
-0.983679176121416 -0.179931315965545 0
0.179931315965545 -0.983679176121416 0
0 0 1
[HEADER]
417041,Glazed,6
244.021783640862 377.810169264229 52.9035433070866
1
-0.983679176121416 -0.179931315965545 0
0.179931315965545 -0.983679176121416 0
0 0 1
[HEADER]
417042,Glazed,6
240.245849795514 377.119488031684 52.9035433070866
1
-0.983679176121416 -0.179931315965545 0
0.179931315965545 -0.983679176121416 0
0 0 1
[HEADER]
417043,Glazed,6
236.469915950166 376.42880679914 52.9035433070866
1
-0.983679176121416 -0.179931315965545 0
0.179931315965545 -0.983679176121416 0
0 0 1
[HEADER]
417044,Glazed,6
232.693982104818 375.738125566595 52.9035433070866
1
-0.983679176121416 -0.179931315965545 0
0.179931315965545 -0.983679176121416 0
0 0 1
[HEADER]
417045,Glazed,6
230.539763436639 375.34408306854 52.9035433070866
1
-0.983679176121416 -0.179931315965545 0
0.179931315965545 -0.983679176121416 0
0 0 1
[HEADER]
417046,Glazed,6
226.997808397947 374.696200459379 52.8215223097113
1
-0.983679176121416 -0.179931315965545 0
0.179931315965545 -0.983679176121416 0
0 0 1
[HEADER]
417146,Glazed,6
224.819553616871 423.867237810568 32.9724409448819
1
1 -4.14990995659567E-15 0
4.14990995659567E-15 1 0
0 0 1
[HEADER]
417148,Glazed,6
251.557514862133 379.18858010012 32.9724409448819
1
-0.983679176121416 -0.179931315965545 0
0.179931315965545 -0.983679176121416 0
0 0 1
[HEADER]
417149,Glazed,6
251.557514862133 379.18858010012 43.3891076115486
1
-0.983679176121416 -0.179931315965545 0
0.179931315965545 -0.983679176121416 0
0 0 1
[HEADER]
417150,Glazed,6
251.557514862133 379.18858010012 52.9035433070866
1
-0.983679176121416 -0.179931315965545 0
0.179931315965545 -0.983679176121416 0
0 0 1
[HEADER]
417152,Glazed,6
228.651796513965 374.998742452268 32.9724409448819
1
-0.983679176121416 -0.179931315965545 0
0.179931315965545 -0.983679176121416 0
0 0 1
[HEADER]
417153,Glazed,6
228.651796513965 374.998742452268 43.3891076115486
1
-0.983679176121416 -0.179931315965545 0
0.179931315965545 -0.983679176121416 0
0 0 1
[HEADER]
417154,Glazed,6
228.651796513965 374.998742452268 52.9035433070866
1
-0.983679176121416 -0.179931315965545 0
0.179931315965545 -0.983679176121416 0
0 0 1
[HEADER]
417156,Glazed,6
225.31154734308 374.387755208093 32.9724409448819
1
-0.983679176121416 -0.179931315965545 0
0.179931315965545 -0.983679176121416 0
0 0 1
[HEADER]
417157,Glazed,6
225.31154734308 374.387755208093 43.3891076115486
1
-0.983679176121416 -0.179931315965545 0
0.179931315965545 -0.983679176121416 0
0 0 1
[HEADER]
417158,Glazed,6
225.31154734308 374.387755208093 52.9035433070866
1
-0.983679176121416 -0.179931315965545 0
0.179931315965545 -0.983679176121416 0
0 0 1
[HEADER]
417160,Glazed,6
223.496194533307 374.055696923306 32.9724409448819
1
-0.983679176121416 -0.179931315965545 0
0.179931315965545 -0.983679176121416 0
0 0 1
[HEADER]
417161,Glazed,6
223.496194533307 374.055696923306 43.3891076115486
1
-0.983679176121416 -0.179931315965545 0
0.179931315965545 -0.983679176121416 0
0 0 1
[HEADER]
417162,Glazed,6
223.496194533307 374.055696923306 52.9035433070866
1
-0.983679176121416 -0.179931315965545 0
0.179931315965545 -0.983679176121416 0
0 0 1
[HEADER]
417164,Glazed,6
236.261482845425 423.867237810568 32.8083989501312
1
1 -4.14990995659567E-15 0
4.14990995659567E-15 1 0
0 0 1
[HEADER]
417166,Glazed,6
237.942913291619 424.113300802694 32.8083989501312
1
1 -4.14990995659567E-15 0
4.14990995659567E-15 1 0
0 0 1
[HEADER]
417168,Glazed,6
239.624343737814 424.113300802694 32.8083989501312
1
1 -4.14990995659567E-15 0
4.14990995659567E-15 1 0
0 0 1
[HEADER]
417170,Glazed,6
241.305774184008 424.113300802694 32.8083989501312
1
1 -4.14990995659567E-15 0
4.14990995659567E-15 1 0
0 0 1
[HEADER]
417172,Glazed,6
242.987204630202 424.113300802694 32.8083989501312
1
1 -4.14990995659567E-15 0
4.14990995659567E-15 1 0
0 0 1
[HEADER]
417174,Glazed,6
244.668635076396 424.113300802693 32.8083989501312
1
1 -4.14990995659567E-15 0
4.14990995659567E-15 1 0
0 0 1
[HEADER]
417176,Glazed,6
248.318569365403 423.867237810567 32.9724409448819
1
1 -4.14990995659567E-15 0
4.14990995659567E-15 1 0
0 0 1
[HEADER]
417178,Glazed,6
250.205052399231 423.867237810567 32.9724409448819
1
1 -4.14990995659567E-15 0
4.14990995659567E-15 1 0
0 0 1
[HEADER]
417194,Glazed,6
224.819553616871 423.867237810568 43.3891076115486
1
1 -4.14990995659567E-15 0
4.14990995659567E-15 1 0
0 0 1
[HEADER]
417195,Glazed,6
228.141404011072 423.867237810568 43.3891076115486
1
1 -4.14990995659567E-15 0
4.14990995659567E-15 1 0
0 0 1
[HEADER]
417196,Glazed,6
231.504264903461 423.867237810568 43.3891076115486
1
1 -4.14990995659567E-15 0
4.14990995659567E-15 1 0
0 0 1
[HEADER]
417197,Glazed,6
234.867125795849 423.867237810568 43.3891076115486
1
1 -4.14990995659567E-15 0
4.14990995659567E-15 1 0
0 0 1
[HEADER]
417198,Glazed,6
238.229986688237 423.867237810568 43.3891076115486
1
1 -4.14990995659567E-15 0
4.14990995659567E-15 1 0
0 0 1
[HEADER]
417199,Glazed,6
241.592847580626 423.867237810568 43.3891076115486
1
1 -4.14990995659567E-15 0
4.14990995659567E-15 1 0
0 0 1
[HEADER]
417200,Glazed,6
244.668635076396 423.867237810567 43.3891076115486
1
1 -4.14990995659567E-15 0
4.14990995659567E-15 1 0
0 0 1
[HEADER]
417201,Glazed,6
248.318569365403 423.867237810567 43.3891076115486
1
1 -4.14990995659567E-15 0
4.14990995659567E-15 1 0
0 0 1
[HEADER]
417202,Glazed,6
250.205052399231 423.867237810567 43.3891076115486
1
1 -4.14990995659567E-15 0
4.14990995659567E-15 1 0
0 0 1
[HEADER]
417204,Glazed,6
224.819553616871 423.867237810568 52.9035433070866
1
1 -4.14990995659567E-15 0
4.14990995659567E-15 1 0
0 0 1
[HEADER]
417205,Glazed,6
228.141404011072 423.867237810568 52.9035433070866
1
1 -4.14990995659567E-15 0
4.14990995659567E-15 1 0
0 0 1
[HEADER]
417206,Glazed,6
231.504264903461 423.867237810568 52.9035433070866
1
1 -4.14990995659567E-15 0
4.14990995659567E-15 1 0
0 0 1
[HEADER]
417207,Glazed,6
234.867125795849 423.867237810568 52.9035433070866
1
1 -4.14990995659567E-15 0
4.14990995659567E-15 1 0
0 0 1
[HEADER]
417208,Glazed,6
238.229986688237 423.867237810568 52.9035433070866
1
1 -4.14990995659567E-15 0
4.14990995659567E-15 1 0
0 0 1
[HEADER]
417209,Glazed,6
241.592847580626 423.867237810568 52.9035433070866
1
1 -4.14990995659567E-15 0
4.14990995659567E-15 1 0
0 0 1
[HEADER]
417210,Glazed,6
244.668635076396 423.867237810567 52.9035433070866
1
1 -4.14990995659567E-15 0
4.14990995659567E-15 1 0
0 0 1
[HEADER]
417211,Glazed,6
248.318569365403 423.867237810567 52.9035433070866
1
1 -4.14990995659567E-15 0
4.14990995659567E-15 1 0
0 0 1
[HEADER]
417212,Glazed,6
250.205052399231 423.867237810567 52.9035433070866
1
1 -4.14990995659567E-15 0
4.14990995659567E-15 1 0
0 0 1
[HEADER]
417218,Glazed,6
246.35006552259 423.867237810567 32.9724409448819
1
1 -4.14990995659567E-15 0
4.14990995659567E-15 1 0
0 0 1
[HEADER]
417219,Glazed,6
246.35006552259 423.867237810567 43.3891076115486
1
1 -4.14990995659567E-15 0
4.14990995659567E-15 1 0
0 0 1
[HEADER]
417220,Glazed,6
246.35006552259 423.867237810567 52.9035433070866
1
1 -4.14990995659567E-15 0
4.14990995659567E-15 1 0
0 0 1
[HEADER]
417293,Glazed,6
250.410104986857 425.822071581315 32.9724409448819
1
2.37340740667331E-15 1 0
-1 2.37340740667331E-15 0
0 0 1
[HEADER]
417295,Glazed,6
251.961942257202 434.694009464088 32.9724409448819
1
1 -3.31256272866611E-15 0
3.31256272866611E-15 1 0
0 0 1
[HEADER]
417297,Glazed,6
251.961942257202 434.694009464088 35.8431758530184
1
1 -3.31256272866611E-15 0
3.31256272866611E-15 1 0
0 0 1
[HEADER]
417299,Glazed,6
251.961942257202 434.694009464088 38.7959317585302
1
1 -3.31256272866611E-15 0
3.31256272866611E-15 1 0
0 0 1
[HEADER]
417301,Glazed,6
251.961942257202 434.694009464088 41.748687664042
1
1 -3.31256272866611E-15 0
3.31256272866611E-15 1 0
0 0 1
[HEADER]
417303,Glazed,6
251.961942257202 434.694009464088 44.7014435695538
1
1 -3.31256272866611E-15 0
3.31256272866611E-15 1 0
0 0 1
[HEADER]
417305,Glazed,6
251.961942257202 434.694009464088 47.6541994750656
1
1 -3.31256272866611E-15 0
3.31256272866611E-15 1 0
0 0 1
[HEADER]
417307,Glazed,6
251.961942257202 434.694009464088 50.6069553805774
1
1 -3.31256272866611E-15 0
3.31256272866611E-15 1 0
0 0 1
[HEADER]
417309,Glazed,6
251.961942257202 434.694009464088 53.5597112860892
1
1 -3.31256272866611E-15 0
3.31256272866611E-15 1 0
0 0 1
[HEADER]
417311,Glazed,6
250.410104986857 425.822071581315 35.8431758530184
1
2.37340740667331E-15 1 0
-1 2.37340740667331E-15 0
0 0 1
[HEADER]
417313,Glazed,6
250.410104986857 425.822071581315 38.7959317585302
1
2.37340740667331E-15 1 0
-1 2.37340740667331E-15 0
0 0 1
[HEADER]
417315,Glazed,6
250.410104986857 425.822071581315 41.748687664042
1
2.37340740667331E-15 1 0
-1 2.37340740667331E-15 0
0 0 1
[HEADER]
417317,Glazed,6
250.410104986857 425.822071581315 44.7014435695538
1
2.37340740667331E-15 1 0
-1 2.37340740667331E-15 0
0 0 1
[HEADER]
417319,Glazed,6
250.410104986857 425.822071581315 47.6541994750656
1
2.37340740667331E-15 1 0
-1 2.37340740667331E-15 0
0 0 1
[HEADER]
417321,Glazed,6
250.410104986857 425.822071581315 50.6069553805774
1
2.37340740667331E-15 1 0
-1 2.37340740667331E-15 0
0 0 1
[HEADER]
417323,Glazed,6
250.410104986857 425.822071581315 53.5597112860892
1
2.37340740667331E-15 1 0
-1 2.37340740667331E-15 0
0 0 1
[HEADER]
417325,Glazed,6
250.410104986857 429.854770618957 32.9724409448819
1
2.37340740667331E-15 1 0
-1 2.37340740667331E-15 0
0 0 1
[HEADER]
417326,Glazed,6
250.410104986857 429.854770618957 35.8431758530184
1
2.37340740667331E-15 1 0
-1 2.37340740667331E-15 0
0 0 1
[HEADER]
417327,Glazed,6
250.410104986857 429.854770618957 38.7959317585302
1
2.37340740667331E-15 1 0
-1 2.37340740667331E-15 0
0 0 1
[HEADER]
417328,Glazed,6
250.410104986857 429.854770618957 41.748687664042
1
2.37340740667331E-15 1 0
-1 2.37340740667331E-15 0
0 0 1
[HEADER]
417329,Glazed,6
250.410104986857 429.854770618957 44.7014435695538
1
2.37340740667331E-15 1 0
-1 2.37340740667331E-15 0
0 0 1
[HEADER]
417330,Glazed,6
250.410104986857 429.854770618957 47.6541994750656
1
2.37340740667331E-15 1 0
-1 2.37340740667331E-15 0
0 0 1
[HEADER]
417331,Glazed,6
250.410104986857 429.854770618957 50.6069553805774
1
2.37340740667331E-15 1 0
-1 2.37340740667331E-15 0
0 0 1
[HEADER]
417332,Glazed,6
250.410104986857 429.854770618957 53.5597112860892
1
2.37340740667331E-15 1 0
-1 2.37340740667331E-15 0
0 0 1
[HEADER]
417334,Glazed,6
250.410104986857 433.19029117888 32.9724409448819
1
2.37340740667331E-15 1 0
-1 2.37340740667331E-15 0
0 0 1
[HEADER]
417335,Glazed,6
250.410104986857 433.19029117888 35.8431758530184
1
2.37340740667331E-15 1 0
-1 2.37340740667331E-15 0
0 0 1
[HEADER]
417336,Glazed,6
250.410104986857 433.19029117888 38.7959317585302
1
2.37340740667331E-15 1 0
-1 2.37340740667331E-15 0
0 0 1
[HEADER]
417337,Glazed,6
250.410104986857 433.19029117888 41.748687664042
1
2.37340740667331E-15 1 0
-1 2.37340740667331E-15 0
0 0 1
[HEADER]
417338,Glazed,6
250.410104986857 433.19029117888 44.7014435695538
1
2.37340740667331E-15 1 0
-1 2.37340740667331E-15 0
0 0 1
[HEADER]
417339,Glazed,6
250.410104986857 433.19029117888 47.6541994750656
1
2.37340740667331E-15 1 0
-1 2.37340740667331E-15 0
0 0 1
[HEADER]
417340,Glazed,6
250.410104986857 433.19029117888 50.6069553805774
1
2.37340740667331E-15 1 0
-1 2.37340740667331E-15 0
0 0 1
[HEADER]
417341,Glazed,6
250.410104986857 433.19029117888 53.5597112860892
1
2.37340740667331E-15 1 0
-1 2.37340740667331E-15 0
0 0 1
[HEADER]
417343,Glazed,6
255.147637795263 434.694009464088 32.9724409448819
1
1 -3.31256272866611E-15 0
3.31256272866611E-15 1 0
0 0 1
[HEADER]
417344,Glazed,6
255.147637795263 434.694009464088 35.8431758530184
1
1 -3.31256272866611E-15 0
3.31256272866611E-15 1 0
0 0 1
[HEADER]
417345,Glazed,6
255.147637795263 434.694009464088 38.7959317585302
1
1 -3.31256272866611E-15 0
3.31256272866611E-15 1 0
0 0 1
[HEADER]
417346,Glazed,6
255.147637795263 434.694009464088 41.748687664042
1
1 -3.31256272866611E-15 0
3.31256272866611E-15 1 0
0 0 1
[HEADER]
417347,Glazed,6
255.147637795263 434.694009464088 44.7014435695538
1
1 -3.31256272866611E-15 0
3.31256272866611E-15 1 0
0 0 1
[HEADER]
417348,Glazed,6
255.147637795263 434.694009464088 47.6541994750656
1
1 -3.31256272866611E-15 0
3.31256272866611E-15 1 0
0 0 1
[HEADER]
417349,Glazed,6
255.147637795263 434.694009464088 50.6069553805774
1
1 -3.31256272866611E-15 0
3.31256272866611E-15 1 0
0 0 1
[HEADER]
417350,Glazed,6
255.147637795263 434.694009464088 53.5597112860892
1
1 -3.31256272866611E-15 0
3.31256272866611E-15 1 0
0 0 1
[HEADER]
417352,Glazed,6
258.579396325447 434.694009464088 32.9724409448819
1
1 -3.31256272866611E-15 0
3.31256272866611E-15 1 0
0 0 1
[HEADER]
417353,Glazed,6
258.579396325447 434.694009464088 35.8431758530184
1
1 -3.31256272866611E-15 0
3.31256272866611E-15 1 0
0 0 1
[HEADER]
417354,Glazed,6
258.579396325447 434.694009464088 38.7959317585302
1
1 -3.31256272866611E-15 0
3.31256272866611E-15 1 0
0 0 1
[HEADER]
417355,Glazed,6
258.579396325447 434.694009464088 41.748687664042
1
1 -3.31256272866611E-15 0
3.31256272866611E-15 1 0
0 0 1
[HEADER]
417356,Glazed,6
258.579396325447 434.694009464088 44.7014435695538
1
1 -3.31256272866611E-15 0
3.31256272866611E-15 1 0
0 0 1
[HEADER]
417357,Glazed,6
258.579396325447 434.694009464088 47.6541994750656
1
1 -3.31256272866611E-15 0
3.31256272866611E-15 1 0
0 0 1
[HEADER]
417358,Glazed,6
258.579396325447 434.694009464088 50.6069553805774
1
1 -3.31256272866611E-15 0
3.31256272866611E-15 1 0
0 0 1
[HEADER]
417359,Glazed,6
258.579396325447 434.694009464088 53.5597112860892
1
1 -3.31256272866611E-15 0
3.31256272866611E-15 1 0
0 0 1
[HEADER]
417361,Glazed,6
262.011154855631 434.694009464088 32.9724409448819
1
1 -3.31256272866611E-15 0
3.31256272866611E-15 1 0
0 0 1
[HEADER]
417362,Glazed,6
262.011154855631 434.694009464088 35.8431758530184
1
1 -3.31256272866611E-15 0
3.31256272866611E-15 1 0
0 0 1
[HEADER]
417363,Glazed,6
262.011154855631 434.694009464088 38.7959317585302
1
1 -3.31256272866611E-15 0
3.31256272866611E-15 1 0
0 0 1
[HEADER]
417364,Glazed,6
262.011154855631 434.694009464088 41.748687664042
1
1 -3.31256272866611E-15 0
3.31256272866611E-15 1 0
0 0 1
[HEADER]
417365,Glazed,6
262.011154855631 434.694009464088 44.7014435695538
1
1 -3.31256272866611E-15 0
3.31256272866611E-15 1 0
0 0 1
[HEADER]
417366,Glazed,6
262.011154855631 434.694009464088 47.6541994750656
1
1 -3.31256272866611E-15 0
3.31256272866611E-15 1 0
0 0 1
[HEADER]
417367,Glazed,6
262.011154855631 434.694009464088 50.6069553805774
1
1 -3.31256272866611E-15 0
3.31256272866611E-15 1 0
0 0 1
[HEADER]
417368,Glazed,6
262.011154855631 434.694009464088 53.5597112860892
1
1 -3.31256272866611E-15 0
3.31256272866611E-15 1 0
0 0 1
[HEADER]
417370,Glazed,6
265.402482779008 434.694009464088 32.9724409448819
1
1 -3.31256272866611E-15 0
3.31256272866611E-15 1 0
0 0 1
[HEADER]
417371,Glazed,6
265.402482779008 434.694009464088 35.8431758530184
1
1 -3.31256272866611E-15 0
3.31256272866611E-15 1 0
0 0 1
[HEADER]
417372,Glazed,6
265.402482779008 434.694009464088 38.7959317585302
1
1 -3.31256272866611E-15 0
3.31256272866611E-15 1 0
0 0 1
[HEADER]
417373,Glazed,6
265.402482779008 434.694009464088 41.748687664042
1
1 -3.31256272866611E-15 0
3.31256272866611E-15 1 0
0 0 1
[HEADER]
417374,Glazed,6
265.402482779008 434.694009464088 44.7014435695538
1
1 -3.31256272866611E-15 0
3.31256272866611E-15 1 0
0 0 1
[HEADER]
417375,Glazed,6
265.402482779008 434.694009464088 47.6541994750656
1
1 -3.31256272866611E-15 0
3.31256272866611E-15 1 0
0 0 1
[HEADER]
417376,Glazed,6
265.402482779008 434.694009464088 50.6069553805774
1
1 -3.31256272866611E-15 0
3.31256272866611E-15 1 0
0 0 1
[HEADER]
417377,Glazed,6
265.402482779008 434.694009464088 53.5597112860892
1
1 -3.31256272866611E-15 0
3.31256272866611E-15 1 0
0 0 1
[HEADER]
518575,Glazed,6
520.178109242338 213.052262340315 28.0839895013123
1
0.959692320737384 -0.281052752197329 0
0.281052752197329 0.959692320737384 0
0 0 1
[HEADER]
518885,Glazed,6
581.9495313003 196.1090128838 28.0839895013123
1
0.281052752197328 0.959692320737385 0
-0.959692320737385 0.281052752197328 0
0 0 1
[HEADER]
519194,Glazed,6
610.475090453941 294.548825854009 24.8031496062992
1
0.104528463267655 0.994521895368273 0
-0.994521895368273 0.104528463267655 0
0 0 1
[HEADER]
519942,Glazed,6
549.920135319622 382.198935719186 24.8031496062992
1
0.959692321040699 -0.281052751161621 0
0.281052751161621 0.959692321040699 0
0 0 1
[HEADER]
520358,Glazed,6
581.480159639426 372.561737520104 24.8031496062992
1
0.865728313639932 -0.500514222537342 0
0.500514222537342 0.865728313639932 0
0 0 1
[HEADER]
526054,Glazed,6
517.304509776982 249.621830986462 28.0839895013123
1
0 1 0
-1 0 0
0 0 1
[HEADER]
526249,Glazed,6
517.304509776982 257.20057114392 28.0839895013123
1
0 1 0
-1 0 0
0 0 1
[HEADER]
526308,Glazed,6
517.304509776982 260.514219437861 28.0839895013123
1
0 1 0
-1 0 0
0 0 1
[HEADER]
527912,Solid,86
517.304509776982 251.048996340792 44.7178477690289
1
0 1 0
-1 0 0
0 0 1
-3.11679792404175 -0.0344488173723221 20.0774402618408
0.164041996002197 -0.0344488173723221 2.64697796016969E-23
0.164041996002197 -0.0344488173723221 20.136287689209
0 -1 0
0.164041996002197 -0.0344488173723221 2.64697796016969E-23
-3.11679792404175 -0.0344488173723221 20.0774402618408
-3.11679792404175 -0.0344488173723221 0
0 -1 0
3.11679792404175 -0.0344488173723221 1.32348898008484E-23
3.11679792404175 -0.0344488173723221 20.1892528533936
0.164041996002197 -0.0344488173723221 20.136287689209
0 -1 0
3.11679792404175 -0.0344488173723221 1.32348898008484E-23
0.164041996002197 -0.0344488173723221 20.136287689209
0.164041996002197 -0.0344488173723221 2.64697796016969E-23
0 -1 0
0.164041996002197 0.16240157186985 20.136287689209
3.11679792404175 0.16240157186985 20.1892528533936
3.11679792404175 0.16240157186985 0
0 1 0
0.164041996002197 0.16240157186985 20.136287689209
3.11679792404175 0.16240157186985 0
0.164041996002197 0.16240157186985 -1.32348898008484E-23
0 1 0
0.164041996002197 0.16240157186985 -1.32348898008484E-23
-3.11679792404175 0.16240157186985 20.0774402618408
0.164041996002197 0.16240157186985 20.136287689209
0 1 0
-3.11679792404175 0.16240157186985 20.0774402618408
0.164041996002197 0.16240157186985 -1.32348898008484E-23
-3.11679792404175 0.16240157186985 0
0 1 0
-3.11679792404175 -0.0344488173723221 0
-3.11679792404175 0.16240157186985 0
0.164041996002197 0.16240157186985 0
0 0 -1
0.164041996002197 0.16240157186985 0
0.164041996002197 -0.0344488173723221 0
-3.11679792404175 -0.0344488173723221 0
0 0 -1
0.164041996002197 -0.0344488173723221 0
0.164041996002197 0.16240157186985 0
3.11679792404175 0.16240157186985 0
0 0 -1
3.11679792404175 0.16240157186985 0
3.11679792404175 -0.0344488173723221 0
0.164041996002197 -0.0344488173723221 0
0 0 -1
3.11679792404175 -0.0344488173723221 0
3.11679792404175 0.16240157186985 0
3.11679792404175 0.16240157186985 20.1892528533936
1 0 0
3.11679792404175 0.16240157186985 20.1892528533936
3.11679792404175 -0.0344488173723221 20.1892528533936
3.11679792404175 -0.0344488173723221 0
1 0 0
3.11679792404175 -0.0344488173723221 20.1892528533936
3.11679792404175 0.16240157186985 20.1892528533936
0.164041996002197 0.16240157186985 20.136287689209
-0.0179341762414027 0 0.999839169728083
0.164041996002197 0.16240157186985 20.136287689209
0.164041996002197 -0.0344488173723221 20.136287689209
3.11679792404175 -0.0344488173723221 20.1892528533936
-0.0179341762414027 0 0.999839169728083
0.164041996002197 -0.0344488173723221 20.136287689209
0.164041996002197 0.16240157186985 20.136287689209
-3.11679792404175 0.16240157186985 20.0774402618408
-0.017934176241398 0 0.999839169728083
-3.11679792404175 0.16240157186985 20.0774402618408
-3.11679792404175 -0.0344488173723221 20.0774402618408
0.164041996002197 -0.0344488173723221 20.136287689209
-0.017934176241398 0 0.999839169728083
-3.11679792404175 -0.0344488173723221 20.0774402618408
-3.11679792404175 0.16240157186985 20.0774402618408
-3.11679792404175 0.16240157186985 0
-1 0 0
-3.11679792404175 0.16240157186985 0
-3.11679792404175 -0.0344488173723221 0
-3.11679792404175 -0.0344488173723221 20.0774402618408
-1 0 0
[HEADER]
527913,Glazed,6
517.304509776982 252.640203689874 44.7178477690289
1
0 1 0
-1 0 0
0 0 1
[HEADER]
527914,Glazed,6
517.304509776982 254.247815238395 44.7178477690289
1
0 1 0
-1 0 0
0 0 1
[HEADER]
527915,Glazed,6
517.304509776982 260.514219437861 44.7178477690289
1
0 1 0
-1 0 0
0 0 1
[HEADER]
528022,Glazed,6
517.304509776982 249.621830986462 39.1404199475066
1
0 1 0
-1 0 0
0 0 1
[HEADER]
528023,Glazed,6
517.304509776982 252.787841485149 39.1404199475066
1
0 1 0
-1 0 0
0 0 1
[HEADER]
528024,Glazed,6
517.304509776982 257.20057114392 39.1404199475066
1
0 1 0
-1 0 0
0 0 1
[HEADER]
528025,Glazed,6
517.304509776982 260.514219437861 39.1404199475066
1
0 1 0
-1 0 0
0 0 1
[HEADER]
528254,Glazed,6
517.304509776982 257.29899634077 39.1404199475066
1
0 1 0
-1 0 0
0 0 1
[HEADER]
528255,Glazed,6
517.304509776982 257.412953784154 44.7178477690289
1
0 1 0
-1 0 0
0 0 1
[HEADER]
528463,Glazed,6
520.178109242338 213.052262340315 34.5472440944882
1
0.959692320737384 -0.281052752197329 0
0.281052752197329 0.959692320737384 0
0 0 1
[HEADER]
528569,Glazed,6
520.178109242338 213.052262340315 41.1089238845144
1
0.959692320737384 -0.281052752197329 0
0.281052752197329 0.959692320737384 0
0 0 1
[HEADER]
528673,Glazed,6
520.178109242338 213.052262340315 47.6706036745407
1
0.959692320737384 -0.281052752197329 0
0.281052752197329 0.959692320737384 0
0 0 1
[HEADER]
528777,Glazed,6
520.178109242338 213.052262340315 54.2322834645669
1
0.959692320737384 -0.281052752197329 0
0.281052752197329 0.959692320737384 0
0 0 1
[HEADER]
528881,Glazed,6
520.178109242338 213.052262340315 60.7939632545932
1
0.959692320737384 -0.281052752197329 0
0.281052752197329 0.959692320737384 0
0 0 1
[HEADER]
528975,Glazed,6
523.059075362662 212.208550830274 28.0839895013123
1
0.959692320737384 -0.281052752197329 0
0.281052752197329 0.959692320737384 0
0 0 1
[HEADER]
528977,Glazed,6
523.059075362662 212.208550830274 34.5472440944882
1
0.959692320737384 -0.281052752197329 0
0.281052752197329 0.959692320737384 0
0 0 1
[HEADER]
528979,Glazed,6
523.059075362662 212.208550830274 41.1089238845144
1
0.959692320737384 -0.281052752197329 0
0.281052752197329 0.959692320737384 0
0 0 1
[HEADER]
528981,Glazed,6
523.059075362662 212.208550830274 47.6706036745407
1
0.959692320737384 -0.281052752197329 0
0.281052752197329 0.959692320737384 0
0 0 1
[HEADER]
528983,Glazed,6
523.059075362662 212.208550830274 54.2322834645669
1
0.959692320737384 -0.281052752197329 0
0.281052752197329 0.959692320737384 0
0 0 1
[HEADER]
528985,Glazed,6
523.059075362662 212.208550830274 60.7939632545932
1
0.959692320737384 -0.281052752197329 0
0.281052752197329 0.959692320737384 0
0 0 1
[HEADER]
529087,Glazed,6
526.711447711925 211.13892749514 28.0839895013123
1
0.959692320737384 -0.281052752197329 0
0.281052752197329 0.959692320737384 0
0 0 1
[HEADER]
529089,Glazed,6
526.711447711925 211.13892749514 34.5472440944882
1
0.959692320737384 -0.281052752197329 0
0.281052752197329 0.959692320737384 0
0 0 1
[HEADER]
529091,Glazed,6
526.711447711925 211.13892749514 41.1089238845144
1
0.959692320737384 -0.281052752197329 0
0.281052752197329 0.959692320737384 0
0 0 1
[HEADER]
529093,Glazed,6
526.711447711925 211.13892749514 47.6706036745407
1
0.959692320737384 -0.281052752197329 0
0.281052752197329 0.959692320737384 0
0 0 1
[HEADER]
529095,Glazed,6
526.711447711925 211.13892749514 54.2322834645669
1
0.959692320737384 -0.281052752197329 0
0.281052752197329 0.959692320737384 0
0 0 1
[HEADER]
529097,Glazed,6
526.711447711925 211.13892749514 60.7939632545932
1
0.959692320737384 -0.281052752197329 0
0.281052752197329 0.959692320737384 0
0 0 1
[HEADER]
529197,Glazed,6
530.363820061188 210.069304160006 28.0839895013123
1
0.959692320737384 -0.281052752197329 0
0.281052752197329 0.959692320737384 0
0 0 1
[HEADER]
529199,Glazed,6
530.363820061188 210.069304160006 34.5472440944882
1
0.959692320737384 -0.281052752197329 0
0.281052752197329 0.959692320737384 0
0 0 1
[HEADER]
529201,Glazed,6
530.363820061188 210.069304160006 41.1089238845144
1
0.959692320737384 -0.281052752197329 0
0.281052752197329 0.959692320737384 0
0 0 1
[HEADER]
529203,Glazed,6
530.363820061188 210.069304160006 47.6706036745407
1
0.959692320737384 -0.281052752197329 0
0.281052752197329 0.959692320737384 0
0 0 1
[HEADER]
529205,Glazed,6
530.363820061188 210.069304160006 54.2322834645669
1
0.959692320737384 -0.281052752197329 0
0.281052752197329 0.959692320737384 0
0 0 1
[HEADER]
529207,Glazed,6
530.363820061188 210.069304160006 60.7939632545932
1
0.959692320737384 -0.281052752197329 0
0.281052752197329 0.959692320737384 0
0 0 1
[HEADER]
529308,Glazed,6
533.984706441923 209.008901715692 28.0839895013123
1
0.959692320737384 -0.281052752197329 0
0.281052752197329 0.959692320737384 0
0 0 1
[HEADER]
529310,Glazed,6
533.984706441923 209.008901715692 34.5472440944882
1
0.959692320737384 -0.281052752197329 0
0.281052752197329 0.959692320737384 0
0 0 1
[HEADER]
529312,Glazed,6
533.984706441923 209.008901715692 41.1089238845144
1
0.959692320737384 -0.281052752197329 0
0.281052752197329 0.959692320737384 0
0 0 1
[HEADER]
529314,Glazed,6
533.984706441923 209.008901715692 47.6706036745407
1
0.959692320737384 -0.281052752197329 0
0.281052752197329 0.959692320737384 0
0 0 1
[HEADER]
529316,Glazed,6
533.984706441923 209.008901715692 54.2322834645669
1
0.959692320737384 -0.281052752197329 0
0.281052752197329 0.959692320737384 0
0 0 1
[HEADER]
529318,Glazed,6
533.984706441923 209.008901715692 60.7939632545932
1
0.959692320737384 -0.281052752197329 0
0.281052752197329 0.959692320737384 0
0 0 1
[HEADER]
529413,Glazed,6
537.605592822658 207.948499271378 28.0839895013123
1
0.959692320737384 -0.281052752197329 0
0.281052752197329 0.959692320737384 0
0 0 1
[HEADER]
529415,Glazed,6
537.605592822658 207.948499271378 34.5472440944882
1
0.959692320737384 -0.281052752197329 0
0.281052752197329 0.959692320737384 0
0 0 1
[HEADER]
529417,Glazed,6
537.605592822658 207.948499271378 41.1089238845144
1
0.959692320737384 -0.281052752197329 0
0.281052752197329 0.959692320737384 0
0 0 1
[HEADER]
529419,Glazed,6
537.605592822658 207.948499271378 47.6706036745407
1
0.959692320737384 -0.281052752197329 0
0.281052752197329 0.959692320737384 0
0 0 1
[HEADER]
529421,Glazed,6
537.605592822658 207.948499271378 54.2322834645669
1
0.959692320737384 -0.281052752197329 0
0.281052752197329 0.959692320737384 0
0 0 1
[HEADER]
529423,Glazed,6
537.605592822658 207.948499271378 60.7939632545932
1
0.959692320737384 -0.281052752197329 0
0.281052752197329 0.959692320737384 0
0 0 1
[HEADER]
529532,Glazed,6
541.257965171921 206.878875936244 28.0839895013123
1
0.959692320737384 -0.281052752197329 0
0.281052752197329 0.959692320737384 0
0 0 1
[HEADER]
529534,Glazed,6
541.257965171921 206.878875936244 34.5472440944882
1
0.959692320737384 -0.281052752197329 0
0.281052752197329 0.959692320737384 0
0 0 1
[HEADER]
529536,Glazed,6
541.257965171921 206.878875936244 41.1089238845144
1
0.959692320737384 -0.281052752197329 0
0.281052752197329 0.959692320737384 0
0 0 1
[HEADER]
529538,Glazed,6
541.257965171921 206.878875936244 47.6706036745407
1
0.959692320737384 -0.281052752197329 0
0.281052752197329 0.959692320737384 0
0 0 1
[HEADER]
529540,Glazed,6
541.257965171921 206.878875936244 54.2322834645669
1
0.959692320737384 -0.281052752197329 0
0.281052752197329 0.959692320737384 0
0 0 1
[HEADER]
529542,Glazed,6
541.257965171921 206.878875936244 60.7939632545932
1
0.959692320737384 -0.281052752197329 0
0.281052752197329 0.959692320737384 0
0 0 1
[HEADER]
529649,Glazed,6
544.910337521184 205.809252601109 28.0839895013123
1
0.959692320737384 -0.281052752197329 0
0.281052752197329 0.959692320737384 0
0 0 1
[HEADER]
529651,Glazed,6
544.910337521184 205.809252601109 34.5472440944882
1
0.959692320737384 -0.281052752197329 0
0.281052752197329 0.959692320737384 0
0 0 1
[HEADER]
529653,Glazed,6
544.910337521184 205.809252601109 41.1089238845144
1
0.959692320737384 -0.281052752197329 0
0.281052752197329 0.959692320737384 0
0 0 1
[HEADER]
529655,Glazed,6
544.910337521184 205.809252601109 47.6706036745407
1
0.959692320737384 -0.281052752197329 0
0.281052752197329 0.959692320737384 0
0 0 1
[HEADER]
529657,Glazed,6
544.910337521184 205.809252601109 54.2322834645669
1
0.959692320737384 -0.281052752197329 0
0.281052752197329 0.959692320737384 0
0 0 1
[HEADER]
529659,Glazed,6
544.910337521184 205.809252601109 60.7939632545932
1
0.959692320737384 -0.281052752197329 0
0.281052752197329 0.959692320737384 0
0 0 1
[HEADER]
529748,Glazed,6
548.625681807503 204.721187484335 28.0839895013123
1
0.959692320737384 -0.281052752197329 0
0.281052752197329 0.959692320737384 0
0 0 1
[HEADER]
529750,Glazed,6
548.625681807503 204.721187484335 34.5472440944882
1
0.959692320737384 -0.281052752197329 0
0.281052752197329 0.959692320737384 0
0 0 1
[HEADER]
529752,Glazed,6
548.625681807503 204.721187484335 41.1089238845144
1
0.959692320737384 -0.281052752197329 0
0.281052752197329 0.959692320737384 0
0 0 1
[HEADER]
529754,Glazed,6
548.625681807503 204.721187484335 47.6706036745407
1
0.959692320737384 -0.281052752197329 0
0.281052752197329 0.959692320737384 0
0 0 1
[HEADER]
529756,Glazed,6
548.625681807503 204.721187484335 54.2322834645669
1
0.959692320737384 -0.281052752197329 0
0.281052752197329 0.959692320737384 0
0 0 1
[HEADER]
529758,Glazed,6
548.672910760296 204.707356148105 60.523415373163
1
0.959692320737384 -0.281052752197329 0
0.281052752197329 0.959692320737384 0
0 0 1
[HEADER]
529868,Glazed,6
552.246568188238 203.660785040021 28.0839895013123
1
0.959692320737384 -0.281052752197329 0
0.281052752197329 0.959692320737384 0
0 0 1
[HEADER]
529870,Glazed,6
552.246568188238 203.660785040021 34.5472440944882
1
0.959692320737384 -0.281052752197329 0
0.281052752197329 0.959692320737384 0
0 0 1
[HEADER]
529872,Glazed,6
552.246568188238 203.660785040021 41.1089238845144
1
0.959692320737384 -0.281052752197329 0
0.281052752197329 0.959692320737384 0
0 0 1
[HEADER]
529874,Glazed,6
552.246568188238 203.660785040021 47.6706036745407
1
0.959692320737384 -0.281052752197329 0
0.281052752197329 0.959692320737384 0
0 0 1
[HEADER]
529876,Glazed,6
552.246568188238 203.660785040021 54.2322834645669
1
0.959692320737384 -0.281052752197329 0
0.281052752197329 0.959692320737384 0
0 0 1
[HEADER]
529878,Glazed,6
553.732798379541 203.225531910827 60.7939632545932
1
0.959692320737384 -0.281052752197329 0
0.281052752197329 0.959692320737384 0
0 0 1
[HEADER]
530011,Glazed,6
555.804482631917 202.618824377347 28.0839895013123
1
0.959692320737384 -0.281052752197329 0
0.281052752197329 0.959692320737384 0
0 0 1
[HEADER]
530013,Glazed,6
555.804482631917 202.618824377347 34.5472440944882
1
0.959692320737384 -0.281052752197329 0
0.281052752197329 0.959692320737384 0
0 0 1
[HEADER]
530015,Glazed,6
555.804482631917 202.618824377347 41.1089238845144
1
0.959692320737384 -0.281052752197329 0
0.281052752197329 0.959692320737384 0
0 0 1
[HEADER]
530017,Glazed,6
555.804482631917 202.618824377347 47.6706036745407
1
0.959692320737384 -0.281052752197329 0
0.281052752197329 0.959692320737384 0
0 0 1
[HEADER]
530019,Glazed,6
555.804482631917 202.618824377347 54.2322834645669
1
0.959692320737384 -0.281052752197329 0
0.281052752197329 0.959692320737384 0
0 0 1
[HEADER]
530021,Glazed,6
555.804482631917 202.618824377347 60.7939632545932
1
0.959692320737384 -0.281052752197329 0
0.281052752197329 0.959692320737384 0
0 0 1
[HEADER]
530132,Glazed,6
559.45685498118 201.549201042213 28.0839895013123
1
0.959692320737384 -0.281052752197329 0
0.281052752197329 0.959692320737384 0
0 0 1
[HEADER]
530134,Glazed,6
559.45685498118 201.549201042213 34.5472440944882
1
0.959692320737384 -0.281052752197329 0
0.281052752197329 0.959692320737384 0
0 0 1
[HEADER]
530136,Glazed,6
559.45685498118 201.549201042213 41.1089238845144
1
0.959692320737384 -0.281052752197329 0
0.281052752197329 0.959692320737384 0
0 0 1
[HEADER]
530138,Glazed,6
559.45685498118 201.549201042213 47.6706036745407
1
0.959692320737384 -0.281052752197329 0
0.281052752197329 0.959692320737384 0
0 0 1
[HEADER]
530140,Glazed,6
559.45685498118 201.549201042213 54.2322834645669
1
0.959692320737384 -0.281052752197329 0
0.281052752197329 0.959692320737384 0
0 0 1
[HEADER]
530142,Glazed,6
559.45685498118 201.549201042213 60.7939632545932
1
0.959692320737384 -0.281052752197329 0
0.281052752197329 0.959692320737384 0
0 0 1
[HEADER]
530256,Glazed,6
563.109227330443 200.479577707079 28.0839895013123
1
0.959692320737384 -0.281052752197329 0
0.281052752197329 0.959692320737384 0
0 0 1
[HEADER]
530258,Glazed,6
563.109227330443 200.479577707079 34.5472440944882
1
0.959692320737384 -0.281052752197329 0
0.281052752197329 0.959692320737384 0
0 0 1
[HEADER]
530260,Glazed,6
563.109227330443 200.479577707079 41.1089238845144
1
0.959692320737384 -0.281052752197329 0
0.281052752197329 0.959692320737384 0
0 0 1
[HEADER]
530262,Glazed,6
563.109227330443 200.479577707079 47.6706036745407
1
0.959692320737384 -0.281052752197329 0
0.281052752197329 0.959692320737384 0
0 0 1
[HEADER]
530264,Glazed,6
563.109227330443 200.479577707079 54.2322834645669
1
0.959692320737384 -0.281052752197329 0
0.281052752197329 0.959692320737384 0
0 0 1
[HEADER]
530266,Glazed,6
563.109227330443 200.479577707079 60.7939632545932
1
0.959692320737384 -0.281052752197329 0
0.281052752197329 0.959692320737384 0
0 0 1
[HEADER]
530370,Glazed,6
566.730113711178 199.419175262765 28.0839895013123
1
0.959692320737384 -0.281052752197329 0
0.281052752197329 0.959692320737384 0
0 0 1
[HEADER]
530372,Glazed,6
566.730113711178 199.419175262765 34.5472440944882
1
0.959692320737384 -0.281052752197329 0
0.281052752197329 0.959692320737384 0
0 0 1
[HEADER]
530374,Glazed,6
566.730113711178 199.419175262765 41.1089238845144
1
0.959692320737384 -0.281052752197329 0
0.281052752197329 0.959692320737384 0
0 0 1
[HEADER]
530376,Glazed,6
566.730113711178 199.419175262765 47.6706036745407
1
0.959692320737384 -0.281052752197329 0
0.281052752197329 0.959692320737384 0
0 0 1
[HEADER]
530378,Glazed,6
566.730113711178 199.419175262765 54.2322834645669
1
0.959692320737384 -0.281052752197329 0
0.281052752197329 0.959692320737384 0
0 0 1
[HEADER]
530380,Glazed,6
566.730113711178 199.419175262765 60.7939632545932
1
0.959692320737384 -0.281052752197329 0
0.281052752197329 0.959692320737384 0
0 0 1
[HEADER]
530472,Glazed,6
572.169222101146 197.826293513616 28.0839895013123
1
0.959692320737384 -0.281052752197329 0
0.281052752197329 0.959692320737384 0
0 0 1
[HEADER]
530474,Glazed,6
572.169222101146 197.826293513616 34.5472440944882
1
0.959692320737384 -0.281052752197329 0
0.281052752197329 0.959692320737384 0
0 0 1
[HEADER]
530476,Glazed,6
572.169222101146 197.826293513616 41.1089238845144
1
0.959692320737384 -0.281052752197329 0
0.281052752197329 0.959692320737384 0
0 0 1
[HEADER]
530478,Glazed,6
572.169222101146 197.826293513616 47.6706036745407
1
0.959692320737384 -0.281052752197329 0
0.281052752197329 0.959692320737384 0
0 0 1
[HEADER]
530480,Glazed,6
572.169222101146 197.826293513616 54.2322834645669
1
0.959692320737384 -0.281052752197329 0
0.281052752197329 0.959692320737384 0
0 0 1
[HEADER]
530482,Glazed,6
572.169222101146 197.826293513616 60.7939632545932
1
0.959692320737384 -0.281052752197329 0
0.281052752197329 0.959692320737384 0
0 0 1
[HEADER]
530758,Glazed,6
577.608330491115 196.233411764468 28.0839895013123
1
0.959692320737384 -0.281052752197329 0
0.281052752197329 0.959692320737384 0
0 0 1
[HEADER]
530760,Glazed,6
577.608330491115 196.233411764468 34.5472440944882
1
0.959692320737384 -0.281052752197329 0
0.281052752197329 0.959692320737384 0
0 0 1
[HEADER]
530762,Glazed,6
577.608330491115 196.233411764468 41.1089238845144
1
0.959692320737384 -0.281052752197329 0
0.281052752197329 0.959692320737384 0
0 0 1
[HEADER]
530764,Glazed,6
577.608330491115 196.233411764468 47.6706036745407
1
0.959692320737384 -0.281052752197329 0
0.281052752197329 0.959692320737384 0
0 0 1
[HEADER]
530766,Glazed,6
577.608330491115 196.233411764468 54.2322834645669
1
0.959692320737384 -0.281052752197329 0
0.281052752197329 0.959692320737384 0
0 0 1
[HEADER]
530768,Glazed,6
577.608330491115 196.233411764468 60.7939632545932
1
0.959692320737384 -0.281052752197329 0
0.281052752197329 0.959692320737384 0
0 0 1
[HEADER]
530882,Glazed,6
580.552268548495 195.371258472787 28.0839895013123
1
0.959692320737384 -0.281052752197329 0
0.281052752197329 0.959692320737384 0
0 0 1
[HEADER]
530884,Glazed,6
580.552268548495 195.371258472787 34.5472440944882
1
0.959692320737384 -0.281052752197329 0
0.281052752197329 0.959692320737384 0
0 0 1
[HEADER]
530886,Glazed,6
580.552268548495 195.371258472787 41.1089238845144
1
0.959692320737384 -0.281052752197329 0
0.281052752197329 0.959692320737384 0
0 0 1
[HEADER]
530888,Glazed,6
580.552268548495 195.371258472787 47.6706036745407
1
0.959692320737384 -0.281052752197329 0
0.281052752197329 0.959692320737384 0
0 0 1
[HEADER]
530890,Glazed,6
580.552268548495 195.371258472787 54.2322834645669
1
0.959692320737384 -0.281052752197329 0
0.281052752197329 0.959692320737384 0
0 0 1
[HEADER]
530892,Glazed,6
580.552268548495 195.371258472787 60.7939632545932
1
0.959692320737384 -0.281052752197329 0
0.281052752197329 0.959692320737384 0
0 0 1
[HEADER]
531006,Glazed,6
582.784021919521 198.958493035595 28.0839895013123
1
0.281052752197328 0.959692320737385 0
-0.959692320737385 0.281052752197328 0
0 0 1
[HEADER]
531055,Glazed,6
583.844424363836 202.57937941633 28.0839895013123
1
0.281052752197328 0.959692320737385 0
-0.959692320737385 0.281052752197328 0
0 0 1
[HEADER]
531094,Glazed,6
584.90482680815 206.200265797065 28.0839895013123
1
0.281052752197328 0.959692320737385 0
-0.959692320737385 0.281052752197328 0
0 0 1
[HEADER]
531129,Glazed,6
585.919124798363 209.663722335159 28.0839895013123
1
0.281052752197328 0.959692320737385 0
-0.959692320737385 0.281052752197328 0
0 0 1
[HEADER]
531186,Glazed,6
586.933422788577 213.127178873253 28.0839895013123
1
0.281052752197328 0.959692320737385 0
-0.959692320737385 0.281052752197328 0
0 0 1
[HEADER]
531231,Glazed,6
587.97538345125 216.685093316932 28.0839895013123
1
0.281052752197328 0.959692320737385 0
-0.959692320737385 0.281052752197328 0
0 0 1
[HEADER]
531292,Glazed,6
589.017344113924 220.243007760611 28.0839895013123
1
0.281052752197328 0.959692320737385 0
-0.959692320737385 0.281052752197328 0
0 0 1
[HEADER]
531355,Glazed,6
590.059304776598 223.800922204289 28.0839895013123
1
0.281052752197328 0.959692320737385 0
-0.959692320737385 0.281052752197328 0
0 0 1
[HEADER]
531414,Glazed,6
591.101265439272 227.358836647968 28.0839895013123
1
0.281052752197328 0.959692320737385 0
-0.959692320737385 0.281052752197328 0
0 0 1
[HEADER]
531455,Glazed,6
592.134005211126 230.885265123119 28.0839895013123
1
0.281052752197328 0.959692320737385 0
-0.959692320737385 0.281052752197328 0
0 0 1
[HEADER]
531501,Glazed,6
593.175965873799 234.443179566797 28.0839895013123
1
0.281052752197328 0.959692320737385 0
-0.959692320737385 0.281052752197328 0
0 0 1
[HEADER]
531574,Glazed,6
594.210145123219 237.974523331179 28.0839895013123
1
0.281052752197328 0.959692320737385 0
-0.959692320737385 0.281052752197328 0
0 0 1
[HEADER]
531645,Glazed,6
595.769915149387 243.300567301664 28.0839895013123
1
0.281052752197328 0.959692320737385 0
-0.959692320737385 0.281052752197328 0
0 0 1
[HEADER]
531731,Glazed,6
597.328245697987 248.621695982918 28.0839895013123
1
0.281052752197328 0.959692320737385 0
-0.959692320737385 0.281052752197328 0
0 0 1
[HEADER]
531791,Glazed,6
598.363290692546 252.155995950201 28.0839895013123
1
0.281052752197328 0.959692320737385 0
-0.959692320737385 0.281052752197328 0
0 0 1
[HEADER]
531872,Glazed,6
599.398335687105 255.690295917483 28.0839895013123
1
0.281052752197328 0.959692320737385 0
-0.959692320737385 0.281052752197328 0
0 0 1
[HEADER]
531943,Glazed,6
600.435685904368 259.232467376898 28.0839895013123
1
0.281052752197328 0.959692320737385 0
-0.959692320737385 0.281052752197328 0
0 0 1
[HEADER]
532013,Glazed,6
601.475341344337 262.782510328445 28.0839895013123
1
0.281052752197328 0.959692320737385 0
-0.959692320737385 0.281052752197328 0
0 0 1
[HEADER]
532093,Glazed,6
602.510386338896 266.316810295727 28.0839895013123
1
0.281052752197328 0.959692320737385 0
-0.959692320737385 0.281052752197328 0
0 0 1
[HEADER]
532182,Glazed,6
603.548442880964 269.861393595928 28.0839895013123
1
0.281052752197328 0.959692320737385 0
-0.959692320737385 0.281052752197328 0
0 0 1
[HEADER]
532248,Glazed,6
605.627047436097 276.959067658235 27.704880444352
1
0.281052752197328 0.959692320737385 0
-0.959692320737385 0.281052752197328 0
0 0 1
[HEADER]
532316,Glazed,6
604.590403543638 273.419308039607 28.0839895013123
1
0.281052752197328 0.959692320737385 0
-0.959692320737385 0.281052752197328 0
0 0 1
[HEADER]
532390,Glazed,6
606.659787207951 280.485496133385 27.241381189264
1
0.281052752197328 0.959692320737385 0
-0.959692320737385 0.281052752197328 0
0 0 1
[HEADER]
532528,Glazed,6
607.69483220251 284.019796100668 26.7758127410729
1
0.281052752197328 0.959692320737385 0
-0.959692320737385 0.281052752197328 0
0 0 1
[HEADER]
532622,Glazed,6
608.733830170562 287.567594026168 24.8031496062992
1
0.281052752197328 0.959692320737385 0
-0.959692320737385 0.281052752197328 0
0 0 1
[HEADER]
532692,Glazed,6
609.7659124705 291.091777475273 24.8031496062992
1
0.281052752197328 0.959692320737385 0
-0.959692320737385 0.281052752197328 0
0 0 1
[HEADER]
532828,Glazed,6
610.802599254534 297.664863944812 24.8031496062992
1
0.104528463267655 0.994521895368273 0
-0.994521895368273 0.104528463267655 0
0 0 1
[HEADER]
532881,Glazed,6
611.138681583938 300.862473713384 24.8031496062992
1
0.104528463267655 0.994521895368273 0
-0.994521895368273 0.104528463267655 0
0 0 1
[HEADER]
532949,Glazed,6
611.473049207579 304.043769146403 24.8031496062992
1
0.104528463267655 0.994521895368273 0
-0.994521895368273 0.104528463267655 0
0 0 1
[HEADER]
533016,Glazed,6
611.807416831221 307.225064579422 24.8031496062992
1
0.104528463267655 0.994521895368273 0
-0.994521895368273 0.104528463267655 0
0 0 1
[HEADER]
533080,Glazed,6
612.143499160625 310.422674347994 24.8031496062992
1
0.104528463267655 0.994521895368273 0
-0.994521895368273 0.104528463267655 0
0 0 1
[HEADER]
533141,Glazed,6
612.479581490029 313.620284116567 24.8031496062992
1
0.104528463267655 0.994521895368273 0
-0.994521895368273 0.104528463267655 0
0 0 1
[HEADER]
533264,Glazed,6
612.81394911367 316.801579549585 24.8031496062992
1
0.104528463267655 0.994521895368273 0
-0.994521895368273 0.104528463267655 0
0 0 1
[HEADER]
533331,Glazed,6
613.148316737312 319.982874982604 24.8031496062992
1
0.104528463267655 0.994521895368273 0
-0.994521895368273 0.104528463267655 0
0 0 1
[HEADER]
533405,Glazed,6
613.483541713835 323.172327583399 24.8031496062992
1
0.104528463267655 0.994521895368273 0
-0.994521895368273 0.104528463267655 0
0 0 1
[HEADER]
533481,Glazed,6
613.818766690358 326.361780184195 24.8031496062992
1
0.104528463267655 0.994521895368273 0
-0.994521895368273 0.104528463267655 0
0 0 1
[HEADER]
533543,Glazed,6
614.154849019761 329.559389952767 24.8031496062992
1
0.104528463267655 0.994521895368273 0
-0.994521895368273 0.104528463267655 0
0 0 1
[HEADER]
533612,Glazed,6
614.490931349165 332.75699972134 24.8031496062992
1
0.104528463267655 0.994521895368273 0
-0.994521895368273 0.104528463267655 0
0 0 1
[HEADER]
533693,Glazed,6
614.823584267045 335.921980818805 24.8031496062992
1
0.104528463267655 0.994521895368273 0
-0.994521895368273 0.104528463267655 0
0 0 1
[HEADER]
533754,Glazed,6
615.156237184924 339.086961916269 24.8031496062992
1
0.104528463267655 0.994521895368273 0
-0.994521895368273 0.104528463267655 0
0 0 1
[HEADER]
533820,Glazed,6
615.492319514328 342.284571684842 24.8031496062992
1
0.104528463267655 0.994521895368273 0
-0.994521895368273 0.104528463267655 0
0 0 1
[HEADER]
533883,Glazed,6
615.828401843732 345.482181453414 24.8031496062992
1
0.104528463267655 0.994521895368273 0
-0.994521895368273 0.104528463267655 0
0 0 1
[HEADER]
533958,Glazed,6
616.163870237224 348.673950011975 24.8031496062992
1
0.104528463267655 0.994521895368273 0
-0.994521895368273 0.104528463267655 0
0 0 1
[HEADER]
534026,Glazed,6
616.432465105989 351.229459483932 24.8031496062992
1
0.104528463267655 0.994521895368273 0
-0.994521895368273 0.104528463267655 0
0 0 1
[HEADER]
534098,Glazed,6
615.677624603698 352.790733938882 24.8031496062992
1
0.865728313639932 -0.500514222537342 0
0.500514222537342 0.865728313639932 0
0 0 1
[HEADER]
534161,Glazed,6
613.561589191422 354.014103675727 24.8031496062992
1
0.865728313639932 -0.500514222537342 0
0.500514222537342 0.865728313639932 0
0 0 1
[HEADER]
534234,Glazed,6
610.891692161168 355.557684283289 24.8031496062992
1
0.865728313639932 -0.500514222537342 0
0.500514222537342 0.865728313639932 0
0 0 1
[HEADER]
534294,Glazed,6
608.221795130913 357.101264890852 24.8031496062992
1
0.865728313639932 -0.500514222537342 0
0.500514222537342 0.865728313639932 0
0 0 1
[HEADER]
534348,Glazed,6
605.551898100659 358.644845498415 24.8031496062992
1
0.865728313639932 -0.500514222537342 0
0.500514222537342 0.865728313639932 0
0 0 1
[HEADER]
534395,Glazed,6
602.882001070405 360.188426105977 24.8031496062992
1
0.865728313639932 -0.500514222537342 0
0.500514222537342 0.865728313639932 0
0 0 1
[HEADER]
534464,Glazed,6
600.21210404015 361.73200671354 24.8031496062992
1
0.865728313639932 -0.500514222537342 0
0.500514222537342 0.865728313639932 0
0 0 1
[HEADER]
534523,Glazed,6
597.513803849999 363.292008391396 24.8031496062992
1
0.865728313639932 -0.500514222537342 0
0.500514222537342 0.865728313639932 0
0 0 1
[HEADER]
534597,Glazed,6
594.815503659849 364.852010069252 24.8031496062992
1
0.865728313639932 -0.500514222537342 0
0.500514222537342 0.865728313639932 0
0 0 1
[HEADER]
534673,Glazed,6
592.145606629594 366.395590676814 24.8031496062992
1
0.865728313639932 -0.500514222537342 0
0.500514222537342 0.865728313639932 0
0 0 1
[HEADER]
534741,Glazed,6
589.47570959934 367.939171284377 24.8031496062992
1
0.865728313639932 -0.500514222537342 0
0.500514222537342 0.865728313639932 0
0 0 1
[HEADER]
534806,Glazed,6
586.800119847287 369.486043095635 24.8031496062992
1
0.865728313639932 -0.500514222537342 0
0.500514222537342 0.865728313639932 0
0 0 1
[HEADER]
534857,Glazed,6
584.118837373434 371.03620611059 24.8031496062992
1
0.865728313639932 -0.500514222537342 0
0.500514222537342 0.865728313639932 0
0 0 1
[HEADER]
535015,Glazed,6
578.22301265542 373.910235927996 24.8031496062992
1
0.959692321040699 -0.281052751161621 0
0.281052751161621 0.959692321040699 0
0 0 1
[HEADER]
535088,Glazed,6
574.680355315666 374.947728434637 24.8031496062992
1
0.959692321040699 -0.281052751161621 0
0.281052751161621 0.959692321040699 0
0 0 1
[HEADER]
535161,Glazed,6
571.059468933787 376.008130875044 24.8031496062992
1
0.959692321040699 -0.281052751161621 0
0.281052751161621 0.959692321040699 0
0 0 1
[HEADER]
535228,Glazed,6
567.407096583369 377.077754206236 24.8031496062992
1
0.959692321040699 -0.281052751161621 0
0.281052751161621 0.959692321040699 0
0 0 1
[HEADER]
535315,Glazed,6
563.78621020149 378.138156646643 24.8031496062992
1
0.959692321040699 -0.281052751161621 0
0.281052751161621 0.959692321040699 0
0 0 1
[HEADER]
535406,Glazed,6
560.133837851073 379.207779977835 24.8031496062992
1
0.959692321040699 -0.281052751161621 0
0.281052751161621 0.959692321040699 0
0 0 1
[HEADER]
535456,Glazed,6
556.481465500655 380.277403309028 24.8031496062992
1
0.959692321040699 -0.281052751161621 0
0.281052751161621 0.959692321040699 0
0 0 1
[HEADER]
535524,Glazed,6
552.8546045925 381.339555432129 24.8031496062992
1
0.959692321040699 -0.281052751161621 0
0.281052751161621 0.959692321040699 0
0 0 1
[HEADER]
535889,Glazed,6
581.9495313003 196.1090128838 34.5472440944882
1
0.281052752197328 0.959692320737385 0
-0.959692320737385 0.281052752197328 0
0 0 1
[HEADER]
535890,Glazed,6
582.784021919521 198.958493035595 34.5472440944882
1
0.281052752197328 0.959692320737385 0
-0.959692320737385 0.281052752197328 0
0 0 1
[HEADER]
535891,Glazed,6
583.844424363836 202.57937941633 34.5472440944882
1
0.281052752197328 0.959692320737385 0
-0.959692320737385 0.281052752197328 0
0 0 1
[HEADER]
535892,Glazed,6
584.90482680815 206.200265797065 34.5472440944882
1
0.281052752197328 0.959692320737385 0
-0.959692320737385 0.281052752197328 0
0 0 1
[HEADER]
535893,Glazed,6
585.919124798363 209.663722335159 34.5472440944882
1
0.281052752197328 0.959692320737385 0
-0.959692320737385 0.281052752197328 0
0 0 1
[HEADER]
535894,Glazed,6
586.933422788577 213.127178873253 34.5472440944882
1
0.281052752197328 0.959692320737385 0
-0.959692320737385 0.281052752197328 0
0 0 1
[HEADER]
535895,Glazed,6
587.97538345125 216.685093316932 34.5472440944882
1
0.281052752197328 0.959692320737385 0
-0.959692320737385 0.281052752197328 0
0 0 1
[HEADER]
535896,Glazed,6
589.017344113924 220.243007760611 34.5472440944882
1
0.281052752197328 0.959692320737385 0
-0.959692320737385 0.281052752197328 0
0 0 1
[HEADER]
535897,Glazed,6
590.059304776598 223.800922204289 34.5472440944882
1
0.281052752197328 0.959692320737385 0
-0.959692320737385 0.281052752197328 0
0 0 1
[HEADER]
535898,Glazed,6
591.101265439272 227.358836647968 34.5472440944882
1
0.281052752197328 0.959692320737385 0
-0.959692320737385 0.281052752197328 0
0 0 1
[HEADER]
535899,Glazed,6
592.134005211126 230.885265123119 34.5472440944882
1
0.281052752197328 0.959692320737385 0
-0.959692320737385 0.281052752197328 0
0 0 1
[HEADER]
535900,Glazed,6
593.175965873799 234.443179566797 34.5472440944882
1
0.281052752197328 0.959692320737385 0
-0.959692320737385 0.281052752197328 0
0 0 1
[HEADER]
535901,Glazed,6
594.210145123219 237.974523331179 34.5472440944882
1
0.281052752197328 0.959692320737385 0
-0.959692320737385 0.281052752197328 0
0 0 1
[HEADER]
535902,Glazed,6
595.769915149387 243.300567301664 34.5472440944882
1
0.281052752197328 0.959692320737385 0
-0.959692320737385 0.281052752197328 0
0 0 1
[HEADER]
535903,Glazed,6
597.328245697987 248.621695982918 34.5472440944882
1
0.281052752197328 0.959692320737385 0
-0.959692320737385 0.281052752197328 0
0 0 1
[HEADER]
535904,Glazed,6
598.363290692546 252.155995950201 34.5472440944882
1
0.281052752197328 0.959692320737385 0
-0.959692320737385 0.281052752197328 0
0 0 1
[HEADER]
535905,Glazed,6
599.398335687105 255.690295917483 34.5472440944882
1
0.281052752197328 0.959692320737385 0
-0.959692320737385 0.281052752197328 0
0 0 1
[HEADER]
535906,Glazed,6
600.435685904368 259.232467376898 34.5472440944882
1
0.281052752197328 0.959692320737385 0
-0.959692320737385 0.281052752197328 0
0 0 1
[HEADER]
535907,Glazed,6
601.475341344337 262.782510328445 34.5472440944882
1
0.281052752197328 0.959692320737385 0
-0.959692320737385 0.281052752197328 0
0 0 1
[HEADER]
535908,Glazed,6
602.510386338896 266.316810295727 34.5472440944882
1
0.281052752197328 0.959692320737385 0
-0.959692320737385 0.281052752197328 0
0 0 1
[HEADER]
535909,Glazed,6
603.548442880964 269.861393595928 34.5472440944882
1
0.281052752197328 0.959692320737385 0
-0.959692320737385 0.281052752197328 0
0 0 1
[HEADER]
535910,Glazed,6
604.590403543638 273.419308039607 34.5472440944882
1
0.281052752197328 0.959692320737385 0
-0.959692320737385 0.281052752197328 0
0 0 1
[HEADER]
535911,Glazed,6
605.627047436097 276.959067658235 34.5472440944882
1
0.281052752197328 0.959692320737385 0
-0.959692320737385 0.281052752197328 0
0 0 1
[HEADER]
535912,Glazed,6
606.659787207951 280.485496133385 34.5472440944882
1
0.281052752197328 0.959692320737385 0
-0.959692320737385 0.281052752197328 0
0 0 1
[HEADER]
535913,Glazed,6
607.69483220251 284.019796100668 34.5472440944882
1
0.281052752197328 0.959692320737385 0
-0.959692320737385 0.281052752197328 0
0 0 1
[HEADER]
535914,Glazed,6
608.733830170562 287.567594026168 34.5472440944882
1
0.281052752197328 0.959692320737385 0
-0.959692320737385 0.281052752197328 0
0 0 1
[HEADER]
535915,Glazed,6
609.7659124705 291.091777475273 34.5472440944882
1
0.281052752197328 0.959692320737385 0
-0.959692320737385 0.281052752197328 0
0 0 1
[HEADER]
536288,Glazed,6
581.9495313003 196.1090128838 41.0433070866142
1
0.281052752197328 0.959692320737385 0
-0.959692320737385 0.281052752197328 0
0 0 1
[HEADER]
536289,Glazed,6
582.784021919521 198.958493035595 41.0433070866142
1
0.281052752197328 0.959692320737385 0
-0.959692320737385 0.281052752197328 0
0 0 1
[HEADER]
536290,Glazed,6
583.844424363836 202.57937941633 41.0433070866142
1
0.281052752197328 0.959692320737385 0
-0.959692320737385 0.281052752197328 0
0 0 1
[HEADER]
536291,Glazed,6
584.90482680815 206.200265797065 41.0433070866142
1
0.281052752197328 0.959692320737385 0
-0.959692320737385 0.281052752197328 0
0 0 1
[HEADER]
536292,Glazed,6
585.919124798363 209.663722335159 41.0433070866142
1
0.281052752197328 0.959692320737385 0
-0.959692320737385 0.281052752197328 0
0 0 1
[HEADER]
536293,Glazed,6
586.933422788577 213.127178873253 41.0433070866142
1
0.281052752197328 0.959692320737385 0
-0.959692320737385 0.281052752197328 0
0 0 1
[HEADER]
536294,Glazed,6
587.97538345125 216.685093316932 41.0433070866142
1
0.281052752197328 0.959692320737385 0
-0.959692320737385 0.281052752197328 0
0 0 1
[HEADER]
536295,Glazed,6
589.017344113924 220.243007760611 41.0433070866142
1
0.281052752197328 0.959692320737385 0
-0.959692320737385 0.281052752197328 0
0 0 1
[HEADER]
536296,Glazed,6
590.059304776598 223.800922204289 41.0433070866142
1
0.281052752197328 0.959692320737385 0
-0.959692320737385 0.281052752197328 0
0 0 1
[HEADER]
536297,Glazed,6
591.101265439272 227.358836647968 41.0433070866142
1
0.281052752197328 0.959692320737385 0
-0.959692320737385 0.281052752197328 0
0 0 1
[HEADER]
536298,Glazed,6
592.134005211126 230.885265123119 41.0433070866142
1
0.281052752197328 0.959692320737385 0
-0.959692320737385 0.281052752197328 0
0 0 1
[HEADER]
536299,Glazed,6
593.175965873799 234.443179566797 41.0433070866142
1
0.281052752197328 0.959692320737385 0
-0.959692320737385 0.281052752197328 0
0 0 1
[HEADER]
536300,Glazed,6
594.210145123219 237.974523331179 41.0433070866142
1
0.281052752197328 0.959692320737385 0
-0.959692320737385 0.281052752197328 0
0 0 1
[HEADER]
536301,Glazed,6
595.769915149387 243.300567301664 41.0433070866142
1
0.281052752197328 0.959692320737385 0
-0.959692320737385 0.281052752197328 0
0 0 1
[HEADER]
536302,Glazed,6
597.328245697987 248.621695982918 41.0433070866142
1
0.281052752197328 0.959692320737385 0
-0.959692320737385 0.281052752197328 0
0 0 1
[HEADER]
536303,Glazed,6
598.363290692546 252.155995950201 41.0433070866142
1
0.281052752197328 0.959692320737385 0
-0.959692320737385 0.281052752197328 0
0 0 1
[HEADER]
536304,Glazed,6
599.398335687105 255.690295917483 41.0433070866142
1
0.281052752197328 0.959692320737385 0
-0.959692320737385 0.281052752197328 0
0 0 1
[HEADER]
536305,Glazed,6
600.435685904368 259.232467376898 41.0433070866142
1
0.281052752197328 0.959692320737385 0
-0.959692320737385 0.281052752197328 0
0 0 1
[HEADER]
536306,Glazed,6
601.475341344337 262.782510328445 41.0433070866142
1
0.281052752197328 0.959692320737385 0
-0.959692320737385 0.281052752197328 0
0 0 1
[HEADER]
536307,Glazed,6
602.510386338896 266.316810295727 41.0433070866142
1
0.281052752197328 0.959692320737385 0
-0.959692320737385 0.281052752197328 0
0 0 1
[HEADER]
536308,Glazed,6
603.548442880964 269.861393595928 41.0433070866142
1
0.281052752197328 0.959692320737385 0
-0.959692320737385 0.281052752197328 0
0 0 1
[HEADER]
536309,Glazed,6
604.590403543638 273.419308039607 41.0433070866142
1
0.281052752197328 0.959692320737385 0
-0.959692320737385 0.281052752197328 0
0 0 1
[HEADER]
536310,Glazed,6
605.627047436097 276.959067658235 41.0433070866142
1
0.281052752197328 0.959692320737385 0
-0.959692320737385 0.281052752197328 0
0 0 1
[HEADER]
536311,Glazed,6
606.659787207951 280.485496133385 41.0433070866142
1
0.281052752197328 0.959692320737385 0
-0.959692320737385 0.281052752197328 0
0 0 1
[HEADER]
536312,Glazed,6
607.69483220251 284.019796100668 41.0433070866142
1
0.281052752197328 0.959692320737385 0
-0.959692320737385 0.281052752197328 0
0 0 1
[HEADER]
536313,Glazed,6
608.733830170562 287.567594026168 41.0433070866142
1
0.281052752197328 0.959692320737385 0
-0.959692320737385 0.281052752197328 0
0 0 1
[HEADER]
536314,Glazed,6
609.7659124705 291.091777475273 41.0433070866142
1
0.281052752197328 0.959692320737385 0
-0.959692320737385 0.281052752197328 0
0 0 1
[HEADER]
536536,Glazed,6
581.9495313003 196.1090128838 47.6049868766404
1
0.281052752197328 0.959692320737385 0
-0.959692320737385 0.281052752197328 0
0 0 1
[HEADER]
536537,Glazed,6
582.784021919521 198.958493035595 47.6049868766404
1
0.281052752197328 0.959692320737385 0
-0.959692320737385 0.281052752197328 0
0 0 1
[HEADER]
536538,Glazed,6
583.844424363836 202.57937941633 47.6049868766404
1
0.281052752197328 0.959692320737385 0
-0.959692320737385 0.281052752197328 0
0 0 1
[HEADER]
536539,Glazed,6
584.90482680815 206.200265797065 47.6049868766404
1
0.281052752197328 0.959692320737385 0
-0.959692320737385 0.281052752197328 0
0 0 1
[HEADER]
536540,Glazed,6
585.919124798363 209.663722335159 47.6049868766404
1
0.281052752197328 0.959692320737385 0
-0.959692320737385 0.281052752197328 0
0 0 1
[HEADER]
536541,Glazed,6
586.933422788577 213.127178873253 47.6049868766404
1
0.281052752197328 0.959692320737385 0
-0.959692320737385 0.281052752197328 0
0 0 1
[HEADER]
536542,Glazed,6
587.97538345125 216.685093316932 47.6049868766404
1
0.281052752197328 0.959692320737385 0
-0.959692320737385 0.281052752197328 0
0 0 1
[HEADER]
536543,Glazed,6
589.017344113924 220.243007760611 47.6049868766404
1
0.281052752197328 0.959692320737385 0
-0.959692320737385 0.281052752197328 0
0 0 1
[HEADER]
536544,Glazed,6
590.059304776598 223.800922204289 47.6049868766404
1
0.281052752197328 0.959692320737385 0
-0.959692320737385 0.281052752197328 0
0 0 1
[HEADER]
536545,Glazed,6
591.101265439272 227.358836647968 47.6049868766404
1
0.281052752197328 0.959692320737385 0
-0.959692320737385 0.281052752197328 0
0 0 1
[HEADER]
536546,Glazed,6
592.134005211126 230.885265123119 47.6049868766404
1
0.281052752197328 0.959692320737385 0
-0.959692320737385 0.281052752197328 0
0 0 1
[HEADER]
536547,Glazed,6
593.175965873799 234.443179566797 47.6049868766404
1
0.281052752197328 0.959692320737385 0
-0.959692320737385 0.281052752197328 0
0 0 1
[HEADER]
536548,Glazed,6
594.210145123219 237.974523331179 47.6049868766404
1
0.281052752197328 0.959692320737385 0
-0.959692320737385 0.281052752197328 0
0 0 1
[HEADER]
536549,Glazed,6
595.769915149387 243.300567301664 47.6049868766404
1
0.281052752197328 0.959692320737385 0
-0.959692320737385 0.281052752197328 0
0 0 1
[HEADER]
536550,Glazed,6
597.328245697987 248.621695982918 47.6049868766404
1
0.281052752197328 0.959692320737385 0
-0.959692320737385 0.281052752197328 0
0 0 1
[HEADER]
536551,Glazed,6
598.363290692546 252.155995950201 47.6049868766404
1
0.281052752197328 0.959692320737385 0
-0.959692320737385 0.281052752197328 0
0 0 1
[HEADER]
536552,Glazed,6
598.925421487085 254.075466948267 47.6049868766404
1
0.281052752197328 0.959692320737385 0
-0.959692320737385 0.281052752197328 0
0 0 1
[HEADER]
536553,Glazed,6
0 0 0
1
1 0 0
0 1 0
0 0 1
[HEADER]
536554,Glazed,6
601.739582263871 263.684796391537 47.6049868766404
1
0.281052752197328 0.959692320737385 0
-0.959692320737385 0.281052752197328 0
0 0 1
[HEADER]
536555,Glazed,6
602.510386338896 266.316810295727 47.6049868766404
1
0.281052752197328 0.959692320737385 0
-0.959692320737385 0.281052752197328 0
0 0 1
[HEADER]
536556,Glazed,6
603.548442880964 269.861393595928 47.6049868766404
1
0.281052752197328 0.959692320737385 0
-0.959692320737385 0.281052752197328 0
0 0 1
[HEADER]
536557,Glazed,6
604.590403543638 273.419308039607 47.6049868766404
1
0.281052752197328 0.959692320737385 0
-0.959692320737385 0.281052752197328 0
0 0 1
[HEADER]
536558,Glazed,6
605.627047436097 276.959067658235 47.6049868766404
1
0.281052752197328 0.959692320737385 0
-0.959692320737385 0.281052752197328 0
0 0 1
[HEADER]
536559,Glazed,6
606.659787207951 280.485496133385 47.6049868766404
1
0.281052752197328 0.959692320737385 0
-0.959692320737385 0.281052752197328 0
0 0 1
[HEADER]
536560,Glazed,6
607.69483220251 284.019796100668 47.6049868766404
1
0.281052752197328 0.959692320737385 0
-0.959692320737385 0.281052752197328 0
0 0 1
[HEADER]
536561,Glazed,6
608.733830170562 287.567594026168 47.6049868766404
1
0.281052752197328 0.959692320737385 0
-0.959692320737385 0.281052752197328 0
0 0 1
[HEADER]
536562,Glazed,6
609.7659124705 291.091777475273 47.6049868766404
1
0.281052752197328 0.959692320737385 0
-0.959692320737385 0.281052752197328 0
0 0 1
[HEADER]
536882,Glazed,6
581.9495313003 196.1090128838 54.1666666666667
1
0.281052752197328 0.959692320737385 0
-0.959692320737385 0.281052752197328 0
0 0 1
[HEADER]
536883,Glazed,6
582.784021919521 198.958493035595 54.1666666666667
1
0.281052752197328 0.959692320737385 0
-0.959692320737385 0.281052752197328 0
0 0 1
[HEADER]
536884,Glazed,6
583.844424363836 202.57937941633 54.1666666666667
1
0.281052752197328 0.959692320737385 0
-0.959692320737385 0.281052752197328 0
0 0 1
[HEADER]
536885,Glazed,6
584.90482680815 206.200265797065 54.1666666666667
1
0.281052752197328 0.959692320737385 0
-0.959692320737385 0.281052752197328 0
0 0 1
[HEADER]
536886,Glazed,6
585.919124798363 209.663722335159 54.1666666666667
1
0.281052752197328 0.959692320737385 0
-0.959692320737385 0.281052752197328 0
0 0 1
[HEADER]
536887,Glazed,6
586.933422788577 213.127178873253 54.1666666666667
1
0.281052752197328 0.959692320737385 0
-0.959692320737385 0.281052752197328 0
0 0 1
[HEADER]
536888,Glazed,6
587.97538345125 216.685093316932 54.1666666666667
1
0.281052752197328 0.959692320737385 0
-0.959692320737385 0.281052752197328 0
0 0 1
[HEADER]
536889,Glazed,6
589.017344113924 220.243007760611 54.1666666666667
1
0.281052752197328 0.959692320737385 0
-0.959692320737385 0.281052752197328 0
0 0 1
[HEADER]
536890,Glazed,6
590.059304776598 223.800922204289 54.1666666666667
1
0.281052752197328 0.959692320737385 0
-0.959692320737385 0.281052752197328 0
0 0 1
[HEADER]
536891,Glazed,6
591.101265439272 227.358836647968 54.1666666666667
1
0.281052752197328 0.959692320737385 0
-0.959692320737385 0.281052752197328 0
0 0 1
[HEADER]
536892,Glazed,6
592.134005211126 230.885265123119 54.1666666666667
1
0.281052752197328 0.959692320737385 0
-0.959692320737385 0.281052752197328 0
0 0 1
[HEADER]
536893,Glazed,6
593.175965873799 234.443179566797 54.1666666666667
1
0.281052752197328 0.959692320737385 0
-0.959692320737385 0.281052752197328 0
0 0 1
[HEADER]
536894,Glazed,6
594.210145123219 237.974523331179 54.1666666666667
1
0.281052752197328 0.959692320737385 0
-0.959692320737385 0.281052752197328 0
0 0 1
[HEADER]
536895,Glazed,6
595.769915149387 243.300567301664 54.1666666666667
1
0.281052752197328 0.959692320737385 0
-0.959692320737385 0.281052752197328 0
0 0 1
[HEADER]
536896,Glazed,6
597.328245697987 248.621695982918 54.1666666666667
1
0.281052752197328 0.959692320737385 0
-0.959692320737385 0.281052752197328 0
0 0 1
[HEADER]
536897,Glazed,6
598.363290692546 252.155995950201 54.1666666666667
1
0.281052752197328 0.959692320737385 0
-0.959692320737385 0.281052752197328 0
0 0 1
[HEADER]
536898,Glazed,6
598.925421487085 254.075466948266 54.1666666666667
1
0.281052752197328 0.959692320737385 0
-0.959692320737385 0.281052752197328 0
0 0 1
[HEADER]
536899,Glazed,6
0 0 0
1
1 0 0
0 1 0
0 0 1
[HEADER]
536900,Glazed,6
0 0 0
1
1 0 0
0 1 0
0 0 1
[HEADER]
536901,Glazed,6
0 0 0
1
1 0 0
0 1 0
0 0 1
[HEADER]
536902,Glazed,6
0 0 0
1
1 0 0
0 1 0
0 0 1
[HEADER]
536903,Glazed,6
0 0 0
1
1 0 0
0 1 0
0 0 1
[HEADER]
536904,Glazed,6
0 0 0
1
1 0 0
0 1 0
0 0 1
[HEADER]
536905,Glazed,6
0 0 0
1
1 0 0
0 1 0
0 0 1
[HEADER]
536906,Glazed,6
0 0 0
1
1 0 0
0 1 0
0 0 1
[HEADER]
536907,Glazed,6
0 0 0
1
1 0 0
0 1 0
0 0 1
[HEADER]
536908,Glazed,6
0 0 0
1
1 0 0
0 1 0
0 0 1
[HEADER]
537076,Glazed,6
581.9495313003 196.1090128838 60.7662948915593
1
0.281052752197328 0.959692320737385 0
-0.959692320737385 0.281052752197328 0
0 0 1
[HEADER]
537077,Glazed,6
582.784021919521 198.958493035595 60.7662948915593
1
0.281052752197328 0.959692320737385 0
-0.959692320737385 0.281052752197328 0
0 0 1
[HEADER]
537078,Glazed,6
583.844424363836 202.57937941633 60.7662948915593
1
0.281052752197328 0.959692320737385 0
-0.959692320737385 0.281052752197328 0
0 0 1
[HEADER]
537079,Glazed,6
584.87174120737 206.087290575342 60.7662948915593
1
0.281052752197328 0.959692320737385 0
-0.959692320737385 0.281052752197328 0
0 0 1
[HEADER]
537080,Glazed,6
585.651377689068 208.749463916832 60.6678696947089
1
0.281052752197328 0.959692320737385 0
-0.959692320737385 0.281052752197328 0
0 0 1
[HEADER]
537081,Glazed,6
0 0 0
1
1 0 0
0 1 0
0 0 1
[HEADER]
537082,Glazed,6
0 0 0
1
1 0 0
0 1 0
0 0 1
[HEADER]
537083,Glazed,6
0 0 0
1
1 0 0
0 1 0
0 0 1
[HEADER]
537084,Glazed,6
0 0 0
1
1 0 0
0 1 0
0 0 1
[HEADER]
537085,Glazed,6
0 0 0
1
1 0 0
0 1 0
0 0 1
[HEADER]
537086,Glazed,6
0 0 0
1
1 0 0
0 1 0
0 0 1
[HEADER]
537087,Glazed,6
0 0 0
1
1 0 0
0 1 0
0 0 1
[HEADER]
537088,Glazed,6
0 0 0
1
1 0 0
0 1 0
0 0 1
[HEADER]
537089,Glazed,6
0 0 0
1
1 0 0
0 1 0
0 0 1
[HEADER]
537090,Glazed,6
0 0 0
1
1 0 0
0 1 0
0 0 1
[HEADER]
537091,Glazed,6
0 0 0
1
1 0 0
0 1 0
0 0 1
[HEADER]
537092,Glazed,6
0 0 0
1
1 0 0
0 1 0
0 0 1
[HEADER]
537093,Glazed,6
0 0 0
1
1 0 0
0 1 0
0 0 1
[HEADER]
537094,Glazed,6
0 0 0
1
1 0 0
0 1 0
0 0 1
[HEADER]
537095,Glazed,6
0 0 0
1
1 0 0
0 1 0
0 0 1
[HEADER]
537096,Glazed,6
0 0 0
1
1 0 0
0 1 0
0 0 1
[HEADER]
537097,Glazed,6
0 0 0
1
1 0 0
0 1 0
0 0 1
[HEADER]
537098,Glazed,6
0 0 0
1
1 0 0
0 1 0
0 0 1
[HEADER]
537099,Glazed,6
0 0 0
1
1 0 0
0 1 0
0 0 1
[HEADER]
537100,Glazed,6
0 0 0
1
1 0 0
0 1 0
0 0 1
[HEADER]
537101,Glazed,6
0 0 0
1
1 0 0
0 1 0
0 0 1
[HEADER]
537102,Glazed,6
0 0 0
1
1 0 0
0 1 0
0 0 1
[HEADER]
537270,Glazed,6
610.475090453941 294.548825854009 34.5472440944882
1
0.104528463267655 0.994521895368273 0
-0.994521895368273 0.104528463267655 0
0 0 1
[HEADER]
537271,Glazed,6
610.802599254534 297.664863944812 34.5472440944882
1
0.104528463267655 0.994521895368273 0
-0.994521895368273 0.104528463267655 0
0 0 1
[HEADER]
537272,Glazed,6
611.138681583938 300.862473713384 34.5472440944882
1
0.104528463267655 0.994521895368273 0
-0.994521895368273 0.104528463267655 0
0 0 1
[HEADER]
537273,Glazed,6
611.473049207579 304.043769146403 34.5472440944882
1
0.104528463267655 0.994521895368273 0
-0.994521895368273 0.104528463267655 0
0 0 1
[HEADER]
537274,Glazed,6
611.807416831221 307.225064579422 34.5472440944882
1
0.104528463267655 0.994521895368273 0
-0.994521895368273 0.104528463267655 0
0 0 1
[HEADER]
537275,Glazed,6
612.143499160625 310.422674347994 34.5472440944882
1
0.104528463267655 0.994521895368273 0
-0.994521895368273 0.104528463267655 0
0 0 1
[HEADER]
537276,Glazed,6
612.479581490029 313.620284116567 34.5472440944882
1
0.104528463267655 0.994521895368273 0
-0.994521895368273 0.104528463267655 0
0 0 1
[HEADER]
537277,Glazed,6
612.81394911367 316.801579549585 34.5472440944882
1
0.104528463267655 0.994521895368273 0
-0.994521895368273 0.104528463267655 0
0 0 1
[HEADER]
537278,Glazed,6
613.148316737312 319.982874982604 34.5472440944882
1
0.104528463267655 0.994521895368273 0
-0.994521895368273 0.104528463267655 0
0 0 1
[HEADER]
537279,Glazed,6
613.483541713835 323.172327583399 34.5472440944882
1
0.104528463267655 0.994521895368273 0
-0.994521895368273 0.104528463267655 0
0 0 1
[HEADER]
537280,Glazed,6
613.818766690358 326.361780184195 34.5472440944882
1
0.104528463267655 0.994521895368273 0
-0.994521895368273 0.104528463267655 0
0 0 1
[HEADER]
537281,Glazed,6
614.154849019761 329.559389952767 34.5472440944882
1
0.104528463267655 0.994521895368273 0
-0.994521895368273 0.104528463267655 0
0 0 1
[HEADER]
537282,Glazed,6
614.490931349165 332.75699972134 34.5472440944882
1
0.104528463267655 0.994521895368273 0
-0.994521895368273 0.104528463267655 0
0 0 1
[HEADER]
537283,Glazed,6
614.823584267045 335.921980818805 34.5472440944882
1
0.104528463267655 0.994521895368273 0
-0.994521895368273 0.104528463267655 0
0 0 1
[HEADER]
537284,Glazed,6
615.156237184924 339.086961916269 34.5472440944882
1
0.104528463267655 0.994521895368273 0
-0.994521895368273 0.104528463267655 0
0 0 1
[HEADER]
537285,Glazed,6
615.492319514328 342.284571684842 34.5472440944882
1
0.104528463267655 0.994521895368273 0
-0.994521895368273 0.104528463267655 0
0 0 1
[HEADER]
537286,Glazed,6
615.828401843732 345.482181453414 34.5472440944882
1
0.104528463267655 0.994521895368273 0
-0.994521895368273 0.104528463267655 0
0 0 1
[HEADER]
537287,Glazed,6
616.163870237224 348.673950011975 34.5472440944882
1
0.104528463267655 0.994521895368273 0
-0.994521895368273 0.104528463267655 0
0 0 1
[HEADER]
537288,Glazed,6
616.432465105989 351.229459483932 34.5472440944882
1
0.104528463267655 0.994521895368273 0
-0.994521895368273 0.104528463267655 0
0 0 1
[HEADER]
537471,Glazed,6
610.475090453941 294.548825854009 41.0433070866142
1
0.104528463267655 0.994521895368273 0
-0.994521895368273 0.104528463267655 0
0 0 1
[HEADER]
537472,Glazed,6
610.802599254534 297.664863944812 41.0433070866142
1
0.104528463267655 0.994521895368273 0
-0.994521895368273 0.104528463267655 0
0 0 1
[HEADER]
537473,Glazed,6
611.138681583938 300.862473713384 41.0433070866142
1
0.104528463267655 0.994521895368273 0
-0.994521895368273 0.104528463267655 0
0 0 1
[HEADER]
537474,Glazed,6
611.473049207579 304.043769146403 41.0433070866142
1
0.104528463267655 0.994521895368273 0
-0.994521895368273 0.104528463267655 0
0 0 1
[HEADER]
537475,Glazed,6
611.807416831221 307.225064579422 41.0433070866142
1
0.104528463267655 0.994521895368273 0
-0.994521895368273 0.104528463267655 0
0 0 1
[HEADER]
537476,Glazed,6
612.143499160625 310.422674347994 41.0433070866142
1
0.104528463267655 0.994521895368273 0
-0.994521895368273 0.104528463267655 0
0 0 1
[HEADER]
537477,Glazed,6
612.479581490029 313.620284116567 41.0433070866142
1
0.104528463267655 0.994521895368273 0
-0.994521895368273 0.104528463267655 0
0 0 1
[HEADER]
537478,Glazed,6
612.81394911367 316.801579549585 41.0433070866142
1
0.104528463267655 0.994521895368273 0
-0.994521895368273 0.104528463267655 0
0 0 1
[HEADER]
537479,Glazed,6
613.148316737312 319.982874982604 41.0433070866142
1
0.104528463267655 0.994521895368273 0
-0.994521895368273 0.104528463267655 0
0 0 1
[HEADER]
537480,Glazed,6
613.483541713835 323.172327583399 41.0433070866142
1
0.104528463267655 0.994521895368273 0
-0.994521895368273 0.104528463267655 0
0 0 1
[HEADER]
537481,Glazed,6
613.818766690358 326.361780184195 41.0433070866142
1
0.104528463267655 0.994521895368273 0
-0.994521895368273 0.104528463267655 0
0 0 1
[HEADER]
537482,Glazed,6
614.154849019761 329.559389952767 41.0433070866142
1
0.104528463267655 0.994521895368273 0
-0.994521895368273 0.104528463267655 0
0 0 1
[HEADER]
537483,Glazed,6
614.490931349165 332.75699972134 41.0433070866142
1
0.104528463267655 0.994521895368273 0
-0.994521895368273 0.104528463267655 0
0 0 1
[HEADER]
537484,Glazed,6
614.823584267045 335.921980818805 41.0433070866142
1
0.104528463267655 0.994521895368273 0
-0.994521895368273 0.104528463267655 0
0 0 1
[HEADER]
537485,Glazed,6
615.156237184924 339.086961916269 41.0433070866142
1
0.104528463267655 0.994521895368273 0
-0.994521895368273 0.104528463267655 0
0 0 1
[HEADER]
537486,Glazed,6
615.492319514328 342.284571684842 41.0433070866142
1
0.104528463267655 0.994521895368273 0
-0.994521895368273 0.104528463267655 0
0 0 1
[HEADER]
537487,Glazed,6
615.828401843732 345.482181453414 41.0433070866142
1
0.104528463267655 0.994521895368273 0
-0.994521895368273 0.104528463267655 0
0 0 1
[HEADER]
537488,Glazed,6
616.163870237224 348.673950011975 41.0433070866142
1
0.104528463267655 0.994521895368273 0
-0.994521895368273 0.104528463267655 0
0 0 1
[HEADER]
537489,Glazed,6
616.432465105989 351.229459483932 41.0433070866142
1
0.104528463267655 0.994521895368273 0
-0.994521895368273 0.104528463267655 0
0 0 1
[HEADER]
537630,Glazed,6
610.475090453941 294.548825854009 47.6049868766404
1
0.104528463267655 0.994521895368273 0
-0.994521895368273 0.104528463267655 0
0 0 1
[HEADER]
537631,Glazed,6
610.802599254534 297.664863944812 47.6049868766404
1
0.104528463267655 0.994521895368273 0
-0.994521895368273 0.104528463267655 0
0 0 1
[HEADER]
537632,Glazed,6
611.138681583938 300.862473713384 47.6049868766404
1
0.104528463267655 0.994521895368273 0
-0.994521895368273 0.104528463267655 0
0 0 1
[HEADER]
537633,Glazed,6
611.473049207579 304.043769146403 47.6049868766404
1
0.104528463267655 0.994521895368273 0
-0.994521895368273 0.104528463267655 0
0 0 1
[HEADER]
537634,Glazed,6
611.807416831221 307.225064579422 47.6049868766404
1
0.104528463267655 0.994521895368273 0
-0.994521895368273 0.104528463267655 0
0 0 1
[HEADER]
537635,Glazed,6
612.143499160625 310.422674347994 47.6049868766404
1
0.104528463267655 0.994521895368273 0
-0.994521895368273 0.104528463267655 0
0 0 1
[HEADER]
537636,Glazed,6
612.479581490029 313.620284116567 47.6049868766404
1
0.104528463267655 0.994521895368273 0
-0.994521895368273 0.104528463267655 0
0 0 1
[HEADER]
537637,Glazed,6
612.81394911367 316.801579549585 47.6049868766404
1
0.104528463267655 0.994521895368273 0
-0.994521895368273 0.104528463267655 0
0 0 1
[HEADER]
537638,Glazed,6
613.148316737312 319.982874982604 47.6049868766404
1
0.104528463267655 0.994521895368273 0
-0.994521895368273 0.104528463267655 0
0 0 1
[HEADER]
537639,Glazed,6
613.483541713835 323.172327583399 47.6049868766404
1
0.104528463267655 0.994521895368273 0
-0.994521895368273 0.104528463267655 0
0 0 1
[HEADER]
537640,Glazed,6
613.818766690358 326.361780184195 47.6049868766404
1
0.104528463267655 0.994521895368273 0
-0.994521895368273 0.104528463267655 0
0 0 1
[HEADER]
537641,Glazed,6
614.154849019761 329.559389952767 47.6049868766404
1
0.104528463267655 0.994521895368273 0
-0.994521895368273 0.104528463267655 0
0 0 1
[HEADER]
537642,Glazed,6
614.490931349165 332.75699972134 47.6049868766404
1
0.104528463267655 0.994521895368273 0
-0.994521895368273 0.104528463267655 0
0 0 1
[HEADER]
537643,Glazed,6
614.823584267045 335.921980818805 47.6049868766404
1
0.104528463267655 0.994521895368273 0
-0.994521895368273 0.104528463267655 0
0 0 1
[HEADER]
537644,Glazed,6
615.156237184924 339.086961916269 47.6049868766404
1
0.104528463267655 0.994521895368273 0
-0.994521895368273 0.104528463267655 0
0 0 1
[HEADER]
537645,Glazed,6
615.492319514328 342.284571684842 47.6049868766404
1
0.104528463267655 0.994521895368273 0
-0.994521895368273 0.104528463267655 0
0 0 1
[HEADER]
537646,Glazed,6
615.828401843732 345.482181453414 47.6049868766404
1
0.104528463267655 0.994521895368273 0
-0.994521895368273 0.104528463267655 0
0 0 1
[HEADER]
537647,Glazed,6
616.163870237224 348.673950011975 47.6049868766404
1
0.104528463267655 0.994521895368273 0
-0.994521895368273 0.104528463267655 0
0 0 1
[HEADER]
537648,Glazed,6
616.432465105989 351.229459483932 47.6049868766404
1
0.104528463267655 0.994521895368273 0
-0.994521895368273 0.104528463267655 0
0 0 1
[HEADER]
537839,Glazed,6
581.480159639426 372.561737520104 34.5472440944882
1
0.865728313639932 -0.500514222537342 0
0.500514222537342 0.865728313639932 0
0 0 1
[HEADER]
537840,Glazed,6
584.118837373434 371.03620611059 34.5472440944882
1
0.865728313639932 -0.500514222537342 0
0.500514222537342 0.865728313639932 0
0 0 1
[HEADER]
537841,Glazed,6
586.800119847287 369.486043095635 34.5472440944882
1
0.865728313639932 -0.500514222537342 0
0.500514222537342 0.865728313639932 0
0 0 1
[HEADER]
537842,Glazed,6
589.47570959934 367.939171284377 34.5472440944882
1
0.865728313639932 -0.500514222537342 0
0.500514222537342 0.865728313639932 0
0 0 1
[HEADER]
537843,Glazed,6
592.145606629594 366.395590676814 34.5472440944882
1
0.865728313639932 -0.500514222537342 0
0.500514222537342 0.865728313639932 0
0 0 1
[HEADER]
537844,Glazed,6
594.815503659849 364.852010069252 34.5472440944882
1
0.865728313639932 -0.500514222537342 0
0.500514222537342 0.865728313639932 0
0 0 1
[HEADER]
537845,Glazed,6
597.513803849999 363.292008391396 34.5472440944882
1
0.865728313639932 -0.500514222537342 0
0.500514222537342 0.865728313639932 0
0 0 1
[HEADER]
537846,Glazed,6
600.21210404015 361.73200671354 34.5472440944882
1
0.865728313639932 -0.500514222537342 0
0.500514222537342 0.865728313639932 0
0 0 1
[HEADER]
537847,Glazed,6
602.882001070405 360.188426105977 34.5472440944882
1
0.865728313639932 -0.500514222537342 0
0.500514222537342 0.865728313639932 0
0 0 1
[HEADER]
537848,Glazed,6
605.551898100659 358.644845498415 34.5472440944882
1
0.865728313639932 -0.500514222537342 0
0.500514222537342 0.865728313639932 0
0 0 1
[HEADER]
537849,Glazed,6
608.221795130913 357.101264890852 34.5472440944882
1
0.865728313639932 -0.500514222537342 0
0.500514222537342 0.865728313639932 0
0 0 1
[HEADER]
537850,Glazed,6
610.891692161168 355.557684283289 34.5472440944882
1
0.865728313639932 -0.500514222537342 0
0.500514222537342 0.865728313639932 0
0 0 1
[HEADER]
537851,Glazed,6
613.561589191422 354.014103675727 34.5472440944882
1
0.865728313639932 -0.500514222537342 0
0.500514222537342 0.865728313639932 0
0 0 1
[HEADER]
537852,Glazed,6
615.677624603698 352.790733938882 34.5472440944882
1
0.865728313639932 -0.500514222537342 0
0.500514222537342 0.865728313639932 0
0 0 1
[HEADER]
538002,Glazed,6
581.480159639426 372.561737520104 41.0433070866142
1
0.865728313639932 -0.500514222537342 0
0.500514222537342 0.865728313639932 0
0 0 1
[HEADER]
538003,Glazed,6
584.118837373434 371.03620611059 41.0433070866142
1
0.865728313639932 -0.500514222537342 0
0.500514222537342 0.865728313639932 0
0 0 1
[HEADER]
538004,Glazed,6
586.800119847287 369.486043095635 41.0433070866142
1
0.865728313639932 -0.500514222537342 0
0.500514222537342 0.865728313639932 0
0 0 1
[HEADER]
538005,Glazed,6
589.47570959934 367.939171284377 41.0433070866142
1
0.865728313639932 -0.500514222537342 0
0.500514222537342 0.865728313639932 0
0 0 1
[HEADER]
538006,Glazed,6
592.145606629594 366.395590676814 41.0433070866142
1
0.865728313639932 -0.500514222537342 0
0.500514222537342 0.865728313639932 0
0 0 1
[HEADER]
538007,Glazed,6
594.815503659849 364.852010069252 41.0433070866142
1
0.865728313639932 -0.500514222537342 0
0.500514222537342 0.865728313639932 0
0 0 1
[HEADER]
538008,Glazed,6
597.513803849999 363.292008391396 41.0433070866142
1
0.865728313639932 -0.500514222537342 0
0.500514222537342 0.865728313639932 0
0 0 1
[HEADER]
538009,Glazed,6
600.21210404015 361.73200671354 41.0433070866142
1
0.865728313639932 -0.500514222537342 0
0.500514222537342 0.865728313639932 0
0 0 1
[HEADER]
538010,Glazed,6
602.882001070405 360.188426105977 41.0433070866142
1
0.865728313639932 -0.500514222537342 0
0.500514222537342 0.865728313639932 0
0 0 1
[HEADER]
538011,Glazed,6
605.551898100659 358.644845498415 41.0433070866142
1
0.865728313639932 -0.500514222537342 0
0.500514222537342 0.865728313639932 0
0 0 1
[HEADER]
538012,Glazed,6
608.221795130913 357.101264890852 41.0433070866142
1
0.865728313639932 -0.500514222537342 0
0.500514222537342 0.865728313639932 0
0 0 1
[HEADER]
538013,Glazed,6
610.891692161168 355.557684283289 41.0433070866142
1
0.865728313639932 -0.500514222537342 0
0.500514222537342 0.865728313639932 0
0 0 1
[HEADER]
538014,Glazed,6
613.561589191422 354.014103675727 41.0433070866142
1
0.865728313639932 -0.500514222537342 0
0.500514222537342 0.865728313639932 0
0 0 1
[HEADER]
538015,Glazed,6
615.677624603698 352.790733938882 41.0433070866142
1
0.865728313639932 -0.500514222537342 0
0.500514222537342 0.865728313639932 0
0 0 1
[HEADER]
538150,Glazed,6
581.480159639426 372.561737520104 47.6049868766404
1
0.865728313639932 -0.500514222537342 0
0.500514222537342 0.865728313639932 0
0 0 1
[HEADER]
538151,Glazed,6
584.118837373434 371.03620611059 47.6049868766404
1
0.865728313639932 -0.500514222537342 0
0.500514222537342 0.865728313639932 0
0 0 1
[HEADER]
538152,Glazed,6
586.800119847287 369.486043095635 47.6049868766404
1
0.865728313639932 -0.500514222537342 0
0.500514222537342 0.865728313639932 0
0 0 1
[HEADER]
538153,Glazed,6
589.47570959934 367.939171284377 47.6049868766404
1
0.865728313639932 -0.500514222537342 0
0.500514222537342 0.865728313639932 0
0 0 1
[HEADER]
538154,Glazed,6
592.145606629594 366.395590676814 47.6049868766404
1
0.865728313639932 -0.500514222537342 0
0.500514222537342 0.865728313639932 0
0 0 1
[HEADER]
538155,Glazed,6
594.815503659849 364.852010069252 47.6049868766404
1
0.865728313639932 -0.500514222537342 0
0.500514222537342 0.865728313639932 0
0 0 1
[HEADER]
538156,Glazed,6
597.513803849999 363.292008391396 47.6049868766404
1
0.865728313639932 -0.500514222537342 0
0.500514222537342 0.865728313639932 0
0 0 1
[HEADER]
538157,Glazed,6
600.21210404015 361.73200671354 47.6049868766404
1
0.865728313639932 -0.500514222537342 0
0.500514222537342 0.865728313639932 0
0 0 1
[HEADER]
538158,Glazed,6
602.882001070405 360.188426105977 47.6049868766404
1
0.865728313639932 -0.500514222537342 0
0.500514222537342 0.865728313639932 0
0 0 1
[HEADER]
538159,Glazed,6
605.551898100659 358.644845498415 47.6049868766404
1
0.865728313639932 -0.500514222537342 0
0.500514222537342 0.865728313639932 0
0 0 1
[HEADER]
538160,Glazed,6
608.221795130913 357.101264890852 47.6049868766404
1
0.865728313639932 -0.500514222537342 0
0.500514222537342 0.865728313639932 0
0 0 1
[HEADER]
538161,Glazed,6
610.891692161168 355.557684283289 47.6049868766404
1
0.865728313639932 -0.500514222537342 0
0.500514222537342 0.865728313639932 0
0 0 1
[HEADER]
538162,Glazed,6
613.561589191422 354.014103675727 47.6049868766404
1
0.865728313639932 -0.500514222537342 0
0.500514222537342 0.865728313639932 0
0 0 1
[HEADER]
538163,Glazed,6
615.677624603698 352.790733938882 47.6049868766404
1
0.865728313639932 -0.500514222537342 0
0.500514222537342 0.865728313639932 0
0 0 1
[HEADER]
538318,Glazed,6
549.920135319622 382.198935719186 34.5472440944882
1
0.959692321040699 -0.281052751161621 0
0.281052751161621 0.959692321040699 0
0 0 1
[HEADER]
538319,Glazed,6
552.8546045925 381.339555432129 34.5472440944882
1
0.959692321040699 -0.281052751161621 0
0.281052751161621 0.959692321040699 0
0 0 1
[HEADER]
538320,Glazed,6
556.481465500655 380.277403309028 34.5472440944882
1
0.959692321040699 -0.281052751161621 0
0.281052751161621 0.959692321040699 0
0 0 1
[HEADER]
538321,Glazed,6
560.133837851073 379.207779977835 34.5472440944882
1
0.959692321040699 -0.281052751161621 0
0.281052751161621 0.959692321040699 0
0 0 1
[HEADER]
538322,Glazed,6
563.78621020149 378.138156646643 34.5472440944882
1
0.959692321040699 -0.281052751161621 0
0.281052751161621 0.959692321040699 0
0 0 1
[HEADER]
538323,Glazed,6
567.407096583369 377.077754206236 34.5472440944882
1
0.959692321040699 -0.281052751161621 0
0.281052751161621 0.959692321040699 0
0 0 1
[HEADER]
538324,Glazed,6
571.059468933787 376.008130875044 34.5472440944882
1
0.959692321040699 -0.281052751161621 0
0.281052751161621 0.959692321040699 0
0 0 1
[HEADER]
538325,Glazed,6
574.680355315666 374.947728434637 34.5472440944882
1
0.959692321040699 -0.281052751161621 0
0.281052751161621 0.959692321040699 0
0 0 1
[HEADER]
538326,Glazed,6
578.22301265542 373.910235927996 34.5472440944882
1
0.959692321040699 -0.281052751161621 0
0.281052751161621 0.959692321040699 0
0 0 1
[HEADER]
538413,Glazed,6
549.920135319622 382.198935719186 41.0433070866142
1
0.959692321040699 -0.281052751161621 0
0.281052751161621 0.959692321040699 0
0 0 1
[HEADER]
538414,Glazed,6
552.8546045925 381.339555432129 41.0433070866142
1
0.959692321040699 -0.281052751161621 0
0.281052751161621 0.959692321040699 0
0 0 1
[HEADER]
538415,Glazed,6
556.481465500655 380.277403309028 41.0433070866142
1
0.959692321040699 -0.281052751161621 0
0.281052751161621 0.959692321040699 0
0 0 1
[HEADER]
538416,Glazed,6
560.133837851073 379.207779977835 41.0433070866142
1
0.959692321040699 -0.281052751161621 0
0.281052751161621 0.959692321040699 0
0 0 1
[HEADER]
538417,Glazed,6
563.78621020149 378.138156646643 41.0433070866142
1
0.959692321040699 -0.281052751161621 0
0.281052751161621 0.959692321040699 0
0 0 1
[HEADER]
538418,Glazed,6
567.407096583369 377.077754206236 41.0433070866142
1
0.959692321040699 -0.281052751161621 0
0.281052751161621 0.959692321040699 0
0 0 1
[HEADER]
538419,Glazed,6
571.059468933787 376.008130875044 41.0433070866142
1
0.959692321040699 -0.281052751161621 0
0.281052751161621 0.959692321040699 0
0 0 1
[HEADER]
538420,Glazed,6
574.680355315666 374.947728434637 41.0433070866142
1
0.959692321040699 -0.281052751161621 0
0.281052751161621 0.959692321040699 0
0 0 1
[HEADER]
538421,Glazed,6
578.22301265542 373.910235927996 41.0433070866142
1
0.959692321040699 -0.281052751161621 0
0.281052751161621 0.959692321040699 0
0 0 1
[HEADER]
538499,Glazed,6
549.920135319622 382.198935719186 47.6049868766404
1
0.959692321040699 -0.281052751161621 0
0.281052751161621 0.959692321040699 0
0 0 1
[HEADER]
538500,Glazed,6
552.8546045925 381.339555432129 47.6049868766404
1
0.959692321040699 -0.281052751161621 0
0.281052751161621 0.959692321040699 0
0 0 1
[HEADER]
538501,Glazed,6
556.481465500655 380.277403309028 47.6049868766404
1
0.959692321040699 -0.281052751161621 0
0.281052751161621 0.959692321040699 0
0 0 1
[HEADER]
538502,Glazed,6
560.133837851073 379.207779977835 47.6049868766404
1
0.959692321040699 -0.281052751161621 0
0.281052751161621 0.959692321040699 0
0 0 1
[HEADER]
538503,Glazed,6
563.78621020149 378.138156646643 47.6049868766404
1
0.959692321040699 -0.281052751161621 0
0.281052751161621 0.959692321040699 0
0 0 1
[HEADER]
538504,Glazed,6
567.407096583369 377.077754206236 47.6049868766404
1
0.959692321040699 -0.281052751161621 0
0.281052751161621 0.959692321040699 0
0 0 1
[HEADER]
538505,Glazed,6
571.059468933787 376.008130875044 47.6049868766404
1
0.959692321040699 -0.281052751161621 0
0.281052751161621 0.959692321040699 0
0 0 1
[HEADER]
538506,Glazed,6
574.680355315666 374.947728434637 47.6049868766404
1
0.959692321040699 -0.281052751161621 0
0.281052751161621 0.959692321040699 0
0 0 1
[HEADER]
538507,Glazed,6
578.22301265542 373.910235927996 47.6049868766404
1
0.959692321040699 -0.281052751161621 0
0.281052751161621 0.959692321040699 0
0 0 1
[HEADER]
559486,Glazed,6
257.504483882561 370.018743679645 33.005249343832
1
0.983679176121407 0.179931315965596 0
-0.179931315965596 0.983679176121407 0
0 0 1
[HEADER]
559495,Glazed,6
264.717485715341 371.338121931558 33.005249343832
1
0.983679176121407 0.179931315965596 0
-0.179931315965596 0.983679176121407 0
0 0 1
[HEADER]
559503,Glazed,6
271.930487548121 372.657500183471 33.005249343832
1
0.983679176121407 0.179931315965596 0
-0.179931315965596 0.983679176121407 0
0 0 1
[HEADER]
559521,Glazed,6
255.733506363215 379.700625334383 33.005249343832
1
0.983679176121407 0.179931315965596 0
-0.179931315965596 0.983679176121407 0
0 0 1
[HEADER]
559530,Glazed,6
262.946508195995 381.020003586296 33.005249343832
1
0.983679176121407 0.179931315965596 0
-0.179931315965596 0.983679176121407 0
0 0 1
[HEADER]
559538,Glazed,6
270.159510028774 382.339381838209 33.005249343832
1
0.983679176121407 0.179931315965596 0
-0.179931315965596 0.983679176121407 0
0 0 1
[LEVEL]
07-지붕층
[HEADER]
416600,Glazed,86
251.722440850924 424.113300802694 55.2821522309711
1
1 -3.41569735834713E-15 0
3.41569735834713E-15 1 0
0 0 1
-0.902230858802795 -0.16240157186985 1.64041996002197
-1.55839908123016 -0.16240157186985 12.3439607620239
-1.55839908123016 -0.16240157186985 1.64041996002197
0 -1 0
-0.902230858802795 -0.16240157186985 1.64041996002197
1.55839908123016 -0.16240157186985 1.32348898008484E-23
1.55839908123016 -0.16240157186985 12.2295694351196
0 -1 0
1.55839908123016 -0.16240157186985 1.32348898008484E-23
-0.902230858802795 -0.16240157186985 1.64041996002197
-0.902230858802795 -0.16240157186985 -2.64697796016969E-23
0 -1 0
-0.902230858802795 -0.16240157186985 1.64041996002197
1.55839908123016 -0.16240157186985 12.2295694351196
-1.55839908123016 -0.16240157186985 12.3439607620239
0 -1 0
1.55839908123016 -0.0803805738687515 0
-0.902230858802795 -0.0803805738687515 1.64041996002197
1.55839908123016 -0.0803805738687515 12.2295694351196
0 1 0
-0.902230858802795 -0.0803805738687515 1.64041996002197
1.55839908123016 -0.0803805738687515 0
-0.902230858802795 -0.0803805738687515 0
0 1 0
1.55839908123016 -0.0803805738687515 12.2295694351196
-0.902230858802795 -0.0803805738687515 1.64041996002197
-1.55839908123016 -0.0803805738687515 12.3439607620239
0 1 0
-1.55839908123016 -0.0803805738687515 1.64041996002197
-1.55839908123016 -0.0803805738687515 12.3439607620239
-0.902230858802795 -0.0803805738687515 1.64041996002197
0 1 0
-0.902230858802795 -0.16240157186985 0
-0.902230858802795 -0.0803805738687515 0
1.55839908123016 -0.0803805738687515 0
0 0 -1
1.55839908123016 -0.0803805738687515 0
1.55839908123016 -0.16240157186985 0
-0.902230858802795 -0.16240157186985 0
0 0 -1
1.55839908123016 -0.16240157186985 0
1.55839908123016 -0.0803805738687515 0
1.55839908123016 -0.0803805738687515 12.2295694351196
1 0 0
1.55839908123016 -0.0803805738687515 12.2295694351196
1.55839908123016 -0.16240157186985 12.2295694351196
1.55839908123016 -0.16240157186985 0
1 0 0
1.55839908123016 -0.16240157186985 12.2295694351196
1.55839908123016 -0.0803805738687515 12.2295694351196
-1.55839908123016 -0.0803805738687515 12.3439607620239
0.0366768984836061 0 0.999327176212887
-1.55839908123016 -0.0803805738687515 12.3439607620239
-1.55839908123016 -0.16240157186985 12.3439607620239
1.55839908123016 -0.16240157186985 12.2295694351196
0.0366768984836061 0 0.999327176212887
-1.55839908123016 -0.16240157186985 12.3439607620239
-1.55839908123016 -0.0803805738687515 12.3439607620239
-1.55839908123016 -0.0803805738687515 1.64041996002197
-1 0 0
-1.55839908123016 -0.0803805738687515 1.64041996002197
-1.55839908123016 -0.16240157186985 1.64041996002197
-1.55839908123016 -0.16240157186985 12.3439607620239
-1 0 0
-1.55839908123016 -0.16240157186985 1.64041996002197
-1.55839908123016 -0.0803805738687515 1.64041996002197
-0.902230858802795 -0.0803805738687515 1.64041996002197
0 0 -1
-0.902230858802795 -0.0803805738687515 1.64041996002197
-0.902230858802795 -0.16240157186985 1.64041996002197
-1.55839908123016 -0.16240157186985 1.64041996002197
0 0 -1
-0.902230858802795 -0.16240157186985 1.64041996002197
-0.902230858802795 -0.0803805738687515 1.64041996002197
-0.902230858802795 -0.0803805738687515 0
-1 0 0
-0.902230858802795 -0.0803805738687515 0
-0.902230858802795 -0.16240157186985 0
-0.902230858802795 -0.16240157186985 1.64041996002197
-1 0 0
[HEADER]
416602,Glazed,6
267.569947151699 422.50573620656 55.2821522309711
1
0.499999999999999 -0.866025403784439 0
0.866025403784439 0.499999999999999 0
0 0 1
[HEADER]
416604,Glazed,6
282.972440944873 393.891171272642 55.2821522309711
1
0 -1 0
1 0 0
0 0 1
[HEADER]
416606,Glazed,6
281.432798058762 384.65326731817 55.2821522309711
1
-0.983679176121415 -0.179931315965549 0
0.179931315965549 -0.983679176121415 0
0 0 1
[HEADER]
416608,Glazed,6
255.041185347203 424.113300802694 55.2821522309711
1
1 -3.41569735834713E-15 0
3.41569735834713E-15 1 0
0 0 1
[HEADER]
416610,Glazed,6
261.770013123348 424.113300802693 55.2821522309711
1
1 -3.41569735834713E-15 0
3.41569735834713E-15 1 0
0 0 1
[HEADER]
416612,Glazed,6
258.404046239591 424.113300802693 55.2821522309711
1
1 -3.41569735834713E-15 0
3.41569735834713E-15 1 0
0 0 1
[HEADER]
416614,Glazed,6
265.005620935774 424.113300802693 55.2821522309711
1
1 -3.41569735834713E-15 0
3.41569735834713E-15 1 0
0 0 1
[HEADER]
416616,Glazed,6
269.3642167363 419.397970123555 55.2821522309711
1
0.499999999999999 -0.866025403784439 0
0.866025403784439 0.499999999999999 0
0 0 1
[HEADER]
416618,Glazed,6
271.178521198243 416.255502615072 55.2821522309711
1
0.499999999999999 -0.866025403784439 0
0.866025403784439 0.499999999999999 0
0 0 1
[HEADER]
416620,Glazed,6
272.992825660185 413.113035106589 55.2821522309711
1
0.499999999999999 -0.866025403784439 0
0.866025403784439 0.499999999999999 0
0 0 1
[HEADER]
416622,Glazed,6
274.807130122127 409.970567598106 55.2821522309711
1
0.499999999999999 -0.866025403784439 0
0.866025403784439 0.499999999999999 0
0 0 1
[HEADER]
416624,Glazed,6
276.621434584069 406.828100089623 55.2821522309711
1
0.499999999999999 -0.866025403784439 0
0.866025403784439 0.499999999999999 0
0 0 1
[HEADER]
416626,Glazed,6
278.435739046012 403.685632581141 55.2821522309711
1
0.499999999999999 -0.866025403784439 0
0.866025403784439 0.499999999999999 0
0 0 1
[HEADER]
416628,Glazed,6
280.250043507954 400.543165072658 55.2821522309711
1
0.499999999999999 -0.866025403784439 0
0.866025403784439 0.499999999999999 0
0 0 1
[HEADER]
416630,Glazed,6
282.044313092555 397.435398989652 55.2821522309711
1
0.499999999999999 -0.866025403784439 0
0.866025403784439 0.499999999999999 0
0 0 1
[HEADER]
416632,Glazed,6
282.972440944873 390.228786366989 55.2821522309711
1
0 -1 0
1 0 0
0 0 1
[HEADER]
416634,Glazed,6
282.972440944873 386.718979122484 55.2821522309711
1
0 -1 0
1 0 0
0 0 1
