[HEADER]
545043,2784
176.490844726563 176.175872802734 -16.6062984466553
176.490844726563 169.127304077148 -16.6062984466553
205.362228393555 169.127304077148 -16.6062984466553
0 0 1
176.490844726563 186.01838684082 -16.6062984466553
176.490844726563 178.154846191406 -16.6062984466553
205.362228393555 169.127304077148 -16.6062984466553
0 0 1
178.458465576172 195.537185668945 -16.6062984466553
176.490844726563 187.997360229492 -16.6062984466553
205.526275634766 195.866134643555 -16.6062984466553
0 0 1
176.490844726563 176.175872802734 -16.6062984466553
205.362228393555 169.127304077148 -16.6062984466553
176.490844726563 178.154846191406 -16.6062984466553
0 0 1
205.526275634766 195.866134643555 -16.6062984466553
176.490844726563 186.01838684082 -16.6062984466553
205.362228393555 169.127304077148 -16.6062984466553
0 0 1
178.458465576172 195.537185668945 -16.6062984466553
176.490844726563 195.537185668945 -16.6062984466553
176.490844726563 187.997360229492 -16.6062984466553
0 0 1
207.658813476563 169.127304077148 -16.6062984466553
205.526275634766 195.866134643555 -16.6062984466553
205.362228393555 169.127304077148 -16.6062984466553
0 0 1
207.494781494141 195.866134643555 -16.6062984466553
207.658813476563 169.127304077148 -16.6062984466553
234.889785766602 169.127304077148 -16.6062984466553
0 0 1
176.490844726563 186.01838684082 -16.6062984466553
205.526275634766 195.866134643555 -16.6062984466553
176.490844726563 187.997360229492 -16.6062984466553
0 0 1
207.494781494141 195.866134643555 -16.6062984466553
205.526275634766 195.866134643555 -16.6062984466553
207.658813476563 169.127304077148 -16.6062984466553
0 0 1
178.458465576172 198.161849975586 -16.6062984466553
205.526275634766 195.866134643555 -16.6062984466553
205.526275634766 197.83464050293 -16.6062984466553
0 0 1
176.490844726563 205.703430175781 -16.6062984466553
178.458465576172 198.161849975586 -16.6062984466553
205.526275634766 197.83464050293 -16.6062984466553
0 0 1
176.490844726563 205.703430175781 -16.6062984466553
176.490844726563 198.161849975586 -16.6062984466553
178.458465576172 198.161849975586 -16.6062984466553
0 0 1
178.458465576172 198.161849975586 -16.6062984466553
178.458465576172 195.537185668945 -16.6062984466553
205.526275634766 195.866134643555 -16.6062984466553
0 0 1
237.186370849609 169.127304077148 -16.6062984466553
237.022338867188 195.866134643555 -16.6062984466553
235.053833007813 195.866134643555 -16.6062984466553
0 0 1
235.053833007813 197.83464050293 -16.6062984466553
226.195556640625 226.870071411133 -16.6062984466553
207.494781494141 197.83464050293 -16.6062984466553
0 0 1
235.053833007813 197.83464050293 -16.6062984466553
207.494781494141 197.83464050293 -16.6062984466553
235.053833007813 195.866134643555 -16.6062984466553
0 0 1
205.526275634766 197.83464050293 -16.6062984466553
207.494781494141 197.83464050293 -16.6062984466553
205.198181152344 224.573486328125 -16.6062984466553
0 0 1
237.022338867188 195.866134643555 -16.6062984466553
264.745422363281 197.670608520508 -16.6062984466553
237.022338867188 197.83464050293 -16.6062984466553
0 0 1
235.053833007813 195.866134643555 -16.6062984466553
207.494781494141 197.83464050293 -16.6062984466553
207.494781494141 195.866134643555 -16.6062984466553
0 0 1
207.494781494141 195.866134643555 -16.6062984466553
234.889785766602 169.127304077148 -16.6062984466553
235.053833007813 195.866134643555 -16.6062984466553
0 0 1
237.022338867188 197.83464050293 -16.6062984466553
234.72575378418 224.573486328125 -16.6062984466553
235.053833007813 197.83464050293 -16.6062984466553
0 0 1
235.053833007813 195.866134643555 -16.6062984466553
234.889785766602 169.127304077148 -16.6062984466553
237.186370849609 169.127304077148 -16.6062984466553
0 0 1
264.581390380859 168.143051147461 -16.6062984466553
256.543334960938 167.486877441406 -16.6062984466553
264.581390380859 167.486877441406 -16.6062984466553
0 0 1
264.581390380859 168.143051147461 -16.6062984466553
256.543334960938 169.127304077148 -16.6062984466553
256.543334960938 167.486877441406 -16.6062984466553
0 0 1
291.971313476563 169.310104370117 -16.6062984466553
266.549896240234 167.290023803711 -16.6062984466553
292.419097900391 167.290023803711 -16.6062984466553
0 0 1
294.319183349609 167.814254760742 -16.6062984466553
294.435394287109 167.290023803711 -16.6062984466553
297.269073486328 167.290023803711 -16.6062984466553
0 0 1
294.319183349609 167.814254760742 -16.6062984466553
297.269073486328 167.290023803711 -16.6062984466553
293.893157958984 169.736114501953 -16.6062984466553
0 0 1
264.745422363281 195.702102661133 -16.6062984466553
264.581390380859 168.143051147461 -16.6062984466553
266.549896240234 168.143051147461 -16.6062984466553
0 0 1
266.549896240234 167.290023803711 -16.6062984466553
291.971313476563 169.310104370117 -16.6062984466553
266.549896240234 168.143051147461 -16.6062984466553
0 0 1
264.745422363281 197.670608520508 -16.6062984466553
237.022338867188 195.866134643555 -16.6062984466553
264.745422363281 195.702102661133 -16.6062984466553
0 0 1
256.543334960938 169.127304077148 -16.6062984466553
264.581390380859 168.143051147461 -16.6062984466553
264.745422363281 195.702102661133 -16.6062984466553
0 0 1
266.713928222656 197.670608520508 -16.6062984466553
266.713928222656 195.702102661133 -16.6062984466553
285.527893066406 198.378143310547 -16.6062984466553
0 0 1
266.549896240234 225.557739257813 -16.6062984466553
264.745422363281 197.670608520508 -16.6062984466553
266.713928222656 197.670608520508 -16.6062984466553
0 0 1
266.713928222656 195.702102661133 -16.6062984466553
264.745422363281 195.702102661133 -16.6062984466553
266.549896240234 168.143051147461 -16.6062984466553
0 0 1
237.022338867188 195.866134643555 -16.6062984466553
256.543334960938 169.127304077148 -16.6062984466553
264.745422363281 195.702102661133 -16.6062984466553
0 0 1
285.989410400391 196.296127319336 -16.6062984466553
291.971313476563 169.310104370117 -16.6062984466553
293.893157958984 169.736114501953 -16.6062984466553
0 0 1
320.496978759766 176.305389404297 -16.6062984466553
293.893157958984 169.736114501953 -16.6062984466553
297.269073486328 167.290023803711 -16.6062984466553
0 0 1
288.071411132813 196.75764465332 -16.6062984466553
293.893157958984 169.736114501953 -16.6062984466553
320.496978759766 176.305389404297 -16.6062984466553
0 0 1
285.989410400391 196.296127319336 -16.6062984466553
285.527893066406 198.378143310547 -16.6062984466553
266.713928222656 195.702102661133 -16.6062984466553
0 0 1
288.071411132813 196.75764465332 -16.6062984466553
285.989410400391 196.296127319336 -16.6062984466553
293.893157958984 169.736114501953 -16.6062984466553
0 0 1
288.071411132813 196.75764465332 -16.6062984466553
320.496978759766 176.305389404297 -16.6062984466553
314.797210693359 202.769515991211 -16.6062984466553
0 0 1
285.989410400391 196.296127319336 -16.6062984466553
266.713928222656 195.702102661133 -16.6062984466553
266.549896240234 168.143051147461 -16.6062984466553
0 0 1
291.971313476563 169.310104370117 -16.6062984466553
285.989410400391 196.296127319336 -16.6062984466553
266.549896240234 168.143051147461 -16.6062984466553
0 0 1
237.022338867188 197.83464050293 -16.6062984466553
264.745422363281 197.670608520508 -16.6062984466553
255.723129272461 226.870071411133 -16.6062984466553
0 0 1
297.269073486328 167.290023803711 -16.6062984466553
321.064636230469 173.74446105957 -16.6062984466553
320.496978759766 176.305389404297 -16.6062984466553
0 0 1
237.022338867188 195.866134643555 -16.6062984466553
237.186370849609 169.127304077148 -16.6062984466553
256.543334960938 169.127304077148 -16.6062984466553
0 0 1
285.527893066406 198.378143310547 -16.6062984466553
279.540405273438 225.37109375 -16.6062984466553
266.713928222656 197.670608520508 -16.6062984466553
0 0 1
176.490844726563 205.703430175781 -16.6062984466553
205.526275634766 197.83464050293 -16.6062984466553
176.490844726563 207.682403564453 -16.6062984466553
0 0 1
186.825485229492 226.870071411133 -16.6062984466553
176.490844726563 217.524917602539 -16.6062984466553
176.490844726563 215.545944213867 -16.6062984466553
0 0 1
176.490844726563 225.557739257813 -16.6062984466553
176.490844726563 217.524917602539 -16.6062984466553
177.803176879883 225.557739257813 -16.6062984466553
0 0 1
176.490844726563 215.545944213867 -16.6062984466553
176.490844726563 207.682403564453 -16.6062984466553
196.667999267578 226.870071411133 -16.6062984466553
0 0 1
207.494781494141 197.83464050293 -16.6062984466553
226.195556640625 226.870071411133 -16.6062984466553
216.305236816406 226.870071411133 -16.6062984466553
0 0 1
205.198181152344 224.573486328125 -16.6062984466553
207.494781494141 197.83464050293 -16.6062984466553
207.822860717773 224.573486328125 -16.6062984466553
0 0 1
176.490844726563 207.682403564453 -16.6062984466553
205.526275634766 197.83464050293 -16.6062984466553
196.667999267578 226.870071411133 -16.6062984466553
0 0 1
176.490844726563 217.524917602539 -16.6062984466553
186.825485229492 226.870071411133 -16.6062984466553
177.803176879883 225.557739257813 -16.6062984466553
0 0 1
205.198181152344 224.573486328125 -16.6062984466553
196.667999267578 226.870071411133 -16.6062984466553
205.526275634766 197.83464050293 -16.6062984466553
0 0 1
237.022338867188 197.83464050293 -16.6062984466553
237.35041809082 224.573486328125 -16.6062984466553
234.72575378418 224.573486328125 -16.6062984466553
0 0 1
237.022338867188 197.83464050293 -16.6062984466553
245.880599975586 226.870071411133 -16.6062984466553
237.35041809082 224.573486328125 -16.6062984466553
0 0 1
176.490844726563 215.545944213867 -16.6062984466553
196.667999267578 226.870071411133 -16.6062984466553
186.825485229492 226.870071411133 -16.6062984466553
0 0 1
196.667999267578 226.870071411133 -16.6062984466553
205.198181152344 224.573486328125 -16.6062984466553
205.198181152344 226.870071411133 -16.6062984466553
0 0 1
186.825485229492 226.870071411133 -16.6062984466553
177.803176879883 226.870071411133 -16.6062984466553
177.803176879883 225.557739257813 -16.6062984466553
0 0 1
216.305236816406 226.870071411133 -16.6062984466553
207.822860717773 224.573486328125 -16.6062984466553
207.494781494141 197.83464050293 -16.6062984466553
0 0 1
234.72575378418 224.573486328125 -16.6062984466553
234.72575378418 226.870071411133 -16.6062984466553
226.195556640625 226.870071411133 -16.6062984466553
0 0 1
216.305236816406 226.870071411133 -16.6062984466553
207.822860717773 226.870071411133 -16.6062984466553
207.822860717773 224.573486328125 -16.6062984466553
0 0 1
245.880599975586 226.870071411133 -16.6062984466553
237.35041809082 226.870071411133 -16.6062984466553
237.35041809082 224.573486328125 -16.6062984466553
0 0 1
235.053833007813 197.83464050293 -16.6062984466553
234.72575378418 224.573486328125 -16.6062984466553
226.195556640625 226.870071411133 -16.6062984466553
0 0 1
266.549896240234 225.557739257813 -16.6062984466553
279.540405273438 225.37109375 -16.6062984466553
279.214477539063 226.870071411133 -16.6062984466553
0 0 1
279.540405273438 225.37109375 -16.6062984466553
266.549896240234 225.557739257813 -16.6062984466553
266.713928222656 197.670608520508 -16.6062984466553
0 0 1
266.549896240234 226.870071411133 -16.6062984466553
266.549896240234 225.557739257813 -16.6062984466553
279.214477539063 226.870071411133 -16.6062984466553
0 0 1
285.527893066406 198.378143310547 -16.6062984466553
281.463958740234 225.789337158203 -16.6062984466553
279.540405273438 225.37109375 -16.6062984466553
0 0 1
266.549896240234 225.557739257813 -16.6062984466553
264.581390380859 225.557739257813 -16.6062984466553
264.745422363281 197.670608520508 -16.6062984466553
0 0 1
287.609924316406 198.839660644531 -16.6062984466553
314.797210693359 202.769515991211 -16.6062984466553
314.371185302734 204.691360473633 -16.6062984466553
0 0 1
314.797210693359 202.769515991211 -16.6062984466553
287.609924316406 198.839660644531 -16.6062984466553
288.071411132813 196.75764465332 -16.6062984466553
0 0 1
318.660003662109 235.378631591797 -16.6062984466553
316.293060302734 205.117385864258 -16.6062984466553
342.907775878906 211.265380859375 -16.6062984466553
0 0 1
287.609924316406 198.839660644531 -16.6062984466553
314.371185302734 204.691360473633 -16.6062984466553
299.441467285156 231.118530273438 -16.6062984466553
0 0 1
314.797210693359 202.769515991211 -16.6062984466553
320.496978759766 176.305389404297 -16.6062984466553
316.719055175781 203.195526123047 -16.6062984466553
0 0 1
287.609924316406 198.839660644531 -16.6062984466553
289.832183837891 228.988464355469 -16.6062984466553
281.463958740234 225.789337158203 -16.6062984466553
0 0 1
255.723129272461 226.870071411133 -16.6062984466553
264.745422363281 197.670608520508 -16.6062984466553
264.581390380859 225.557739257813 -16.6062984466553
0 0 1
308.355651855469 231.078216552734 -16.6062984466553
314.371185302734 204.691360473633 -16.6062984466553
316.293060302734 205.117385864258 -16.6062984466553
0 0 1
264.581390380859 226.870071411133 -16.6062984466553
255.723129272461 226.870071411133 -16.6062984466553
264.581390380859 225.557739257813 -16.6062984466553
0 0 1
281.185119628906 227.071701049805 -16.6062984466553
281.463958740234 225.789337158203 -16.6062984466553
289.832183837891 228.988464355469 -16.6062984466553
0 0 1
307.929656982422 233.000076293945 -16.6062984466553
299.441467285156 231.118530273438 -16.6062984466553
308.355651855469 231.078216552734 -16.6062984466553
0 0 1
299.441467285156 231.118530273438 -16.6062984466553
289.832183837891 228.988464355469 -16.6062984466553
287.609924316406 198.839660644531 -16.6062984466553
0 0 1
310.918121337891 231.646240234375 -16.6062984466553
308.355651855469 231.078216552734 -16.6062984466553
316.293060302734 205.117385864258 -16.6062984466553
0 0 1
310.492126464844 233.568084716797 -16.6062984466553
310.918121337891 231.646240234375 -16.6062984466553
318.660003662109 235.378631591797 -16.6062984466553
0 0 1
310.918121337891 231.646240234375 -16.6062984466553
316.293060302734 205.117385864258 -16.6062984466553
318.660003662109 235.378631591797 -16.6062984466553
0 0 1
308.355651855469 231.078216552734 -16.6062984466553
299.441467285156 231.118530273438 -16.6062984466553
314.371185302734 204.691360473633 -16.6062984466553
0 0 1
342.907775878906 211.265380859375 -16.6062984466553
316.293060302734 205.117385864258 -16.6062984466553
316.719055175781 203.195526123047 -16.6062984466553
0 0 1
245.880599975586 226.870071411133 -16.6062984466553
237.022338867188 197.83464050293 -16.6062984466553
255.723129272461 226.870071411133 -16.6062984466553
0 0 1
285.527893066406 198.378143310547 -16.6062984466553
287.609924316406 198.839660644531 -16.6062984466553
281.463958740234 225.789337158203 -16.6062984466553
0 0 1
316.719055175781 203.195526123047 -16.6062984466553
320.496978759766 176.305389404297 -16.6062984466553
323.059448242188 176.873397827148 -16.6062984466553
0 0 1
321.323944091797 172.561111450195 -16.6062984466553
321.064636230469 173.74446105957 -16.6062984466553
297.269073486328 167.290023803711 -16.6062984466553
0 0 1
323.627807617188 174.309371948242 -16.6062984466553
323.628387451172 174.306640625 -16.6062984466553
349.972869873047 180.150833129883 -16.6062984466553
0 0 1
323.059448242188 176.873397827148 -16.6062984466553
323.627807617188 174.309371948242 -16.6062984466553
349.511352539063 182.232833862305 -16.6062984466553
0 0 1
343.440307617188 208.863052368164 -16.6062984466553
316.719055175781 203.195526123047 -16.6062984466553
323.059448242188 176.873397827148 -16.6062984466553
0 0 1
349.972869873047 180.150833129883 -16.6062984466553
349.511352539063 182.232833862305 -16.6062984466553
323.627807617188 174.309371948242 -16.6062984466553
0 0 1
349.972869873047 180.150833129883 -16.6062984466553
323.887786865234 173.122924804688 -16.6062984466553
352.054870605469 180.612335205078 -16.6062984466553
0 0 1
351.593353271484 182.694351196289 -16.6062984466553
352.054870605469 180.612335205078 -16.6062984466553
378.320220947266 186.434494018555 -16.6062984466553
0 0 1
323.059448242188 176.873397827148 -16.6062984466553
349.511352539063 182.232833862305 -16.6062984466553
343.440307617188 208.863052368164 -16.6062984466553
0 0 1
389.045196533203 187.400695800781 -16.6062984466553
352.054870605469 180.612335205078 -16.6062984466553
323.887786865234 173.122924804688 -16.6062984466553
0 0 1
349.972869873047 180.150833129883 -16.6062984466553
323.628387451172 174.306640625 -16.6062984466553
323.887786865234 173.122924804688 -16.6062984466553
0 0 1
345.842620849609 209.395568847656 -16.6062984466553
349.511352539063 182.232833862305 -16.6062984466553
351.593353271484 182.694351196289 -16.6062984466553
0 0 1
343.440307617188 208.863052368164 -16.6062984466553
349.511352539063 182.232833862305 -16.6062984466553
345.842620849609 209.395568847656 -16.6062984466553
0 0 1
337.157043457031 237.966598510742 -16.6062984466553
342.907775878906 211.265380859375 -16.6062984466553
345.310119628906 211.797882080078 -16.6062984466553
0 0 1
371.735595703125 217.655532836914 -16.6062984466553
345.310119628906 211.797882080078 -16.6062984466553
345.842620849609 209.395568847656 -16.6062984466553
0 0 1
371.735595703125 217.655532836914 -16.6062984466553
347.48779296875 241.768798828125 -16.6062984466553
345.310119628906 211.797882080078 -16.6062984466553
0 0 1
345.842620849609 209.395568847656 -16.6062984466553
372.268096923828 215.253219604492 -16.6062984466553
371.735595703125 217.655532836914 -16.6062984466553
0 0 1
342.907775878906 211.265380859375 -16.6062984466553
316.719055175781 203.195526123047 -16.6062984466553
343.440307617188 208.863052368164 -16.6062984466553
0 0 1
380.314666748047 189.564971923828 -16.6062984466553
372.268096923828 215.253219604492 -16.6062984466553
377.752197265625 188.996963500977 -16.6062984466553
0 0 1
345.842620849609 209.395568847656 -16.6062984466553
351.593353271484 182.694351196289 -16.6062984466553
377.752197265625 188.996963500977 -16.6062984466553
0 0 1
380.314666748047 189.564971923828 -16.6062984466553
374.670440673828 215.785736083984 -16.6062984466553
372.268096923828 215.253219604492 -16.6062984466553
0 0 1
374.137908935547 218.188049316406 -16.6062984466553
374.670440673828 215.785736083984 -16.6062984466553
398.129913330078 218.486663818359 -16.6062984466553
0 0 1
377.752197265625 188.996963500977 -16.6062984466553
372.268096923828 215.253219604492 -16.6062984466553
345.842620849609 209.395568847656 -16.6062984466553
0 0 1
351.593353271484 182.694351196289 -16.6062984466553
378.320220947266 186.434494018555 -16.6062984466553
377.752197265625 188.996963500977 -16.6062984466553
0 0 1
365.98486328125 244.35676574707 -16.6062984466553
371.735595703125 217.655532836914 -16.6062984466553
374.137908935547 218.188049316406 -16.6062984466553
0 0 1
318.660003662109 235.378631591797 -16.6062984466553
342.907775878906 211.265380859375 -16.6062984466553
328.269256591797 237.508697509766 -16.6062984466553
0 0 1
378.320220947266 186.434494018555 -16.6062984466553
389.045196533203 187.400695800781 -16.6062984466553
380.882690429688 187.002502441406 -16.6062984466553
0 0 1
389.045196533203 187.400695800781 -16.6062984466553
378.320220947266 186.434494018555 -16.6062984466553
352.054870605469 180.612335205078 -16.6062984466553
0 0 1
399.770355224609 208.232574462891 -16.6062984466553
380.314666748047 189.564971923828 -16.6062984466553
389.045196533203 187.400695800781 -16.6062984466553
0 0 1
389.045196533203 187.400695800781 -16.6062984466553
380.314666748047 189.564971923828 -16.6062984466553
380.882690429688 187.002502441406 -16.6062984466553
0 0 1
398.293975830078 188.713043212891 -16.6062984466553
389.045196533203 187.400695800781 -16.6062984466553
398.293975830078 187.400695800781 -16.6062984466553
0 0 1
398.293975830078 188.713043212891 -16.6062984466553
399.770355224609 208.232574462891 -16.6062984466553
389.045196533203 187.400695800781 -16.6062984466553
0 0 1
400.262481689453 187.400695800781 -16.6062984466553
427.493438720703 187.400695800781 -16.6062984466553
400.262481689453 188.713043212891 -16.6062984466553
0 0 1
427.493438720703 187.400695800781 -16.6062984466553
427.493438720703 189.369201660156 -16.6062984466553
400.262481689453 188.713043212891 -16.6062984466553
0 0 1
409.448822021484 208.232574462891 -16.6062984466553
400.262481689453 188.713043212891 -16.6062984466553
427.493438720703 189.369201660156 -16.6062984466553
0 0 1
399.770355224609 208.232574462891 -16.6062984466553
398.293975830078 188.713043212891 -16.6062984466553
400.262481689453 188.713043212891 -16.6062984466553
0 0 1
429.133850097656 216.026031494141 -16.6062984466553
427.493438720703 189.369201660156 -16.6062984466553
429.133850097656 189.369201660156 -16.6062984466553
0 0 1
399.770355224609 208.232574462891 -16.6062984466553
399.770355224609 216.180191040039 -16.6062984466553
398.129913330078 216.190078735352 -16.6062984466553
0 0 1
399.770355224609 216.190078735352 -16.6062984466553
398.129913330078 216.190078735352 -16.6062984466553
399.770355224609 216.180191040039 -16.6062984466553
0 0 1
398.129913330078 218.486663818359 -16.6062984466553
374.670440673828 215.785736083984 -16.6062984466553
398.129913330078 216.190078735352 -16.6062984466553
0 0 1
398.129913330078 216.190078735352 -16.6062984466553
374.670440673828 215.785736083984 -16.6062984466553
399.770355224609 208.232574462891 -16.6062984466553
0 0 1
427.493438720703 189.369201660156 -16.6062984466553
427.329406738281 216.026031494141 -16.6062984466553
409.448822021484 208.232574462891 -16.6062984466553
0 0 1
427.329406738281 216.026031494141 -16.6062984466553
427.493438720703 189.369201660156 -16.6062984466553
429.133850097656 216.026031494141 -16.6062984466553
0 0 1
409.448822021484 217.010284423828 -16.6062984466553
427.329406738281 216.026031494141 -16.6062984466553
427.329406738281 218.486663818359 -16.6062984466553
0 0 1
409.448822021484 208.232574462891 -16.6062984466553
427.329406738281 216.026031494141 -16.6062984466553
409.448822021484 217.010284423828 -16.6062984466553
0 0 1
400.426513671875 218.486663818359 -16.6062984466553
400.426513671875 217.010284423828 -16.6062984466553
400.600433349609 217.010284423828 -16.6062984466553
0 0 1
400.600433349609 217.010284423828 -16.6062984466553
409.448822021484 217.010284423828 -16.6062984466553
400.426513671875 218.486663818359 -16.6062984466553
0 0 1
399.770355224609 208.232574462891 -16.6062984466553
400.262481689453 188.713043212891 -16.6062984466553
409.448822021484 208.232574462891 -16.6062984466553
0 0 1
374.670440673828 215.785736083984 -16.6062984466553
380.314666748047 189.564971923828 -16.6062984466553
399.770355224609 208.232574462891 -16.6062984466553
0 0 1
374.137908935547 218.188049316406 -16.6062984466553
398.129913330078 218.486663818359 -16.6062984466553
384.842529296875 247.282669067383 -16.6062984466553
0 0 1
328.269256591797 237.508697509766 -16.6062984466553
337.157043457031 237.966598510742 -16.6062984466553
336.837524414063 239.407989501953 -16.6062984466553
0 0 1
328.269256591797 237.508697509766 -16.6062984466553
342.907775878906 211.265380859375 -16.6062984466553
337.157043457031 237.966598510742 -16.6062984466553
0 0 1
338.919525146484 239.869506835938 -16.6062984466553
339.239044189453 238.428115844727 -16.6062984466553
347.48779296875 241.768798828125 -16.6062984466553
0 0 1
365.98486328125 244.35676574707 -16.6062984466553
374.137908935547 218.188049316406 -16.6062984466553
368.066864013672 244.818267822266 -16.6062984466553
0 0 1
347.48779296875 241.768798828125 -16.6062984466553
371.735595703125 217.655532836914 -16.6062984466553
357.097076416016 243.898849487305 -16.6062984466553
0 0 1
365.98486328125 244.35676574707 -16.6062984466553
365.665344238281 245.798156738281 -16.6062984466553
357.097076416016 243.898849487305 -16.6062984466553
0 0 1
368.066864013672 244.818267822266 -16.6062984466553
374.137908935547 218.188049316406 -16.6062984466553
375 247.282669067383 -16.6062984466553
0 0 1
371.735595703125 217.655532836914 -16.6062984466553
365.98486328125 244.35676574707 -16.6062984466553
357.097076416016 243.898849487305 -16.6062984466553
0 0 1
347.48779296875 241.768798828125 -16.6062984466553
339.239044189453 238.428115844727 -16.6062984466553
345.310119628906 211.797882080078 -16.6062984466553
0 0 1
367.747344970703 246.259658813477 -16.6062984466553
368.066864013672 244.818267822266 -16.6062984466553
372.362396240234 247.282669067383 -16.6062984466553
0 0 1
375 247.282669067383 -16.6062984466553
372.362396240234 247.282669067383 -16.6062984466553
368.066864013672 244.818267822266 -16.6062984466553
0 0 1
393.618774414063 247.282669067383 -16.6062984466553
398.129913330078 218.486663818359 -16.6062984466553
398.293975830078 245.799652099609 -16.6062984466553
0 0 1
374.137908935547 218.188049316406 -16.6062984466553
384.842529296875 247.282669067383 -16.6062984466553
375 247.282669067383 -16.6062984466553
0 0 1
398.293975830078 245.799652099609 -16.6062984466553
398.293975830078 247.282669067383 -16.6062984466553
393.618774414063 247.282669067383 -16.6062984466553
0 0 1
398.950134277344 251.461212158203 -16.6062984466553
409.120727539063 261.875762939453 -16.6062984466553
398.950134277344 256.626434326172 -16.6062984466553
0 0 1
398.950134277344 260.891510009766 -16.6062984466553
398.950134277344 256.626434326172 -16.6062984466553
399.934387207031 260.891510009766 -16.6062984466553
0 0 1
400.426513671875 247.932205200195 -16.6062984466553
398.950134277344 251.461212158203 -16.6062984466553
398.950134277344 247.932205200195 -16.6062984466553
0 0 1
384.842529296875 247.282669067383 -16.6062984466553
398.129913330078 218.486663818359 -16.6062984466553
393.618774414063 247.282669067383 -16.6062984466553
0 0 1
337.157043457031 237.966598510742 -16.6062984466553
345.310119628906 211.797882080078 -16.6062984466553
339.239044189453 238.428115844727 -16.6062984466553
0 0 1
400.426513671875 218.486663818359 -16.6062984466553
412.882232666016 235.46501159668 -16.6062984466553
400.426513671875 245.799652099609 -16.6062984466553
0 0 1
412.882232666016 235.46501159668 -16.6062984466553
409.448822021484 217.010284423828 -16.6062984466553
421.587921142578 235.46501159668 -16.6062984466553
0 0 1
412.882232666016 235.46501159668 -16.6062984466553
412.882232666016 246.467300415039 -16.6062984466553
400.426513671875 245.799652099609 -16.6062984466553
0 0 1
400.426513671875 245.799652099609 -16.6062984466553
412.882232666016 246.467300415039 -16.6062984466553
400.426513671875 247.932205200195 -16.6062984466553
0 0 1
400.426513671875 218.486663818359 -16.6062984466553
409.448822021484 217.010284423828 -16.6062984466553
412.882232666016 235.46501159668 -16.6062984466553
0 0 1
427.329406738281 218.486663818359 -16.6062984466553
429.133850097656 218.486663818359 -16.6062984466553
429.133850097656 230.871826171875 -16.6062984466553
0 0 1
409.448822021484 217.010284423828 -16.6062984466553
427.329406738281 218.486663818359 -16.6062984466553
421.587921142578 235.46501159668 -16.6062984466553
0 0 1
421.587921142578 235.46501159668 -16.6062984466553
429.133850097656 230.871826171875 -16.6062984466553
429.133850097656 235.46501159668 -16.6062984466553
0 0 1
429.133850097656 230.871826171875 -16.6062984466553
421.587921142578 235.46501159668 -16.6062984466553
427.329406738281 218.486663818359 -16.6062984466553
0 0 1
412.882232666016 246.467300415039 -16.6062984466553
421.587921142578 246.467300415039 -16.6062984466553
418.963256835938 261.875762939453 -16.6062984466553
0 0 1
398.950134277344 256.626434326172 -16.6062984466553
409.120727539063 261.875762939453 -16.6062984466553
399.934387207031 260.891510009766 -16.6062984466553
0 0 1
400.426513671875 247.932205200195 -16.6062984466553
412.882232666016 246.467300415039 -16.6062984466553
398.950134277344 251.461212158203 -16.6062984466553
0 0 1
399.934387207031 260.891510009766 -16.6062984466553
409.120727539063 261.875762939453 -16.6062984466553
399.934387207031 261.875762939453 -16.6062984466553
0 0 1
409.120727539063 261.875762939453 -16.6062984466553
412.882232666016 246.467300415039 -16.6062984466553
418.963256835938 261.875762939453 -16.6062984466553
0 0 1
412.882232666016 246.467300415039 -16.6062984466553
409.120727539063 261.875762939453 -16.6062984466553
398.950134277344 251.461212158203 -16.6062984466553
0 0 1
427.657470703125 247.932205200195 -16.6062984466553
429.133850097656 247.932205200195 -16.6062984466553
427.985565185547 260.891510009766 -16.6062984466553
0 0 1
427.657470703125 247.932205200195 -16.6062984466553
427.985565185547 260.891510009766 -16.6062984466553
421.587921142578 246.467300415039 -16.6062984466553
0 0 1
429.133850097656 260.891510009766 -16.6062984466553
427.985565185547 260.891510009766 -16.6062984466553
429.133850097656 247.932205200195 -16.6062984466553
0 0 1
427.985565185547 261.875762939453 -16.6062984466553
418.963256835938 261.875762939453 -16.6062984466553
427.985565185547 260.891510009766 -16.6062984466553
0 0 1
418.963256835938 261.875762939453 -16.6062984466553
421.587921142578 246.467300415039 -16.6062984466553
427.985565185547 260.891510009766 -16.6062984466553
0 0 1
421.587921142578 246.467300415039 -16.6062984466553
427.657470703125 246.467300415039 -16.6062984466553
427.657470703125 247.932205200195 -16.6062984466553
0 0 1
400.426513671875 245.799652099609 -16.6062984466553
398.293975830078 245.799652099609 -16.6062984466553
400.426513671875 218.486663818359 -16.6062984466553
0 0 1
398.129913330078 218.486663818359 -16.6062984466553
400.426513671875 218.486663818359 -16.6062984466553
398.293975830078 245.799652099609 -16.6062984466553
0 0 1
427.493438720703 189.369201660156 -24.6062984466553
427.493438720703 187.400695800781 -24.6062984466553
400.262481689453 188.713043212891 -24.6062984466553
0 0 -1
429.133850097656 216.026031494141 -24.6062984466553
429.133850097656 189.369201660156 -24.6062984466553
427.493438720703 189.369201660156 -24.6062984466553
0 0 -1
400.262481689453 188.713043212891 -24.6062984466553
409.448822021484 208.232574462891 -24.6062984466553
427.493438720703 189.369201660156 -24.6062984466553
0 0 -1
427.329406738281 216.026031494141 -24.6062984466553
427.493438720703 189.369201660156 -24.6062984466553
409.448822021484 208.232574462891 -24.6062984466553
0 0 -1
400.262481689453 188.713043212891 -24.6062984466553
427.493438720703 187.400695800781 -24.6062984466553
400.262481689453 187.400695800781 -24.6062984466553
0 0 -1
398.293975830078 187.400695800781 -24.6062984466553
389.045196533203 187.400695800781 -24.6062984466553
398.293975830078 188.713043212891 -24.6062984466553
0 0 -1
400.262481689453 188.713043212891 -24.6062984466553
398.293975830078 188.713043212891 -24.6062984466553
399.770355224609 208.232574462891 -24.6062984466553
0 0 -1
399.770355224609 208.232574462891 -24.6062984466553
398.293975830078 188.713043212891 -24.6062984466553
389.045196533203 187.400695800781 -24.6062984466553
0 0 -1
400.262481689453 188.713043212891 -24.6062984466553
399.770355224609 208.232574462891 -24.6062984466553
409.448822021484 208.232574462891 -24.6062984466553
0 0 -1
399.770355224609 208.232574462891 -24.6062984466553
374.670440673828 215.785736083984 -24.6062984466553
398.129913330078 216.190078735352 -24.6062984466553
0 0 -1
427.329406738281 216.026031494141 -24.6062984466553
429.133850097656 216.026031494141 -24.6062984466553
427.493438720703 189.369201660156 -24.6062984466553
0 0 -1
409.448822021484 217.010284423828 -24.6062984466553
400.600433349609 217.010284423828 -24.6062984466553
400.426513671875 218.486663818359 -24.6062984466553
0 0 -1
400.426513671875 218.486663818359 -24.6062984466553
400.600433349609 217.010284423828 -24.6062984466553
400.426513671875 217.010284423828 -24.6062984466553
0 0 -1
427.329406738281 216.026031494141 -24.6062984466553
409.448822021484 217.010284423828 -24.6062984466553
427.329406738281 218.486663818359 -24.6062984466553
0 0 -1
427.329406738281 216.026031494141 -24.6062984466553
409.448822021484 208.232574462891 -24.6062984466553
409.448822021484 217.010284423828 -24.6062984466553
0 0 -1
400.426513671875 218.486663818359 -24.6062984466553
412.882232666016 235.46501159668 -24.6062984466553
409.448822021484 217.010284423828 -24.6062984466553
0 0 -1
399.770355224609 216.180191040039 -24.6062984466553
398.129913330078 216.190078735352 -24.6062984466553
399.770355224609 216.190078735352 -24.6062984466553
0 0 -1
398.129913330078 216.190078735352 -24.6062984466553
399.770355224609 216.180191040039 -24.6062984466553
399.770355224609 208.232574462891 -24.6062984466553
0 0 -1
398.129913330078 218.486663818359 -24.6062984466553
398.129913330078 216.190078735352 -24.6062984466553
374.670440673828 215.785736083984 -24.6062984466553
0 0 -1
400.426513671875 218.486663818359 -24.6062984466553
398.129913330078 218.486663818359 -24.6062984466553
398.293975830078 245.799652099609 -24.6062984466553
0 0 -1
380.314666748047 189.564971923828 -24.6062984466553
399.770355224609 208.232574462891 -24.6062984466553
389.045196533203 187.400695800781 -24.6062984466553
0 0 -1
323.887786865234 173.122924804688 -24.6062984466553
352.054870605469 180.612335205078 -24.6062984466553
389.045196533203 187.400695800781 -24.6062984466553
0 0 -1
352.054870605469 180.612335205078 -24.6062984466553
351.593353271484 182.694351196289 -24.6062984466553
378.320220947266 186.434494018555 -24.6062984466553
0 0 -1
345.842620849609 209.395568847656 -24.6062984466553
351.593353271484 182.694351196289 -24.6062984466553
349.511352539063 182.232833862305 -24.6062984466553
0 0 -1
378.320220947266 186.434494018555 -24.6062984466553
351.593353271484 182.694351196289 -24.6062984466553
377.752197265625 188.996963500977 -24.6062984466553
0 0 -1
349.972869873047 180.150833129883 -24.6062984466553
323.627807617188 174.309371948242 -24.6062984466553
349.511352539063 182.232833862305 -24.6062984466553
0 0 -1
389.045196533203 187.400695800781 -24.6062984466553
352.054870605469 180.612335205078 -24.6062984466553
378.320220947266 186.434494018555 -24.6062984466553
0 0 -1
323.627807617188 174.309371948242 -24.6062984466553
323.059448242188 176.873397827148 -24.6062984466553
349.511352539063 182.232833862305 -24.6062984466553
0 0 -1
323.627807617188 174.309371948242 -24.6062984466553
349.972869873047 180.150833129883 -24.6062984466553
323.628387451172 174.306640625 -24.6062984466553
0 0 -1
316.719055175781 203.195526123047 -24.6062984466553
343.440307617188 208.863052368164 -24.6062984466553
323.059448242188 176.873397827148 -24.6062984466553
0 0 -1
323.628387451172 174.306640625 -24.6062984466553
349.972869873047 180.150833129883 -24.6062984466553
323.887786865234 173.122924804688 -24.6062984466553
0 0 -1
380.882690429688 187.002502441406 -24.6062984466553
389.045196533203 187.400695800781 -24.6062984466553
378.320220947266 186.434494018555 -24.6062984466553
0 0 -1
343.440307617188 208.863052368164 -24.6062984466553
349.511352539063 182.232833862305 -24.6062984466553
323.059448242188 176.873397827148 -24.6062984466553
0 0 -1
380.314666748047 189.564971923828 -24.6062984466553
372.268096923828 215.253219604492 -24.6062984466553
374.670440673828 215.785736083984 -24.6062984466553
0 0 -1
374.670440673828 215.785736083984 -24.6062984466553
374.137908935547 218.188049316406 -24.6062984466553
398.129913330078 218.486663818359 -24.6062984466553
0 0 -1
374.670440673828 215.785736083984 -24.6062984466553
399.770355224609 208.232574462891 -24.6062984466553
380.314666748047 189.564971923828 -24.6062984466553
0 0 -1
372.268096923828 215.253219604492 -24.6062984466553
380.314666748047 189.564971923828 -24.6062984466553
377.752197265625 188.996963500977 -24.6062984466553
0 0 -1
380.314666748047 189.564971923828 -24.6062984466553
389.045196533203 187.400695800781 -24.6062984466553
380.882690429688 187.002502441406 -24.6062984466553
0 0 -1
345.842620849609 209.395568847656 -24.6062984466553
377.752197265625 188.996963500977 -24.6062984466553
351.593353271484 182.694351196289 -24.6062984466553
0 0 -1
316.719055175781 203.195526123047 -24.6062984466553
342.907775878906 211.265380859375 -24.6062984466553
343.440307617188 208.863052368164 -24.6062984466553
0 0 -1
345.842620849609 209.395568847656 -24.6062984466553
371.735595703125 217.655532836914 -24.6062984466553
372.268096923828 215.253219604492 -24.6062984466553
0 0 -1
371.735595703125 217.655532836914 -24.6062984466553
345.842620849609 209.395568847656 -24.6062984466553
345.310119628906 211.797882080078 -24.6062984466553
0 0 -1
347.48779296875 241.768798828125 -24.6062984466553
371.735595703125 217.655532836914 -24.6062984466553
345.310119628906 211.797882080078 -24.6062984466553
0 0 -1
371.735595703125 217.655532836914 -24.6062984466553
365.98486328125 244.35676574707 -24.6062984466553
374.137908935547 218.188049316406 -24.6062984466553
0 0 -1
345.842620849609 209.395568847656 -24.6062984466553
372.268096923828 215.253219604492 -24.6062984466553
377.752197265625 188.996963500977 -24.6062984466553
0 0 -1
343.440307617188 208.863052368164 -24.6062984466553
345.842620849609 209.395568847656 -24.6062984466553
349.511352539063 182.232833862305 -24.6062984466553
0 0 -1
342.907775878906 211.265380859375 -24.6062984466553
337.157043457031 237.966598510742 -24.6062984466553
345.310119628906 211.797882080078 -24.6062984466553
0 0 -1
342.907775878906 211.265380859375 -24.6062984466553
318.660003662109 235.378631591797 -24.6062984466553
328.269256591797 237.508697509766 -24.6062984466553
0 0 -1
352.054870605469 180.612335205078 -24.6062984466553
323.887786865234 173.122924804688 -24.6062984466553
349.972869873047 180.150833129883 -24.6062984466553
0 0 -1
398.129913330078 218.486663818359 -24.6062984466553
374.137908935547 218.188049316406 -24.6062984466553
384.842529296875 247.282669067383 -24.6062984466553
0 0 -1
429.133850097656 218.486663818359 -24.6062984466553
427.329406738281 218.486663818359 -24.6062984466553
429.133850097656 230.871826171875 -24.6062984466553
0 0 -1
429.133850097656 230.871826171875 -24.6062984466553
421.587921142578 235.46501159668 -24.6062984466553
429.133850097656 235.46501159668 -24.6062984466553
0 0 -1
429.133850097656 230.871826171875 -24.6062984466553
427.329406738281 218.486663818359 -24.6062984466553
421.587921142578 235.46501159668 -24.6062984466553
0 0 -1
421.587921142578 235.46501159668 -24.6062984466553
427.329406738281 218.486663818359 -24.6062984466553
409.448822021484 217.010284423828 -24.6062984466553
0 0 -1
412.882232666016 246.467300415039 -24.6062984466553
412.882232666016 235.46501159668 -24.6062984466553
400.426513671875 245.799652099609 -24.6062984466553
0 0 -1
412.882232666016 246.467300415039 -24.6062984466553
400.426513671875 245.799652099609 -24.6062984466553
400.426513671875 247.932205200195 -24.6062984466553
0 0 -1
421.587921142578 246.467300415039 -24.6062984466553
412.882232666016 246.467300415039 -24.6062984466553
418.963256835938 261.875762939453 -24.6062984466553
0 0 -1
412.882232666016 235.46501159668 -24.6062984466553
400.426513671875 218.486663818359 -24.6062984466553
400.426513671875 245.799652099609 -24.6062984466553
0 0 -1
409.448822021484 217.010284423828 -24.6062984466553
412.882232666016 235.46501159668 -24.6062984466553
421.587921142578 235.46501159668 -24.6062984466553
0 0 -1
427.657470703125 246.467300415039 -24.6062984466553
421.587921142578 246.467300415039 -24.6062984466553
427.657470703125 247.932205200195 -24.6062984466553
0 0 -1
429.133850097656 247.932205200195 -24.6062984466553
427.657470703125 247.932205200195 -24.6062984466553
427.985565185547 260.891510009766 -24.6062984466553
0 0 -1
427.985565185547 260.891510009766 -24.6062984466553
429.133850097656 260.891510009766 -24.6062984466553
429.133850097656 247.932205200195 -24.6062984466553
0 0 -1
418.963256835938 261.875762939453 -24.6062984466553
427.985565185547 261.875762939453 -24.6062984466553
427.985565185547 260.891510009766 -24.6062984466553
0 0 -1
427.657470703125 247.932205200195 -24.6062984466553
421.587921142578 246.467300415039 -24.6062984466553
427.985565185547 260.891510009766 -24.6062984466553
0 0 -1
409.120727539063 261.875762939453 -24.6062984466553
398.950134277344 256.626434326172 -24.6062984466553
399.934387207031 260.891510009766 -24.6062984466553
0 0 -1
412.882232666016 246.467300415039 -24.6062984466553
400.426513671875 247.932205200195 -24.6062984466553
398.950134277344 251.461212158203 -24.6062984466553
0 0 -1
427.985565185547 260.891510009766 -24.6062984466553
421.587921142578 246.467300415039 -24.6062984466553
418.963256835938 261.875762939453 -24.6062984466553
0 0 -1
409.120727539063 261.875762939453 -24.6062984466553
399.934387207031 260.891510009766 -24.6062984466553
399.934387207031 261.875762939453 -24.6062984466553
0 0 -1
412.882232666016 246.467300415039 -24.6062984466553
409.120727539063 261.875762939453 -24.6062984466553
418.963256835938 261.875762939453 -24.6062984466553
0 0 -1
412.882232666016 246.467300415039 -24.6062984466553
398.950134277344 251.461212158203 -24.6062984466553
409.120727539063 261.875762939453 -24.6062984466553
0 0 -1
347.48779296875 241.768798828125 -24.6062984466553
357.097076416016 243.898849487305 -24.6062984466553
371.735595703125 217.655532836914 -24.6062984466553
0 0 -1
368.066864013672 244.818267822266 -24.6062984466553
375 247.282669067383 -24.6062984466553
374.137908935547 218.188049316406 -24.6062984466553
0 0 -1
365.665344238281 245.798156738281 -24.6062984466553
365.98486328125 244.35676574707 -24.6062984466553
357.097076416016 243.898849487305 -24.6062984466553
0 0 -1
357.097076416016 243.898849487305 -24.6062984466553
365.98486328125 244.35676574707 -24.6062984466553
371.735595703125 217.655532836914 -24.6062984466553
0 0 -1
337.157043457031 237.966598510742 -24.6062984466553
328.269256591797 237.508697509766 -24.6062984466553
336.837524414063 239.407989501953 -24.6062984466553
0 0 -1
339.239044189453 238.428115844727 -24.6062984466553
345.310119628906 211.797882080078 -24.6062984466553
337.157043457031 237.966598510742 -24.6062984466553
0 0 -1
339.239044189453 238.428115844727 -24.6062984466553
338.919525146484 239.869506835938 -24.6062984466553
347.48779296875 241.768798828125 -24.6062984466553
0 0 -1
368.066864013672 244.818267822266 -24.6062984466553
374.137908935547 218.188049316406 -24.6062984466553
365.98486328125 244.35676574707 -24.6062984466553
0 0 -1
384.842529296875 247.282669067383 -24.6062984466553
393.618774414063 247.282669067383 -24.6062984466553
398.129913330078 218.486663818359 -24.6062984466553
0 0 -1
398.950134277344 256.626434326172 -24.6062984466553
398.950134277344 260.891510009766 -24.6062984466553
399.934387207031 260.891510009766 -24.6062984466553
0 0 -1
409.120727539063 261.875762939453 -24.6062984466553
398.950134277344 251.461212158203 -24.6062984466553
398.950134277344 256.626434326172 -24.6062984466553
0 0 -1
400.426513671875 247.932205200195 -24.6062984466553
398.950134277344 247.932205200195 -24.6062984466553
398.950134277344 251.461212158203 -24.6062984466553
0 0 -1
398.293975830078 245.799652099609 -24.6062984466553
400.426513671875 245.799652099609 -24.6062984466553
400.426513671875 218.486663818359 -24.6062984466553
0 0 -1
367.747344970703 246.259658813477 -24.6062984466553
372.362396240234 247.282669067383 -24.6062984466553
368.066864013672 244.818267822266 -24.6062984466553
0 0 -1
368.066864013672 244.818267822266 -24.6062984466553
372.362396240234 247.282669067383 -24.6062984466553
375 247.282669067383 -24.6062984466553
0 0 -1
398.129913330078 218.486663818359 -24.6062984466553
393.618774414063 247.282669067383 -24.6062984466553
398.293975830078 245.799652099609 -24.6062984466553
0 0 -1
375 247.282669067383 -24.6062984466553
384.842529296875 247.282669067383 -24.6062984466553
374.137908935547 218.188049316406 -24.6062984466553
0 0 -1
398.293975830078 245.799652099609 -24.6062984466553
393.618774414063 247.282669067383 -24.6062984466553
398.293975830078 247.282669067383 -24.6062984466553
0 0 -1
347.48779296875 241.768798828125 -24.6062984466553
345.310119628906 211.797882080078 -24.6062984466553
339.239044189453 238.428115844727 -24.6062984466553
0 0 -1
342.907775878906 211.265380859375 -24.6062984466553
328.269256591797 237.508697509766 -24.6062984466553
337.157043457031 237.966598510742 -24.6062984466553
0 0 -1
294.435394287109 167.290023803711 -24.6062984466553
294.319183349609 167.814254760742 -24.6062984466553
297.269073486328 167.290023803711 -24.6062984466553
0 0 -1
266.549896240234 167.290023803711 -24.6062984466553
266.549896240234 168.143051147461 -24.6062984466553
291.971313476563 169.310104370117 -24.6062984466553
0 0 -1
297.269073486328 167.290023803711 -24.6062984466553
294.319183349609 167.814254760742 -24.6062984466553
293.893157958984 169.736114501953 -24.6062984466553
0 0 -1
291.971313476563 169.310104370117 -24.6062984466553
292.419097900391 167.290023803711 -24.6062984466553
266.549896240234 167.290023803711 -24.6062984466553
0 0 -1
264.581390380859 167.486877441406 -24.6062984466553
256.543334960938 167.486877441406 -24.6062984466553
264.581390380859 168.143051147461 -24.6062984466553
0 0 -1
264.581390380859 168.143051147461 -24.6062984466553
256.543334960938 167.486877441406 -24.6062984466553
256.543334960938 169.127304077148 -24.6062984466553
0 0 -1
266.549896240234 168.143051147461 -24.6062984466553
264.581390380859 168.143051147461 -24.6062984466553
264.745422363281 195.702102661133 -24.6062984466553
0 0 -1
256.543334960938 169.127304077148 -24.6062984466553
264.745422363281 195.702102661133 -24.6062984466553
264.581390380859 168.143051147461 -24.6062984466553
0 0 -1
288.071411132813 196.75764465332 -24.6062984466553
293.893157958984 169.736114501953 -24.6062984466553
285.989410400391 196.296127319336 -24.6062984466553
0 0 -1
320.496978759766 176.305389404297 -24.6062984466553
297.269073486328 167.290023803711 -24.6062984466553
293.893157958984 169.736114501953 -24.6062984466553
0 0 -1
320.496978759766 176.305389404297 -24.6062984466553
321.064636230469 173.74446105957 -24.6062984466553
297.269073486328 167.290023803711 -24.6062984466553
0 0 -1
320.496978759766 176.305389404297 -24.6062984466553
293.893157958984 169.736114501953 -24.6062984466553
288.071411132813 196.75764465332 -24.6062984466553
0 0 -1
320.496978759766 176.305389404297 -24.6062984466553
288.071411132813 196.75764465332 -24.6062984466553
314.797210693359 202.769515991211 -24.6062984466553
0 0 -1
316.719055175781 203.195526123047 -24.6062984466553
323.059448242188 176.873397827148 -24.6062984466553
320.496978759766 176.305389404297 -24.6062984466553
0 0 -1
293.893157958984 169.736114501953 -24.6062984466553
291.971313476563 169.310104370117 -24.6062984466553
285.989410400391 196.296127319336 -24.6062984466553
0 0 -1
285.989410400391 196.296127319336 -24.6062984466553
266.549896240234 168.143051147461 -24.6062984466553
266.713928222656 195.702102661133 -24.6062984466553
0 0 -1
285.989410400391 196.296127319336 -24.6062984466553
266.713928222656 195.702102661133 -24.6062984466553
285.527893066406 198.378143310547 -24.6062984466553
0 0 -1
266.549896240234 225.557739257813 -24.6062984466553
266.713928222656 197.670608520508 -24.6062984466553
264.745422363281 197.670608520508 -24.6062984466553
0 0 -1
264.745422363281 197.670608520508 -24.6062984466553
264.745422363281 195.702102661133 -24.6062984466553
237.022338867188 195.866134643555 -24.6062984466553
0 0 -1
285.989410400391 196.296127319336 -24.6062984466553
291.971313476563 169.310104370117 -24.6062984466553
266.549896240234 168.143051147461 -24.6062984466553
0 0 -1
266.549896240234 168.143051147461 -24.6062984466553
264.745422363281 195.702102661133 -24.6062984466553
266.713928222656 195.702102661133 -24.6062984466553
0 0 -1
266.713928222656 197.670608520508 -24.6062984466553
285.527893066406 198.378143310547 -24.6062984466553
266.713928222656 195.702102661133 -24.6062984466553
0 0 -1
264.745422363281 195.702102661133 -24.6062984466553
256.543334960938 169.127304077148 -24.6062984466553
237.022338867188 195.866134643555 -24.6062984466553
0 0 -1
297.269073486328 167.290023803711 -24.6062984466553
321.064636230469 173.74446105957 -24.6062984466553
321.323944091797 172.561111450195 -24.6062984466553
0 0 -1
205.526275634766 195.866134643555 -24.6062984466553
207.658813476563 169.127304077148 -24.6062984466553
205.362228393555 169.127304077148 -24.6062984466553
0 0 -1
235.053833007813 195.866134643555 -24.6062984466553
237.186370849609 169.127304077148 -24.6062984466553
234.889785766602 169.127304077148 -24.6062984466553
0 0 -1
207.658813476563 169.127304077148 -24.6062984466553
207.494781494141 195.866134643555 -24.6062984466553
234.889785766602 169.127304077148 -24.6062984466553
0 0 -1
178.458465576172 195.537185668945 -24.6062984466553
176.490844726563 187.997360229492 -24.6062984466553
176.490844726563 195.537185668945 -24.6062984466553
0 0 -1
176.490844726563 187.997360229492 -24.6062984466553
205.526275634766 195.866134643555 -24.6062984466553
176.490844726563 186.01838684082 -24.6062984466553
0 0 -1
176.490844726563 169.127304077148 -24.6062984466553
176.490844726563 176.175872802734 -24.6062984466553
205.362228393555 169.127304077148 -24.6062984466553
0 0 -1
205.362228393555 169.127304077148 -24.6062984466553
176.490844726563 186.01838684082 -24.6062984466553
205.526275634766 195.866134643555 -24.6062984466553
0 0 -1
176.490844726563 178.154846191406 -24.6062984466553
176.490844726563 186.01838684082 -24.6062984466553
205.362228393555 169.127304077148 -24.6062984466553
0 0 -1
176.490844726563 176.175872802734 -24.6062984466553
176.490844726563 178.154846191406 -24.6062984466553
205.362228393555 169.127304077148 -24.6062984466553
0 0 -1
237.022338867188 195.866134643555 -24.6062984466553
237.186370849609 169.127304077148 -24.6062984466553
235.053833007813 195.866134643555 -24.6062984466553
0 0 -1
235.053833007813 197.83464050293 -24.6062984466553
234.72575378418 224.573486328125 -24.6062984466553
237.022338867188 197.83464050293 -24.6062984466553
0 0 -1
207.494781494141 197.83464050293 -24.6062984466553
235.053833007813 197.83464050293 -24.6062984466553
235.053833007813 195.866134643555 -24.6062984466553
0 0 -1
207.494781494141 197.83464050293 -24.6062984466553
226.195556640625 226.870071411133 -24.6062984466553
235.053833007813 197.83464050293 -24.6062984466553
0 0 -1
235.053833007813 195.866134643555 -24.6062984466553
207.494781494141 195.866134643555 -24.6062984466553
207.494781494141 197.83464050293 -24.6062984466553
0 0 -1
237.022338867188 197.83464050293 -24.6062984466553
264.745422363281 197.670608520508 -24.6062984466553
237.022338867188 195.866134643555 -24.6062984466553
0 0 -1
207.658813476563 169.127304077148 -24.6062984466553
205.526275634766 195.866134643555 -24.6062984466553
207.494781494141 195.866134643555 -24.6062984466553
0 0 -1
207.494781494141 195.866134643555 -24.6062984466553
235.053833007813 195.866134643555 -24.6062984466553
234.889785766602 169.127304077148 -24.6062984466553
0 0 -1
205.526275634766 195.866134643555 -24.6062984466553
178.458465576172 195.537185668945 -24.6062984466553
178.458465576172 198.161849975586 -24.6062984466553
0 0 -1
205.526275634766 195.866134643555 -24.6062984466553
178.458465576172 198.161849975586 -24.6062984466553
205.526275634766 197.83464050293 -24.6062984466553
0 0 -1
178.458465576172 198.161849975586 -24.6062984466553
176.490844726563 198.161849975586 -24.6062984466553
176.490844726563 205.703430175781 -24.6062984466553
0 0 -1
207.494781494141 197.83464050293 -24.6062984466553
205.526275634766 197.83464050293 -24.6062984466553
205.198181152344 224.573486328125 -24.6062984466553
0 0 -1
205.526275634766 195.866134643555 -24.6062984466553
176.490844726563 187.997360229492 -24.6062984466553
178.458465576172 195.537185668945 -24.6062984466553
0 0 -1
255.723129272461 226.870071411133 -24.6062984466553
264.745422363281 197.670608520508 -24.6062984466553
237.022338867188 197.83464050293 -24.6062984466553
0 0 -1
237.022338867188 195.866134643555 -24.6062984466553
256.543334960938 169.127304077148 -24.6062984466553
237.186370849609 169.127304077148 -24.6062984466553
0 0 -1
176.490844726563 205.703430175781 -24.6062984466553
205.526275634766 197.83464050293 -24.6062984466553
178.458465576172 198.161849975586 -24.6062984466553
0 0 -1
314.797210693359 202.769515991211 -24.6062984466553
287.609924316406 198.839660644531 -24.6062984466553
314.371185302734 204.691360473633 -24.6062984466553
0 0 -1
314.797210693359 202.769515991211 -24.6062984466553
288.071411132813 196.75764465332 -24.6062984466553
287.609924316406 198.839660644531 -24.6062984466553
0 0 -1
314.371185302734 204.691360473633 -24.6062984466553
308.355651855469 231.078216552734 -24.6062984466553
316.293060302734 205.117385864258 -24.6062984466553
0 0 -1
316.293060302734 205.117385864258 -24.6062984466553
318.660003662109 235.378631591797 -24.6062984466553
342.907775878906 211.265380859375 -24.6062984466553
0 0 -1
299.441467285156 231.118530273438 -24.6062984466553
314.371185302734 204.691360473633 -24.6062984466553
287.609924316406 198.839660644531 -24.6062984466553
0 0 -1
314.797210693359 202.769515991211 -24.6062984466553
316.719055175781 203.195526123047 -24.6062984466553
320.496978759766 176.305389404297 -24.6062984466553
0 0 -1
285.527893066406 198.378143310547 -24.6062984466553
279.540405273438 225.37109375 -24.6062984466553
281.463958740234 225.789337158203 -24.6062984466553
0 0 -1
285.527893066406 198.378143310547 -24.6062984466553
266.713928222656 197.670608520508 -24.6062984466553
279.540405273438 225.37109375 -24.6062984466553
0 0 -1
266.549896240234 225.557739257813 -24.6062984466553
279.214477539063 226.870071411133 -24.6062984466553
279.540405273438 225.37109375 -24.6062984466553
0 0 -1
279.540405273438 225.37109375 -24.6062984466553
266.713928222656 197.670608520508 -24.6062984466553
266.549896240234 225.557739257813 -24.6062984466553
0 0 -1
264.581390380859 225.557739257813 -24.6062984466553
266.549896240234 225.557739257813 -24.6062984466553
264.745422363281 197.670608520508 -24.6062984466553
0 0 -1
285.527893066406 198.378143310547 -24.6062984466553
281.463958740234 225.789337158203 -24.6062984466553
287.609924316406 198.839660644531 -24.6062984466553
0 0 -1
281.463958740234 225.789337158203 -24.6062984466553
289.832183837891 228.988464355469 -24.6062984466553
287.609924316406 198.839660644531 -24.6062984466553
0 0 -1
308.355651855469 231.078216552734 -24.6062984466553
310.918121337891 231.646240234375 -24.6062984466553
316.293060302734 205.117385864258 -24.6062984466553
0 0 -1
310.918121337891 231.646240234375 -24.6062984466553
310.492126464844 233.568084716797 -24.6062984466553
318.660003662109 235.378631591797 -24.6062984466553
0 0 -1
308.355651855469 231.078216552734 -24.6062984466553
299.441467285156 231.118530273438 -24.6062984466553
307.929656982422 233.000076293945 -24.6062984466553
0 0 -1
310.918121337891 231.646240234375 -24.6062984466553
318.660003662109 235.378631591797 -24.6062984466553
316.293060302734 205.117385864258 -24.6062984466553
0 0 -1
266.549896240234 225.557739257813 -24.6062984466553
266.549896240234 226.870071411133 -24.6062984466553
279.214477539063 226.870071411133 -24.6062984466553
0 0 -1
299.441467285156 231.118530273438 -24.6062984466553
308.355651855469 231.078216552734 -24.6062984466553
314.371185302734 204.691360473633 -24.6062984466553
0 0 -1
299.441467285156 231.118530273438 -24.6062984466553
287.609924316406 198.839660644531 -24.6062984466553
289.832183837891 228.988464355469 -24.6062984466553
0 0 -1
281.463958740234 225.789337158203 -24.6062984466553
281.185119628906 227.071701049805 -24.6062984466553
289.832183837891 228.988464355469 -24.6062984466553
0 0 -1
264.581390380859 225.557739257813 -24.6062984466553
255.723129272461 226.870071411133 -24.6062984466553
264.581390380859 226.870071411133 -24.6062984466553
0 0 -1
342.907775878906 211.265380859375 -24.6062984466553
316.719055175781 203.195526123047 -24.6062984466553
316.293060302734 205.117385864258 -24.6062984466553
0 0 -1
207.822860717773 224.573486328125 -24.6062984466553
216.305236816406 226.870071411133 -24.6062984466553
207.494781494141 197.83464050293 -24.6062984466553
0 0 -1
205.198181152344 224.573486328125 -24.6062984466553
207.822860717773 224.573486328125 -24.6062984466553
207.494781494141 197.83464050293 -24.6062984466553
0 0 -1
176.490844726563 215.545944213867 -24.6062984466553
176.490844726563 217.524917602539 -24.6062984466553
186.825485229492 226.870071411133 -24.6062984466553
0 0 -1
235.053833007813 197.83464050293 -24.6062984466553
226.195556640625 226.870071411133 -24.6062984466553
234.72575378418 224.573486328125 -24.6062984466553
0 0 -1
245.880599975586 226.870071411133 -24.6062984466553
237.022338867188 197.83464050293 -24.6062984466553
237.35041809082 224.573486328125 -24.6062984466553
0 0 -1
186.825485229492 226.870071411133 -24.6062984466553
176.490844726563 217.524917602539 -24.6062984466553
177.803176879883 225.557739257813 -24.6062984466553
0 0 -1
196.667999267578 226.870071411133 -24.6062984466553
205.526275634766 197.83464050293 -24.6062984466553
176.490844726563 207.682403564453 -24.6062984466553
0 0 -1
176.490844726563 217.524917602539 -24.6062984466553
176.490844726563 225.557739257813 -24.6062984466553
177.803176879883 225.557739257813 -24.6062984466553
0 0 -1
196.667999267578 226.870071411133 -24.6062984466553
176.490844726563 207.682403564453 -24.6062984466553
176.490844726563 215.545944213867 -24.6062984466553
0 0 -1
205.526275634766 197.83464050293 -24.6062984466553
196.667999267578 226.870071411133 -24.6062984466553
205.198181152344 224.573486328125 -24.6062984466553
0 0 -1
245.880599975586 226.870071411133 -24.6062984466553
255.723129272461 226.870071411133 -24.6062984466553
237.022338867188 197.83464050293 -24.6062984466553
0 0 -1
255.723129272461 226.870071411133 -24.6062984466553
264.581390380859 225.557739257813 -24.6062984466553
264.745422363281 197.670608520508 -24.6062984466553
0 0 -1
237.35041809082 226.870071411133 -24.6062984466553
245.880599975586 226.870071411133 -24.6062984466553
237.35041809082 224.573486328125 -24.6062984466553
0 0 -1
226.195556640625 226.870071411133 -24.6062984466553
234.72575378418 226.870071411133 -24.6062984466553
234.72575378418 224.573486328125 -24.6062984466553
0 0 -1
226.195556640625 226.870071411133 -24.6062984466553
207.494781494141 197.83464050293 -24.6062984466553
216.305236816406 226.870071411133 -24.6062984466553
0 0 -1
207.822860717773 226.870071411133 -24.6062984466553
216.305236816406 226.870071411133 -24.6062984466553
207.822860717773 224.573486328125 -24.6062984466553
0 0 -1
196.667999267578 226.870071411133 -24.6062984466553
205.198181152344 226.870071411133 -24.6062984466553
205.198181152344 224.573486328125 -24.6062984466553
0 0 -1
186.825485229492 226.870071411133 -24.6062984466553
196.667999267578 226.870071411133 -24.6062984466553
176.490844726563 215.545944213867 -24.6062984466553
0 0 -1
177.803176879883 225.557739257813 -24.6062984466553
177.803176879883 226.870071411133 -24.6062984466553
186.825485229492 226.870071411133 -24.6062984466553
0 0 -1
234.72575378418 224.573486328125 -24.6062984466553
237.35041809082 224.573486328125 -24.6062984466553
237.022338867188 197.83464050293 -24.6062984466553
0 0 -1
205.526275634766 197.83464050293 -24.6062984466553
176.490844726563 205.703430175781 -24.6062984466553
176.490844726563 207.682403564453 -24.6062984466553
0 0 -1
264.581390380859 167.486877441406 -16.6062984466553
256.543334960938 167.486877441406 -16.6062984466553
264.581390380859 167.486877441406 -24.6062984466553
2.71778416765075E-14 -1 0
256.543334960938 167.486877441406 -24.6062984466553
264.581390380859 167.486877441406 -24.6062984466553
256.543334960938 167.486877441406 -16.6062984466553
2.71778416765075E-14 -1 0
264.581390380859 168.143051147461 -16.6062984466553
264.581390380859 167.486877441406 -16.6062984466553
264.581390380859 168.143051147461 -24.6062984466553
1 0 0
264.581390380859 167.486877441406 -24.6062984466553
264.581390380859 168.143051147461 -24.6062984466553
264.581390380859 167.486877441406 -16.6062984466553
1 0 0
266.549896240234 168.143051147461 -16.6062984466553
264.581390380859 168.143051147461 -16.6062984466553
266.549896240234 168.143051147461 -24.6062984466553
0 -1 0
264.581390380859 168.143051147461 -24.6062984466553
266.549896240234 168.143051147461 -24.6062984466553
264.581390380859 168.143051147461 -16.6062984466553
0 -1 0
266.549896240234 167.290023803711 -16.6062984466553
266.549896240234 168.143051147461 -16.6062984466553
266.549896240234 168.143051147461 -24.6062984466553
-1 0 0
266.549896240234 168.143051147461 -24.6062984466553
266.549896240234 167.290023803711 -24.6062984466553
266.549896240234 167.290023803711 -16.6062984466553
-1 0 0
292.419097900391 167.290023803711 -16.6062984466553
266.549896240234 167.290023803711 -16.6062984466553
266.549896240234 167.290023803711 -24.6062984466553
0 -1 0
266.549896240234 167.290023803711 -24.6062984466553
292.419097900391 167.290023803711 -24.6062984466553
292.419097900391 167.290023803711 -16.6062984466553
0 -1 0
291.971313476563 169.310104370117 -16.6062984466553
292.419097900391 167.290023803711 -16.6062984466553
291.971313476563 169.310104370117 -24.6062984466553
0.976301782383482 0.216413561762743 0
292.419097900391 167.290023803711 -24.6062984466553
291.971313476563 169.310104370117 -24.6062984466553
292.419097900391 167.290023803711 -16.6062984466553
0.976301782383482 0.216413561762743 0
293.893157958984 169.736114501953 -16.6062984466553
291.971313476563 169.310104370117 -16.6062984466553
293.893157958984 169.736114501953 -24.6062984466553
0.216413561762749 -0.97630178238348 0
291.971313476563 169.310104370117 -24.6062984466553
293.893157958984 169.736114501953 -24.6062984466553
291.971313476563 169.310104370117 -16.6062984466553
0.216413561762749 -0.97630178238348 0
294.319183349609 167.814254760742 -16.6062984466553
293.893157958984 169.736114501953 -16.6062984466553
294.319183349609 167.814254760742 -24.6062984466553
-0.976301782383482 -0.216413561762743 0
293.893157958984 169.736114501953 -24.6062984466553
294.319183349609 167.814254760742 -24.6062984466553
293.893157958984 169.736114501953 -16.6062984466553
-0.976301782383482 -0.216413561762743 0
294.435394287109 167.290023803711 -16.6062984466553
294.319183349609 167.814254760742 -16.6062984466553
294.319183349609 167.814254760742 -24.6062984466553
-0.976301782383714 -0.216413561761697 0
294.319183349609 167.814254760742 -24.6062984466553
294.435394287109 167.290023803711 -24.6062984466553
294.435394287109 167.290023803711 -16.6062984466553
-0.976301782383714 -0.216413561761697 0
297.269073486328 167.290023803711 -16.6062984466553
294.435394287109 167.290023803711 -16.6062984466553
297.269073486328 167.290023803711 -24.6062984466553
0 -1 0
294.435394287109 167.290023803711 -24.6062984466553
297.269073486328 167.290023803711 -24.6062984466553
294.435394287109 167.290023803711 -16.6062984466553
0 -1 0
321.323944091797 172.561111450195 -16.6062984466553
297.269073486328 167.290023803711 -16.6062984466553
297.269073486328 167.290023803711 -24.6062984466553
0.214048801631199 -0.976822967850494 0
297.269073486328 167.290023803711 -24.6062984466553
321.323944091797 172.561111450195 -24.6062984466553
321.323944091797 172.561111450195 -16.6062984466553
0.214048801631199 -0.976822967850494 0
321.064636230469 173.74446105957 -16.6062984466553
321.323944091797 172.561111450195 -16.6062984466553
321.323944091797 172.561111450195 -24.6062984466553
0.976822967850488 0.214048801631227 0
321.323944091797 172.561111450195 -24.6062984466553
321.064636230469 173.74446105957 -24.6062984466553
321.064636230469 173.74446105957 -16.6062984466553
0.976822967850488 0.214048801631227 0
320.496978759766 176.305389404297 -16.6062984466553
321.064636230469 173.74446105957 -16.6062984466553
321.064636230469 173.74446105957 -24.6062984466553
0.976301782383805 0.216413561761284 0
321.064636230469 173.74446105957 -24.6062984466553
320.496978759766 176.305389404297 -24.6062984466553
320.496978759766 176.305389404297 -16.6062984466553
0.976301782383805 0.216413561761284 0
323.059448242188 176.873397827148 -16.6062984466553
320.496978759766 176.305389404297 -16.6062984466553
320.496978759766 176.305389404297 -24.6062984466553
0.216413561761268 -0.976301782383809 0
320.496978759766 176.305389404297 -24.6062984466553
323.059448242188 176.873397827148 -24.6062984466553
323.059448242188 176.873397827148 -16.6062984466553
0.216413561761268 -0.976301782383809 0
323.627807617188 174.309371948242 -16.6062984466553
323.059448242188 176.873397827148 -16.6062984466553
323.627807617188 174.309371948242 -24.6062984466553
-0.976301782383805 -0.216413561761284 0
323.059448242188 176.873397827148 -24.6062984466553
323.627807617188 174.309371948242 -24.6062984466553
323.059448242188 176.873397827148 -16.6062984466553
-0.976301782383805 -0.216413561761284 0
323.628387451172 174.306640625 -16.6062984466553
323.627807617188 174.309371948242 -16.6062984466553
323.627807617188 174.309371948242 -24.6062984466553
-0.976822967854115 -0.214048801614674 0
323.627807617188 174.309371948242 -24.6062984466553
323.628387451172 174.306640625 -24.6062984466553
323.628387451172 174.306640625 -16.6062984466553
-0.976822967854115 -0.214048801614674 0
323.887786865234 173.122924804688 -16.6062984466553
323.628387451172 174.306640625 -16.6062984466553
323.887786865234 173.122924804688 -24.6062984466553
-0.976822967850488 -0.214048801631227 0
323.628387451172 174.306640625 -24.6062984466553
323.887786865234 173.122924804688 -24.6062984466553
323.628387451172 174.306640625 -16.6062984466553
-0.976822967850488 -0.214048801631227 0
389.045196533203 187.400695800781 -16.6062984466553
323.887786865234 173.122924804688 -16.6062984466553
323.887786865234 173.122924804688 -24.6062984466553
0.214048801631199 -0.976822967850494 0
323.887786865234 173.122924804688 -24.6062984466553
389.045196533203 187.400695800781 -24.6062984466553
389.045196533203 187.400695800781 -16.6062984466553
0.214048801631199 -0.976822967850494 0
398.293975830078 187.400695800781 -16.6062984466553
389.045196533203 187.400695800781 -16.6062984466553
389.045196533203 187.400695800781 -24.6062984466553
0 -1 0
389.045196533203 187.400695800781 -24.6062984466553
398.293975830078 187.400695800781 -24.6062984466553
398.293975830078 187.400695800781 -16.6062984466553
0 -1 0
398.293975830078 188.713043212891 -16.6062984466553
398.293975830078 187.400695800781 -16.6062984466553
398.293975830078 187.400695800781 -24.6062984466553
1 0 0
398.293975830078 187.400695800781 -24.6062984466553
398.293975830078 188.713043212891 -24.6062984466553
398.293975830078 188.713043212891 -16.6062984466553
1 0 0
400.262481689453 188.713043212891 -16.6062984466553
398.293975830078 188.713043212891 -16.6062984466553
400.262481689453 188.713043212891 -24.6062984466553
0 -1 0
398.293975830078 188.713043212891 -24.6062984466553
400.262481689453 188.713043212891 -24.6062984466553
398.293975830078 188.713043212891 -16.6062984466553
0 -1 0
400.262481689453 187.400695800781 -16.6062984466553
400.262481689453 188.713043212891 -16.6062984466553
400.262481689453 188.713043212891 -24.6062984466553
-1 0 0
400.262481689453 188.713043212891 -24.6062984466553
400.262481689453 187.400695800781 -24.6062984466553
400.262481689453 187.400695800781 -16.6062984466553
-1 0 0
427.493438720703 187.400695800781 -16.6062984466553
400.262481689453 187.400695800781 -16.6062984466553
400.262481689453 187.400695800781 -24.6062984466553
0 -1 0
400.262481689453 187.400695800781 -24.6062984466553
427.493438720703 187.400695800781 -24.6062984466553
427.493438720703 187.400695800781 -16.6062984466553
0 -1 0
427.493438720703 189.369201660156 -16.6062984466553
427.493438720703 187.400695800781 -16.6062984466553
427.493438720703 187.400695800781 -24.6062984466553
1 0 0
427.493438720703 187.400695800781 -24.6062984466553
427.493438720703 189.369201660156 -24.6062984466553
427.493438720703 189.369201660156 -16.6062984466553
1 0 0
429.133850097656 189.369201660156 -16.6062984466553
427.493438720703 189.369201660156 -16.6062984466553
429.133850097656 189.369201660156 -24.6062984466553
0 -1 0
427.493438720703 189.369201660156 -24.6062984466553
429.133850097656 189.369201660156 -24.6062984466553
427.493438720703 189.369201660156 -16.6062984466553
0 -1 0
429.133850097656 216.026031494141 -16.6062984466553
429.133850097656 189.369201660156 -16.6062984466553
429.133850097656 189.369201660156 -24.6062984466553
1 0 0
429.133850097656 189.369201660156 -24.6062984466553
429.133850097656 216.026031494141 -24.6062984466553
429.133850097656 216.026031494141 -16.6062984466553
1 0 0
427.329406738281 216.026031494141 -16.6062984466553
429.133850097656 216.026031494141 -16.6062984466553
427.329406738281 216.026031494141 -24.6062984466553
0 1 0
429.133850097656 216.026031494141 -24.6062984466553
427.329406738281 216.026031494141 -24.6062984466553
429.133850097656 216.026031494141 -16.6062984466553
0 1 0
427.329406738281 218.486663818359 -16.6062984466553
427.329406738281 216.026031494141 -16.6062984466553
427.329406738281 218.486663818359 -24.6062984466553
1 0 0
427.329406738281 216.026031494141 -24.6062984466553
427.329406738281 218.486663818359 -24.6062984466553
427.329406738281 216.026031494141 -16.6062984466553
1 0 0
429.133850097656 218.486663818359 -16.6062984466553
427.329406738281 218.486663818359 -16.6062984466553
427.329406738281 218.486663818359 -24.6062984466553
0 -1 0
427.329406738281 218.486663818359 -24.6062984466553
429.133850097656 218.486663818359 -24.6062984466553
429.133850097656 218.486663818359 -16.6062984466553
0 -1 0
429.133850097656 230.871826171875 -16.6062984466553
429.133850097656 218.486663818359 -16.6062984466553
429.133850097656 230.871826171875 -24.6062984466553
1 0 0
429.133850097656 218.486663818359 -24.6062984466553
429.133850097656 230.871826171875 -24.6062984466553
429.133850097656 218.486663818359 -16.6062984466553
1 0 0
429.133850097656 235.46501159668 -16.6062984466553
429.133850097656 230.871826171875 -16.6062984466553
429.133850097656 230.871826171875 -24.6062984466553
1 -1.15505827125159E-14 0
429.133850097656 230.871826171875 -24.6062984466553
429.133850097656 235.46501159668 -24.6062984466553
429.133850097656 235.46501159668 -16.6062984466553
1 -1.15505827125159E-14 0
421.587921142578 235.46501159668 -16.6062984466553
429.133850097656 235.46501159668 -16.6062984466553
429.133850097656 235.46501159668 -24.6062984466553
3.60955709768277E-15 1 0
429.133850097656 235.46501159668 -24.6062984466553
421.587921142578 235.46501159668 -24.6062984466553
421.587921142578 235.46501159668 -16.6062984466553
3.60955709768277E-15 1 0
412.882232666016 235.46501159668 -16.6062984466553
421.587921142578 235.46501159668 -16.6062984466553
421.587921142578 235.46501159668 -24.6062984466553
3.39257373580798E-15 1 0
421.587921142578 235.46501159668 -24.6062984466553
412.882232666016 235.46501159668 -24.6062984466553
412.882232666016 235.46501159668 -16.6062984466553
3.39257373580798E-15 1 0
412.882232666016 246.467300415039 -16.6062984466553
412.882232666016 235.46501159668 -16.6062984466553
412.882232666016 246.467300415039 -24.6062984466553
1 0 0
412.882232666016 235.46501159668 -24.6062984466553
412.882232666016 246.467300415039 -24.6062984466553
412.882232666016 235.46501159668 -16.6062984466553
1 0 0
421.587921142578 246.467300415039 -16.6062984466553
412.882232666016 246.467300415039 -16.6062984466553
412.882232666016 246.467300415039 -24.6062984466553
-3.39257373580798E-15 -1 0
412.882232666016 246.467300415039 -24.6062984466553
421.587921142578 246.467300415039 -24.6062984466553
421.587921142578 246.467300415039 -16.6062984466553
-3.39257373580798E-15 -1 0
427.657470703125 246.467300415039 -16.6062984466553
421.587921142578 246.467300415039 -16.6062984466553
421.587921142578 246.467300415039 -24.6062984466553
-4.68266866727235E-15 -1 0
421.587921142578 246.467300415039 -24.6062984466553
427.657470703125 246.467300415039 -24.6062984466553
427.657470703125 246.467300415039 -16.6062984466553
-4.68266866727235E-15 -1 0
427.657470703125 247.932205200195 -16.6062984466553
427.657470703125 246.467300415039 -16.6062984466553
427.657470703125 246.467300415039 -24.6062984466553
1 0 0
427.657470703125 246.467300415039 -24.6062984466553
427.657470703125 247.932205200195 -24.6062984466553
427.657470703125 247.932205200195 -16.6062984466553
1 0 0
429.133850097656 247.932205200195 -16.6062984466553
427.657470703125 247.932205200195 -16.6062984466553
429.133850097656 247.932205200195 -24.6062984466553
0 -1 0
427.657470703125 247.932205200195 -24.6062984466553
429.133850097656 247.932205200195 -24.6062984466553
427.657470703125 247.932205200195 -16.6062984466553
0 -1 0
429.133850097656 260.891510009766 -16.6062984466553
429.133850097656 247.932205200195 -16.6062984466553
429.133850097656 247.932205200195 -24.6062984466553
1 0 0
429.133850097656 247.932205200195 -24.6062984466553
429.133850097656 260.891510009766 -24.6062984466553
429.133850097656 260.891510009766 -16.6062984466553
1 0 0
427.985565185547 260.891510009766 -16.6062984466553
429.133850097656 260.891510009766 -16.6062984466553
427.985565185547 260.891510009766 -24.6062984466553
0 1 0
429.133850097656 260.891510009766 -24.6062984466553
427.985565185547 260.891510009766 -24.6062984466553
429.133850097656 260.891510009766 -16.6062984466553
0 1 0
427.985565185547 261.875762939453 -16.6062984466553
427.985565185547 260.891510009766 -16.6062984466553
427.985565185547 261.875762939453 -24.6062984466553
1 0 0
427.985565185547 260.891510009766 -24.6062984466553
427.985565185547 261.875762939453 -24.6062984466553
427.985565185547 260.891510009766 -16.6062984466553
1 0 0
418.963256835938 261.875762939453 -16.6062984466553
427.985565185547 261.875762939453 -16.6062984466553
427.985565185547 261.875762939453 -24.6062984466553
6.30031784312849E-15 1 0
427.985565185547 261.875762939453 -24.6062984466553
418.963256835938 261.875762939453 -24.6062984466553
418.963256835938 261.875762939453 -16.6062984466553
6.30031784312849E-15 1 0
409.120727539063 261.875762939453 -16.6062984466553
418.963256835938 261.875762939453 -16.6062984466553
418.963256835938 261.875762939453 -24.6062984466553
0 1 0
418.963256835938 261.875762939453 -24.6062984466553
409.120727539063 261.875762939453 -24.6062984466553
409.120727539063 261.875762939453 -16.6062984466553
0 1 0
399.934387207031 261.875762939453 -16.6062984466553
409.120727539063 261.875762939453 -16.6062984466553
409.120727539063 261.875762939453 -24.6062984466553
6.18781216742887E-15 1 0
409.120727539063 261.875762939453 -24.6062984466553
399.934387207031 261.875762939453 -24.6062984466553
399.934387207031 261.875762939453 -16.6062984466553
6.18781216742887E-15 1 0
399.934387207031 260.891510009766 -16.6062984466553
399.934387207031 261.875762939453 -16.6062984466553
399.934387207031 260.891510009766 -24.6062984466553
-1 0 0
399.934387207031 261.875762939453 -24.6062984466553
399.934387207031 260.891510009766 -24.6062984466553
399.934387207031 261.875762939453 -16.6062984466553
-1 0 0
398.950134277344 260.891510009766 -16.6062984466553
399.934387207031 260.891510009766 -16.6062984466553
398.950134277344 260.891510009766 -24.6062984466553
0 1 0
399.934387207031 260.891510009766 -24.6062984466553
398.950134277344 260.891510009766 -24.6062984466553
399.934387207031 260.891510009766 -16.6062984466553
0 1 0
398.950134277344 256.626434326172 -16.6062984466553
398.950134277344 260.891510009766 -16.6062984466553
398.950134277344 260.891510009766 -24.6062984466553
-1 0 0
398.950134277344 260.891510009766 -24.6062984466553
398.950134277344 256.626434326172 -24.6062984466553
398.950134277344 256.626434326172 -16.6062984466553
-1 0 0
398.950134277344 251.461212158203 -16.6062984466553
398.950134277344 256.626434326172 -16.6062984466553
398.950134277344 251.461212158203 -24.6062984466553
-1 0 0
398.950134277344 256.626434326172 -24.6062984466553
398.950134277344 251.461212158203 -24.6062984466553
398.950134277344 256.626434326172 -16.6062984466553
-1 0 0
398.950134277344 247.932205200195 -16.6062984466553
398.950134277344 251.461212158203 -16.6062984466553
398.950134277344 251.461212158203 -24.6062984466553
-1 0 0
398.950134277344 251.461212158203 -24.6062984466553
398.950134277344 247.932205200195 -24.6062984466553
398.950134277344 247.932205200195 -16.6062984466553
-1 0 0
400.426513671875 247.932205200195 -16.6062984466553
398.950134277344 247.932205200195 -16.6062984466553
398.950134277344 247.932205200195 -24.6062984466553
0 -1 0
398.950134277344 247.932205200195 -24.6062984466553
400.426513671875 247.932205200195 -24.6062984466553
400.426513671875 247.932205200195 -16.6062984466553
0 -1 0
400.426513671875 245.799652099609 -16.6062984466553
400.426513671875 247.932205200195 -16.6062984466553
400.426513671875 245.799652099609 -24.6062984466553
-1 0 0
400.426513671875 247.932205200195 -24.6062984466553
400.426513671875 245.799652099609 -24.6062984466553
400.426513671875 247.932205200195 -16.6062984466553
-1 0 0
398.293975830078 245.799652099609 -16.6062984466553
400.426513671875 245.799652099609 -16.6062984466553
398.293975830078 245.799652099609 -24.6062984466553
0 1 0
400.426513671875 245.799652099609 -24.6062984466553
398.293975830078 245.799652099609 -24.6062984466553
400.426513671875 245.799652099609 -16.6062984466553
0 1 0
398.293975830078 247.282669067383 -16.6062984466553
398.293975830078 245.799652099609 -16.6062984466553
398.293975830078 245.799652099609 -24.6062984466553
1 0 0
398.293975830078 245.799652099609 -24.6062984466553
398.293975830078 247.282669067383 -24.6062984466553
398.293975830078 247.282669067383 -16.6062984466553
1 0 0
393.618774414063 247.282669067383 -16.6062984466553
398.293975830078 247.282669067383 -16.6062984466553
398.293975830078 247.282669067383 -24.6062984466553
6.0792540592191E-15 1 0
398.293975830078 247.282669067383 -24.6062984466553
393.618774414063 247.282669067383 -24.6062984466553
393.618774414063 247.282669067383 -16.6062984466553
6.0792540592191E-15 1 0
384.842529296875 247.282669067383 -16.6062984466553
393.618774414063 247.282669067383 -16.6062984466553
393.618774414063 247.282669067383 -24.6062984466553
3.23848113435031E-15 1 0
393.618774414063 247.282669067383 -24.6062984466553
384.842529296875 247.282669067383 -24.6062984466553
384.842529296875 247.282669067383 -16.6062984466553
3.23848113435031E-15 1 0
375 247.282669067383 -16.6062984466553
384.842529296875 247.282669067383 -16.6062984466553
384.842529296875 247.282669067383 -24.6062984466553
2.88764567812905E-15 1 0
384.842529296875 247.282669067383 -24.6062984466553
375 247.282669067383 -24.6062984466553
375 247.282669067383 -16.6062984466553
2.88764567812905E-15 1 0
372.362396240234 247.282669067383 -16.6062984466553
375 247.282669067383 -16.6062984466553
375 247.282669067383 -24.6062984466553
0 1 0
375 247.282669067383 -24.6062984466553
372.362396240234 247.282669067383 -24.6062984466553
372.362396240234 247.282669067383 -16.6062984466553
0 1 0
367.747344970703 246.259658813477 -16.6062984466553
372.362396240234 247.282669067383 -16.6062984466553
367.747344970703 246.259658813477 -24.6062984466553
-0.216413561724358 0.97630178239199 0
372.362396240234 247.282669067383 -24.6062984466553
367.747344970703 246.259658813477 -24.6062984466553
372.362396240234 247.282669067383 -16.6062984466553
-0.216413561724358 0.97630178239199 0
368.066864013672 244.818267822266 -16.6062984466553
367.747344970703 246.259658813477 -16.6062984466553
368.066864013672 244.818267822266 -24.6062984466553
-0.97630178238348 -0.216413561762749 0
367.747344970703 246.259658813477 -24.6062984466553
368.066864013672 244.818267822266 -24.6062984466553
367.747344970703 246.259658813477 -16.6062984466553
-0.97630178238348 -0.216413561762749 0
365.98486328125 244.35676574707 -16.6062984466553
368.066864013672 244.818267822266 -16.6062984466553
365.98486328125 244.35676574707 -24.6062984466553
-0.21641356176273 0.976301782383485 0
368.066864013672 244.818267822266 -24.6062984466553
365.98486328125 244.35676574707 -24.6062984466553
368.066864013672 244.818267822266 -16.6062984466553
-0.21641356176273 0.976301782383485 0
365.665344238281 245.798156738281 -16.6062984466553
365.98486328125 244.35676574707 -16.6062984466553
365.98486328125 244.35676574707 -24.6062984466553
0.976301782383479 0.216413561762754 0
365.98486328125 244.35676574707 -24.6062984466553
365.665344238281 245.798156738281 -24.6062984466553
365.665344238281 245.798156738281 -16.6062984466553
0.976301782383479 0.216413561762754 0
357.097076416016 243.898849487305 -16.6062984466553
365.665344238281 245.798156738281 -16.6062984466553
365.665344238281 245.798156738281 -24.6062984466553
-0.216413561724358 0.976301782391991 0
365.665344238281 245.798156738281 -24.6062984466553
357.097076416016 243.898849487305 -24.6062984466553
357.097076416016 243.898849487305 -16.6062984466553
-0.216413561724358 0.976301782391991 0
347.48779296875 241.768798828125 -16.6062984466553
357.097076416016 243.898849487305 -16.6062984466553
357.097076416016 243.898849487305 -24.6062984466553
-0.216413561724352 0.976301782391992 0
357.097076416016 243.898849487305 -24.6062984466553
347.48779296875 241.768798828125 -24.6062984466553
347.48779296875 241.768798828125 -16.6062984466553
-0.216413561724352 0.976301782391992 0
338.919525146484 239.869506835938 -16.6062984466553
347.48779296875 241.768798828125 -16.6062984466553
338.919525146484 239.869506835938 -24.6062984466553
-0.216413561724355 0.976301782391991 0
347.48779296875 241.768798828125 -24.6062984466553
338.919525146484 239.869506835938 -24.6062984466553
347.48779296875 241.768798828125 -16.6062984466553
-0.216413561724355 0.976301782391991 0
339.239044189453 238.428115844727 -16.6062984466553
338.919525146484 239.869506835938 -16.6062984466553
339.239044189453 238.428115844727 -24.6062984466553
-0.97630178238348 -0.21641356176275 0
338.919525146484 239.869506835938 -24.6062984466553
339.239044189453 238.428115844727 -24.6062984466553
338.919525146484 239.869506835938 -16.6062984466553
-0.97630178238348 -0.21641356176275 0
337.157043457031 237.966598510742 -16.6062984466553
339.239044189453 238.428115844727 -16.6062984466553
339.239044189453 238.428115844727 -24.6062984466553
-0.21641356176273 0.976301782383485 0
339.239044189453 238.428115844727 -24.6062984466553
337.157043457031 237.966598510742 -24.6062984466553
337.157043457031 237.966598510742 -16.6062984466553
-0.21641356176273 0.976301782383485 0
336.837524414063 239.407989501953 -16.6062984466553
337.157043457031 237.966598510742 -16.6062984466553
336.837524414063 239.407989501953 -24.6062984466553
0.976301782383482 0.216413561762743 0
337.157043457031 237.966598510742 -24.6062984466553
336.837524414063 239.407989501953 -24.6062984466553
337.157043457031 237.966598510742 -16.6062984466553
0.976301782383482 0.216413561762743 0
328.269256591797 237.508697509766 -16.6062984466553
336.837524414063 239.407989501953 -16.6062984466553
328.269256591797 237.508697509766 -24.6062984466553
-0.21641356172435 0.976301782391992 0
336.837524414063 239.407989501953 -24.6062984466553
328.269256591797 237.508697509766 -24.6062984466553
336.837524414063 239.407989501953 -16.6062984466553
-0.21641356172435 0.976301782391992 0
318.660003662109 235.378631591797 -16.6062984466553
328.269256591797 237.508697509766 -16.6062984466553
318.660003662109 235.378631591797 -24.6062984466553
-0.216413561724351 0.976301782391992 0
328.269256591797 237.508697509766 -24.6062984466553
318.660003662109 235.378631591797 -24.6062984466553
328.269256591797 237.508697509766 -16.6062984466553
-0.216413561724351 0.976301782391992 0
310.492126464844 233.568084716797 -16.6062984466553
318.660003662109 235.378631591797 -16.6062984466553
310.492126464844 233.568084716797 -24.6062984466553
-0.21641356172435 0.976301782391992 0
318.660003662109 235.378631591797 -24.6062984466553
310.492126464844 233.568084716797 -24.6062984466553
318.660003662109 235.378631591797 -16.6062984466553
-0.21641356172435 0.976301782391992 0
310.918121337891 231.646240234375 -16.6062984466553
310.492126464844 233.568084716797 -16.6062984466553
310.492126464844 233.568084716797 -24.6062984466553
-0.97630178238369 -0.216413561761804 0
310.492126464844 233.568084716797 -24.6062984466553
310.918121337891 231.646240234375 -24.6062984466553
310.918121337891 231.646240234375 -16.6062984466553
-0.97630178238369 -0.216413561761804 0
308.355651855469 231.078216552734 -16.6062984466553
310.918121337891 231.646240234375 -16.6062984466553
310.918121337891 231.646240234375 -24.6062984466553
-0.216413561761776 0.976301782383696 0
310.918121337891 231.646240234375 -24.6062984466553
308.355651855469 231.078216552734 -24.6062984466553
308.355651855469 231.078216552734 -16.6062984466553
-0.216413561761776 0.976301782383696 0
307.929656982422 233.000076293945 -16.6062984466553
308.355651855469 231.078216552734 -16.6062984466553
308.355651855469 231.078216552734 -24.6062984466553
0.976301782383689 0.216413561761806 0
308.355651855469 231.078216552734 -24.6062984466553
307.929656982422 233.000076293945 -24.6062984466553
307.929656982422 233.000076293945 -16.6062984466553
0.976301782383689 0.216413561761806 0
299.441467285156 231.118530273438 -16.6062984466553
307.929656982422 233.000076293945 -16.6062984466553
307.929656982422 233.000076293945 -24.6062984466553
-0.216413561724366 0.976301782391989 0
307.929656982422 233.000076293945 -24.6062984466553
299.441467285156 231.118530273438 -24.6062984466553
299.441467285156 231.118530273438 -16.6062984466553
-0.216413561724366 0.976301782391989 0
289.832183837891 228.988464355469 -16.6062984466553
299.441467285156 231.118530273438 -16.6062984466553
299.441467285156 231.118530273438 -24.6062984466553
-0.216413561724366 0.976301782391989 0
299.441467285156 231.118530273438 -24.6062984466553
289.832183837891 228.988464355469 -24.6062984466553
289.832183837891 228.988464355469 -16.6062984466553
-0.216413561724366 0.976301782391989 0
281.185119628906 227.071701049805 -16.6062984466553
289.832183837891 228.988464355469 -16.6062984466553
289.832183837891 228.988464355469 -24.6062984466553
-0.216413561724367 0.976301782391988 0
289.832183837891 228.988464355469 -24.6062984466553
281.185119628906 227.071701049805 -24.6062984466553
281.185119628906 227.071701049805 -16.6062984466553
-0.216413561724367 0.976301782391988 0
281.463958740234 225.789337158203 -16.6062984466553
281.185119628906 227.071701049805 -16.6062984466553
281.463958740234 225.789337158203 -24.6062984466553
-0.977169303389072 -0.212462120186437 0
281.185119628906 227.071701049805 -24.6062984466553
281.463958740234 225.789337158203 -24.6062984466553
281.185119628906 227.071701049805 -16.6062984466553
-0.977169303389072 -0.212462120186437 0
279.540405273438 225.37109375 -16.6062984466553
281.463958740234 225.789337158203 -16.6062984466553
281.463958740234 225.789337158203 -24.6062984466553
-0.212462120186431 0.977169303389073 0
281.463958740234 225.789337158203 -24.6062984466553
279.540405273438 225.37109375 -24.6062984466553
279.540405273438 225.37109375 -16.6062984466553
-0.212462120186431 0.977169303389073 0
279.214477539063 226.870071411133 -16.6062984466553
279.540405273438 225.37109375 -16.6062984466553
279.540405273438 225.37109375 -24.6062984466553
0.977169303389077 0.212462120186415 0
279.540405273438 225.37109375 -24.6062984466553
279.214477539063 226.870071411133 -24.6062984466553
279.214477539063 226.870071411133 -16.6062984466553
0.977169303389077 0.212462120186415 0
266.549896240234 226.870071411133 -16.6062984466553
279.214477539063 226.870071411133 -16.6062984466553
266.549896240234 226.870071411133 -24.6062984466553
2.24398674684856E-15 1 0
279.214477539063 226.870071411133 -24.6062984466553
266.549896240234 226.870071411133 -24.6062984466553
279.214477539063 226.870071411133 -16.6062984466553
2.24398674684856E-15 1 0
266.549896240234 225.557739257813 -16.6062984466553
266.549896240234 226.870071411133 -16.6062984466553
266.549896240234 225.557739257813 -24.6062984466553
-1 0 0
266.549896240234 226.870071411133 -24.6062984466553
266.549896240234 225.557739257813 -24.6062984466553
266.549896240234 226.870071411133 -16.6062984466553
-1 0 0
264.581390380859 225.557739257813 -16.6062984466553
266.549896240234 225.557739257813 -16.6062984466553
264.581390380859 225.557739257813 -24.6062984466553
0 1 0
266.549896240234 225.557739257813 -24.6062984466553
264.581390380859 225.557739257813 -24.6062984466553
266.549896240234 225.557739257813 -16.6062984466553
0 1 0
264.581390380859 226.870071411133 -16.6062984466553
264.581390380859 225.557739257813 -16.6062984466553
264.581390380859 226.870071411133 -24.6062984466553
1 0 0
264.581390380859 225.557739257813 -24.6062984466553
264.581390380859 226.870071411133 -24.6062984466553
264.581390380859 225.557739257813 -16.6062984466553
1 0 0
255.723129272461 226.870071411133 -16.6062984466553
264.581390380859 226.870071411133 -16.6062984466553
255.723129272461 226.870071411133 -24.6062984466553
3.20849519792224E-15 1 0
264.581390380859 226.870071411133 -24.6062984466553
255.723129272461 226.870071411133 -24.6062984466553
264.581390380859 226.870071411133 -16.6062984466553
3.20849519792224E-15 1 0
245.880599975586 226.870071411133 -16.6062984466553
255.723129272461 226.870071411133 -16.6062984466553
255.723129272461 226.870071411133 -24.6062984466553
2.88764567812905E-15 1 0
255.723129272461 226.870071411133 -24.6062984466553
245.880599975586 226.870071411133 -24.6062984466553
245.880599975586 226.870071411133 -16.6062984466553
2.88764567812905E-15 1 0
237.35041809082 226.870071411133 -16.6062984466553
245.880599975586 226.870071411133 -16.6062984466553
245.880599975586 226.870071411133 -24.6062984466553
3.33189885937967E-15 1 0
245.880599975586 226.870071411133 -24.6062984466553
237.35041809082 226.870071411133 -24.6062984466553
237.35041809082 226.870071411133 -16.6062984466553
3.33189885937967E-15 1 0
237.35041809082 224.573486328125 -16.6062984466553
237.35041809082 226.870071411133 -16.6062984466553
237.35041809082 224.573486328125 -24.6062984466553
-1 0 0
237.35041809082 226.870071411133 -24.6062984466553
237.35041809082 224.573486328125 -24.6062984466553
237.35041809082 226.870071411133 -16.6062984466553
-1 0 0
234.72575378418 224.573486328125 -16.6062984466553
237.35041809082 224.573486328125 -16.6062984466553
234.72575378418 224.573486328125 -24.6062984466553
0 1 0
237.35041809082 224.573486328125 -24.6062984466553
234.72575378418 224.573486328125 -24.6062984466553
237.35041809082 224.573486328125 -16.6062984466553
0 1 0
234.72575378418 226.870071411133 -16.6062984466553
234.72575378418 224.573486328125 -16.6062984466553
234.72575378418 226.870071411133 -24.6062984466553
1 0 0
234.72575378418 224.573486328125 -24.6062984466553
234.72575378418 226.870071411133 -24.6062984466553
234.72575378418 224.573486328125 -16.6062984466553
1 0 0
226.195556640625 226.870071411133 -16.6062984466553
234.72575378418 226.870071411133 -16.6062984466553
234.72575378418 226.870071411133 -24.6062984466553
3.33189885937967E-15 1 0
234.72575378418 226.870071411133 -24.6062984466553
226.195556640625 226.870071411133 -24.6062984466553
226.195556640625 226.870071411133 -16.6062984466553
3.33189885937967E-15 1 0
216.305236816406 226.870071411133 -16.6062984466553
226.195556640625 226.870071411133 -16.6062984466553
216.305236816406 226.870071411133 -24.6062984466553
2.87368540460659E-15 1 0
226.195556640625 226.870071411133 -24.6062984466553
216.305236816406 226.870071411133 -24.6062984466553
226.195556640625 226.870071411133 -16.6062984466553
2.87368540460659E-15 1 0
207.822860717773 226.870071411133 -16.6062984466553
216.305236816406 226.870071411133 -16.6062984466553
207.822860717773 226.870071411133 -24.6062984466553
3.35068059150213E-15 1 0
216.305236816406 226.870071411133 -24.6062984466553
207.822860717773 226.870071411133 -24.6062984466553
216.305236816406 226.870071411133 -16.6062984466553
3.35068059150213E-15 1 0
207.822860717773 224.573486328125 -16.6062984466553
207.822860717773 226.870071411133 -16.6062984466553
207.822860717773 224.573486328125 -24.6062984466553
-1 0 0
207.822860717773 226.870071411133 -24.6062984466553
207.822860717773 224.573486328125 -24.6062984466553
207.822860717773 226.870071411133 -16.6062984466553
-1 0 0
205.198181152344 224.573486328125 -16.6062984466553
207.822860717773 224.573486328125 -16.6062984466553
205.198181152344 224.573486328125 -24.6062984466553
0 1 0
207.822860717773 224.573486328125 -24.6062984466553
205.198181152344 224.573486328125 -24.6062984466553
207.822860717773 224.573486328125 -16.6062984466553
0 1 0
205.198181152344 226.870071411133 -16.6062984466553
205.198181152344 224.573486328125 -16.6062984466553
205.198181152344 226.870071411133 -24.6062984466553
1 0 0
205.198181152344 224.573486328125 -24.6062984466553
205.198181152344 226.870071411133 -24.6062984466553
205.198181152344 224.573486328125 -16.6062984466553
1 0 0
196.667999267578 226.870071411133 -16.6062984466553
205.198181152344 226.870071411133 -16.6062984466553
205.198181152344 226.870071411133 -24.6062984466553
3.33189885937907E-15 1 0
205.198181152344 226.870071411133 -24.6062984466553
196.667999267578 226.870071411133 -24.6062984466553
196.667999267578 226.870071411133 -16.6062984466553
3.33189885937907E-15 1 0
186.825485229492 226.870071411133 -16.6062984466553
196.667999267578 226.870071411133 -16.6062984466553
186.825485229492 226.870071411133 -24.6062984466553
2.8876456781295E-15 1 0
196.667999267578 226.870071411133 -24.6062984466553
186.825485229492 226.870071411133 -24.6062984466553
196.667999267578 226.870071411133 -16.6062984466553
2.8876456781295E-15 1 0
177.803176879883 226.870071411133 -16.6062984466553
186.825485229492 226.870071411133 -16.6062984466553
186.825485229492 226.870071411133 -24.6062984466553
3.15015892159417E-15 1 0
186.825485229492 226.870071411133 -24.6062984466553
177.803176879883 226.870071411133 -24.6062984466553
177.803176879883 226.870071411133 -16.6062984466553
3.15015892159417E-15 1 0
177.803176879883 225.557739257813 -16.6062984466553
177.803176879883 226.870071411133 -16.6062984466553
177.803176879883 226.870071411133 -24.6062984466553
-1 0 0
177.803176879883 226.870071411133 -24.6062984466553
177.803176879883 225.557739257813 -24.6062984466553
177.803176879883 225.557739257813 -16.6062984466553
-1 0 0
176.490844726563 225.557739257813 -16.6062984466553
177.803176879883 225.557739257813 -16.6062984466553
177.803176879883 225.557739257813 -24.6062984466553
0 1 0
177.803176879883 225.557739257813 -24.6062984466553
176.490844726563 225.557739257813 -24.6062984466553
176.490844726563 225.557739257813 -16.6062984466553
0 1 0
176.490844726563 217.524917602539 -16.6062984466553
176.490844726563 225.557739257813 -16.6062984466553
176.490844726563 225.557739257813 -24.6062984466553
-1 3.5381964983788E-15 0
176.490844726563 225.557739257813 -24.6062984466553
176.490844726563 217.524917602539 -24.6062984466553
176.490844726563 217.524917602539 -16.6062984466553
-1 3.5381964983788E-15 0
176.490844726563 215.545944213867 -16.6062984466553
176.490844726563 217.524917602539 -16.6062984466553
176.490844726563 217.524917602539 -24.6062984466553
-1 0 0
176.490844726563 217.524917602539 -24.6062984466553
176.490844726563 215.545944213867 -24.6062984466553
176.490844726563 215.545944213867 -16.6062984466553
-1 0 0
176.490844726563 207.682403564453 -16.6062984466553
176.490844726563 215.545944213867 -16.6062984466553
176.490844726563 215.545944213867 -24.6062984466553
-1 0 0
176.490844726563 215.545944213867 -24.6062984466553
176.490844726563 207.682403564453 -24.6062984466553
176.490844726563 207.682403564453 -16.6062984466553
-1 0 0
176.490844726563 205.703430175781 -16.6062984466553
176.490844726563 207.682403564453 -16.6062984466553
176.490844726563 207.682403564453 -24.6062984466553
-1 0 0
176.490844726563 207.682403564453 -24.6062984466553
176.490844726563 205.703430175781 -24.6062984466553
176.490844726563 205.703430175781 -16.6062984466553
-1 0 0
176.490844726563 198.161849975586 -16.6062984466553
176.490844726563 205.703430175781 -16.6062984466553
176.490844726563 205.703430175781 -24.6062984466553
-1 3.7686725848966E-15 0
176.490844726563 205.703430175781 -24.6062984466553
176.490844726563 198.161849975586 -24.6062984466553
176.490844726563 198.161849975586 -16.6062984466553
-1 3.7686725848966E-15 0
178.458465576172 198.161849975586 -16.6062984466553
176.490844726563 198.161849975586 -16.6062984466553
178.458465576172 198.161849975586 -24.6062984466553
0 -1 0
176.490844726563 198.161849975586 -24.6062984466553
178.458465576172 198.161849975586 -24.6062984466553
176.490844726563 198.161849975586 -16.6062984466553
0 -1 0
178.458465576172 195.537185668945 -16.6062984466553
178.458465576172 198.161849975586 -16.6062984466553
178.458465576172 195.537185668945 -24.6062984466553
-1 0 0
178.458465576172 198.161849975586 -24.6062984466553
178.458465576172 195.537185668945 -24.6062984466553
178.458465576172 198.161849975586 -16.6062984466553
-1 0 0
176.490844726563 195.537185668945 -16.6062984466553
178.458465576172 195.537185668945 -16.6062984466553
178.458465576172 195.537185668945 -24.6062984466553
0 1 0
178.458465576172 195.537185668945 -24.6062984466553
176.490844726563 195.537185668945 -24.6062984466553
176.490844726563 195.537185668945 -16.6062984466553
0 1 0
176.490844726563 187.997360229492 -16.6062984466553
176.490844726563 195.537185668945 -16.6062984466553
176.490844726563 195.537185668945 -24.6062984466553
-1 3.76954472356797E-15 0
176.490844726563 195.537185668945 -24.6062984466553
176.490844726563 187.997360229492 -24.6062984466553
176.490844726563 187.997360229492 -16.6062984466553
-1 3.76954472356797E-15 0
176.490844726563 186.01838684082 -16.6062984466553
176.490844726563 187.997360229492 -16.6062984466553
176.490844726563 187.997360229492 -24.6062984466553
-1 0 0
176.490844726563 187.997360229492 -24.6062984466553
176.490844726563 186.01838684082 -24.6062984466553
176.490844726563 186.01838684082 -16.6062984466553
-1 0 0
176.490844726563 178.154846191406 -16.6062984466553
176.490844726563 186.01838684082 -16.6062984466553
176.490844726563 186.01838684082 -24.6062984466553
-1 0 0
176.490844726563 186.01838684082 -24.6062984466553
176.490844726563 178.154846191406 -24.6062984466553
176.490844726563 178.154846191406 -16.6062984466553
-1 0 0
176.490844726563 176.175872802734 -16.6062984466553
176.490844726563 178.154846191406 -16.6062984466553
176.490844726563 178.154846191406 -24.6062984466553
-1 0 0
176.490844726563 178.154846191406 -24.6062984466553
176.490844726563 176.175872802734 -24.6062984466553
176.490844726563 176.175872802734 -16.6062984466553
-1 0 0
176.490844726563 169.127304077148 -16.6062984466553
176.490844726563 176.175872802734 -16.6062984466553
176.490844726563 176.175872802734 -24.6062984466553
-1 3.85292600011667E-15 0
176.490844726563 176.175872802734 -24.6062984466553
176.490844726563 169.127304077148 -24.6062984466553
176.490844726563 169.127304077148 -16.6062984466553
-1 3.85292600011667E-15 0
205.362228393555 169.127304077148 -16.6062984466553
176.490844726563 169.127304077148 -16.6062984466553
205.362228393555 169.127304077148 -24.6062984466553
-2.92009113518647E-15 -1 0
176.490844726563 169.127304077148 -24.6062984466553
205.362228393555 169.127304077148 -24.6062984466553
176.490844726563 169.127304077148 -16.6062984466553
-2.92009113518647E-15 -1 0
207.658813476563 169.127304077148 -16.6062984466553
205.362228393555 169.127304077148 -16.6062984466553
207.658813476563 169.127304077148 -24.6062984466553
-1.23756243348388E-14 -1 0
205.362228393555 169.127304077148 -24.6062984466553
207.658813476563 169.127304077148 -24.6062984466553
205.362228393555 169.127304077148 -16.6062984466553
-1.23756243348388E-14 -1 0
234.889785766602 169.127304077148 -16.6062984466553
207.658813476563 169.127304077148 -16.6062984466553
207.658813476563 169.127304077148 -24.6062984466553
-3.13118206062192E-15 -1 0
207.658813476563 169.127304077148 -24.6062984466553
234.889785766602 169.127304077148 -24.6062984466553
234.889785766602 169.127304077148 -16.6062984466553
-3.13118206062192E-15 -1 0
237.186370849609 169.127304077148 -16.6062984466553
234.889785766602 169.127304077148 -16.6062984466553
237.186370849609 169.127304077148 -24.6062984466553
0 -1 0
234.889785766602 169.127304077148 -24.6062984466553
237.186370849609 169.127304077148 -24.6062984466553
234.889785766602 169.127304077148 -16.6062984466553
0 -1 0
256.543334960938 169.127304077148 -16.6062984466553
237.186370849609 169.127304077148 -16.6062984466553
237.186370849609 169.127304077148 -24.6062984466553
-2.98721966703034E-15 -1 0
237.186370849609 169.127304077148 -24.6062984466553
256.543334960938 169.127304077148 -24.6062984466553
256.543334960938 169.127304077148 -16.6062984466553
-2.98721966703034E-15 -1 0
256.543334960938 167.486877441406 -16.6062984466553
256.543334960938 169.127304077148 -16.6062984466553
256.543334960938 169.127304077148 -24.6062984466553
-1 0 0
256.543334960938 169.127304077148 -24.6062984466553
256.543334960938 167.486877441406 -24.6062984466553
256.543334960938 167.486877441406 -16.6062984466553
-1 0 0
374.670440673828 215.785736083984 -16.6062984466553
374.137908935547 218.188049316406 -16.6062984466553
374.137908935547 218.188049316406 -24.6062984466553
-0.976301782383487 -0.21641356176272 0
374.137908935547 218.188049316406 -24.6062984466553
374.670440673828 215.785736083984 -24.6062984466553
374.670440673828 215.785736083984 -16.6062984466553
-0.976301782383487 -0.21641356176272 0
372.268096923828 215.253219604492 -16.6062984466553
374.670440673828 215.785736083984 -16.6062984466553
374.670440673828 215.785736083984 -24.6062984466553
-0.21641356176272 0.976301782383487 0
374.670440673828 215.785736083984 -24.6062984466553
372.268096923828 215.253219604492 -24.6062984466553
372.268096923828 215.253219604492 -16.6062984466553
-0.21641356176272 0.976301782383487 0
371.735595703125 217.655532836914 -16.6062984466553
372.268096923828 215.253219604492 -16.6062984466553
372.268096923828 215.253219604492 -24.6062984466553
0.976301782383487 0.21641356176272 0
372.268096923828 215.253219604492 -24.6062984466553
371.735595703125 217.655532836914 -24.6062984466553
371.735595703125 217.655532836914 -16.6062984466553
0.976301782383487 0.21641356176272 0
374.137908935547 218.188049316406 -16.6062984466553
371.735595703125 217.655532836914 -16.6062984466553
371.735595703125 217.655532836914 -24.6062984466553
0.21641356176272 -0.976301782383487 0
371.735595703125 217.655532836914 -24.6062984466553
374.137908935547 218.188049316406 -24.6062984466553
374.137908935547 218.188049316406 -16.6062984466553
0.21641356176272 -0.976301782383487 0
380.882690429688 187.002502441406 -16.6062984466553
380.314666748047 189.564971923828 -16.6062984466553
380.314666748047 189.564971923828 -24.6062984466553
-0.976301782383805 -0.216413561761284 0
380.314666748047 189.564971923828 -24.6062984466553
380.882690429688 187.002502441406 -24.6062984466553
380.882690429688 187.002502441406 -16.6062984466553
-0.976301782383805 -0.216413561761284 0
378.320220947266 186.434494018555 -16.6062984466553
380.882690429688 187.002502441406 -16.6062984466553
380.882690429688 187.002502441406 -24.6062984466553
-0.216413561761268 0.976301782383809 0
380.882690429688 187.002502441406 -24.6062984466553
378.320220947266 186.434494018555 -24.6062984466553
378.320220947266 186.434494018555 -16.6062984466553
-0.216413561761268 0.976301782383809 0
377.752197265625 188.996963500977 -16.6062984466553
378.320220947266 186.434494018555 -16.6062984466553
378.320220947266 186.434494018555 -24.6062984466553
0.976301782383805 0.216413561761284 0
378.320220947266 186.434494018555 -24.6062984466553
377.752197265625 188.996963500977 -24.6062984466553
377.752197265625 188.996963500977 -16.6062984466553
0.976301782383805 0.216413561761284 0
380.314666748047 189.564971923828 -16.6062984466553
377.752197265625 188.996963500977 -16.6062984466553
377.752197265625 188.996963500977 -24.6062984466553
0.216413561761268 -0.976301782383809 0
377.752197265625 188.996963500977 -24.6062984466553
380.314666748047 189.564971923828 -24.6062984466553
380.314666748047 189.564971923828 -16.6062984466553
0.216413561761268 -0.976301782383809 0
352.054870605469 180.612335205078 -16.6062984466553
351.593353271484 182.694351196289 -16.6062984466553
351.593353271484 182.694351196289 -24.6062984466553
-0.976301782383803 -0.216413561761296 0
351.593353271484 182.694351196289 -24.6062984466553
352.054870605469 180.612335205078 -24.6062984466553
352.054870605469 180.612335205078 -16.6062984466553
-0.976301782383803 -0.216413561761296 0
349.972869873047 180.150833129883 -16.6062984466553
352.054870605469 180.612335205078 -16.6062984466553
352.054870605469 180.612335205078 -24.6062984466553
-0.216413561761265 0.976301782383809 0
352.054870605469 180.612335205078 -24.6062984466553
349.972869873047 180.150833129883 -24.6062984466553
349.972869873047 180.150833129883 -16.6062984466553
-0.216413561761265 0.976301782383809 0
349.511352539063 182.232833862305 -16.6062984466553
349.972869873047 180.150833129883 -16.6062984466553
349.972869873047 180.150833129883 -24.6062984466553
0.976301782383803 0.216413561761296 0
349.972869873047 180.150833129883 -24.6062984466553
349.511352539063 182.232833862305 -24.6062984466553
349.511352539063 182.232833862305 -16.6062984466553
0.976301782383803 0.216413561761296 0
351.593353271484 182.694351196289 -16.6062984466553
349.511352539063 182.232833862305 -16.6062984466553
349.511352539063 182.232833862305 -24.6062984466553
0.216413561761265 -0.976301782383809 0
349.511352539063 182.232833862305 -24.6062984466553
351.593353271484 182.694351196289 -24.6062984466553
351.593353271484 182.694351196289 -16.6062984466553
0.216413561761265 -0.976301782383809 0
345.842620849609 209.395568847656 -16.6062984466553
345.310119628906 211.797882080078 -16.6062984466553
345.310119628906 211.797882080078 -24.6062984466553
-0.976301782383487 -0.21641356176272 0
345.310119628906 211.797882080078 -24.6062984466553
345.842620849609 209.395568847656 -24.6062984466553
345.842620849609 209.395568847656 -16.6062984466553
-0.976301782383487 -0.21641356176272 0
343.440307617188 208.863052368164 -16.6062984466553
345.842620849609 209.395568847656 -16.6062984466553
345.842620849609 209.395568847656 -24.6062984466553
-0.21641356176272 0.976301782383487 0
345.842620849609 209.395568847656 -24.6062984466553
343.440307617188 208.863052368164 -24.6062984466553
343.440307617188 208.863052368164 -16.6062984466553
-0.21641356176272 0.976301782383487 0
342.907775878906 211.265380859375 -16.6062984466553
343.440307617188 208.863052368164 -16.6062984466553
343.440307617188 208.863052368164 -24.6062984466553
0.976301782383487 0.21641356176272 0
343.440307617188 208.863052368164 -24.6062984466553
342.907775878906 211.265380859375 -24.6062984466553
342.907775878906 211.265380859375 -16.6062984466553
0.976301782383487 0.21641356176272 0
345.310119628906 211.797882080078 -16.6062984466553
342.907775878906 211.265380859375 -16.6062984466553
342.907775878906 211.265380859375 -24.6062984466553
0.21641356176272 -0.976301782383487 0
342.907775878906 211.265380859375 -24.6062984466553
345.310119628906 211.797882080078 -24.6062984466553
345.310119628906 211.797882080078 -16.6062984466553
0.21641356176272 -0.976301782383487 0
316.719055175781 203.195526123047 -16.6062984466553
316.293060302734 205.117385864258 -16.6062984466553
316.293060302734 205.117385864258 -24.6062984466553
-0.976301782383482 -0.216413561762743 0
316.293060302734 205.117385864258 -24.6062984466553
316.719055175781 203.195526123047 -24.6062984466553
316.719055175781 203.195526123047 -16.6062984466553
-0.976301782383482 -0.216413561762743 0
314.797210693359 202.769515991211 -16.6062984466553
316.719055175781 203.195526123047 -16.6062984466553
314.797210693359 202.769515991211 -24.6062984466553
-0.216413561762749 0.97630178238348 0
316.719055175781 203.195526123047 -24.6062984466553
314.797210693359 202.769515991211 -24.6062984466553
316.719055175781 203.195526123047 -16.6062984466553
-0.216413561762749 0.97630178238348 0
314.371185302734 204.691360473633 -16.6062984466553
314.797210693359 202.769515991211 -16.6062984466553
314.797210693359 202.769515991211 -24.6062984466553
0.976301782383482 0.216413561762743 0
314.797210693359 202.769515991211 -24.6062984466553
314.371185302734 204.691360473633 -24.6062984466553
314.371185302734 204.691360473633 -16.6062984466553
0.976301782383482 0.216413561762743 0
316.293060302734 205.117385864258 -16.6062984466553
314.371185302734 204.691360473633 -16.6062984466553
316.293060302734 205.117385864258 -24.6062984466553
0.216413561762749 -0.97630178238348 0
314.371185302734 204.691360473633 -24.6062984466553
316.293060302734 205.117385864258 -24.6062984466553
314.371185302734 204.691360473633 -16.6062984466553
0.216413561762749 -0.97630178238348 0
288.071411132813 196.75764465332 -16.6062984466553
287.609924316406 198.839660644531 -16.6062984466553
287.609924316406 198.839660644531 -24.6062984466553
-0.976301782383483 -0.216413561762736 0
287.609924316406 198.839660644531 -24.6062984466553
288.071411132813 196.75764465332 -24.6062984466553
288.071411132813 196.75764465332 -16.6062984466553
-0.976301782383483 -0.216413561762736 0
285.989410400391 196.296127319336 -16.6062984466553
288.071411132813 196.75764465332 -16.6062984466553
288.071411132813 196.75764465332 -24.6062984466553
-0.21641356176273 0.976301782383485 0
288.071411132813 196.75764465332 -24.6062984466553
285.989410400391 196.296127319336 -24.6062984466553
285.989410400391 196.296127319336 -16.6062984466553
-0.21641356176273 0.976301782383485 0
285.527893066406 198.378143310547 -16.6062984466553
285.989410400391 196.296127319336 -16.6062984466553
285.989410400391 196.296127319336 -24.6062984466553
0.976301782383483 0.216413561762736 0
285.989410400391 196.296127319336 -24.6062984466553
285.527893066406 198.378143310547 -24.6062984466553
285.527893066406 198.378143310547 -16.6062984466553
0.976301782383483 0.216413561762736 0
287.609924316406 198.839660644531 -16.6062984466553
285.527893066406 198.378143310547 -16.6062984466553
285.527893066406 198.378143310547 -24.6062984466553
0.21641356176273 -0.976301782383485 0
285.527893066406 198.378143310547 -24.6062984466553
287.609924316406 198.839660644531 -24.6062984466553
287.609924316406 198.839660644531 -16.6062984466553
0.21641356176273 -0.976301782383485 0
400.426513671875 217.010284423828 -16.6062984466553
400.426513671875 218.486663818359 -16.6062984466553
400.426513671875 218.486663818359 -24.6062984466553
-1 0 0
400.426513671875 218.486663818359 -24.6062984466553
400.426513671875 217.010284423828 -24.6062984466553
400.426513671875 217.010284423828 -16.6062984466553
-1 0 0
400.600433349609 217.010284423828 -16.6062984466553
400.426513671875 217.010284423828 -16.6062984466553
400.426513671875 217.010284423828 -24.6062984466553
0 -1 0
400.426513671875 217.010284423828 -24.6062984466553
400.600433349609 217.010284423828 -24.6062984466553
400.600433349609 217.010284423828 -16.6062984466553
0 -1 0
409.448822021484 217.010284423828 -16.6062984466553
400.600433349609 217.010284423828 -16.6062984466553
409.448822021484 217.010284423828 -24.6062984466553
-3.33576013002872E-15 -1 0
400.600433349609 217.010284423828 -24.6062984466553
409.448822021484 217.010284423828 -24.6062984466553
400.600433349609 217.010284423828 -16.6062984466553
-3.33576013002872E-15 -1 0
409.448822021484 208.232574462891 -16.6062984466553
409.448822021484 217.010284423828 -16.6062984466553
409.448822021484 208.232574462891 -24.6062984466553
-1 0 0
409.448822021484 217.010284423828 -24.6062984466553
409.448822021484 208.232574462891 -24.6062984466553
409.448822021484 217.010284423828 -16.6062984466553
-1 0 0
399.770355224609 208.232574462891 -16.6062984466553
409.448822021484 208.232574462891 -16.6062984466553
399.770355224609 208.232574462891 -24.6062984466553
3.15015892159539E-15 1 0
409.448822021484 208.232574462891 -24.6062984466553
399.770355224609 208.232574462891 -24.6062984466553
409.448822021484 208.232574462891 -16.6062984466553
3.15015892159539E-15 1 0
399.770355224609 216.180191040039 -16.6062984466553
399.770355224609 208.232574462891 -16.6062984466553
399.770355224609 208.232574462891 -24.6062984466553
1 0 0
399.770355224609 208.232574462891 -24.6062984466553
399.770355224609 216.180191040039 -24.6062984466553
399.770355224609 216.180191040039 -16.6062984466553
1 0 0
399.770355224609 216.190078735352 -16.6062984466553
399.770355224609 216.180191040039 -16.6062984466553
399.770355224609 216.190078735352 -24.6062984466553
1 0 0
399.770355224609 216.180191040039 -24.6062984466553
399.770355224609 216.190078735352 -24.6062984466553
399.770355224609 216.180191040039 -16.6062984466553
1 0 0
398.129913330078 216.190078735352 -16.6062984466553
399.770355224609 216.190078735352 -16.6062984466553
398.129913330078 216.190078735352 -24.6062984466553
0 1 0
399.770355224609 216.190078735352 -24.6062984466553
398.129913330078 216.190078735352 -24.6062984466553
399.770355224609 216.190078735352 -16.6062984466553
0 1 0
398.129913330078 218.486663818359 -16.6062984466553
398.129913330078 216.190078735352 -16.6062984466553
398.129913330078 218.486663818359 -24.6062984466553
1 0 0
398.129913330078 216.190078735352 -24.6062984466553
398.129913330078 218.486663818359 -24.6062984466553
398.129913330078 216.190078735352 -16.6062984466553
1 0 0
400.426513671875 218.486663818359 -16.6062984466553
398.129913330078 218.486663818359 -16.6062984466553
398.129913330078 218.486663818359 -24.6062984466553
0 -1 0
398.129913330078 218.486663818359 -24.6062984466553
400.426513671875 218.486663818359 -24.6062984466553
400.426513671875 218.486663818359 -16.6062984466553
0 -1 0
266.713928222656 195.702102661133 -16.6062984466553
266.713928222656 197.670608520508 -16.6062984466553
266.713928222656 195.702102661133 -24.6062984466553
-1 0 0
266.713928222656 197.670608520508 -24.6062984466553
266.713928222656 195.702102661133 -24.6062984466553
266.713928222656 197.670608520508 -16.6062984466553
-1 0 0
264.745422363281 195.702102661133 -16.6062984466553
266.713928222656 195.702102661133 -16.6062984466553
264.745422363281 195.702102661133 -24.6062984466553
0 1 0
266.713928222656 195.702102661133 -24.6062984466553
264.745422363281 195.702102661133 -24.6062984466553
266.713928222656 195.702102661133 -16.6062984466553
0 1 0
264.745422363281 197.670608520508 -16.6062984466553
264.745422363281 195.702102661133 -16.6062984466553
264.745422363281 197.670608520508 -24.6062984466553
1 0 0
264.745422363281 195.702102661133 -24.6062984466553
264.745422363281 197.670608520508 -24.6062984466553
264.745422363281 195.702102661133 -16.6062984466553
1 0 0
266.713928222656 197.670608520508 -16.6062984466553
264.745422363281 197.670608520508 -16.6062984466553
266.713928222656 197.670608520508 -24.6062984466553
0 -1 0
264.745422363281 197.670608520508 -24.6062984466553
266.713928222656 197.670608520508 -24.6062984466553
264.745422363281 197.670608520508 -16.6062984466553
0 -1 0
237.022338867188 195.866134643555 -16.6062984466553
237.022338867188 197.83464050293 -16.6062984466553
237.022338867188 195.866134643555 -24.6062984466553
-1 0 0
237.022338867188 197.83464050293 -24.6062984466553
237.022338867188 195.866134643555 -24.6062984466553
237.022338867188 197.83464050293 -16.6062984466553
-1 0 0
235.053833007813 195.866134643555 -16.6062984466553
237.022338867188 195.866134643555 -16.6062984466553
235.053833007813 195.866134643555 -24.6062984466553
0 1 0
237.022338867188 195.866134643555 -24.6062984466553
235.053833007813 195.866134643555 -24.6062984466553
237.022338867188 195.866134643555 -16.6062984466553
0 1 0
235.053833007813 197.83464050293 -16.6062984466553
235.053833007813 195.866134643555 -16.6062984466553
235.053833007813 197.83464050293 -24.6062984466553
1 0 0
235.053833007813 195.866134643555 -24.6062984466553
235.053833007813 197.83464050293 -24.6062984466553
235.053833007813 195.866134643555 -16.6062984466553
1 0 0
237.022338867188 197.83464050293 -16.6062984466553
235.053833007813 197.83464050293 -16.6062984466553
237.022338867188 197.83464050293 -24.6062984466553
0 -1 0
235.053833007813 197.83464050293 -24.6062984466553
237.022338867188 197.83464050293 -24.6062984466553
235.053833007813 197.83464050293 -16.6062984466553
0 -1 0
207.494781494141 195.866134643555 -16.6062984466553
207.494781494141 197.83464050293 -16.6062984466553
207.494781494141 195.866134643555 -24.6062984466553
-1 0 0
207.494781494141 197.83464050293 -24.6062984466553
207.494781494141 195.866134643555 -24.6062984466553
207.494781494141 197.83464050293 -16.6062984466553
-1 0 0
205.526275634766 195.866134643555 -16.6062984466553
207.494781494141 195.866134643555 -16.6062984466553
205.526275634766 195.866134643555 -24.6062984466553
0 1 0
207.494781494141 195.866134643555 -24.6062984466553
205.526275634766 195.866134643555 -24.6062984466553
207.494781494141 195.866134643555 -16.6062984466553
0 1 0
205.526275634766 197.83464050293 -16.6062984466553
205.526275634766 195.866134643555 -16.6062984466553
205.526275634766 197.83464050293 -24.6062984466553
1 0 0
205.526275634766 195.866134643555 -24.6062984466553
205.526275634766 197.83464050293 -24.6062984466553
205.526275634766 195.866134643555 -16.6062984466553
1 0 0
207.494781494141 197.83464050293 -16.6062984466553
205.526275634766 197.83464050293 -16.6062984466553
207.494781494141 197.83464050293 -24.6062984466553
0 -1 0
205.526275634766 197.83464050293 -24.6062984466553
207.494781494141 197.83464050293 -24.6062984466553
205.526275634766 197.83464050293 -16.6062984466553
0 -1 0
[HEADER]
545050,304
438.648284912109 261.875762939453 -16.6062984466553
429.7900390625 261.875762939453 -16.6062984466553
429.7900390625 260.891510009766 -16.6062984466553
0 0 1
429.7900390625 260.891510009766 -16.6062984466553
429.7900390625 247.932205200195 -16.6062984466553
438.648284912109 261.875762939453 -16.6062984466553
0 0 1
448.490814208984 261.875762939453 -16.6062984466553
438.648284912109 261.875762939453 -16.6062984466553
457.267059326172 247.932205200195 -16.6062984466553
0 0 1
457.513122558594 261.875762939453 -16.6062984466553
448.490814208984 261.875762939453 -16.6062984466553
457.513122558594 260.891510009766 -16.6062984466553
0 0 1
459.399597167969 247.932205200195 -16.6062984466553
459.153533935547 260.891510009766 -16.6062984466553
457.513122558594 260.891510009766 -16.6062984466553
0 0 1
461.450134277344 260.891510009766 -16.6062984466553
459.153533935547 260.891510009766 -16.6062984466553
459.399597167969 247.932205200195 -16.6062984466553
0 0 1
457.513122558594 260.891510009766 -16.6062984466553
448.490814208984 261.875762939453 -16.6062984466553
457.267059326172 247.932205200195 -16.6062984466553
0 0 1
438.648284912109 261.875762939453 -16.6062984466553
429.7900390625 247.932205200195 -16.6062984466553
457.267059326172 247.932205200195 -16.6062984466553
0 0 1
429.7900390625 247.604110717773 -16.6062984466553
457.267059326172 245.799652099609 -16.6062984466553
457.267059326172 247.932205200195 -16.6062984466553
0 0 1
457.267059326172 245.799652099609 -16.6062984466553
429.7900390625 247.604110717773 -16.6062984466553
429.7900390625 245.799652099609 -16.6062984466553
0 0 1
457.267059326172 245.799652099609 -16.6062984466553
429.7900390625 235.793090820313 -16.6062984466553
461.450134277344 231.199920654297 -16.6062984466553
0 0 1
429.7900390625 245.799652099609 -16.6062984466553
429.7900390625 235.793090820313 -16.6062984466553
457.267059326172 245.799652099609 -16.6062984466553
0 0 1
461.450134277344 231.199920654297 -16.6062984466553
429.7900390625 235.793090820313 -16.6062984466553
429.7900390625 231.199920654297 -16.6062984466553
0 0 1
457.267059326172 247.932205200195 -16.6062984466553
459.399597167969 247.932205200195 -16.6062984466553
457.513122558594 260.891510009766 -16.6062984466553
0 0 1
461.450134277344 247.604110717773 -16.6062984466553
459.399597167969 245.799652099609 -16.6062984466553
461.450134277344 231.199920654297 -16.6062984466553
0 0 1
459.399597167969 245.799652099609 -16.6062984466553
461.450134277344 247.604110717773 -16.6062984466553
459.399597167969 247.932205200195 -16.6062984466553
0 0 1
457.267059326172 245.799652099609 -16.6062984466553
461.450134277344 231.199920654297 -16.6062984466553
459.399597167969 245.799652099609 -16.6062984466553
0 0 1
459.399597167969 247.932205200195 -16.6062984466553
461.450134277344 247.604110717773 -16.6062984466553
461.450134277344 260.891510009766 -16.6062984466553
0 0 1
429.7900390625 247.604110717773 -16.6062984466553
457.267059326172 247.932205200195 -16.6062984466553
429.7900390625 247.932205200195 -16.6062984466553
0 0 1
429.7900390625 231.199920654297 -24.6062984466553
429.7900390625 235.793090820313 -24.6062984466553
461.450134277344 231.199920654297 -24.6062984466553
0 0 -1
429.7900390625 245.799652099609 -24.6062984466553
429.7900390625 247.604110717773 -24.6062984466553
457.267059326172 245.799652099609 -24.6062984466553
0 0 -1
429.7900390625 235.793090820313 -24.6062984466553
429.7900390625 245.799652099609 -24.6062984466553
457.267059326172 245.799652099609 -24.6062984466553
0 0 -1
461.450134277344 231.199920654297 -24.6062984466553
459.399597167969 245.799652099609 -24.6062984466553
461.450134277344 247.604110717773 -24.6062984466553
0 0 -1
459.399597167969 245.799652099609 -24.6062984466553
461.450134277344 231.199920654297 -24.6062984466553
457.267059326172 245.799652099609 -24.6062984466553
0 0 -1
459.399597167969 245.799652099609 -24.6062984466553
459.399597167969 247.932205200195 -24.6062984466553
461.450134277344 247.604110717773 -24.6062984466553
0 0 -1
457.267059326172 247.932205200195 -24.6062984466553
457.267059326172 245.799652099609 -24.6062984466553
429.7900390625 247.604110717773 -24.6062984466553
0 0 -1
461.450134277344 231.199920654297 -24.6062984466553
429.7900390625 235.793090820313 -24.6062984466553
457.267059326172 245.799652099609 -24.6062984466553
0 0 -1
429.7900390625 247.604110717773 -24.6062984466553
429.7900390625 247.932205200195 -24.6062984466553
457.267059326172 247.932205200195 -24.6062984466553
0 0 -1
429.7900390625 247.932205200195 -24.6062984466553
429.7900390625 260.891510009766 -24.6062984466553
438.648284912109 261.875762939453 -24.6062984466553
0 0 -1
448.490814208984 261.875762939453 -24.6062984466553
457.267059326172 247.932205200195 -24.6062984466553
438.648284912109 261.875762939453 -24.6062984466553
0 0 -1
429.7900390625 261.875762939453 -24.6062984466553
438.648284912109 261.875762939453 -24.6062984466553
429.7900390625 260.891510009766 -24.6062984466553
0 0 -1
457.513122558594 260.891510009766 -24.6062984466553
457.267059326172 247.932205200195 -24.6062984466553
448.490814208984 261.875762939453 -24.6062984466553
0 0 -1
459.399597167969 247.932205200195 -24.6062984466553
457.513122558594 260.891510009766 -24.6062984466553
459.153533935547 260.891510009766 -24.6062984466553
0 0 -1
459.399597167969 247.932205200195 -24.6062984466553
457.267059326172 247.932205200195 -24.6062984466553
457.513122558594 260.891510009766 -24.6062984466553
0 0 -1
459.153533935547 260.891510009766 -24.6062984466553
461.450134277344 260.891510009766 -24.6062984466553
459.399597167969 247.932205200195 -24.6062984466553
0 0 -1
457.513122558594 260.891510009766 -24.6062984466553
448.490814208984 261.875762939453 -24.6062984466553
457.513122558594 261.875762939453 -24.6062984466553
0 0 -1
459.399597167969 247.932205200195 -24.6062984466553
461.450134277344 260.891510009766 -24.6062984466553
461.450134277344 247.604110717773 -24.6062984466553
0 0 -1
457.267059326172 247.932205200195 -24.6062984466553
429.7900390625 247.932205200195 -24.6062984466553
438.648284912109 261.875762939453 -24.6062984466553
0 0 -1
429.7900390625 231.199920654297 -16.6062984466553
429.7900390625 235.793090820313 -16.6062984466553
429.7900390625 235.793090820313 -24.6062984466553
-1 1.15505827125159E-14 0
429.7900390625 235.793090820313 -24.6062984466553
429.7900390625 231.199920654297 -24.6062984466553
429.7900390625 231.199920654297 -16.6062984466553
-1 1.15505827125159E-14 0
461.450134277344 231.199920654297 -16.6062984466553
429.7900390625 231.199920654297 -16.6062984466553
429.7900390625 231.199920654297 -24.6062984466553
-3.51794397335022E-15 -1 0
429.7900390625 231.199920654297 -24.6062984466553
461.450134277344 231.199920654297 -24.6062984466553
461.450134277344 231.199920654297 -16.6062984466553
-3.51794397335022E-15 -1 0
461.450134277344 247.604110717773 -16.6062984466553
461.450134277344 231.199920654297 -16.6062984466553
461.450134277344 231.199920654297 -24.6062984466553
1 -3.39723020956447E-15 0
461.450134277344 231.199920654297 -24.6062984466553
461.450134277344 247.604110717773 -24.6062984466553
461.450134277344 247.604110717773 -16.6062984466553
1 -3.39723020956447E-15 0
461.450134277344 260.891510009766 -16.6062984466553
461.450134277344 247.604110717773 -16.6062984466553
461.450134277344 247.604110717773 -24.6062984466553
1 0 0
461.450134277344 247.604110717773 -24.6062984466553
461.450134277344 260.891510009766 -24.6062984466553
461.450134277344 260.891510009766 -16.6062984466553
1 0 0
459.153533935547 260.891510009766 -16.6062984466553
461.450134277344 260.891510009766 -16.6062984466553
461.450134277344 260.891510009766 -24.6062984466553
0 1 0
461.450134277344 260.891510009766 -24.6062984466553
459.153533935547 260.891510009766 -24.6062984466553
459.153533935547 260.891510009766 -16.6062984466553
0 1 0
457.513122558594 260.891510009766 -16.6062984466553
459.153533935547 260.891510009766 -16.6062984466553
457.513122558594 260.891510009766 -24.6062984466553
0 1 0
459.153533935547 260.891510009766 -24.6062984466553
457.513122558594 260.891510009766 -24.6062984466553
459.153533935547 260.891510009766 -16.6062984466553
0 1 0
457.513122558594 261.875762939453 -16.6062984466553
457.513122558594 260.891510009766 -16.6062984466553
457.513122558594 261.875762939453 -24.6062984466553
1 0 0
457.513122558594 260.891510009766 -24.6062984466553
457.513122558594 261.875762939453 -24.6062984466553
457.513122558594 260.891510009766 -16.6062984466553
1 0 0
448.490814208984 261.875762939453 -16.6062984466553
457.513122558594 261.875762939453 -16.6062984466553
448.490814208984 261.875762939453 -24.6062984466553
6.30031784318049E-15 1 0
457.513122558594 261.875762939453 -24.6062984466553
448.490814208984 261.875762939453 -24.6062984466553
457.513122558594 261.875762939453 -16.6062984466553
6.30031784318049E-15 1 0
438.648284912109 261.875762939453 -16.6062984466553
448.490814208984 261.875762939453 -16.6062984466553
438.648284912109 261.875762939453 -24.6062984466553
0 1 0
448.490814208984 261.875762939453 -24.6062984466553
438.648284912109 261.875762939453 -24.6062984466553
448.490814208984 261.875762939453 -16.6062984466553
0 1 0
429.7900390625 261.875762939453 -16.6062984466553
438.648284912109 261.875762939453 -16.6062984466553
429.7900390625 261.875762939453 -24.6062984466553
6.18781216739862E-15 1 0
438.648284912109 261.875762939453 -24.6062984466553
429.7900390625 261.875762939453 -24.6062984466553
438.648284912109 261.875762939453 -16.6062984466553
6.18781216739862E-15 1 0
429.7900390625 260.891510009766 -16.6062984466553
429.7900390625 261.875762939453 -16.6062984466553
429.7900390625 260.891510009766 -24.6062984466553
-1 0 0
429.7900390625 261.875762939453 -24.6062984466553
429.7900390625 260.891510009766 -24.6062984466553
429.7900390625 261.875762939453 -16.6062984466553
-1 0 0
429.7900390625 247.932205200195 -16.6062984466553
429.7900390625 260.891510009766 -16.6062984466553
429.7900390625 260.891510009766 -24.6062984466553
-1 0 0
429.7900390625 260.891510009766 -24.6062984466553
429.7900390625 247.932205200195 -24.6062984466553
429.7900390625 247.932205200195 -16.6062984466553
-1 0 0
429.7900390625 247.604110717773 -16.6062984466553
429.7900390625 247.932205200195 -16.6062984466553
429.7900390625 247.604110717773 -24.6062984466553
-1 0 0
429.7900390625 247.932205200195 -24.6062984466553
429.7900390625 247.604110717773 -24.6062984466553
429.7900390625 247.932205200195 -16.6062984466553
-1 0 0
429.7900390625 245.799652099609 -16.6062984466553
429.7900390625 247.604110717773 -16.6062984466553
429.7900390625 247.604110717773 -24.6062984466553
-1 0 0
429.7900390625 247.604110717773 -24.6062984466553
429.7900390625 245.799652099609 -24.6062984466553
429.7900390625 245.799652099609 -16.6062984466553
-1 0 0
429.7900390625 235.793090820313 -16.6062984466553
429.7900390625 245.799652099609 -16.6062984466553
429.7900390625 245.799652099609 -24.6062984466553
-1 0 0
429.7900390625 245.799652099609 -24.6062984466553
429.7900390625 235.793090820313 -24.6062984466553
429.7900390625 235.793090820313 -16.6062984466553
-1 0 0
459.399597167969 245.799652099609 -16.6062984466553
459.399597167969 247.932205200195 -16.6062984466553
459.399597167969 245.799652099609 -24.6062984466553
-1 0 0
459.399597167969 247.932205200195 -24.6062984466553
459.399597167969 245.799652099609 -24.6062984466553
459.399597167969 247.932205200195 -16.6062984466553
-1 0 0
457.267059326172 245.799652099609 -16.6062984466553
459.399597167969 245.799652099609 -16.6062984466553
457.267059326172 245.799652099609 -24.6062984466553
0 1 0
459.399597167969 245.799652099609 -24.6062984466553
457.267059326172 245.799652099609 -24.6062984466553
459.399597167969 245.799652099609 -16.6062984466553
0 1 0
457.267059326172 247.932205200195 -16.6062984466553
457.267059326172 245.799652099609 -16.6062984466553
457.267059326172 247.932205200195 -24.6062984466553
1 0 0
457.267059326172 245.799652099609 -24.6062984466553
457.267059326172 247.932205200195 -24.6062984466553
457.267059326172 245.799652099609 -16.6062984466553
1 0 0
459.399597167969 247.932205200195 -16.6062984466553
457.267059326172 247.932205200195 -16.6062984466553
459.399597167969 247.932205200195 -24.6062984466553
0 -1 0
457.267059326172 247.932205200195 -24.6062984466553
459.399597167969 247.932205200195 -24.6062984466553
457.267059326172 247.932205200195 -16.6062984466553
0 -1 0
[HEADER]
545053,160
462.106292724609 231.199920654297 -16.6062984466553
465.715209960938 235.46501159668 -16.6062984466553
465.715209960938 237.433517456055 -16.6062984466553
0 0 1
465.715209960938 235.46501159668 -16.6062984466553
474.081359863281 231.199920654297 -16.6062984466553
474.081359863281 235.46501159668 -16.6062984466553
0 0 1
462.106292724609 231.199920654297 -16.6062984466553
465.715209960938 237.433517456055 -16.6062984466553
462.106292724609 247.276031494141 -16.6062984466553
0 0 1
462.106292724609 247.276031494141 -16.6062984466553
465.715209960938 237.433517456055 -16.6062984466553
466.043304443359 237.433517456055 -16.6062984466553
0 0 1
465.715209960938 235.46501159668 -16.6062984466553
462.106292724609 231.199920654297 -16.6062984466553
474.081359863281 231.199920654297 -16.6062984466553
0 0 1
466.043304443359 235.793090820313 -16.6062984466553
474.081359863281 235.793090820313 -16.6062984466553
466.043304443359 237.433517456055 -16.6062984466553
0 0 1
474.081359863281 243.995193481445 -16.6062984466553
474.081359863281 247.276031494141 -16.6062984466553
462.106292724609 247.276031494141 -16.6062984466553
0 0 1
474.081359863281 243.995193481445 -16.6062984466553
466.043304443359 237.433517456055 -16.6062984466553
474.081359863281 235.793090820313 -16.6062984466553
0 0 1
474.081359863281 243.995193481445 -16.6062984466553
462.106292724609 247.276031494141 -16.6062984466553
466.043304443359 237.433517456055 -16.6062984466553
0 0 1
474.081359863281 243.995193481445 -24.6062984466553
474.081359863281 235.793090820313 -24.6062984466553
466.043304443359 237.433517456055 -24.6062984466553
0 0 -1
474.081359863281 247.276031494141 -24.6062984466553
474.081359863281 243.995193481445 -24.6062984466553
462.106292724609 247.276031494141 -24.6062984466553
0 0 -1
474.081359863281 231.199920654297 -24.6062984466553
465.715209960938 235.46501159668 -24.6062984466553
474.081359863281 235.46501159668 -24.6062984466553
0 0 -1
465.715209960938 235.46501159668 -24.6062984466553
474.081359863281 231.199920654297 -24.6062984466553
462.106292724609 231.199920654297 -24.6062984466553
0 0 -1
465.715209960938 235.46501159668 -24.6062984466553
462.106292724609 231.199920654297 -24.6062984466553
465.715209960938 237.433517456055 -24.6062984466553
0 0 -1
466.043304443359 237.433517456055 -24.6062984466553
465.715209960938 237.433517456055 -24.6062984466553
462.106292724609 247.276031494141 -24.6062984466553
0 0 -1
462.106292724609 247.276031494141 -24.6062984466553
465.715209960938 237.433517456055 -24.6062984466553
462.106292724609 231.199920654297 -24.6062984466553
0 0 -1
466.043304443359 237.433517456055 -24.6062984466553
462.106292724609 247.276031494141 -24.6062984466553
474.081359863281 243.995193481445 -24.6062984466553
0 0 -1
466.043304443359 235.793090820313 -24.6062984466553
466.043304443359 237.433517456055 -24.6062984466553
474.081359863281 235.793090820313 -24.6062984466553
0 0 -1
474.081359863281 231.199920654297 -16.6062984466553
462.106292724609 231.199920654297 -16.6062984466553
462.106292724609 231.199920654297 -24.6062984466553
-2.25011351542718E-15 -1 0
462.106292724609 231.199920654297 -24.6062984466553
474.081359863281 231.199920654297 -24.6062984466553
474.081359863281 231.199920654297 -16.6062984466553
-2.25011351542718E-15 -1 0
474.081359863281 235.46501159668 -16.6062984466553
474.081359863281 231.199920654297 -16.6062984466553
474.081359863281 235.46501159668 -24.6062984466553
1 0 0
474.081359863281 231.199920654297 -24.6062984466553
474.081359863281 235.46501159668 -24.6062984466553
474.081359863281 231.199920654297 -16.6062984466553
1 0 0
465.715209960938 235.46501159668 -16.6062984466553
474.081359863281 235.46501159668 -16.6062984466553
474.081359863281 235.46501159668 -24.6062984466553
3.33189885938322E-15 1 0
474.081359863281 235.46501159668 -24.6062984466553
465.715209960938 235.46501159668 -24.6062984466553
465.715209960938 235.46501159668 -16.6062984466553
3.33189885938322E-15 1 0
465.715209960938 237.433517456055 -16.6062984466553
465.715209960938 235.46501159668 -16.6062984466553
465.715209960938 235.46501159668 -24.6062984466553
1 0 0
465.715209960938 235.46501159668 -24.6062984466553
465.715209960938 237.433517456055 -24.6062984466553
465.715209960938 237.433517456055 -16.6062984466553
1 0 0
466.043304443359 237.433517456055 -16.6062984466553
465.715209960938 237.433517456055 -16.6062984466553
466.043304443359 237.433517456055 -24.6062984466553
0 -1 0
465.715209960938 237.433517456055 -24.6062984466553
466.043304443359 237.433517456055 -24.6062984466553
465.715209960938 237.433517456055 -16.6062984466553
0 -1 0
466.043304443359 235.793090820313 -16.6062984466553
466.043304443359 237.433517456055 -16.6062984466553
466.043304443359 237.433517456055 -24.6062984466553
-1 0 0
466.043304443359 237.433517456055 -24.6062984466553
466.043304443359 235.793090820313 -24.6062984466553
466.043304443359 235.793090820313 -16.6062984466553
-1 0 0
474.081359863281 235.793090820313 -16.6062984466553
466.043304443359 235.793090820313 -16.6062984466553
466.043304443359 235.793090820313 -24.6062984466553
-3.33189885938322E-15 -1 0
466.043304443359 235.793090820313 -24.6062984466553
474.081359863281 235.793090820313 -24.6062984466553
474.081359863281 235.793090820313 -16.6062984466553
-3.33189885938322E-15 -1 0
474.081359863281 243.995193481445 -16.6062984466553
474.081359863281 235.793090820313 -16.6062984466553
474.081359863281 243.995193481445 -24.6062984466553
1 0 0
474.081359863281 235.793090820313 -24.6062984466553
474.081359863281 243.995193481445 -24.6062984466553
474.081359863281 235.793090820313 -16.6062984466553
1 0 0
474.081359863281 247.276031494141 -16.6062984466553
474.081359863281 243.995193481445 -16.6062984466553
474.081359863281 247.276031494141 -24.6062984466553
1 0 0
474.081359863281 243.995193481445 -24.6062984466553
474.081359863281 247.276031494141 -24.6062984466553
474.081359863281 243.995193481445 -16.6062984466553
1 0 0
462.106292724609 247.276031494141 -16.6062984466553
474.081359863281 247.276031494141 -16.6062984466553
474.081359863281 247.276031494141 -24.6062984466553
-3.71268730045487E-13 1 0
474.081359863281 247.276031494141 -24.6062984466553
462.106292724609 247.276031494141 -24.6062984466553
462.106292724609 247.276031494141 -16.6062984466553
-3.71268730045487E-13 1 0
462.106292724609 231.199920654297 -16.6062984466553
462.106292724609 247.276031494141 -16.6062984466553
462.106292724609 247.276031494141 -24.6062984466553
-1 3.39723020956447E-15 0
462.106292724609 247.276031494141 -24.6062984466553
462.106292724609 231.199920654297 -24.6062984466553
462.106292724609 231.199920654297 -16.6062984466553
-1 3.39723020956447E-15 0
[HEADER]
545056,256
481.463256835938 260.891510009766 -16.6062984466553
478.018371582031 260.891510009766 -16.6062984466553
474.573486328125 252.623794555664 -16.6062984466553
0 0 1
472.112854003906 260.891510009766 -16.6062984466553
474.573486328125 252.623794555664 -16.6062984466553
478.018371582031 260.891510009766 -16.6062984466553
0 0 1
481.463256835938 260.891510009766 -16.6062984466553
474.573486328125 252.623794555664 -16.6062984466553
481.463256835938 247.932205200195 -16.6062984466553
0 0 1
474.742767333984 247.932205200195 -16.6062984466553
481.463256835938 247.932205200195 -16.6062984466553
474.573486328125 252.295715332031 -16.6062984466553
0 0 1
474.573486328125 252.295715332031 -16.6062984466553
474.409454345703 247.932205200195 -16.6062984466553
474.742767333984 247.932205200195 -16.6062984466553
0 0 1
471.784790039063 252.295715332031 -16.6062984466553
474.409454345703 247.932205200195 -16.6062984466553
474.573486328125 252.295715332031 -16.6062984466553
0 0 1
481.463256835938 247.932205200195 -16.6062984466553
474.573486328125 252.623794555664 -16.6062984466553
474.573486328125 252.295715332031 -16.6062984466553
0 0 1
472.112854003906 252.623794555664 -16.6062984466553
474.573486328125 252.623794555664 -16.6062984466553
472.112854003906 260.891510009766 -16.6062984466553
0 0 1
468.996063232422 252.623794555664 -16.6062984466553
471.456695556641 260.891510009766 -16.6062984466553
468.175842285156 260.891510009766 -16.6062984466553
0 0 1
468.996063232422 252.623794555664 -16.6062984466553
468.175842285156 260.891510009766 -16.6062984466553
462.106292724609 260.891510009766 -16.6062984466553
0 0 1
468.996063232422 252.623794555664 -16.6062984466553
462.106292724609 247.932205200195 -16.6062984466553
468.996063232422 252.295715332031 -16.6062984466553
0 0 1
462.106292724609 247.932205200195 -16.6062984466553
468.996063232422 252.623794555664 -16.6062984466553
462.106292724609 260.891510009766 -16.6062984466553
0 0 1
462.106292724609 247.932205200195 -16.6062984466553
474.409454345703 247.932205200195 -16.6062984466553
468.996063232422 252.295715332031 -16.6062984466553
0 0 1
471.456695556641 252.623794555664 -16.6062984466553
471.456695556641 260.891510009766 -16.6062984466553
468.996063232422 252.623794555664 -16.6062984466553
0 0 1
468.996063232422 252.295715332031 -16.6062984466553
474.409454345703 247.932205200195 -16.6062984466553
471.784790039063 252.295715332031 -16.6062984466553
0 0 1
468.996063232422 252.623794555664 -24.6062984466553
462.106292724609 260.891510009766 -24.6062984466553
468.175842285156 260.891510009766 -24.6062984466553
0 0 -1
468.175842285156 260.891510009766 -24.6062984466553
471.456695556641 260.891510009766 -24.6062984466553
468.996063232422 252.623794555664 -24.6062984466553
0 0 -1
471.456695556641 252.623794555664 -24.6062984466553
468.996063232422 252.623794555664 -24.6062984466553
471.456695556641 260.891510009766 -24.6062984466553
0 0 -1
474.409454345703 247.932205200195 -24.6062984466553
462.106292724609 247.932205200195 -24.6062984466553
468.996063232422 252.295715332031 -24.6062984466553
0 0 -1
468.996063232422 252.295715332031 -24.6062984466553
462.106292724609 247.932205200195 -24.6062984466553
468.996063232422 252.623794555664 -24.6062984466553
0 0 -1
462.106292724609 247.932205200195 -24.6062984466553
462.106292724609 260.891510009766 -24.6062984466553
468.996063232422 252.623794555664 -24.6062984466553
0 0 -1
474.409454345703 247.932205200195 -24.6062984466553
468.996063232422 252.295715332031 -24.6062984466553
471.784790039063 252.295715332031 -24.6062984466553
0 0 -1
474.573486328125 252.623794555664 -24.6062984466553
472.112854003906 252.623794555664 -24.6062984466553
472.112854003906 260.891510009766 -24.6062984466553
0 0 -1
474.573486328125 252.623794555664 -24.6062984466553
472.112854003906 260.891510009766 -24.6062984466553
478.018371582031 260.891510009766 -24.6062984466553
0 0 -1
474.573486328125 252.623794555664 -24.6062984466553
478.018371582031 260.891510009766 -24.6062984466553
481.463256835938 260.891510009766 -24.6062984466553
0 0 -1
474.573486328125 252.295715332031 -24.6062984466553
474.409454345703 247.932205200195 -24.6062984466553
471.784790039063 252.295715332031 -24.6062984466553
0 0 -1
474.573486328125 252.295715332031 -24.6062984466553
481.463256835938 247.932205200195 -24.6062984466553
474.742767333984 247.932205200195 -24.6062984466553
0 0 -1
481.463256835938 247.932205200195 -24.6062984466553
474.573486328125 252.295715332031 -24.6062984466553
474.573486328125 252.623794555664 -24.6062984466553
0 0 -1
474.573486328125 252.295715332031 -24.6062984466553
474.742767333984 247.932205200195 -24.6062984466553
474.409454345703 247.932205200195 -24.6062984466553
0 0 -1
474.573486328125 252.623794555664 -24.6062984466553
481.463256835938 260.891510009766 -24.6062984466553
481.463256835938 247.932205200195 -24.6062984466553
0 0 -1
478.018371582031 260.891510009766 -16.6062984466553
481.463256835938 260.891510009766 -16.6062984466553
481.463256835938 260.891510009766 -24.6062984466553
0 1 0
481.463256835938 260.891510009766 -24.6062984466553
478.018371582031 260.891510009766 -24.6062984466553
478.018371582031 260.891510009766 -16.6062984466553
0 1 0
472.112854003906 260.891510009766 -16.6062984466553
478.018371582031 260.891510009766 -16.6062984466553
472.112854003906 260.891510009766 -24.6062984466553
9.11888108884195E-15 1 0
478.018371582031 260.891510009766 -24.6062984466553
472.112854003906 260.891510009766 -24.6062984466553
478.018371582031 260.891510009766 -16.6062984466553
9.11888108884195E-15 1 0
472.112854003906 252.623794555664 -16.6062984466553
472.112854003906 260.891510009766 -16.6062984466553
472.112854003906 260.891510009766 -24.6062984466553
-1 0 0
472.112854003906 260.891510009766 -24.6062984466553
472.112854003906 252.623794555664 -24.6062984466553
472.112854003906 252.623794555664 -16.6062984466553
-1 0 0
474.573486328125 252.623794555664 -16.6062984466553
472.112854003906 252.623794555664 -16.6062984466553
474.573486328125 252.623794555664 -24.6062984466553
0 -1 0
472.112854003906 252.623794555664 -24.6062984466553
474.573486328125 252.623794555664 -24.6062984466553
472.112854003906 252.623794555664 -16.6062984466553
0 -1 0
474.573486328125 252.295715332031 -16.6062984466553
474.573486328125 252.623794555664 -16.6062984466553
474.573486328125 252.623794555664 -24.6062984466553
-1 0 0
474.573486328125 252.623794555664 -24.6062984466553
474.573486328125 252.295715332031 -24.6062984466553
474.573486328125 252.295715332031 -16.6062984466553
-1 0 0
471.784790039063 252.295715332031 -16.6062984466553
474.573486328125 252.295715332031 -16.6062984466553
474.573486328125 252.295715332031 -24.6062984466553
0 1 0
474.573486328125 252.295715332031 -24.6062984466553
471.784790039063 252.295715332031 -24.6062984466553
471.784790039063 252.295715332031 -16.6062984466553
0 1 0
468.996063232422 252.295715332031 -16.6062984466553
471.784790039063 252.295715332031 -16.6062984466553
471.784790039063 252.295715332031 -24.6062984466553
1.01916906286908E-14 1 0
471.784790039063 252.295715332031 -24.6062984466553
468.996063232422 252.295715332031 -24.6062984466553
468.996063232422 252.295715332031 -16.6062984466553
1.01916906286908E-14 1 0
468.996063232422 252.623794555664 -16.6062984466553
468.996063232422 252.295715332031 -16.6062984466553
468.996063232422 252.295715332031 -24.6062984466553
1 0 0
468.996063232422 252.295715332031 -24.6062984466553
468.996063232422 252.623794555664 -24.6062984466553
468.996063232422 252.623794555664 -16.6062984466553
1 0 0
471.456695556641 252.623794555664 -16.6062984466553
468.996063232422 252.623794555664 -16.6062984466553
471.456695556641 252.623794555664 -24.6062984466553
-1.01916906286908E-14 -1 0
468.996063232422 252.623794555664 -24.6062984466553
471.456695556641 252.623794555664 -24.6062984466553
468.996063232422 252.623794555664 -16.6062984466553
-1.01916906286908E-14 -1 0
471.456695556641 260.891510009766 -16.6062984466553
471.456695556641 252.623794555664 -16.6062984466553
471.456695556641 252.623794555664 -24.6062984466553
1 0 0
471.456695556641 252.623794555664 -24.6062984466553
471.456695556641 260.891510009766 -24.6062984466553
471.456695556641 260.891510009766 -16.6062984466553
1 0 0
468.175842285156 260.891510009766 -16.6062984466553
471.456695556641 260.891510009766 -16.6062984466553
471.456695556641 260.891510009766 -24.6062984466553
0 1 0
471.456695556641 260.891510009766 -24.6062984466553
468.175842285156 260.891510009766 -24.6062984466553
468.175842285156 260.891510009766 -16.6062984466553
0 1 0
462.106292724609 260.891510009766 -16.6062984466553
468.175842285156 260.891510009766 -16.6062984466553
462.106292724609 260.891510009766 -24.6062984466553
0 1 0
468.175842285156 260.891510009766 -24.6062984466553
462.106292724609 260.891510009766 -24.6062984466553
468.175842285156 260.891510009766 -16.6062984466553
0 1 0
462.106292724609 247.932205200195 -16.6062984466553
462.106292724609 260.891510009766 -16.6062984466553
462.106292724609 260.891510009766 -24.6062984466553
-1 0 0
462.106292724609 260.891510009766 -24.6062984466553
462.106292724609 247.932205200195 -24.6062984466553
462.106292724609 247.932205200195 -16.6062984466553
-1 0 0
474.409454345703 247.932205200195 -16.6062984466553
462.106292724609 247.932205200195 -16.6062984466553
462.106292724609 247.932205200195 -24.6062984466553
3.71268730045487E-13 -1 0
462.106292724609 247.932205200195 -24.6062984466553
474.409454345703 247.932205200195 -24.6062984466553
474.409454345703 247.932205200195 -16.6062984466553
3.71268730045487E-13 -1 0
474.742767333984 247.932205200195 -16.6062984466553
474.409454345703 247.932205200195 -16.6062984466553
474.742767333984 247.932205200195 -24.6062984466553
0 -1 0
474.409454345703 247.932205200195 -24.6062984466553
474.742767333984 247.932205200195 -24.6062984466553
474.409454345703 247.932205200195 -16.6062984466553
0 -1 0
481.463256835938 247.932205200195 -16.6062984466553
474.742767333984 247.932205200195 -16.6062984466553
474.742767333984 247.932205200195 -24.6062984466553
-4.03226492775524E-15 -1 0
474.742767333984 247.932205200195 -24.6062984466553
481.463256835938 247.932205200195 -24.6062984466553
481.463256835938 247.932205200195 -16.6062984466553
-4.03226492775524E-15 -1 0
481.463256835938 260.891510009766 -16.6062984466553
481.463256835938 247.932205200195 -16.6062984466553
481.463256835938 247.932205200195 -24.6062984466553
1 0 0
481.463256835938 247.932205200195 -24.6062984466553
481.463256835938 260.891510009766 -24.6062984466553
481.463256835938 260.891510009766 -16.6062984466553
1 0 0
[HEADER]
545059,224
482.119415283203 260.891510009766 -16.6062984466553
482.119415283203 247.932205200195 -16.6062984466553
486.794616699219 247.932205200195 -16.6062984466553
0 0 1
486.794616699219 247.932205200195 -16.6062984466553
491.469818115234 254.264221191406 -16.6062984466553
487.040679931641 260.891510009766 -16.6062984466553
0 0 1
482.119415283203 260.891510009766 -16.6062984466553
486.794616699219 247.932205200195 -16.6062984466553
487.040679931641 260.891510009766 -16.6062984466553
0 0 1
491.469818115234 254.264221191406 -16.6062984466553
491.469818115234 260.891510009766 -16.6062984466553
488.681091308594 260.891510009766 -16.6062984466553
0 0 1
487.040679931641 260.891510009766 -16.6062984466553
491.469818115234 254.264221191406 -16.6062984466553
488.681091308594 260.891510009766 -16.6062984466553
0 0 1
491.469818115234 254.264221191406 -16.6062984466553
486.794616699219 247.932205200195 -16.6062984466553
488.927154541016 247.932205200195 -16.6062984466553
0 0 1
494.586608886719 254.264221191406 -16.6062984466553
501.476379394531 247.932205200195 -16.6062984466553
501.476379394531 260.891510009766 -16.6062984466553
0 0 1
494.586608886719 254.264221191406 -16.6062984466553
491.469818115234 254.264221191406 -16.6062984466553
488.927154541016 247.932205200195 -16.6062984466553
0 0 1
488.927154541016 247.932205200195 -16.6062984466553
501.476379394531 247.932205200195 -16.6062984466553
494.586608886719 254.264221191406 -16.6062984466553
0 0 1
492.1259765625 260.891510009766 -16.6062984466553
492.1259765625 254.592300415039 -16.6062984466553
494.422576904297 260.891510009766 -16.6062984466553
0 0 1
494.586608886719 254.592300415039 -16.6062984466553
501.476379394531 260.891510009766 -16.6062984466553
494.422576904297 260.891510009766 -16.6062984466553
0 0 1
501.476379394531 260.891510009766 -16.6062984466553
494.586608886719 254.592300415039 -16.6062984466553
494.586608886719 254.264221191406 -16.6062984466553
0 0 1
492.1259765625 254.592300415039 -16.6062984466553
494.586608886719 254.592300415039 -16.6062984466553
494.422576904297 260.891510009766 -16.6062984466553
0 0 1
488.927154541016 247.932205200195 -24.6062984466553
494.586608886719 254.264221191406 -24.6062984466553
501.476379394531 247.932205200195 -24.6062984466553
0 0 -1
501.476379394531 247.932205200195 -24.6062984466553
494.586608886719 254.264221191406 -24.6062984466553
501.476379394531 260.891510009766 -24.6062984466553
0 0 -1
501.476379394531 260.891510009766 -24.6062984466553
494.586608886719 254.592300415039 -24.6062984466553
494.422576904297 260.891510009766 -24.6062984466553
0 0 -1
494.586608886719 254.592300415039 -24.6062984466553
501.476379394531 260.891510009766 -24.6062984466553
494.586608886719 254.264221191406 -24.6062984466553
0 0 -1
494.422576904297 260.891510009766 -24.6062984466553
494.586608886719 254.592300415039 -24.6062984466553
492.1259765625 254.592300415039 -24.6062984466553
0 0 -1
492.1259765625 254.592300415039 -24.6062984466553
492.1259765625 260.891510009766 -24.6062984466553
494.422576904297 260.891510009766 -24.6062984466553
0 0 -1
491.469818115234 254.264221191406 -24.6062984466553
488.927154541016 247.932205200195 -24.6062984466553
486.794616699219 247.932205200195 -24.6062984466553
0 0 -1
488.927154541016 247.932205200195 -24.6062984466553
491.469818115234 254.264221191406 -24.6062984466553
494.586608886719 254.264221191406 -24.6062984466553
0 0 -1
491.469818115234 254.264221191406 -24.6062984466553
486.794616699219 247.932205200195 -24.6062984466553
487.040679931641 260.891510009766 -24.6062984466553
0 0 -1
482.119415283203 260.891510009766 -24.6062984466553
486.794616699219 247.932205200195 -24.6062984466553
482.119415283203 247.932205200195 -24.6062984466553
0 0 -1
488.681091308594 260.891510009766 -24.6062984466553
491.469818115234 260.891510009766 -24.6062984466553
491.469818115234 254.264221191406 -24.6062984466553
0 0 -1
487.040679931641 260.891510009766 -24.6062984466553
488.681091308594 260.891510009766 -24.6062984466553
491.469818115234 254.264221191406 -24.6062984466553
0 0 -1
486.794616699219 247.932205200195 -24.6062984466553
482.119415283203 260.891510009766 -24.6062984466553
487.040679931641 260.891510009766 -24.6062984466553
0 0 -1
501.476379394531 247.932205200195 -16.6062984466553
488.927154541016 247.932205200195 -16.6062984466553
488.927154541016 247.932205200195 -24.6062984466553
-2.2501135154237E-15 -1 0
488.927154541016 247.932205200195 -24.6062984466553
501.476379394531 247.932205200195 -24.6062984466553
501.476379394531 247.932205200195 -16.6062984466553
-2.2501135154237E-15 -1 0
501.476379394531 260.891510009766 -16.6062984466553
501.476379394531 247.932205200195 -16.6062984466553
501.476379394531 247.932205200195 -24.6062984466553
1 0 0
501.476379394531 247.932205200195 -24.6062984466553
501.476379394531 260.891510009766 -24.6062984466553
501.476379394531 260.891510009766 -16.6062984466553
1 0 0
494.422576904297 260.891510009766 -16.6062984466553
501.476379394531 260.891510009766 -16.6062984466553
501.476379394531 260.891510009766 -24.6062984466553
7.70038847501112E-15 1 0
501.476379394531 260.891510009766 -24.6062984466553
494.422576904297 260.891510009766 -24.6062984466553
494.422576904297 260.891510009766 -16.6062984466553
7.70038847501112E-15 1 0
492.1259765625 260.891510009766 -16.6062984466553
494.422576904297 260.891510009766 -16.6062984466553
494.422576904297 260.891510009766 -24.6062984466553
0 1 0
494.422576904297 260.891510009766 -24.6062984466553
492.1259765625 260.891510009766 -24.6062984466553
492.1259765625 260.891510009766 -16.6062984466553
0 1 0
492.1259765625 254.592300415039 -16.6062984466553
492.1259765625 260.891510009766 -16.6062984466553
492.1259765625 254.592300415039 -24.6062984466553
-1 0 0
492.1259765625 260.891510009766 -24.6062984466553
492.1259765625 254.592300415039 -24.6062984466553
492.1259765625 260.891510009766 -16.6062984466553
-1 0 0
494.586608886719 254.592300415039 -16.6062984466553
492.1259765625 254.592300415039 -16.6062984466553
494.586608886719 254.592300415039 -24.6062984466553
0 -1 0
492.1259765625 254.592300415039 -24.6062984466553
494.586608886719 254.592300415039 -24.6062984466553
492.1259765625 254.592300415039 -16.6062984466553
0 -1 0
494.586608886719 254.264221191406 -16.6062984466553
494.586608886719 254.592300415039 -16.6062984466553
494.586608886719 254.592300415039 -24.6062984466553
-1 0 0
494.586608886719 254.592300415039 -24.6062984466553
494.586608886719 254.264221191406 -24.6062984466553
494.586608886719 254.264221191406 -16.6062984466553
-1 0 0
491.469818115234 254.264221191406 -16.6062984466553
494.586608886719 254.264221191406 -16.6062984466553
491.469818115234 254.264221191406 -24.6062984466553
0 1 0
494.586608886719 254.264221191406 -24.6062984466553
491.469818115234 254.264221191406 -24.6062984466553
494.586608886719 254.264221191406 -16.6062984466553
0 1 0
491.469818115234 260.891510009766 -16.6062984466553
491.469818115234 254.264221191406 -16.6062984466553
491.469818115234 260.891510009766 -24.6062984466553
1 0 0
491.469818115234 254.264221191406 -24.6062984466553
491.469818115234 260.891510009766 -24.6062984466553
491.469818115234 254.264221191406 -16.6062984466553
1 0 0
488.681091308594 260.891510009766 -16.6062984466553
491.469818115234 260.891510009766 -16.6062984466553
488.681091308594 260.891510009766 -24.6062984466553
0 1 0
491.469818115234 260.891510009766 -24.6062984466553
488.681091308594 260.891510009766 -24.6062984466553
491.469818115234 260.891510009766 -16.6062984466553
0 1 0
487.040679931641 260.891510009766 -16.6062984466553
488.681091308594 260.891510009766 -16.6062984466553
487.040679931641 260.891510009766 -24.6062984466553
0 1 0
488.681091308594 260.891510009766 -24.6062984466553
487.040679931641 260.891510009766 -24.6062984466553
488.681091308594 260.891510009766 -16.6062984466553
0 1 0
482.119415283203 260.891510009766 -16.6062984466553
487.040679931641 260.891510009766 -16.6062984466553
487.040679931641 260.891510009766 -24.6062984466553
0 1 0
487.040679931641 260.891510009766 -24.6062984466553
482.119415283203 260.891510009766 -24.6062984466553
482.119415283203 260.891510009766 -16.6062984466553
0 1 0
482.119415283203 247.932205200195 -16.6062984466553
482.119415283203 260.891510009766 -16.6062984466553
482.119415283203 260.891510009766 -24.6062984466553
-1 0 0
482.119415283203 260.891510009766 -24.6062984466553
482.119415283203 247.932205200195 -24.6062984466553
482.119415283203 247.932205200195 -16.6062984466553
-1 0 0
486.794616699219 247.932205200195 -16.6062984466553
482.119415283203 247.932205200195 -16.6062984466553
482.119415283203 247.932205200195 -24.6062984466553
0 -1 0
482.119415283203 247.932205200195 -24.6062984466553
486.794616699219 247.932205200195 -24.6062984466553
486.794616699219 247.932205200195 -16.6062984466553
0 -1 0
488.927154541016 247.932205200195 -16.6062984466553
486.794616699219 247.932205200195 -16.6062984466553
488.927154541016 247.932205200195 -24.6062984466553
0 -1 0
486.794616699219 247.932205200195 -24.6062984466553
488.927154541016 247.932205200195 -24.6062984466553
486.794616699219 247.932205200195 -16.6062984466553
0 -1 0
[HEADER]
545062,176
489.501312255859 235.46501159668 -16.6062984466553
489.501312255859 231.199920654297 -16.6062984466553
497.867462158203 235.46501159668 -16.6062984466553
0 0 1
501.476379394531 247.276031494141 -16.6062984466553
489.501312255859 247.276031494141 -16.6062984466553
489.501312255859 245.799652099609 -16.6062984466553
0 0 1
501.476379394531 247.276031494141 -16.6062984466553
489.501312255859 245.799652099609 -16.6062984466553
489.501312255859 243.995193481445 -16.6062984466553
0 0 1
489.501312255859 235.793090820313 -16.6062984466553
497.539367675781 237.433517456055 -16.6062984466553
489.501312255859 243.995193481445 -16.6062984466553
0 0 1
497.867462158203 235.46501159668 -16.6062984466553
489.501312255859 231.199920654297 -16.6062984466553
501.476379394531 231.199920654297 -16.6062984466553
0 0 1
497.867462158203 235.46501159668 -16.6062984466553
501.476379394531 231.199920654297 -16.6062984466553
497.867462158203 237.433517456055 -16.6062984466553
0 0 1
497.539367675781 237.433517456055 -16.6062984466553
497.867462158203 237.433517456055 -16.6062984466553
501.476379394531 247.276031494141 -16.6062984466553
0 0 1
501.476379394531 247.276031494141 -16.6062984466553
497.867462158203 237.433517456055 -16.6062984466553
501.476379394531 231.199920654297 -16.6062984466553
0 0 1
497.539367675781 237.433517456055 -16.6062984466553
501.476379394531 247.276031494141 -16.6062984466553
489.501312255859 243.995193481445 -16.6062984466553
0 0 1
497.539367675781 235.793090820313 -16.6062984466553
497.539367675781 237.433517456055 -16.6062984466553
489.501312255859 235.793090820313 -16.6062984466553
0 0 1
489.501312255859 231.199920654297 -24.6062984466553
489.501312255859 235.46501159668 -24.6062984466553
497.867462158203 235.46501159668 -24.6062984466553
0 0 -1
489.501312255859 231.199920654297 -24.6062984466553
497.867462158203 235.46501159668 -24.6062984466553
501.476379394531 231.199920654297 -24.6062984466553
0 0 -1
501.476379394531 231.199920654297 -24.6062984466553
497.867462158203 235.46501159668 -24.6062984466553
497.867462158203 237.433517456055 -24.6062984466553
0 0 -1
501.476379394531 247.276031494141 -24.6062984466553
497.867462158203 237.433517456055 -24.6062984466553
497.539367675781 237.433517456055 -24.6062984466553
0 0 -1
497.867462158203 237.433517456055 -24.6062984466553
501.476379394531 247.276031494141 -24.6062984466553
501.476379394531 231.199920654297 -24.6062984466553
0 0 -1
501.476379394531 247.276031494141 -24.6062984466553
497.539367675781 237.433517456055 -24.6062984466553
489.501312255859 243.995193481445 -24.6062984466553
0 0 -1
497.539367675781 235.793090820313 -24.6062984466553
489.501312255859 235.793090820313 -24.6062984466553
497.539367675781 237.433517456055 -24.6062984466553
0 0 -1
489.501312255859 245.799652099609 -24.6062984466553
489.501312255859 247.276031494141 -24.6062984466553
501.476379394531 247.276031494141 -24.6062984466553
0 0 -1
489.501312255859 245.799652099609 -24.6062984466553
501.476379394531 247.276031494141 -24.6062984466553
489.501312255859 243.995193481445 -24.6062984466553
0 0 -1
489.501312255859 235.793090820313 -24.6062984466553
489.501312255859 243.995193481445 -24.6062984466553
497.539367675781 237.433517456055 -24.6062984466553
0 0 -1
501.476379394531 231.199920654297 -16.6062984466553
489.501312255859 231.199920654297 -16.6062984466553
489.501312255859 231.199920654297 -24.6062984466553
-2.25011351542371E-15 -1 0
489.501312255859 231.199920654297 -24.6062984466553
501.476379394531 231.199920654297 -24.6062984466553
501.476379394531 231.199920654297 -16.6062984466553
-2.25011351542371E-15 -1 0
501.476379394531 247.276031494141 -16.6062984466553
501.476379394531 231.199920654297 -16.6062984466553
501.476379394531 231.199920654297 -24.6062984466553
1 -3.39723020956427E-15 0
501.476379394531 231.199920654297 -24.6062984466553
501.476379394531 247.276031494141 -24.6062984466553
501.476379394531 247.276031494141 -16.6062984466553
1 -3.39723020956427E-15 0
489.501312255859 247.276031494141 -16.6062984466553
501.476379394531 247.276031494141 -16.6062984466553
501.476379394531 247.276031494141 -24.6062984466553
2.2501135154237E-15 1 0
501.476379394531 247.276031494141 -24.6062984466553
489.501312255859 247.276031494141 -24.6062984466553
489.501312255859 247.276031494141 -16.6062984466553
2.2501135154237E-15 1 0
489.501312255859 245.799652099609 -16.6062984466553
489.501312255859 247.276031494141 -16.6062984466553
489.501312255859 245.799652099609 -24.6062984466553
-1 0 0
489.501312255859 247.276031494141 -24.6062984466553
489.501312255859 245.799652099609 -24.6062984466553
489.501312255859 247.276031494141 -16.6062984466553
-1 0 0
489.501312255859 243.995193481445 -16.6062984466553
489.501312255859 245.799652099609 -16.6062984466553
489.501312255859 245.799652099609 -24.6062984466553
-1 0 0
489.501312255859 245.799652099609 -24.6062984466553
489.501312255859 243.995193481445 -24.6062984466553
489.501312255859 243.995193481445 -16.6062984466553
-1 0 0
489.501312255859 235.793090820313 -16.6062984466553
489.501312255859 243.995193481445 -16.6062984466553
489.501312255859 235.793090820313 -24.6062984466553
-1 0 0
489.501312255859 243.995193481445 -24.6062984466553
489.501312255859 235.793090820313 -24.6062984466553
489.501312255859 243.995193481445 -16.6062984466553
-1 0 0
497.539367675781 235.793090820313 -16.6062984466553
489.501312255859 235.793090820313 -16.6062984466553
489.501312255859 235.793090820313 -24.6062984466553
-3.3318988593832E-15 -1 0
489.501312255859 235.793090820313 -24.6062984466553
497.539367675781 235.793090820313 -24.6062984466553
497.539367675781 235.793090820313 -16.6062984466553
-3.3318988593832E-15 -1 0
497.539367675781 237.433517456055 -16.6062984466553
497.539367675781 235.793090820313 -16.6062984466553
497.539367675781 235.793090820313 -24.6062984466553
1 0 0
497.539367675781 235.793090820313 -24.6062984466553
497.539367675781 237.433517456055 -24.6062984466553
497.539367675781 237.433517456055 -16.6062984466553
1 0 0
497.867462158203 237.433517456055 -16.6062984466553
497.539367675781 237.433517456055 -16.6062984466553
497.867462158203 237.433517456055 -24.6062984466553
0 -1 0
497.539367675781 237.433517456055 -24.6062984466553
497.867462158203 237.433517456055 -24.6062984466553
497.539367675781 237.433517456055 -16.6062984466553
0 -1 0
497.867462158203 235.46501159668 -16.6062984466553
497.867462158203 237.433517456055 -16.6062984466553
497.867462158203 235.46501159668 -24.6062984466553
-1 0 0
497.867462158203 237.433517456055 -24.6062984466553
497.867462158203 235.46501159668 -24.6062984466553
497.867462158203 237.433517456055 -16.6062984466553
-1 0 0
489.501312255859 235.46501159668 -16.6062984466553
497.867462158203 235.46501159668 -16.6062984466553
497.867462158203 235.46501159668 -24.6062984466553
3.3318988593832E-15 1 0
497.867462158203 235.46501159668 -24.6062984466553
489.501312255859 235.46501159668 -24.6062984466553
489.501312255859 235.46501159668 -16.6062984466553
3.3318988593832E-15 1 0
489.501312255859 231.199920654297 -16.6062984466553
489.501312255859 235.46501159668 -16.6062984466553
489.501312255859 231.199920654297 -24.6062984466553
-1 0 0
489.501312255859 235.46501159668 -24.6062984466553
489.501312255859 231.199920654297 -24.6062984466553
489.501312255859 235.46501159668 -16.6062984466553
-1 0 0
[HEADER]
545065,144
464.238830566406 217.830490112305 -16.6062984466553
461.778228759766 207.577865600586 -16.6062984466553
483.595794677734 207.577865600586 -16.6062984466553
0 0 1
464.238830566406 217.830490112305 -16.6062984466553
461.778228759766 217.830490112305 -16.6062984466553
461.778228759766 207.577865600586 -16.6062984466553
0 0 1
464.238830566406 222.013565063477 -16.6062984466553
464.238830566406 217.830490112305 -16.6062984466553
483.595794677734 222.013565063477 -16.6062984466553
0 0 1
461.778228759766 207.577865600586 -16.6062984466553
461.778228759766 187.059143066406 -16.6062984466553
479.330718994141 189.850967407227 -16.6062984466553
0 0 1
479.330718994141 186.974197387695 -16.6062984466553
483.595794677734 186.974197387695 -16.6062984466553
479.330718994141 189.850967407227 -16.6062984466553
0 0 1
483.595794677734 207.577865600586 -16.6062984466553
483.595794677734 222.013565063477 -16.6062984466553
464.238830566406 217.830490112305 -16.6062984466553
0 0 1
483.595794677734 207.577865600586 -16.6062984466553
479.330718994141 189.850967407227 -16.6062984466553
483.595794677734 186.974197387695 -16.6062984466553
0 0 1
483.595794677734 207.577865600586 -16.6062984466553
461.778228759766 207.577865600586 -16.6062984466553
479.330718994141 189.850967407227 -16.6062984466553
0 0 1
483.595794677734 186.974197387695 -24.6062984466553
479.330718994141 186.974197387695 -24.6062984466553
479.330718994141 189.850967407227 -24.6062984466553
0 0 -1
464.238830566406 217.830490112305 -24.6062984466553
483.595794677734 222.013565063477 -24.6062984466553
483.595794677734 207.577865600586 -24.6062984466553
0 0 -1
479.330718994141 189.850967407227 -24.6062984466553
483.595794677734 207.577865600586 -24.6062984466553
483.595794677734 186.974197387695 -24.6062984466553
0 0 -1
461.778228759766 207.577865600586 -24.6062984466553
483.595794677734 207.577865600586 -24.6062984466553
479.330718994141 189.850967407227 -24.6062984466553
0 0 -1
461.778228759766 207.577865600586 -24.6062984466553
464.238830566406 217.830490112305 -24.6062984466553
483.595794677734 207.577865600586 -24.6062984466553
0 0 -1
464.238830566406 217.830490112305 -24.6062984466553
464.238830566406 222.013565063477 -24.6062984466553
483.595794677734 222.013565063477 -24.6062984466553
0 0 -1
461.778228759766 217.830490112305 -24.6062984466553
464.238830566406 217.830490112305 -24.6062984466553
461.778228759766 207.577865600586 -24.6062984466553
0 0 -1
461.778228759766 207.577865600586 -24.6062984466553
479.330718994141 189.850967407227 -24.6062984466553
461.778228759766 187.059143066406 -24.6062984466553
0 0 -1
479.330718994141 189.850967407227 -16.6062984466553
461.778228759766 187.059143066406 -16.6062984466553
461.778228759766 187.059143066406 -24.6062984466553
0.157080574513325 -0.987585790253466 0
461.778228759766 187.059143066406 -24.6062984466553
479.330718994141 189.850967407227 -24.6062984466553
479.330718994141 189.850967407227 -16.6062984466553
0.157080574513325 -0.987585790253466 0
479.330718994141 186.974197387695 -16.6062984466553
479.330718994141 189.850967407227 -16.6062984466553
479.330718994141 189.850967407227 -24.6062984466553
-1 0 0
479.330718994141 189.850967407227 -24.6062984466553
479.330718994141 186.974197387695 -24.6062984466553
479.330718994141 186.974197387695 -16.6062984466553
-1 0 0
483.595794677734 186.974197387695 -16.6062984466553
479.330718994141 186.974197387695 -16.6062984466553
483.595794677734 186.974197387695 -24.6062984466553
-5.77529135608977E-15 -1 0
479.330718994141 186.974197387695 -24.6062984466553
483.595794677734 186.974197387695 -24.6062984466553
479.330718994141 186.974197387695 -16.6062984466553
-5.77529135608977E-15 -1 0
483.595794677734 207.577865600586 -16.6062984466553
483.595794677734 186.974197387695 -16.6062984466553
483.595794677734 186.974197387695 -24.6062984466553
1 -2.71565424276188E-15 0
483.595794677734 186.974197387695 -24.6062984466553
483.595794677734 207.577865600586 -24.6062984466553
483.595794677734 207.577865600586 -16.6062984466553
1 -2.71565424276188E-15 0
483.595794677734 222.013565063477 -16.6062984466553
483.595794677734 207.577865600586 -16.6062984466553
483.595794677734 222.013565063477 -24.6062984466553
1 0 0
483.595794677734 207.577865600586 -24.6062984466553
483.595794677734 222.013565063477 -24.6062984466553
483.595794677734 207.577865600586 -16.6062984466553
1 0 0
464.238830566406 222.013565063477 -16.6062984466553
483.595794677734 222.013565063477 -16.6062984466553
483.595794677734 222.013565063477 -24.6062984466553
2.84030722437839E-15 1 0
483.595794677734 222.013565063477 -24.6062984466553
464.238830566406 222.013565063477 -24.6062984466553
464.238830566406 222.013565063477 -16.6062984466553
2.84030722437839E-15 1 0
464.238830566406 217.830490112305 -16.6062984466553
464.238830566406 222.013565063477 -16.6062984466553
464.238830566406 222.013565063477 -24.6062984466553
-1 0 0
464.238830566406 222.013565063477 -24.6062984466553
464.238830566406 217.830490112305 -24.6062984466553
464.238830566406 217.830490112305 -16.6062984466553
-1 0 0
461.778228759766 217.830490112305 -16.6062984466553
464.238830566406 217.830490112305 -16.6062984466553
464.238830566406 217.830490112305 -24.6062984466553
0 1 0
464.238830566406 217.830490112305 -24.6062984466553
461.778228759766 217.830490112305 -24.6062984466553
461.778228759766 217.830490112305 -16.6062984466553
0 1 0
461.778228759766 207.577865600586 -16.6062984466553
461.778228759766 217.830490112305 -16.6062984466553
461.778228759766 217.830490112305 -24.6062984466553
-1 0 0
461.778228759766 217.830490112305 -24.6062984466553
461.778228759766 207.577865600586 -24.6062984466553
461.778228759766 207.577865600586 -16.6062984466553
-1 0 0
461.778228759766 187.059143066406 -16.6062984466553
461.778228759766 207.577865600586 -16.6062984466553
461.778228759766 207.577865600586 -24.6062984466553
-1 2.7193759977078E-15 0
461.778228759766 207.577865600586 -24.6062984466553
461.778228759766 187.059143066406 -24.6062984466553
461.778228759766 187.059143066406 -16.6062984466553
-1 2.7193759977078E-15 0
[HEADER]
545068,160
449.967193603516 190.326858520508 -16.6062984466553
449.967193603516 186.416442871094 -16.6062984466553
457.267059326172 188.877075195313 -16.6062984466553
0 0 1
447.014434814453 189.892608642578 -16.6062984466553
449.967193603516 190.326858520508 -16.6062984466553
447.014434814453 207.249786376953 -16.6062984466553
0 0 1
461.122039794922 207.249786376953 -16.6062984466553
447.014434814453 207.249786376953 -16.6062984466553
449.967193603516 190.326858520508 -16.6062984466553
0 0 1
457.267059326172 186.744537353516 -16.6062984466553
449.967193603516 186.416442871094 -16.6062984466553
457.267059326172 186.416442871094 -16.6062984466553
0 0 1
459.399597167969 188.877075195313 -16.6062984466553
459.399597167969 186.680816650391 -16.6062984466553
461.122039794922 186.954788208008 -16.6062984466553
0 0 1
457.267059326172 188.877075195313 -16.6062984466553
459.399597167969 188.877075195313 -16.6062984466553
461.122039794922 207.249786376953 -16.6062984466553
0 0 1
461.122039794922 207.249786376953 -16.6062984466553
459.399597167969 188.877075195313 -16.6062984466553
461.122039794922 186.954788208008 -16.6062984466553
0 0 1
457.267059326172 188.877075195313 -16.6062984466553
461.122039794922 207.249786376953 -16.6062984466553
449.967193603516 190.326858520508 -16.6062984466553
0 0 1
457.267059326172 186.744537353516 -16.6062984466553
457.267059326172 188.877075195313 -16.6062984466553
449.967193603516 186.416442871094 -16.6062984466553
0 0 1
461.122039794922 186.954788208008 -24.6062984466553
459.399597167969 186.680816650391 -24.6062984466553
459.399597167969 188.877075195313 -24.6062984466553
0 0 -1
461.122039794922 207.249786376953 -24.6062984466553
459.399597167969 188.877075195313 -24.6062984466553
457.267059326172 188.877075195313 -24.6062984466553
0 0 -1
459.399597167969 188.877075195313 -24.6062984466553
461.122039794922 207.249786376953 -24.6062984466553
461.122039794922 186.954788208008 -24.6062984466553
0 0 -1
461.122039794922 207.249786376953 -24.6062984466553
457.267059326172 188.877075195313 -24.6062984466553
449.967193603516 190.326858520508 -24.6062984466553
0 0 -1
457.267059326172 186.744537353516 -24.6062984466553
457.267059326172 186.416442871094 -24.6062984466553
449.967193603516 186.416442871094 -24.6062984466553
0 0 -1
449.967193603516 186.416442871094 -24.6062984466553
449.967193603516 190.326858520508 -24.6062984466553
457.267059326172 188.877075195313 -24.6062984466553
0 0 -1
449.967193603516 190.326858520508 -24.6062984466553
447.014434814453 189.892608642578 -24.6062984466553
447.014434814453 207.249786376953 -24.6062984466553
0 0 -1
447.014434814453 207.249786376953 -24.6062984466553
461.122039794922 207.249786376953 -24.6062984466553
449.967193603516 190.326858520508 -24.6062984466553
0 0 -1
457.267059326172 188.877075195313 -24.6062984466553
457.267059326172 186.744537353516 -24.6062984466553
449.967193603516 186.416442871094 -24.6062984466553
0 0 -1
449.967193603516 190.326858520508 -16.6062984466553
447.014434814453 189.892608642578 -16.6062984466553
449.967193603516 190.326858520508 -24.6062984466553
0.145499438352341 -0.989358334194014 0
447.014434814453 189.892608642578 -24.6062984466553
449.967193603516 190.326858520508 -24.6062984466553
447.014434814453 189.892608642578 -16.6062984466553
0.145499438352341 -0.989358334194014 0
449.967193603516 186.416442871094 -16.6062984466553
449.967193603516 190.326858520508 -16.6062984466553
449.967193603516 190.326858520508 -24.6062984466553
-1 0 0
449.967193603516 190.326858520508 -24.6062984466553
449.967193603516 186.416442871094 -24.6062984466553
449.967193603516 186.416442871094 -16.6062984466553
-1 0 0
457.267059326172 186.416442871094 -16.6062984466553
449.967193603516 186.416442871094 -16.6062984466553
457.267059326172 186.416442871094 -24.6062984466553
-3.49835213871914E-15 -1 0
449.967193603516 186.416442871094 -24.6062984466553
457.267059326172 186.416442871094 -24.6062984466553
449.967193603516 186.416442871094 -16.6062984466553
-3.49835213871914E-15 -1 0
457.267059326172 186.744537353516 -16.6062984466553
457.267059326172 186.416442871094 -16.6062984466553
457.267059326172 186.744537353516 -24.6062984466553
1 0 0
457.267059326172 186.416442871094 -24.6062984466553
457.267059326172 186.744537353516 -24.6062984466553
457.267059326172 186.416442871094 -16.6062984466553
1 0 0
457.267059326172 188.877075195313 -16.6062984466553
457.267059326172 186.744537353516 -16.6062984466553
457.267059326172 188.877075195313 -24.6062984466553
1 0 0
457.267059326172 186.744537353516 -24.6062984466553
457.267059326172 188.877075195313 -24.6062984466553
457.267059326172 186.744537353516 -16.6062984466553
1 0 0
459.399597167969 188.877075195313 -16.6062984466553
457.267059326172 188.877075195313 -16.6062984466553
459.399597167969 188.877075195313 -24.6062984466553
0 -1 0
457.267059326172 188.877075195313 -24.6062984466553
459.399597167969 188.877075195313 -24.6062984466553
457.267059326172 188.877075195313 -16.6062984466553
0 -1 0
459.399597167969 186.680816650391 -16.6062984466553
459.399597167969 188.877075195313 -16.6062984466553
459.399597167969 186.680816650391 -24.6062984466553
-1 0 0
459.399597167969 188.877075195313 -24.6062984466553
459.399597167969 186.680816650391 -24.6062984466553
459.399597167969 188.877075195313 -16.6062984466553
-1 0 0
461.122039794922 186.954788208008 -16.6062984466553
459.399597167969 186.680816650391 -16.6062984466553
459.399597167969 186.680816650391 -24.6062984466553
0.157080574513324 -0.987585790253467 0
459.399597167969 186.680816650391 -24.6062984466553
461.122039794922 186.954788208008 -24.6062984466553
461.122039794922 186.954788208008 -16.6062984466553
0.157080574513324 -0.987585790253467 0
461.122039794922 207.249786376953 -16.6062984466553
461.122039794922 186.954788208008 -16.6062984466553
461.122039794922 186.954788208008 -24.6062984466553
1 -2.7193759977078E-15 0
461.122039794922 186.954788208008 -24.6062984466553
461.122039794922 207.249786376953 -24.6062984466553
461.122039794922 207.249786376953 -16.6062984466553
1 -2.7193759977078E-15 0
447.014434814453 207.249786376953 -16.6062984466553
461.122039794922 207.249786376953 -16.6062984466553
447.014434814453 207.249786376953 -24.6062984466553
3.85019423750749E-15 1 0
461.122039794922 207.249786376953 -24.6062984466553
447.014434814453 207.249786376953 -24.6062984466553
461.122039794922 207.249786376953 -16.6062984466553
3.85019423750749E-15 1 0
447.014434814453 189.892608642578 -16.6062984466553
447.014434814453 207.249786376953 -16.6062984466553
447.014434814453 207.249786376953 -24.6062984466553
-1 3.14658387577286E-15 0
447.014434814453 207.249786376953 -24.6062984466553
447.014434814453 189.892608642578 -24.6062984466553
447.014434814453 189.892608642578 -16.6062984466553
-1 3.14658387577286E-15 0
[HEADER]
545071,128
447.014434814453 222.013565063477 -16.6062984466553
457.349090576172 218.486663818359 -16.6062984466553
457.349090576172 222.013565063477 -16.6062984466553
0 0 1
457.349090576172 218.486663818359 -16.6062984466553
447.014434814453 222.013565063477 -16.6062984466553
457.349090576172 216.026031494141 -16.6062984466553
0 0 1
457.349090576172 216.026031494141 -16.6062984466553
447.014434814453 207.905944824219 -16.6062984466553
461.122039794922 207.905944824219 -16.6062984466553
0 0 1
447.014434814453 207.905944824219 -16.6062984466553
457.349090576172 216.026031494141 -16.6062984466553
447.014434814453 222.013565063477 -16.6062984466553
0 0 1
459.809722900391 216.026031494141 -16.6062984466553
461.122039794922 207.905944824219 -16.6062984466553
461.122039794922 217.830490112305 -16.6062984466553
0 0 1
461.122039794922 207.905944824219 -16.6062984466553
459.809722900391 216.026031494141 -16.6062984466553
457.349090576172 216.026031494141 -16.6062984466553
0 0 1
459.809722900391 216.026031494141 -16.6062984466553
461.122039794922 217.830490112305 -16.6062984466553
459.809722900391 217.830490112305 -16.6062984466553
0 0 1
447.014434814453 207.905944824219 -24.6062984466553
457.349090576172 216.026031494141 -24.6062984466553
461.122039794922 207.905944824219 -24.6062984466553
0 0 -1
457.349090576172 216.026031494141 -24.6062984466553
447.014434814453 207.905944824219 -24.6062984466553
447.014434814453 222.013565063477 -24.6062984466553
0 0 -1
461.122039794922 207.905944824219 -24.6062984466553
459.809722900391 216.026031494141 -24.6062984466553
461.122039794922 217.830490112305 -24.6062984466553
0 0 -1
459.809722900391 216.026031494141 -24.6062984466553
461.122039794922 207.905944824219 -24.6062984466553
457.349090576172 216.026031494141 -24.6062984466553
0 0 -1
457.349090576172 218.486663818359 -24.6062984466553
447.014434814453 222.013565063477 -24.6062984466553
457.349090576172 222.013565063477 -24.6062984466553
0 0 -1
447.014434814453 222.013565063477 -24.6062984466553
457.349090576172 218.486663818359 -24.6062984466553
457.349090576172 216.026031494141 -24.6062984466553
0 0 -1
459.809722900391 217.830490112305 -24.6062984466553
461.122039794922 217.830490112305 -24.6062984466553
459.809722900391 216.026031494141 -24.6062984466553
0 0 -1
459.809722900391 216.026031494141 -16.6062984466553
459.809722900391 217.830490112305 -16.6062984466553
459.809722900391 217.830490112305 -24.6062984466553
-1 0 0
459.809722900391 217.830490112305 -24.6062984466553
459.809722900391 216.026031494141 -24.6062984466553
459.809722900391 216.026031494141 -16.6062984466553
-1 0 0
457.349090576172 216.026031494141 -16.6062984466553
459.809722900391 216.026031494141 -16.6062984466553
457.349090576172 216.026031494141 -24.6062984466553
0 1 0
459.809722900391 216.026031494141 -24.6062984466553
457.349090576172 216.026031494141 -24.6062984466553
459.809722900391 216.026031494141 -16.6062984466553
0 1 0
457.349090576172 218.486663818359 -16.6062984466553
457.349090576172 216.026031494141 -16.6062984466553
457.349090576172 216.026031494141 -24.6062984466553
1 0 0
457.349090576172 216.026031494141 -24.6062984466553
457.349090576172 218.486663818359 -24.6062984466553
457.349090576172 218.486663818359 -16.6062984466553
1 0 0
457.349090576172 222.013565063477 -16.6062984466553
457.349090576172 218.486663818359 -16.6062984466553
457.349090576172 218.486663818359 -24.6062984466553
1 0 0
457.349090576172 218.486663818359 -24.6062984466553
457.349090576172 222.013565063477 -24.6062984466553
457.349090576172 222.013565063477 -16.6062984466553
1 0 0
447.014434814453 222.013565063477 -16.6062984466553
457.349090576172 222.013565063477 -16.6062984466553
457.349090576172 222.013565063477 -24.6062984466553
-5.14604319356222E-13 1 0
457.349090576172 222.013565063477 -24.6062984466553
447.014434814453 222.013565063477 -24.6062984466553
447.014434814453 222.013565063477 -16.6062984466553
-5.14604319356222E-13 1 0
447.014434814453 207.905944824219 -16.6062984466553
447.014434814453 222.013565063477 -16.6062984466553
447.014434814453 222.013565063477 -24.6062984466553
-1 0 0
447.014434814453 222.013565063477 -24.6062984466553
447.014434814453 207.905944824219 -24.6062984466553
447.014434814453 207.905944824219 -16.6062984466553
-1 0 0
461.122039794922 207.905944824219 -16.6062984466553
447.014434814453 207.905944824219 -16.6062984466553
461.122039794922 207.905944824219 -24.6062984466553
-3.85019423750749E-15 -1 0
447.014434814453 207.905944824219 -24.6062984466553
461.122039794922 207.905944824219 -24.6062984466553
447.014434814453 207.905944824219 -16.6062984466553
-3.85019423750749E-15 -1 0
461.122039794922 217.830490112305 -16.6062984466553
461.122039794922 207.905944824219 -16.6062984466553
461.122039794922 207.905944824219 -24.6062984466553
1 0 0
461.122039794922 207.905944824219 -24.6062984466553
461.122039794922 217.830490112305 -24.6062984466553
461.122039794922 217.830490112305 -16.6062984466553
1 0 0
459.809722900391 217.830490112305 -16.6062984466553
461.122039794922 217.830490112305 -16.6062984466553
459.809722900391 217.830490112305 -24.6062984466553
0 1 0
461.122039794922 217.830490112305 -24.6062984466553
459.809722900391 217.830490112305 -24.6062984466553
461.122039794922 217.830490112305 -16.6062984466553
0 1 0
[HEADER]
545074,128
501.476379394531 222.013565063477 -16.6062984466553
488.927154541016 218.486663818359 -16.6062984466553
488.927154541016 216.026031494141 -16.6062984466553
0 0 1
488.927154541016 218.486663818359 -16.6062984466553
501.476379394531 222.013565063477 -16.6062984466553
484.251983642578 222.013565063477 -16.6062984466553
0 0 1
501.476379394531 207.905944824219 -16.6062984466553
488.927154541016 216.026031494141 -16.6062984466553
484.251983642578 207.905944824219 -16.6062984466553
0 0 1
488.927154541016 216.026031494141 -16.6062984466553
501.476379394531 207.905944824219 -16.6062984466553
501.476379394531 222.013565063477 -16.6062984466553
0 0 1
486.466522216797 218.486663818359 -16.6062984466553
484.251983642578 222.013565063477 -16.6062984466553
486.466522216797 216.026031494141 -16.6062984466553
0 0 1
484.251983642578 222.013565063477 -16.6062984466553
486.466522216797 218.486663818359 -16.6062984466553
488.927154541016 218.486663818359 -16.6062984466553
0 0 1
486.466522216797 216.026031494141 -16.6062984466553
484.251983642578 207.905944824219 -16.6062984466553
488.927154541016 216.026031494141 -16.6062984466553
0 0 1
484.251983642578 207.905944824219 -16.6062984466553
486.466522216797 216.026031494141 -16.6062984466553
484.251983642578 222.013565063477 -16.6062984466553
0 0 1
484.251983642578 222.013565063477 -24.6062984466553
486.466522216797 218.486663818359 -24.6062984466553
486.466522216797 216.026031494141 -24.6062984466553
0 0 -1
486.466522216797 218.486663818359 -24.6062984466553
484.251983642578 222.013565063477 -24.6062984466553
488.927154541016 218.486663818359 -24.6062984466553
0 0 -1
484.251983642578 207.905944824219 -24.6062984466553
486.466522216797 216.026031494141 -24.6062984466553
488.927154541016 216.026031494141 -24.6062984466553
0 0 -1
486.466522216797 216.026031494141 -24.6062984466553
484.251983642578 207.905944824219 -24.6062984466553
484.251983642578 222.013565063477 -24.6062984466553
0 0 -1
488.927154541016 218.486663818359 -24.6062984466553
501.476379394531 222.013565063477 -24.6062984466553
488.927154541016 216.026031494141 -24.6062984466553
0 0 -1
501.476379394531 222.013565063477 -24.6062984466553
488.927154541016 218.486663818359 -24.6062984466553
484.251983642578 222.013565063477 -24.6062984466553
0 0 -1
488.927154541016 216.026031494141 -24.6062984466553
501.476379394531 207.905944824219 -24.6062984466553
484.251983642578 207.905944824219 -24.6062984466553
0 0 -1
501.476379394531 207.905944824219 -24.6062984466553
488.927154541016 216.026031494141 -24.6062984466553
501.476379394531 222.013565063477 -24.6062984466553
0 0 -1
484.251983642578 222.013565063477 -16.6062984466553
501.476379394531 222.013565063477 -16.6062984466553
501.476379394531 222.013565063477 -24.6062984466553
3.17905946216909E-15 1 0
501.476379394531 222.013565063477 -24.6062984466553
484.251983642578 222.013565063477 -24.6062984466553
484.251983642578 222.013565063477 -16.6062984466553
3.17905946216909E-15 1 0
484.251983642578 207.905944824219 -16.6062984466553
484.251983642578 222.013565063477 -16.6062984466553
484.251983642578 207.905944824219 -24.6062984466553
-1 0 0
484.251983642578 222.013565063477 -24.6062984466553
484.251983642578 207.905944824219 -24.6062984466553
484.251983642578 222.013565063477 -16.6062984466553
-1 0 0
501.476379394531 207.905944824219 -16.6062984466553
484.251983642578 207.905944824219 -16.6062984466553
484.251983642578 207.905944824219 -24.6062984466553
-3.17905946216027E-15 -1 0
484.251983642578 207.905944824219 -24.6062984466553
501.476379394531 207.905944824219 -24.6062984466553
501.476379394531 207.905944824219 -16.6062984466553
-3.17905946216027E-15 -1 0
501.476379394531 222.013565063477 -16.6062984466553
501.476379394531 207.905944824219 -16.6062984466553
501.476379394531 222.013565063477 -24.6062984466553
1 0 0
501.476379394531 207.905944824219 -24.6062984466553
501.476379394531 222.013565063477 -24.6062984466553
501.476379394531 207.905944824219 -16.6062984466553
1 0 0
486.466522216797 216.026031494141 -16.6062984466553
488.927154541016 216.026031494141 -16.6062984466553
486.466522216797 216.026031494141 -24.6062984466553
0 1 0
488.927154541016 216.026031494141 -24.6062984466553
486.466522216797 216.026031494141 -24.6062984466553
488.927154541016 216.026031494141 -16.6062984466553
0 1 0
486.466522216797 218.486663818359 -16.6062984466553
486.466522216797 216.026031494141 -16.6062984466553
486.466522216797 218.486663818359 -24.6062984466553
1 0 0
486.466522216797 216.026031494141 -24.6062984466553
486.466522216797 218.486663818359 -24.6062984466553
486.466522216797 216.026031494141 -16.6062984466553
1 0 0
488.927154541016 218.486663818359 -16.6062984466553
486.466522216797 218.486663818359 -16.6062984466553
488.927154541016 218.486663818359 -24.6062984466553
0 -1 0
486.466522216797 218.486663818359 -24.6062984466553
488.927154541016 218.486663818359 -24.6062984466553
486.466522216797 218.486663818359 -16.6062984466553
0 -1 0
488.927154541016 216.026031494141 -16.6062984466553
488.927154541016 218.486663818359 -16.6062984466553
488.927154541016 216.026031494141 -24.6062984466553
-1 0 0
488.927154541016 218.486663818359 -24.6062984466553
488.927154541016 216.026031494141 -24.6062984466553
488.927154541016 218.486663818359 -16.6062984466553
-1 0 0
[HEADER]
545077,208
488.927154541016 186.875915527344 -16.6062984466553
492.514068603516 186.540481567383 -16.6062984466553
488.927154541016 188.877075195313 -16.6062984466553
0 0 1
484.251983642578 186.974197387695 -16.6062984466553
486.794616699219 188.877075195313 -16.6062984466553
484.251983642578 207.249786376953 -16.6062984466553
0 0 1
486.794616699219 188.877075195313 -16.6062984466553
484.251983642578 186.974197387695 -16.6062984466553
486.794616699219 186.974197387695 -16.6062984466553
0 0 1
486.794616699219 188.877075195313 -16.6062984466553
488.927154541016 188.877075195313 -16.6062984466553
484.251983642578 207.249786376953 -16.6062984466553
0 0 1
492.775726318359 189.427429199219 -16.6062984466553
484.251983642578 207.249786376953 -16.6062984466553
488.927154541016 188.877075195313 -16.6062984466553
0 0 1
488.927154541016 188.877075195313 -16.6062984466553
492.514068603516 186.540481567383 -16.6062984466553
492.775726318359 189.427429199219 -16.6062984466553
0 0 1
492.775726318359 189.427429199219 -16.6062984466553
501.476379394531 186.916656494141 -16.6062984466553
501.476379394531 192.157913208008 -16.6062984466553
0 0 1
492.775726318359 189.427429199219 -16.6062984466553
501.476379394531 192.157913208008 -16.6062984466553
501.476379394531 192.48600769043 -16.6062984466553
0 0 1
501.476379394531 192.659927368164 -16.6062984466553
501.476379394531 200.688110351563 -16.6062984466553
492.775726318359 189.427429199219 -16.6062984466553
0 0 1
501.476379394531 192.659927368164 -16.6062984466553
492.775726318359 189.427429199219 -16.6062984466553
501.476379394531 192.48600769043 -16.6062984466553
0 0 1
501.476379394531 207.249786376953 -16.6062984466553
484.251983642578 207.249786376953 -16.6062984466553
501.476379394531 200.688110351563 -16.6062984466553
0 0 1
501.476379394531 200.688110351563 -16.6062984466553
484.251983642578 207.249786376953 -16.6062984466553
492.775726318359 189.427429199219 -16.6062984466553
0 0 1
501.476379394531 186.916656494141 -24.6062984466553
492.775726318359 189.427429199219 -24.6062984466553
501.476379394531 192.157913208008 -24.6062984466553
0 0 -1
501.476379394531 192.157913208008 -24.6062984466553
492.775726318359 189.427429199219 -24.6062984466553
501.476379394531 192.48600769043 -24.6062984466553
0 0 -1
501.476379394531 200.688110351563 -24.6062984466553
501.476379394531 192.659927368164 -24.6062984466553
492.775726318359 189.427429199219 -24.6062984466553
0 0 -1
501.476379394531 192.48600769043 -24.6062984466553
492.775726318359 189.427429199219 -24.6062984466553
501.476379394531 192.659927368164 -24.6062984466553
0 0 -1
484.251983642578 207.249786376953 -24.6062984466553
501.476379394531 207.249786376953 -24.6062984466553
501.476379394531 200.688110351563 -24.6062984466553
0 0 -1
501.476379394531 200.688110351563 -24.6062984466553
492.775726318359 189.427429199219 -24.6062984466553
484.251983642578 207.249786376953 -24.6062984466553
0 0 -1
492.514068603516 186.540481567383 -24.6062984466553
488.927154541016 186.875915527344 -24.6062984466553
488.927154541016 188.877075195313 -24.6062984466553
0 0 -1
488.927154541016 188.877075195313 -24.6062984466553
486.794616699219 188.877075195313 -24.6062984466553
484.251983642578 207.249786376953 -24.6062984466553
0 0 -1
484.251983642578 186.974197387695 -24.6062984466553
486.794616699219 188.877075195313 -24.6062984466553
486.794616699219 186.974197387695 -24.6062984466553
0 0 -1
486.794616699219 188.877075195313 -24.6062984466553
484.251983642578 186.974197387695 -24.6062984466553
484.251983642578 207.249786376953 -24.6062984466553
0 0 -1
484.251983642578 207.249786376953 -24.6062984466553
492.775726318359 189.427429199219 -24.6062984466553
488.927154541016 188.877075195313 -24.6062984466553
0 0 -1
488.927154541016 188.877075195313 -24.6062984466553
492.775726318359 189.427429199219 -24.6062984466553
492.514068603516 186.540481567383 -24.6062984466553
0 0 -1
486.794616699219 186.974197387695 -16.6062984466553
484.251983642578 186.974197387695 -16.6062984466553
486.794616699219 186.974197387695 -24.6062984466553
0 -1 0
484.251983642578 186.974197387695 -24.6062984466553
486.794616699219 186.974197387695 -24.6062984466553
484.251983642578 186.974197387695 -16.6062984466553
0 -1 0
486.794616699219 188.877075195313 -16.6062984466553
486.794616699219 186.974197387695 -16.6062984466553
486.794616699219 188.877075195313 -24.6062984466553
1 0 0
486.794616699219 186.974197387695 -24.6062984466553
486.794616699219 188.877075195313 -24.6062984466553
486.794616699219 186.974197387695 -16.6062984466553
1 0 0
488.927154541016 188.877075195313 -16.6062984466553
486.794616699219 188.877075195313 -16.6062984466553
488.927154541016 188.877075195313 -24.6062984466553
0 -1 0
486.794616699219 188.877075195313 -24.6062984466553
488.927154541016 188.877075195313 -24.6062984466553
486.794616699219 188.877075195313 -16.6062984466553
0 -1 0
488.927154541016 186.875915527344 -16.6062984466553
488.927154541016 188.877075195313 -16.6062984466553
488.927154541016 186.875915527344 -24.6062984466553
-1 0 0
488.927154541016 188.877075195313 -24.6062984466553
488.927154541016 186.875915527344 -24.6062984466553
488.927154541016 188.877075195313 -16.6062984466553
-1 0 0
492.775726318359 189.427429199219 -16.6062984466553
492.514068603516 186.540481567383 -16.6062984466553
492.514068603516 186.540481567383 -24.6062984466553
0.995918639361098 -0.0902555470491399 0
492.514068603516 186.540481567383 -24.6062984466553
492.775726318359 189.427429199219 -24.6062984466553
492.775726318359 189.427429199219 -16.6062984466553
0.995918639361098 -0.0902555470491399 0
501.476379394531 186.916656494141 -16.6062984466553
492.775726318359 189.427429199219 -16.6062984466553
492.775726318359 189.427429199219 -24.6062984466553
-0.277258419202696 -0.960795383513692 0
492.775726318359 189.427429199219 -24.6062984466553
501.476379394531 186.916656494141 -24.6062984466553
501.476379394531 186.916656494141 -16.6062984466553
-0.277258419202696 -0.960795383513692 0
501.476379394531 192.157913208008 -16.6062984466553
501.476379394531 186.916656494141 -16.6062984466553
501.476379394531 186.916656494141 -24.6062984466553
1 -5.11698282736556E-12 0
501.476379394531 186.916656494141 -24.6062984466553
501.476379394531 192.157913208008 -24.6062984466553
501.476379394531 192.157913208008 -16.6062984466553
1 -5.11698282736556E-12 0
492.514068603516 186.540481567383 -16.6062984466553
488.927154541016 186.875915527344 -16.6062984466553
492.514068603516 186.540481567383 -24.6062984466553
-0.0931079758107494 -0.995656017327483 0
488.927154541016 186.875915527344 -24.6062984466553
492.514068603516 186.540481567383 -24.6062984466553
488.927154541016 186.875915527344 -16.6062984466553
-0.0931079758107494 -0.995656017327483 0
501.476379394531 192.48600769043 -16.6062984466553
501.476379394531 192.157913208008 -16.6062984466553
501.476379394531 192.48600769043 -24.6062984466553
1 -5.197762220606E-12 0
501.476379394531 192.157913208008 -24.6062984466553
501.476379394531 192.48600769043 -24.6062984466553
501.476379394531 192.157913208008 -16.6062984466553
1 -5.197762220606E-12 0
501.476379394531 192.659927368164 -16.6062984466553
501.476379394531 192.48600769043 -16.6062984466553
501.476379394531 192.48600769043 -24.6062984466553
1 0 0
501.476379394531 192.48600769043 -24.6062984466553
501.476379394531 192.659927368164 -24.6062984466553
501.476379394531 192.659927368164 -16.6062984466553
1 0 0
501.476379394531 200.688110351563 -16.6062984466553
501.476379394531 192.659927368164 -16.6062984466553
501.476379394531 192.659927368164 -24.6062984466553
1 0 0
501.476379394531 192.659927368164 -24.6062984466553
501.476379394531 200.688110351563 -24.6062984466553
501.476379394531 200.688110351563 -16.6062984466553
1 0 0
501.476379394531 207.249786376953 -16.6062984466553
501.476379394531 200.688110351563 -16.6062984466553
501.476379394531 200.688110351563 -24.6062984466553
1 -8.25041622330144E-15 0
501.476379394531 200.688110351563 -24.6062984466553
501.476379394531 207.249786376953 -24.6062984466553
501.476379394531 207.249786376953 -16.6062984466553
1 -8.25041622330144E-15 0
484.251983642578 207.249786376953 -16.6062984466553
501.476379394531 207.249786376953 -16.6062984466553
501.476379394531 207.249786376953 -24.6062984466553
3.17905946216027E-15 1 0
501.476379394531 207.249786376953 -24.6062984466553
484.251983642578 207.249786376953 -24.6062984466553
484.251983642578 207.249786376953 -16.6062984466553
3.17905946216027E-15 1 0
484.251983642578 186.974197387695 -16.6062984466553
484.251983642578 207.249786376953 -16.6062984466553
484.251983642578 207.249786376953 -24.6062984466553
-1 2.71565424276188E-15 0
484.251983642578 207.249786376953 -24.6062984466553
484.251983642578 186.974197387695 -24.6062984466553
484.251983642578 186.974197387695 -16.6062984466553
-1 2.71565424276188E-15 0
[HEADER]
545080,48
502.132537841797 192.40397644043 -16.6062984466553
516.404174804688 192.40397644043 -16.6062984466553
516.404174804688 200.442047119141 -16.6062984466553
0 0 1
516.404174804688 200.442047119141 -16.6062984466553
502.132537841797 200.442047119141 -16.6062984466553
502.132537841797 192.40397644043 -16.6062984466553
0 0 1
502.132537841797 200.442047119141 -24.6062984466553
516.404174804688 200.442047119141 -24.6062984466553
502.132537841797 192.40397644043 -24.6062984466553
0 0 -1
516.404174804688 192.40397644043 -24.6062984466553
502.132537841797 192.40397644043 -24.6062984466553
516.404174804688 200.442047119141 -24.6062984466553
0 0 -1
516.404174804688 200.442047119141 -16.6062984466553
516.404174804688 192.40397644043 -16.6062984466553
516.404174804688 192.40397644043 -24.6062984466553
1 0 0
516.404174804688 192.40397644043 -24.6062984466553
516.404174804688 200.442047119141 -24.6062984466553
516.404174804688 200.442047119141 -16.6062984466553
1 0 0
502.132537841797 200.442047119141 -16.6062984466553
516.404174804688 200.442047119141 -16.6062984466553
516.404174804688 200.442047119141 -24.6062984466553
3.81627182131654E-15 1 0
516.404174804688 200.442047119141 -24.6062984466553
502.132537841797 200.442047119141 -24.6062984466553
502.132537841797 200.442047119141 -16.6062984466553
3.81627182131654E-15 1 0
502.132537841797 192.40397644043 -16.6062984466553
502.132537841797 200.442047119141 -16.6062984466553
502.132537841797 200.442047119141 -24.6062984466553
-1 0 0
502.132537841797 200.442047119141 -24.6062984466553
502.132537841797 192.40397644043 -24.6062984466553
502.132537841797 192.40397644043 -16.6062984466553
-1 0 0
516.404174804688 192.40397644043 -16.6062984466553
502.132537841797 192.40397644043 -16.6062984466553
502.132537841797 192.40397644043 -24.6062984466553
-3.9493758793676E-15 -1 0
502.132537841797 192.40397644043 -24.6062984466553
516.404174804688 192.40397644043 -24.6062984466553
516.404174804688 192.40397644043 -16.6062984466553
-3.9493758793676E-15 -1 0
[HEADER]
545083,728
502.132537841797 261.957794189453 -16.6062984466553
502.132537841797 261.219604492188 -16.6062984466553
514.927795410156 261.957794189453 -16.6062984466553
0 0 1
514.927795410156 260.891510009766 -16.6062984466553
514.927795410156 261.957794189453 -16.6062984466553
502.132537841797 261.219604492188 -16.6062984466553
0 0 1
502.132537841797 247.604110717773 -16.6062984466553
516.404174804688 247.932205200195 -16.6062984466553
514.927795410156 260.891510009766 -16.6062984466553
0 0 1
516.404174804688 260.767608642578 -16.6062984466553
514.927795410156 260.891510009766 -16.6062984466553
516.404174804688 247.932205200195 -16.6062984466553
0 0 1
514.927795410156 260.891510009766 -16.6062984466553
502.132537841797 261.219604492188 -16.6062984466553
502.132537841797 247.604110717773 -16.6062984466553
0 0 1
502.132537841797 247.604110717773 -16.6062984466553
502.132537841797 230.543746948242 -16.6062984466553
516.404174804688 234.644790649414 -16.6062984466553
0 0 1
516.404174804688 245.96369934082 -16.6062984466553
516.404174804688 246.291778564453 -16.6062984466553
502.132537841797 247.604110717773 -16.6062984466553
0 0 1
516.404174804688 234.644790649414 -16.6062984466553
516.404174804688 245.96369934082 -16.6062984466553
502.132537841797 247.604110717773 -16.6062984466553
0 0 1
516.404174804688 247.932205200195 -16.6062984466553
516.404174804688 246.291778564453 -16.6062984466553
516.732299804688 246.291778564453 -16.6062984466553
0 0 1
502.132537841797 247.604110717773 -16.6062984466553
516.404174804688 246.291778564453 -16.6062984466553
516.404174804688 247.932205200195 -16.6062984466553
0 0 1
516.404174804688 234.644790649414 -16.6062984466553
516.732299804688 245.96369934082 -16.6062984466553
516.404174804688 245.96369934082 -16.6062984466553
0 0 1
516.404174804688 260.767608642578 -16.6062984466553
516.404174804688 260.891510009766 -16.6062984466553
514.927795410156 260.891510009766 -16.6062984466553
0 0 1
516.732299804688 247.932205200195 -16.6062984466553
516.732299804688 246.291778564453 -16.6062984466553
516.732299804688 246.291778564453 -16.6062984466553
0 0 1
516.732299804688 246.291778564453 -16.6062984466553
516.732299804688 246.291778564453 -16.6062984466553
516.732299804688 246.291778564453 -16.6062984466553
0 0 1
516.732299804688 246.291778564453 -16.6062984466553
516.732299804688 247.932205200195 -16.6062984466553
516.404174804688 247.932205200195 -16.6062984466553
0 0 1
516.732299804688 246.291778564453 -16.6062984466553
516.732299804688 245.96369934082 -16.6062984466553
518.372680664063 245.96369934082 -16.6062984466553
0 0 1
516.404174804688 246.291778564453 -16.6062984466553
516.732299804688 246.291778564453 -16.6062984466553
516.732299804688 246.291778564453 -16.6062984466553
0 0 1
516.732299804688 245.96369934082 -16.6062984466553
516.404174804688 234.644790649414 -16.6062984466553
518.372680664063 245.96369934082 -16.6062984466553
0 0 1
531.824157714844 245.96369934082 -16.6062984466553
527.887145996094 234.644790649414 -16.6062984466553
531.824157714844 234.644790649414 -16.6062984466553
0 0 1
527.887145996094 234.644790649414 -16.6062984466553
531.824157714844 245.96369934082 -16.6062984466553
518.372680664063 245.96369934082 -16.6062984466553
0 0 1
516.404174804688 234.644790649414 -16.6062984466553
527.887145996094 234.644790649414 -16.6062984466553
518.372680664063 245.96369934082 -16.6062984466553
0 0 1
518.372680664063 245.96369934082 -16.6062984466553
518.372680664063 246.291778564453 -16.6062984466553
516.732299804688 246.291778564453 -16.6062984466553
0 0 1
516.732299804688 246.291778564453 -16.6062984466553
516.732299804688 246.291778564453 -16.6062984466553
516.732299804688 246.291778564453 -16.6062984466553
0 0 1
516.404174804688 225.458450317383 -16.6062984466553
516.404174804688 234.644790649414 -16.6062984466553
502.132537841797 230.543746948242 -16.6062984466553
0 0 1
516.732299804688 245.96369934082 -16.6062984466553
516.732299804688 246.291778564453 -16.6062984466553
516.732299804688 246.291778564453 -16.6062984466553
0 0 1
446.358276367188 222.669738769531 -16.6062984466553
461.778228759766 230.543746948242 -16.6062984466553
429.7900390625 230.543746948242 -16.6062984466553
0 0 1
461.778228759766 230.543746948242 -16.6062984466553
457.677154541016 222.669738769531 -16.6062984466553
463.910766601563 222.669738769531 -16.6062984466553
0 0 1
457.677154541016 222.669738769531 -16.6062984466553
461.778228759766 230.543746948242 -16.6062984466553
446.358276367188 222.669738769531 -16.6062984466553
0 0 1
461.778228759766 230.543746948242 -16.6062984466553
463.910766601563 222.669738769531 -16.6062984466553
474.409454345703 230.543746948242 -16.6062984466553
0 0 1
429.7900390625 216.026031494141 -16.6062984466553
446.358276367188 222.669738769531 -16.6062984466553
429.7900390625 218.486663818359 -16.6062984466553
0 0 1
446.358276367188 222.669738769531 -16.6062984466553
429.7900390625 230.543746948242 -16.6062984466553
429.7900390625 218.486663818359 -16.6062984466553
0 0 1
430.118103027344 189.369201660156 -16.6062984466553
429.7900390625 216.026031494141 -16.6062984466553
429.7900390625 189.369201660156 -16.6062984466553
0 0 1
446.358276367188 207.577865600586 -16.6062984466553
430.118103027344 189.369201660156 -16.6062984466553
446.358276367188 189.796112060547 -16.6062984466553
0 0 1
430.118103027344 189.369201660156 -16.6062984466553
446.358276367188 207.577865600586 -16.6062984466553
429.7900390625 216.026031494141 -16.6062984466553
0 0 1
446.358276367188 189.796112060547 -16.6062984466553
430.118103027344 189.369201660156 -16.6062984466553
430.118103027344 187.407760620117 -16.6062984466553
0 0 1
429.7900390625 216.026031494141 -16.6062984466553
446.358276367188 207.577865600586 -16.6062984466553
446.358276367188 222.669738769531 -16.6062984466553
0 0 1
478.346466064453 230.543746948242 -16.6062984466553
474.409454345703 230.543746948242 -16.6062984466553
483.923889160156 222.669738769531 -16.6062984466553
0 0 1
482.611541748047 230.543746948242 -16.6062984466553
478.346466064453 230.543746948242 -16.6062984466553
483.923889160156 222.669738769531 -16.6062984466553
0 0 1
502.132537841797 230.543746948242 -16.6062984466553
502.132537841797 222.669738769531 -16.6062984466553
516.404174804688 225.458450317383 -16.6062984466553
0 0 1
483.923889160156 222.669738769531 -16.6062984466553
489.173217773438 230.543746948242 -16.6062984466553
482.611541748047 230.543746948242 -16.6062984466553
0 0 1
502.132537841797 222.669738769531 -16.6062984466553
489.173217773438 230.543746948242 -16.6062984466553
483.923889160156 222.669738769531 -16.6062984466553
0 0 1
502.132537841797 222.669738769531 -16.6062984466553
502.132537841797 230.543746948242 -16.6062984466553
489.173217773438 230.543746948242 -16.6062984466553
0 0 1
463.910766601563 222.669738769531 -16.6062984466553
483.923889160156 222.669738769531 -16.6062984466553
474.409454345703 230.543746948242 -16.6062984466553
0 0 1
516.404174804688 216.354110717773 -16.6062984466553
502.132537841797 222.669738769531 -16.6062984466553
502.132537841797 207.577865600586 -16.6062984466553
0 0 1
516.404174804688 200.934173583984 -16.6062984466553
502.132537841797 207.577865600586 -16.6062984466553
502.132537841797 200.934173583984 -16.6062984466553
0 0 1
516.404174804688 216.354110717773 -16.6062984466553
516.404174804688 218.322616577148 -16.6062984466553
502.132537841797 222.669738769531 -16.6062984466553
0 0 1
516.404174804688 200.934173583984 -16.6062984466553
516.404174804688 216.354110717773 -16.6062984466553
502.132537841797 207.577865600586 -16.6062984466553
0 0 1
502.132537841797 222.669738769531 -16.6062984466553
516.404174804688 218.322616577148 -16.6062984466553
516.404174804688 225.458450317383 -16.6062984466553
0 0 1
516.732299804688 246.291778564453 -16.6062984466553
518.372680664063 246.291778564453 -16.6062984466553
516.732299804688 246.291778564453 -16.6062984466553
0 0 1
429.7900390625 230.543746948242 -24.6062984466553
461.778228759766 230.543746948242 -24.6062984466553
474.409454345703 230.543746948242 -24.6062984466553
0 0 -1
429.7900390625 230.543746948242 -24.6062984466553
474.409454345703 230.543746948242 -24.6062984466553
478.346466064453 230.543746948242 -24.6062984466553
0 0 -1
478.346466064453 230.543746948242 -24.6062984466553
482.611541748047 230.543746948242 -24.6062984466553
516.404174804688 225.458450317383 -24.6062984466553
0 0 -1
429.7900390625 230.543746948242 -24.6062984466553
478.346466064453 230.543746948242 -24.6062984466553
516.404174804688 225.458450317383 -24.6062984466553
0 0 -1
429.7900390625 230.543746948242 -24.6062984466553
516.404174804688 225.458450317383 -24.6062984466553
483.923889160156 222.669738769531 -24.6062984466553
0 0 -1
429.7900390625 230.543746948242 -24.6062984466553
483.923889160156 222.669738769531 -24.6062984466553
463.910766601563 222.669738769531 -24.6062984466553
0 0 -1
429.7900390625 230.543746948242 -24.6062984466553
463.910766601563 222.669738769531 -24.6062984466553
457.677154541016 222.669738769531 -24.6062984466553
0 0 -1
429.7900390625 230.543746948242 -24.6062984466553
457.677154541016 222.669738769531 -24.6062984466553
446.358276367188 222.669738769531 -24.6062984466553
0 0 -1
429.7900390625 230.543746948242 -24.6062984466553
446.358276367188 222.669738769531 -24.6062984466553
429.7900390625 218.486663818359 -24.6062984466553
0 0 -1
516.404174804688 225.458450317383 -24.6062984466553
482.611541748047 230.543746948242 -24.6062984466553
489.173217773438 230.543746948242 -24.6062984466553
0 0 -1
516.404174804688 225.458450317383 -24.6062984466553
489.173217773438 230.543746948242 -24.6062984466553
502.132537841797 230.543746948242 -24.6062984466553
0 0 -1
516.404174804688 225.458450317383 -24.6062984466553
502.132537841797 230.543746948242 -24.6062984466553
516.404174804688 234.644790649414 -24.6062984466553
0 0 -1
502.132537841797 222.669738769531 -24.6062984466553
483.923889160156 222.669738769531 -24.6062984466553
516.404174804688 225.458450317383 -24.6062984466553
0 0 -1
516.404174804688 218.322616577148 -24.6062984466553
502.132537841797 222.669738769531 -24.6062984466553
516.404174804688 225.458450317383 -24.6062984466553
0 0 -1
446.358276367188 207.577865600586 -24.6062984466553
429.7900390625 216.026031494141 -24.6062984466553
429.7900390625 218.486663818359 -24.6062984466553
0 0 -1
446.358276367188 207.577865600586 -24.6062984466553
429.7900390625 218.486663818359 -24.6062984466553
446.358276367188 222.669738769531 -24.6062984466553
0 0 -1
429.7900390625 216.026031494141 -24.6062984466553
446.358276367188 207.577865600586 -24.6062984466553
446.358276367188 189.796112060547 -24.6062984466553
0 0 -1
429.7900390625 216.026031494141 -24.6062984466553
446.358276367188 189.796112060547 -24.6062984466553
429.7900390625 189.369201660156 -24.6062984466553
0 0 -1
430.118103027344 189.369201660156 -24.6062984466553
429.7900390625 189.369201660156 -24.6062984466553
446.358276367188 189.796112060547 -24.6062984466553
0 0 -1
430.118103027344 187.407760620117 -24.6062984466553
430.118103027344 189.369201660156 -24.6062984466553
446.358276367188 189.796112060547 -24.6062984466553
0 0 -1
502.132537841797 222.669738769531 -24.6062984466553
516.404174804688 218.322616577148 -24.6062984466553
516.404174804688 216.354110717773 -24.6062984466553
0 0 -1
502.132537841797 222.669738769531 -24.6062984466553
516.404174804688 216.354110717773 -24.6062984466553
502.132537841797 207.577865600586 -24.6062984466553
0 0 -1
516.404174804688 200.934173583984 -24.6062984466553
502.132537841797 200.934173583984 -24.6062984466553
502.132537841797 207.577865600586 -24.6062984466553
0 0 -1
516.404174804688 200.934173583984 -24.6062984466553
502.132537841797 207.577865600586 -24.6062984466553
516.404174804688 216.354110717773 -24.6062984466553
0 0 -1
502.132537841797 247.604110717773 -24.6062984466553
516.404174804688 246.291778564453 -24.6062984466553
516.404174804688 245.96369934082 -24.6062984466553
0 0 -1
516.404174804688 245.96369934082 -24.6062984466553
516.732299804688 245.96369934082 -24.6062984466553
531.824157714844 234.644790649414 -24.6062984466553
0 0 -1
502.132537841797 247.604110717773 -24.6062984466553
516.404174804688 245.96369934082 -24.6062984466553
531.824157714844 234.644790649414 -24.6062984466553
0 0 -1
502.132537841797 247.604110717773 -24.6062984466553
531.824157714844 234.644790649414 -24.6062984466553
527.887145996094 234.644790649414 -24.6062984466553
0 0 -1
502.132537841797 247.604110717773 -24.6062984466553
527.887145996094 234.644790649414 -24.6062984466553
516.404174804688 234.644790649414 -24.6062984466553
0 0 -1
502.132537841797 247.604110717773 -24.6062984466553
516.404174804688 234.644790649414 -24.6062984466553
502.132537841797 230.543746948242 -24.6062984466553
0 0 -1
531.824157714844 234.644790649414 -24.6062984466553
516.732299804688 245.96369934082 -24.6062984466553
518.372680664063 245.96369934082 -24.6062984466553
0 0 -1
531.824157714844 234.644790649414 -24.6062984466553
518.372680664063 245.96369934082 -24.6062984466553
531.824157714844 245.96369934082 -24.6062984466553
0 0 -1
516.732299804688 246.291778564453 -24.6062984466553
516.404174804688 246.291778564453 -24.6062984466553
502.132537841797 247.604110717773 -24.6062984466553
0 0 -1
516.732299804688 246.291778564453 -24.6062984466553
502.132537841797 247.604110717773 -24.6062984466553
516.732299804688 247.932205200195 -24.6062984466553
0 0 -1
502.132537841797 261.219604492188 -24.6062984466553
514.927795410156 260.891510009766 -24.6062984466553
516.404174804688 260.767608642578 -24.6062984466553
0 0 -1
502.132537841797 261.219604492188 -24.6062984466553
516.404174804688 260.767608642578 -24.6062984466553
516.404174804688 247.932205200195 -24.6062984466553
0 0 -1
516.404174804688 247.932205200195 -24.6062984466553
516.732299804688 247.932205200195 -24.6062984466553
502.132537841797 247.604110717773 -24.6062984466553
0 0 -1
502.132537841797 261.219604492188 -24.6062984466553
516.404174804688 247.932205200195 -24.6062984466553
502.132537841797 247.604110717773 -24.6062984466553
0 0 -1
514.927795410156 260.891510009766 -24.6062984466553
516.404174804688 260.891510009766 -24.6062984466553
516.404174804688 260.767608642578 -24.6062984466553
0 0 -1
514.927795410156 260.891510009766 -24.6062984466553
502.132537841797 261.219604492188 -24.6062984466553
502.132537841797 261.957794189453 -24.6062984466553
0 0 -1
514.927795410156 260.891510009766 -24.6062984466553
502.132537841797 261.957794189453 -24.6062984466553
514.927795410156 261.957794189453 -24.6062984466553
0 0 -1
516.732299804688 246.291778564453 -24.6062984466553
518.372680664063 245.96369934082 -24.6062984466553
516.732299804688 245.96369934082 -24.6062984466553
0 0 -1
516.732299804688 246.291778564453 -24.6062984466553
518.372680664063 246.291778564453 -24.6062984466553
518.372680664063 245.96369934082 -24.6062984466553
0 0 -1
429.7900390625 189.369201660156 -16.6062984466553
429.7900390625 216.026031494141 -16.6062984466553
429.7900390625 216.026031494141 -24.6062984466553
-1 0 0
429.7900390625 216.026031494141 -24.6062984466553
429.7900390625 189.369201660156 -24.6062984466553
429.7900390625 189.369201660156 -16.6062984466553
-1 0 0
430.118103027344 189.369201660156 -16.6062984466553
429.7900390625 189.369201660156 -16.6062984466553
430.118103027344 189.369201660156 -24.6062984466553
0 -1 0
429.7900390625 189.369201660156 -24.6062984466553
430.118103027344 189.369201660156 -24.6062984466553
429.7900390625 189.369201660156 -16.6062984466553
0 -1 0
430.118103027344 187.407760620117 -16.6062984466553
430.118103027344 189.369201660156 -16.6062984466553
430.118103027344 187.407760620117 -24.6062984466553
-1 0 0
430.118103027344 189.369201660156 -24.6062984466553
430.118103027344 187.407760620117 -24.6062984466553
430.118103027344 189.369201660156 -16.6062984466553
-1 0 0
446.358276367188 189.796112060547 -16.6062984466553
430.118103027344 187.407760620117 -16.6062984466553
446.358276367188 189.796112060547 -24.6062984466553
0.145499438352345 -0.989358334194013 0
430.118103027344 187.407760620117 -24.6062984466553
446.358276367188 189.796112060547 -24.6062984466553
430.118103027344 187.407760620117 -16.6062984466553
0.145499438352345 -0.989358334194013 0
446.358276367188 207.577865600586 -16.6062984466553
446.358276367188 189.796112060547 -16.6062984466553
446.358276367188 189.796112060547 -24.6062984466553
1 -3.14658387577286E-15 0
446.358276367188 189.796112060547 -24.6062984466553
446.358276367188 207.577865600586 -24.6062984466553
446.358276367188 207.577865600586 -16.6062984466553
1 -3.14658387577286E-15 0
446.358276367188 222.669738769531 -16.6062984466553
446.358276367188 207.577865600586 -16.6062984466553
446.358276367188 207.577865600586 -24.6062984466553
1 0 0
446.358276367188 207.577865600586 -24.6062984466553
446.358276367188 222.669738769531 -24.6062984466553
446.358276367188 222.669738769531 -16.6062984466553
1 0 0
457.677154541016 222.669738769531 -16.6062984466553
446.358276367188 222.669738769531 -16.6062984466553
446.358276367188 222.669738769531 -24.6062984466553
5.14604319356222E-13 -1 0
446.358276367188 222.669738769531 -24.6062984466553
457.677154541016 222.669738769531 -24.6062984466553
457.677154541016 222.669738769531 -16.6062984466553
5.14604319356222E-13 -1 0
463.910766601563 222.669738769531 -16.6062984466553
457.677154541016 222.669738769531 -16.6062984466553
457.677154541016 222.669738769531 -24.6062984466553
-4.5594405444342E-15 -1 0
457.677154541016 222.669738769531 -24.6062984466553
463.910766601563 222.669738769531 -24.6062984466553
463.910766601563 222.669738769531 -16.6062984466553
-4.5594405444342E-15 -1 0
483.923889160156 222.669738769531 -16.6062984466553
463.910766601563 222.669738769531 -16.6062984466553
483.923889160156 222.669738769531 -24.6062984466553
-2.84030722437839E-15 -1 0
463.910766601563 222.669738769531 -24.6062984466553
483.923889160156 222.669738769531 -24.6062984466553
463.910766601563 222.669738769531 -16.6062984466553
-2.84030722437839E-15 -1 0
502.132537841797 222.669738769531 -16.6062984466553
483.923889160156 222.669738769531 -16.6062984466553
483.923889160156 222.669738769531 -24.6062984466553
-3.17905946216909E-15 -1 0
483.923889160156 222.669738769531 -24.6062984466553
502.132537841797 222.669738769531 -24.6062984466553
502.132537841797 222.669738769531 -16.6062984466553
-3.17905946216909E-15 -1 0
502.132537841797 207.577865600586 -16.6062984466553
502.132537841797 222.669738769531 -16.6062984466553
502.132537841797 207.577865600586 -24.6062984466553
-1 0 0
502.132537841797 222.669738769531 -24.6062984466553
502.132537841797 207.577865600586 -24.6062984466553
502.132537841797 222.669738769531 -16.6062984466553
-1 0 0
502.132537841797 200.934173583984 -16.6062984466553
502.132537841797 207.577865600586 -16.6062984466553
502.132537841797 200.934173583984 -24.6062984466553
-1 8.25041622330144E-15 0
502.132537841797 207.577865600586 -24.6062984466553
502.132537841797 200.934173583984 -24.6062984466553
502.132537841797 207.577865600586 -16.6062984466553
-1 8.25041622330144E-15 0
516.404174804688 200.934173583984 -16.6062984466553
502.132537841797 200.934173583984 -16.6062984466553
502.132537841797 200.934173583984 -24.6062984466553
-3.81627182131654E-15 -1 0
502.132537841797 200.934173583984 -24.6062984466553
516.404174804688 200.934173583984 -24.6062984466553
516.404174804688 200.934173583984 -16.6062984466553
-3.81627182131654E-15 -1 0
516.404174804688 216.354110717773 -16.6062984466553
516.404174804688 200.934173583984 -16.6062984466553
516.404174804688 200.934173583984 -24.6062984466553
1 0 0
516.404174804688 200.934173583984 -24.6062984466553
516.404174804688 216.354110717773 -24.6062984466553
516.404174804688 216.354110717773 -16.6062984466553
1 0 0
516.404174804688 218.322616577148 -16.6062984466553
516.404174804688 216.354110717773 -16.6062984466553
516.404174804688 218.322616577148 -24.6062984466553
1 0 0
516.404174804688 216.354110717773 -24.6062984466553
516.404174804688 218.322616577148 -24.6062984466553
516.404174804688 216.354110717773 -16.6062984466553
1 0 0
516.404174804688 225.458450317383 -16.6062984466553
516.404174804688 218.322616577148 -16.6062984466553
516.404174804688 218.322616577148 -24.6062984466553
1 0 0
516.404174804688 218.322616577148 -24.6062984466553
516.404174804688 225.458450317383 -24.6062984466553
516.404174804688 225.458450317383 -16.6062984466553
1 0 0
516.404174804688 234.644790649414 -16.6062984466553
516.404174804688 225.458450317383 -16.6062984466553
516.404174804688 225.458450317383 -24.6062984466553
1 0 0
516.404174804688 225.458450317383 -24.6062984466553
516.404174804688 234.644790649414 -24.6062984466553
516.404174804688 234.644790649414 -16.6062984466553
1 0 0
527.887145996094 234.644790649414 -16.6062984466553
516.404174804688 234.644790649414 -16.6062984466553
516.404174804688 234.644790649414 -24.6062984466553
-2.5404507432223E-15 -1 0
516.404174804688 234.644790649414 -24.6062984466553
527.887145996094 234.644790649414 -24.6062984466553
527.887145996094 234.644790649414 -16.6062984466553
-2.5404507432223E-15 -1 0
531.824157714844 234.644790649414 -16.6062984466553
527.887145996094 234.644790649414 -16.6062984466553
531.824157714844 234.644790649414 -24.6062984466553
-2.26569122437573E-13 -1 0
527.887145996094 234.644790649414 -24.6062984466553
531.824157714844 234.644790649414 -24.6062984466553
527.887145996094 234.644790649414 -16.6062984466553
-2.26569122437573E-13 -1 0
531.824157714844 245.96369934082 -16.6062984466553
531.824157714844 234.644790649414 -16.6062984466553
531.824157714844 245.96369934082 -24.6062984466553
1 0 0
531.824157714844 234.644790649414 -24.6062984466553
531.824157714844 245.96369934082 -24.6062984466553
531.824157714844 234.644790649414 -16.6062984466553
1 0 0
518.372680664063 245.96369934082 -16.6062984466553
531.824157714844 245.96369934082 -16.6062984466553
531.824157714844 245.96369934082 -24.6062984466553
0 1 0
531.824157714844 245.96369934082 -24.6062984466553
518.372680664063 245.96369934082 -24.6062984466553
518.372680664063 245.96369934082 -16.6062984466553
0 1 0
518.372680664063 246.291778564453 -16.6062984466553
518.372680664063 245.96369934082 -16.6062984466553
518.372680664063 245.96369934082 -24.6062984466553
1 0 0
518.372680664063 245.96369934082 -24.6062984466553
518.372680664063 246.291778564453 -24.6062984466553
518.372680664063 246.291778564453 -16.6062984466553
1 0 0
516.732299804688 246.291778564453 -16.6062984466553
518.372680664063 246.291778564453 -16.6062984466553
518.372680664063 246.291778564453 -24.6062984466553
0 1 0
518.372680664063 246.291778564453 -24.6062984466553
516.732299804688 246.291778564453 -24.6062984466553
516.732299804688 246.291778564453 -16.6062984466553
0 1 0
516.732299804688 245.96369934082 -16.6062984466553
516.732299804688 246.291778564453 -16.6062984466553
516.732299804688 245.96369934082 -24.6062984466553
-1 0 0
516.732299804688 246.291778564453 -24.6062984466553
516.732299804688 245.96369934082 -24.6062984466553
516.732299804688 246.291778564453 -16.6062984466553
-1 0 0
516.404174804688 245.96369934082 -16.6062984466553
516.732299804688 245.96369934082 -16.6062984466553
516.732299804688 245.96369934082 -24.6062984466553
0 1 0
516.732299804688 245.96369934082 -24.6062984466553
516.404174804688 245.96369934082 -24.6062984466553
516.404174804688 245.96369934082 -16.6062984466553
0 1 0
516.404174804688 246.291778564453 -16.6062984466553
516.404174804688 245.96369934082 -16.6062984466553
516.404174804688 246.291778564453 -24.6062984466553
1 0 0
516.404174804688 245.96369934082 -24.6062984466553
516.404174804688 246.291778564453 -24.6062984466553
516.404174804688 245.96369934082 -16.6062984466553
1 0 0
516.732299804688 246.291778564453 -16.6062984466553
516.404174804688 246.291778564453 -16.6062984466553
516.404174804688 246.291778564453 -24.6062984466553
0 -1 0
516.404174804688 246.291778564453 -24.6062984466553
516.732299804688 246.291778564453 -24.6062984466553
516.732299804688 246.291778564453 -16.6062984466553
0 -1 0
516.732299804688 247.932205200195 -16.6062984466553
516.732299804688 246.291778564453 -16.6062984466553
516.732299804688 246.291778564453 -24.6062984466553
1 0 0
516.732299804688 246.291778564453 -24.6062984466553
516.732299804688 247.932205200195 -24.6062984466553
516.732299804688 247.932205200195 -16.6062984466553
1 0 0
516.404174804688 247.932205200195 -16.6062984466553
516.732299804688 247.932205200195 -16.6062984466553
516.404174804688 247.932205200195 -24.6062984466553
1.73258740687722E-13 1 0
516.732299804688 247.932205200195 -24.6062984466553
516.404174804688 247.932205200195 -24.6062984466553
516.732299804688 247.932205200195 -16.6062984466553
1.73258740687722E-13 1 0
516.404174804688 260.767608642578 -16.6062984466553
516.404174804688 247.932205200195 -16.6062984466553
516.404174804688 247.932205200195 -24.6062984466553
1 7.08582973795743E-14 0
516.404174804688 247.932205200195 -24.6062984466553
516.404174804688 260.767608642578 -24.6062984466553
516.404174804688 260.767608642578 -16.6062984466553
1 7.08582973795743E-14 0
516.404174804688 260.891510009766 -16.6062984466553
516.404174804688 260.767608642578 -16.6062984466553
516.404174804688 260.767608642578 -24.6062984466553
1 0 0
516.404174804688 260.767608642578 -24.6062984466553
516.404174804688 260.891510009766 -24.6062984466553
516.404174804688 260.891510009766 -16.6062984466553
1 0 0
514.927795410156 260.891510009766 -16.6062984466553
516.404174804688 260.891510009766 -16.6062984466553
514.927795410156 260.891510009766 -24.6062984466553
-1.46827893154979E-12 1 0
516.404174804688 260.891510009766 -24.6062984466553
514.927795410156 260.891510009766 -24.6062984466553
516.404174804688 260.891510009766 -16.6062984466553
-1.46827893154979E-12 1 0
514.927795410156 261.957794189453 -16.6062984466553
514.927795410156 260.891510009766 -16.6062984466553
514.927795410156 261.957794189453 -24.6062984466553
1 1.39290705150068E-12 0
514.927795410156 260.891510009766 -24.6062984466553
514.927795410156 261.957794189453 -24.6062984466553
514.927795410156 260.891510009766 -16.6062984466553
1 1.39290705150068E-12 0
502.132537841797 261.957794189453 -16.6062984466553
514.927795410156 261.957794189453 -16.6062984466553
514.927795410156 261.957794189453 -24.6062984466553
4.33146851721791E-15 1 0
514.927795410156 261.957794189453 -24.6062984466553
502.132537841797 261.957794189453 -24.6062984466553
502.132537841797 261.957794189453 -16.6062984466553
4.33146851721791E-15 1 0
502.132537841797 261.219604492188 -16.6062984466553
502.132537841797 261.957794189453 -16.6062984466553
502.132537841797 261.957794189453 -24.6062984466553
-1 0 0
502.132537841797 261.957794189453 -24.6062984466553
502.132537841797 261.219604492188 -24.6062984466553
502.132537841797 261.219604492188 -16.6062984466553
-1 0 0
502.132537841797 247.604110717773 -16.6062984466553
502.132537841797 261.219604492188 -16.6062984466553
502.132537841797 261.219604492188 -24.6062984466553
-1 0 0
502.132537841797 261.219604492188 -24.6062984466553
502.132537841797 247.604110717773 -24.6062984466553
502.132537841797 247.604110717773 -16.6062984466553
-1 0 0
502.132537841797 230.543746948242 -16.6062984466553
502.132537841797 247.604110717773 -16.6062984466553
502.132537841797 247.604110717773 -24.6062984466553
-1 3.39723020956427E-15 0
502.132537841797 247.604110717773 -24.6062984466553
502.132537841797 230.543746948242 -24.6062984466553
502.132537841797 230.543746948242 -16.6062984466553
-1 3.39723020956427E-15 0
489.173217773438 230.543746948242 -16.6062984466553
502.132537841797 230.543746948242 -16.6062984466553
502.132537841797 230.543746948242 -24.6062984466553
2.25011351542371E-15 1 0
502.132537841797 230.543746948242 -24.6062984466553
489.173217773438 230.543746948242 -24.6062984466553
489.173217773438 230.543746948242 -16.6062984466553
2.25011351542371E-15 1 0
482.611541748047 230.543746948242 -16.6062984466553
489.173217773438 230.543746948242 -16.6062984466553
482.611541748047 230.543746948242 -24.6062984466553
4.33146851719516E-15 1 0
489.173217773438 230.543746948242 -24.6062984466553
482.611541748047 230.543746948242 -24.6062984466553
489.173217773438 230.543746948242 -16.6062984466553
4.33146851719516E-15 1 0
478.346466064453 230.543746948242 -16.6062984466553
482.611541748047 230.543746948242 -16.6062984466553
482.611541748047 230.543746948242 -24.6062984466553
6.66379771876352E-15 1 0
482.611541748047 230.543746948242 -24.6062984466553
478.346466064453 230.543746948242 -24.6062984466553
478.346466064453 230.543746948242 -16.6062984466553
6.66379771876352E-15 1 0
474.409454345703 230.543746948242 -16.6062984466553
478.346466064453 230.543746948242 -16.6062984466553
474.409454345703 230.543746948242 -24.6062984466553
0 1 0
478.346466064453 230.543746948242 -24.6062984466553
474.409454345703 230.543746948242 -24.6062984466553
478.346466064453 230.543746948242 -16.6062984466553
0 1 0
461.778228759766 230.543746948242 -16.6062984466553
474.409454345703 230.543746948242 -16.6062984466553
474.409454345703 230.543746948242 -24.6062984466553
2.25011351542718E-15 1 0
474.409454345703 230.543746948242 -24.6062984466553
461.778228759766 230.543746948242 -24.6062984466553
461.778228759766 230.543746948242 -16.6062984466553
2.25011351542718E-15 1 0
429.7900390625 230.543746948242 -16.6062984466553
461.778228759766 230.543746948242 -16.6062984466553
461.778228759766 230.543746948242 -24.6062984466553
3.51794397335022E-15 1 0
461.778228759766 230.543746948242 -24.6062984466553
429.7900390625 230.543746948242 -24.6062984466553
429.7900390625 230.543746948242 -16.6062984466553
3.51794397335022E-15 1 0
429.7900390625 218.486663818359 -16.6062984466553
429.7900390625 230.543746948242 -16.6062984466553
429.7900390625 218.486663818359 -24.6062984466553
-1 0 0
429.7900390625 230.543746948242 -24.6062984466553
429.7900390625 218.486663818359 -24.6062984466553
429.7900390625 230.543746948242 -16.6062984466553
-1 0 0
429.7900390625 216.026031494141 -16.6062984466553
429.7900390625 218.486663818359 -16.6062984466553
429.7900390625 216.026031494141 -24.6062984466553
-1 0 0
429.7900390625 218.486663818359 -24.6062984466553
429.7900390625 216.026031494141 -24.6062984466553
429.7900390625 218.486663818359 -16.6062984466553
-1 0 0
[HEADER]
545086,192
517.060363769531 261.219604492188 -16.6062984466553
518.372680664063 260.891510009766 -16.6062984466553
518.372680664063 261.219604492188 -16.6062984466553
0 0 1
518.372680664063 260.891510009766 -16.6062984466553
517.060363769531 261.219604492188 -16.6062984466553
517.060363769531 247.932205200195 -16.6062984466553
0 0 1
545.849731445313 260.645446777344 -16.6062984466553
545.849731445313 260.891510009766 -16.6062984466553
518.372680664063 260.891510009766 -16.6062984466553
0 0 1
547.326110839844 260.645446777344 -16.6062984466553
545.849731445313 260.645446777344 -16.6062984466553
547.326110839844 248.096237182617 -16.6062984466553
0 0 1
518.372680664063 260.891510009766 -16.6062984466553
532.152221679688 246.619857788086 -16.6062984466553
545.849731445313 260.645446777344 -16.6062984466553
0 0 1
532.152221679688 246.619857788086 -16.6062984466553
518.372680664063 260.891510009766 -16.6062984466553
518.372680664063 247.932205200195 -16.6062984466553
0 0 1
518.372680664063 247.932205200195 -16.6062984466553
518.372680664063 246.619857788086 -16.6062984466553
532.152221679688 246.619857788086 -16.6062984466553
0 0 1
545.849731445313 248.096237182617 -16.6062984466553
547.326110839844 248.096237182617 -16.6062984466553
545.849731445313 260.645446777344 -16.6062984466553
0 0 1
532.152221679688 246.619857788086 -16.6062984466553
545.849731445313 246.619857788086 -16.6062984466553
545.849731445313 248.096237182617 -16.6062984466553
0 0 1
545.849731445313 260.645446777344 -16.6062984466553
532.152221679688 246.619857788086 -16.6062984466553
545.849731445313 248.096237182617 -16.6062984466553
0 0 1
518.372680664063 247.932205200195 -16.6062984466553
518.372680664063 260.891510009766 -16.6062984466553
517.060363769531 247.932205200195 -16.6062984466553
0 0 1
518.372680664063 260.891510009766 -24.6062984466553
532.152221679688 246.619857788086 -24.6062984466553
518.372680664063 247.932205200195 -24.6062984466553
0 0 -1
518.372680664063 246.619857788086 -24.6062984466553
518.372680664063 247.932205200195 -24.6062984466553
532.152221679688 246.619857788086 -24.6062984466553
0 0 -1
532.152221679688 246.619857788086 -24.6062984466553
545.849731445313 248.096237182617 -24.6062984466553
545.849731445313 246.619857788086 -24.6062984466553
0 0 -1
518.372680664063 247.932205200195 -24.6062984466553
517.060363769531 247.932205200195 -24.6062984466553
518.372680664063 260.891510009766 -24.6062984466553
0 0 -1
518.372680664063 260.891510009766 -24.6062984466553
517.060363769531 261.219604492188 -24.6062984466553
518.372680664063 261.219604492188 -24.6062984466553
0 0 -1
545.849731445313 260.645446777344 -24.6062984466553
532.152221679688 246.619857788086 -24.6062984466553
518.372680664063 260.891510009766 -24.6062984466553
0 0 -1
545.849731445313 260.645446777344 -24.6062984466553
547.326110839844 260.645446777344 -24.6062984466553
547.326110839844 248.096237182617 -24.6062984466553
0 0 -1
545.849731445313 248.096237182617 -24.6062984466553
532.152221679688 246.619857788086 -24.6062984466553
545.849731445313 260.645446777344 -24.6062984466553
0 0 -1
545.849731445313 260.645446777344 -24.6062984466553
518.372680664063 260.891510009766 -24.6062984466553
545.849731445313 260.891510009766 -24.6062984466553
0 0 -1
545.849731445313 260.645446777344 -24.6062984466553
547.326110839844 248.096237182617 -24.6062984466553
545.849731445313 248.096237182617 -24.6062984466553
0 0 -1
518.372680664063 260.891510009766 -24.6062984466553
517.060363769531 247.932205200195 -24.6062984466553
517.060363769531 261.219604492188 -24.6062984466553
0 0 -1
518.372680664063 246.619857788086 -16.6062984466553
518.372680664063 247.932205200195 -16.6062984466553
518.372680664063 247.932205200195 -24.6062984466553
-1 0 0
518.372680664063 247.932205200195 -24.6062984466553
518.372680664063 246.619857788086 -24.6062984466553
518.372680664063 246.619857788086 -16.6062984466553
-1 0 0
532.152221679688 246.619857788086 -16.6062984466553
518.372680664063 246.619857788086 -16.6062984466553
518.372680664063 246.619857788086 -24.6062984466553
0 -1 0
518.372680664063 246.619857788086 -24.6062984466553
532.152221679688 246.619857788086 -24.6062984466553
532.152221679688 246.619857788086 -16.6062984466553
0 -1 0
545.849731445313 246.619857788086 -16.6062984466553
532.152221679688 246.619857788086 -16.6062984466553
532.152221679688 246.619857788086 -24.6062984466553
0 -1 0
532.152221679688 246.619857788086 -24.6062984466553
545.849731445313 246.619857788086 -24.6062984466553
545.849731445313 246.619857788086 -16.6062984466553
0 -1 0
545.849731445313 248.096237182617 -16.6062984466553
545.849731445313 246.619857788086 -16.6062984466553
545.849731445313 246.619857788086 -24.6062984466553
1 0 0
545.849731445313 246.619857788086 -24.6062984466553
545.849731445313 248.096237182617 -24.6062984466553
545.849731445313 248.096237182617 -16.6062984466553
1 0 0
547.326110839844 248.096237182617 -16.6062984466553
545.849731445313 248.096237182617 -16.6062984466553
547.326110839844 248.096237182617 -24.6062984466553
0 -1 0
545.849731445313 248.096237182617 -24.6062984466553
547.326110839844 248.096237182617 -24.6062984466553
545.849731445313 248.096237182617 -16.6062984466553
0 -1 0
547.326110839844 260.645446777344 -16.6062984466553
547.326110839844 248.096237182617 -16.6062984466553
547.326110839844 248.096237182617 -24.6062984466553
1 0 0
547.326110839844 248.096237182617 -24.6062984466553
547.326110839844 260.645446777344 -24.6062984466553
547.326110839844 260.645446777344 -16.6062984466553
1 0 0
545.849731445313 260.645446777344 -16.6062984466553
547.326110839844 260.645446777344 -16.6062984466553
545.849731445313 260.645446777344 -24.6062984466553
0 1 0
547.326110839844 260.645446777344 -24.6062984466553
545.849731445313 260.645446777344 -24.6062984466553
547.326110839844 260.645446777344 -16.6062984466553
0 1 0
545.849731445313 260.891510009766 -16.6062984466553
545.849731445313 260.645446777344 -16.6062984466553
545.849731445313 260.645446777344 -24.6062984466553
1 0 0
545.849731445313 260.645446777344 -24.6062984466553
545.849731445313 260.891510009766 -24.6062984466553
545.849731445313 260.891510009766 -16.6062984466553
1 0 0
518.372680664063 260.891510009766 -16.6062984466553
545.849731445313 260.891510009766 -16.6062984466553
545.849731445313 260.891510009766 -24.6062984466553
0 1 0
545.849731445313 260.891510009766 -24.6062984466553
518.372680664063 260.891510009766 -24.6062984466553
518.372680664063 260.891510009766 -16.6062984466553
0 1 0
518.372680664063 261.219604492188 -16.6062984466553
518.372680664063 260.891510009766 -16.6062984466553
518.372680664063 260.891510009766 -24.6062984466553
1 0 0
518.372680664063 260.891510009766 -24.6062984466553
518.372680664063 261.219604492188 -24.6062984466553
518.372680664063 261.219604492188 -16.6062984466553
1 0 0
517.060363769531 261.219604492188 -16.6062984466553
518.372680664063 261.219604492188 -16.6062984466553
517.060363769531 261.219604492188 -24.6062984466553
0 1 0
518.372680664063 261.219604492188 -24.6062984466553
517.060363769531 261.219604492188 -24.6062984466553
518.372680664063 261.219604492188 -16.6062984466553
0 1 0
517.060363769531 247.932205200195 -16.6062984466553
517.060363769531 261.219604492188 -16.6062984466553
517.060363769531 261.219604492188 -24.6062984466553
-1 -7.08582973795743E-14 0
517.060363769531 261.219604492188 -24.6062984466553
517.060363769531 247.932205200195 -24.6062984466553
517.060363769531 247.932205200195 -16.6062984466553
-1 -7.08582973795743E-14 0
518.372680664063 247.932205200195 -16.6062984466553
517.060363769531 247.932205200195 -16.6062984466553
518.372680664063 247.932205200195 -24.6062984466553
0 -1 0
517.060363769531 247.932205200195 -24.6062984466553
518.372680664063 247.932205200195 -24.6062984466553
517.060363769531 247.932205200195 -16.6062984466553
0 -1 0
[HEADER]
545089,96
532.480285644531 234.644790649414 -16.6062984466553
538.221801757813 234.644790649414 -16.6062984466553
532.480285644531 245.96369934082 -16.6062984466553
0 0 1
532.480285644531 245.96369934082 -16.6062984466553
538.221801757813 234.644790649414 -16.6062984466553
545.849731445313 245.96369934082 -16.6062984466553
0 0 1
545.849731445313 245.96369934082 -16.6062984466553
547.326110839844 234.644790649414 -16.6062984466553
547.326110839844 246.291778564453 -16.6062984466553
0 0 1
547.326110839844 234.644790649414 -16.6062984466553
545.849731445313 245.96369934082 -16.6062984466553
538.221801757813 234.644790649414 -16.6062984466553
0 0 1
547.326110839844 246.291778564453 -16.6062984466553
545.849731445313 246.291778564453 -16.6062984466553
545.849731445313 245.96369934082 -16.6062984466553
0 0 1
545.849731445313 246.291778564453 -24.6062984466553
547.326110839844 246.291778564453 -24.6062984466553
545.849731445313 245.96369934082 -24.6062984466553
0 0 -1
545.849731445313 245.96369934082 -24.6062984466553
547.326110839844 246.291778564453 -24.6062984466553
547.326110839844 234.644790649414 -24.6062984466553
0 0 -1
538.221801757813 234.644790649414 -24.6062984466553
532.480285644531 234.644790649414 -24.6062984466553
532.480285644531 245.96369934082 -24.6062984466553
0 0 -1
532.480285644531 245.96369934082 -24.6062984466553
545.849731445313 245.96369934082 -24.6062984466553
538.221801757813 234.644790649414 -24.6062984466553
0 0 -1
538.221801757813 234.644790649414 -24.6062984466553
545.849731445313 245.96369934082 -24.6062984466553
547.326110839844 234.644790649414 -24.6062984466553
0 0 -1
538.221801757813 234.644790649414 -16.6062984466553
532.480285644531 234.644790649414 -16.6062984466553
532.480285644531 234.644790649414 -24.6062984466553
-2.34133433361999E-13 -1 0
532.480285644531 234.644790649414 -24.6062984466553
538.221801757813 234.644790649414 -24.6062984466553
538.221801757813 234.644790649414 -16.6062984466553
-2.34133433361999E-13 -1 0
547.326110839844 234.644790649414 -16.6062984466553
538.221801757813 234.644790649414 -16.6062984466553
538.221801757813 234.644790649414 -24.6062984466553
-2.2900285725699E-13 -1 0
538.221801757813 234.644790649414 -24.6062984466553
547.326110839844 234.644790649414 -24.6062984466553
547.326110839844 234.644790649414 -16.6062984466553
-2.2900285725699E-13 -1 0
547.326110839844 246.291778564453 -16.6062984466553
547.326110839844 234.644790649414 -16.6062984466553
547.326110839844 234.644790649414 -24.6062984466553
1 0 0
547.326110839844 234.644790649414 -24.6062984466553
547.326110839844 246.291778564453 -24.6062984466553
547.326110839844 246.291778564453 -16.6062984466553
1 0 0
545.849731445313 246.291778564453 -16.6062984466553
547.326110839844 246.291778564453 -16.6062984466553
547.326110839844 246.291778564453 -24.6062984466553
0 1 0
547.326110839844 246.291778564453 -24.6062984466553
545.849731445313 246.291778564453 -24.6062984466553
545.849731445313 246.291778564453 -16.6062984466553
0 1 0
545.849731445313 245.96369934082 -16.6062984466553
545.849731445313 246.291778564453 -16.6062984466553
545.849731445313 246.291778564453 -24.6062984466553
-1 0 0
545.849731445313 246.291778564453 -24.6062984466553
545.849731445313 245.96369934082 -24.6062984466553
545.849731445313 245.96369934082 -16.6062984466553
-1 0 0
532.480285644531 245.96369934082 -16.6062984466553
545.849731445313 245.96369934082 -16.6062984466553
545.849731445313 245.96369934082 -24.6062984466553
0 1 0
545.849731445313 245.96369934082 -24.6062984466553
532.480285644531 245.96369934082 -24.6062984466553
532.480285644531 245.96369934082 -16.6062984466553
0 1 0
532.480285644531 234.644790649414 -16.6062984466553
532.480285644531 245.96369934082 -16.6062984466553
532.480285644531 245.96369934082 -24.6062984466553
-1 0 0
532.480285644531 245.96369934082 -24.6062984466553
532.480285644531 234.644790649414 -24.6062984466553
532.480285644531 234.644790649414 -16.6062984466553
-1 0 0
[HEADER]
545092,176
518.372680664063 216.944671630859 -16.6062984466553
527.887145996094 216.944671630859 -16.6062984466553
527.887145996094 217.010284423828 -16.6062984466553
0 0 1
518.372680664063 216.944671630859 -16.6062984466553
527.887145996094 217.010284423828 -16.6062984466553
518.372680664063 218.322616577148 -16.6062984466553
0 0 1
516.994750976563 218.322616577148 -16.6062984466553
518.372680664063 218.322616577148 -16.6062984466553
516.994750976563 225.163162231445 -16.6062984466553
0 0 1
528.182434082031 225.163162231445 -16.6062984466553
516.994750976563 225.163162231445 -16.6062984466553
518.372680664063 218.322616577148 -16.6062984466553
0 0 1
518.372680664063 218.322616577148 -16.6062984466553
527.887145996094 217.010284423828 -16.6062984466553
528.182434082031 225.163162231445 -16.6062984466553
0 0 1
528.182434082031 225.163162231445 -16.6062984466553
528.187622070313 217.010284423828 -16.6062984466553
537.893676757813 217.010284423828 -16.6062984466553
0 0 1
528.187622070313 217.010284423828 -16.6062984466553
528.182434082031 225.163162231445 -16.6062984466553
527.887145996094 217.010284423828 -16.6062984466553
0 0 1
528.182434082031 225.163162231445 -16.6062984466553
537.893676757813 217.010284423828 -16.6062984466553
537.893676757813 233.988632202148 -16.6062984466553
0 0 1
532.152221679688 233.988632202148 -16.6062984466553
528.182434082031 233.988632202148 -16.6062984466553
528.182434082031 225.163162231445 -16.6062984466553
0 0 1
537.893676757813 233.988632202148 -16.6062984466553
532.152221679688 233.988632202148 -16.6062984466553
528.182434082031 225.163162231445 -16.6062984466553
0 0 1
537.893676757813 217.010284423828 -24.6062984466553
528.187622070313 217.010284423828 -24.6062984466553
528.182434082031 225.163162231445 -24.6062984466553
0 0 -1
528.182434082031 225.163162231445 -24.6062984466553
528.187622070313 217.010284423828 -24.6062984466553
527.887145996094 217.010284423828 -24.6062984466553
0 0 -1
537.893676757813 217.010284423828 -24.6062984466553
528.182434082031 225.163162231445 -24.6062984466553
537.893676757813 233.988632202148 -24.6062984466553
0 0 -1
532.152221679688 233.988632202148 -24.6062984466553
537.893676757813 233.988632202148 -24.6062984466553
528.182434082031 225.163162231445 -24.6062984466553
0 0 -1
528.182434082031 233.988632202148 -24.6062984466553
532.152221679688 233.988632202148 -24.6062984466553
528.182434082031 225.163162231445 -24.6062984466553
0 0 -1
527.887145996094 216.944671630859 -24.6062984466553
518.372680664063 216.944671630859 -24.6062984466553
527.887145996094 217.010284423828 -24.6062984466553
0 0 -1
527.887145996094 217.010284423828 -24.6062984466553
518.372680664063 216.944671630859 -24.6062984466553
518.372680664063 218.322616577148 -24.6062984466553
0 0 -1
518.372680664063 218.322616577148 -24.6062984466553
516.994750976563 218.322616577148 -24.6062984466553
516.994750976563 225.163162231445 -24.6062984466553
0 0 -1
516.994750976563 225.163162231445 -24.6062984466553
528.182434082031 225.163162231445 -24.6062984466553
518.372680664063 218.322616577148 -24.6062984466553
0 0 -1
518.372680664063 218.322616577148 -24.6062984466553
528.182434082031 225.163162231445 -24.6062984466553
527.887145996094 217.010284423828 -24.6062984466553
0 0 -1
527.887145996094 216.944671630859 -16.6062984466553
518.372680664063 216.944671630859 -16.6062984466553
518.372680664063 216.944671630859 -24.6062984466553
-1.25463226015222E-12 -1 0
518.372680664063 216.944671630859 -24.6062984466553
527.887145996094 216.944671630859 -24.6062984466553
527.887145996094 216.944671630859 -16.6062984466553
-1.25463226015222E-12 -1 0
527.887145996094 217.010284423828 -16.6062984466553
527.887145996094 216.944671630859 -16.6062984466553
527.887145996094 216.944671630859 -24.6062984466553
1 5.19776272452934E-12 0
527.887145996094 216.944671630859 -24.6062984466553
527.887145996094 217.010284423828 -24.6062984466553
527.887145996094 217.010284423828 -16.6062984466553
1 5.19776272452934E-12 0
528.187622070313 217.010284423828 -16.6062984466553
527.887145996094 217.010284423828 -16.6062984466553
528.187622070313 217.010284423828 -24.6062984466553
0 -1 0
527.887145996094 217.010284423828 -24.6062984466553
528.187622070313 217.010284423828 -24.6062984466553
527.887145996094 217.010284423828 -16.6062984466553
0 -1 0
537.893676757813 217.010284423828 -16.6062984466553
528.187622070313 217.010284423828 -16.6062984466553
528.187622070313 217.010284423828 -24.6062984466553
-2.83250184507847E-15 -1 0
528.187622070313 217.010284423828 -24.6062984466553
537.893676757813 217.010284423828 -24.6062984466553
537.893676757813 217.010284423828 -16.6062984466553
-2.83250184507847E-15 -1 0
537.893676757813 233.988632202148 -16.6062984466553
537.893676757813 217.010284423828 -16.6062984466553
537.893676757813 217.010284423828 -24.6062984466553
1 0 0
537.893676757813 217.010284423828 -24.6062984466553
537.893676757813 233.988632202148 -24.6062984466553
537.893676757813 233.988632202148 -16.6062984466553
1 0 0
532.152221679688 233.988632202148 -16.6062984466553
537.893676757813 233.988632202148 -16.6062984466553
537.893676757813 233.988632202148 -24.6062984466553
2.34133433361999E-13 1 0
537.893676757813 233.988632202148 -24.6062984466553
532.152221679688 233.988632202148 -24.6062984466553
532.152221679688 233.988632202148 -16.6062984466553
2.34133433361999E-13 1 0
528.182434082031 233.988632202148 -16.6062984466553
532.152221679688 233.988632202148 -16.6062984466553
528.182434082031 233.988632202148 -24.6062984466553
2.26569122437573E-13 1 0
532.152221679688 233.988632202148 -24.6062984466553
528.182434082031 233.988632202148 -24.6062984466553
532.152221679688 233.988632202148 -16.6062984466553
2.26569122437573E-13 1 0
528.182434082031 225.163162231445 -16.6062984466553
528.182434082031 233.988632202148 -16.6062984466553
528.182434082031 233.988632202148 -24.6062984466553
-1 0 0
528.182434082031 233.988632202148 -24.6062984466553
528.182434082031 225.163162231445 -24.6062984466553
528.182434082031 225.163162231445 -16.6062984466553
-1 0 0
516.994750976563 225.163162231445 -16.6062984466553
528.182434082031 225.163162231445 -16.6062984466553
528.182434082031 225.163162231445 -24.6062984466553
2.5404507432223E-15 1 0
528.182434082031 225.163162231445 -24.6062984466553
516.994750976563 225.163162231445 -24.6062984466553
516.994750976563 225.163162231445 -16.6062984466553
2.5404507432223E-15 1 0
516.994750976563 218.322616577148 -16.6062984466553
516.994750976563 225.163162231445 -16.6062984466553
516.994750976563 218.322616577148 -24.6062984466553
-1 0 0
516.994750976563 225.163162231445 -24.6062984466553
516.994750976563 218.322616577148 -24.6062984466553
516.994750976563 225.163162231445 -16.6062984466553
-1 0 0
518.372680664063 218.322616577148 -16.6062984466553
516.994750976563 218.322616577148 -16.6062984466553
518.372680664063 218.322616577148 -24.6062984466553
0 -1 0
516.994750976563 218.322616577148 -24.6062984466553
518.372680664063 218.322616577148 -24.6062984466553
516.994750976563 218.322616577148 -16.6062984466553
0 -1 0
518.372680664063 216.944671630859 -16.6062984466553
518.372680664063 218.322616577148 -16.6062984466553
518.372680664063 218.322616577148 -24.6062984466553
-1 0 0
518.372680664063 218.322616577148 -24.6062984466553
518.372680664063 216.944671630859 -24.6062984466553
518.372680664063 216.944671630859 -16.6062984466553
-1 0 0
[HEADER]
545095,176
516.994750976563 192.157913208008 -16.6062984466553
516.994750976563 188.713043212891 -16.6062984466553
518.372680664063 188.713043212891 -16.6062984466553
0 0 1
516.994750976563 200.688110351563 -16.6062984466553
516.994750976563 192.157913208008 -16.6062984466553
527.591857910156 190.228363037109 -16.6062984466553
0 0 1
516.994750976563 216.354110717773 -16.6062984466553
516.994750976563 200.688110351563 -16.6062984466553
518.372680664063 216.354110717773 -16.6062984466553
0 0 1
527.591857910156 216.348876953125 -16.6062984466553
518.372680664063 216.354110717773 -16.6062984466553
516.994750976563 200.688110351563 -16.6062984466553
0 0 1
518.372680664063 188.713043212891 -16.6062984466553
519.098388671875 186.957794189453 -16.6062984466553
527.591857910156 189.457473754883 -16.6062984466553
0 0 1
519.098388671875 186.957794189453 -16.6062984466553
518.372680664063 188.713043212891 -16.6062984466553
518.372680664063 186.957794189453 -16.6062984466553
0 0 1
518.372680664063 188.713043212891 -16.6062984466553
527.591857910156 189.457473754883 -16.6062984466553
527.591857910156 190.228363037109 -16.6062984466553
0 0 1
527.591857910156 216.354110717773 -16.6062984466553
518.372680664063 216.354110717773 -16.6062984466553
527.591857910156 216.348876953125 -16.6062984466553
0 0 1
527.591857910156 216.348876953125 -16.6062984466553
516.994750976563 200.688110351563 -16.6062984466553
527.591857910156 190.228363037109 -16.6062984466553
0 0 1
516.994750976563 192.157913208008 -16.6062984466553
518.372680664063 188.713043212891 -16.6062984466553
527.591857910156 190.228363037109 -16.6062984466553
0 0 1
527.591857910156 189.457473754883 -24.6062984466553
519.098388671875 186.957794189453 -24.6062984466553
518.372680664063 188.713043212891 -24.6062984466553
0 0 -1
518.372680664063 188.713043212891 -24.6062984466553
519.098388671875 186.957794189453 -24.6062984466553
518.372680664063 186.957794189453 -24.6062984466553
0 0 -1
527.591857910156 189.457473754883 -24.6062984466553
518.372680664063 188.713043212891 -24.6062984466553
527.591857910156 190.228363037109 -24.6062984466553
0 0 -1
516.994750976563 200.688110351563 -24.6062984466553
527.591857910156 216.348876953125 -24.6062984466553
527.591857910156 190.228363037109 -24.6062984466553
0 0 -1
518.372680664063 216.354110717773 -24.6062984466553
527.591857910156 216.354110717773 -24.6062984466553
527.591857910156 216.348876953125 -24.6062984466553
0 0 -1
516.994750976563 192.157913208008 -24.6062984466553
527.591857910156 190.228363037109 -24.6062984466553
518.372680664063 188.713043212891 -24.6062984466553
0 0 -1
516.994750976563 188.713043212891 -24.6062984466553
516.994750976563 192.157913208008 -24.6062984466553
518.372680664063 188.713043212891 -24.6062984466553
0 0 -1
516.994750976563 192.157913208008 -24.6062984466553
516.994750976563 200.688110351563 -24.6062984466553
527.591857910156 190.228363037109 -24.6062984466553
0 0 -1
518.372680664063 216.354110717773 -24.6062984466553
516.994750976563 200.688110351563 -24.6062984466553
516.994750976563 216.354110717773 -24.6062984466553
0 0 -1
518.372680664063 216.354110717773 -24.6062984466553
527.591857910156 216.348876953125 -24.6062984466553
516.994750976563 200.688110351563 -24.6062984466553
0 0 -1
519.098388671875 186.957794189453 -16.6062984466553
518.372680664063 186.957794189453 -16.6062984466553
518.372680664063 186.957794189453 -24.6062984466553
0 -1 0
518.372680664063 186.957794189453 -24.6062984466553
519.098388671875 186.957794189453 -24.6062984466553
519.098388671875 186.957794189453 -16.6062984466553
0 -1 0
527.591857910156 189.457473754883 -16.6062984466553
519.098388671875 186.957794189453 -16.6062984466553
519.098388671875 186.957794189453 -24.6062984466553
0.282332198371804 -0.959316699407732 0
519.098388671875 186.957794189453 -24.6062984466553
527.591857910156 189.457473754883 -24.6062984466553
527.591857910156 189.457473754883 -16.6062984466553
0.282332198371804 -0.959316699407732 0
527.591857910156 190.228363037109 -16.6062984466553
527.591857910156 189.457473754883 -16.6062984466553
527.591857910156 189.457473754883 -24.6062984466553
1 0 0
527.591857910156 189.457473754883 -24.6062984466553
527.591857910156 190.228363037109 -24.6062984466553
527.591857910156 190.228363037109 -16.6062984466553
1 0 0
527.591857910156 216.348876953125 -16.6062984466553
527.591857910156 190.228363037109 -16.6062984466553
527.591857910156 190.228363037109 -24.6062984466553
1 0 0
527.591857910156 190.228363037109 -24.6062984466553
527.591857910156 216.348876953125 -24.6062984466553
527.591857910156 216.348876953125 -16.6062984466553
1 0 0
527.591857910156 216.354110717773 -16.6062984466553
527.591857910156 216.348876953125 -16.6062984466553
527.591857910156 216.354110717773 -24.6062984466553
1 0 0
527.591857910156 216.348876953125 -24.6062984466553
527.591857910156 216.354110717773 -24.6062984466553
527.591857910156 216.348876953125 -16.6062984466553
1 0 0
518.372680664063 216.354110717773 -16.6062984466553
527.591857910156 216.354110717773 -16.6062984466553
518.372680664063 216.354110717773 -24.6062984466553
1.25463226015222E-12 1 0
527.591857910156 216.354110717773 -24.6062984466553
518.372680664063 216.354110717773 -24.6062984466553
527.591857910156 216.354110717773 -16.6062984466553
1.25463226015222E-12 1 0
516.994750976563 216.354110717773 -16.6062984466553
518.372680664063 216.354110717773 -16.6062984466553
516.994750976563 216.354110717773 -24.6062984466553
0 1 0
518.372680664063 216.354110717773 -24.6062984466553
516.994750976563 216.354110717773 -24.6062984466553
518.372680664063 216.354110717773 -16.6062984466553
0 1 0
516.994750976563 200.688110351563 -16.6062984466553
516.994750976563 216.354110717773 -16.6062984466553
516.994750976563 200.688110351563 -24.6062984466553
-1 0 0
516.994750976563 216.354110717773 -24.6062984466553
516.994750976563 200.688110351563 -24.6062984466553
516.994750976563 216.354110717773 -16.6062984466553
-1 0 0
516.994750976563 192.157913208008 -16.6062984466553
516.994750976563 200.688110351563 -16.6062984466553
516.994750976563 200.688110351563 -24.6062984466553
-1 0 0
516.994750976563 200.688110351563 -24.6062984466553
516.994750976563 192.157913208008 -24.6062984466553
516.994750976563 192.157913208008 -16.6062984466553
-1 0 0
516.994750976563 188.713043212891 -16.6062984466553
516.994750976563 192.157913208008 -16.6062984466553
516.994750976563 192.157913208008 -24.6062984466553
-1 0 0
516.994750976563 192.157913208008 -24.6062984466553
516.994750976563 188.713043212891 -24.6062984466553
516.994750976563 188.713043212891 -16.6062984466553
-1 0 0
518.372680664063 188.713043212891 -16.6062984466553
516.994750976563 188.713043212891 -16.6062984466553
516.994750976563 188.713043212891 -24.6062984466553
0 -1 0
516.994750976563 188.713043212891 -24.6062984466553
518.372680664063 188.713043212891 -24.6062984466553
518.372680664063 188.713043212891 -16.6062984466553
0 -1 0
518.372680664063 186.957794189453 -16.6062984466553
518.372680664063 188.713043212891 -16.6062984466553
518.372680664063 186.957794189453 -24.6062984466553
-1 0 0
518.372680664063 188.713043212891 -24.6062984466553
518.372680664063 186.957794189453 -24.6062984466553
518.372680664063 188.713043212891 -16.6062984466553
-1 0 0
[HEADER]
545098,0
[HEADER]
545240,112
481.791351318359 243.667098999023 -16.6062984466553
480.643035888672 235.46501159668 -16.6062984466553
482.775604248047 235.46501159668 -16.6062984466553
0 0 1
481.791351318359 243.667098999023 -16.6062984466553
480.643035888672 243.667098999023 -16.6062984466553
480.643035888672 235.46501159668 -16.6062984466553
0 0 1
482.775604248047 235.46501159668 -16.6062984466553
488.845153808594 231.199920654297 -16.6062984466553
488.845153808594 235.629043579102 -16.6062984466553
0 0 1
488.845153808594 231.199920654297 -16.6062984466553
482.775604248047 235.46501159668 -16.6062984466553
482.775604248047 231.199920654297 -16.6062984466553
0 0 1
488.845153808594 235.629043579102 -16.6062984466553
488.845153808594 243.667098999023 -16.6062984466553
482.775604248047 235.46501159668 -16.6062984466553
0 0 1
482.775604248047 235.46501159668 -16.6062984466553
488.845153808594 243.667098999023 -16.6062984466553
481.791351318359 243.667098999023 -16.6062984466553
0 0 1
488.845153808594 231.199920654297 -24.6062984466553
482.775604248047 235.46501159668 -24.6062984466553
488.845153808594 235.629043579102 -24.6062984466553
0 0 -1
482.775604248047 235.46501159668 -24.6062984466553
488.845153808594 231.199920654297 -24.6062984466553
482.775604248047 231.199920654297 -24.6062984466553
0 0 -1
488.845153808594 243.667098999023 -24.6062984466553
488.845153808594 235.629043579102 -24.6062984466553
482.775604248047 235.46501159668 -24.6062984466553
0 0 -1
482.775604248047 235.46501159668 -24.6062984466553
481.791351318359 243.667098999023 -24.6062984466553
488.845153808594 243.667098999023 -24.6062984466553
0 0 -1
480.643035888672 235.46501159668 -24.6062984466553
481.791351318359 243.667098999023 -24.6062984466553
482.775604248047 235.46501159668 -24.6062984466553
0 0 -1
480.643035888672 243.667098999023 -24.6062984466553
481.791351318359 243.667098999023 -24.6062984466553
480.643035888672 235.46501159668 -24.6062984466553
0 0 -1
488.845153808594 231.199920654297 -16.6062984466553
482.775604248047 231.199920654297 -16.6062984466553
482.775604248047 231.199920654297 -24.6062984466553
-4.33146851719516E-15 -1 0
482.775604248047 231.199920654297 -24.6062984466553
488.845153808594 231.199920654297 -24.6062984466553
488.845153808594 231.199920654297 -16.6062984466553
-4.33146851719516E-15 -1 0
488.845153808594 235.629043579102 -16.6062984466553
488.845153808594 231.199920654297 -16.6062984466553
488.845153808594 231.199920654297 -24.6062984466553
1 0 0
488.845153808594 231.199920654297 -24.6062984466553
488.845153808594 235.629043579102 -24.6062984466553
488.845153808594 235.629043579102 -16.6062984466553
1 0 0
488.845153808594 243.667098999023 -16.6062984466553
488.845153808594 235.629043579102 -16.6062984466553
488.845153808594 235.629043579102 -24.6062984466553
1 0 0
488.845153808594 235.629043579102 -24.6062984466553
488.845153808594 243.667098999023 -24.6062984466553
488.845153808594 243.667098999023 -16.6062984466553
1 0 0
481.791351318359 243.667098999023 -16.6062984466553
488.845153808594 243.667098999023 -16.6062984466553
488.845153808594 243.667098999023 -24.6062984466553
3.85019423750523E-15 1 0
488.845153808594 243.667098999023 -24.6062984466553
481.791351318359 243.667098999023 -24.6062984466553
481.791351318359 243.667098999023 -16.6062984466553
3.85019423750523E-15 1 0
480.643035888672 243.667098999023 -16.6062984466553
481.791351318359 243.667098999023 -16.6062984466553
480.643035888672 243.667098999023 -24.6062984466553
0 1 0
481.791351318359 243.667098999023 -24.6062984466553
480.643035888672 243.667098999023 -24.6062984466553
481.791351318359 243.667098999023 -16.6062984466553
0 1 0
480.643035888672 235.46501159668 -16.6062984466553
480.643035888672 243.667098999023 -16.6062984466553
480.643035888672 243.667098999023 -24.6062984466553
-1 0 0
480.643035888672 243.667098999023 -24.6062984466553
480.643035888672 235.46501159668 -24.6062984466553
480.643035888672 235.46501159668 -16.6062984466553
-1 0 0
482.775604248047 235.46501159668 -16.6062984466553
480.643035888672 235.46501159668 -16.6062984466553
480.643035888672 235.46501159668 -24.6062984466553
0 -1 0
480.643035888672 235.46501159668 -24.6062984466553
482.775604248047 235.46501159668 -24.6062984466553
482.775604248047 235.46501159668 -16.6062984466553
0 -1 0
482.775604248047 231.199920654297 -16.6062984466553
482.775604248047 235.46501159668 -16.6062984466553
482.775604248047 235.46501159668 -24.6062984466553
-1 0 0
482.775604248047 235.46501159668 -24.6062984466553
482.775604248047 231.199920654297 -24.6062984466553
482.775604248047 231.199920654297 -16.6062984466553
-1 0 0
[HEADER]
545243,96
474.737518310547 235.629043579102 -16.6062984466553
474.737518310547 231.199920654297 -16.6062984466553
478.182403564453 235.46501159668 -16.6062984466553
0 0 1
474.737518310547 243.667098999023 -16.6062984466553
474.737518310547 235.629043579102 -16.6062984466553
478.182403564453 235.46501159668 -16.6062984466553
0 0 1
478.182403564453 235.46501159668 -16.6062984466553
479.986877441406 243.667098999023 -16.6062984466553
474.737518310547 243.667098999023 -16.6062984466553
0 0 1
479.986877441406 243.667098999023 -16.6062984466553
478.182403564453 235.46501159668 -16.6062984466553
479.986877441406 235.46501159668 -16.6062984466553
0 0 1
478.182403564453 231.199920654297 -16.6062984466553
478.182403564453 235.46501159668 -16.6062984466553
474.737518310547 231.199920654297 -16.6062984466553
0 0 1
478.182403564453 235.46501159668 -24.6062984466553
479.986877441406 243.667098999023 -24.6062984466553
479.986877441406 235.46501159668 -24.6062984466553
0 0 -1
478.182403564453 235.46501159668 -24.6062984466553
474.737518310547 231.199920654297 -24.6062984466553
474.737518310547 235.629043579102 -24.6062984466553
0 0 -1
474.737518310547 231.199920654297 -24.6062984466553
478.182403564453 235.46501159668 -24.6062984466553
478.182403564453 231.199920654297 -24.6062984466553
0 0 -1
474.737518310547 235.629043579102 -24.6062984466553
474.737518310547 243.667098999023 -24.6062984466553
478.182403564453 235.46501159668 -24.6062984466553
0 0 -1
478.182403564453 235.46501159668 -24.6062984466553
474.737518310547 243.667098999023 -24.6062984466553
479.986877441406 243.667098999023 -24.6062984466553
0 0 -1
478.182403564453 231.199920654297 -16.6062984466553
474.737518310547 231.199920654297 -16.6062984466553
478.182403564453 231.199920654297 -24.6062984466553
0 -1 0
474.737518310547 231.199920654297 -24.6062984466553
478.182403564453 231.199920654297 -24.6062984466553
474.737518310547 231.199920654297 -16.6062984466553
0 -1 0
478.182403564453 235.46501159668 -16.6062984466553
478.182403564453 231.199920654297 -16.6062984466553
478.182403564453 231.199920654297 -24.6062984466553
1 0 0
478.182403564453 231.199920654297 -24.6062984466553
478.182403564453 235.46501159668 -24.6062984466553
478.182403564453 235.46501159668 -16.6062984466553
1 0 0
479.986877441406 235.46501159668 -16.6062984466553
478.182403564453 235.46501159668 -16.6062984466553
479.986877441406 235.46501159668 -24.6062984466553
0 -1 0
478.182403564453 235.46501159668 -24.6062984466553
479.986877441406 235.46501159668 -24.6062984466553
478.182403564453 235.46501159668 -16.6062984466553
0 -1 0
479.986877441406 243.667098999023 -16.6062984466553
479.986877441406 235.46501159668 -16.6062984466553
479.986877441406 235.46501159668 -24.6062984466553
1 0 0
479.986877441406 235.46501159668 -24.6062984466553
479.986877441406 243.667098999023 -24.6062984466553
479.986877441406 243.667098999023 -16.6062984466553
1 0 0
474.737518310547 243.667098999023 -16.6062984466553
479.986877441406 243.667098999023 -16.6062984466553
479.986877441406 243.667098999023 -24.6062984466553
4.81274279688117E-15 1 0
479.986877441406 243.667098999023 -24.6062984466553
474.737518310547 243.667098999023 -24.6062984466553
474.737518310547 243.667098999023 -16.6062984466553
4.81274279688117E-15 1 0
474.737518310547 235.629043579102 -16.6062984466553
474.737518310547 243.667098999023 -16.6062984466553
474.737518310547 235.629043579102 -24.6062984466553
-1 0 0
474.737518310547 243.667098999023 -24.6062984466553
474.737518310547 235.629043579102 -24.6062984466553
474.737518310547 243.667098999023 -16.6062984466553
-1 0 0
474.737518310547 231.199920654297 -16.6062984466553
474.737518310547 235.629043579102 -16.6062984466553
474.737518310547 231.199920654297 -24.6062984466553
-1 0 0
474.737518310547 235.629043579102 -24.6062984466553
474.737518310547 231.199920654297 -24.6062984466553
474.737518310547 235.629043579102 -16.6062984466553
-1 0 0
[HEADER]
545431,256
605.150939941406 262.695983886719 -16.6062984466553
606.135192871094 262.695983886719 -16.6062984466553
606.135192871094 269.093627929688 -16.6062984466553
0 0 1
606.135192871094 275.655303955078 -16.6062984466553
605.47900390625 275.655303955078 -16.6062984466553
606.135192871094 269.093627929688 -16.6062984466553
0 0 1
592.45751953125 274.018005371094 -16.6062984466553
606.135192871094 269.093627929688 -16.6062984466553
605.47900390625 275.655303955078 -16.6062984466553
0 0 1
605.150939941406 262.695983886719 -16.6062984466553
606.135192871094 269.093627929688 -16.6062984466553
592.355651855469 262.695983886719 -16.6062984466553
0 0 1
592.45751953125 274.018005371094 -16.6062984466553
592.355651855469 274.0478515625 -16.6062984466553
592.355651855469 262.695983886719 -16.6062984466553
0 0 1
606.135192871094 269.093627929688 -16.6062984466553
592.45751953125 274.018005371094 -16.6062984466553
592.355651855469 262.695983886719 -16.6062984466553
0 0 1
592.45751953125 274.018005371094 -16.6062984466553
605.47900390625 275.655303955078 -16.6062984466553
593.0107421875 275.907165527344 -16.6062984466553
0 0 1
605.47900390625 277.295715332031 -16.6062984466553
606.135192871094 277.295715332031 -16.6062984466553
606.135192871094 284.349517822266 -16.6062984466553
0 0 1
605.47900390625 277.295715332031 -16.6062984466553
593.0107421875 275.907165527344 -16.6062984466553
605.47900390625 275.655303955078 -16.6062984466553
0 0 1
605.47900390625 277.295715332031 -16.6062984466553
606.135192871094 284.349517822266 -16.6062984466553
596.246276855469 287.63037109375 -16.6062984466553
0 0 1
596.246276855469 287.63037109375 -16.6062984466553
606.135192871094 284.349517822266 -16.6062984466553
606.135192871094 287.63037109375 -16.6062984466553
0 0 1
592.355651855469 276.099029541016 -16.6062984466553
593.0107421875 275.907165527344 -16.6062984466553
592.355651855469 276.388793945313 -16.6062984466553
0 0 1
592.355651855469 276.388793945313 -16.6062984466553
596.246276855469 287.63037109375 -16.6062984466553
592.355651855469 287.63037109375 -16.6062984466553
0 0 1
596.246276855469 287.63037109375 -16.6062984466553
592.355651855469 276.388793945313 -16.6062984466553
593.0107421875 275.907165527344 -16.6062984466553
0 0 1
593.0107421875 275.907165527344 -16.6062984466553
605.47900390625 277.295715332031 -16.6062984466553
596.246276855469 287.63037109375 -16.6062984466553
0 0 1
596.246276855469 287.63037109375 -24.6062984466553
606.135192871094 287.63037109375 -24.6062984466553
606.135192871094 284.349517822266 -24.6062984466553
0 0 -1
606.135192871094 277.295715332031 -24.6062984466553
605.47900390625 277.295715332031 -24.6062984466553
606.135192871094 284.349517822266 -24.6062984466553
0 0 -1
605.47900390625 277.295715332031 -24.6062984466553
593.0107421875 275.907165527344 -24.6062984466553
596.246276855469 287.63037109375 -24.6062984466553
0 0 -1
596.246276855469 287.63037109375 -24.6062984466553
606.135192871094 284.349517822266 -24.6062984466553
605.47900390625 277.295715332031 -24.6062984466553
0 0 -1
592.355651855469 287.63037109375 -24.6062984466553
596.246276855469 287.63037109375 -24.6062984466553
592.355651855469 276.388793945313 -24.6062984466553
0 0 -1
593.0107421875 275.907165527344 -24.6062984466553
592.355651855469 276.388793945313 -24.6062984466553
596.246276855469 287.63037109375 -24.6062984466553
0 0 -1
592.355651855469 276.388793945313 -24.6062984466553
593.0107421875 275.907165527344 -24.6062984466553
592.355651855469 276.099029541016 -24.6062984466553
0 0 -1
605.47900390625 275.655303955078 -24.6062984466553
593.0107421875 275.907165527344 -24.6062984466553
605.47900390625 277.295715332031 -24.6062984466553
0 0 -1
605.47900390625 275.655303955078 -24.6062984466553
606.135192871094 275.655303955078 -24.6062984466553
606.135192871094 269.093627929688 -24.6062984466553
0 0 -1
605.47900390625 275.655303955078 -24.6062984466553
606.135192871094 269.093627929688 -24.6062984466553
592.45751953125 274.018005371094 -24.6062984466553
0 0 -1
605.150939941406 262.695983886719 -24.6062984466553
606.135192871094 269.093627929688 -24.6062984466553
606.135192871094 262.695983886719 -24.6062984466553
0 0 -1
606.135192871094 269.093627929688 -24.6062984466553
592.355651855469 262.695983886719 -24.6062984466553
592.45751953125 274.018005371094 -24.6062984466553
0 0 -1
592.45751953125 274.018005371094 -24.6062984466553
593.0107421875 275.907165527344 -24.6062984466553
605.47900390625 275.655303955078 -24.6062984466553
0 0 -1
592.45751953125 274.018005371094 -24.6062984466553
592.355651855469 262.695983886719 -24.6062984466553
592.355651855469 274.0478515625 -24.6062984466553
0 0 -1
605.150939941406 262.695983886719 -24.6062984466553
592.355651855469 262.695983886719 -24.6062984466553
606.135192871094 269.093627929688 -24.6062984466553
0 0 -1
606.135192871094 287.63037109375 -16.6062984466553
606.135192871094 284.349517822266 -16.6062984466553
606.135192871094 284.349517822266 -24.6062984466553
1 -1.80791729413292E-13 0
606.135192871094 284.349517822266 -24.6062984466553
606.135192871094 287.63037109375 -24.6062984466553
606.135192871094 287.63037109375 -16.6062984466553
1 -1.80791729413292E-13 0
596.246276855469 287.63037109375 -16.6062984466553
606.135192871094 287.63037109375 -16.6062984466553
606.135192871094 287.63037109375 -24.6062984466553
0 1 0
606.135192871094 287.63037109375 -24.6062984466553
596.246276855469 287.63037109375 -24.6062984466553
596.246276855469 287.63037109375 -16.6062984466553
0 1 0
592.355651855469 287.63037109375 -16.6062984466553
596.246276855469 287.63037109375 -16.6062984466553
592.355651855469 287.63037109375 -24.6062984466553
0 1 0
596.246276855469 287.63037109375 -24.6062984466553
592.355651855469 287.63037109375 -24.6062984466553
596.246276855469 287.63037109375 -16.6062984466553
0 1 0
592.355651855469 276.388793945313 -16.6062984466553
592.355651855469 287.63037109375 -16.6062984466553
592.355651855469 287.63037109375 -24.6062984466553
-1 0 0
592.355651855469 287.63037109375 -24.6062984466553
592.355651855469 276.388793945313 -24.6062984466553
592.355651855469 276.388793945313 -16.6062984466553
-1 0 0
592.355651855469 276.099029541016 -16.6062984466553
592.355651855469 276.388793945313 -16.6062984466553
592.355651855469 276.099029541016 -24.6062984466553
-1 0 0
592.355651855469 276.388793945313 -24.6062984466553
592.355651855469 276.099029541016 -24.6062984466553
592.355651855469 276.388793945313 -16.6062984466553
-1 0 0
593.0107421875 275.907165527344 -16.6062984466553
592.355651855469 276.099029541016 -16.6062984466553
592.355651855469 276.099029541016 -24.6062984466553
-0.281052752197364 -0.959692320737374 0
592.355651855469 276.099029541016 -24.6062984466553
593.0107421875 275.907165527344 -24.6062984466553
593.0107421875 275.907165527344 -16.6062984466553
-0.281052752197364 -0.959692320737374 0
592.45751953125 274.018005371094 -16.6062984466553
593.0107421875 275.907165527344 -16.6062984466553
593.0107421875 275.907165527344 -24.6062984466553
-0.95969232073737 0.281052752197378 0
593.0107421875 275.907165527344 -24.6062984466553
592.45751953125 274.018005371094 -24.6062984466553
592.45751953125 274.018005371094 -16.6062984466553
-0.95969232073737 0.281052752197378 0
592.355651855469 274.0478515625 -16.6062984466553
592.45751953125 274.018005371094 -16.6062984466553
592.355651855469 274.0478515625 -24.6062984466553
0.281052752197158 0.959692320737434 0
592.45751953125 274.018005371094 -24.6062984466553
592.355651855469 274.0478515625 -24.6062984466553
592.45751953125 274.018005371094 -16.6062984466553
0.281052752197158 0.959692320737434 0
592.355651855469 262.695983886719 -16.6062984466553
592.355651855469 274.0478515625 -16.6062984466553
592.355651855469 274.0478515625 -24.6062984466553
-1 0 0
592.355651855469 274.0478515625 -24.6062984466553
592.355651855469 262.695983886719 -24.6062984466553
592.355651855469 262.695983886719 -16.6062984466553
-1 0 0
605.150939941406 262.695983886719 -16.6062984466553
592.355651855469 262.695983886719 -16.6062984466553
592.355651855469 262.695983886719 -24.6062984466553
-4.2779935972282E-15 -1 0
592.355651855469 262.695983886719 -24.6062984466553
605.150939941406 262.695983886719 -24.6062984466553
605.150939941406 262.695983886719 -16.6062984466553
-4.2779935972282E-15 -1 0
606.135192871094 262.695983886719 -16.6062984466553
605.150939941406 262.695983886719 -16.6062984466553
606.135192871094 262.695983886719 -24.6062984466553
0 -1 0
605.150939941406 262.695983886719 -24.6062984466553
606.135192871094 262.695983886719 -24.6062984466553
605.150939941406 262.695983886719 -16.6062984466553
0 -1 0
606.135192871094 269.093627929688 -16.6062984466553
606.135192871094 262.695983886719 -16.6062984466553
606.135192871094 262.695983886719 -24.6062984466553
1 0 0
606.135192871094 262.695983886719 -24.6062984466553
606.135192871094 269.093627929688 -24.6062984466553
606.135192871094 269.093627929688 -16.6062984466553
1 0 0
606.135192871094 275.655303955078 -16.6062984466553
606.135192871094 269.093627929688 -16.6062984466553
606.135192871094 269.093627929688 -24.6062984466553
1 0 0
606.135192871094 269.093627929688 -24.6062984466553
606.135192871094 275.655303955078 -24.6062984466553
606.135192871094 275.655303955078 -16.6062984466553
1 0 0
605.47900390625 275.655303955078 -16.6062984466553
606.135192871094 275.655303955078 -16.6062984466553
606.135192871094 275.655303955078 -24.6062984466553
0 1 0
606.135192871094 275.655303955078 -24.6062984466553
605.47900390625 275.655303955078 -24.6062984466553
605.47900390625 275.655303955078 -16.6062984466553
0 1 0
605.47900390625 277.295715332031 -16.6062984466553
605.47900390625 275.655303955078 -16.6062984466553
605.47900390625 277.295715332031 -24.6062984466553
1 -6.93034962750985E-14 0
605.47900390625 275.655303955078 -24.6062984466553
605.47900390625 277.295715332031 -24.6062984466553
605.47900390625 275.655303955078 -16.6062984466553
1 -6.93034962750985E-14 0
606.135192871094 277.295715332031 -16.6062984466553
605.47900390625 277.295715332031 -16.6062984466553
606.135192871094 277.295715332031 -24.6062984466553
0 -1 0
605.47900390625 277.295715332031 -24.6062984466553
606.135192871094 277.295715332031 -24.6062984466553
605.47900390625 277.295715332031 -16.6062984466553
0 -1 0
606.135192871094 284.349517822266 -16.6062984466553
606.135192871094 277.295715332031 -16.6062984466553
606.135192871094 277.295715332031 -24.6062984466553
1 -1.45053829413009E-13 0
606.135192871094 277.295715332031 -24.6062984466553
606.135192871094 284.349517822266 -24.6062984466553
606.135192871094 284.349517822266 -16.6062984466553
1 -1.45053829413009E-13 0
[HEADER]
545696,192
517.060363769531 261.219604492188 -16.6062984466553
518.372680664063 260.891510009766 -16.6062984466553
518.372680664063 261.219604492188 -16.6062984466553
0 0 1
518.372680664063 260.891510009766 -16.6062984466553
517.060363769531 261.219604492188 -16.6062984466553
517.060363769531 247.932205200195 -16.6062984466553
0 0 1
545.849731445313 260.645446777344 -16.6062984466553
545.849731445313 260.891510009766 -16.6062984466553
518.372680664063 260.891510009766 -16.6062984466553
0 0 1
547.326110839844 260.645446777344 -16.6062984466553
545.849731445313 260.645446777344 -16.6062984466553
547.326110839844 248.096237182617 -16.6062984466553
0 0 1
518.372680664063 260.891510009766 -16.6062984466553
532.152221679688 246.619857788086 -16.6062984466553
545.849731445313 260.645446777344 -16.6062984466553
0 0 1
532.152221679688 246.619857788086 -16.6062984466553
518.372680664063 260.891510009766 -16.6062984466553
518.372680664063 247.932205200195 -16.6062984466553
0 0 1
518.372680664063 247.932205200195 -16.6062984466553
518.372680664063 246.619857788086 -16.6062984466553
532.152221679688 246.619857788086 -16.6062984466553
0 0 1
545.849731445313 248.096237182617 -16.6062984466553
547.326110839844 248.096237182617 -16.6062984466553
545.849731445313 260.645446777344 -16.6062984466553
0 0 1
532.152221679688 246.619857788086 -16.6062984466553
545.849731445313 246.619857788086 -16.6062984466553
545.849731445313 248.096237182617 -16.6062984466553
0 0 1
545.849731445313 260.645446777344 -16.6062984466553
532.152221679688 246.619857788086 -16.6062984466553
545.849731445313 248.096237182617 -16.6062984466553
0 0 1
518.372680664063 247.932205200195 -16.6062984466553
518.372680664063 260.891510009766 -16.6062984466553
517.060363769531 247.932205200195 -16.6062984466553
0 0 1
518.372680664063 260.891510009766 -24.6062984466553
532.152221679688 246.619857788086 -24.6062984466553
518.372680664063 247.932205200195 -24.6062984466553
0 0 -1
518.372680664063 246.619857788086 -24.6062984466553
518.372680664063 247.932205200195 -24.6062984466553
532.152221679688 246.619857788086 -24.6062984466553
0 0 -1
532.152221679688 246.619857788086 -24.6062984466553
545.849731445313 248.096237182617 -24.6062984466553
545.849731445313 246.619857788086 -24.6062984466553
0 0 -1
518.372680664063 247.932205200195 -24.6062984466553
517.060363769531 247.932205200195 -24.6062984466553
518.372680664063 260.891510009766 -24.6062984466553
0 0 -1
518.372680664063 260.891510009766 -24.6062984466553
517.060363769531 261.219604492188 -24.6062984466553
518.372680664063 261.219604492188 -24.6062984466553
0 0 -1
545.849731445313 260.645446777344 -24.6062984466553
532.152221679688 246.619857788086 -24.6062984466553
518.372680664063 260.891510009766 -24.6062984466553
0 0 -1
545.849731445313 260.645446777344 -24.6062984466553
547.326110839844 260.645446777344 -24.6062984466553
547.326110839844 248.096237182617 -24.6062984466553
0 0 -1
545.849731445313 248.096237182617 -24.6062984466553
532.152221679688 246.619857788086 -24.6062984466553
545.849731445313 260.645446777344 -24.6062984466553
0 0 -1
545.849731445313 260.645446777344 -24.6062984466553
518.372680664063 260.891510009766 -24.6062984466553
545.849731445313 260.891510009766 -24.6062984466553
0 0 -1
545.849731445313 260.645446777344 -24.6062984466553
547.326110839844 248.096237182617 -24.6062984466553
545.849731445313 248.096237182617 -24.6062984466553
0 0 -1
518.372680664063 260.891510009766 -24.6062984466553
517.060363769531 247.932205200195 -24.6062984466553
517.060363769531 261.219604492188 -24.6062984466553
0 0 -1
518.372680664063 246.619857788086 -16.6062984466553
518.372680664063 247.932205200195 -16.6062984466553
518.372680664063 247.932205200195 -24.6062984466553
-1 0 0
518.372680664063 247.932205200195 -24.6062984466553
518.372680664063 246.619857788086 -24.6062984466553
518.372680664063 246.619857788086 -16.6062984466553
-1 0 0
532.152221679688 246.619857788086 -16.6062984466553
518.372680664063 246.619857788086 -16.6062984466553
518.372680664063 246.619857788086 -24.6062984466553
0 -1 0
518.372680664063 246.619857788086 -24.6062984466553
532.152221679688 246.619857788086 -24.6062984466553
532.152221679688 246.619857788086 -16.6062984466553
0 -1 0
545.849731445313 246.619857788086 -16.6062984466553
532.152221679688 246.619857788086 -16.6062984466553
532.152221679688 246.619857788086 -24.6062984466553
0 -1 0
532.152221679688 246.619857788086 -24.6062984466553
545.849731445313 246.619857788086 -24.6062984466553
545.849731445313 246.619857788086 -16.6062984466553
0 -1 0
545.849731445313 248.096237182617 -16.6062984466553
545.849731445313 246.619857788086 -16.6062984466553
545.849731445313 246.619857788086 -24.6062984466553
1 0 0
545.849731445313 246.619857788086 -24.6062984466553
545.849731445313 248.096237182617 -24.6062984466553
545.849731445313 248.096237182617 -16.6062984466553
1 0 0
547.326110839844 248.096237182617 -16.6062984466553
545.849731445313 248.096237182617 -16.6062984466553
547.326110839844 248.096237182617 -24.6062984466553
0 -1 0
545.849731445313 248.096237182617 -24.6062984466553
547.326110839844 248.096237182617 -24.6062984466553
545.849731445313 248.096237182617 -16.6062984466553
0 -1 0
547.326110839844 260.645446777344 -16.6062984466553
547.326110839844 248.096237182617 -16.6062984466553
547.326110839844 248.096237182617 -24.6062984466553
1 0 0
547.326110839844 248.096237182617 -24.6062984466553
547.326110839844 260.645446777344 -24.6062984466553
547.326110839844 260.645446777344 -16.6062984466553
1 0 0
545.849731445313 260.645446777344 -16.6062984466553
547.326110839844 260.645446777344 -16.6062984466553
545.849731445313 260.645446777344 -24.6062984466553
0 1 0
547.326110839844 260.645446777344 -24.6062984466553
545.849731445313 260.645446777344 -24.6062984466553
547.326110839844 260.645446777344 -16.6062984466553
0 1 0
545.849731445313 260.891510009766 -16.6062984466553
545.849731445313 260.645446777344 -16.6062984466553
545.849731445313 260.645446777344 -24.6062984466553
1 0 0
545.849731445313 260.645446777344 -24.6062984466553
545.849731445313 260.891510009766 -24.6062984466553
545.849731445313 260.891510009766 -16.6062984466553
1 0 0
518.372680664063 260.891510009766 -16.6062984466553
545.849731445313 260.891510009766 -16.6062984466553
545.849731445313 260.891510009766 -24.6062984466553
0 1 0
545.849731445313 260.891510009766 -24.6062984466553
518.372680664063 260.891510009766 -24.6062984466553
518.372680664063 260.891510009766 -16.6062984466553
0 1 0
518.372680664063 261.219604492188 -16.6062984466553
518.372680664063 260.891510009766 -16.6062984466553
518.372680664063 260.891510009766 -24.6062984466553
1 0 0
518.372680664063 260.891510009766 -24.6062984466553
518.372680664063 261.219604492188 -24.6062984466553
518.372680664063 261.219604492188 -16.6062984466553
1 0 0
517.060363769531 261.219604492188 -16.6062984466553
518.372680664063 261.219604492188 -16.6062984466553
517.060363769531 261.219604492188 -24.6062984466553
0 1 0
518.372680664063 261.219604492188 -24.6062984466553
517.060363769531 261.219604492188 -24.6062984466553
518.372680664063 261.219604492188 -16.6062984466553
0 1 0
517.060363769531 247.932205200195 -16.6062984466553
517.060363769531 261.219604492188 -16.6062984466553
517.060363769531 261.219604492188 -24.6062984466553
-1 -7.08582973795743E-14 0
517.060363769531 261.219604492188 -24.6062984466553
517.060363769531 247.932205200195 -24.6062984466553
517.060363769531 247.932205200195 -16.6062984466553
-1 -7.08582973795743E-14 0
518.372680664063 247.932205200195 -16.6062984466553
517.060363769531 247.932205200195 -16.6062984466553
518.372680664063 247.932205200195 -24.6062984466553
0 -1 0
517.060363769531 247.932205200195 -24.6062984466553
518.372680664063 247.932205200195 -24.6062984466553
517.060363769531 247.932205200195 -16.6062984466553
0 -1 0
