[LEVEL]
1F BIMS plan
[HEADER]
426436,1350 x 2100mm,342
402.879898205206 158.677754902448 0
1
1.49877803362078E-15 1 0
-1 1.49877803362078E-15 0
0 0 1
0.743438303470612 0.119258530437946 -3.28626015289046E-14
2.21456694602966 0.119258530437946 -3.28626015289046E-14
2.21456694602966 0.119258530437946 6.88976383209229
0 -1 0
2.21456694602966 0.119258530437946 6.88976383209229
0.743438303470612 0.119258530437946 6.88976383209229
0.743438303470612 0.119258530437946 -3.28626015289046E-14
0 -1 0
2.21456694602966 0.266896337270737 6.88976383209229
2.21456694602966 0.266896337270737 -3.28626015289046E-14
0.743438303470612 0.266896337270737 -3.28626015289046E-14
0 1 0
0.743438303470612 0.266896337270737 -3.28626015289046E-14
0.743438303470612 0.266896337270737 6.88976383209229
2.21456694602966 0.266896337270737 6.88976383209229
0 1 0
0.743438303470612 0.119258530437946 6.88976383209229
0.743438303470612 0.266896337270737 6.88976383209229
0.743438303470612 0.266896337270737 -3.28626015289046E-14
-1 0 0
0.743438303470612 0.266896337270737 -3.28626015289046E-14
0.743438303470612 0.119258530437946 -3.28626015289046E-14
0.743438303470612 0.119258530437946 6.88976383209229
-1 0 0
0.743438303470612 0.119258530437946 -3.28626015289046E-14
0.743438303470612 0.266896337270737 -3.28626015289046E-14
2.21456694602966 0.266896337270737 -3.24185123190546E-14
3.0186973943421E-16 0 -1
2.21456694602966 0.266896337270737 -3.24185123190546E-14
2.21456694602966 0.119258530437946 -3.24185123190546E-14
0.743438303470612 0.119258530437946 -3.28626015289046E-14
3.0186973943421E-16 0 -1
2.21456694602966 0.119258530437946 -3.28626015289046E-14
2.21456694602966 0.266896337270737 -3.28626015289046E-14
2.21456694602966 0.266896337270737 6.88976383209229
1 0 6.44563767439516E-17
2.21456694602966 0.266896337270737 6.88976383209229
2.21456694602966 0.119258530437946 6.88976383209229
2.21456694602966 0.119258530437946 -3.28626015289046E-14
1 0 6.44563767439516E-17
2.21456694602966 0.119258530437946 6.88976383209229
2.21456694602966 0.266896337270737 6.88976383209229
0.743438303470612 0.266896337270737 6.88976383209229
-6.0373947886842E-16 0 1
0.743438303470612 0.266896337270737 6.88976383209229
0.743438303470612 0.119258530437946 6.88976383209229
2.21456694602966 0.119258530437946 6.88976383209229
-6.0373947886842E-16 0 1
2.37860894203186 -0.225229665637016 1.77635683940025E-15
2.21456694602966 0.103633530437946 1.77635683940025E-15
2.37860894203186 0.266896337270737 1.77635683940025E-15
0 0 -1
2.21456694602966 0.266896337270737 1.77635683940025E-15
2.37860894203186 0.266896337270737 1.77635683940025E-15
2.21456694602966 0.103633530437946 1.77635683940025E-15
0 0 -1
2.21456694602966 0.103633530437946 1.77635683940025E-15
2.21456694602966 -0.0637713223695755 1.77635683940025E-15
2.16248369216919 0.103633530437946 1.77635683940025E-15
0 0 -1
2.21456694602966 0.103633530437946 1.77635683940025E-15
2.37860894203186 -0.225229665637016 1.77635683940025E-15
2.21456694602966 -0.0637713223695755 1.77635683940025E-15
0 0 -1
2.21456694602966 -0.225229665637016 1.77635683940025E-15
2.21456694602966 -0.0637713223695755 1.77635683940025E-15
2.37860894203186 -0.225229665637016 1.77635683940025E-15
0 0 -1
2.16248369216919 0.103633530437946 1.77635683940025E-15
2.21456694602966 -0.0637713223695755 1.77635683940025E-15
2.16248369216919 -0.0637713223695755 1.77635683940025E-15
0 0 -1
2.21456694602966 0.103633530437946 0
2.21456694602966 0.103633530437946 6.88976383209229
2.21456694602966 0.266896337270737 6.88976383209229
-1 0 -6.44563767439519E-17
2.21456694602966 0.266896337270737 6.88976383209229
2.21456694602966 0.266896337270737 0
2.21456694602966 0.103633530437946 0
-1 0 -6.44563767439519E-17
-2.21456694602966 0.266896337270737 -3.78139686056787E-24
-2.37860894203186 0.266896337270737 8.82326013018593E-24
-2.21456694602966 0.266896337270737 6.88976383209229
0 1 0
2.37860894203186 0.266896337270737 6.30232810094645E-25
2.21456694602966 0.266896337270737 1.32348898008484E-23
2.21456694602966 0.266896337270737 6.88976383209229
0 1 0
-2.21456694602966 0.266896337270737 6.88976383209229
-2.37860894203186 0.266896337270737 7.21784782409668
2.21456694602966 0.266896337270737 6.88976383209229
0 1 0
-2.37860894203186 0.266896337270737 7.21784782409668
-2.21456694602966 0.266896337270737 6.88976383209229
-2.37860894203186 0.266896337270737 8.82326013018593E-24
0 1 0
2.21456694602966 0.266896337270737 6.88976383209229
2.37860894203186 0.266896337270737 7.21784782409668
2.37860894203186 0.266896337270737 6.30232810094645E-25
0 1 0
2.37860894203186 0.266896337270737 7.21784782409668
2.21456694602966 0.266896337270737 6.88976383209229
-2.37860894203186 0.266896337270737 7.21784782409668
0 1 0
2.37860894203186 0.266896337270737 0
2.37860894203186 0.266896337270737 7.21784782409668
2.37860894203186 -0.225229665637016 7.21784782409668
1 0 0
2.37860894203186 -0.225229665637016 7.21784782409668
2.37860894203186 -0.225229665637016 0
2.37860894203186 0.266896337270737 0
1 0 0
2.21456694602966 -0.225229665637016 0
2.37860894203186 -0.225229665637016 -1.32348898008484E-23
2.21456694602966 -0.225229665637016 6.88976383209229
0 -1 0
-2.37860894203186 -0.225229665637016 2.64697796016969E-23
-2.21456694602966 -0.225229665637016 1.32348898008484E-23
-2.21456694602966 -0.225229665637016 6.88976383209229
0 -1 0
2.21456694602966 -0.225229665637016 6.88976383209229
2.37860894203186 -0.225229665637016 7.21784782409668
-2.21456694602966 -0.225229665637016 6.88976383209229
0 -1 0
2.37860894203186 -0.225229665637016 7.21784782409668
2.21456694602966 -0.225229665637016 6.88976383209229
2.37860894203186 -0.225229665637016 -1.32348898008484E-23
0 -1 0
-2.21456694602966 -0.225229665637016 6.88976383209229
-2.37860894203186 -0.225229665637016 7.21784782409668
-2.37860894203186 -0.225229665637016 2.64697796016969E-23
0 -1 0
-2.37860894203186 -0.225229665637016 7.21784782409668
-2.21456694602966 -0.225229665637016 6.88976383209229
2.37860894203186 -0.225229665637016 7.21784782409668
0 -1 0
2.21456694602966 -0.225229665637016 0
2.21456694602966 -0.225229665637016 6.88976383209229
2.21456694602966 -0.0637713223695755 6.88976383209229
-1 0 -6.44563767439519E-17
2.21456694602966 -0.0637713223695755 6.88976383209229
2.21456694602966 -0.0637713223695755 0
2.21456694602966 -0.225229665637016 0
-1 0 -6.44563767439519E-17
2.16248369216919 -0.0637713223695755 1.94868002236204E-23
2.21456694602966 -0.0637713223695755 1.32348898008484E-23
2.16248369216919 -0.0637713223695755 6.83768033981323
0 -1 8.05704709299399E-18
-2.21456694602966 -0.0637713223695755 9.45349294028057E-24
-2.16248369216919 -0.0637713223695755 3.20158271472384E-24
-2.16248369216919 -0.0637713223695755 6.83768033981323
0 -1 8.05704709299399E-18
2.16248369216919 -0.0637713223695755 6.83768033981323
2.21456694602966 -0.0637713223695755 6.88976383209229
-2.16248369216919 -0.0637713223695755 6.83768033981323
0 -1 8.05704709299399E-18
2.21456694602966 -0.0637713223695755 6.88976383209229
2.16248369216919 -0.0637713223695755 6.83768033981323
2.21456694602966 -0.0637713223695755 1.32348898008484E-23
0 -1 8.05704709299399E-18
-2.16248369216919 -0.0637713223695755 6.83768033981323
-2.21456694602966 -0.0637713223695755 6.88976383209229
-2.21456694602966 -0.0637713223695755 9.45349294028057E-24
0 -1 8.05704709299399E-18
-2.21456694602966 -0.0637713223695755 6.88976383209229
-2.16248369216919 -0.0637713223695755 6.83768033981323
2.21456694602966 -0.0637713223695755 6.88976383209229
0 -1 8.05704709299399E-18
2.16248369216919 -0.0637713223695755 0
2.16248369216919 -0.0637713223695755 6.83768033981323
2.16248369216919 0.103633530437946 6.83768033981323
-1 0 -6.49473477657525E-17
2.16248369216919 0.103633530437946 6.83768033981323
2.16248369216919 0.103633530437946 0
2.16248369216919 -0.0637713223695755 0
-1 0 -6.49473477657525E-17
-2.16248369216919 0.103633530437946 -4.42221421185832E-24
-2.21456694602966 0.103633530437946 1.34642952852521E-23
-2.16248369216919 0.103633530437946 6.83768033981323
0 1 0
2.21456694602966 0.103633530437946 8.58326971015597E-24
2.16248369216919 0.103633530437946 0
2.16248369216919 0.103633530437946 6.83768033981323
0 1 0
-2.16248369216919 0.103633530437946 6.83768033981323
-2.21456694602966 0.103633530437946 6.88976383209229
2.16248369216919 0.103633530437946 6.83768033981323
0 1 0
-2.21456694602966 0.103633530437946 6.88976383209229
-2.16248369216919 0.103633530437946 6.83768033981323
-2.21456694602966 0.103633530437946 1.34642952852521E-23
0 1 0
2.16248369216919 0.103633530437946 6.83768033981323
2.21456694602966 0.103633530437946 6.88976383209229
2.21456694602966 0.103633530437946 8.58326971015597E-24
0 1 0
2.21456694602966 0.103633530437946 6.88976383209229
2.16248369216919 0.103633530437946 6.83768033981323
-2.21456694602966 0.103633530437946 6.88976383209229
0 1 0
2.21456694602966 0.103633530437946 6.88976383209229
-2.21456694602966 0.103633530437946 6.88976383209229
-2.21456694602966 0.266896337270737 6.88976383209229
0 0 -1
-2.21456694602966 0.266896337270737 6.88976383209229
2.21456694602966 0.266896337270737 6.88976383209229
2.21456694602966 0.103633530437946 6.88976383209229
0 0 -1
-2.21456694602966 -0.225229665637016 6.88976383209229
-2.21456694602966 -0.0637713223695755 6.88976383209229
2.21456694602966 -0.0637713223695755 6.88976383209229
0 0 -1
2.21456694602966 -0.0637713223695755 6.88976383209229
2.21456694602966 -0.225229665637016 6.88976383209229
-2.21456694602966 -0.225229665637016 6.88976383209229
0 0 -1
-2.16248369216919 -0.0637713223695755 6.83768033981323
-2.16248369216919 0.103633530437946 6.83768033981323
2.16248369216919 0.103633530437946 6.83768033981323
0 0 -1
2.16248369216919 0.103633530437946 6.83768033981323
2.16248369216919 -0.0637713223695755 6.83768033981323
-2.16248369216919 -0.0637713223695755 6.83768033981323
0 0 -1
-2.37860894203186 0.266896337270737 0
-2.21456694602966 0.103633530437946 0
-2.37860894203186 -0.225229665637016 0
0 0 -1
-2.21456694602966 0.103633530437946 0
-2.37860894203186 0.266896337270737 0
-2.21456694602966 0.266896337270737 0
0 0 -1
-2.16248369216919 0.103633530437946 0
-2.21456694602966 -0.0637713223695755 0
-2.21456694602966 0.103633530437946 0
0 0 -1
-2.21456694602966 -0.0637713223695755 0
-2.37860894203186 -0.225229665637016 0
-2.21456694602966 0.103633530437946 0
0 0 -1
-2.37860894203186 -0.225229665637016 0
-2.21456694602966 -0.0637713223695755 0
-2.21456694602966 -0.225229665637016 0
0 0 -1
-2.16248369216919 -0.0637713223695755 0
-2.21456694602966 -0.0637713223695755 0
-2.16248369216919 0.103633530437946 0
0 0 -1
-2.21456694602966 0.266896337270737 6.88976383209229
-2.21456694602966 0.103633530437946 6.88976383209229
-2.21456694602966 0.103633530437946 0
1 0 0
-2.21456694602966 0.103633530437946 0
-2.21456694602966 0.266896337270737 0
-2.21456694602966 0.266896337270737 6.88976383209229
1 0 0
-2.37860894203186 0.266896337270737 0
-2.37860894203186 -0.225229665637016 0
-2.37860894203186 -0.225229665637016 7.21784782409668
-1 0 0
-2.37860894203186 -0.225229665637016 7.21784782409668
-2.37860894203186 0.266896337270737 7.21784782409668
-2.37860894203186 0.266896337270737 0
-1 0 0
-2.21456694602966 -0.225229665637016 0
-2.21456694602966 -0.0637713223695755 0
-2.21456694602966 -0.0637713223695755 6.88976383209229
1 0 0
-2.21456694602966 -0.0637713223695755 6.88976383209229
-2.21456694602966 -0.225229665637016 6.88976383209229
-2.21456694602966 -0.225229665637016 0
1 0 0
-2.16248369216919 -0.0637713223695755 0
-2.16248369216919 0.103633530437946 0
-2.16248369216919 0.103633530437946 6.83768033981323
1 0 0
-2.16248369216919 0.103633530437946 6.83768033981323
-2.16248369216919 -0.0637713223695755 6.83768033981323
-2.16248369216919 -0.0637713223695755 0
1 0 0
2.37860894203186 0.266896337270737 7.21784782409668
-2.37860894203186 0.266896337270737 7.21784782409668
-2.37860894203186 -0.225229665637016 7.21784782409668
0 0 1
-2.37860894203186 -0.225229665637016 7.21784782409668
2.37860894203186 -0.225229665637016 7.21784782409668
2.37860894203186 0.266896337270737 7.21784782409668
0 0 1
-2.21456694602966 0.119258530437946 -3.28626015289046E-14
0.732939660549164 0.119258530437946 -3.28626015289046E-14
0.732939660549164 0.119258530437946 6.88976383209229
0 -1 0
0.732939660549164 0.119258530437946 6.88976383209229
-2.21456694602966 0.119258530437946 6.88976383209229
-2.21456694602966 0.119258530437946 -3.28626015289046E-14
0 -1 0
0.732939660549164 0.266896337270737 6.88976383209229
0.732939660549164 0.266896337270737 -3.28626015289046E-14
-2.21456694602966 0.266896337270737 -3.28626015289046E-14
0 1 0
-2.21456694602966 0.266896337270737 -3.28626015289046E-14
-2.21456694602966 0.266896337270737 6.88976383209229
0.732939660549164 0.266896337270737 6.88976383209229
0 1 0
-2.21456694602966 0.119258530437946 6.88976383209229
-2.21456694602966 0.266896337270737 6.88976383209229
-2.21456694602966 0.266896337270737 -3.28626015289046E-14
-1 0 0
-2.21456694602966 0.266896337270737 -3.28626015289046E-14
-2.21456694602966 0.119258530437946 -3.28626015289046E-14
-2.21456694602966 0.119258530437946 6.88976383209229
-1 0 0
-2.21456694602966 0.119258530437946 -3.28626015289046E-14
-2.21456694602966 0.266896337270737 -3.28626015289046E-14
0.732939660549164 0.266896337270737 -3.24185123190546E-14
1.50666063181544E-16 0 -1
0.732939660549164 0.266896337270737 -3.24185123190546E-14
0.732939660549164 0.119258530437946 -3.24185123190546E-14
-2.21456694602966 0.119258530437946 -3.28626015289046E-14
1.50666063181544E-16 0 -1
0.732939660549164 0.119258530437946 -3.28626015289046E-14
0.732939660549164 0.266896337270737 -3.28626015289046E-14
0.732939660549164 0.266896337270737 6.88976383209229
1 0 -6.44563767439516E-16
0.732939660549164 0.266896337270737 6.88976383209229
0.732939660549164 0.119258530437946 6.88976383209229
0.732939660549164 0.119258530437946 -3.28626015289046E-14
1 0 -6.44563767439516E-16
0.732939660549164 0.119258530437946 6.88976383209229
0.732939660549164 0.266896337270737 6.88976383209229
-2.21456694602966 0.266896337270737 6.88976383209229
-3.01332126363087E-16 0 1
-2.21456694602966 0.266896337270737 6.88976383209229
-2.21456694602966 0.119258530437946 6.88976383209229
0.732939660549164 0.119258530437946 6.88976383209229
-3.01332126363087E-16 0 1
[HEADER]
426437,M_Door-Passage-Single-Vision_Two_Lite 2,550
407.915987377631 202.996980631792 0
1
1.78613910428044E-15 1 0
-1 1.78613910428044E-15 0
0 0 1
1.64041996002197 -0.225229665637016 1.77635683940025E-15
1.47637796401978 0.103633530437946 1.77635683940025E-15
1.64041996002197 0.266896337270737 1.77635683940025E-15
0 0 -1
1.47637796401978 0.266896337270737 1.77635683940025E-15
1.64041996002197 0.266896337270737 1.77635683940025E-15
1.47637796401978 0.103633530437946 1.77635683940025E-15
0 0 -1
1.47637796401978 0.103633530437946 1.77635683940025E-15
1.47637796401978 -0.0637713223695755 1.77635683940025E-15
1.42429459095001 0.103633530437946 1.77635683940025E-15
0 0 -1
1.47637796401978 0.103633530437946 1.77635683940025E-15
1.64041996002197 -0.225229665637016 1.77635683940025E-15
1.47637796401978 -0.0637713223695755 1.77635683940025E-15
0 0 -1
1.47637796401978 -0.225229665637016 1.77635683940025E-15
1.47637796401978 -0.0637713223695755 1.77635683940025E-15
1.64041996002197 -0.225229665637016 1.77635683940025E-15
0 0 -1
1.42429459095001 0.103633530437946 1.77635683940025E-15
1.47637796401978 -0.0637713223695755 1.77635683940025E-15
1.42429459095001 -0.0637713223695755 1.77635683940025E-15
0 0 -1
1.47637796401978 0.103633530437946 0
1.47637796401978 0.103633530437946 6.88976383209229
1.47637796401978 0.266896337270737 6.88976383209229
-1 0 -9.66845651159278E-17
1.47637796401978 0.266896337270737 6.88976383209229
1.47637796401978 0.266896337270737 0
1.47637796401978 0.103633530437946 0
-1 0 -9.66845651159278E-17
-1.47637796401978 0.266896337270737 9.45349294028057E-24
-1.64041996002197 0.266896337270737 1.51255890199933E-23
-1.47637796401978 0.266896337270737 6.88976383209229
0 1 0
1.64041996002197 0.266896337270737 -5.67209568528225E-24
1.47637796401978 0.266896337270737 0
1.47637796401978 0.266896337270737 6.88976383209229
0 1 0
-1.47637796401978 0.266896337270737 6.88976383209229
-1.64041996002197 0.266896337270737 7.21784782409668
1.47637796401978 0.266896337270737 6.88976383209229
0 1 0
-1.64041996002197 0.266896337270737 7.21784782409668
-1.47637796401978 0.266896337270737 6.88976383209229
-1.64041996002197 0.266896337270737 1.51255890199933E-23
0 1 0
1.47637796401978 0.266896337270737 6.88976383209229
1.64041996002197 0.266896337270737 7.21784782409668
1.64041996002197 0.266896337270737 -5.67209568528225E-24
0 1 0
1.64041996002197 0.266896337270737 7.21784782409668
1.47637796401978 0.266896337270737 6.88976383209229
-1.64041996002197 0.266896337270737 7.21784782409668
0 1 0
1.64041996002197 0.266896337270737 0
1.64041996002197 0.266896337270737 7.21784782409668
1.64041996002197 -0.225229665637016 7.21784782409668
1 0 3.14786956191393E-17
1.64041996002197 -0.225229665637016 7.21784782409668
1.64041996002197 -0.225229665637016 0
1.64041996002197 0.266896337270737 0
1 0 3.14786956191393E-17
1.47637796401978 -0.225229665637016 2.46230507005482E-24
1.64041996002197 -0.225229665637016 1.32348898008484E-23
1.47637796401978 -0.225229665637016 6.88976383209229
0 -1 -7.86967390478482E-18
-1.64041996002197 -0.225229665637016 -3.693457407867E-24
-1.47637796401978 -0.225229665637016 -6.15576247792181E-24
-1.47637796401978 -0.225229665637016 6.88976383209229
0 -1 -7.86967390478482E-18
1.47637796401978 -0.225229665637016 6.88976383209229
1.64041996002197 -0.225229665637016 7.21784782409668
-1.47637796401978 -0.225229665637016 6.88976383209229
0 -1 -7.86967390478482E-18
1.64041996002197 -0.225229665637016 7.21784782409668
1.47637796401978 -0.225229665637016 6.88976383209229
1.64041996002197 -0.225229665637016 1.32348898008484E-23
0 -1 -7.86967390478482E-18
-1.47637796401978 -0.225229665637016 6.88976383209229
-1.64041996002197 -0.225229665637016 7.21784782409668
-1.64041996002197 -0.225229665637016 -3.693457407867E-24
0 -1 -7.86967390478482E-18
-1.64041996002197 -0.225229665637016 7.21784782409668
-1.47637796401978 -0.225229665637016 6.88976383209229
1.64041996002197 -0.225229665637016 7.21784782409668
0 -1 -7.86967390478482E-18
1.47637796401978 -0.225229665637016 0
1.47637796401978 -0.225229665637016 6.88976383209229
1.47637796401978 -0.0637713223695755 6.88976383209229
-1 0 -9.66845651159278E-17
1.47637796401978 -0.0637713223695755 6.88976383209229
1.47637796401978 -0.0637713223695755 0
1.47637796401978 -0.225229665637016 0
-1 0 -9.66845651159278E-17
1.42429459095001 -0.0637713223695755 9.37786484529704E-24
1.47637796401978 -0.0637713223695755 0
1.42429459095001 -0.0637713223695755 6.83768033981323
0 -1 -1.2085570639491E-17
-1.47637796401978 -0.0637713223695755 9.45349294028057E-24
-1.42429459095001 -0.0637713223695755 -1.31592617058649E-23
-1.42429459095001 -0.0637713223695755 6.83768033981323
0 -1 -1.2085570639491E-17
1.42429459095001 -0.0637713223695755 6.83768033981323
1.47637796401978 -0.0637713223695755 6.88976383209229
-1.42429459095001 -0.0637713223695755 6.83768033981323
0 -1 -1.2085570639491E-17
1.47637796401978 -0.0637713223695755 6.88976383209229
1.42429459095001 -0.0637713223695755 6.83768033981323
1.47637796401978 -0.0637713223695755 0
0 -1 -1.2085570639491E-17
-1.42429459095001 -0.0637713223695755 6.83768033981323
-1.47637796401978 -0.0637713223695755 6.88976383209229
-1.47637796401978 -0.0637713223695755 9.45349294028057E-24
0 -1 -1.2085570639491E-17
-1.47637796401978 -0.0637713223695755 6.88976383209229
-1.42429459095001 -0.0637713223695755 6.83768033981323
1.47637796401978 -0.0637713223695755 6.88976383209229
0 -1 -1.2085570639491E-17
1.42429459095001 -0.0637713223695755 0
1.42429459095001 -0.0637713223695755 6.83768033981323
1.42429459095001 0.103633530437946 6.83768033981323
-1 0 0
1.42429459095001 0.103633530437946 6.83768033981323
1.42429459095001 0.103633530437946 0
1.42429459095001 -0.0637713223695755 0
-1 0 0
-1.42429459095001 0.103633530437946 0
-1.47637796401978 0.103633530437946 0
-1.42429459095001 0.103633530437946 6.83768033981323
0 1 0
1.47637796401978 0.103633530437946 0
1.42429459095001 0.103633530437946 -1.32348898008484E-23
1.42429459095001 0.103633530437946 6.83768033981323
0 1 0
-1.42429459095001 0.103633530437946 6.83768033981323
-1.47637796401978 0.103633530437946 6.88976383209229
1.42429459095001 0.103633530437946 6.83768033981323
0 1 0
-1.47637796401978 0.103633530437946 6.88976383209229
-1.42429459095001 0.103633530437946 6.83768033981323
-1.47637796401978 0.103633530437946 0
0 1 0
1.42429459095001 0.103633530437946 6.83768033981323
1.47637796401978 0.103633530437946 6.88976383209229
1.47637796401978 0.103633530437946 0
0 1 0
1.47637796401978 0.103633530437946 6.88976383209229
1.42429459095001 0.103633530437946 6.83768033981323
-1.47637796401978 0.103633530437946 6.88976383209229
0 1 0
1.47637796401978 0.103633530437946 6.88976383209229
-1.47637796401978 0.103633530437946 6.88976383209229
-1.47637796401978 0.266896337270737 6.88976383209229
0 0 -1
-1.47637796401978 0.266896337270737 6.88976383209229
1.47637796401978 0.266896337270737 6.88976383209229
1.47637796401978 0.103633530437946 6.88976383209229
0 0 -1
-1.47637796401978 -0.225229665637016 6.88976383209229
-1.47637796401978 -0.0637713223695755 6.88976383209229
1.47637796401978 -0.0637713223695755 6.88976383209229
0 0 -1
1.47637796401978 -0.0637713223695755 6.88976383209229
1.47637796401978 -0.225229665637016 6.88976383209229
-1.47637796401978 -0.225229665637016 6.88976383209229
0 0 -1
-1.42429459095001 -0.0637713223695755 6.83768033981323
-1.42429459095001 0.103633530437946 6.83768033981323
1.42429459095001 0.103633530437946 6.83768033981323
0 0 -1
1.42429459095001 0.103633530437946 6.83768033981323
1.42429459095001 -0.0637713223695755 6.83768033981323
-1.42429459095001 -0.0637713223695755 6.83768033981323
0 0 -1
-1.64041996002197 0.266896337270737 0
-1.47637796401978 0.103633530437946 0
-1.64041996002197 -0.225229665637016 0
0 0 -1
-1.47637796401978 0.103633530437946 0
-1.64041996002197 0.266896337270737 0
-1.47637796401978 0.266896337270737 0
0 0 -1
-1.42429459095001 0.103633530437946 0
-1.47637796401978 -0.0637713223695755 0
-1.47637796401978 0.103633530437946 0
0 0 -1
-1.47637796401978 -0.0637713223695755 0
-1.64041996002197 -0.225229665637016 0
-1.47637796401978 0.103633530437946 0
0 0 -1
-1.64041996002197 -0.225229665637016 0
-1.47637796401978 -0.0637713223695755 0
-1.47637796401978 -0.225229665637016 0
0 0 -1
-1.42429459095001 -0.0637713223695755 0
-1.47637796401978 -0.0637713223695755 0
-1.42429459095001 0.103633530437946 0
0 0 -1
-1.47637796401978 0.266896337270737 6.88976383209229
-1.47637796401978 0.103633530437946 6.88976383209229
-1.47637796401978 0.103633530437946 0
1 0 -3.22281883719759E-17
-1.47637796401978 0.103633530437946 0
-1.47637796401978 0.266896337270737 0
-1.47637796401978 0.266896337270737 6.88976383209229
1 0 -3.22281883719759E-17
-1.64041996002197 0.266896337270737 0
-1.64041996002197 -0.225229665637016 0
-1.64041996002197 -0.225229665637016 7.21784782409668
-1 0 -3.14786956191393E-17
-1.64041996002197 -0.225229665637016 7.21784782409668
-1.64041996002197 0.266896337270737 7.21784782409668
-1.64041996002197 0.266896337270737 0
-1 0 -3.14786956191393E-17
-1.47637796401978 -0.225229665637016 0
-1.47637796401978 -0.0637713223695755 0
-1.47637796401978 -0.0637713223695755 6.88976383209229
1 0 -3.22281883719759E-17
-1.47637796401978 -0.0637713223695755 6.88976383209229
-1.47637796401978 -0.225229665637016 6.88976383209229
-1.47637796401978 -0.225229665637016 0
1 0 -3.22281883719759E-17
-1.42429459095001 -0.0637713223695755 0
-1.42429459095001 0.103633530437946 0
-1.42429459095001 0.103633530437946 6.83768033981323
1 0 -3.24736738828763E-17
-1.42429459095001 0.103633530437946 6.83768033981323
-1.42429459095001 -0.0637713223695755 6.83768033981323
-1.42429459095001 -0.0637713223695755 0
1 0 -3.24736738828763E-17
1.64041996002197 0.266896337270737 7.21784782409668
-1.64041996002197 0.266896337270737 7.21784782409668
-1.64041996002197 -0.225229665637016 7.21784782409668
0 0 1
-1.64041996002197 -0.225229665637016 7.21784782409668
1.64041996002197 -0.225229665637016 7.21784782409668
1.64041996002197 0.266896337270737 7.21784782409668
0 0 1
-1.47637796401978 0.119258530437946 6.88976383209229
-0.976377964019775 0.119258530437946 3.59333992004395
-0.976377964019775 0.119258530437946 6.38976383209229
0 -1 0
-0.976377964019775 0.119258530437946 3.59333992004395
-1.47637796401978 0.119258530437946 6.88976383209229
-1.47637796401978 0.119258530437946 -3.19744231092045E-14
0 -1 0
-1.47637796401978 0.119258530437946 6.88976383209229
-0.976377964019775 0.119258530437946 6.38976383209229
-0.559711277484894 0.119258530437946 6.38976383209229
0 -1 0
1.47637796401978 0.119258530437946 6.88976383209229
-0.559711277484894 0.119258530437946 6.38976383209229
-0.559711277484894 0.119258530437946 3.59333992004395
0 -1 0
-0.559711277484894 0.119258530437946 6.38976383209229
1.47637796401978 0.119258530437946 6.88976383209229
-1.47637796401978 0.119258530437946 6.88976383209229
0 -1 0
1.47637796401978 0.119258530437946 6.88976383209229
-0.559711277484894 0.119258530437946 3.59333992004395
1.47637796401978 0.119258530437946 -3.19744231092045E-14
0 -1 0
-0.976377964019775 0.119258530437946 3.59333992004395
-0.559711277484894 0.119258530437946 2.96833992004395
-0.559711277484894 0.119258530437946 3.59333992004395
0 -1 0
-0.976377964019775 0.119258530437946 2.96833992004395
-1.47637796401978 0.119258530437946 -3.19744231092045E-14
-0.976377964019775 0.119258530437946 0.833333313465118
0 -1 0
-1.47637796401978 0.119258530437946 -3.19744231092045E-14
-0.976377964019775 0.119258530437946 2.96833992004395
-0.976377964019775 0.119258530437946 3.59333992004395
0 -1 0
-0.976377964019775 0.119258530437946 0.833333313465118
-1.47637796401978 0.119258530437946 -3.19744231092045E-14
-0.559711277484894 0.119258530437946 0.833333313465118
0 -1 0
-0.559711277484894 0.119258530437946 2.96833992004395
-0.559711277484894 0.119258530437946 0.833333313465118
1.47637796401978 0.119258530437946 -3.19744231092045E-14
0 -1 0
1.47637796401978 0.119258530437946 -3.19744231092045E-14
-0.559711277484894 0.119258530437946 0.833333313465118
-1.47637796401978 0.119258530437946 -3.19744231092045E-14
0 -1 0
-0.559711277484894 0.119258530437946 2.96833992004395
1.47637796401978 0.119258530437946 -3.19744231092045E-14
-0.559711277484894 0.119258530437946 3.59333992004395
0 -1 0
-0.976377964019775 0.119258530437946 2.96833992004395
-0.559711277484894 0.119258530437946 2.96833992004395
-0.976377964019775 0.119258530437946 3.59333992004395
0 -1 0
-1.47637796401978 0.266896337270737 -3.19744231092045E-14
-0.976377964019775 0.266896337270737 2.96833992004395
-0.976377964019775 0.266896337270737 0.833333313465118
0 1 0
-0.976377964019775 0.266896337270737 2.96833992004395
-1.47637796401978 0.266896337270737 -3.19744231092045E-14
-0.976377964019775 0.266896337270737 3.59333992004395
0 1 0
-1.47637796401978 0.266896337270737 -3.19744231092045E-14
-0.976377964019775 0.266896337270737 0.833333313465118
-0.559711277484894 0.266896337270737 0.833333313465118
0 1 0
1.47637796401978 0.266896337270737 -3.19744231092045E-14
-0.559711277484894 0.266896337270737 0.833333313465118
-0.559711277484894 0.266896337270737 2.96833992004395
0 1 0
-0.559711277484894 0.266896337270737 0.833333313465118
1.47637796401978 0.266896337270737 -3.19744231092045E-14
-1.47637796401978 0.266896337270737 -3.19744231092045E-14
0 1 0
1.47637796401978 0.266896337270737 -3.19744231092045E-14
-0.559711277484894 0.266896337270737 2.96833992004395
-0.559711277484894 0.266896337270737 3.59333992004395
0 1 0
-0.976377964019775 0.266896337270737 2.96833992004395
-0.976377964019775 0.266896337270737 3.59333992004395
-0.559711277484894 0.266896337270737 2.96833992004395
0 1 0
-0.976377964019775 0.266896337270737 3.59333992004395
-1.47637796401978 0.266896337270737 6.88976383209229
-0.976377964019775 0.266896337270737 6.38976383209229
0 1 0
-1.47637796401978 0.266896337270737 6.88976383209229
-0.976377964019775 0.266896337270737 3.59333992004395
-1.47637796401978 0.266896337270737 -3.19744231092045E-14
0 1 0
-0.976377964019775 0.266896337270737 6.38976383209229
-1.47637796401978 0.266896337270737 6.88976383209229
-0.559711277484894 0.266896337270737 6.38976383209229
0 1 0
-0.559711277484894 0.266896337270737 3.59333992004395
-0.559711277484894 0.266896337270737 6.38976383209229
1.47637796401978 0.266896337270737 6.88976383209229
0 1 0
1.47637796401978 0.266896337270737 6.88976383209229
-0.559711277484894 0.266896337270737 6.38976383209229
-1.47637796401978 0.266896337270737 6.88976383209229
0 1 0
-0.559711277484894 0.266896337270737 3.59333992004395
1.47637796401978 0.266896337270737 6.88976383209229
1.47637796401978 0.266896337270737 -3.19744231092045E-14
0 1 0
-0.976377964019775 0.266896337270737 3.59333992004395
-0.559711277484894 0.266896337270737 3.59333992004395
-0.559711277484894 0.266896337270737 2.96833992004395
0 1 0
-1.47637796401978 0.119258530437946 6.88976383209229
-1.47637796401978 0.266896337270737 6.88976383209229
-1.47637796401978 0.266896337270737 -3.19744231092045E-14
-1 0 -3.22281883719758E-17
-1.47637796401978 0.266896337270737 -3.19744231092045E-14
-1.47637796401978 0.119258530437946 -3.19744231092045E-14
-1.47637796401978 0.119258530437946 6.88976383209229
-1 0 -3.22281883719758E-17
-1.47637796401978 0.119258530437946 -3.19744231092045E-14
-1.47637796401978 0.266896337270737 -3.19744231092045E-14
1.47637796401978 0.266896337270737 -3.24185123190546E-14
-1.50398212402555E-16 0 -1
1.47637796401978 0.266896337270737 -3.24185123190546E-14
1.47637796401978 0.119258530437946 -3.24185123190546E-14
-1.47637796401978 0.119258530437946 -3.19744231092045E-14
-1.50398212402555E-16 0 -1
1.47637796401978 0.119258530437946 -3.19744231092045E-14
1.47637796401978 0.266896337270737 -3.19744231092045E-14
1.47637796401978 0.266896337270737 6.88976383209229
1 0 3.22281883719758E-17
1.47637796401978 0.266896337270737 6.88976383209229
1.47637796401978 0.119258530437946 6.88976383209229
1.47637796401978 0.119258530437946 -3.19744231092045E-14
1 0 3.22281883719758E-17
1.47637796401978 0.119258530437946 6.88976383209229
1.47637796401978 0.266896337270737 6.88976383209229
-1.47637796401978 0.266896337270737 6.88976383209229
0 0 1
-1.47637796401978 0.266896337270737 6.88976383209229
-1.47637796401978 0.119258530437946 6.88976383209229
1.47637796401978 0.119258530437946 6.88976383209229
0 0 1
-0.976377964019775 0.119258530437946 6.38976383209229
-0.976377964019775 0.266896337270737 6.38976383209229
-0.559711277484894 0.266896337270737 6.38976383209229
0 0 -1
-0.559711277484894 0.266896337270737 6.38976383209229
-0.559711277484894 0.119258530437946 6.38976383209229
-0.976377964019775 0.119258530437946 6.38976383209229
0 0 -1
-0.559711277484894 0.119258530437946 6.38976383209229
-0.559711277484894 0.266896337270737 6.38976383209229
-0.559711277484894 0.266896337270737 3.59333992004395
-1 0 0
-0.559711277484894 0.266896337270737 3.59333992004395
-0.559711277484894 0.119258530437946 3.59333992004395
-0.559711277484894 0.119258530437946 6.38976383209229
-1 0 0
-0.559711277484894 0.119258530437946 3.59333992004395
-0.559711277484894 0.266896337270737 3.59333992004395
-0.976377964019775 0.266896337270737 3.59333992004395
0 0 1
-0.976377964019775 0.266896337270737 3.59333992004395
-0.976377964019775 0.119258530437946 3.59333992004395
-0.559711277484894 0.119258530437946 3.59333992004395
0 0 1
-0.976377964019775 0.119258530437946 3.59333992004395
-0.976377964019775 0.266896337270737 3.59333992004395
-0.976377964019775 0.266896337270737 6.38976383209229
1 0 0
-0.976377964019775 0.266896337270737 6.38976383209229
-0.976377964019775 0.119258530437946 6.38976383209229
-0.976377964019775 0.119258530437946 3.59333992004395
1 0 0
-0.976377964019775 0.119258530437946 2.96833992004395
-0.976377964019775 0.266896337270737 2.96833992004395
-0.559711277484894 0.266896337270737 2.96833992004395
0 0 -1
-0.559711277484894 0.266896337270737 2.96833992004395
-0.559711277484894 0.119258530437946 2.96833992004395
-0.976377964019775 0.119258530437946 2.96833992004395
0 0 -1
-0.559711277484894 0.119258530437946 2.96833992004395
-0.559711277484894 0.266896337270737 2.96833992004395
-0.559711277484894 0.266896337270737 0.833333313465118
-1 0 0
-0.559711277484894 0.266896337270737 0.833333313465118
-0.559711277484894 0.119258530437946 0.833333313465118
-0.559711277484894 0.119258530437946 2.96833992004395
-1 0 0
-0.559711277484894 0.119258530437946 0.833333313465118
-0.559711277484894 0.266896337270737 0.833333313465118
-0.976377964019775 0.266896337270737 0.833333313465118
0 0 1
-0.976377964019775 0.266896337270737 0.833333313465118
-0.976377964019775 0.119258530437946 0.833333313465118
-0.559711277484894 0.119258530437946 0.833333313465118
0 0 1
-0.976377964019775 0.119258530437946 0.833333313465118
-0.976377964019775 0.266896337270737 0.833333313465118
-0.976377964019775 0.266896337270737 2.96833992004395
1 0 0
-0.976377964019775 0.266896337270737 2.96833992004395
-0.976377964019775 0.119258530437946 2.96833992004395
-0.976377964019775 0.119258530437946 0.833333313465118
1 0 0
-0.559711277484894 0.184875324368477 6.38976383209229
-0.976377964019775 0.184875324368477 6.38976383209229
-0.976377964019775 0.184875324368477 3.59333992004395
-3.23172538725815E-15 -1 0
-0.976377964019775 0.184875324368477 3.59333992004395
-0.559711277484894 0.184875324368477 3.59333992004395
-0.559711277484894 0.184875324368477 6.38976383209229
-3.23172538725815E-15 -1 0
-0.559711277484894 0.184875324368477 2.96833992004395
-0.976377964019775 0.184875324368477 2.96833992004395
-0.976377964019775 0.184875324368477 0.833333313465118
-3.23172538725815E-15 -1 0
-0.976377964019775 0.184875324368477 0.833333313465118
-0.559711277484894 0.184875324368477 0.833333313465118
-0.559711277484894 0.184875324368477 2.96833992004395
-3.23172538725815E-15 -1 0
-0.559711277484894 0.201279520988464 3.59333992004395
-0.976377964019775 0.201279520988464 3.59333992004395
-0.976377964019775 0.201279520988464 6.38976383209229
3.23172538725815E-15 1 0
-0.976377964019775 0.201279520988464 6.38976383209229
-0.559711277484894 0.201279520988464 6.38976383209229
-0.559711277484894 0.201279520988464 3.59333992004395
3.23172538725815E-15 1 0
-0.559711277484894 0.201279520988464 0.833333313465118
-0.976377964019775 0.201279520988464 0.833333313465118
-0.976377964019775 0.201279520988464 2.96833992004395
3.23172538725815E-15 1 0
-0.976377964019775 0.201279520988464 2.96833992004395
-0.559711277484894 0.201279520988464 2.96833992004395
-0.559711277484894 0.201279520988464 0.833333313465118
3.23172538725815E-15 1 0
-0.976377964019775 0.184875324368477 6.38976383209229
-0.976377964019775 0.201279520988464 6.38976383209229
-0.976377964019775 0.201279520988464 3.59333992004395
-1 0 0
-0.976377964019775 0.201279520988464 3.59333992004395
-0.976377964019775 0.184875324368477 3.59333992004395
-0.976377964019775 0.184875324368477 6.38976383209229
-1 0 0
-0.976377964019775 0.184875324368477 3.59333992004395
-0.976377964019775 0.201279520988464 3.59333992004395
-0.559711277484894 0.201279520988464 3.59333992004395
0 0 -1
-0.559711277484894 0.201279520988464 3.59333992004395
-0.559711277484894 0.184875324368477 3.59333992004395
-0.976377964019775 0.184875324368477 3.59333992004395
0 0 -1
-0.559711277484894 0.184875324368477 3.59333992004395
-0.559711277484894 0.201279520988464 3.59333992004395
-0.559711277484894 0.201279520988464 6.38976383209229
1 0 0
-0.559711277484894 0.201279520988464 6.38976383209229
-0.559711277484894 0.184875324368477 6.38976383209229
-0.559711277484894 0.184875324368477 3.59333992004395
1 0 0
-0.559711277484894 0.184875324368477 6.38976383209229
-0.559711277484894 0.201279520988464 6.38976383209229
-0.976377964019775 0.201279520988464 6.38976383209229
0 0 1
-0.976377964019775 0.201279520988464 6.38976383209229
-0.976377964019775 0.184875324368477 6.38976383209229
-0.559711277484894 0.184875324368477 6.38976383209229
0 0 1
-0.976377964019775 0.184875324368477 2.96833992004395
-0.976377964019775 0.201279520988464 2.96833992004395
-0.976377964019775 0.201279520988464 0.833333313465118
-1 0 0
-0.976377964019775 0.201279520988464 0.833333313465118
-0.976377964019775 0.184875324368477 0.833333313465118
-0.976377964019775 0.184875324368477 2.96833992004395
-1 0 0
-0.976377964019775 0.184875324368477 0.833333313465118
-0.976377964019775 0.201279520988464 0.833333313465118
-0.559711277484894 0.201279520988464 0.833333313465118
0 0 -1
-0.559711277484894 0.201279520988464 0.833333313465118
-0.559711277484894 0.184875324368477 0.833333313465118
-0.976377964019775 0.184875324368477 0.833333313465118
0 0 -1
-0.559711277484894 0.184875324368477 0.833333313465118
-0.559711277484894 0.201279520988464 0.833333313465118
-0.559711277484894 0.201279520988464 2.96833992004395
1 0 0
-0.559711277484894 0.201279520988464 2.96833992004395
-0.559711277484894 0.184875324368477 2.96833992004395
-0.559711277484894 0.184875324368477 0.833333313465118
1 0 0
-0.559711277484894 0.184875324368477 2.96833992004395
-0.559711277484894 0.201279520988464 2.96833992004395
-0.976377964019775 0.201279520988464 2.96833992004395
0 0 1
-0.976377964019775 0.201279520988464 2.96833992004395
-0.976377964019775 0.184875324368477 2.96833992004395
-0.559711277484894 0.184875324368477 2.96833992004395
0 0 1
[HEADER]
426438,M_Door-Passage-Single-Vision_Two_Lite 2,6
407.915987377631 216.168742410539 0
1
1.78613910428044E-15 1 0
-1 1.78613910428044E-15 0
0 0 1
[HEADER]
426439,M_Door-Passage-Single-Vision_Two_Lite 2,6
407.915987377631 224.650523938879 0
1
1.78613910428044E-15 1 0
-1 1.78613910428044E-15 0
0 0 1
[HEADER]
426440,M_Door-Passage-Single-Vision_Two_Lite 2,6
407.915987377631 237.836970833003 0
1
1.78613910428044E-15 1 0
-1 1.78613910428044E-15 0
0 0 1
[HEADER]
426441,M_Door-Passage-Single-Vision_Two_Lite 2,6
407.915987377631 246.367154560037 0
1
1.78613910428044E-15 1 0
-1 1.78613910428044E-15 0
0 0 1
[HEADER]
426442,M_Door-Passage-Single-Vision_Two_Lite 2,6
407.915987377631 259.49051414009 0
1
1.78613910428044E-15 1 0
-1 1.78613910428044E-15 0
0 0 1
[HEADER]
426443,M_Door-Passage-Single-Vision_Two_Lite 2,6
407.915987377631 267.995340205319 0
1
1.78613910428044E-15 1 0
-1 1.78613910428044E-15 0
0 0 1
[HEADER]
426444,M_Door-Passage-Single-Vision_Two_Lite 2,6
407.915987377631 281.118699785372 0
1
1.78613910428044E-15 1 0
-1 1.78613910428044E-15 0
0 0 1
[HEADER]
426445,M_Door-Passage-Single-Vision_Two_Lite 2,6
407.915987377631 289.61115386014 0
1
1.78613910428044E-15 1 0
-1 1.78613910428044E-15 0
0 0 1
[HEADER]
426446,M_Door-Passage-Single-Vision_Two_Lite 2,6
407.915987377631 302.772243092458 0
1
1.78613910428044E-15 1 0
-1 1.78613910428044E-15 0
0 0 1
[HEADER]
426447,0762 x 2134mm,278
411.504077928812 300.80373915545 0
1
-1 0 0
0 -1 0
0 0 1
-1.49934387207031 0.410104990005493 7.25065612792969
-1.25 0.410104990005493 7.00131225585938
-1.49934387207031 0.410104990005493 0
-1.86407339295249E-15 1 0
-1.25 0.410104990005493 7.00131225585938
-1.49934387207031 0.410104990005493 7.25065612792969
1.25 0.410104990005493 7.00131225585938
-1.86407339295249E-15 1 0
-1.25 0.410104990005493 0
-1.49934387207031 0.410104990005493 0
-1.25 0.410104990005493 7.00131225585938
-1.86407339295249E-15 1 0
1.25 0.410104990005493 7.00131225585938
1.49934387207031 0.410104990005493 7.25065612792969
1.49934387207031 0.410104990005493 0
-1.86407339295249E-15 1 0
1.49934387207031 0.410104990005493 7.25065612792969
1.25 0.410104990005493 7.00131225585938
-1.49934387207031 0.410104990005493 7.25065612792969
-1.86407339295249E-15 1 0
1.49934387207031 0.410104990005493 0
1.25 0.410104990005493 0
1.25 0.410104990005493 7.00131225585938
-1.86407339295249E-15 1 0
1.49934387207031 0.328083992004395 7.25065612792969
1.25 0.328083992004395 7.00131225585938
1.49934387207031 0.328083992004395 0
1.86407339295249E-15 -1 0
1.25 0.328083992004395 7.00131225585938
1.49934387207031 0.328083992004395 7.25065612792969
-1.25 0.328083992004395 7.00131225585938
1.86407339295249E-15 -1 0
1.25 0.328083992004395 0
1.49934387207031 0.328083992004395 0
1.25 0.328083992004395 7.00131225585938
1.86407339295249E-15 -1 0
-1.25 0.328083992004395 7.00131225585938
-1.49934387207031 0.328083992004395 7.25065612792969
-1.49934387207031 0.328083992004395 0
1.86407339295249E-15 -1 0
-1.49934387207031 0.328083992004395 7.25065612792969
-1.25 0.328083992004395 7.00131225585938
1.49934387207031 0.328083992004395 7.25065612792969
1.86407339295249E-15 -1 0
-1.49934387207031 0.328083992004395 0
-1.25 0.328083992004395 0
-1.25 0.328083992004395 7.00131225585938
1.86407339295249E-15 -1 0
-1.49934387207031 0.410104990005493 7.25065612792969
-1.49934387207031 0.328083992004395 7.25065612792969
1.49934387207031 0.328083992004395 7.25065612792969
0 0 1
1.49934387207031 0.328083992004395 7.25065612792969
1.49934387207031 0.410104990005493 7.25065612792969
-1.49934387207031 0.410104990005493 7.25065612792969
0 0 1
1.49934387207031 0.410104990005493 7.25065612792969
1.49934387207031 0.328083992004395 7.25065612792969
1.49934387207031 0.328083992004395 0
1 2.70716782324658E-15 0
1.49934387207031 0.328083992004395 0
1.49934387207031 0.410104990005493 0
1.49934387207031 0.410104990005493 7.25065612792969
1 2.70716782324658E-15 0
1.49934387207031 0.410104990005493 0
1.49934387207031 0.328083992004395 0
1.25 0.328083992004395 0
0 0 -1
1.25 0.328083992004395 0
1.25 0.410104990005493 0
1.49934387207031 0.410104990005493 0
0 0 -1
1.25 0.410104990005493 0
1.25 0.328083992004395 0
1.25 0.328083992004395 7.00131225585938
-1 -2.70716782324658E-15 0
1.25 0.328083992004395 7.00131225585938
1.25 0.410104990005493 7.00131225585938
1.25 0.410104990005493 0
-1 -2.70716782324658E-15 0
1.25 0.410104990005493 7.00131225585938
1.25 0.328083992004395 7.00131225585938
-1.25 0.328083992004395 7.00131225585938
0 0 -1
-1.25 0.328083992004395 7.00131225585938
-1.25 0.410104990005493 7.00131225585938
1.25 0.410104990005493 7.00131225585938
0 0 -1
-1.25 0.410104990005493 7.00131225585938
-1.25 0.328083992004395 7.00131225585938
-1.25 0.328083992004395 0
1 2.70716782324658E-15 0
-1.25 0.328083992004395 0
-1.25 0.410104990005493 0
-1.25 0.410104990005493 7.00131225585938
1 2.70716782324658E-15 0
-1.25 0.410104990005493 0
-1.25 0.328083992004395 0
-1.49934387207031 0.328083992004395 0
0 0 -1
-1.49934387207031 0.328083992004395 0
-1.49934387207031 0.410104990005493 0
-1.25 0.410104990005493 0
0 0 -1
-1.49934387207031 0.410104990005493 0
-1.49934387207031 0.328083992004395 0
-1.49934387207031 0.328083992004395 7.25065612792969
-1 -2.70716782324658E-15 0
-1.49934387207031 0.328083992004395 7.25065612792969
-1.49934387207031 0.410104990005493 7.25065612792969
-1.49934387207031 0.410104990005493 0
-1 -2.70716782324658E-15 0
1.49934387207031 -0.410104990005493 7.25065612792969
1.25 -0.410104990005493 7.00131225585938
1.49934387207031 -0.410104990005493 0
1.86407339295249E-15 -1 0
1.25 -0.410104990005493 7.00131225585938
1.49934387207031 -0.410104990005493 7.25065612792969
-1.25 -0.410104990005493 7.00131225585938
1.86407339295249E-15 -1 0
1.25 -0.410104990005493 0
1.49934387207031 -0.410104990005493 0
1.25 -0.410104990005493 7.00131225585938
1.86407339295249E-15 -1 0
-1.25 -0.410104990005493 7.00131225585938
-1.49934387207031 -0.410104990005493 7.25065612792969
-1.49934387207031 -0.410104990005493 0
1.86407339295249E-15 -1 0
-1.49934387207031 -0.410104990005493 7.25065612792969
-1.25 -0.410104990005493 7.00131225585938
1.49934387207031 -0.410104990005493 7.25065612792969
1.86407339295249E-15 -1 0
-1.49934387207031 -0.410104990005493 0
-1.25 -0.410104990005493 0
-1.25 -0.410104990005493 7.00131225585938
1.86407339295249E-15 -1 0
-1.49934387207031 -0.328083992004395 7.25065612792969
-1.25 -0.328083992004395 7.00131225585938
-1.49934387207031 -0.328083992004395 0
-1.86407339295249E-15 1 0
-1.25 -0.328083992004395 7.00131225585938
-1.49934387207031 -0.328083992004395 7.25065612792969
1.25 -0.328083992004395 7.00131225585938
-1.86407339295249E-15 1 0
-1.25 -0.328083992004395 0
-1.49934387207031 -0.328083992004395 0
-1.25 -0.328083992004395 7.00131225585938
-1.86407339295249E-15 1 0
1.25 -0.328083992004395 7.00131225585938
1.49934387207031 -0.328083992004395 7.25065612792969
1.49934387207031 -0.328083992004395 0
-1.86407339295249E-15 1 0
1.49934387207031 -0.328083992004395 7.25065612792969
1.25 -0.328083992004395 7.00131225585938
-1.49934387207031 -0.328083992004395 7.25065612792969
-1.86407339295249E-15 1 0
1.49934387207031 -0.328083992004395 0
1.25 -0.328083992004395 0
1.25 -0.328083992004395 7.00131225585938
-1.86407339295249E-15 1 0
1.49934387207031 -0.410104990005493 7.25065612792969
1.49934387207031 -0.328083992004395 7.25065612792969
-1.49934387207031 -0.328083992004395 7.25065612792969
0 0 1
-1.49934387207031 -0.328083992004395 7.25065612792969
-1.49934387207031 -0.410104990005493 7.25065612792969
1.49934387207031 -0.410104990005493 7.25065612792969
0 0 1
-1.49934387207031 -0.410104990005493 7.25065612792969
-1.49934387207031 -0.328083992004395 7.25065612792969
-1.49934387207031 -0.328083992004395 0
-1 -2.70716782324538E-15 0
-1.49934387207031 -0.328083992004395 0
-1.49934387207031 -0.410104990005493 0
-1.49934387207031 -0.410104990005493 7.25065612792969
-1 -2.70716782324538E-15 0
-1.49934387207031 -0.410104990005493 0
-1.49934387207031 -0.328083992004395 0
-1.25 -0.328083992004395 0
0 0 -1
-1.25 -0.328083992004395 0
-1.25 -0.410104990005493 0
-1.49934387207031 -0.410104990005493 0
0 0 -1
-1.25 -0.410104990005493 0
-1.25 -0.328083992004395 0
-1.25 -0.328083992004395 7.00131225585938
1 2.70716782324538E-15 0
-1.25 -0.328083992004395 7.00131225585938
-1.25 -0.410104990005493 7.00131225585938
-1.25 -0.410104990005493 0
1 2.70716782324538E-15 0
-1.25 -0.410104990005493 7.00131225585938
-1.25 -0.328083992004395 7.00131225585938
1.25 -0.328083992004395 7.00131225585938
0 0 -1
1.25 -0.328083992004395 7.00131225585938
1.25 -0.410104990005493 7.00131225585938
-1.25 -0.410104990005493 7.00131225585938
0 0 -1
1.25 -0.410104990005493 7.00131225585938
1.25 -0.328083992004395 7.00131225585938
1.25 -0.328083992004395 0
-1 -2.70716782324538E-15 0
1.25 -0.328083992004395 0
1.25 -0.410104990005493 0
1.25 -0.410104990005493 7.00131225585938
-1 -2.70716782324538E-15 0
1.25 -0.410104990005493 0
1.25 -0.328083992004395 0
1.49934387207031 -0.328083992004395 0
0 0 -1
1.49934387207031 -0.328083992004395 0
1.49934387207031 -0.410104990005493 0
1.25 -0.410104990005493 0
0 0 -1
1.49934387207031 -0.410104990005493 0
1.49934387207031 -0.328083992004395 0
1.49934387207031 -0.328083992004395 7.25065612792969
1 2.70716782324538E-15 0
1.49934387207031 -0.328083992004395 7.25065612792969
1.49934387207031 -0.410104990005493 7.25065612792969
1.49934387207031 -0.410104990005493 0
1 2.70716782324538E-15 0
-1.25 0.160761147737503 7.00131225585938
-1.25 0.160761147737503 0
1.25 0.160761147737503 0
0 -1 0
1.25 0.160761147737503 0
1.25 0.160761147737503 7.00131225585938
-1.25 0.160761147737503 7.00131225585938
0 -1 0
1.25 0.328083992004395 0
-1.25 0.328083992004395 0
-1.25 0.328083992004395 7.00131225585938
0 1 0
-1.25 0.328083992004395 7.00131225585938
1.25 0.328083992004395 7.00131225585938
1.25 0.328083992004395 0
0 1 0
1.25 0.160761147737503 7.00131225585938
1.25 0.328083992004395 7.00131225585938
-1.25 0.328083992004395 7.00131225585938
0 0 1
-1.25 0.328083992004395 7.00131225585938
-1.25 0.160761147737503 7.00131225585938
1.25 0.160761147737503 7.00131225585938
0 0 1
-1.25 0.160761147737503 7.00131225585938
-1.25 0.328083992004395 7.00131225585938
-1.25 0.328083992004395 0
-1 0 0
-1.25 0.328083992004395 0
-1.25 0.160761147737503 0
-1.25 0.160761147737503 7.00131225585938
-1 0 0
-1.25 0.160761147737503 0
-1.25 0.328083992004395 0
1.25 0.328083992004395 0
0 0 -1
1.25 0.328083992004395 0
1.25 0.160761147737503 0
-1.25 0.160761147737503 0
0 0 -1
1.25 0.160761147737503 0
1.25 0.328083992004395 0
1.25 0.328083992004395 7.00131225585938
1 0 0
1.25 0.328083992004395 7.00131225585938
1.25 0.160761147737503 7.00131225585938
1.25 0.160761147737503 0
1 0 0
[HEADER]
426448,0762 x 2134mm,6
411.504077928812 291.579657797148 0
1
1 0 0
0 1 0
0 0 1
[HEADER]
426449,0762 x 2134mm,6
411.504077928812 279.150195848364 0
1
-1 0 0
0 -1 0
0 0 1
[HEADER]
426450,0762 x 2134mm,6
411.504077928812 269.963844142327 0
1
1 0 0
0 1 0
0 0 1
[HEADER]
426451,0762 x 2134mm,6
411.471269527282 257.522010203082 0
1
-1 0 0
0 -1 0
0 0 1
[HEADER]
426452,0762 x 2134mm,6
411.471269527282 248.335658497045 0
1
1 -5.12599824758409E-15 0
5.12599824758409E-15 1 0
0 0 1
[HEADER]
426453,0762 x 2134mm,6
411.504077928812 235.868466895995 0
1
-1 5.11010160988298E-15 0
-5.11010160988298E-15 -1 0
0 0 1
[HEADER]
426454,0762 x 2134mm,6
411.504077928812 226.619027875887 0
1
1 -5.09584531434539E-15 0
5.09584531434539E-15 1 0
0 0 1
[HEADER]
426455,0762 x 2134mm,6
411.471269527282 214.200238473531 0
1
-1 5.12599824758404E-15 0
-5.12599824758404E-15 -1 0
0 0 1
[HEADER]
426456,0762 x 2134mm,6
411.471269527282 204.9654845688 0
1
1 -5.12599824758404E-15 0
5.12599824758404E-15 1 0
0 0 1
[HEADER]
426457,0762 x 2134mm,6
413.913833138765 187.910038367016 0
1
1 -2.66962620544914E-15 0
2.66962620544914E-15 1 0
0 0 1
[HEADER]
426458,0762 x 2134mm,6
407.895154044297 186.179395322396 0
1
-1.78613910428044E-15 -1 0
1 -1.78613910428044E-15 0
0 0 1
[HEADER]
426459,M_Door-Passage-Double-Flush,342
411.389248598907 155.417748340769 0
1
-1 3.21014931764825E-15 0
-3.21014931764825E-15 -1 0
0 0 1
3.11679792404175 -0.225229665637016 8.88178419700125E-16
2.95275592803955 0.103633530437946 8.88178419700125E-16
3.11679792404175 0.266896337270737 8.88178419700125E-16
0 0 -1
2.95275592803955 0.266896337270737 8.88178419700125E-16
3.11679792404175 0.266896337270737 8.88178419700125E-16
2.95275592803955 0.103633530437946 8.88178419700125E-16
0 0 -1
2.95275592803955 0.103633530437946 8.88178419700125E-16
2.95275592803955 -0.0637713223695755 8.88178419700125E-16
2.90067267417908 0.103633530437946 8.88178419700125E-16
0 0 -1
2.95275592803955 0.103633530437946 8.88178419700125E-16
3.11679792404175 -0.225229665637016 8.88178419700125E-16
2.95275592803955 -0.0637713223695755 8.88178419700125E-16
0 0 -1
2.95275592803955 -0.225229665637016 8.88178419700125E-16
2.95275592803955 -0.0637713223695755 8.88178419700125E-16
3.11679792404175 -0.225229665637016 8.88178419700125E-16
0 0 -1
2.90067267417908 0.103633530437946 8.88178419700125E-16
2.95275592803955 -0.0637713223695755 8.88178419700125E-16
2.90067267417908 -0.0637713223695755 8.88178419700125E-16
0 0 -1
2.95275592803955 0.103633530437946 0
2.95275592803955 0.103633530437946 6.88976383209229
2.95275592803955 0.266896337270737 6.88976383209229
-1 0 -6.44563767439519E-17
2.95275592803955 0.266896337270737 6.88976383209229
2.95275592803955 0.266896337270737 0
2.95275592803955 0.103633530437946 0
-1 0 -6.44563767439519E-17
-2.95275592803955 0.266896337270737 3.78139764942877E-24
-3.11679792404175 0.266896337270737 3.1511646421189E-24
-2.95275592803955 0.266896337270737 6.88976383209229
0 1 -8.05704709299398E-18
3.11679792404175 0.266896337270737 -1.26046569907538E-23
2.95275592803955 0.266896337270737 -1.32348898008484E-23
2.95275592803955 0.266896337270737 6.88976383209229
0 1 -8.05704709299398E-18
-2.95275592803955 0.266896337270737 6.88976383209229
-3.11679792404175 0.266896337270737 7.21784782409668
2.95275592803955 0.266896337270737 6.88976383209229
0 1 -8.05704709299398E-18
-3.11679792404175 0.266896337270737 7.21784782409668
-2.95275592803955 0.266896337270737 6.88976383209229
-3.11679792404175 0.266896337270737 3.1511646421189E-24
0 1 -8.05704709299398E-18
2.95275592803955 0.266896337270737 6.88976383209229
3.11679792404175 0.266896337270737 7.21784782409668
3.11679792404175 0.266896337270737 -1.26046569907538E-23
0 1 -8.05704709299398E-18
3.11679792404175 0.266896337270737 7.21784782409668
2.95275592803955 0.266896337270737 6.88976383209229
-3.11679792404175 0.266896337270737 7.21784782409668
0 1 -8.05704709299398E-18
3.11679792404175 0.266896337270737 0
3.11679792404175 0.266896337270737 7.21784782409668
3.11679792404175 -0.225229665637016 7.21784782409668
1 0 0
3.11679792404175 -0.225229665637016 7.21784782409668
3.11679792404175 -0.225229665637016 0
3.11679792404175 0.266896337270737 0
1 0 0
2.95275592803955 -0.225229665637016 -1.32348898008484E-23
3.11679792404175 -0.225229665637016 0
2.95275592803955 -0.225229665637016 6.88976383209229
0 -1 1.57393478095696E-17
-3.11679792404175 -0.225229665637016 0
-2.95275592803955 -0.225229665637016 1.32348898008484E-23
-2.95275592803955 -0.225229665637016 6.88976383209229
0 -1 1.57393478095696E-17
2.95275592803955 -0.225229665637016 6.88976383209229
3.11679792404175 -0.225229665637016 7.21784782409668
-2.95275592803955 -0.225229665637016 6.88976383209229
0 -1 1.57393478095696E-17
3.11679792404175 -0.225229665637016 7.21784782409668
2.95275592803955 -0.225229665637016 6.88976383209229
3.11679792404175 -0.225229665637016 0
0 -1 1.57393478095696E-17
-2.95275592803955 -0.225229665637016 6.88976383209229
-3.11679792404175 -0.225229665637016 7.21784782409668
-3.11679792404175 -0.225229665637016 0
0 -1 1.57393478095696E-17
-3.11679792404175 -0.225229665637016 7.21784782409668
-2.95275592803955 -0.225229665637016 6.88976383209229
3.11679792404175 -0.225229665637016 7.21784782409668
0 -1 1.57393478095696E-17
2.95275592803955 -0.225229665637016 0
2.95275592803955 -0.225229665637016 6.88976383209229
2.95275592803955 -0.0637713223695755 6.88976383209229
-1 0 -6.44563767439519E-17
2.95275592803955 -0.0637713223695755 6.88976383209229
2.95275592803955 -0.0637713223695755 0
2.95275592803955 -0.225229665637016 0
-1 0 -6.44563767439519E-17
2.90067267417908 -0.0637713223695755 6.25191002834151E-24
2.95275592803955 -0.0637713223695755 0
2.90067267417908 -0.0637713223695755 6.83768033981323
0 -1 8.05704709299398E-18
-2.95275592803955 -0.0637713223695755 1.70162866614163E-23
-2.90067267417908 -0.0637713223695755 -1.57054017853307E-23
-2.90067267417908 -0.0637713223695755 6.83768033981323
0 -1 8.05704709299398E-18
2.90067267417908 -0.0637713223695755 6.83768033981323
2.95275592803955 -0.0637713223695755 6.88976383209229
-2.90067267417908 -0.0637713223695755 6.83768033981323
0 -1 8.05704709299398E-18
2.95275592803955 -0.0637713223695755 6.88976383209229
2.90067267417908 -0.0637713223695755 6.83768033981323
2.95275592803955 -0.0637713223695755 0
0 -1 8.05704709299398E-18
-2.90067267417908 -0.0637713223695755 6.83768033981323
-2.95275592803955 -0.0637713223695755 6.88976383209229
-2.95275592803955 -0.0637713223695755 1.70162866614163E-23
0 -1 8.05704709299398E-18
-2.95275592803955 -0.0637713223695755 6.88976383209229
-2.90067267417908 -0.0637713223695755 6.83768033981323
2.95275592803955 -0.0637713223695755 6.88976383209229
0 -1 8.05704709299398E-18
2.90067267417908 -0.0637713223695755 0
2.90067267417908 -0.0637713223695755 6.83768033981323
2.90067267417908 0.103633530437946 6.83768033981323
-1 0 -6.49473477657525E-17
2.90067267417908 0.103633530437946 6.83768033981323
2.90067267417908 0.103633530437946 0
2.90067267417908 -0.0637713223695755 0
-1 0 -6.49473477657525E-17
-2.90067267417908 0.103633530437946 6.02805457483649E-24
-2.95275592803955 0.103633530437946 -2.55521513531948E-24
-2.90067267417908 0.103633530437946 6.83768033981323
0 1 0
2.95275592803955 0.103633530437946 -4.65161969626202E-24
2.90067267417908 0.103633530437946 0
2.90067267417908 0.103633530437946 6.83768033981323
0 1 0
-2.90067267417908 0.103633530437946 6.83768033981323
-2.95275592803955 0.103633530437946 6.88976383209229
2.90067267417908 0.103633530437946 6.83768033981323
0 1 0
-2.95275592803955 0.103633530437946 6.88976383209229
-2.90067267417908 0.103633530437946 6.83768033981323
-2.95275592803955 0.103633530437946 -2.55521513531948E-24
0 1 0
2.90067267417908 0.103633530437946 6.83768033981323
2.95275592803955 0.103633530437946 6.88976383209229
2.95275592803955 0.103633530437946 -4.65161969626202E-24
0 1 0
2.95275592803955 0.103633530437946 6.88976383209229
2.90067267417908 0.103633530437946 6.83768033981323
-2.95275592803955 0.103633530437946 6.88976383209229
0 1 0
2.95275592803955 0.103633530437946 6.88976383209229
-2.95275592803955 0.103633530437946 6.88976383209229
-2.95275592803955 0.266896337270737 6.88976383209229
0 0 -1
-2.95275592803955 0.266896337270737 6.88976383209229
2.95275592803955 0.266896337270737 6.88976383209229
2.95275592803955 0.103633530437946 6.88976383209229
0 0 -1
-2.95275592803955 -0.225229665637016 6.88976383209229
-2.95275592803955 -0.0637713223695755 6.88976383209229
2.95275592803955 -0.0637713223695755 6.88976383209229
0 0 -1
2.95275592803955 -0.0637713223695755 6.88976383209229
2.95275592803955 -0.225229665637016 6.88976383209229
-2.95275592803955 -0.225229665637016 6.88976383209229
0 0 -1
-2.90067267417908 -0.0637713223695755 6.83768033981323
-2.90067267417908 0.103633530437946 6.83768033981323
2.90067267417908 0.103633530437946 6.83768033981323
0 0 -1
2.90067267417908 0.103633530437946 6.83768033981323
2.90067267417908 -0.0637713223695755 6.83768033981323
-2.90067267417908 -0.0637713223695755 6.83768033981323
0 0 -1
-3.11679792404175 0.266896337270737 0
-2.95275592803955 0.103633530437946 0
-3.11679792404175 -0.225229665637016 0
0 0 -1
-2.95275592803955 0.103633530437946 0
-3.11679792404175 0.266896337270737 0
-2.95275592803955 0.266896337270737 0
0 0 -1
-2.90067267417908 0.103633530437946 0
-2.95275592803955 -0.0637713223695755 0
-2.95275592803955 0.103633530437946 0
0 0 -1
-2.95275592803955 -0.0637713223695755 0
-3.11679792404175 -0.225229665637016 0
-2.95275592803955 0.103633530437946 0
0 0 -1
-3.11679792404175 -0.225229665637016 0
-2.95275592803955 -0.0637713223695755 0
-2.95275592803955 -0.225229665637016 0
0 0 -1
-2.90067267417908 -0.0637713223695755 0
-2.95275592803955 -0.0637713223695755 0
-2.90067267417908 0.103633530437946 0
0 0 -1
-2.95275592803955 0.266896337270737 6.88976383209229
-2.95275592803955 0.103633530437946 6.88976383209229
-2.95275592803955 0.103633530437946 0
1 0 0
-2.95275592803955 0.103633530437946 0
-2.95275592803955 0.266896337270737 0
-2.95275592803955 0.266896337270737 6.88976383209229
1 0 0
-3.11679792404175 0.266896337270737 0
-3.11679792404175 -0.225229665637016 0
-3.11679792404175 -0.225229665637016 7.21784782409668
-1 0 0
-3.11679792404175 -0.225229665637016 7.21784782409668
-3.11679792404175 0.266896337270737 7.21784782409668
-3.11679792404175 0.266896337270737 0
-1 0 0
-2.95275592803955 -0.225229665637016 0
-2.95275592803955 -0.0637713223695755 0
-2.95275592803955 -0.0637713223695755 6.88976383209229
1 0 0
-2.95275592803955 -0.0637713223695755 6.88976383209229
-2.95275592803955 -0.225229665637016 6.88976383209229
-2.95275592803955 -0.225229665637016 0
1 0 0
-2.90067267417908 -0.0637713223695755 0
-2.90067267417908 0.103633530437946 0
-2.90067267417908 0.103633530437946 6.83768033981323
1 0 0
-2.90067267417908 0.103633530437946 6.83768033981323
-2.90067267417908 -0.0637713223695755 6.83768033981323
-2.90067267417908 -0.0637713223695755 0
1 0 0
3.11679792404175 0.266896337270737 7.21784782409668
-3.11679792404175 0.266896337270737 7.21784782409668
-3.11679792404175 -0.225229665637016 7.21784782409668
0 0 1
-3.11679792404175 -0.225229665637016 7.21784782409668
3.11679792404175 -0.225229665637016 7.21784782409668
3.11679792404175 0.266896337270737 7.21784782409668
0 0 1
2.95275592803955 0.119258530437946 6.88976383209229
0.00520833348855376 0.119258530437946 6.88976383209229
2.95275592803955 0.119258530437946 -3.28626015289046E-14
0 -1 0
0.00520833348855376 0.119258530437946 -3.28626015289046E-14
2.95275592803955 0.119258530437946 -3.28626015289046E-14
0.00520833348855376 0.119258530437946 6.88976383209229
0 -1 0
-0.00520833348855376 0.119258530437946 6.88976383209229
-2.95275592803955 0.119258530437946 6.88976383209229
-0.00520833348855376 0.119258530437946 -3.19744231092045E-14
0 -1 0
-2.95275592803955 0.119258530437946 -3.19744231092045E-14
-0.00520833348855376 0.119258530437946 -3.19744231092045E-14
-2.95275592803955 0.119258530437946 6.88976383209229
0 -1 0
2.95275592803955 0.266896337270737 -3.28626015289046E-14
0.00520833348855376 0.266896337270737 -3.28626015289046E-14
0.00520833348855376 0.266896337270737 6.88976383209229
0 1 0
0.00520833348855376 0.266896337270737 6.88976383209229
2.95275592803955 0.266896337270737 6.88976383209229
2.95275592803955 0.266896337270737 -3.28626015289046E-14
0 1 0
-0.00520833348855376 0.266896337270737 -3.28626015289046E-14
-2.95275592803955 0.266896337270737 -3.19744231092045E-14
-0.00520833348855376 0.266896337270737 6.88976383209229
0 1 0
-2.95275592803955 0.266896337270737 6.88976383209229
-0.00520833348855376 0.266896337270737 6.88976383209229
-2.95275592803955 0.266896337270737 -3.19744231092045E-14
0 1 0
0.00520833348855376 0.119258530437946 6.88976383209229
0.00520833348855376 0.266896337270737 6.88976383209229
0.00520833348855376 0.266896337270737 -3.28626015289046E-14
-1 0 4.40619762898106E-18
0.00520833348855376 0.266896337270737 -3.28626015289046E-14
0.00520833348855376 0.119258530437946 -3.28626015289046E-14
0.00520833348855376 0.119258530437946 6.88976383209229
-1 0 4.40619762898106E-18
0.00520833348855376 0.119258530437946 -3.28626015289046E-14
0.00520833348855376 0.266896337270737 -3.28626015289046E-14
2.95275592803955 0.266896337270737 -3.24185123190546E-14
1.50663966899725E-16 0 -1
2.95275592803955 0.266896337270737 -3.24185123190546E-14
2.95275592803955 0.119258530437946 -3.24185123190546E-14
0.00520833348855376 0.119258530437946 -3.28626015289046E-14
1.50663966899725E-16 0 -1
2.95275592803955 0.119258530437946 -3.28626015289046E-14
2.95275592803955 0.266896337270737 -3.28626015289046E-14
2.95275592803955 0.266896337270737 6.88976383209229
1 0 0
2.95275592803955 0.266896337270737 6.88976383209229
2.95275592803955 0.119258530437946 6.88976383209229
2.95275592803955 0.119258530437946 -3.28626015289046E-14
1 0 0
2.95275592803955 0.119258530437946 6.88976383209229
2.95275592803955 0.266896337270737 6.88976383209229
0.00520833348855376 0.266896337270737 6.88976383209229
-3.0132793379945E-16 0 1
0.00520833348855376 0.266896337270737 6.88976383209229
0.00520833348855376 0.119258530437946 6.88976383209229
2.95275592803955 0.119258530437946 6.88976383209229
-3.0132793379945E-16 0 1
-0.00520833348855376 0.119258530437946 -3.19744231092045E-14
-0.00520833348855376 0.266896337270737 -3.28626015289046E-14
-0.00520833348855376 0.266896337270737 6.88976383209229
1 0 1.35962669694273E-17
-0.00520833348855376 0.266896337270737 6.88976383209229
-0.00520833348855376 0.119258530437946 6.88976383209229
-0.00520833348855376 0.119258530437946 -3.19744231092045E-14
1 0 1.35962669694273E-17
-0.00520833348855376 0.119258530437946 6.88976383209229
-0.00520833348855376 0.266896337270737 6.88976383209229
-2.95275592803955 0.266896337270737 6.88976383209229
0 0 1
-2.95275592803955 0.266896337270737 6.88976383209229
-2.95275592803955 0.119258530437946 6.88976383209229
-0.00520833348855376 0.119258530437946 6.88976383209229
0 0 1
-2.95275592803955 0.119258530437946 6.88976383209229
-2.95275592803955 0.266896337270737 6.88976383209229
-2.95275592803955 0.266896337270737 -3.19744231092045E-14
-1 0 0
-2.95275592803955 0.266896337270737 -3.19744231092045E-14
-2.95275592803955 0.119258530437946 -3.19744231092045E-14
-2.95275592803955 0.119258530437946 6.88976383209229
-1 0 0
-2.95275592803955 0.119258530437946 -3.19744231092045E-14
-2.95275592803955 0.266896337270737 -3.19744231092045E-14
-0.00520833348855376 0.266896337270737 -3.24185123190546E-14
-1.50663966899725E-16 0 -1
-0.00520833348855376 0.266896337270737 -3.24185123190546E-14
-0.00520833348855376 0.119258530437946 -3.24185123190546E-14
-2.95275592803955 0.119258530437946 -3.19744231092045E-14
-1.50663966899725E-16 0 -1
[HEADER]
426484,0762 x 2032mm,278
276.956833828683 123.884447816868 0
1
-1.23140540642406E-15 -1 0
1 -1.23140540642406E-15 0
0 0 1
-1.49934387207031 0.410104990005493 6.91601037979126
-1.25 0.410104990005493 6.66666650772095
-1.49934387207031 0.410104990005493 0
-1.86407339295249E-15 1 0
-1.25 0.410104990005493 6.66666650772095
-1.49934387207031 0.410104990005493 6.91601037979126
1.25 0.410104990005493 6.66666650772095
-1.86407339295249E-15 1 0
-1.25 0.410104990005493 0
-1.49934387207031 0.410104990005493 0
-1.25 0.410104990005493 6.66666650772095
-1.86407339295249E-15 1 0
1.25 0.410104990005493 6.66666650772095
1.49934387207031 0.410104990005493 6.91601037979126
1.49934387207031 0.410104990005493 0
-1.86407339295249E-15 1 0
1.49934387207031 0.410104990005493 6.91601037979126
1.25 0.410104990005493 6.66666650772095
-1.49934387207031 0.410104990005493 6.91601037979126
-1.86407339295249E-15 1 0
1.49934387207031 0.410104990005493 0
1.25 0.410104990005493 0
1.25 0.410104990005493 6.66666650772095
-1.86407339295249E-15 1 0
1.49934387207031 0.328083992004395 6.91601037979126
1.25 0.328083992004395 6.66666650772095
1.49934387207031 0.328083992004395 0
1.86407339295249E-15 -1 0
1.25 0.328083992004395 6.66666650772095
1.49934387207031 0.328083992004395 6.91601037979126
-1.25 0.328083992004395 6.66666650772095
1.86407339295249E-15 -1 0
1.25 0.328083992004395 0
1.49934387207031 0.328083992004395 0
1.25 0.328083992004395 6.66666650772095
1.86407339295249E-15 -1 0
-1.25 0.328083992004395 6.66666650772095
-1.49934387207031 0.328083992004395 6.91601037979126
-1.49934387207031 0.328083992004395 0
1.86407339295249E-15 -1 0
-1.49934387207031 0.328083992004395 6.91601037979126
-1.25 0.328083992004395 6.66666650772095
1.49934387207031 0.328083992004395 6.91601037979126
1.86407339295249E-15 -1 0
-1.49934387207031 0.328083992004395 0
-1.25 0.328083992004395 0
-1.25 0.328083992004395 6.66666650772095
1.86407339295249E-15 -1 0
-1.49934387207031 0.410104990005493 6.91601037979126
-1.49934387207031 0.328083992004395 6.91601037979126
1.49934387207031 0.328083992004395 6.91601037979126
0 0 1
1.49934387207031 0.328083992004395 6.91601037979126
1.49934387207031 0.410104990005493 6.91601037979126
-1.49934387207031 0.410104990005493 6.91601037979126
0 0 1
1.49934387207031 0.410104990005493 6.91601037979126
1.49934387207031 0.328083992004395 6.91601037979126
1.49934387207031 0.328083992004395 0
1 2.70716782324658E-15 0
1.49934387207031 0.328083992004395 0
1.49934387207031 0.410104990005493 0
1.49934387207031 0.410104990005493 6.91601037979126
1 2.70716782324658E-15 0
1.49934387207031 0.410104990005493 0
1.49934387207031 0.328083992004395 0
1.25 0.328083992004395 0
0 0 -1
1.25 0.328083992004395 0
1.25 0.410104990005493 0
1.49934387207031 0.410104990005493 0
0 0 -1
1.25 0.410104990005493 0
1.25 0.328083992004395 0
1.25 0.328083992004395 6.66666650772095
-1 -2.70716782324658E-15 0
1.25 0.328083992004395 6.66666650772095
1.25 0.410104990005493 6.66666650772095
1.25 0.410104990005493 0
-1 -2.70716782324658E-15 0
1.25 0.410104990005493 6.66666650772095
1.25 0.328083992004395 6.66666650772095
-1.25 0.328083992004395 6.66666650772095
0 0 -1
-1.25 0.328083992004395 6.66666650772095
-1.25 0.410104990005493 6.66666650772095
1.25 0.410104990005493 6.66666650772095
0 0 -1
-1.25 0.410104990005493 6.66666650772095
-1.25 0.328083992004395 6.66666650772095
-1.25 0.328083992004395 0
1 2.70716782324658E-15 0
-1.25 0.328083992004395 0
-1.25 0.410104990005493 0
-1.25 0.410104990005493 6.66666650772095
1 2.70716782324658E-15 0
-1.25 0.410104990005493 0
-1.25 0.328083992004395 0
-1.49934387207031 0.328083992004395 0
0 0 -1
-1.49934387207031 0.328083992004395 0
-1.49934387207031 0.410104990005493 0
-1.25 0.410104990005493 0
0 0 -1
-1.49934387207031 0.410104990005493 0
-1.49934387207031 0.328083992004395 0
-1.49934387207031 0.328083992004395 6.91601037979126
-1 -2.70716782324658E-15 0
-1.49934387207031 0.328083992004395 6.91601037979126
-1.49934387207031 0.410104990005493 6.91601037979126
-1.49934387207031 0.410104990005493 0
-1 -2.70716782324658E-15 0
1.49934387207031 -0.410104990005493 6.91601037979126
1.25 -0.410104990005493 6.66666650772095
1.49934387207031 -0.410104990005493 0
1.86407339295249E-15 -1 0
1.25 -0.410104990005493 6.66666650772095
1.49934387207031 -0.410104990005493 6.91601037979126
-1.25 -0.410104990005493 6.66666650772095
1.86407339295249E-15 -1 0
1.25 -0.410104990005493 0
1.49934387207031 -0.410104990005493 0
1.25 -0.410104990005493 6.66666650772095
1.86407339295249E-15 -1 0
-1.25 -0.410104990005493 6.66666650772095
-1.49934387207031 -0.410104990005493 6.91601037979126
-1.49934387207031 -0.410104990005493 0
1.86407339295249E-15 -1 0
-1.49934387207031 -0.410104990005493 6.91601037979126
-1.25 -0.410104990005493 6.66666650772095
1.49934387207031 -0.410104990005493 6.91601037979126
1.86407339295249E-15 -1 0
-1.49934387207031 -0.410104990005493 0
-1.25 -0.410104990005493 0
-1.25 -0.410104990005493 6.66666650772095
1.86407339295249E-15 -1 0
-1.49934387207031 -0.328083992004395 6.91601037979126
-1.25 -0.328083992004395 6.66666650772095
-1.49934387207031 -0.328083992004395 0
-1.86407339295249E-15 1 0
-1.25 -0.328083992004395 6.66666650772095
-1.49934387207031 -0.328083992004395 6.91601037979126
1.25 -0.328083992004395 6.66666650772095
-1.86407339295249E-15 1 0
-1.25 -0.328083992004395 0
-1.49934387207031 -0.328083992004395 0
-1.25 -0.328083992004395 6.66666650772095
-1.86407339295249E-15 1 0
1.25 -0.328083992004395 6.66666650772095
1.49934387207031 -0.328083992004395 6.91601037979126
1.49934387207031 -0.328083992004395 0
-1.86407339295249E-15 1 0
1.49934387207031 -0.328083992004395 6.91601037979126
1.25 -0.328083992004395 6.66666650772095
-1.49934387207031 -0.328083992004395 6.91601037979126
-1.86407339295249E-15 1 0
1.49934387207031 -0.328083992004395 0
1.25 -0.328083992004395 0
1.25 -0.328083992004395 6.66666650772095
-1.86407339295249E-15 1 0
1.49934387207031 -0.410104990005493 6.91601037979126
1.49934387207031 -0.328083992004395 6.91601037979126
-1.49934387207031 -0.328083992004395 6.91601037979126
0 0 1
-1.49934387207031 -0.328083992004395 6.91601037979126
-1.49934387207031 -0.410104990005493 6.91601037979126
1.49934387207031 -0.410104990005493 6.91601037979126
0 0 1
-1.49934387207031 -0.410104990005493 6.91601037979126
-1.49934387207031 -0.328083992004395 6.91601037979126
-1.49934387207031 -0.328083992004395 0
-1 -2.70716782324538E-15 0
-1.49934387207031 -0.328083992004395 0
-1.49934387207031 -0.410104990005493 0
-1.49934387207031 -0.410104990005493 6.91601037979126
-1 -2.70716782324538E-15 0
-1.49934387207031 -0.410104990005493 0
-1.49934387207031 -0.328083992004395 0
-1.25 -0.328083992004395 0
0 0 -1
-1.25 -0.328083992004395 0
-1.25 -0.410104990005493 0
-1.49934387207031 -0.410104990005493 0
0 0 -1
-1.25 -0.410104990005493 0
-1.25 -0.328083992004395 0
-1.25 -0.328083992004395 6.66666650772095
1 2.70716782324538E-15 0
-1.25 -0.328083992004395 6.66666650772095
-1.25 -0.410104990005493 6.66666650772095
-1.25 -0.410104990005493 0
1 2.70716782324538E-15 0
-1.25 -0.410104990005493 6.66666650772095
-1.25 -0.328083992004395 6.66666650772095
1.25 -0.328083992004395 6.66666650772095
0 0 -1
1.25 -0.328083992004395 6.66666650772095
1.25 -0.410104990005493 6.66666650772095
-1.25 -0.410104990005493 6.66666650772095
0 0 -1
1.25 -0.410104990005493 6.66666650772095
1.25 -0.328083992004395 6.66666650772095
1.25 -0.328083992004395 0
-1 -2.70716782324538E-15 0
1.25 -0.328083992004395 0
1.25 -0.410104990005493 0
1.25 -0.410104990005493 6.66666650772095
-1 -2.70716782324538E-15 0
1.25 -0.410104990005493 0
1.25 -0.328083992004395 0
1.49934387207031 -0.328083992004395 0
0 0 -1
1.49934387207031 -0.328083992004395 0
1.49934387207031 -0.410104990005493 0
1.25 -0.410104990005493 0
0 0 -1
1.49934387207031 -0.410104990005493 0
1.49934387207031 -0.328083992004395 0
1.49934387207031 -0.328083992004395 6.91601037979126
1 2.70716782324538E-15 0
1.49934387207031 -0.328083992004395 6.91601037979126
1.49934387207031 -0.410104990005493 6.91601037979126
1.49934387207031 -0.410104990005493 0
1 2.70716782324538E-15 0
-1.25 0.160761147737503 6.66666650772095
-1.25 0.160761147737503 0
1.25 0.160761147737503 0
0 -1 0
1.25 0.160761147737503 0
1.25 0.160761147737503 6.66666650772095
-1.25 0.160761147737503 6.66666650772095
0 -1 0
1.25 0.328083992004395 0
-1.25 0.328083992004395 0
-1.25 0.328083992004395 6.66666650772095
0 1 0
-1.25 0.328083992004395 6.66666650772095
1.25 0.328083992004395 6.66666650772095
1.25 0.328083992004395 0
0 1 0
1.25 0.160761147737503 6.66666650772095
1.25 0.328083992004395 6.66666650772095
-1.25 0.328083992004395 6.66666650772095
0 0 1
-1.25 0.328083992004395 6.66666650772095
-1.25 0.160761147737503 6.66666650772095
1.25 0.160761147737503 6.66666650772095
0 0 1
-1.25 0.160761147737503 6.66666650772095
-1.25 0.328083992004395 6.66666650772095
-1.25 0.328083992004395 0
-1 0 0
-1.25 0.328083992004395 0
-1.25 0.160761147737503 0
-1.25 0.160761147737503 6.66666650772095
-1 0 0
-1.25 0.160761147737503 0
-1.25 0.328083992004395 0
1.25 0.328083992004395 0
0 0 -1
1.25 0.328083992004395 0
1.25 0.160761147737503 0
-1.25 0.160761147737503 0
0 0 -1
1.25 0.160761147737503 0
1.25 0.328083992004395 0
1.25 0.328083992004395 6.66666650772095
1 0 0
1.25 0.328083992004395 6.66666650772095
1.25 0.160761147737503 6.66666650772095
1.25 0.160761147737503 0
1 0 0
[HEADER]
426485,M_Door-Passage-Double-Flush-Dbl_Acting 2,214
319.832982122647 109.465156477252 0
1
-2.22269070789924E-15 -1 0
1 -2.22269070789924E-15 0
0 0 1
4.92125988006592 0.266896337270737 1.95470863470841E-35
5.08530187606812 0.266896337270737 0
5.08530187606812 -0.225229665637016 0
-1.19159040439945E-34 2.60148000103134E-51 -1
5.08530187606812 -0.225229665637016 0
4.92125988006592 -0.225229665637016 1.95470863470841E-35
4.92125988006592 0.266896337270737 1.95470863470841E-35
-1.19159040439945E-34 2.60148000103134E-51 -1
4.92125988006592 -0.225229665637016 0
4.92125988006592 -0.225229665637016 7.87401580810547
4.92125988006592 0.266896337270737 7.87401580810547
-1 2.18319985745644E-17 1.12798659301916E-16
4.92125988006592 0.266896337270737 7.87401580810547
4.92125988006592 0.266896337270737 -1.54074395550979E-33
4.92125988006592 -0.225229665637016 0
-1 2.18319985745644E-17 1.12798659301916E-16
-4.92125988006592 0.266896337270737 -1.32348913785703E-23
-5.08530187606812 0.266896337270737 1.76465186826501E-23
-4.92125988006592 0.266896337270737 7.87401580810547
2.18319985745644E-17 1 -7.04991620636974E-18
5.08530187606812 0.266896337270737 8.82326013018593E-24
4.92125988006592 0.266896337270737 1.32348898008484E-23
4.92125988006592 0.266896337270737 7.87401580810547
2.18319985745644E-17 1 -7.04991620636974E-18
-4.92125988006592 0.266896337270737 7.87401580810547
-5.08530187606812 0.266896337270737 8.20209980010986
4.92125988006592 0.266896337270737 7.87401580810547
2.18319985745644E-17 1 -7.04991620636974E-18
-5.08530187606812 0.266896337270737 8.20209980010986
-4.92125988006592 0.266896337270737 7.87401580810547
-5.08530187606812 0.266896337270737 1.76465186826501E-23
2.18319985745644E-17 1 -7.04991620636974E-18
4.92125988006592 0.266896337270737 7.87401580810547
5.08530187606812 0.266896337270737 8.20209980010986
5.08530187606812 0.266896337270737 8.82326013018593E-24
2.18319985745644E-17 1 -7.04991620636974E-18
5.08530187606812 0.266896337270737 8.20209980010986
4.92125988006592 0.266896337270737 7.87401580810547
-5.08530187606812 0.266896337270737 8.20209980010986
2.18319985745644E-17 1 -7.04991620636974E-18
5.08530187606812 0.266896337270737 0
5.08530187606812 0.266896337270737 8.20209980010986
5.08530187606812 -0.225229665637016 8.20209980010986
1 -2.18319985745644E-17 -1.10496645846775E-16
5.08530187606812 -0.225229665637016 8.20209980010986
5.08530187606812 -0.225229665637016 1.15555796663234E-33
5.08530187606812 0.266896337270737 0
1 -2.18319985745644E-17 -1.10496645846775E-16
4.92125988006592 -0.225229665637016 -4.59169663861007E-24
5.08530187606812 -0.225229665637016 1.32348898008484E-23
4.92125988006592 -0.225229665637016 7.87401580810547
-2.18319985745644E-17 -1 6.90604036542342E-18
-5.08530187606812 -0.225229665637016 6.48239349117219E-24
-4.92125988006592 -0.225229665637016 -1.53956886830537E-23
-4.92125988006592 -0.225229665637016 7.87401580810547
-2.18319985745644E-17 -1 6.90604036542342E-18
4.92125988006592 -0.225229665637016 7.87401580810547
5.08530187606812 -0.225229665637016 8.20209980010986
-4.92125988006592 -0.225229665637016 7.87401580810547
-2.18319985745644E-17 -1 6.90604036542342E-18
5.08530187606812 -0.225229665637016 8.20209980010986
4.92125988006592 -0.225229665637016 7.87401580810547
5.08530187606812 -0.225229665637016 1.32348898008484E-23
-2.18319985745644E-17 -1 6.90604036542342E-18
-4.92125988006592 -0.225229665637016 7.87401580810547
-5.08530187606812 -0.225229665637016 8.20209980010986
-5.08530187606812 -0.225229665637016 6.48239349117219E-24
-2.18319985745644E-17 -1 6.90604036542342E-18
-5.08530187606812 -0.225229665637016 8.20209980010986
-4.92125988006592 -0.225229665637016 7.87401580810547
5.08530187606812 -0.225229665637016 8.20209980010986
-2.18319985745644E-17 -1 6.90604036542342E-18
4.92125988006592 -0.225229665637016 7.87401580810547
-4.92125988006592 -0.225229665637016 7.87401580810547
-4.92125988006592 0.266896337270737 7.87401580810547
9.02389274415328E-17 1.09159992872822E-17 -1
-4.92125988006592 0.266896337270737 7.87401580810547
4.92125988006592 0.266896337270737 7.87401580810547
4.92125988006592 -0.225229665637016 7.87401580810547
9.02389274415328E-17 1.09159992872822E-17 -1
-4.92125988006592 0.266896337270737 0
-4.92125988006592 -0.225229665637016 0
-5.08530187606812 -0.225229665637016 0
0 0 -1
-5.08530187606812 -0.225229665637016 0
-5.08530187606812 0.266896337270737 0
-4.92125988006592 0.266896337270737 0
0 0 -1
-4.92125988006592 0.266896337270737 7.87401580810547
-4.92125988006592 -0.225229665637016 7.87401580810547
-4.92125988006592 -0.225229665637016 0
1 0 0
-4.92125988006592 -0.225229665637016 0
-4.92125988006592 0.266896337270737 0
-4.92125988006592 0.266896337270737 7.87401580810547
1 0 0
-5.08530187606812 0.266896337270737 0
-5.08530187606812 -0.225229665637016 0
-5.08530187606812 -0.225229665637016 8.20209980010986
-1 0 0
-5.08530187606812 -0.225229665637016 8.20209980010986
-5.08530187606812 0.266896337270737 8.20209980010986
-5.08530187606812 0.266896337270737 0
-1 0 0
5.08530187606812 0.266896337270737 8.20209980010986
-5.08530187606812 0.266896337270737 8.20209980010986
-5.08530187606812 -0.225229665637016 8.20209980010986
0 0 1
-5.08530187606812 -0.225229665637016 8.20209980010986
5.08530187606812 -0.225229665637016 8.20209980010986
5.08530187606812 0.266896337270737 8.20209980010986
0 0 1
4.92125988006592 0.119258530437946 7.87401580810547
0.00520833348855376 0.119258530437946 7.87401580810547
0.00520833348855376 0.119258530437946 -3.19744231092045E-14
0 -1 0
0.00520833348855376 0.119258530437946 -3.19744231092045E-14
4.92125988006592 0.119258530437946 -3.19744231092045E-14
4.92125988006592 0.119258530437946 7.87401580810547
0 -1 0
-0.00520833348855376 0.119258530437946 7.87401580810547
-4.92125988006592 0.119258530437946 7.87401580810547
-4.92125988006592 0.119258530437946 -3.19744231092045E-14
0 -1 0
-4.92125988006592 0.119258530437946 -3.19744231092045E-14
-0.00520833348855376 0.119258530437946 -3.19744231092045E-14
-0.00520833348855376 0.119258530437946 7.87401580810547
0 -1 0
4.92125988006592 0.266896337270737 -3.19744231092045E-14
0.00520833348855376 0.266896337270737 -3.19744231092045E-14
0.00520833348855376 0.266896337270737 7.87401580810547
0 1 0
0.00520833348855376 0.266896337270737 7.87401580810547
4.92125988006592 0.266896337270737 7.87401580810547
4.92125988006592 0.266896337270737 -3.19744231092045E-14
0 1 0
-0.00520833348855376 0.266896337270737 -3.19744231092045E-14
-4.92125988006592 0.266896337270737 -3.19744231092045E-14
-4.92125988006592 0.266896337270737 7.87401580810547
0 1 0
-4.92125988006592 0.266896337270737 7.87401580810547
-0.00520833348855376 0.266896337270737 7.87401580810547
-0.00520833348855376 0.266896337270737 -3.19744231092045E-14
0 1 0
0.00520833348855376 0.119258530437946 7.87401580810547
0.00520833348855376 0.266896337270737 7.87401580810547
0.00520833348855376 0.266896337270737 -3.19744231092045E-14
-1 0 3.85542292535843E-18
0.00520833348855376 0.266896337270737 -3.19744231092045E-14
0.00520833348855376 0.119258530437946 -3.19744231092045E-14
0.00520833348855376 0.119258530437946 7.87401580810547
-1 0 3.85542292535843E-18
0.00520833348855376 0.119258530437946 -3.19744231092045E-14
0.00520833348855376 0.266896337270737 -3.19744231092045E-14
4.92125988006592 0.266896337270737 -3.24185123190546E-14
-9.03345314873569E-17 0 -1
4.92125988006592 0.266896337270737 -3.24185123190546E-14
4.92125988006592 0.119258530437946 -3.24185123190546E-14
0.00520833348855376 0.119258530437946 -3.19744231092045E-14
-9.03345314873569E-17 0 -1
4.92125988006592 0.119258530437946 -3.19744231092045E-14
4.92125988006592 0.266896337270737 -3.19744231092045E-14
4.92125988006592 0.266896337270737 7.87401580810547
1 0 0
4.92125988006592 0.266896337270737 7.87401580810547
4.92125988006592 0.119258530437946 7.87401580810547
4.92125988006592 0.119258530437946 -3.19744231092045E-14
1 0 0
4.92125988006592 0.119258530437946 7.87401580810547
4.92125988006592 0.266896337270737 7.87401580810547
0.00520833348855376 0.266896337270737 7.87401580810547
0 0 1
0.00520833348855376 0.266896337270737 7.87401580810547
0.00520833348855376 0.119258530437946 7.87401580810547
4.92125988006592 0.119258530437946 7.87401580810547
0 0 1
-0.00520833348855376 0.119258530437946 -3.19744231092045E-14
-0.00520833348855376 0.266896337270737 -3.19744231092045E-14
-0.00520833348855376 0.266896337270737 7.87401580810547
1 0 -4.45025960527088E-17
-0.00520833348855376 0.266896337270737 7.87401580810547
-0.00520833348855376 0.119258530437946 7.87401580810547
-0.00520833348855376 0.119258530437946 -3.19744231092045E-14
1 0 -4.45025960527088E-17
-0.00520833348855376 0.119258530437946 7.87401580810547
-0.00520833348855376 0.266896337270737 7.87401580810547
-4.92125988006592 0.266896337270737 7.87401580810547
0 0 1
-4.92125988006592 0.266896337270737 7.87401580810547
-4.92125988006592 0.119258530437946 7.87401580810547
-0.00520833348855376 0.119258530437946 7.87401580810547
0 0 1
-4.92125988006592 0.119258530437946 7.87401580810547
-4.92125988006592 0.266896337270737 7.87401580810547
-4.92125988006592 0.266896337270737 -3.19744231092045E-14
-1 0 0
-4.92125988006592 0.266896337270737 -3.19744231092045E-14
-4.92125988006592 0.119258530437946 -3.19744231092045E-14
-4.92125988006592 0.119258530437946 7.87401580810547
-1 0 0
-4.92125988006592 0.119258530437946 -3.19744231092045E-14
-4.92125988006592 0.266896337270737 -3.19744231092045E-14
-0.00520833348855376 0.266896337270737 -3.24185123190546E-14
-9.03345314873568E-17 0 -1
-0.00520833348855376 0.266896337270737 -3.24185123190546E-14
-0.00520833348855376 0.119258530437946 -3.24185123190546E-14
-4.92125988006592 0.119258530437946 -3.19744231092045E-14
-9.03345314873568E-17 0 -1
[HEADER]
426486,M_Door-Passage-Double-Flush-Dbl_Acting 3,214
347.154832516339 108.480904508748 0
1
2.22269070789924E-15 1 0
-1 2.22269070789924E-15 0
0 0 1
4.10104990005493 0.184875324368477 0
4.26509189605713 0.184875324368477 0
4.26509189605713 -0.307250648736954 0
0 0 -1
4.26509189605713 -0.307250648736954 0
4.10104990005493 -0.307250648736954 0
4.10104990005493 0.184875324368477 0
0 0 -1
4.10104990005493 -0.307250648736954 0
4.10104990005493 -0.307250648736954 7.21784782409668
4.10104990005493 0.184875324368477 7.21784782409668
-1 0 0
4.10104990005493 0.184875324368477 7.21784782409668
4.10104990005493 0.184875324368477 0
4.10104990005493 -0.307250648736954 0
-1 0 0
-4.10104990005493 0.184875324368477 0
-4.26509189605713 0.184875324368477 1.32348898008484E-23
-4.10104990005493 0.184875324368477 7.21784782409668
0 1 -7.69081767967608E-18
4.26509189605713 0.184875324368477 1.32348898008484E-23
4.10104990005493 0.184875324368477 0
4.10104990005493 0.184875324368477 7.21784782409668
0 1 -7.69081767967608E-18
-4.10104990005493 0.184875324368477 7.21784782409668
-4.26509189605713 0.184875324368477 7.54593181610107
4.10104990005493 0.184875324368477 7.21784782409668
0 1 -7.69081767967608E-18
-4.26509189605713 0.184875324368477 7.54593181610107
-4.10104990005493 0.184875324368477 7.21784782409668
-4.26509189605713 0.184875324368477 1.32348898008484E-23
0 1 -7.69081767967608E-18
4.10104990005493 0.184875324368477 7.21784782409668
4.26509189605713 0.184875324368477 7.54593181610107
4.26509189605713 0.184875324368477 1.32348898008484E-23
0 1 -7.69081767967608E-18
4.26509189605713 0.184875324368477 7.54593181610107
4.10104990005493 0.184875324368477 7.21784782409668
-4.26509189605713 0.184875324368477 7.54593181610107
0 1 -7.69081767967608E-18
4.26509189605713 0.184875324368477 0
4.26509189605713 0.184875324368477 7.54593181610107
4.26509189605713 -0.307250648736954 7.54593181610107
1 0 1.20318569922044E-16
4.26509189605713 -0.307250648736954 7.54593181610107
4.26509189605713 -0.307250648736954 0
4.26509189605713 0.184875324368477 0
1 0 1.20318569922044E-16
4.10104990005493 -0.307250648736954 1.20584552220051E-23
4.26509189605713 -0.307250648736954 1.32348898008484E-23
4.10104990005493 -0.307250648736954 7.21784782409668
0 -1 0
-4.26509189605713 -0.307250648736954 1.82347391275153E-23
-4.10104990005493 -0.307250648736954 3.26460619294853E-23
-4.10104990005493 -0.307250648736954 7.21784782409668
0 -1 0
4.10104990005493 -0.307250648736954 7.21784782409668
4.26509189605713 -0.307250648736954 7.54593181610107
-4.10104990005493 -0.307250648736954 7.21784782409668
0 -1 0
4.26509189605713 -0.307250648736954 7.54593181610107
4.10104990005493 -0.307250648736954 7.21784782409668
4.26509189605713 -0.307250648736954 1.32348898008484E-23
0 -1 0
-4.10104990005493 -0.307250648736954 7.21784782409668
-4.26509189605713 -0.307250648736954 7.54593181610107
-4.26509189605713 -0.307250648736954 1.82347391275153E-23
0 -1 0
-4.26509189605713 -0.307250648736954 7.54593181610107
-4.10104990005493 -0.307250648736954 7.21784782409668
4.26509189605713 -0.307250648736954 7.54593181610107
0 -1 0
4.10104990005493 -0.307250648736954 7.21784782409668
-4.10104990005493 -0.307250648736954 7.21784782409668
-4.10104990005493 0.184875324368477 7.21784782409668
0 0 -1
-4.10104990005493 0.184875324368477 7.21784782409668
4.10104990005493 0.184875324368477 7.21784782409668
4.10104990005493 -0.307250648736954 7.21784782409668
0 0 -1
-4.10104990005493 0.184875324368477 0
-4.10104990005493 -0.307250648736954 0
-4.26509189605713 -0.307250648736954 0
0 0 -1
-4.26509189605713 -0.307250648736954 0
-4.26509189605713 0.184875324368477 0
-4.10104990005493 0.184875324368477 0
0 0 -1
-4.10104990005493 0.184875324368477 7.21784782409668
-4.10104990005493 -0.307250648736954 7.21784782409668
-4.10104990005493 -0.307250648736954 0
1 0 0
-4.10104990005493 -0.307250648736954 0
-4.10104990005493 0.184875324368477 0
-4.10104990005493 0.184875324368477 7.21784782409668
1 0 0
-4.26509189605713 0.184875324368477 0
-4.26509189605713 -0.307250648736954 0
-4.26509189605713 -0.307250648736954 7.54593181610107
-1 0 0
-4.26509189605713 -0.307250648736954 7.54593181610107
-4.26509189605713 0.184875324368477 7.54593181610107
-4.26509189605713 0.184875324368477 0
-1 0 0
4.26509189605713 0.184875324368477 7.54593181610107
-4.26509189605713 0.184875324368477 7.54593181610107
-4.26509189605713 -0.307250648736954 7.54593181610107
0 0 1
-4.26509189605713 -0.307250648736954 7.54593181610107
4.26509189605713 -0.307250648736954 7.54593181610107
4.26509189605713 0.184875324368477 7.54593181610107
0 0 1
4.10104990005493 0.0372375324368477 7.21784782409668
0.00520833348855376 0.0372375324368477 7.21784782409668
4.10104990005493 0.0372375324368477 -3.19744231092045E-14
0 -1 0
0.00520833348855376 0.0372375324368477 -3.19744231092045E-14
4.10104990005493 0.0372375324368477 -3.19744231092045E-14
0.00520833348855376 0.0372375324368477 7.21784782409668
0 -1 0
-0.00520833348855376 0.0372375324368477 7.21784782409668
-4.10104990005493 0.0372375324368477 7.21784782409668
-0.00520833348855376 0.0372375324368477 -3.19744231092045E-14
0 -1 0
-4.10104990005493 0.0372375324368477 -3.19744231092045E-14
-0.00520833348855376 0.0372375324368477 -3.19744231092045E-14
-4.10104990005493 0.0372375324368477 7.21784782409668
0 -1 0
4.10104990005493 0.184875324368477 -3.19744231092045E-14
0.00520833348855376 0.184875324368477 -3.19744231092045E-14
4.10104990005493 0.184875324368477 7.21784782409668
0 1 0
0.00520833348855376 0.184875324368477 7.21784782409668
4.10104990005493 0.184875324368477 7.21784782409668
0.00520833348855376 0.184875324368477 -3.19744231092045E-14
0 1 0
-0.00520833348855376 0.184875324368477 -3.19744231092045E-14
-4.10104990005493 0.184875324368477 -3.19744231092045E-14
-0.00520833348855376 0.184875324368477 7.21784782409668
0 1 0
-4.10104990005493 0.184875324368477 7.21784782409668
-0.00520833348855376 0.184875324368477 7.21784782409668
-4.10104990005493 0.184875324368477 -3.19744231092045E-14
0 1 0
0.00520833348855376 0.0372375324368477 7.21784782409668
0.00520833348855376 0.184875324368477 7.21784782409668
0.00520833348855376 0.184875324368477 -3.19744231092045E-14
-1 0 4.20591591857284E-18
0.00520833348855376 0.184875324368477 -3.19744231092045E-14
0.00520833348855376 0.0372375324368477 -3.19744231092045E-14
0.00520833348855376 0.0372375324368477 7.21784782409668
-1 0 4.20591591857284E-18
0.00520833348855376 0.0372375324368477 -3.19744231092045E-14
0.00520833348855376 0.184875324368477 -3.19744231092045E-14
4.10104990005493 0.184875324368477 -3.24185123190546E-14
-1.08424411932994E-16 0 -1
4.10104990005493 0.184875324368477 -3.24185123190546E-14
4.10104990005493 0.0372375324368477 -3.24185123190546E-14
0.00520833348855376 0.0372375324368477 -3.19744231092045E-14
-1.08424411932994E-16 0 -1
4.10104990005493 0.0372375324368477 -3.19744231092045E-14
4.10104990005493 0.184875324368477 -3.19744231092045E-14
4.10104990005493 0.184875324368477 7.21784782409668
1 0 0
4.10104990005493 0.184875324368477 7.21784782409668
4.10104990005493 0.0372375324368477 7.21784782409668
4.10104990005493 0.0372375324368477 -3.19744231092045E-14
1 0 0
4.10104990005493 0.0372375324368477 7.21784782409668
4.10104990005493 0.184875324368477 7.21784782409668
0.00520833348855376 0.184875324368477 7.21784782409668
0 0 1
0.00520833348855376 0.184875324368477 7.21784782409668
0.00520833348855376 0.0372375324368477 7.21784782409668
4.10104990005493 0.0372375324368477 7.21784782409668
0 0 1
-0.00520833348855376 0.0372375324368477 -3.19744231092045E-14
-0.00520833348855376 0.184875324368477 -3.19744231092045E-14
-0.00520833348855376 0.184875324368477 7.21784782409668
1 0 -4.8548286602955E-17
-0.00520833348855376 0.184875324368477 7.21784782409668
-0.00520833348855376 0.0372375324368477 7.21784782409668
-0.00520833348855376 0.0372375324368477 -3.19744231092045E-14
1 0 -4.8548286602955E-17
-0.00520833348855376 0.0372375324368477 7.21784782409668
-0.00520833348855376 0.184875324368477 7.21784782409668
-4.10104990005493 0.184875324368477 7.21784782409668
0 0 1
-4.10104990005493 0.184875324368477 7.21784782409668
-4.10104990005493 0.0372375324368477 7.21784782409668
-0.00520833348855376 0.0372375324368477 7.21784782409668
0 0 1
-4.10104990005493 0.0372375324368477 7.21784782409668
-4.10104990005493 0.184875324368477 7.21784782409668
-4.10104990005493 0.184875324368477 -3.19744231092045E-14
-1 0 0
-4.10104990005493 0.184875324368477 -3.19744231092045E-14
-4.10104990005493 0.0372375324368477 -3.19744231092045E-14
-4.10104990005493 0.0372375324368477 7.21784782409668
-1 0 0
-4.10104990005493 0.0372375324368477 -3.19744231092045E-14
-4.10104990005493 0.184875324368477 -3.19744231092045E-14
-0.00520833348855376 0.184875324368477 -3.24185123190546E-14
-1.08424411932994E-16 0 -1
-0.00520833348855376 0.184875324368477 -3.24185123190546E-14
-0.00520833348855376 0.0372375324368477 -3.24185123190546E-14
-4.10104990005493 0.0372375324368477 -3.19744231092045E-14
-1.08424411932994E-16 0 -1
[HEADER]
426487,M_Door-Passage-Single-Two_Lite,550
344.361689471723 128.498457003219 0
1
-1 3.18524774704407E-15 0
-3.18524774704407E-15 -1 0
0 0 1
1.64041996002197 -0.225229665637016 1.77635683940025E-15
1.47637796401978 0.103633530437946 1.77635683940025E-15
1.64041996002197 0.266896337270737 1.77635683940025E-15
0 0 -1
1.47637796401978 0.266896337270737 1.77635683940025E-15
1.64041996002197 0.266896337270737 1.77635683940025E-15
1.47637796401978 0.103633530437946 1.77635683940025E-15
0 0 -1
1.47637796401978 0.103633530437946 1.77635683940025E-15
1.47637796401978 -0.0637713223695755 1.77635683940025E-15
1.42429459095001 0.103633530437946 1.77635683940025E-15
0 0 -1
1.47637796401978 0.103633530437946 1.77635683940025E-15
1.64041996002197 -0.225229665637016 1.77635683940025E-15
1.47637796401978 -0.0637713223695755 1.77635683940025E-15
0 0 -1
1.47637796401978 -0.225229665637016 1.77635683940025E-15
1.47637796401978 -0.0637713223695755 1.77635683940025E-15
1.64041996002197 -0.225229665637016 1.77635683940025E-15
0 0 -1
1.42429459095001 0.103633530437946 1.77635683940025E-15
1.47637796401978 -0.0637713223695755 1.77635683940025E-15
1.42429459095001 -0.0637713223695755 1.77635683940025E-15
0 0 -1
1.47637796401978 0.103633530437946 0
1.47637796401978 0.103633530437946 6.88976383209229
1.47637796401978 0.266896337270737 6.88976383209229
-1 0 0
1.47637796401978 0.266896337270737 6.88976383209229
1.47637796401978 0.266896337270737 0
1.47637796401978 0.103633530437946 0
-1 0 0
-1.47637796401978 0.266896337270737 1.32348898008484E-23
-1.64041996002197 0.266896337270737 1.32348898008484E-23
-1.47637796401978 0.266896337270737 6.88976383209229
0 1 0
1.64041996002197 0.266896337270737 0
1.47637796401978 0.266896337270737 1.32348898008484E-23
1.47637796401978 0.266896337270737 6.88976383209229
0 1 0
-1.47637796401978 0.266896337270737 6.88976383209229
-1.64041996002197 0.266896337270737 7.21784782409668
1.47637796401978 0.266896337270737 6.88976383209229
0 1 0
-1.64041996002197 0.266896337270737 7.21784782409668
-1.47637796401978 0.266896337270737 6.88976383209229
-1.64041996002197 0.266896337270737 1.32348898008484E-23
0 1 0
1.47637796401978 0.266896337270737 6.88976383209229
1.64041996002197 0.266896337270737 7.21784782409668
1.64041996002197 0.266896337270737 0
0 1 0
1.64041996002197 0.266896337270737 7.21784782409668
1.47637796401978 0.266896337270737 6.88976383209229
-1.64041996002197 0.266896337270737 7.21784782409668
0 1 0
1.64041996002197 0.266896337270737 0
1.64041996002197 0.266896337270737 7.21784782409668
1.64041996002197 -0.225229665637016 7.21784782409668
1 0 3.14786956191393E-17
1.64041996002197 -0.225229665637016 7.21784782409668
1.64041996002197 -0.225229665637016 0
1.64041996002197 0.266896337270737 0
1 0 3.14786956191393E-17
1.47637796401978 -0.225229665637016 2.46230507005482E-24
1.64041996002197 -0.225229665637016 1.32348898008484E-23
1.47637796401978 -0.225229665637016 6.88976383209229
0 -1 7.86967390478482E-18
-1.64041996002197 -0.225229665637016 -3.693457407867E-24
-1.47637796401978 -0.225229665637016 -6.15576247792181E-24
-1.47637796401978 -0.225229665637016 6.88976383209229
0 -1 7.86967390478482E-18
1.47637796401978 -0.225229665637016 6.88976383209229
1.64041996002197 -0.225229665637016 7.21784782409668
-1.47637796401978 -0.225229665637016 6.88976383209229
0 -1 7.86967390478482E-18
1.64041996002197 -0.225229665637016 7.21784782409668
1.47637796401978 -0.225229665637016 6.88976383209229
1.64041996002197 -0.225229665637016 1.32348898008484E-23
0 -1 7.86967390478482E-18
-1.47637796401978 -0.225229665637016 6.88976383209229
-1.64041996002197 -0.225229665637016 7.21784782409668
-1.64041996002197 -0.225229665637016 -3.693457407867E-24
0 -1 7.86967390478482E-18
-1.64041996002197 -0.225229665637016 7.21784782409668
-1.47637796401978 -0.225229665637016 6.88976383209229
1.64041996002197 -0.225229665637016 7.21784782409668
0 -1 7.86967390478482E-18
1.47637796401978 -0.225229665637016 0
1.47637796401978 -0.225229665637016 6.88976383209229
1.47637796401978 -0.0637713223695755 6.88976383209229
-1 0 0
1.47637796401978 -0.0637713223695755 6.88976383209229
1.47637796401978 -0.0637713223695755 0
1.47637796401978 -0.225229665637016 0
-1 0 0
1.42429459095001 -0.0637713223695755 0
1.47637796401978 -0.0637713223695755 0
1.42429459095001 -0.0637713223695755 6.83768033981323
0 -1 4.02852354649699E-18
-1.47637796401978 -0.0637713223695755 1.32348898008484E-23
-1.42429459095001 -0.0637713223695755 -1.32348898008484E-23
-1.42429459095001 -0.0637713223695755 6.83768033981323
0 -1 4.02852354649699E-18
1.42429459095001 -0.0637713223695755 6.83768033981323
1.47637796401978 -0.0637713223695755 6.88976383209229
-1.42429459095001 -0.0637713223695755 6.83768033981323
0 -1 4.02852354649699E-18
1.47637796401978 -0.0637713223695755 6.88976383209229
1.42429459095001 -0.0637713223695755 6.83768033981323
1.47637796401978 -0.0637713223695755 0
0 -1 4.02852354649699E-18
-1.42429459095001 -0.0637713223695755 6.83768033981323
-1.47637796401978 -0.0637713223695755 6.88976383209229
-1.47637796401978 -0.0637713223695755 1.32348898008484E-23
0 -1 4.02852354649699E-18
-1.47637796401978 -0.0637713223695755 6.88976383209229
-1.42429459095001 -0.0637713223695755 6.83768033981323
1.47637796401978 -0.0637713223695755 6.88976383209229
0 -1 4.02852354649699E-18
1.42429459095001 -0.0637713223695755 0
1.42429459095001 -0.0637713223695755 6.83768033981323
1.42429459095001 0.103633530437946 6.83768033981323
-1 0 0
1.42429459095001 0.103633530437946 6.83768033981323
1.42429459095001 0.103633530437946 0
1.42429459095001 -0.0637713223695755 0
-1 0 0
-1.42429459095001 0.103633530437946 0
-1.47637796401978 0.103633530437946 0
-1.42429459095001 0.103633530437946 6.83768033981323
0 1 0
1.47637796401978 0.103633530437946 0
1.42429459095001 0.103633530437946 -1.32348898008484E-23
1.42429459095001 0.103633530437946 6.83768033981323
0 1 0
-1.42429459095001 0.103633530437946 6.83768033981323
-1.47637796401978 0.103633530437946 6.88976383209229
1.42429459095001 0.103633530437946 6.83768033981323
0 1 0
-1.47637796401978 0.103633530437946 6.88976383209229
-1.42429459095001 0.103633530437946 6.83768033981323
-1.47637796401978 0.103633530437946 0
0 1 0
1.42429459095001 0.103633530437946 6.83768033981323
1.47637796401978 0.103633530437946 6.88976383209229
1.47637796401978 0.103633530437946 0
0 1 0
1.47637796401978 0.103633530437946 6.88976383209229
1.42429459095001 0.103633530437946 6.83768033981323
-1.47637796401978 0.103633530437946 6.88976383209229
0 1 0
1.47637796401978 0.103633530437946 6.88976383209229
-1.47637796401978 0.103633530437946 6.88976383209229
-1.47637796401978 0.266896337270737 6.88976383209229
0 0 -1
-1.47637796401978 0.266896337270737 6.88976383209229
1.47637796401978 0.266896337270737 6.88976383209229
1.47637796401978 0.103633530437946 6.88976383209229
0 0 -1
-1.47637796401978 -0.225229665637016 6.88976383209229
-1.47637796401978 -0.0637713223695755 6.88976383209229
1.47637796401978 -0.0637713223695755 6.88976383209229
0 0 -1
1.47637796401978 -0.0637713223695755 6.88976383209229
1.47637796401978 -0.225229665637016 6.88976383209229
-1.47637796401978 -0.225229665637016 6.88976383209229
0 0 -1
-1.42429459095001 -0.0637713223695755 6.83768033981323
-1.42429459095001 0.103633530437946 6.83768033981323
1.42429459095001 0.103633530437946 6.83768033981323
0 0 -1
1.42429459095001 0.103633530437946 6.83768033981323
1.42429459095001 -0.0637713223695755 6.83768033981323
-1.42429459095001 -0.0637713223695755 6.83768033981323
0 0 -1
-1.64041996002197 0.266896337270737 0
-1.47637796401978 0.103633530437946 0
-1.64041996002197 -0.225229665637016 0
0 0 -1
-1.47637796401978 0.103633530437946 0
-1.64041996002197 0.266896337270737 0
-1.47637796401978 0.266896337270737 0
0 0 -1
-1.42429459095001 0.103633530437946 0
-1.47637796401978 -0.0637713223695755 0
-1.47637796401978 0.103633530437946 0
0 0 -1
-1.47637796401978 -0.0637713223695755 0
-1.64041996002197 -0.225229665637016 0
-1.47637796401978 0.103633530437946 0
0 0 -1
-1.64041996002197 -0.225229665637016 0
-1.47637796401978 -0.0637713223695755 0
-1.47637796401978 -0.225229665637016 0
0 0 -1
-1.42429459095001 -0.0637713223695755 0
-1.47637796401978 -0.0637713223695755 0
-1.42429459095001 0.103633530437946 0
0 0 -1
-1.47637796401978 0.266896337270737 6.88976383209229
-1.47637796401978 0.103633530437946 6.88976383209229
-1.47637796401978 0.103633530437946 0
1 0 -3.22281883719759E-17
-1.47637796401978 0.103633530437946 0
-1.47637796401978 0.266896337270737 0
-1.47637796401978 0.266896337270737 6.88976383209229
1 0 -3.22281883719759E-17
-1.64041996002197 0.266896337270737 0
-1.64041996002197 -0.225229665637016 0
-1.64041996002197 -0.225229665637016 7.21784782409668
-1 0 -3.14786956191393E-17
-1.64041996002197 -0.225229665637016 7.21784782409668
-1.64041996002197 0.266896337270737 7.21784782409668
-1.64041996002197 0.266896337270737 0
-1 0 -3.14786956191393E-17
-1.47637796401978 -0.225229665637016 0
-1.47637796401978 -0.0637713223695755 0
-1.47637796401978 -0.0637713223695755 6.88976383209229
1 0 -3.22281883719759E-17
-1.47637796401978 -0.0637713223695755 6.88976383209229
-1.47637796401978 -0.225229665637016 6.88976383209229
-1.47637796401978 -0.225229665637016 0
1 0 -3.22281883719759E-17
-1.42429459095001 -0.0637713223695755 0
-1.42429459095001 0.103633530437946 0
-1.42429459095001 0.103633530437946 6.83768033981323
1 0 -3.24736738828763E-17
-1.42429459095001 0.103633530437946 6.83768033981323
-1.42429459095001 -0.0637713223695755 6.83768033981323
-1.42429459095001 -0.0637713223695755 0
1 0 -3.24736738828763E-17
1.64041996002197 0.266896337270737 7.21784782409668
-1.64041996002197 0.266896337270737 7.21784782409668
-1.64041996002197 -0.225229665637016 7.21784782409668
0 0 1
-1.64041996002197 -0.225229665637016 7.21784782409668
1.64041996002197 -0.225229665637016 7.21784782409668
1.64041996002197 0.266896337270737 7.21784782409668
0 0 1
-1.47637796401978 0.119258530437946 6.88976383209229
-0.976377964019775 0.119258530437946 3.59333992004395
-0.976377964019775 0.119258530437946 6.38976383209229
0 -1 0
-0.976377964019775 0.119258530437946 3.59333992004395
-1.47637796401978 0.119258530437946 6.88976383209229
-1.47637796401978 0.119258530437946 -3.19744231092045E-14
0 -1 0
-1.47637796401978 0.119258530437946 6.88976383209229
-0.976377964019775 0.119258530437946 6.38976383209229
0.976377964019775 0.119258530437946 6.38976383209229
0 -1 0
1.47637796401978 0.119258530437946 6.88976383209229
0.976377964019775 0.119258530437946 6.38976383209229
0.976377964019775 0.119258530437946 3.59333992004395
0 -1 0
0.976377964019775 0.119258530437946 6.38976383209229
1.47637796401978 0.119258530437946 6.88976383209229
-1.47637796401978 0.119258530437946 6.88976383209229
0 -1 0
1.47637796401978 0.119258530437946 6.88976383209229
0.976377964019775 0.119258530437946 3.59333992004395
1.47637796401978 0.119258530437946 -3.19744231092045E-14
0 -1 0
-0.976377964019775 0.119258530437946 3.59333992004395
0.976377964019775 0.119258530437946 2.96833992004395
0.976377964019775 0.119258530437946 3.59333992004395
0 -1 0
-0.976377964019775 0.119258530437946 2.96833992004395
-1.47637796401978 0.119258530437946 -3.19744231092045E-14
-0.976377964019775 0.119258530437946 0.833333313465118
0 -1 0
-1.47637796401978 0.119258530437946 -3.19744231092045E-14
-0.976377964019775 0.119258530437946 2.96833992004395
-0.976377964019775 0.119258530437946 3.59333992004395
0 -1 0
-0.976377964019775 0.119258530437946 0.833333313465118
-1.47637796401978 0.119258530437946 -3.19744231092045E-14
0.976377964019775 0.119258530437946 0.833333313465118
0 -1 0
0.976377964019775 0.119258530437946 2.96833992004395
0.976377964019775 0.119258530437946 0.833333313465118
1.47637796401978 0.119258530437946 -3.19744231092045E-14
0 -1 0
1.47637796401978 0.119258530437946 -3.19744231092045E-14
0.976377964019775 0.119258530437946 0.833333313465118
-1.47637796401978 0.119258530437946 -3.19744231092045E-14
0 -1 0
0.976377964019775 0.119258530437946 2.96833992004395
1.47637796401978 0.119258530437946 -3.19744231092045E-14
0.976377964019775 0.119258530437946 3.59333992004395
0 -1 0
-0.976377964019775 0.119258530437946 2.96833992004395
0.976377964019775 0.119258530437946 2.96833992004395
-0.976377964019775 0.119258530437946 3.59333992004395
0 -1 0
-1.47637796401978 0.266896337270737 -3.19744231092045E-14
-0.976377964019775 0.266896337270737 2.96833992004395
-0.976377964019775 0.266896337270737 0.833333313465118
0 1 0
-0.976377964019775 0.266896337270737 2.96833992004395
-1.47637796401978 0.266896337270737 -3.19744231092045E-14
-0.976377964019775 0.266896337270737 3.59333992004395
0 1 0
-1.47637796401978 0.266896337270737 -3.19744231092045E-14
-0.976377964019775 0.266896337270737 0.833333313465118
0.976377964019775 0.266896337270737 0.833333313465118
0 1 0
1.47637796401978 0.266896337270737 -3.19744231092045E-14
0.976377964019775 0.266896337270737 0.833333313465118
0.976377964019775 0.266896337270737 2.96833992004395
0 1 0
0.976377964019775 0.266896337270737 0.833333313465118
1.47637796401978 0.266896337270737 -3.19744231092045E-14
-1.47637796401978 0.266896337270737 -3.19744231092045E-14
0 1 0
1.47637796401978 0.266896337270737 -3.19744231092045E-14
0.976377964019775 0.266896337270737 2.96833992004395
0.976377964019775 0.266896337270737 3.59333992004395
0 1 0
-0.976377964019775 0.266896337270737 2.96833992004395
-0.976377964019775 0.266896337270737 3.59333992004395
0.976377964019775 0.266896337270737 2.96833992004395
0 1 0
-0.976377964019775 0.266896337270737 3.59333992004395
-1.47637796401978 0.266896337270737 6.88976383209229
-0.976377964019775 0.266896337270737 6.38976383209229
0 1 0
-1.47637796401978 0.266896337270737 6.88976383209229
-0.976377964019775 0.266896337270737 3.59333992004395
-1.47637796401978 0.266896337270737 -3.19744231092045E-14
0 1 0
-0.976377964019775 0.266896337270737 6.38976383209229
-1.47637796401978 0.266896337270737 6.88976383209229
0.976377964019775 0.266896337270737 6.38976383209229
0 1 0
0.976377964019775 0.266896337270737 3.59333992004395
0.976377964019775 0.266896337270737 6.38976383209229
1.47637796401978 0.266896337270737 6.88976383209229
0 1 0
1.47637796401978 0.266896337270737 6.88976383209229
0.976377964019775 0.266896337270737 6.38976383209229
-1.47637796401978 0.266896337270737 6.88976383209229
0 1 0
0.976377964019775 0.266896337270737 3.59333992004395
1.47637796401978 0.266896337270737 6.88976383209229
1.47637796401978 0.266896337270737 -3.19744231092045E-14
0 1 0
-0.976377964019775 0.266896337270737 3.59333992004395
0.976377964019775 0.266896337270737 3.59333992004395
0.976377964019775 0.266896337270737 2.96833992004395
0 1 0
-1.47637796401978 0.119258530437946 6.88976383209229
-1.47637796401978 0.266896337270737 6.88976383209229
-1.47637796401978 0.266896337270737 -3.19744231092045E-14
-1 0 0
-1.47637796401978 0.266896337270737 -3.19744231092045E-14
-1.47637796401978 0.119258530437946 -3.19744231092045E-14
-1.47637796401978 0.119258530437946 6.88976383209229
-1 0 0
-1.47637796401978 0.119258530437946 -3.19744231092045E-14
-1.47637796401978 0.266896337270737 -3.19744231092045E-14
1.47637796401978 0.266896337270737 -3.24185123190546E-14
-1.50398212402555E-16 0 -1
1.47637796401978 0.266896337270737 -3.24185123190546E-14
1.47637796401978 0.119258530437946 -3.24185123190546E-14
-1.47637796401978 0.119258530437946 -3.19744231092045E-14
-1.50398212402555E-16 0 -1
1.47637796401978 0.119258530437946 -3.19744231092045E-14
1.47637796401978 0.266896337270737 -3.19744231092045E-14
1.47637796401978 0.266896337270737 6.88976383209229
1 0 0
1.47637796401978 0.266896337270737 6.88976383209229
1.47637796401978 0.119258530437946 6.88976383209229
1.47637796401978 0.119258530437946 -3.19744231092045E-14
1 0 0
1.47637796401978 0.119258530437946 6.88976383209229
1.47637796401978 0.266896337270737 6.88976383209229
-1.47637796401978 0.266896337270737 6.88976383209229
0 0 1
-1.47637796401978 0.266896337270737 6.88976383209229
-1.47637796401978 0.119258530437946 6.88976383209229
1.47637796401978 0.119258530437946 6.88976383209229
0 0 1
-0.976377964019775 0.119258530437946 6.38976383209229
-0.976377964019775 0.266896337270737 6.38976383209229
0.976377964019775 0.266896337270737 6.38976383209229
0 0 -1
0.976377964019775 0.266896337270737 6.38976383209229
0.976377964019775 0.119258530437946 6.38976383209229
-0.976377964019775 0.119258530437946 6.38976383209229
0 0 -1
0.976377964019775 0.119258530437946 6.38976383209229
0.976377964019775 0.266896337270737 6.38976383209229
0.976377964019775 0.266896337270737 3.59333992004395
-1 0 0
0.976377964019775 0.266896337270737 3.59333992004395
0.976377964019775 0.119258530437946 3.59333992004395
0.976377964019775 0.119258530437946 6.38976383209229
-1 0 0
0.976377964019775 0.119258530437946 3.59333992004395
0.976377964019775 0.266896337270737 3.59333992004395
-0.976377964019775 0.266896337270737 3.59333992004395
0 0 1
-0.976377964019775 0.266896337270737 3.59333992004395
-0.976377964019775 0.119258530437946 3.59333992004395
0.976377964019775 0.119258530437946 3.59333992004395
0 0 1
-0.976377964019775 0.119258530437946 3.59333992004395
-0.976377964019775 0.266896337270737 3.59333992004395
-0.976377964019775 0.266896337270737 6.38976383209229
1 0 0
-0.976377964019775 0.266896337270737 6.38976383209229
-0.976377964019775 0.119258530437946 6.38976383209229
-0.976377964019775 0.119258530437946 3.59333992004395
1 0 0
-0.976377964019775 0.119258530437946 2.96833992004395
-0.976377964019775 0.266896337270737 2.96833992004395
0.976377964019775 0.266896337270737 2.96833992004395
0 0 -1
0.976377964019775 0.266896337270737 2.96833992004395
0.976377964019775 0.119258530437946 2.96833992004395
-0.976377964019775 0.119258530437946 2.96833992004395
0 0 -1
0.976377964019775 0.119258530437946 2.96833992004395
0.976377964019775 0.266896337270737 2.96833992004395
0.976377964019775 0.266896337270737 0.833333313465118
-1 0 0
0.976377964019775 0.266896337270737 0.833333313465118
0.976377964019775 0.119258530437946 0.833333313465118
0.976377964019775 0.119258530437946 2.96833992004395
-1 0 0
0.976377964019775 0.119258530437946 0.833333313465118
0.976377964019775 0.266896337270737 0.833333313465118
-0.976377964019775 0.266896337270737 0.833333313465118
0 0 1
-0.976377964019775 0.266896337270737 0.833333313465118
-0.976377964019775 0.119258530437946 0.833333313465118
0.976377964019775 0.119258530437946 0.833333313465118
0 0 1
-0.976377964019775 0.119258530437946 0.833333313465118
-0.976377964019775 0.266896337270737 0.833333313465118
-0.976377964019775 0.266896337270737 2.96833992004395
1 0 0
-0.976377964019775 0.266896337270737 2.96833992004395
-0.976377964019775 0.119258530437946 2.96833992004395
-0.976377964019775 0.119258530437946 0.833333313465118
1 0 0
0.976377964019775 0.184875324368477 6.38976383209229
-0.976377964019775 0.184875324368477 6.38976383209229
-0.976377964019775 0.184875324368477 3.59333992004395
-3.22945807855174E-15 -1 0
-0.976377964019775 0.184875324368477 3.59333992004395
0.976377964019775 0.184875324368477 3.59333992004395
0.976377964019775 0.184875324368477 6.38976383209229
-3.22945807855174E-15 -1 0
0.976377964019775 0.184875324368477 2.96833992004395
-0.976377964019775 0.184875324368477 2.96833992004395
-0.976377964019775 0.184875324368477 0.833333313465118
-3.22945807855174E-15 -1 0
-0.976377964019775 0.184875324368477 0.833333313465118
0.976377964019775 0.184875324368477 0.833333313465118
0.976377964019775 0.184875324368477 2.96833992004395
-3.22945807855174E-15 -1 0
0.976377964019775 0.201279520988464 3.59333992004395
-0.976377964019775 0.201279520988464 3.59333992004395
-0.976377964019775 0.201279520988464 6.38976383209229
3.22945807855174E-15 1 0
-0.976377964019775 0.201279520988464 6.38976383209229
0.976377964019775 0.201279520988464 6.38976383209229
0.976377964019775 0.201279520988464 3.59333992004395
3.22945807855174E-15 1 0
0.976377964019775 0.201279520988464 0.833333313465118
-0.976377964019775 0.201279520988464 0.833333313465118
-0.976377964019775 0.201279520988464 2.96833992004395
3.22945807855174E-15 1 0
-0.976377964019775 0.201279520988464 2.96833992004395
0.976377964019775 0.201279520988464 2.96833992004395
0.976377964019775 0.201279520988464 0.833333313465118
3.22945807855174E-15 1 0
-0.976377964019775 0.184875324368477 6.38976383209229
-0.976377964019775 0.201279520988464 6.38976383209229
-0.976377964019775 0.201279520988464 3.59333992004395
-1 0 0
-0.976377964019775 0.201279520988464 3.59333992004395
-0.976377964019775 0.184875324368477 3.59333992004395
-0.976377964019775 0.184875324368477 6.38976383209229
-1 0 0
-0.976377964019775 0.184875324368477 3.59333992004395
-0.976377964019775 0.201279520988464 3.59333992004395
0.976377964019775 0.201279520988464 3.59333992004395
0 0 -1
0.976377964019775 0.201279520988464 3.59333992004395
0.976377964019775 0.184875324368477 3.59333992004395
-0.976377964019775 0.184875324368477 3.59333992004395
0 0 -1
0.976377964019775 0.184875324368477 3.59333992004395
0.976377964019775 0.201279520988464 3.59333992004395
0.976377964019775 0.201279520988464 6.38976383209229
1 0 0
0.976377964019775 0.201279520988464 6.38976383209229
0.976377964019775 0.184875324368477 6.38976383209229
0.976377964019775 0.184875324368477 3.59333992004395
1 0 0
0.976377964019775 0.184875324368477 6.38976383209229
0.976377964019775 0.201279520988464 6.38976383209229
-0.976377964019775 0.201279520988464 6.38976383209229
0 0 1
-0.976377964019775 0.201279520988464 6.38976383209229
-0.976377964019775 0.184875324368477 6.38976383209229
0.976377964019775 0.184875324368477 6.38976383209229
0 0 1
-0.976377964019775 0.184875324368477 2.96833992004395
-0.976377964019775 0.201279520988464 2.96833992004395
-0.976377964019775 0.201279520988464 0.833333313465118
-1 0 0
-0.976377964019775 0.201279520988464 0.833333313465118
-0.976377964019775 0.184875324368477 0.833333313465118
-0.976377964019775 0.184875324368477 2.96833992004395
-1 0 0
-0.976377964019775 0.184875324368477 0.833333313465118
-0.976377964019775 0.201279520988464 0.833333313465118
0.976377964019775 0.201279520988464 0.833333313465118
0 0 -1
0.976377964019775 0.201279520988464 0.833333313465118
0.976377964019775 0.184875324368477 0.833333313465118
-0.976377964019775 0.184875324368477 0.833333313465118
0 0 -1
0.976377964019775 0.184875324368477 0.833333313465118
0.976377964019775 0.201279520988464 0.833333313465118
0.976377964019775 0.201279520988464 2.96833992004395
1 0 0
0.976377964019775 0.201279520988464 2.96833992004395
0.976377964019775 0.184875324368477 2.96833992004395
0.976377964019775 0.184875324368477 0.833333313465118
1 0 0
0.976377964019775 0.184875324368477 2.96833992004395
0.976377964019775 0.201279520988464 2.96833992004395
-0.976377964019775 0.201279520988464 2.96833992004395
0 0 1
-0.976377964019775 0.201279520988464 2.96833992004395
-0.976377964019775 0.184875324368477 2.96833992004395
0.976377964019775 0.184875324368477 2.96833992004395
0 0 1
[HEADER]
426488,M_Door-Passage-Single-Two_Lite,6
344.597475957639 102.924310020559 0
1
-1 3.43594923676699E-15 0
-3.43594923676699E-15 -1 0
0 0 1
[HEADER]
426489,M_Door-Passage-Single-Two_Lite,6
360.208146165674 93.4098743260534 0
1
-1 3.36750920273384E-15 0
-3.36750920273384E-15 -1 0
0 0 1
[HEADER]
426490,M_Door-Passage-Double-Flush-Dbl_Acting 4,214
366.441741966199 93.4098743260534 0
1
-1 3.36750920273384E-15 0
-3.36750920273384E-15 -1 0
0 0 1
2.95275592803955 0.184875324368477 8.88178419700125E-16
3.11679792404175 0.184875324368477 8.88178419700125E-16
3.11679792404175 -0.307250648736954 8.88178419700125E-16
0 0 -1
3.11679792404175 -0.307250648736954 8.88178419700125E-16
2.95275592803955 -0.307250648736954 8.88178419700125E-16
2.95275592803955 0.184875324368477 8.88178419700125E-16
0 0 -1
2.95275592803955 -0.307250648736954 0
2.95275592803955 -0.307250648736954 6.88976383209229
2.95275592803955 0.184875324368477 6.88976383209229
-1 0 -6.44563767439519E-17
2.95275592803955 0.184875324368477 6.88976383209229
2.95275592803955 0.184875324368477 0
2.95275592803955 -0.307250648736954 0
-1 0 -6.44563767439519E-17
-2.95275592803955 0.184875324368477 3.78139764942877E-24
-3.11679792404175 0.184875324368477 3.1511646421189E-24
-2.95275592803955 0.184875324368477 6.88976383209229
0 1 -8.05704709299398E-18
3.11679792404175 0.184875324368477 -1.26046569907538E-23
2.95275592803955 0.184875324368477 -1.32348898008484E-23
2.95275592803955 0.184875324368477 6.88976383209229
0 1 -8.05704709299398E-18
-2.95275592803955 0.184875324368477 6.88976383209229
-3.11679792404175 0.184875324368477 7.21784782409668
2.95275592803955 0.184875324368477 6.88976383209229
0 1 -8.05704709299398E-18
-3.11679792404175 0.184875324368477 7.21784782409668
-2.95275592803955 0.184875324368477 6.88976383209229
-3.11679792404175 0.184875324368477 3.1511646421189E-24
0 1 -8.05704709299398E-18
2.95275592803955 0.184875324368477 6.88976383209229
3.11679792404175 0.184875324368477 7.21784782409668
3.11679792404175 0.184875324368477 -1.26046569907538E-23
0 1 -8.05704709299398E-18
3.11679792404175 0.184875324368477 7.21784782409668
2.95275592803955 0.184875324368477 6.88976383209229
-3.11679792404175 0.184875324368477 7.21784782409668
0 1 -8.05704709299398E-18
3.11679792404175 0.184875324368477 0
3.11679792404175 0.184875324368477 7.21784782409668
3.11679792404175 -0.307250648736954 7.21784782409668
1 0 0
3.11679792404175 -0.307250648736954 7.21784782409668
3.11679792404175 -0.307250648736954 0
3.11679792404175 0.184875324368477 0
1 0 0
2.95275592803955 -0.307250648736954 -1.32348898008484E-23
3.11679792404175 -0.307250648736954 0
2.95275592803955 -0.307250648736954 6.88976383209229
0 -1 0
-3.11679792404175 -0.307250648736954 0
-2.95275592803955 -0.307250648736954 1.32348898008484E-23
-2.95275592803955 -0.307250648736954 6.88976383209229
0 -1 0
2.95275592803955 -0.307250648736954 6.88976383209229
3.11679792404175 -0.307250648736954 7.21784782409668
-2.95275592803955 -0.307250648736954 6.88976383209229
0 -1 0
3.11679792404175 -0.307250648736954 7.21784782409668
2.95275592803955 -0.307250648736954 6.88976383209229
3.11679792404175 -0.307250648736954 0
0 -1 0
-2.95275592803955 -0.307250648736954 6.88976383209229
-3.11679792404175 -0.307250648736954 7.21784782409668
-3.11679792404175 -0.307250648736954 0
0 -1 0
-3.11679792404175 -0.307250648736954 7.21784782409668
-2.95275592803955 -0.307250648736954 6.88976383209229
3.11679792404175 -0.307250648736954 7.21784782409668
0 -1 0
2.95275592803955 -0.307250648736954 6.88976383209229
-2.95275592803955 -0.307250648736954 6.88976383209229
-2.95275592803955 0.184875324368477 6.88976383209229
0 0 -1
-2.95275592803955 0.184875324368477 6.88976383209229
2.95275592803955 0.184875324368477 6.88976383209229
2.95275592803955 -0.307250648736954 6.88976383209229
0 0 -1
-2.95275592803955 0.184875324368477 0
-2.95275592803955 -0.307250648736954 0
-3.11679792404175 -0.307250648736954 0
0 0 -1
-3.11679792404175 -0.307250648736954 0
-3.11679792404175 0.184875324368477 0
-2.95275592803955 0.184875324368477 0
0 0 -1
-2.95275592803955 0.184875324368477 6.88976383209229
-2.95275592803955 -0.307250648736954 6.88976383209229
-2.95275592803955 -0.307250648736954 0
1 0 0
-2.95275592803955 -0.307250648736954 0
-2.95275592803955 0.184875324368477 0
-2.95275592803955 0.184875324368477 6.88976383209229
1 0 0
-3.11679792404175 0.184875324368477 0
-3.11679792404175 -0.307250648736954 0
-3.11679792404175 -0.307250648736954 7.21784782409668
-1 0 0
-3.11679792404175 -0.307250648736954 7.21784782409668
-3.11679792404175 0.184875324368477 7.21784782409668
-3.11679792404175 0.184875324368477 0
-1 0 0
3.11679792404175 0.184875324368477 7.21784782409668
-3.11679792404175 0.184875324368477 7.21784782409668
-3.11679792404175 -0.307250648736954 7.21784782409668
0 0 1
-3.11679792404175 -0.307250648736954 7.21784782409668
3.11679792404175 -0.307250648736954 7.21784782409668
3.11679792404175 0.184875324368477 7.21784782409668
0 0 1
2.95275592803955 0.0372375324368477 6.88976383209229
0.00520833348855376 0.0372375324368477 6.88976383209229
2.95275592803955 0.0372375324368477 -3.28626015289046E-14
0 -1 0
0.00520833348855376 0.0372375324368477 -3.28626015289046E-14
2.95275592803955 0.0372375324368477 -3.28626015289046E-14
0.00520833348855376 0.0372375324368477 6.88976383209229
0 -1 0
-0.00520833348855376 0.0372375324368477 6.88976383209229
-2.95275592803955 0.0372375324368477 6.88976383209229
-0.00520833348855376 0.0372375324368477 -3.19744231092045E-14
0 -1 0
-2.95275592803955 0.0372375324368477 -3.19744231092045E-14
-0.00520833348855376 0.0372375324368477 -3.19744231092045E-14
-2.95275592803955 0.0372375324368477 6.88976383209229
0 -1 0
2.95275592803955 0.184875324368477 -3.28626015289046E-14
0.00520833348855376 0.184875324368477 -3.28626015289046E-14
0.00520833348855376 0.184875324368477 6.88976383209229
0 1 0
0.00520833348855376 0.184875324368477 6.88976383209229
2.95275592803955 0.184875324368477 6.88976383209229
2.95275592803955 0.184875324368477 -3.28626015289046E-14
0 1 0
-0.00520833348855376 0.184875324368477 -3.28626015289046E-14
-2.95275592803955 0.184875324368477 -3.19744231092045E-14
-0.00520833348855376 0.184875324368477 6.88976383209229
0 1 0
-2.95275592803955 0.184875324368477 6.88976383209229
-0.00520833348855376 0.184875324368477 6.88976383209229
-2.95275592803955 0.184875324368477 -3.19744231092045E-14
0 1 0
0.00520833348855376 0.0372375324368477 6.88976383209229
0.00520833348855376 0.184875324368477 6.88976383209229
0.00520833348855376 0.184875324368477 -3.28626015289046E-14
-1 0 4.40619762898106E-18
0.00520833348855376 0.184875324368477 -3.28626015289046E-14
0.00520833348855376 0.0372375324368477 -3.28626015289046E-14
0.00520833348855376 0.0372375324368477 6.88976383209229
-1 0 4.40619762898106E-18
0.00520833348855376 0.0372375324368477 -3.28626015289046E-14
0.00520833348855376 0.184875324368477 -3.28626015289046E-14
2.95275592803955 0.184875324368477 -3.24185123190546E-14
1.50663966899725E-16 0 -1
2.95275592803955 0.184875324368477 -3.24185123190546E-14
2.95275592803955 0.0372375324368477 -3.24185123190546E-14
0.00520833348855376 0.0372375324368477 -3.28626015289046E-14
1.50663966899725E-16 0 -1
2.95275592803955 0.0372375324368477 -3.28626015289046E-14
2.95275592803955 0.184875324368477 -3.28626015289046E-14
2.95275592803955 0.184875324368477 6.88976383209229
1 0 0
2.95275592803955 0.184875324368477 6.88976383209229
2.95275592803955 0.0372375324368477 6.88976383209229
2.95275592803955 0.0372375324368477 -3.28626015289046E-14
1 0 0
2.95275592803955 0.0372375324368477 6.88976383209229
2.95275592803955 0.184875324368477 6.88976383209229
0.00520833348855376 0.184875324368477 6.88976383209229
-3.0132793379945E-16 0 1
0.00520833348855376 0.184875324368477 6.88976383209229
0.00520833348855376 0.0372375324368477 6.88976383209229
2.95275592803955 0.0372375324368477 6.88976383209229
-3.0132793379945E-16 0 1
-0.00520833348855376 0.0372375324368477 -3.19744231092045E-14
-0.00520833348855376 0.184875324368477 -3.28626015289046E-14
-0.00520833348855376 0.184875324368477 6.88976383209229
1 0 1.35962669694273E-17
-0.00520833348855376 0.184875324368477 6.88976383209229
-0.00520833348855376 0.0372375324368477 6.88976383209229
-0.00520833348855376 0.0372375324368477 -3.19744231092045E-14
1 0 1.35962669694273E-17
-0.00520833348855376 0.0372375324368477 6.88976383209229
-0.00520833348855376 0.184875324368477 6.88976383209229
-2.95275592803955 0.184875324368477 6.88976383209229
0 0 1
-2.95275592803955 0.184875324368477 6.88976383209229
-2.95275592803955 0.0372375324368477 6.88976383209229
-0.00520833348855376 0.0372375324368477 6.88976383209229
0 0 1
-2.95275592803955 0.0372375324368477 6.88976383209229
-2.95275592803955 0.184875324368477 6.88976383209229
-2.95275592803955 0.184875324368477 -3.19744231092045E-14
-1 0 0
-2.95275592803955 0.184875324368477 -3.19744231092045E-14
-2.95275592803955 0.0372375324368477 -3.19744231092045E-14
-2.95275592803955 0.0372375324368477 6.88976383209229
-1 0 0
-2.95275592803955 0.0372375324368477 -3.19744231092045E-14
-2.95275592803955 0.184875324368477 -3.19744231092045E-14
-0.00520833348855376 0.184875324368477 -3.24185123190546E-14
-1.50663966899725E-16 0 -1
-0.00520833348855376 0.184875324368477 -3.24185123190546E-14
-0.00520833348855376 0.0372375324368477 -3.24185123190546E-14
-2.95275592803955 0.0372375324368477 -3.19744231092045E-14
-1.50663966899725E-16 0 -1
[HEADER]
426491,M_Door-Passage-Double-Flush-Dbl_Acting 2,6
391.882804674225 103.784874326054 0
1
1 -3.29110731268877E-15 0
3.29110731268877E-15 1 0
0 0 1
[HEADER]
426501,1500 x 2100mm,342
385.737509681701 151.45990713342 0
1
2.97439898176386E-15 1 0
-1 2.97439898176386E-15 0
0 0 1
0.497375339269638 0.0372375324368477 -3.28626015289046E-14
2.46062994003296 0.0372375324368477 -3.28626015289046E-14
2.46062994003296 0.0372375324368477 6.88976383209229
0 -1 0
2.46062994003296 0.0372375324368477 6.88976383209229
0.497375339269638 0.0372375324368477 6.88976383209229
0.497375339269638 0.0372375324368477 -3.28626015289046E-14
0 -1 0
2.46062994003296 0.184875324368477 6.88976383209229
2.46062994003296 0.184875324368477 -3.28626015289046E-14
0.497375339269638 0.184875324368477 -3.28626015289046E-14
0 1 0
0.497375339269638 0.184875324368477 -3.28626015289046E-14
0.497375339269638 0.184875324368477 6.88976383209229
2.46062994003296 0.184875324368477 6.88976383209229
0 1 0
0.497375339269638 0.0372375324368477 6.88976383209229
0.497375339269638 0.184875324368477 6.88976383209229
0.497375339269638 0.184875324368477 -3.28626015289046E-14
-1 0 1.61140941859879E-17
0.497375339269638 0.184875324368477 -3.28626015289046E-14
0.497375339269638 0.0372375324368477 -3.28626015289046E-14
0.497375339269638 0.0372375324368477 6.88976383209229
-1 0 1.61140941859879E-17
0.497375339269638 0.0372375324368477 -3.28626015289046E-14
0.497375339269638 0.184875324368477 -3.28626015289046E-14
2.46062994003296 0.184875324368477 -3.24185123190546E-14
2.26200519990474E-16 0 -1
2.46062994003296 0.184875324368477 -3.24185123190546E-14
2.46062994003296 0.0372375324368477 -3.24185123190546E-14
0.497375339269638 0.0372375324368477 -3.28626015289046E-14
2.26200519990474E-16 0 -1
2.46062994003296 0.0372375324368477 -3.28626015289046E-14
2.46062994003296 0.184875324368477 -3.28626015289046E-14
2.46062994003296 0.184875324368477 6.88976383209229
1 0 0
2.46062994003296 0.184875324368477 6.88976383209229
2.46062994003296 0.0372375324368477 6.88976383209229
2.46062994003296 0.0372375324368477 -3.28626015289046E-14
1 0 0
2.46062994003296 0.0372375324368477 6.88976383209229
2.46062994003296 0.184875324368477 6.88976383209229
0.497375339269638 0.184875324368477 6.88976383209229
-4.52401039980948E-16 0 1
0.497375339269638 0.184875324368477 6.88976383209229
0.497375339269638 0.0372375324368477 6.88976383209229
2.46062994003296 0.0372375324368477 6.88976383209229
-4.52401039980948E-16 0 1
2.62467193603516 -0.307250648736954 0
2.46062994003296 0.0216125324368477 0
2.62467193603516 0.184875324368477 0
0 0 -1
2.46062994003296 0.184875324368477 0
2.62467193603516 0.184875324368477 0
2.46062994003296 0.0216125324368477 0
0 0 -1
2.46062994003296 0.0216125324368477 0
2.46062994003296 -0.145792320370674 0
2.40854668617249 0.0216125324368477 0
0 0 -1
2.46062994003296 0.0216125324368477 0
2.62467193603516 -0.307250648736954 0
2.46062994003296 -0.145792320370674 0
0 0 -1
2.46062994003296 -0.307250648736954 0
2.46062994003296 -0.145792320370674 0
2.62467193603516 -0.307250648736954 0
0 0 -1
2.40854668617249 0.0216125324368477 0
2.46062994003296 -0.145792320370674 0
2.40854668617249 -0.145792320370674 0
0 0 -1
2.46062994003296 0.0216125324368477 0
2.46062994003296 0.0216125324368477 6.88976383209229
2.46062994003296 0.184875324368477 6.88976383209229
-1 0 0
2.46062994003296 0.184875324368477 6.88976383209229
2.46062994003296 0.184875324368477 0
2.46062994003296 0.0216125324368477 0
-1 0 0
-2.46062994003296 0.184875324368477 -2.64697796016969E-23
-2.62467193603516 0.184875324368477 1.32348898008484E-23
-2.46062994003296 0.184875324368477 6.88976383209229
0 1 -8.05704709299399E-18
2.62467193603516 0.184875324368477 0
2.46062994003296 0.184875324368477 1.32348898008484E-23
2.46062994003296 0.184875324368477 6.88976383209229
0 1 -8.05704709299399E-18
-2.46062994003296 0.184875324368477 6.88976383209229
-2.62467193603516 0.184875324368477 7.21784782409668
2.46062994003296 0.184875324368477 6.88976383209229
0 1 -8.05704709299399E-18
-2.62467193603516 0.184875324368477 7.21784782409668
-2.46062994003296 0.184875324368477 6.88976383209229
-2.62467193603516 0.184875324368477 1.32348898008484E-23
0 1 -8.05704709299399E-18
2.46062994003296 0.184875324368477 6.88976383209229
2.62467193603516 0.184875324368477 7.21784782409668
2.62467193603516 0.184875324368477 0
0 1 -8.05704709299399E-18
2.62467193603516 0.184875324368477 7.21784782409668
2.46062994003296 0.184875324368477 6.88976383209229
-2.62467193603516 0.184875324368477 7.21784782409668
0 1 -8.05704709299399E-18
2.62467193603516 0.184875324368477 0
2.62467193603516 0.184875324368477 7.21784782409668
2.62467193603516 -0.307250648736954 7.21784782409668
1 0 0
2.62467193603516 -0.307250648736954 7.21784782409668
2.62467193603516 -0.307250648736954 0
2.62467193603516 0.184875324368477 0
1 0 0
2.46062994003296 -0.307250648736954 0
2.62467193603516 -0.307250648736954 -1.32348898008484E-23
2.46062994003296 -0.307250648736954 6.88976383209229
0 -1 7.86967390478482E-18
-2.62467193603516 -0.307250648736954 -1.32348898008484E-23
-2.46062994003296 -0.307250648736954 0
-2.46062994003296 -0.307250648736954 6.88976383209229
0 -1 7.86967390478482E-18
2.46062994003296 -0.307250648736954 6.88976383209229
2.62467193603516 -0.307250648736954 7.21784782409668
-2.46062994003296 -0.307250648736954 6.88976383209229
0 -1 7.86967390478482E-18
2.62467193603516 -0.307250648736954 7.21784782409668
2.46062994003296 -0.307250648736954 6.88976383209229
2.62467193603516 -0.307250648736954 -1.32348898008484E-23
0 -1 7.86967390478482E-18
-2.46062994003296 -0.307250648736954 6.88976383209229
-2.62467193603516 -0.307250648736954 7.21784782409668
-2.62467193603516 -0.307250648736954 -1.32348898008484E-23
0 -1 7.86967390478482E-18
-2.62467193603516 -0.307250648736954 7.21784782409668
-2.46062994003296 -0.307250648736954 6.88976383209229
2.62467193603516 -0.307250648736954 7.21784782409668
0 -1 7.86967390478482E-18
2.46062994003296 -0.307250648736954 0
2.46062994003296 -0.307250648736954 6.88976383209229
2.46062994003296 -0.145792320370674 6.88976383209229
-1 0 0
2.46062994003296 -0.145792320370674 6.88976383209229
2.46062994003296 -0.145792320370674 0
2.46062994003296 -0.307250648736954 0
-1 0 0
2.40854668617249 -0.145792320370674 -1.32348898008484E-23
2.46062994003296 -0.145792320370674 1.32348898008484E-23
2.40854668617249 -0.145792320370674 6.83768033981323
0 -1 -1.6114094185988E-17
-2.46062994003296 -0.145792320370674 0
-2.40854668617249 -0.145792320370674 -1.32348898008484E-23
-2.40854668617249 -0.145792320370674 6.83768033981323
0 -1 -1.6114094185988E-17
2.40854668617249 -0.145792320370674 6.83768033981323
2.46062994003296 -0.145792320370674 6.88976383209229
-2.40854668617249 -0.145792320370674 6.83768033981323
0 -1 -1.6114094185988E-17
2.46062994003296 -0.145792320370674 6.88976383209229
2.40854668617249 -0.145792320370674 6.83768033981323
2.46062994003296 -0.145792320370674 1.32348898008484E-23
0 -1 -1.6114094185988E-17
-2.40854668617249 -0.145792320370674 6.83768033981323
-2.46062994003296 -0.145792320370674 6.88976383209229
-2.46062994003296 -0.145792320370674 0
0 -1 -1.6114094185988E-17
-2.46062994003296 -0.145792320370674 6.88976383209229
-2.40854668617249 -0.145792320370674 6.83768033981323
2.46062994003296 -0.145792320370674 6.88976383209229
0 -1 -1.6114094185988E-17
2.40854668617249 -0.145792320370674 0
2.40854668617249 -0.145792320370674 6.83768033981323
2.40854668617249 0.0216125324368477 6.83768033981323
-1 0 0
2.40854668617249 0.0216125324368477 6.83768033981323
2.40854668617249 0.0216125324368477 0
2.40854668617249 -0.145792320370674 0
-1 0 0
-2.40854668617249 0.0216125324368477 0
-2.46062994003296 0.0216125324368477 -1.32348898008484E-23
-2.40854668617249 0.0216125324368477 6.83768033981323
0 1 -8.11841847071906E-18
2.46062994003296 0.0216125324368477 -1.32348898008484E-23
2.40854668617249 0.0216125324368477 0
2.40854668617249 0.0216125324368477 6.83768033981323
0 1 -8.11841847071906E-18
-2.40854668617249 0.0216125324368477 6.83768033981323
-2.46062994003296 0.0216125324368477 6.88976383209229
2.40854668617249 0.0216125324368477 6.83768033981323
0 1 -8.11841847071906E-18
-2.46062994003296 0.0216125324368477 6.88976383209229
-2.40854668617249 0.0216125324368477 6.83768033981323
-2.46062994003296 0.0216125324368477 -1.32348898008484E-23
0 1 -8.11841847071906E-18
2.40854668617249 0.0216125324368477 6.83768033981323
2.46062994003296 0.0216125324368477 6.88976383209229
2.46062994003296 0.0216125324368477 -1.32348898008484E-23
0 1 -8.11841847071906E-18
2.46062994003296 0.0216125324368477 6.88976383209229
2.40854668617249 0.0216125324368477 6.83768033981323
-2.46062994003296 0.0216125324368477 6.88976383209229
0 1 -8.11841847071906E-18
2.46062994003296 0.0216125324368477 6.88976383209229
-2.46062994003296 0.0216125324368477 6.88976383209229
-2.46062994003296 0.184875324368477 6.88976383209229
0 0 -1
-2.46062994003296 0.184875324368477 6.88976383209229
2.46062994003296 0.184875324368477 6.88976383209229
2.46062994003296 0.0216125324368477 6.88976383209229
0 0 -1
-2.46062994003296 -0.307250648736954 6.88976383209229
-2.46062994003296 -0.145792320370674 6.88976383209229
2.46062994003296 -0.145792320370674 6.88976383209229
0 0 -1
2.46062994003296 -0.145792320370674 6.88976383209229
2.46062994003296 -0.307250648736954 6.88976383209229
-2.46062994003296 -0.307250648736954 6.88976383209229
0 0 -1
-2.40854668617249 -0.145792320370674 6.83768033981323
-2.40854668617249 0.0216125324368477 6.83768033981323
2.40854668617249 0.0216125324368477 6.83768033981323
0 0 -1
2.40854668617249 0.0216125324368477 6.83768033981323
2.40854668617249 -0.145792320370674 6.83768033981323
-2.40854668617249 -0.145792320370674 6.83768033981323
0 0 -1
-2.62467193603516 0.184875324368477 0
-2.46062994003296 0.0216125324368477 0
-2.62467193603516 -0.307250648736954 0
0 0 -1
-2.46062994003296 0.0216125324368477 0
-2.62467193603516 0.184875324368477 0
-2.46062994003296 0.184875324368477 0
0 0 -1
-2.40854668617249 0.0216125324368477 0
-2.46062994003296 -0.145792320370674 0
-2.46062994003296 0.0216125324368477 0
0 0 -1
-2.46062994003296 -0.145792320370674 0
-2.62467193603516 -0.307250648736954 0
-2.46062994003296 0.0216125324368477 0
0 0 -1
-2.62467193603516 -0.307250648736954 0
-2.46062994003296 -0.145792320370674 0
-2.46062994003296 -0.307250648736954 0
0 0 -1
-2.40854668617249 -0.145792320370674 0
-2.46062994003296 -0.145792320370674 0
-2.40854668617249 0.0216125324368477 0
0 0 -1
-2.46062994003296 0.184875324368477 6.88976383209229
-2.46062994003296 0.0216125324368477 6.88976383209229
-2.46062994003296 0.0216125324368477 0
1 0 0
-2.46062994003296 0.0216125324368477 0
-2.46062994003296 0.184875324368477 0
-2.46062994003296 0.184875324368477 6.88976383209229
1 0 0
-2.62467193603516 0.184875324368477 0
-2.62467193603516 -0.307250648736954 0
-2.62467193603516 -0.307250648736954 7.21784782409668
-1 0 0
-2.62467193603516 -0.307250648736954 7.21784782409668
-2.62467193603516 0.184875324368477 7.21784782409668
-2.62467193603516 0.184875324368477 0
-1 0 0
-2.46062994003296 -0.307250648736954 0
-2.46062994003296 -0.145792320370674 0
-2.46062994003296 -0.145792320370674 6.88976383209229
1 0 0
-2.46062994003296 -0.145792320370674 6.88976383209229
-2.46062994003296 -0.307250648736954 6.88976383209229
-2.46062994003296 -0.307250648736954 0
1 0 0
-2.40854668617249 -0.145792320370674 0
-2.40854668617249 0.0216125324368477 0
-2.40854668617249 0.0216125324368477 6.83768033981323
1 0 0
-2.40854668617249 0.0216125324368477 6.83768033981323
-2.40854668617249 -0.145792320370674 6.83768033981323
-2.40854668617249 -0.145792320370674 0
1 0 0
2.62467193603516 0.184875324368477 7.21784782409668
-2.62467193603516 0.184875324368477 7.21784782409668
-2.62467193603516 -0.307250648736954 7.21784782409668
0 0 1
-2.62467193603516 -0.307250648736954 7.21784782409668
2.62467193603516 -0.307250648736954 7.21784782409668
2.62467193603516 0.184875324368477 7.21784782409668
0 0 1
-2.46062994003296 0.0372375324368477 -3.28626015289046E-14
0.486876636743546 0.0372375324368477 -3.28626015289046E-14
0.486876636743546 0.0372375324368477 6.88976383209229
0 -1 0
0.486876636743546 0.0372375324368477 6.88976383209229
-2.46062994003296 0.0372375324368477 6.88976383209229
-2.46062994003296 0.0372375324368477 -3.28626015289046E-14
0 -1 0
0.486876636743546 0.184875324368477 6.88976383209229
0.486876636743546 0.184875324368477 -3.28626015289046E-14
-2.46062994003296 0.184875324368477 -3.28626015289046E-14
0 1 0
-2.46062994003296 0.184875324368477 -3.28626015289046E-14
-2.46062994003296 0.184875324368477 6.88976383209229
0.486876636743546 0.184875324368477 6.88976383209229
0 1 0
-2.46062994003296 0.0372375324368477 6.88976383209229
-2.46062994003296 0.184875324368477 6.88976383209229
-2.46062994003296 0.184875324368477 -3.28626015289046E-14
-1 0 0
-2.46062994003296 0.184875324368477 -3.28626015289046E-14
-2.46062994003296 0.0372375324368477 -3.28626015289046E-14
-2.46062994003296 0.0372375324368477 6.88976383209229
-1 0 0
-2.46062994003296 0.0372375324368477 -3.28626015289046E-14
-2.46062994003296 0.184875324368477 -3.28626015289046E-14
0.486876636743546 0.184875324368477 -3.24185123190546E-14
1.50666063181544E-16 0 -1
0.486876636743546 0.184875324368477 -3.24185123190546E-14
0.486876636743546 0.0372375324368477 -3.24185123190546E-14
-2.46062994003296 0.0372375324368477 -3.28626015289046E-14
1.50666063181544E-16 0 -1
0.486876636743546 0.0372375324368477 -3.28626015289046E-14
0.486876636743546 0.184875324368477 -3.28626015289046E-14
0.486876636743546 0.184875324368477 6.88976383209229
1 0 0
0.486876636743546 0.184875324368477 6.88976383209229
0.486876636743546 0.0372375324368477 6.88976383209229
0.486876636743546 0.0372375324368477 -3.28626015289046E-14
1 0 0
0.486876636743546 0.0372375324368477 6.88976383209229
0.486876636743546 0.184875324368477 6.88976383209229
-2.46062994003296 0.184875324368477 6.88976383209229
-3.01332126363087E-16 0 1
-2.46062994003296 0.184875324368477 6.88976383209229
-2.46062994003296 0.0372375324368477 6.88976383209229
0.486876636743546 0.0372375324368477 6.88976383209229
-3.01332126363087E-16 0 1
[LEVEL]
2F BIMS plan
[HEADER]
429513,1350 x 2100mm,342
402.879898205206 158.677754902448 13.1233595800525
1
1.49877803362078E-15 1 0
-1 1.49877803362078E-15 0
0 0 1
0.743438303470612 0.119258530437946 -3.28626015289046E-14
2.21456694602966 0.119258530437946 -3.28626015289046E-14
2.21456694602966 0.119258530437946 6.88976383209229
0 -1 0
2.21456694602966 0.119258530437946 6.88976383209229
0.743438303470612 0.119258530437946 6.88976383209229
0.743438303470612 0.119258530437946 -3.28626015289046E-14
0 -1 0
2.21456694602966 0.266896337270737 6.88976383209229
2.21456694602966 0.266896337270737 -3.28626015289046E-14
0.743438303470612 0.266896337270737 -3.28626015289046E-14
0 1 0
0.743438303470612 0.266896337270737 -3.28626015289046E-14
0.743438303470612 0.266896337270737 6.88976383209229
2.21456694602966 0.266896337270737 6.88976383209229
0 1 0
0.743438303470612 0.119258530437946 6.88976383209229
0.743438303470612 0.266896337270737 6.88976383209229
0.743438303470612 0.266896337270737 -3.28626015289046E-14
-1 0 0
0.743438303470612 0.266896337270737 -3.28626015289046E-14
0.743438303470612 0.119258530437946 -3.28626015289046E-14
0.743438303470612 0.119258530437946 6.88976383209229
-1 0 0
0.743438303470612 0.119258530437946 -3.28626015289046E-14
0.743438303470612 0.266896337270737 -3.28626015289046E-14
2.21456694602966 0.266896337270737 -3.24185123190546E-14
3.0186973943421E-16 0 -1
2.21456694602966 0.266896337270737 -3.24185123190546E-14
2.21456694602966 0.119258530437946 -3.24185123190546E-14
0.743438303470612 0.119258530437946 -3.28626015289046E-14
3.0186973943421E-16 0 -1
2.21456694602966 0.119258530437946 -3.28626015289046E-14
2.21456694602966 0.266896337270737 -3.28626015289046E-14
2.21456694602966 0.266896337270737 6.88976383209229
1 0 6.44563767439516E-17
2.21456694602966 0.266896337270737 6.88976383209229
2.21456694602966 0.119258530437946 6.88976383209229
2.21456694602966 0.119258530437946 -3.28626015289046E-14
1 0 6.44563767439516E-17
2.21456694602966 0.119258530437946 6.88976383209229
2.21456694602966 0.266896337270737 6.88976383209229
0.743438303470612 0.266896337270737 6.88976383209229
-6.0373947886842E-16 0 1
0.743438303470612 0.266896337270737 6.88976383209229
0.743438303470612 0.119258530437946 6.88976383209229
2.21456694602966 0.119258530437946 6.88976383209229
-6.0373947886842E-16 0 1
2.37860894203186 -0.225229665637016 1.77635683940025E-15
2.21456694602966 0.103633530437946 1.77635683940025E-15
2.37860894203186 0.266896337270737 1.77635683940025E-15
0 0 -1
2.21456694602966 0.266896337270737 1.77635683940025E-15
2.37860894203186 0.266896337270737 1.77635683940025E-15
2.21456694602966 0.103633530437946 1.77635683940025E-15
0 0 -1
2.21456694602966 0.103633530437946 1.77635683940025E-15
2.21456694602966 -0.0637713223695755 1.77635683940025E-15
2.16248369216919 0.103633530437946 1.77635683940025E-15
0 0 -1
2.21456694602966 0.103633530437946 1.77635683940025E-15
2.37860894203186 -0.225229665637016 1.77635683940025E-15
2.21456694602966 -0.0637713223695755 1.77635683940025E-15
0 0 -1
2.21456694602966 -0.225229665637016 1.77635683940025E-15
2.21456694602966 -0.0637713223695755 1.77635683940025E-15
2.37860894203186 -0.225229665637016 1.77635683940025E-15
0 0 -1
2.16248369216919 0.103633530437946 1.77635683940025E-15
2.21456694602966 -0.0637713223695755 1.77635683940025E-15
2.16248369216919 -0.0637713223695755 1.77635683940025E-15
0 0 -1
2.21456694602966 0.103633530437946 0
2.21456694602966 0.103633530437946 6.88976383209229
2.21456694602966 0.266896337270737 6.88976383209229
-1 0 -6.44563767439519E-17
2.21456694602966 0.266896337270737 6.88976383209229
2.21456694602966 0.266896337270737 0
2.21456694602966 0.103633530437946 0
-1 0 -6.44563767439519E-17
-2.21456694602966 0.266896337270737 -3.78139686056787E-24
-2.37860894203186 0.266896337270737 8.82326013018593E-24
-2.21456694602966 0.266896337270737 6.88976383209229
0 1 0
2.37860894203186 0.266896337270737 6.30232810094645E-25
2.21456694602966 0.266896337270737 1.32348898008484E-23
2.21456694602966 0.266896337270737 6.88976383209229
0 1 0
-2.21456694602966 0.266896337270737 6.88976383209229
-2.37860894203186 0.266896337270737 7.21784782409668
2.21456694602966 0.266896337270737 6.88976383209229
0 1 0
-2.37860894203186 0.266896337270737 7.21784782409668
-2.21456694602966 0.266896337270737 6.88976383209229
-2.37860894203186 0.266896337270737 8.82326013018593E-24
0 1 0
2.21456694602966 0.266896337270737 6.88976383209229
2.37860894203186 0.266896337270737 7.21784782409668
2.37860894203186 0.266896337270737 6.30232810094645E-25
0 1 0
2.37860894203186 0.266896337270737 7.21784782409668
2.21456694602966 0.266896337270737 6.88976383209229
-2.37860894203186 0.266896337270737 7.21784782409668
0 1 0
2.37860894203186 0.266896337270737 0
2.37860894203186 0.266896337270737 7.21784782409668
2.37860894203186 -0.225229665637016 7.21784782409668
1 0 0
2.37860894203186 -0.225229665637016 7.21784782409668
2.37860894203186 -0.225229665637016 0
2.37860894203186 0.266896337270737 0
1 0 0
2.21456694602966 -0.225229665637016 0
2.37860894203186 -0.225229665637016 -1.32348898008484E-23
2.21456694602966 -0.225229665637016 6.88976383209229
0 -1 0
-2.37860894203186 -0.225229665637016 2.64697796016969E-23
-2.21456694602966 -0.225229665637016 1.32348898008484E-23
-2.21456694602966 -0.225229665637016 6.88976383209229
0 -1 0
2.21456694602966 -0.225229665637016 6.88976383209229
2.37860894203186 -0.225229665637016 7.21784782409668
-2.21456694602966 -0.225229665637016 6.88976383209229
0 -1 0
2.37860894203186 -0.225229665637016 7.21784782409668
2.21456694602966 -0.225229665637016 6.88976383209229
2.37860894203186 -0.225229665637016 -1.32348898008484E-23
0 -1 0
-2.21456694602966 -0.225229665637016 6.88976383209229
-2.37860894203186 -0.225229665637016 7.21784782409668
-2.37860894203186 -0.225229665637016 2.64697796016969E-23
0 -1 0
-2.37860894203186 -0.225229665637016 7.21784782409668
-2.21456694602966 -0.225229665637016 6.88976383209229
2.37860894203186 -0.225229665637016 7.21784782409668
0 -1 0
2.21456694602966 -0.225229665637016 0
2.21456694602966 -0.225229665637016 6.88976383209229
2.21456694602966 -0.0637713223695755 6.88976383209229
-1 0 -6.44563767439519E-17
2.21456694602966 -0.0637713223695755 6.88976383209229
2.21456694602966 -0.0637713223695755 0
2.21456694602966 -0.225229665637016 0
-1 0 -6.44563767439519E-17
2.16248369216919 -0.0637713223695755 1.94868002236204E-23
2.21456694602966 -0.0637713223695755 1.32348898008484E-23
2.16248369216919 -0.0637713223695755 6.83768033981323
0 -1 8.05704709299399E-18
-2.21456694602966 -0.0637713223695755 9.45349294028057E-24
-2.16248369216919 -0.0637713223695755 3.20158271472384E-24
-2.16248369216919 -0.0637713223695755 6.83768033981323
0 -1 8.05704709299399E-18
2.16248369216919 -0.0637713223695755 6.83768033981323
2.21456694602966 -0.0637713223695755 6.88976383209229
-2.16248369216919 -0.0637713223695755 6.83768033981323
0 -1 8.05704709299399E-18
2.21456694602966 -0.0637713223695755 6.88976383209229
2.16248369216919 -0.0637713223695755 6.83768033981323
2.21456694602966 -0.0637713223695755 1.32348898008484E-23
0 -1 8.05704709299399E-18
-2.16248369216919 -0.0637713223695755 6.83768033981323
-2.21456694602966 -0.0637713223695755 6.88976383209229
-2.21456694602966 -0.0637713223695755 9.45349294028057E-24
0 -1 8.05704709299399E-18
-2.21456694602966 -0.0637713223695755 6.88976383209229
-2.16248369216919 -0.0637713223695755 6.83768033981323
2.21456694602966 -0.0637713223695755 6.88976383209229
0 -1 8.05704709299399E-18
2.16248369216919 -0.0637713223695755 0
2.16248369216919 -0.0637713223695755 6.83768033981323
2.16248369216919 0.103633530437946 6.83768033981323
-1 0 -6.49473477657525E-17
2.16248369216919 0.103633530437946 6.83768033981323
2.16248369216919 0.103633530437946 0
2.16248369216919 -0.0637713223695755 0
-1 0 -6.49473477657525E-17
-2.16248369216919 0.103633530437946 -4.42221421185832E-24
-2.21456694602966 0.103633530437946 1.34642952852521E-23
-2.16248369216919 0.103633530437946 6.83768033981323
0 1 0
2.21456694602966 0.103633530437946 8.58326971015597E-24
2.16248369216919 0.103633530437946 0
2.16248369216919 0.103633530437946 6.83768033981323
0 1 0
-2.16248369216919 0.103633530437946 6.83768033981323
-2.21456694602966 0.103633530437946 6.88976383209229
2.16248369216919 0.103633530437946 6.83768033981323
0 1 0
-2.21456694602966 0.103633530437946 6.88976383209229
-2.16248369216919 0.103633530437946 6.83768033981323
-2.21456694602966 0.103633530437946 1.34642952852521E-23
0 1 0
2.16248369216919 0.103633530437946 6.83768033981323
2.21456694602966 0.103633530437946 6.88976383209229
2.21456694602966 0.103633530437946 8.58326971015597E-24
0 1 0
2.21456694602966 0.103633530437946 6.88976383209229
2.16248369216919 0.103633530437946 6.83768033981323
-2.21456694602966 0.103633530437946 6.88976383209229
0 1 0
2.21456694602966 0.103633530437946 6.88976383209229
-2.21456694602966 0.103633530437946 6.88976383209229
-2.21456694602966 0.266896337270737 6.88976383209229
0 0 -1
-2.21456694602966 0.266896337270737 6.88976383209229
2.21456694602966 0.266896337270737 6.88976383209229
2.21456694602966 0.103633530437946 6.88976383209229
0 0 -1
-2.21456694602966 -0.225229665637016 6.88976383209229
-2.21456694602966 -0.0637713223695755 6.88976383209229
2.21456694602966 -0.0637713223695755 6.88976383209229
0 0 -1
2.21456694602966 -0.0637713223695755 6.88976383209229
2.21456694602966 -0.225229665637016 6.88976383209229
-2.21456694602966 -0.225229665637016 6.88976383209229
0 0 -1
-2.16248369216919 -0.0637713223695755 6.83768033981323
-2.16248369216919 0.103633530437946 6.83768033981323
2.16248369216919 0.103633530437946 6.83768033981323
0 0 -1
2.16248369216919 0.103633530437946 6.83768033981323
2.16248369216919 -0.0637713223695755 6.83768033981323
-2.16248369216919 -0.0637713223695755 6.83768033981323
0 0 -1
-2.37860894203186 0.266896337270737 0
-2.21456694602966 0.103633530437946 0
-2.37860894203186 -0.225229665637016 0
0 0 -1
-2.21456694602966 0.103633530437946 0
-2.37860894203186 0.266896337270737 0
-2.21456694602966 0.266896337270737 0
0 0 -1
-2.16248369216919 0.103633530437946 0
-2.21456694602966 -0.0637713223695755 0
-2.21456694602966 0.103633530437946 0
0 0 -1
-2.21456694602966 -0.0637713223695755 0
-2.37860894203186 -0.225229665637016 0
-2.21456694602966 0.103633530437946 0
0 0 -1
-2.37860894203186 -0.225229665637016 0
-2.21456694602966 -0.0637713223695755 0
-2.21456694602966 -0.225229665637016 0
0 0 -1
-2.16248369216919 -0.0637713223695755 0
-2.21456694602966 -0.0637713223695755 0
-2.16248369216919 0.103633530437946 0
0 0 -1
-2.21456694602966 0.266896337270737 6.88976383209229
-2.21456694602966 0.103633530437946 6.88976383209229
-2.21456694602966 0.103633530437946 0
1 0 0
-2.21456694602966 0.103633530437946 0
-2.21456694602966 0.266896337270737 0
-2.21456694602966 0.266896337270737 6.88976383209229
1 0 0
-2.37860894203186 0.266896337270737 0
-2.37860894203186 -0.225229665637016 0
-2.37860894203186 -0.225229665637016 7.21784782409668
-1 0 0
-2.37860894203186 -0.225229665637016 7.21784782409668
-2.37860894203186 0.266896337270737 7.21784782409668
-2.37860894203186 0.266896337270737 0
-1 0 0
-2.21456694602966 -0.225229665637016 0
-2.21456694602966 -0.0637713223695755 0
-2.21456694602966 -0.0637713223695755 6.88976383209229
1 0 0
-2.21456694602966 -0.0637713223695755 6.88976383209229
-2.21456694602966 -0.225229665637016 6.88976383209229
-2.21456694602966 -0.225229665637016 0
1 0 0
-2.16248369216919 -0.0637713223695755 0
-2.16248369216919 0.103633530437946 0
-2.16248369216919 0.103633530437946 6.83768033981323
1 0 0
-2.16248369216919 0.103633530437946 6.83768033981323
-2.16248369216919 -0.0637713223695755 6.83768033981323
-2.16248369216919 -0.0637713223695755 0
1 0 0
2.37860894203186 0.266896337270737 7.21784782409668
-2.37860894203186 0.266896337270737 7.21784782409668
-2.37860894203186 -0.225229665637016 7.21784782409668
0 0 1
-2.37860894203186 -0.225229665637016 7.21784782409668
2.37860894203186 -0.225229665637016 7.21784782409668
2.37860894203186 0.266896337270737 7.21784782409668
0 0 1
-2.21456694602966 0.119258530437946 -3.28626015289046E-14
0.732939660549164 0.119258530437946 -3.28626015289046E-14
0.732939660549164 0.119258530437946 6.88976383209229
0 -1 0
0.732939660549164 0.119258530437946 6.88976383209229
-2.21456694602966 0.119258530437946 6.88976383209229
-2.21456694602966 0.119258530437946 -3.28626015289046E-14
0 -1 0
0.732939660549164 0.266896337270737 6.88976383209229
0.732939660549164 0.266896337270737 -3.28626015289046E-14
-2.21456694602966 0.266896337270737 -3.28626015289046E-14
0 1 0
-2.21456694602966 0.266896337270737 -3.28626015289046E-14
-2.21456694602966 0.266896337270737 6.88976383209229
0.732939660549164 0.266896337270737 6.88976383209229
0 1 0
-2.21456694602966 0.119258530437946 6.88976383209229
-2.21456694602966 0.266896337270737 6.88976383209229
-2.21456694602966 0.266896337270737 -3.28626015289046E-14
-1 0 0
-2.21456694602966 0.266896337270737 -3.28626015289046E-14
-2.21456694602966 0.119258530437946 -3.28626015289046E-14
-2.21456694602966 0.119258530437946 6.88976383209229
-1 0 0
-2.21456694602966 0.119258530437946 -3.28626015289046E-14
-2.21456694602966 0.266896337270737 -3.28626015289046E-14
0.732939660549164 0.266896337270737 -3.24185123190546E-14
1.50666063181544E-16 0 -1
0.732939660549164 0.266896337270737 -3.24185123190546E-14
0.732939660549164 0.119258530437946 -3.24185123190546E-14
-2.21456694602966 0.119258530437946 -3.28626015289046E-14
1.50666063181544E-16 0 -1
0.732939660549164 0.119258530437946 -3.28626015289046E-14
0.732939660549164 0.266896337270737 -3.28626015289046E-14
0.732939660549164 0.266896337270737 6.88976383209229
1 0 -6.44563767439516E-16
0.732939660549164 0.266896337270737 6.88976383209229
0.732939660549164 0.119258530437946 6.88976383209229
0.732939660549164 0.119258530437946 -3.28626015289046E-14
1 0 -6.44563767439516E-16
0.732939660549164 0.119258530437946 6.88976383209229
0.732939660549164 0.266896337270737 6.88976383209229
-2.21456694602966 0.266896337270737 6.88976383209229
-3.01332126363087E-16 0 1
-2.21456694602966 0.266896337270737 6.88976383209229
-2.21456694602966 0.119258530437946 6.88976383209229
0.732939660549164 0.119258530437946 6.88976383209229
-3.01332126363087E-16 0 1
[HEADER]
429514,M_Door-Passage-Single-Vision_Two_Lite 2,550
407.915987377631 202.996980631792 13.1233595800525
1
1.78613910428044E-15 1 0
-1 1.78613910428044E-15 0
0 0 1
1.64041996002197 -0.225229665637016 1.77635683940025E-15
1.47637796401978 0.103633530437946 1.77635683940025E-15
1.64041996002197 0.266896337270737 1.77635683940025E-15
0 0 -1
1.47637796401978 0.266896337270737 1.77635683940025E-15
1.64041996002197 0.266896337270737 1.77635683940025E-15
1.47637796401978 0.103633530437946 1.77635683940025E-15
0 0 -1
1.47637796401978 0.103633530437946 1.77635683940025E-15
1.47637796401978 -0.0637713223695755 1.77635683940025E-15
1.42429459095001 0.103633530437946 1.77635683940025E-15
0 0 -1
1.47637796401978 0.103633530437946 1.77635683940025E-15
1.64041996002197 -0.225229665637016 1.77635683940025E-15
1.47637796401978 -0.0637713223695755 1.77635683940025E-15
0 0 -1
1.47637796401978 -0.225229665637016 1.77635683940025E-15
1.47637796401978 -0.0637713223695755 1.77635683940025E-15
1.64041996002197 -0.225229665637016 1.77635683940025E-15
0 0 -1
1.42429459095001 0.103633530437946 1.77635683940025E-15
1.47637796401978 -0.0637713223695755 1.77635683940025E-15
1.42429459095001 -0.0637713223695755 1.77635683940025E-15
0 0 -1
1.47637796401978 0.103633530437946 0
1.47637796401978 0.103633530437946 6.88976383209229
1.47637796401978 0.266896337270737 6.88976383209229
-1 0 -9.66845651159278E-17
1.47637796401978 0.266896337270737 6.88976383209229
1.47637796401978 0.266896337270737 0
1.47637796401978 0.103633530437946 0
-1 0 -9.66845651159278E-17
-1.47637796401978 0.266896337270737 9.45349294028057E-24
-1.64041996002197 0.266896337270737 1.51255890199933E-23
-1.47637796401978 0.266896337270737 6.88976383209229
0 1 0
1.64041996002197 0.266896337270737 -5.67209568528225E-24
1.47637796401978 0.266896337270737 0
1.47637796401978 0.266896337270737 6.88976383209229
0 1 0
-1.47637796401978 0.266896337270737 6.88976383209229
-1.64041996002197 0.266896337270737 7.21784782409668
1.47637796401978 0.266896337270737 6.88976383209229
0 1 0
-1.64041996002197 0.266896337270737 7.21784782409668
-1.47637796401978 0.266896337270737 6.88976383209229
-1.64041996002197 0.266896337270737 1.51255890199933E-23
0 1 0
1.47637796401978 0.266896337270737 6.88976383209229
1.64041996002197 0.266896337270737 7.21784782409668
1.64041996002197 0.266896337270737 -5.67209568528225E-24
0 1 0
1.64041996002197 0.266896337270737 7.21784782409668
1.47637796401978 0.266896337270737 6.88976383209229
-1.64041996002197 0.266896337270737 7.21784782409668
0 1 0
1.64041996002197 0.266896337270737 0
1.64041996002197 0.266896337270737 7.21784782409668
1.64041996002197 -0.225229665637016 7.21784782409668
1 0 3.14786956191393E-17
1.64041996002197 -0.225229665637016 7.21784782409668
1.64041996002197 -0.225229665637016 0
1.64041996002197 0.266896337270737 0
1 0 3.14786956191393E-17
1.47637796401978 -0.225229665637016 2.46230507005482E-24
1.64041996002197 -0.225229665637016 1.32348898008484E-23
1.47637796401978 -0.225229665637016 6.88976383209229
0 -1 -7.86967390478482E-18
-1.64041996002197 -0.225229665637016 -3.693457407867E-24
-1.47637796401978 -0.225229665637016 -6.15576247792181E-24
-1.47637796401978 -0.225229665637016 6.88976383209229
0 -1 -7.86967390478482E-18
1.47637796401978 -0.225229665637016 6.88976383209229
1.64041996002197 -0.225229665637016 7.21784782409668
-1.47637796401978 -0.225229665637016 6.88976383209229
0 -1 -7.86967390478482E-18
1.64041996002197 -0.225229665637016 7.21784782409668
1.47637796401978 -0.225229665637016 6.88976383209229
1.64041996002197 -0.225229665637016 1.32348898008484E-23
0 -1 -7.86967390478482E-18
-1.47637796401978 -0.225229665637016 6.88976383209229
-1.64041996002197 -0.225229665637016 7.21784782409668
-1.64041996002197 -0.225229665637016 -3.693457407867E-24
0 -1 -7.86967390478482E-18
-1.64041996002197 -0.225229665637016 7.21784782409668
-1.47637796401978 -0.225229665637016 6.88976383209229
1.64041996002197 -0.225229665637016 7.21784782409668
0 -1 -7.86967390478482E-18
1.47637796401978 -0.225229665637016 0
1.47637796401978 -0.225229665637016 6.88976383209229
1.47637796401978 -0.0637713223695755 6.88976383209229
-1 0 -9.66845651159278E-17
1.47637796401978 -0.0637713223695755 6.88976383209229
1.47637796401978 -0.0637713223695755 0
1.47637796401978 -0.225229665637016 0
-1 0 -9.66845651159278E-17
1.42429459095001 -0.0637713223695755 9.37786484529704E-24
1.47637796401978 -0.0637713223695755 0
1.42429459095001 -0.0637713223695755 6.83768033981323
0 -1 -1.2085570639491E-17
-1.47637796401978 -0.0637713223695755 9.45349294028057E-24
-1.42429459095001 -0.0637713223695755 -1.31592617058649E-23
-1.42429459095001 -0.0637713223695755 6.83768033981323
0 -1 -1.2085570639491E-17
1.42429459095001 -0.0637713223695755 6.83768033981323
1.47637796401978 -0.0637713223695755 6.88976383209229
-1.42429459095001 -0.0637713223695755 6.83768033981323
0 -1 -1.2085570639491E-17
1.47637796401978 -0.0637713223695755 6.88976383209229
1.42429459095001 -0.0637713223695755 6.83768033981323
1.47637796401978 -0.0637713223695755 0
0 -1 -1.2085570639491E-17
-1.42429459095001 -0.0637713223695755 6.83768033981323
-1.47637796401978 -0.0637713223695755 6.88976383209229
-1.47637796401978 -0.0637713223695755 9.45349294028057E-24
0 -1 -1.2085570639491E-17
-1.47637796401978 -0.0637713223695755 6.88976383209229
-1.42429459095001 -0.0637713223695755 6.83768033981323
1.47637796401978 -0.0637713223695755 6.88976383209229
0 -1 -1.2085570639491E-17
1.42429459095001 -0.0637713223695755 0
1.42429459095001 -0.0637713223695755 6.83768033981323
1.42429459095001 0.103633530437946 6.83768033981323
-1 0 0
1.42429459095001 0.103633530437946 6.83768033981323
1.42429459095001 0.103633530437946 0
1.42429459095001 -0.0637713223695755 0
-1 0 0
-1.42429459095001 0.103633530437946 0
-1.47637796401978 0.103633530437946 0
-1.42429459095001 0.103633530437946 6.83768033981323
0 1 0
1.47637796401978 0.103633530437946 0
1.42429459095001 0.103633530437946 -1.32348898008484E-23
1.42429459095001 0.103633530437946 6.83768033981323
0 1 0
-1.42429459095001 0.103633530437946 6.83768033981323
-1.47637796401978 0.103633530437946 6.88976383209229
1.42429459095001 0.103633530437946 6.83768033981323
0 1 0
-1.47637796401978 0.103633530437946 6.88976383209229
-1.42429459095001 0.103633530437946 6.83768033981323
-1.47637796401978 0.103633530437946 0
0 1 0
1.42429459095001 0.103633530437946 6.83768033981323
1.47637796401978 0.103633530437946 6.88976383209229
1.47637796401978 0.103633530437946 0
0 1 0
1.47637796401978 0.103633530437946 6.88976383209229
1.42429459095001 0.103633530437946 6.83768033981323
-1.47637796401978 0.103633530437946 6.88976383209229
0 1 0
1.47637796401978 0.103633530437946 6.88976383209229
-1.47637796401978 0.103633530437946 6.88976383209229
-1.47637796401978 0.266896337270737 6.88976383209229
0 0 -1
-1.47637796401978 0.266896337270737 6.88976383209229
1.47637796401978 0.266896337270737 6.88976383209229
1.47637796401978 0.103633530437946 6.88976383209229
0 0 -1
-1.47637796401978 -0.225229665637016 6.88976383209229
-1.47637796401978 -0.0637713223695755 6.88976383209229
1.47637796401978 -0.0637713223695755 6.88976383209229
0 0 -1
1.47637796401978 -0.0637713223695755 6.88976383209229
1.47637796401978 -0.225229665637016 6.88976383209229
-1.47637796401978 -0.225229665637016 6.88976383209229
0 0 -1
-1.42429459095001 -0.0637713223695755 6.83768033981323
-1.42429459095001 0.103633530437946 6.83768033981323
1.42429459095001 0.103633530437946 6.83768033981323
0 0 -1
1.42429459095001 0.103633530437946 6.83768033981323
1.42429459095001 -0.0637713223695755 6.83768033981323
-1.42429459095001 -0.0637713223695755 6.83768033981323
0 0 -1
-1.64041996002197 0.266896337270737 0
-1.47637796401978 0.103633530437946 0
-1.64041996002197 -0.225229665637016 0
0 0 -1
-1.47637796401978 0.103633530437946 0
-1.64041996002197 0.266896337270737 0
-1.47637796401978 0.266896337270737 0
0 0 -1
-1.42429459095001 0.103633530437946 0
-1.47637796401978 -0.0637713223695755 0
-1.47637796401978 0.103633530437946 0
0 0 -1
-1.47637796401978 -0.0637713223695755 0
-1.64041996002197 -0.225229665637016 0
-1.47637796401978 0.103633530437946 0
0 0 -1
-1.64041996002197 -0.225229665637016 0
-1.47637796401978 -0.0637713223695755 0
-1.47637796401978 -0.225229665637016 0
0 0 -1
-1.42429459095001 -0.0637713223695755 0
-1.47637796401978 -0.0637713223695755 0
-1.42429459095001 0.103633530437946 0
0 0 -1
-1.47637796401978 0.266896337270737 6.88976383209229
-1.47637796401978 0.103633530437946 6.88976383209229
-1.47637796401978 0.103633530437946 0
1 0 -3.22281883719759E-17
-1.47637796401978 0.103633530437946 0
-1.47637796401978 0.266896337270737 0
-1.47637796401978 0.266896337270737 6.88976383209229
1 0 -3.22281883719759E-17
-1.64041996002197 0.266896337270737 0
-1.64041996002197 -0.225229665637016 0
-1.64041996002197 -0.225229665637016 7.21784782409668
-1 0 -3.14786956191393E-17
-1.64041996002197 -0.225229665637016 7.21784782409668
-1.64041996002197 0.266896337270737 7.21784782409668
-1.64041996002197 0.266896337270737 0
-1 0 -3.14786956191393E-17
-1.47637796401978 -0.225229665637016 0
-1.47637796401978 -0.0637713223695755 0
-1.47637796401978 -0.0637713223695755 6.88976383209229
1 0 -3.22281883719759E-17
-1.47637796401978 -0.0637713223695755 6.88976383209229
-1.47637796401978 -0.225229665637016 6.88976383209229
-1.47637796401978 -0.225229665637016 0
1 0 -3.22281883719759E-17
-1.42429459095001 -0.0637713223695755 0
-1.42429459095001 0.103633530437946 0
-1.42429459095001 0.103633530437946 6.83768033981323
1 0 -3.24736738828763E-17
-1.42429459095001 0.103633530437946 6.83768033981323
-1.42429459095001 -0.0637713223695755 6.83768033981323
-1.42429459095001 -0.0637713223695755 0
1 0 -3.24736738828763E-17
1.64041996002197 0.266896337270737 7.21784782409668
-1.64041996002197 0.266896337270737 7.21784782409668
-1.64041996002197 -0.225229665637016 7.21784782409668
0 0 1
-1.64041996002197 -0.225229665637016 7.21784782409668
1.64041996002197 -0.225229665637016 7.21784782409668
1.64041996002197 0.266896337270737 7.21784782409668
0 0 1
-1.47637796401978 0.119258530437946 6.88976383209229
-0.976377964019775 0.119258530437946 3.59333992004395
-0.976377964019775 0.119258530437946 6.38976383209229
0 -1 0
-0.976377964019775 0.119258530437946 3.59333992004395
-1.47637796401978 0.119258530437946 6.88976383209229
-1.47637796401978 0.119258530437946 -3.19744231092045E-14
0 -1 0
-1.47637796401978 0.119258530437946 6.88976383209229
-0.976377964019775 0.119258530437946 6.38976383209229
-0.559711277484894 0.119258530437946 6.38976383209229
0 -1 0
1.47637796401978 0.119258530437946 6.88976383209229
-0.559711277484894 0.119258530437946 6.38976383209229
-0.559711277484894 0.119258530437946 3.59333992004395
0 -1 0
-0.559711277484894 0.119258530437946 6.38976383209229
1.47637796401978 0.119258530437946 6.88976383209229
-1.47637796401978 0.119258530437946 6.88976383209229
0 -1 0
1.47637796401978 0.119258530437946 6.88976383209229
-0.559711277484894 0.119258530437946 3.59333992004395
1.47637796401978 0.119258530437946 -3.19744231092045E-14
0 -1 0
-0.976377964019775 0.119258530437946 3.59333992004395
-0.559711277484894 0.119258530437946 2.96833992004395
-0.559711277484894 0.119258530437946 3.59333992004395
0 -1 0
-0.976377964019775 0.119258530437946 2.96833992004395
-1.47637796401978 0.119258530437946 -3.19744231092045E-14
-0.976377964019775 0.119258530437946 0.833333313465118
0 -1 0
-1.47637796401978 0.119258530437946 -3.19744231092045E-14
-0.976377964019775 0.119258530437946 2.96833992004395
-0.976377964019775 0.119258530437946 3.59333992004395
0 -1 0
-0.976377964019775 0.119258530437946 0.833333313465118
-1.47637796401978 0.119258530437946 -3.19744231092045E-14
-0.559711277484894 0.119258530437946 0.833333313465118
0 -1 0
-0.559711277484894 0.119258530437946 2.96833992004395
-0.559711277484894 0.119258530437946 0.833333313465118
1.47637796401978 0.119258530437946 -3.19744231092045E-14
0 -1 0
1.47637796401978 0.119258530437946 -3.19744231092045E-14
-0.559711277484894 0.119258530437946 0.833333313465118
-1.47637796401978 0.119258530437946 -3.19744231092045E-14
0 -1 0
-0.559711277484894 0.119258530437946 2.96833992004395
1.47637796401978 0.119258530437946 -3.19744231092045E-14
-0.559711277484894 0.119258530437946 3.59333992004395
0 -1 0
-0.976377964019775 0.119258530437946 2.96833992004395
-0.559711277484894 0.119258530437946 2.96833992004395
-0.976377964019775 0.119258530437946 3.59333992004395
0 -1 0
-1.47637796401978 0.266896337270737 -3.19744231092045E-14
-0.976377964019775 0.266896337270737 2.96833992004395
-0.976377964019775 0.266896337270737 0.833333313465118
0 1 0
-0.976377964019775 0.266896337270737 2.96833992004395
-1.47637796401978 0.266896337270737 -3.19744231092045E-14
-0.976377964019775 0.266896337270737 3.59333992004395
0 1 0
-1.47637796401978 0.266896337270737 -3.19744231092045E-14
-0.976377964019775 0.266896337270737 0.833333313465118
-0.559711277484894 0.266896337270737 0.833333313465118
0 1 0
1.47637796401978 0.266896337270737 -3.19744231092045E-14
-0.559711277484894 0.266896337270737 0.833333313465118
-0.559711277484894 0.266896337270737 2.96833992004395
0 1 0
-0.559711277484894 0.266896337270737 0.833333313465118
1.47637796401978 0.266896337270737 -3.19744231092045E-14
-1.47637796401978 0.266896337270737 -3.19744231092045E-14
0 1 0
1.47637796401978 0.266896337270737 -3.19744231092045E-14
-0.559711277484894 0.266896337270737 2.96833992004395
-0.559711277484894 0.266896337270737 3.59333992004395
0 1 0
-0.976377964019775 0.266896337270737 2.96833992004395
-0.976377964019775 0.266896337270737 3.59333992004395
-0.559711277484894 0.266896337270737 2.96833992004395
0 1 0
-0.976377964019775 0.266896337270737 3.59333992004395
-1.47637796401978 0.266896337270737 6.88976383209229
-0.976377964019775 0.266896337270737 6.38976383209229
0 1 0
-1.47637796401978 0.266896337270737 6.88976383209229
-0.976377964019775 0.266896337270737 3.59333992004395
-1.47637796401978 0.266896337270737 -3.19744231092045E-14
0 1 0
-0.976377964019775 0.266896337270737 6.38976383209229
-1.47637796401978 0.266896337270737 6.88976383209229
-0.559711277484894 0.266896337270737 6.38976383209229
0 1 0
-0.559711277484894 0.266896337270737 3.59333992004395
-0.559711277484894 0.266896337270737 6.38976383209229
1.47637796401978 0.266896337270737 6.88976383209229
0 1 0
1.47637796401978 0.266896337270737 6.88976383209229
-0.559711277484894 0.266896337270737 6.38976383209229
-1.47637796401978 0.266896337270737 6.88976383209229
0 1 0
-0.559711277484894 0.266896337270737 3.59333992004395
1.47637796401978 0.266896337270737 6.88976383209229
1.47637796401978 0.266896337270737 -3.19744231092045E-14
0 1 0
-0.976377964019775 0.266896337270737 3.59333992004395
-0.559711277484894 0.266896337270737 3.59333992004395
-0.559711277484894 0.266896337270737 2.96833992004395
0 1 0
-1.47637796401978 0.119258530437946 6.88976383209229
-1.47637796401978 0.266896337270737 6.88976383209229
-1.47637796401978 0.266896337270737 -3.19744231092045E-14
-1 0 -3.22281883719758E-17
-1.47637796401978 0.266896337270737 -3.19744231092045E-14
-1.47637796401978 0.119258530437946 -3.19744231092045E-14
-1.47637796401978 0.119258530437946 6.88976383209229
-1 0 -3.22281883719758E-17
-1.47637796401978 0.119258530437946 -3.19744231092045E-14
-1.47637796401978 0.266896337270737 -3.19744231092045E-14
1.47637796401978 0.266896337270737 -3.24185123190546E-14
-1.50398212402555E-16 0 -1
1.47637796401978 0.266896337270737 -3.24185123190546E-14
1.47637796401978 0.119258530437946 -3.24185123190546E-14
-1.47637796401978 0.119258530437946 -3.19744231092045E-14
-1.50398212402555E-16 0 -1
1.47637796401978 0.119258530437946 -3.19744231092045E-14
1.47637796401978 0.266896337270737 -3.19744231092045E-14
1.47637796401978 0.266896337270737 6.88976383209229
1 0 3.22281883719758E-17
1.47637796401978 0.266896337270737 6.88976383209229
1.47637796401978 0.119258530437946 6.88976383209229
1.47637796401978 0.119258530437946 -3.19744231092045E-14
1 0 3.22281883719758E-17
1.47637796401978 0.119258530437946 6.88976383209229
1.47637796401978 0.266896337270737 6.88976383209229
-1.47637796401978 0.266896337270737 6.88976383209229
0 0 1
-1.47637796401978 0.266896337270737 6.88976383209229
-1.47637796401978 0.119258530437946 6.88976383209229
1.47637796401978 0.119258530437946 6.88976383209229
0 0 1
-0.976377964019775 0.119258530437946 6.38976383209229
-0.976377964019775 0.266896337270737 6.38976383209229
-0.559711277484894 0.266896337270737 6.38976383209229
0 0 -1
-0.559711277484894 0.266896337270737 6.38976383209229
-0.559711277484894 0.119258530437946 6.38976383209229
-0.976377964019775 0.119258530437946 6.38976383209229
0 0 -1
-0.559711277484894 0.119258530437946 6.38976383209229
-0.559711277484894 0.266896337270737 6.38976383209229
-0.559711277484894 0.266896337270737 3.59333992004395
-1 0 0
-0.559711277484894 0.266896337270737 3.59333992004395
-0.559711277484894 0.119258530437946 3.59333992004395
-0.559711277484894 0.119258530437946 6.38976383209229
-1 0 0
-0.559711277484894 0.119258530437946 3.59333992004395
-0.559711277484894 0.266896337270737 3.59333992004395
-0.976377964019775 0.266896337270737 3.59333992004395
0 0 1
-0.976377964019775 0.266896337270737 3.59333992004395
-0.976377964019775 0.119258530437946 3.59333992004395
-0.559711277484894 0.119258530437946 3.59333992004395
0 0 1
-0.976377964019775 0.119258530437946 3.59333992004395
-0.976377964019775 0.266896337270737 3.59333992004395
-0.976377964019775 0.266896337270737 6.38976383209229
1 0 0
-0.976377964019775 0.266896337270737 6.38976383209229
-0.976377964019775 0.119258530437946 6.38976383209229
-0.976377964019775 0.119258530437946 3.59333992004395
1 0 0
-0.976377964019775 0.119258530437946 2.96833992004395
-0.976377964019775 0.266896337270737 2.96833992004395
-0.559711277484894 0.266896337270737 2.96833992004395
0 0 -1
-0.559711277484894 0.266896337270737 2.96833992004395
-0.559711277484894 0.119258530437946 2.96833992004395
-0.976377964019775 0.119258530437946 2.96833992004395
0 0 -1
-0.559711277484894 0.119258530437946 2.96833992004395
-0.559711277484894 0.266896337270737 2.96833992004395
-0.559711277484894 0.266896337270737 0.833333313465118
-1 0 0
-0.559711277484894 0.266896337270737 0.833333313465118
-0.559711277484894 0.119258530437946 0.833333313465118
-0.559711277484894 0.119258530437946 2.96833992004395
-1 0 0
-0.559711277484894 0.119258530437946 0.833333313465118
-0.559711277484894 0.266896337270737 0.833333313465118
-0.976377964019775 0.266896337270737 0.833333313465118
0 0 1
-0.976377964019775 0.266896337270737 0.833333313465118
-0.976377964019775 0.119258530437946 0.833333313465118
-0.559711277484894 0.119258530437946 0.833333313465118
0 0 1
-0.976377964019775 0.119258530437946 0.833333313465118
-0.976377964019775 0.266896337270737 0.833333313465118
-0.976377964019775 0.266896337270737 2.96833992004395
1 0 0
-0.976377964019775 0.266896337270737 2.96833992004395
-0.976377964019775 0.119258530437946 2.96833992004395
-0.976377964019775 0.119258530437946 0.833333313465118
1 0 0
-0.559711277484894 0.184875324368477 6.38976383209229
-0.976377964019775 0.184875324368477 6.38976383209229
-0.976377964019775 0.184875324368477 3.59333992004395
-3.23172538725815E-15 -1 0
-0.976377964019775 0.184875324368477 3.59333992004395
-0.559711277484894 0.184875324368477 3.59333992004395
-0.559711277484894 0.184875324368477 6.38976383209229
-3.23172538725815E-15 -1 0
-0.559711277484894 0.184875324368477 2.96833992004395
-0.976377964019775 0.184875324368477 2.96833992004395
-0.976377964019775 0.184875324368477 0.833333313465118
-3.23172538725815E-15 -1 0
-0.976377964019775 0.184875324368477 0.833333313465118
-0.559711277484894 0.184875324368477 0.833333313465118
-0.559711277484894 0.184875324368477 2.96833992004395
-3.23172538725815E-15 -1 0
-0.559711277484894 0.201279520988464 3.59333992004395
-0.976377964019775 0.201279520988464 3.59333992004395
-0.976377964019775 0.201279520988464 6.38976383209229
3.23172538725815E-15 1 0
-0.976377964019775 0.201279520988464 6.38976383209229
-0.559711277484894 0.201279520988464 6.38976383209229
-0.559711277484894 0.201279520988464 3.59333992004395
3.23172538725815E-15 1 0
-0.559711277484894 0.201279520988464 0.833333313465118
-0.976377964019775 0.201279520988464 0.833333313465118
-0.976377964019775 0.201279520988464 2.96833992004395
3.23172538725815E-15 1 0
-0.976377964019775 0.201279520988464 2.96833992004395
-0.559711277484894 0.201279520988464 2.96833992004395
-0.559711277484894 0.201279520988464 0.833333313465118
3.23172538725815E-15 1 0
-0.976377964019775 0.184875324368477 6.38976383209229
-0.976377964019775 0.201279520988464 6.38976383209229
-0.976377964019775 0.201279520988464 3.59333992004395
-1 0 0
-0.976377964019775 0.201279520988464 3.59333992004395
-0.976377964019775 0.184875324368477 3.59333992004395
-0.976377964019775 0.184875324368477 6.38976383209229
-1 0 0
-0.976377964019775 0.184875324368477 3.59333992004395
-0.976377964019775 0.201279520988464 3.59333992004395
-0.559711277484894 0.201279520988464 3.59333992004395
0 0 -1
-0.559711277484894 0.201279520988464 3.59333992004395
-0.559711277484894 0.184875324368477 3.59333992004395
-0.976377964019775 0.184875324368477 3.59333992004395
0 0 -1
-0.559711277484894 0.184875324368477 3.59333992004395
-0.559711277484894 0.201279520988464 3.59333992004395
-0.559711277484894 0.201279520988464 6.38976383209229
1 0 0
-0.559711277484894 0.201279520988464 6.38976383209229
-0.559711277484894 0.184875324368477 6.38976383209229
-0.559711277484894 0.184875324368477 3.59333992004395
1 0 0
-0.559711277484894 0.184875324368477 6.38976383209229
-0.559711277484894 0.201279520988464 6.38976383209229
-0.976377964019775 0.201279520988464 6.38976383209229
0 0 1
-0.976377964019775 0.201279520988464 6.38976383209229
-0.976377964019775 0.184875324368477 6.38976383209229
-0.559711277484894 0.184875324368477 6.38976383209229
0 0 1
-0.976377964019775 0.184875324368477 2.96833992004395
-0.976377964019775 0.201279520988464 2.96833992004395
-0.976377964019775 0.201279520988464 0.833333313465118
-1 0 0
-0.976377964019775 0.201279520988464 0.833333313465118
-0.976377964019775 0.184875324368477 0.833333313465118
-0.976377964019775 0.184875324368477 2.96833992004395
-1 0 0
-0.976377964019775 0.184875324368477 0.833333313465118
-0.976377964019775 0.201279520988464 0.833333313465118
-0.559711277484894 0.201279520988464 0.833333313465118
0 0 -1
-0.559711277484894 0.201279520988464 0.833333313465118
-0.559711277484894 0.184875324368477 0.833333313465118
-0.976377964019775 0.184875324368477 0.833333313465118
0 0 -1
-0.559711277484894 0.184875324368477 0.833333313465118
-0.559711277484894 0.201279520988464 0.833333313465118
-0.559711277484894 0.201279520988464 2.96833992004395
1 0 0
-0.559711277484894 0.201279520988464 2.96833992004395
-0.559711277484894 0.184875324368477 2.96833992004395
-0.559711277484894 0.184875324368477 0.833333313465118
1 0 0
-0.559711277484894 0.184875324368477 2.96833992004395
-0.559711277484894 0.201279520988464 2.96833992004395
-0.976377964019775 0.201279520988464 2.96833992004395
0 0 1
-0.976377964019775 0.201279520988464 2.96833992004395
-0.976377964019775 0.184875324368477 2.96833992004395
-0.559711277484894 0.184875324368477 2.96833992004395
0 0 1
[HEADER]
429515,M_Door-Passage-Single-Vision_Two_Lite 2,6
407.915987377631 216.168742410539 13.1233595800525
1
1.78613910428044E-15 1 0
-1 1.78613910428044E-15 0
0 0 1
[HEADER]
429516,M_Door-Passage-Single-Vision_Two_Lite 2,6
407.915987377631 224.650523938879 13.1233595800525
1
1.78613910428044E-15 1 0
-1 1.78613910428044E-15 0
0 0 1
[HEADER]
429517,M_Door-Passage-Single-Vision_Two_Lite 2,6
407.915987377631 237.836970833003 13.1233595800525
1
1.78613910428044E-15 1 0
-1 1.78613910428044E-15 0
0 0 1
[HEADER]
429518,M_Door-Passage-Single-Vision_Two_Lite 2,6
407.915987377631 246.367154560037 13.1233595800525
1
1.78613910428044E-15 1 0
-1 1.78613910428044E-15 0
0 0 1
[HEADER]
429519,M_Door-Passage-Single-Vision_Two_Lite 2,6
407.915987377631 259.49051414009 13.1233595800525
1
1.78613910428044E-15 1 0
-1 1.78613910428044E-15 0
0 0 1
[HEADER]
429520,M_Door-Passage-Single-Vision_Two_Lite 2,6
407.915987377631 267.995340205319 13.1233595800525
1
1.78613910428044E-15 1 0
-1 1.78613910428044E-15 0
0 0 1
[HEADER]
429521,M_Door-Passage-Single-Vision_Two_Lite 2,6
407.915987377631 281.118699785372 13.1233595800525
1
1.78613910428044E-15 1 0
-1 1.78613910428044E-15 0
0 0 1
[HEADER]
429522,M_Door-Passage-Single-Vision_Two_Lite 2,6
407.915987377631 289.61115386014 13.1233595800525
1
1.78613910428044E-15 1 0
-1 1.78613910428044E-15 0
0 0 1
[HEADER]
429523,M_Door-Passage-Single-Vision_Two_Lite 2,6
407.915987377631 302.772243092458 13.1233595800525
1
1.78613910428044E-15 1 0
-1 1.78613910428044E-15 0
0 0 1
[HEADER]
429524,0762 x 2134mm,278
411.504077928812 300.80373915545 13.1233595800525
1
-1 0 0
0 -1 0
0 0 1
-1.49934387207031 0.410104990005493 7.25065612792969
-1.25 0.410104990005493 7.00131225585938
-1.49934387207031 0.410104990005493 0
-1.86407339295249E-15 1 0
-1.25 0.410104990005493 7.00131225585938
-1.49934387207031 0.410104990005493 7.25065612792969
1.25 0.410104990005493 7.00131225585938
-1.86407339295249E-15 1 0
-1.25 0.410104990005493 0
-1.49934387207031 0.410104990005493 0
-1.25 0.410104990005493 7.00131225585938
-1.86407339295249E-15 1 0
1.25 0.410104990005493 7.00131225585938
1.49934387207031 0.410104990005493 7.25065612792969
1.49934387207031 0.410104990005493 0
-1.86407339295249E-15 1 0
1.49934387207031 0.410104990005493 7.25065612792969
1.25 0.410104990005493 7.00131225585938
-1.49934387207031 0.410104990005493 7.25065612792969
-1.86407339295249E-15 1 0
1.49934387207031 0.410104990005493 0
1.25 0.410104990005493 0
1.25 0.410104990005493 7.00131225585938
-1.86407339295249E-15 1 0
1.49934387207031 0.328083992004395 7.25065612792969
1.25 0.328083992004395 7.00131225585938
1.49934387207031 0.328083992004395 0
1.86407339295249E-15 -1 0
1.25 0.328083992004395 7.00131225585938
1.49934387207031 0.328083992004395 7.25065612792969
-1.25 0.328083992004395 7.00131225585938
1.86407339295249E-15 -1 0
1.25 0.328083992004395 0
1.49934387207031 0.328083992004395 0
1.25 0.328083992004395 7.00131225585938
1.86407339295249E-15 -1 0
-1.25 0.328083992004395 7.00131225585938
-1.49934387207031 0.328083992004395 7.25065612792969
-1.49934387207031 0.328083992004395 0
1.86407339295249E-15 -1 0
-1.49934387207031 0.328083992004395 7.25065612792969
-1.25 0.328083992004395 7.00131225585938
1.49934387207031 0.328083992004395 7.25065612792969
1.86407339295249E-15 -1 0
-1.49934387207031 0.328083992004395 0
-1.25 0.328083992004395 0
-1.25 0.328083992004395 7.00131225585938
1.86407339295249E-15 -1 0
-1.49934387207031 0.410104990005493 7.25065612792969
-1.49934387207031 0.328083992004395 7.25065612792969
1.49934387207031 0.328083992004395 7.25065612792969
0 0 1
1.49934387207031 0.328083992004395 7.25065612792969
1.49934387207031 0.410104990005493 7.25065612792969
-1.49934387207031 0.410104990005493 7.25065612792969
0 0 1
1.49934387207031 0.410104990005493 7.25065612792969
1.49934387207031 0.328083992004395 7.25065612792969
1.49934387207031 0.328083992004395 0
1 2.70716782324658E-15 0
1.49934387207031 0.328083992004395 0
1.49934387207031 0.410104990005493 0
1.49934387207031 0.410104990005493 7.25065612792969
1 2.70716782324658E-15 0
1.49934387207031 0.410104990005493 0
1.49934387207031 0.328083992004395 0
1.25 0.328083992004395 0
0 0 -1
1.25 0.328083992004395 0
1.25 0.410104990005493 0
1.49934387207031 0.410104990005493 0
0 0 -1
1.25 0.410104990005493 0
1.25 0.328083992004395 0
1.25 0.328083992004395 7.00131225585938
-1 -2.70716782324658E-15 0
1.25 0.328083992004395 7.00131225585938
1.25 0.410104990005493 7.00131225585938
1.25 0.410104990005493 0
-1 -2.70716782324658E-15 0
1.25 0.410104990005493 7.00131225585938
1.25 0.328083992004395 7.00131225585938
-1.25 0.328083992004395 7.00131225585938
0 0 -1
-1.25 0.328083992004395 7.00131225585938
-1.25 0.410104990005493 7.00131225585938
1.25 0.410104990005493 7.00131225585938
0 0 -1
-1.25 0.410104990005493 7.00131225585938
-1.25 0.328083992004395 7.00131225585938
-1.25 0.328083992004395 0
1 2.70716782324658E-15 0
-1.25 0.328083992004395 0
-1.25 0.410104990005493 0
-1.25 0.410104990005493 7.00131225585938
1 2.70716782324658E-15 0
-1.25 0.410104990005493 0
-1.25 0.328083992004395 0
-1.49934387207031 0.328083992004395 0
0 0 -1
-1.49934387207031 0.328083992004395 0
-1.49934387207031 0.410104990005493 0
-1.25 0.410104990005493 0
0 0 -1
-1.49934387207031 0.410104990005493 0
-1.49934387207031 0.328083992004395 0
-1.49934387207031 0.328083992004395 7.25065612792969
-1 -2.70716782324658E-15 0
-1.49934387207031 0.328083992004395 7.25065612792969
-1.49934387207031 0.410104990005493 7.25065612792969
-1.49934387207031 0.410104990005493 0
-1 -2.70716782324658E-15 0
1.49934387207031 -0.410104990005493 7.25065612792969
1.25 -0.410104990005493 7.00131225585938
1.49934387207031 -0.410104990005493 0
1.86407339295249E-15 -1 0
1.25 -0.410104990005493 7.00131225585938
1.49934387207031 -0.410104990005493 7.25065612792969
-1.25 -0.410104990005493 7.00131225585938
1.86407339295249E-15 -1 0
1.25 -0.410104990005493 0
1.49934387207031 -0.410104990005493 0
1.25 -0.410104990005493 7.00131225585938
1.86407339295249E-15 -1 0
-1.25 -0.410104990005493 7.00131225585938
-1.49934387207031 -0.410104990005493 7.25065612792969
-1.49934387207031 -0.410104990005493 0
1.86407339295249E-15 -1 0
-1.49934387207031 -0.410104990005493 7.25065612792969
-1.25 -0.410104990005493 7.00131225585938
1.49934387207031 -0.410104990005493 7.25065612792969
1.86407339295249E-15 -1 0
-1.49934387207031 -0.410104990005493 0
-1.25 -0.410104990005493 0
-1.25 -0.410104990005493 7.00131225585938
1.86407339295249E-15 -1 0
-1.49934387207031 -0.328083992004395 7.25065612792969
-1.25 -0.328083992004395 7.00131225585938
-1.49934387207031 -0.328083992004395 0
-1.86407339295249E-15 1 0
-1.25 -0.328083992004395 7.00131225585938
-1.49934387207031 -0.328083992004395 7.25065612792969
1.25 -0.328083992004395 7.00131225585938
-1.86407339295249E-15 1 0
-1.25 -0.328083992004395 0
-1.49934387207031 -0.328083992004395 0
-1.25 -0.328083992004395 7.00131225585938
-1.86407339295249E-15 1 0
1.25 -0.328083992004395 7.00131225585938
1.49934387207031 -0.328083992004395 7.25065612792969
1.49934387207031 -0.328083992004395 0
-1.86407339295249E-15 1 0
1.49934387207031 -0.328083992004395 7.25065612792969
1.25 -0.328083992004395 7.00131225585938
-1.49934387207031 -0.328083992004395 7.25065612792969
-1.86407339295249E-15 1 0
1.49934387207031 -0.328083992004395 0
1.25 -0.328083992004395 0
1.25 -0.328083992004395 7.00131225585938
-1.86407339295249E-15 1 0
1.49934387207031 -0.410104990005493 7.25065612792969
1.49934387207031 -0.328083992004395 7.25065612792969
-1.49934387207031 -0.328083992004395 7.25065612792969
0 0 1
-1.49934387207031 -0.328083992004395 7.25065612792969
-1.49934387207031 -0.410104990005493 7.25065612792969
1.49934387207031 -0.410104990005493 7.25065612792969
0 0 1
-1.49934387207031 -0.410104990005493 7.25065612792969
-1.49934387207031 -0.328083992004395 7.25065612792969
-1.49934387207031 -0.328083992004395 0
-1 -2.70716782324538E-15 0
-1.49934387207031 -0.328083992004395 0
-1.49934387207031 -0.410104990005493 0
-1.49934387207031 -0.410104990005493 7.25065612792969
-1 -2.70716782324538E-15 0
-1.49934387207031 -0.410104990005493 0
-1.49934387207031 -0.328083992004395 0
-1.25 -0.328083992004395 0
0 0 -1
-1.25 -0.328083992004395 0
-1.25 -0.410104990005493 0
-1.49934387207031 -0.410104990005493 0
0 0 -1
-1.25 -0.410104990005493 0
-1.25 -0.328083992004395 0
-1.25 -0.328083992004395 7.00131225585938
1 2.70716782324538E-15 0
-1.25 -0.328083992004395 7.00131225585938
-1.25 -0.410104990005493 7.00131225585938
-1.25 -0.410104990005493 0
1 2.70716782324538E-15 0
-1.25 -0.410104990005493 7.00131225585938
-1.25 -0.328083992004395 7.00131225585938
1.25 -0.328083992004395 7.00131225585938
0 0 -1
1.25 -0.328083992004395 7.00131225585938
1.25 -0.410104990005493 7.00131225585938
-1.25 -0.410104990005493 7.00131225585938
0 0 -1
1.25 -0.410104990005493 7.00131225585938
1.25 -0.328083992004395 7.00131225585938
1.25 -0.328083992004395 0
-1 -2.70716782324538E-15 0
1.25 -0.328083992004395 0
1.25 -0.410104990005493 0
1.25 -0.410104990005493 7.00131225585938
-1 -2.70716782324538E-15 0
1.25 -0.410104990005493 0
1.25 -0.328083992004395 0
1.49934387207031 -0.328083992004395 0
0 0 -1
1.49934387207031 -0.328083992004395 0
1.49934387207031 -0.410104990005493 0
1.25 -0.410104990005493 0
0 0 -1
1.49934387207031 -0.410104990005493 0
1.49934387207031 -0.328083992004395 0
1.49934387207031 -0.328083992004395 7.25065612792969
1 2.70716782324538E-15 0
1.49934387207031 -0.328083992004395 7.25065612792969
1.49934387207031 -0.410104990005493 7.25065612792969
1.49934387207031 -0.410104990005493 0
1 2.70716782324538E-15 0
-1.25 0.160761147737503 7.00131225585938
-1.25 0.160761147737503 0
1.25 0.160761147737503 0
0 -1 0
1.25 0.160761147737503 0
1.25 0.160761147737503 7.00131225585938
-1.25 0.160761147737503 7.00131225585938
0 -1 0
1.25 0.328083992004395 0
-1.25 0.328083992004395 0
-1.25 0.328083992004395 7.00131225585938
0 1 0
-1.25 0.328083992004395 7.00131225585938
1.25 0.328083992004395 7.00131225585938
1.25 0.328083992004395 0
0 1 0
1.25 0.160761147737503 7.00131225585938
1.25 0.328083992004395 7.00131225585938
-1.25 0.328083992004395 7.00131225585938
0 0 1
-1.25 0.328083992004395 7.00131225585938
-1.25 0.160761147737503 7.00131225585938
1.25 0.160761147737503 7.00131225585938
0 0 1
-1.25 0.160761147737503 7.00131225585938
-1.25 0.328083992004395 7.00131225585938
-1.25 0.328083992004395 0
-1 0 0
-1.25 0.328083992004395 0
-1.25 0.160761147737503 0
-1.25 0.160761147737503 7.00131225585938
-1 0 0
-1.25 0.160761147737503 0
-1.25 0.328083992004395 0
1.25 0.328083992004395 0
0 0 -1
1.25 0.328083992004395 0
1.25 0.160761147737503 0
-1.25 0.160761147737503 0
0 0 -1
1.25 0.160761147737503 0
1.25 0.328083992004395 0
1.25 0.328083992004395 7.00131225585938
1 0 0
1.25 0.328083992004395 7.00131225585938
1.25 0.160761147737503 7.00131225585938
1.25 0.160761147737503 0
1 0 0
[HEADER]
429525,0762 x 2134mm,6
411.504077928812 291.579657797148 13.1233595800525
1
1 0 0
0 1 0
0 0 1
[HEADER]
429526,0762 x 2134mm,6
411.504077928812 279.150195848364 13.1233595800525
1
-1 0 0
0 -1 0
0 0 1
[HEADER]
429527,0762 x 2134mm,6
411.504077928812 269.963844142327 13.1233595800525
1
1 0 0
0 1 0
0 0 1
[HEADER]
429528,0762 x 2134mm,6
411.471269527282 257.522010203082 13.1233595800525
1
-1 0 0
0 -1 0
0 0 1
[HEADER]
429529,0762 x 2134mm,6
411.471269527282 248.335658497045 13.1233595800525
1
1 -5.12599824758409E-15 0
5.12599824758409E-15 1 0
0 0 1
[HEADER]
429530,0762 x 2134mm,6
411.504077928812 235.868466895995 13.1233595800525
1
-1 5.11010160988298E-15 0
-5.11010160988298E-15 -1 0
0 0 1
[HEADER]
429531,0762 x 2134mm,6
411.504077928812 226.619027875887 13.1233595800525
1
1 -5.09584531434539E-15 0
5.09584531434539E-15 1 0
0 0 1
[HEADER]
429532,0762 x 2134mm,6
411.471269527282 214.200238473531 13.1233595800525
1
-1 5.12599824758404E-15 0
-5.12599824758404E-15 -1 0
0 0 1
[HEADER]
429533,0762 x 2134mm,6
411.471269527282 204.9654845688 13.1233595800525
1
1 -5.12599824758404E-15 0
5.12599824758404E-15 1 0
0 0 1
[HEADER]
429534,0762 x 2134mm,6
413.913833138765 187.910038367016 13.1233595800525
1
1 -2.66962620544914E-15 0
2.66962620544914E-15 1 0
0 0 1
[HEADER]
429535,0762 x 2134mm,6
407.895154044297 186.179395322396 13.1233595800525
1
-1.78613910428044E-15 -1 0
1 -1.78613910428044E-15 0
0 0 1
[HEADER]
429536,M_Door-Passage-Double-Flush,342
411.389248598907 155.417748340769 13.1233595800525
1
-1 3.21014931764825E-15 0
-3.21014931764825E-15 -1 0
0 0 1
3.11679792404175 -0.225229665637016 8.88178419700125E-16
2.95275592803955 0.103633530437946 8.88178419700125E-16
3.11679792404175 0.266896337270737 8.88178419700125E-16
0 0 -1
2.95275592803955 0.266896337270737 8.88178419700125E-16
3.11679792404175 0.266896337270737 8.88178419700125E-16
2.95275592803955 0.103633530437946 8.88178419700125E-16
0 0 -1
2.95275592803955 0.103633530437946 8.88178419700125E-16
2.95275592803955 -0.0637713223695755 8.88178419700125E-16
2.90067267417908 0.103633530437946 8.88178419700125E-16
0 0 -1
2.95275592803955 0.103633530437946 8.88178419700125E-16
3.11679792404175 -0.225229665637016 8.88178419700125E-16
2.95275592803955 -0.0637713223695755 8.88178419700125E-16
0 0 -1
2.95275592803955 -0.225229665637016 8.88178419700125E-16
2.95275592803955 -0.0637713223695755 8.88178419700125E-16
3.11679792404175 -0.225229665637016 8.88178419700125E-16
0 0 -1
2.90067267417908 0.103633530437946 8.88178419700125E-16
2.95275592803955 -0.0637713223695755 8.88178419700125E-16
2.90067267417908 -0.0637713223695755 8.88178419700125E-16
0 0 -1
2.95275592803955 0.103633530437946 0
2.95275592803955 0.103633530437946 6.88976383209229
2.95275592803955 0.266896337270737 6.88976383209229
-1 0 -6.44563767439519E-17
2.95275592803955 0.266896337270737 6.88976383209229
2.95275592803955 0.266896337270737 0
2.95275592803955 0.103633530437946 0
-1 0 -6.44563767439519E-17
-2.95275592803955 0.266896337270737 3.78139764942877E-24
-3.11679792404175 0.266896337270737 3.1511646421189E-24
-2.95275592803955 0.266896337270737 6.88976383209229
0 1 -8.05704709299398E-18
3.11679792404175 0.266896337270737 -1.26046569907538E-23
2.95275592803955 0.266896337270737 -1.32348898008484E-23
2.95275592803955 0.266896337270737 6.88976383209229
0 1 -8.05704709299398E-18
-2.95275592803955 0.266896337270737 6.88976383209229
-3.11679792404175 0.266896337270737 7.21784782409668
2.95275592803955 0.266896337270737 6.88976383209229
0 1 -8.05704709299398E-18
-3.11679792404175 0.266896337270737 7.21784782409668
-2.95275592803955 0.266896337270737 6.88976383209229
-3.11679792404175 0.266896337270737 3.1511646421189E-24
0 1 -8.05704709299398E-18
2.95275592803955 0.266896337270737 6.88976383209229
3.11679792404175 0.266896337270737 7.21784782409668
3.11679792404175 0.266896337270737 -1.26046569907538E-23
0 1 -8.05704709299398E-18
3.11679792404175 0.266896337270737 7.21784782409668
2.95275592803955 0.266896337270737 6.88976383209229
-3.11679792404175 0.266896337270737 7.21784782409668
0 1 -8.05704709299398E-18
3.11679792404175 0.266896337270737 0
3.11679792404175 0.266896337270737 7.21784782409668
3.11679792404175 -0.225229665637016 7.21784782409668
1 0 0
3.11679792404175 -0.225229665637016 7.21784782409668
3.11679792404175 -0.225229665637016 0
3.11679792404175 0.266896337270737 0
1 0 0
2.95275592803955 -0.225229665637016 -1.32348898008484E-23
3.11679792404175 -0.225229665637016 0
2.95275592803955 -0.225229665637016 6.88976383209229
0 -1 1.57393478095696E-17
-3.11679792404175 -0.225229665637016 0
-2.95275592803955 -0.225229665637016 1.32348898008484E-23
-2.95275592803955 -0.225229665637016 6.88976383209229
0 -1 1.57393478095696E-17
2.95275592803955 -0.225229665637016 6.88976383209229
3.11679792404175 -0.225229665637016 7.21784782409668
-2.95275592803955 -0.225229665637016 6.88976383209229
0 -1 1.57393478095696E-17
3.11679792404175 -0.225229665637016 7.21784782409668
2.95275592803955 -0.225229665637016 6.88976383209229
3.11679792404175 -0.225229665637016 0
0 -1 1.57393478095696E-17
-2.95275592803955 -0.225229665637016 6.88976383209229
-3.11679792404175 -0.225229665637016 7.21784782409668
-3.11679792404175 -0.225229665637016 0
0 -1 1.57393478095696E-17
-3.11679792404175 -0.225229665637016 7.21784782409668
-2.95275592803955 -0.225229665637016 6.88976383209229
3.11679792404175 -0.225229665637016 7.21784782409668
0 -1 1.57393478095696E-17
2.95275592803955 -0.225229665637016 0
2.95275592803955 -0.225229665637016 6.88976383209229
2.95275592803955 -0.0637713223695755 6.88976383209229
-1 0 -6.44563767439519E-17
2.95275592803955 -0.0637713223695755 6.88976383209229
2.95275592803955 -0.0637713223695755 0
2.95275592803955 -0.225229665637016 0
-1 0 -6.44563767439519E-17
2.90067267417908 -0.0637713223695755 6.25191002834151E-24
2.95275592803955 -0.0637713223695755 0
2.90067267417908 -0.0637713223695755 6.83768033981323
0 -1 8.05704709299398E-18
-2.95275592803955 -0.0637713223695755 1.70162866614163E-23
-2.90067267417908 -0.0637713223695755 -1.57054017853307E-23
-2.90067267417908 -0.0637713223695755 6.83768033981323
0 -1 8.05704709299398E-18
2.90067267417908 -0.0637713223695755 6.83768033981323
2.95275592803955 -0.0637713223695755 6.88976383209229
-2.90067267417908 -0.0637713223695755 6.83768033981323
0 -1 8.05704709299398E-18
2.95275592803955 -0.0637713223695755 6.88976383209229
2.90067267417908 -0.0637713223695755 6.83768033981323
2.95275592803955 -0.0637713223695755 0
0 -1 8.05704709299398E-18
-2.90067267417908 -0.0637713223695755 6.83768033981323
-2.95275592803955 -0.0637713223695755 6.88976383209229
-2.95275592803955 -0.0637713223695755 1.70162866614163E-23
0 -1 8.05704709299398E-18
-2.95275592803955 -0.0637713223695755 6.88976383209229
-2.90067267417908 -0.0637713223695755 6.83768033981323
2.95275592803955 -0.0637713223695755 6.88976383209229
0 -1 8.05704709299398E-18
2.90067267417908 -0.0637713223695755 0
2.90067267417908 -0.0637713223695755 6.83768033981323
2.90067267417908 0.103633530437946 6.83768033981323
-1 0 -6.49473477657525E-17
2.90067267417908 0.103633530437946 6.83768033981323
2.90067267417908 0.103633530437946 0
2.90067267417908 -0.0637713223695755 0
-1 0 -6.49473477657525E-17
-2.90067267417908 0.103633530437946 6.02805457483649E-24
-2.95275592803955 0.103633530437946 -2.55521513531948E-24
-2.90067267417908 0.103633530437946 6.83768033981323
0 1 0
2.95275592803955 0.103633530437946 -4.65161969626202E-24
2.90067267417908 0.103633530437946 0
2.90067267417908 0.103633530437946 6.83768033981323
0 1 0
-2.90067267417908 0.103633530437946 6.83768033981323
-2.95275592803955 0.103633530437946 6.88976383209229
2.90067267417908 0.103633530437946 6.83768033981323
0 1 0
-2.95275592803955 0.103633530437946 6.88976383209229
-2.90067267417908 0.103633530437946 6.83768033981323
-2.95275592803955 0.103633530437946 -2.55521513531948E-24
0 1 0
2.90067267417908 0.103633530437946 6.83768033981323
2.95275592803955 0.103633530437946 6.88976383209229
2.95275592803955 0.103633530437946 -4.65161969626202E-24
0 1 0
2.95275592803955 0.103633530437946 6.88976383209229
2.90067267417908 0.103633530437946 6.83768033981323
-2.95275592803955 0.103633530437946 6.88976383209229
0 1 0
2.95275592803955 0.103633530437946 6.88976383209229
-2.95275592803955 0.103633530437946 6.88976383209229
-2.95275592803955 0.266896337270737 6.88976383209229
0 0 -1
-2.95275592803955 0.266896337270737 6.88976383209229
2.95275592803955 0.266896337270737 6.88976383209229
2.95275592803955 0.103633530437946 6.88976383209229
0 0 -1
-2.95275592803955 -0.225229665637016 6.88976383209229
-2.95275592803955 -0.0637713223695755 6.88976383209229
2.95275592803955 -0.0637713223695755 6.88976383209229
0 0 -1
2.95275592803955 -0.0637713223695755 6.88976383209229
2.95275592803955 -0.225229665637016 6.88976383209229
-2.95275592803955 -0.225229665637016 6.88976383209229
0 0 -1
-2.90067267417908 -0.0637713223695755 6.83768033981323
-2.90067267417908 0.103633530437946 6.83768033981323
2.90067267417908 0.103633530437946 6.83768033981323
0 0 -1
2.90067267417908 0.103633530437946 6.83768033981323
2.90067267417908 -0.0637713223695755 6.83768033981323
-2.90067267417908 -0.0637713223695755 6.83768033981323
0 0 -1
-3.11679792404175 0.266896337270737 0
-2.95275592803955 0.103633530437946 0
-3.11679792404175 -0.225229665637016 0
0 0 -1
-2.95275592803955 0.103633530437946 0
-3.11679792404175 0.266896337270737 0
-2.95275592803955 0.266896337270737 0
0 0 -1
-2.90067267417908 0.103633530437946 0
-2.95275592803955 -0.0637713223695755 0
-2.95275592803955 0.103633530437946 0
0 0 -1
-2.95275592803955 -0.0637713223695755 0
-3.11679792404175 -0.225229665637016 0
-2.95275592803955 0.103633530437946 0
0 0 -1
-3.11679792404175 -0.225229665637016 0
-2.95275592803955 -0.0637713223695755 0
-2.95275592803955 -0.225229665637016 0
0 0 -1
-2.90067267417908 -0.0637713223695755 0
-2.95275592803955 -0.0637713223695755 0
-2.90067267417908 0.103633530437946 0
0 0 -1
-2.95275592803955 0.266896337270737 6.88976383209229
-2.95275592803955 0.103633530437946 6.88976383209229
-2.95275592803955 0.103633530437946 0
1 0 0
-2.95275592803955 0.103633530437946 0
-2.95275592803955 0.266896337270737 0
-2.95275592803955 0.266896337270737 6.88976383209229
1 0 0
-3.11679792404175 0.266896337270737 0
-3.11679792404175 -0.225229665637016 0
-3.11679792404175 -0.225229665637016 7.21784782409668
-1 0 0
-3.11679792404175 -0.225229665637016 7.21784782409668
-3.11679792404175 0.266896337270737 7.21784782409668
-3.11679792404175 0.266896337270737 0
-1 0 0
-2.95275592803955 -0.225229665637016 0
-2.95275592803955 -0.0637713223695755 0
-2.95275592803955 -0.0637713223695755 6.88976383209229
1 0 0
-2.95275592803955 -0.0637713223695755 6.88976383209229
-2.95275592803955 -0.225229665637016 6.88976383209229
-2.95275592803955 -0.225229665637016 0
1 0 0
-2.90067267417908 -0.0637713223695755 0
-2.90067267417908 0.103633530437946 0
-2.90067267417908 0.103633530437946 6.83768033981323
1 0 0
-2.90067267417908 0.103633530437946 6.83768033981323
-2.90067267417908 -0.0637713223695755 6.83768033981323
-2.90067267417908 -0.0637713223695755 0
1 0 0
3.11679792404175 0.266896337270737 7.21784782409668
-3.11679792404175 0.266896337270737 7.21784782409668
-3.11679792404175 -0.225229665637016 7.21784782409668
0 0 1
-3.11679792404175 -0.225229665637016 7.21784782409668
3.11679792404175 -0.225229665637016 7.21784782409668
3.11679792404175 0.266896337270737 7.21784782409668
0 0 1
2.95275592803955 0.119258530437946 6.88976383209229
0.00520833348855376 0.119258530437946 6.88976383209229
2.95275592803955 0.119258530437946 -3.28626015289046E-14
0 -1 0
0.00520833348855376 0.119258530437946 -3.28626015289046E-14
2.95275592803955 0.119258530437946 -3.28626015289046E-14
0.00520833348855376 0.119258530437946 6.88976383209229
0 -1 0
-0.00520833348855376 0.119258530437946 6.88976383209229
-2.95275592803955 0.119258530437946 6.88976383209229
-0.00520833348855376 0.119258530437946 -3.19744231092045E-14
0 -1 0
-2.95275592803955 0.119258530437946 -3.19744231092045E-14
-0.00520833348855376 0.119258530437946 -3.19744231092045E-14
-2.95275592803955 0.119258530437946 6.88976383209229
0 -1 0
2.95275592803955 0.266896337270737 -3.28626015289046E-14
0.00520833348855376 0.266896337270737 -3.28626015289046E-14
0.00520833348855376 0.266896337270737 6.88976383209229
0 1 0
0.00520833348855376 0.266896337270737 6.88976383209229
2.95275592803955 0.266896337270737 6.88976383209229
2.95275592803955 0.266896337270737 -3.28626015289046E-14
0 1 0
-0.00520833348855376 0.266896337270737 -3.28626015289046E-14
-2.95275592803955 0.266896337270737 -3.19744231092045E-14
-0.00520833348855376 0.266896337270737 6.88976383209229
0 1 0
-2.95275592803955 0.266896337270737 6.88976383209229
-0.00520833348855376 0.266896337270737 6.88976383209229
-2.95275592803955 0.266896337270737 -3.19744231092045E-14
0 1 0
0.00520833348855376 0.119258530437946 6.88976383209229
0.00520833348855376 0.266896337270737 6.88976383209229
0.00520833348855376 0.266896337270737 -3.28626015289046E-14
-1 0 4.40619762898106E-18
0.00520833348855376 0.266896337270737 -3.28626015289046E-14
0.00520833348855376 0.119258530437946 -3.28626015289046E-14
0.00520833348855376 0.119258530437946 6.88976383209229
-1 0 4.40619762898106E-18
0.00520833348855376 0.119258530437946 -3.28626015289046E-14
0.00520833348855376 0.266896337270737 -3.28626015289046E-14
2.95275592803955 0.266896337270737 -3.24185123190546E-14
1.50663966899725E-16 0 -1
2.95275592803955 0.266896337270737 -3.24185123190546E-14
2.95275592803955 0.119258530437946 -3.24185123190546E-14
0.00520833348855376 0.119258530437946 -3.28626015289046E-14
1.50663966899725E-16 0 -1
2.95275592803955 0.119258530437946 -3.28626015289046E-14
2.95275592803955 0.266896337270737 -3.28626015289046E-14
2.95275592803955 0.266896337270737 6.88976383209229
1 0 0
2.95275592803955 0.266896337270737 6.88976383209229
2.95275592803955 0.119258530437946 6.88976383209229
2.95275592803955 0.119258530437946 -3.28626015289046E-14
1 0 0
2.95275592803955 0.119258530437946 6.88976383209229
2.95275592803955 0.266896337270737 6.88976383209229
0.00520833348855376 0.266896337270737 6.88976383209229
-3.0132793379945E-16 0 1
0.00520833348855376 0.266896337270737 6.88976383209229
0.00520833348855376 0.119258530437946 6.88976383209229
2.95275592803955 0.119258530437946 6.88976383209229
-3.0132793379945E-16 0 1
-0.00520833348855376 0.119258530437946 -3.19744231092045E-14
-0.00520833348855376 0.266896337270737 -3.28626015289046E-14
-0.00520833348855376 0.266896337270737 6.88976383209229
1 0 1.35962669694273E-17
-0.00520833348855376 0.266896337270737 6.88976383209229
-0.00520833348855376 0.119258530437946 6.88976383209229
-0.00520833348855376 0.119258530437946 -3.19744231092045E-14
1 0 1.35962669694273E-17
-0.00520833348855376 0.119258530437946 6.88976383209229
-0.00520833348855376 0.266896337270737 6.88976383209229
-2.95275592803955 0.266896337270737 6.88976383209229
0 0 1
-2.95275592803955 0.266896337270737 6.88976383209229
-2.95275592803955 0.119258530437946 6.88976383209229
-0.00520833348855376 0.119258530437946 6.88976383209229
0 0 1
-2.95275592803955 0.119258530437946 6.88976383209229
-2.95275592803955 0.266896337270737 6.88976383209229
-2.95275592803955 0.266896337270737 -3.19744231092045E-14
-1 0 0
-2.95275592803955 0.266896337270737 -3.19744231092045E-14
-2.95275592803955 0.119258530437946 -3.19744231092045E-14
-2.95275592803955 0.119258530437946 6.88976383209229
-1 0 0
-2.95275592803955 0.119258530437946 -3.19744231092045E-14
-2.95275592803955 0.266896337270737 -3.19744231092045E-14
-0.00520833348855376 0.266896337270737 -3.24185123190546E-14
-1.50663966899725E-16 0 -1
-0.00520833348855376 0.266896337270737 -3.24185123190546E-14
-0.00520833348855376 0.119258530437946 -3.24185123190546E-14
-2.95275592803955 0.119258530437946 -3.19744231092045E-14
-1.50663966899725E-16 0 -1
[HEADER]
429561,0762 x 2032mm,278
276.956833828683 123.884447816868 13.1233595800525
1
-1.23140540642406E-15 -1 0
1 -1.23140540642406E-15 0
0 0 1
-1.49934387207031 0.410104990005493 6.91601037979126
-1.25 0.410104990005493 6.66666650772095
-1.49934387207031 0.410104990005493 0
-1.86407339295249E-15 1 0
-1.25 0.410104990005493 6.66666650772095
-1.49934387207031 0.410104990005493 6.91601037979126
1.25 0.410104990005493 6.66666650772095
-1.86407339295249E-15 1 0
-1.25 0.410104990005493 0
-1.49934387207031 0.410104990005493 0
-1.25 0.410104990005493 6.66666650772095
-1.86407339295249E-15 1 0
1.25 0.410104990005493 6.66666650772095
1.49934387207031 0.410104990005493 6.91601037979126
1.49934387207031 0.410104990005493 0
-1.86407339295249E-15 1 0
1.49934387207031 0.410104990005493 6.91601037979126
1.25 0.410104990005493 6.66666650772095
-1.49934387207031 0.410104990005493 6.91601037979126
-1.86407339295249E-15 1 0
1.49934387207031 0.410104990005493 0
1.25 0.410104990005493 0
1.25 0.410104990005493 6.66666650772095
-1.86407339295249E-15 1 0
1.49934387207031 0.328083992004395 6.91601037979126
1.25 0.328083992004395 6.66666650772095
1.49934387207031 0.328083992004395 0
1.86407339295249E-15 -1 0
1.25 0.328083992004395 6.66666650772095
1.49934387207031 0.328083992004395 6.91601037979126
-1.25 0.328083992004395 6.66666650772095
1.86407339295249E-15 -1 0
1.25 0.328083992004395 0
1.49934387207031 0.328083992004395 0
1.25 0.328083992004395 6.66666650772095
1.86407339295249E-15 -1 0
-1.25 0.328083992004395 6.66666650772095
-1.49934387207031 0.328083992004395 6.91601037979126
-1.49934387207031 0.328083992004395 0
1.86407339295249E-15 -1 0
-1.49934387207031 0.328083992004395 6.91601037979126
-1.25 0.328083992004395 6.66666650772095
1.49934387207031 0.328083992004395 6.91601037979126
1.86407339295249E-15 -1 0
-1.49934387207031 0.328083992004395 0
-1.25 0.328083992004395 0
-1.25 0.328083992004395 6.66666650772095
1.86407339295249E-15 -1 0
-1.49934387207031 0.410104990005493 6.91601037979126
-1.49934387207031 0.328083992004395 6.91601037979126
1.49934387207031 0.328083992004395 6.91601037979126
0 0 1
1.49934387207031 0.328083992004395 6.91601037979126
1.49934387207031 0.410104990005493 6.91601037979126
-1.49934387207031 0.410104990005493 6.91601037979126
0 0 1
1.49934387207031 0.410104990005493 6.91601037979126
1.49934387207031 0.328083992004395 6.91601037979126
1.49934387207031 0.328083992004395 0
1 2.70716782324658E-15 0
1.49934387207031 0.328083992004395 0
1.49934387207031 0.410104990005493 0
1.49934387207031 0.410104990005493 6.91601037979126
1 2.70716782324658E-15 0
1.49934387207031 0.410104990005493 0
1.49934387207031 0.328083992004395 0
1.25 0.328083992004395 0
0 0 -1
1.25 0.328083992004395 0
1.25 0.410104990005493 0
1.49934387207031 0.410104990005493 0
0 0 -1
1.25 0.410104990005493 0
1.25 0.328083992004395 0
1.25 0.328083992004395 6.66666650772095
-1 -2.70716782324658E-15 0
1.25 0.328083992004395 6.66666650772095
1.25 0.410104990005493 6.66666650772095
1.25 0.410104990005493 0
-1 -2.70716782324658E-15 0
1.25 0.410104990005493 6.66666650772095
1.25 0.328083992004395 6.66666650772095
-1.25 0.328083992004395 6.66666650772095
0 0 -1
-1.25 0.328083992004395 6.66666650772095
-1.25 0.410104990005493 6.66666650772095
1.25 0.410104990005493 6.66666650772095
0 0 -1
-1.25 0.410104990005493 6.66666650772095
-1.25 0.328083992004395 6.66666650772095
-1.25 0.328083992004395 0
1 2.70716782324658E-15 0
-1.25 0.328083992004395 0
-1.25 0.410104990005493 0
-1.25 0.410104990005493 6.66666650772095
1 2.70716782324658E-15 0
-1.25 0.410104990005493 0
-1.25 0.328083992004395 0
-1.49934387207031 0.328083992004395 0
0 0 -1
-1.49934387207031 0.328083992004395 0
-1.49934387207031 0.410104990005493 0
-1.25 0.410104990005493 0
0 0 -1
-1.49934387207031 0.410104990005493 0
-1.49934387207031 0.328083992004395 0
-1.49934387207031 0.328083992004395 6.91601037979126
-1 -2.70716782324658E-15 0
-1.49934387207031 0.328083992004395 6.91601037979126
-1.49934387207031 0.410104990005493 6.91601037979126
-1.49934387207031 0.410104990005493 0
-1 -2.70716782324658E-15 0
1.49934387207031 -0.410104990005493 6.91601037979126
1.25 -0.410104990005493 6.66666650772095
1.49934387207031 -0.410104990005493 0
1.86407339295249E-15 -1 0
1.25 -0.410104990005493 6.66666650772095
1.49934387207031 -0.410104990005493 6.91601037979126
-1.25 -0.410104990005493 6.66666650772095
1.86407339295249E-15 -1 0
1.25 -0.410104990005493 0
1.49934387207031 -0.410104990005493 0
1.25 -0.410104990005493 6.66666650772095
1.86407339295249E-15 -1 0
-1.25 -0.410104990005493 6.66666650772095
-1.49934387207031 -0.410104990005493 6.91601037979126
-1.49934387207031 -0.410104990005493 0
1.86407339295249E-15 -1 0
-1.49934387207031 -0.410104990005493 6.91601037979126
-1.25 -0.410104990005493 6.66666650772095
1.49934387207031 -0.410104990005493 6.91601037979126
1.86407339295249E-15 -1 0
-1.49934387207031 -0.410104990005493 0
-1.25 -0.410104990005493 0
-1.25 -0.410104990005493 6.66666650772095
1.86407339295249E-15 -1 0
-1.49934387207031 -0.328083992004395 6.91601037979126
-1.25 -0.328083992004395 6.66666650772095
-1.49934387207031 -0.328083992004395 0
-1.86407339295249E-15 1 0
-1.25 -0.328083992004395 6.66666650772095
-1.49934387207031 -0.328083992004395 6.91601037979126
1.25 -0.328083992004395 6.66666650772095
-1.86407339295249E-15 1 0
-1.25 -0.328083992004395 0
-1.49934387207031 -0.328083992004395 0
-1.25 -0.328083992004395 6.66666650772095
-1.86407339295249E-15 1 0
1.25 -0.328083992004395 6.66666650772095
1.49934387207031 -0.328083992004395 6.91601037979126
1.49934387207031 -0.328083992004395 0
-1.86407339295249E-15 1 0
1.49934387207031 -0.328083992004395 6.91601037979126
1.25 -0.328083992004395 6.66666650772095
-1.49934387207031 -0.328083992004395 6.91601037979126
-1.86407339295249E-15 1 0
1.49934387207031 -0.328083992004395 0
1.25 -0.328083992004395 0
1.25 -0.328083992004395 6.66666650772095
-1.86407339295249E-15 1 0
1.49934387207031 -0.410104990005493 6.91601037979126
1.49934387207031 -0.328083992004395 6.91601037979126
-1.49934387207031 -0.328083992004395 6.91601037979126
0 0 1
-1.49934387207031 -0.328083992004395 6.91601037979126
-1.49934387207031 -0.410104990005493 6.91601037979126
1.49934387207031 -0.410104990005493 6.91601037979126
0 0 1
-1.49934387207031 -0.410104990005493 6.91601037979126
-1.49934387207031 -0.328083992004395 6.91601037979126
-1.49934387207031 -0.328083992004395 0
-1 -2.70716782324538E-15 0
-1.49934387207031 -0.328083992004395 0
-1.49934387207031 -0.410104990005493 0
-1.49934387207031 -0.410104990005493 6.91601037979126
-1 -2.70716782324538E-15 0
-1.49934387207031 -0.410104990005493 0
-1.49934387207031 -0.328083992004395 0
-1.25 -0.328083992004395 0
0 0 -1
-1.25 -0.328083992004395 0
-1.25 -0.410104990005493 0
-1.49934387207031 -0.410104990005493 0
0 0 -1
-1.25 -0.410104990005493 0
-1.25 -0.328083992004395 0
-1.25 -0.328083992004395 6.66666650772095
1 2.70716782324538E-15 0
-1.25 -0.328083992004395 6.66666650772095
-1.25 -0.410104990005493 6.66666650772095
-1.25 -0.410104990005493 0
1 2.70716782324538E-15 0
-1.25 -0.410104990005493 6.66666650772095
-1.25 -0.328083992004395 6.66666650772095
1.25 -0.328083992004395 6.66666650772095
0 0 -1
1.25 -0.328083992004395 6.66666650772095
1.25 -0.410104990005493 6.66666650772095
-1.25 -0.410104990005493 6.66666650772095
0 0 -1
1.25 -0.410104990005493 6.66666650772095
1.25 -0.328083992004395 6.66666650772095
1.25 -0.328083992004395 0
-1 -2.70716782324538E-15 0
1.25 -0.328083992004395 0
1.25 -0.410104990005493 0
1.25 -0.410104990005493 6.66666650772095
-1 -2.70716782324538E-15 0
1.25 -0.410104990005493 0
1.25 -0.328083992004395 0
1.49934387207031 -0.328083992004395 0
0 0 -1
1.49934387207031 -0.328083992004395 0
1.49934387207031 -0.410104990005493 0
1.25 -0.410104990005493 0
0 0 -1
1.49934387207031 -0.410104990005493 0
1.49934387207031 -0.328083992004395 0
1.49934387207031 -0.328083992004395 6.91601037979126
1 2.70716782324538E-15 0
1.49934387207031 -0.328083992004395 6.91601037979126
1.49934387207031 -0.410104990005493 6.91601037979126
1.49934387207031 -0.410104990005493 0
1 2.70716782324538E-15 0
-1.25 0.160761147737503 6.66666650772095
-1.25 0.160761147737503 0
1.25 0.160761147737503 0
0 -1 0
1.25 0.160761147737503 0
1.25 0.160761147737503 6.66666650772095
-1.25 0.160761147737503 6.66666650772095
0 -1 0
1.25 0.328083992004395 0
-1.25 0.328083992004395 0
-1.25 0.328083992004395 6.66666650772095
0 1 0
-1.25 0.328083992004395 6.66666650772095
1.25 0.328083992004395 6.66666650772095
1.25 0.328083992004395 0
0 1 0
1.25 0.160761147737503 6.66666650772095
1.25 0.328083992004395 6.66666650772095
-1.25 0.328083992004395 6.66666650772095
0 0 1
-1.25 0.328083992004395 6.66666650772095
-1.25 0.160761147737503 6.66666650772095
1.25 0.160761147737503 6.66666650772095
0 0 1
-1.25 0.160761147737503 6.66666650772095
-1.25 0.328083992004395 6.66666650772095
-1.25 0.328083992004395 0
-1 0 0
-1.25 0.328083992004395 0
-1.25 0.160761147737503 0
-1.25 0.160761147737503 6.66666650772095
-1 0 0
-1.25 0.160761147737503 0
-1.25 0.328083992004395 0
1.25 0.328083992004395 0
0 0 -1
1.25 0.328083992004395 0
1.25 0.160761147737503 0
-1.25 0.160761147737503 0
0 0 -1
1.25 0.160761147737503 0
1.25 0.328083992004395 0
1.25 0.328083992004395 6.66666650772095
1 0 0
1.25 0.328083992004395 6.66666650772095
1.25 0.160761147737503 6.66666650772095
1.25 0.160761147737503 0
1 0 0
[HEADER]
429562,M_Door-Passage-Double-Flush-Dbl_Acting 2,214
319.832982122647 109.465156477252 13.1233595800525
1
-2.22269070789924E-15 -1 0
1 -2.22269070789924E-15 0
0 0 1
4.92125988006592 0.266896337270737 1.95470863470841E-35
5.08530187606812 0.266896337270737 0
5.08530187606812 -0.225229665637016 0
-1.19159040439945E-34 2.60148000103134E-51 -1
5.08530187606812 -0.225229665637016 0
4.92125988006592 -0.225229665637016 1.95470863470841E-35
4.92125988006592 0.266896337270737 1.95470863470841E-35
-1.19159040439945E-34 2.60148000103134E-51 -1
4.92125988006592 -0.225229665637016 0
4.92125988006592 -0.225229665637016 7.87401580810547
4.92125988006592 0.266896337270737 7.87401580810547
-1 2.18319985745644E-17 1.12798659301916E-16
4.92125988006592 0.266896337270737 7.87401580810547
4.92125988006592 0.266896337270737 -1.54074395550979E-33
4.92125988006592 -0.225229665637016 0
-1 2.18319985745644E-17 1.12798659301916E-16
-4.92125988006592 0.266896337270737 -1.32348913785703E-23
-5.08530187606812 0.266896337270737 1.76465186826501E-23
-4.92125988006592 0.266896337270737 7.87401580810547
2.18319985745644E-17 1 -7.04991620636974E-18
5.08530187606812 0.266896337270737 8.82326013018593E-24
4.92125988006592 0.266896337270737 1.32348898008484E-23
4.92125988006592 0.266896337270737 7.87401580810547
2.18319985745644E-17 1 -7.04991620636974E-18
-4.92125988006592 0.266896337270737 7.87401580810547
-5.08530187606812 0.266896337270737 8.20209980010986
4.92125988006592 0.266896337270737 7.87401580810547
2.18319985745644E-17 1 -7.04991620636974E-18
-5.08530187606812 0.266896337270737 8.20209980010986
-4.92125988006592 0.266896337270737 7.87401580810547
-5.08530187606812 0.266896337270737 1.76465186826501E-23
2.18319985745644E-17 1 -7.04991620636974E-18
4.92125988006592 0.266896337270737 7.87401580810547
5.08530187606812 0.266896337270737 8.20209980010986
5.08530187606812 0.266896337270737 8.82326013018593E-24
2.18319985745644E-17 1 -7.04991620636974E-18
5.08530187606812 0.266896337270737 8.20209980010986
4.92125988006592 0.266896337270737 7.87401580810547
-5.08530187606812 0.266896337270737 8.20209980010986
2.18319985745644E-17 1 -7.04991620636974E-18
5.08530187606812 0.266896337270737 0
5.08530187606812 0.266896337270737 8.20209980010986
5.08530187606812 -0.225229665637016 8.20209980010986
1 -2.18319985745644E-17 -1.10496645846775E-16
5.08530187606812 -0.225229665637016 8.20209980010986
5.08530187606812 -0.225229665637016 1.15555796663234E-33
5.08530187606812 0.266896337270737 0
1 -2.18319985745644E-17 -1.10496645846775E-16
4.92125988006592 -0.225229665637016 -4.59169663861007E-24
5.08530187606812 -0.225229665637016 1.32348898008484E-23
4.92125988006592 -0.225229665637016 7.87401580810547
-2.18319985745644E-17 -1 6.90604036542342E-18
-5.08530187606812 -0.225229665637016 6.48239349117219E-24
-4.92125988006592 -0.225229665637016 -1.53956886830537E-23
-4.92125988006592 -0.225229665637016 7.87401580810547
-2.18319985745644E-17 -1 6.90604036542342E-18
4.92125988006592 -0.225229665637016 7.87401580810547
5.08530187606812 -0.225229665637016 8.20209980010986
-4.92125988006592 -0.225229665637016 7.87401580810547
-2.18319985745644E-17 -1 6.90604036542342E-18
5.08530187606812 -0.225229665637016 8.20209980010986
4.92125988006592 -0.225229665637016 7.87401580810547
5.08530187606812 -0.225229665637016 1.32348898008484E-23
-2.18319985745644E-17 -1 6.90604036542342E-18
-4.92125988006592 -0.225229665637016 7.87401580810547
-5.08530187606812 -0.225229665637016 8.20209980010986
-5.08530187606812 -0.225229665637016 6.48239349117219E-24
-2.18319985745644E-17 -1 6.90604036542342E-18
-5.08530187606812 -0.225229665637016 8.20209980010986
-4.92125988006592 -0.225229665637016 7.87401580810547
5.08530187606812 -0.225229665637016 8.20209980010986
-2.18319985745644E-17 -1 6.90604036542342E-18
4.92125988006592 -0.225229665637016 7.87401580810547
-4.92125988006592 -0.225229665637016 7.87401580810547
-4.92125988006592 0.266896337270737 7.87401580810547
9.02389274415328E-17 1.09159992872822E-17 -1
-4.92125988006592 0.266896337270737 7.87401580810547
4.92125988006592 0.266896337270737 7.87401580810547
4.92125988006592 -0.225229665637016 7.87401580810547
9.02389274415328E-17 1.09159992872822E-17 -1
-4.92125988006592 0.266896337270737 0
-4.92125988006592 -0.225229665637016 0
-5.08530187606812 -0.225229665637016 0
0 0 -1
-5.08530187606812 -0.225229665637016 0
-5.08530187606812 0.266896337270737 0
-4.92125988006592 0.266896337270737 0
0 0 -1
-4.92125988006592 0.266896337270737 7.87401580810547
-4.92125988006592 -0.225229665637016 7.87401580810547
-4.92125988006592 -0.225229665637016 0
1 0 0
-4.92125988006592 -0.225229665637016 0
-4.92125988006592 0.266896337270737 0
-4.92125988006592 0.266896337270737 7.87401580810547
1 0 0
-5.08530187606812 0.266896337270737 0
-5.08530187606812 -0.225229665637016 0
-5.08530187606812 -0.225229665637016 8.20209980010986
-1 0 0
-5.08530187606812 -0.225229665637016 8.20209980010986
-5.08530187606812 0.266896337270737 8.20209980010986
-5.08530187606812 0.266896337270737 0
-1 0 0
5.08530187606812 0.266896337270737 8.20209980010986
-5.08530187606812 0.266896337270737 8.20209980010986
-5.08530187606812 -0.225229665637016 8.20209980010986
0 0 1
-5.08530187606812 -0.225229665637016 8.20209980010986
5.08530187606812 -0.225229665637016 8.20209980010986
5.08530187606812 0.266896337270737 8.20209980010986
0 0 1
4.92125988006592 0.119258530437946 7.87401580810547
0.00520833348855376 0.119258530437946 7.87401580810547
0.00520833348855376 0.119258530437946 -3.19744231092045E-14
0 -1 0
0.00520833348855376 0.119258530437946 -3.19744231092045E-14
4.92125988006592 0.119258530437946 -3.19744231092045E-14
4.92125988006592 0.119258530437946 7.87401580810547
0 -1 0
-0.00520833348855376 0.119258530437946 7.87401580810547
-4.92125988006592 0.119258530437946 7.87401580810547
-4.92125988006592 0.119258530437946 -3.19744231092045E-14
0 -1 0
-4.92125988006592 0.119258530437946 -3.19744231092045E-14
-0.00520833348855376 0.119258530437946 -3.19744231092045E-14
-0.00520833348855376 0.119258530437946 7.87401580810547
0 -1 0
4.92125988006592 0.266896337270737 -3.19744231092045E-14
0.00520833348855376 0.266896337270737 -3.19744231092045E-14
0.00520833348855376 0.266896337270737 7.87401580810547
0 1 0
0.00520833348855376 0.266896337270737 7.87401580810547
4.92125988006592 0.266896337270737 7.87401580810547
4.92125988006592 0.266896337270737 -3.19744231092045E-14
0 1 0
-0.00520833348855376 0.266896337270737 -3.19744231092045E-14
-4.92125988006592 0.266896337270737 -3.19744231092045E-14
-4.92125988006592 0.266896337270737 7.87401580810547
0 1 0
-4.92125988006592 0.266896337270737 7.87401580810547
-0.00520833348855376 0.266896337270737 7.87401580810547
-0.00520833348855376 0.266896337270737 -3.19744231092045E-14
0 1 0
0.00520833348855376 0.119258530437946 7.87401580810547
0.00520833348855376 0.266896337270737 7.87401580810547
0.00520833348855376 0.266896337270737 -3.19744231092045E-14
-1 0 3.85542292535843E-18
0.00520833348855376 0.266896337270737 -3.19744231092045E-14
0.00520833348855376 0.119258530437946 -3.19744231092045E-14
0.00520833348855376 0.119258530437946 7.87401580810547
-1 0 3.85542292535843E-18
0.00520833348855376 0.119258530437946 -3.19744231092045E-14
0.00520833348855376 0.266896337270737 -3.19744231092045E-14
4.92125988006592 0.266896337270737 -3.24185123190546E-14
-9.03345314873569E-17 0 -1
4.92125988006592 0.266896337270737 -3.24185123190546E-14
4.92125988006592 0.119258530437946 -3.24185123190546E-14
0.00520833348855376 0.119258530437946 -3.19744231092045E-14
-9.03345314873569E-17 0 -1
4.92125988006592 0.119258530437946 -3.19744231092045E-14
4.92125988006592 0.266896337270737 -3.19744231092045E-14
4.92125988006592 0.266896337270737 7.87401580810547
1 0 0
4.92125988006592 0.266896337270737 7.87401580810547
4.92125988006592 0.119258530437946 7.87401580810547
4.92125988006592 0.119258530437946 -3.19744231092045E-14
1 0 0
4.92125988006592 0.119258530437946 7.87401580810547
4.92125988006592 0.266896337270737 7.87401580810547
0.00520833348855376 0.266896337270737 7.87401580810547
0 0 1
0.00520833348855376 0.266896337270737 7.87401580810547
0.00520833348855376 0.119258530437946 7.87401580810547
4.92125988006592 0.119258530437946 7.87401580810547
0 0 1
-0.00520833348855376 0.119258530437946 -3.19744231092045E-14
-0.00520833348855376 0.266896337270737 -3.19744231092045E-14
-0.00520833348855376 0.266896337270737 7.87401580810547
1 0 -4.45025960527088E-17
-0.00520833348855376 0.266896337270737 7.87401580810547
-0.00520833348855376 0.119258530437946 7.87401580810547
-0.00520833348855376 0.119258530437946 -3.19744231092045E-14
1 0 -4.45025960527088E-17
-0.00520833348855376 0.119258530437946 7.87401580810547
-0.00520833348855376 0.266896337270737 7.87401580810547
-4.92125988006592 0.266896337270737 7.87401580810547
0 0 1
-4.92125988006592 0.266896337270737 7.87401580810547
-4.92125988006592 0.119258530437946 7.87401580810547
-0.00520833348855376 0.119258530437946 7.87401580810547
0 0 1
-4.92125988006592 0.119258530437946 7.87401580810547
-4.92125988006592 0.266896337270737 7.87401580810547
-4.92125988006592 0.266896337270737 -3.19744231092045E-14
-1 0 0
-4.92125988006592 0.266896337270737 -3.19744231092045E-14
-4.92125988006592 0.119258530437946 -3.19744231092045E-14
-4.92125988006592 0.119258530437946 7.87401580810547
-1 0 0
-4.92125988006592 0.119258530437946 -3.19744231092045E-14
-4.92125988006592 0.266896337270737 -3.19744231092045E-14
-0.00520833348855376 0.266896337270737 -3.24185123190546E-14
-9.03345314873568E-17 0 -1
-0.00520833348855376 0.266896337270737 -3.24185123190546E-14
-0.00520833348855376 0.119258530437946 -3.24185123190546E-14
-4.92125988006592 0.119258530437946 -3.19744231092045E-14
-9.03345314873568E-17 0 -1
[HEADER]
429563,M_Door-Passage-Double-Flush-Dbl_Acting 3,214
347.154832516339 108.480904508748 13.1233595800525
1
2.22269070789924E-15 1 0
-1 2.22269070789924E-15 0
0 0 1
4.10104990005493 0.184875324368477 0
4.26509189605713 0.184875324368477 0
4.26509189605713 -0.307250648736954 0
0 0 -1
4.26509189605713 -0.307250648736954 0
4.10104990005493 -0.307250648736954 0
4.10104990005493 0.184875324368477 0
0 0 -1
4.10104990005493 -0.307250648736954 0
4.10104990005493 -0.307250648736954 7.21784782409668
4.10104990005493 0.184875324368477 7.21784782409668
-1 0 0
4.10104990005493 0.184875324368477 7.21784782409668
4.10104990005493 0.184875324368477 0
4.10104990005493 -0.307250648736954 0
-1 0 0
-4.10104990005493 0.184875324368477 0
-4.26509189605713 0.184875324368477 1.32348898008484E-23
-4.10104990005493 0.184875324368477 7.21784782409668
0 1 -7.69081767967608E-18
4.26509189605713 0.184875324368477 1.32348898008484E-23
4.10104990005493 0.184875324368477 0
4.10104990005493 0.184875324368477 7.21784782409668
0 1 -7.69081767967608E-18
-4.10104990005493 0.184875324368477 7.21784782409668
-4.26509189605713 0.184875324368477 7.54593181610107
4.10104990005493 0.184875324368477 7.21784782409668
0 1 -7.69081767967608E-18
-4.26509189605713 0.184875324368477 7.54593181610107
-4.10104990005493 0.184875324368477 7.21784782409668
-4.26509189605713 0.184875324368477 1.32348898008484E-23
0 1 -7.69081767967608E-18
4.10104990005493 0.184875324368477 7.21784782409668
4.26509189605713 0.184875324368477 7.54593181610107
4.26509189605713 0.184875324368477 1.32348898008484E-23
0 1 -7.69081767967608E-18
4.26509189605713 0.184875324368477 7.54593181610107
4.10104990005493 0.184875324368477 7.21784782409668
-4.26509189605713 0.184875324368477 7.54593181610107
0 1 -7.69081767967608E-18
4.26509189605713 0.184875324368477 0
4.26509189605713 0.184875324368477 7.54593181610107
4.26509189605713 -0.307250648736954 7.54593181610107
1 0 1.20318569922044E-16
4.26509189605713 -0.307250648736954 7.54593181610107
4.26509189605713 -0.307250648736954 0
4.26509189605713 0.184875324368477 0
1 0 1.20318569922044E-16
4.10104990005493 -0.307250648736954 1.20584552220051E-23
4.26509189605713 -0.307250648736954 1.32348898008484E-23
4.10104990005493 -0.307250648736954 7.21784782409668
0 -1 0
-4.26509189605713 -0.307250648736954 1.82347391275153E-23
-4.10104990005493 -0.307250648736954 3.26460619294853E-23
-4.10104990005493 -0.307250648736954 7.21784782409668
0 -1 0
4.10104990005493 -0.307250648736954 7.21784782409668
4.26509189605713 -0.307250648736954 7.54593181610107
-4.10104990005493 -0.307250648736954 7.21784782409668
0 -1 0
4.26509189605713 -0.307250648736954 7.54593181610107
4.10104990005493 -0.307250648736954 7.21784782409668
4.26509189605713 -0.307250648736954 1.32348898008484E-23
0 -1 0
-4.10104990005493 -0.307250648736954 7.21784782409668
-4.26509189605713 -0.307250648736954 7.54593181610107
-4.26509189605713 -0.307250648736954 1.82347391275153E-23
0 -1 0
-4.26509189605713 -0.307250648736954 7.54593181610107
-4.10104990005493 -0.307250648736954 7.21784782409668
4.26509189605713 -0.307250648736954 7.54593181610107
0 -1 0
4.10104990005493 -0.307250648736954 7.21784782409668
-4.10104990005493 -0.307250648736954 7.21784782409668
-4.10104990005493 0.184875324368477 7.21784782409668
0 0 -1
-4.10104990005493 0.184875324368477 7.21784782409668
4.10104990005493 0.184875324368477 7.21784782409668
4.10104990005493 -0.307250648736954 7.21784782409668
0 0 -1
-4.10104990005493 0.184875324368477 0
-4.10104990005493 -0.307250648736954 0
-4.26509189605713 -0.307250648736954 0
0 0 -1
-4.26509189605713 -0.307250648736954 0
-4.26509189605713 0.184875324368477 0
-4.10104990005493 0.184875324368477 0
0 0 -1
-4.10104990005493 0.184875324368477 7.21784782409668
-4.10104990005493 -0.307250648736954 7.21784782409668
-4.10104990005493 -0.307250648736954 0
1 0 0
-4.10104990005493 -0.307250648736954 0
-4.10104990005493 0.184875324368477 0
-4.10104990005493 0.184875324368477 7.21784782409668
1 0 0
-4.26509189605713 0.184875324368477 0
-4.26509189605713 -0.307250648736954 0
-4.26509189605713 -0.307250648736954 7.54593181610107
-1 0 0
-4.26509189605713 -0.307250648736954 7.54593181610107
-4.26509189605713 0.184875324368477 7.54593181610107
-4.26509189605713 0.184875324368477 0
-1 0 0
4.26509189605713 0.184875324368477 7.54593181610107
-4.26509189605713 0.184875324368477 7.54593181610107
-4.26509189605713 -0.307250648736954 7.54593181610107
0 0 1
-4.26509189605713 -0.307250648736954 7.54593181610107
4.26509189605713 -0.307250648736954 7.54593181610107
4.26509189605713 0.184875324368477 7.54593181610107
0 0 1
4.10104990005493 0.0372375324368477 7.21784782409668
0.00520833348855376 0.0372375324368477 7.21784782409668
4.10104990005493 0.0372375324368477 -3.19744231092045E-14
0 -1 0
0.00520833348855376 0.0372375324368477 -3.19744231092045E-14
4.10104990005493 0.0372375324368477 -3.19744231092045E-14
0.00520833348855376 0.0372375324368477 7.21784782409668
0 -1 0
-0.00520833348855376 0.0372375324368477 7.21784782409668
-4.10104990005493 0.0372375324368477 7.21784782409668
-0.00520833348855376 0.0372375324368477 -3.19744231092045E-14
0 -1 0
-4.10104990005493 0.0372375324368477 -3.19744231092045E-14
-0.00520833348855376 0.0372375324368477 -3.19744231092045E-14
-4.10104990005493 0.0372375324368477 7.21784782409668
0 -1 0
4.10104990005493 0.184875324368477 -3.19744231092045E-14
0.00520833348855376 0.184875324368477 -3.19744231092045E-14
4.10104990005493 0.184875324368477 7.21784782409668
0 1 0
0.00520833348855376 0.184875324368477 7.21784782409668
4.10104990005493 0.184875324368477 7.21784782409668
0.00520833348855376 0.184875324368477 -3.19744231092045E-14
0 1 0
-0.00520833348855376 0.184875324368477 -3.19744231092045E-14
-4.10104990005493 0.184875324368477 -3.19744231092045E-14
-0.00520833348855376 0.184875324368477 7.21784782409668
0 1 0
-4.10104990005493 0.184875324368477 7.21784782409668
-0.00520833348855376 0.184875324368477 7.21784782409668
-4.10104990005493 0.184875324368477 -3.19744231092045E-14
0 1 0
0.00520833348855376 0.0372375324368477 7.21784782409668
0.00520833348855376 0.184875324368477 7.21784782409668
0.00520833348855376 0.184875324368477 -3.19744231092045E-14
-1 0 4.20591591857284E-18
0.00520833348855376 0.184875324368477 -3.19744231092045E-14
0.00520833348855376 0.0372375324368477 -3.19744231092045E-14
0.00520833348855376 0.0372375324368477 7.21784782409668
-1 0 4.20591591857284E-18
0.00520833348855376 0.0372375324368477 -3.19744231092045E-14
0.00520833348855376 0.184875324368477 -3.19744231092045E-14
4.10104990005493 0.184875324368477 -3.24185123190546E-14
-1.08424411932994E-16 0 -1
4.10104990005493 0.184875324368477 -3.24185123190546E-14
4.10104990005493 0.0372375324368477 -3.24185123190546E-14
0.00520833348855376 0.0372375324368477 -3.19744231092045E-14
-1.08424411932994E-16 0 -1
4.10104990005493 0.0372375324368477 -3.19744231092045E-14
4.10104990005493 0.184875324368477 -3.19744231092045E-14
4.10104990005493 0.184875324368477 7.21784782409668
1 0 0
4.10104990005493 0.184875324368477 7.21784782409668
4.10104990005493 0.0372375324368477 7.21784782409668
4.10104990005493 0.0372375324368477 -3.19744231092045E-14
1 0 0
4.10104990005493 0.0372375324368477 7.21784782409668
4.10104990005493 0.184875324368477 7.21784782409668
0.00520833348855376 0.184875324368477 7.21784782409668
0 0 1
0.00520833348855376 0.184875324368477 7.21784782409668
0.00520833348855376 0.0372375324368477 7.21784782409668
4.10104990005493 0.0372375324368477 7.21784782409668
0 0 1
-0.00520833348855376 0.0372375324368477 -3.19744231092045E-14
-0.00520833348855376 0.184875324368477 -3.19744231092045E-14
-0.00520833348855376 0.184875324368477 7.21784782409668
1 0 -4.8548286602955E-17
-0.00520833348855376 0.184875324368477 7.21784782409668
-0.00520833348855376 0.0372375324368477 7.21784782409668
-0.00520833348855376 0.0372375324368477 -3.19744231092045E-14
1 0 -4.8548286602955E-17
-0.00520833348855376 0.0372375324368477 7.21784782409668
-0.00520833348855376 0.184875324368477 7.21784782409668
-4.10104990005493 0.184875324368477 7.21784782409668
0 0 1
-4.10104990005493 0.184875324368477 7.21784782409668
-4.10104990005493 0.0372375324368477 7.21784782409668
-0.00520833348855376 0.0372375324368477 7.21784782409668
0 0 1
-4.10104990005493 0.0372375324368477 7.21784782409668
-4.10104990005493 0.184875324368477 7.21784782409668
-4.10104990005493 0.184875324368477 -3.19744231092045E-14
-1 0 0
-4.10104990005493 0.184875324368477 -3.19744231092045E-14
-4.10104990005493 0.0372375324368477 -3.19744231092045E-14
-4.10104990005493 0.0372375324368477 7.21784782409668
-1 0 0
-4.10104990005493 0.0372375324368477 -3.19744231092045E-14
-4.10104990005493 0.184875324368477 -3.19744231092045E-14
-0.00520833348855376 0.184875324368477 -3.24185123190546E-14
-1.08424411932994E-16 0 -1
-0.00520833348855376 0.184875324368477 -3.24185123190546E-14
-0.00520833348855376 0.0372375324368477 -3.24185123190546E-14
-4.10104990005493 0.0372375324368477 -3.19744231092045E-14
-1.08424411932994E-16 0 -1
[HEADER]
429564,M_Door-Passage-Single-Two_Lite,550
344.361689471723 128.498457003219 13.1233595800525
1
-1 3.18524774704407E-15 0
-3.18524774704407E-15 -1 0
0 0 1
1.64041996002197 -0.225229665637016 1.77635683940025E-15
1.47637796401978 0.103633530437946 1.77635683940025E-15
1.64041996002197 0.266896337270737 1.77635683940025E-15
0 0 -1
1.47637796401978 0.266896337270737 1.77635683940025E-15
1.64041996002197 0.266896337270737 1.77635683940025E-15
1.47637796401978 0.103633530437946 1.77635683940025E-15
0 0 -1
1.47637796401978 0.103633530437946 1.77635683940025E-15
1.47637796401978 -0.0637713223695755 1.77635683940025E-15
1.42429459095001 0.103633530437946 1.77635683940025E-15
0 0 -1
1.47637796401978 0.103633530437946 1.77635683940025E-15
1.64041996002197 -0.225229665637016 1.77635683940025E-15
1.47637796401978 -0.0637713223695755 1.77635683940025E-15
0 0 -1
1.47637796401978 -0.225229665637016 1.77635683940025E-15
1.47637796401978 -0.0637713223695755 1.77635683940025E-15
1.64041996002197 -0.225229665637016 1.77635683940025E-15
0 0 -1
1.42429459095001 0.103633530437946 1.77635683940025E-15
1.47637796401978 -0.0637713223695755 1.77635683940025E-15
1.42429459095001 -0.0637713223695755 1.77635683940025E-15
0 0 -1
1.47637796401978 0.103633530437946 0
1.47637796401978 0.103633530437946 6.88976383209229
1.47637796401978 0.266896337270737 6.88976383209229
-1 0 0
1.47637796401978 0.266896337270737 6.88976383209229
1.47637796401978 0.266896337270737 0
1.47637796401978 0.103633530437946 0
-1 0 0
-1.47637796401978 0.266896337270737 1.32348898008484E-23
-1.64041996002197 0.266896337270737 1.32348898008484E-23
-1.47637796401978 0.266896337270737 6.88976383209229
0 1 0
1.64041996002197 0.266896337270737 0
1.47637796401978 0.266896337270737 1.32348898008484E-23
1.47637796401978 0.266896337270737 6.88976383209229
0 1 0
-1.47637796401978 0.266896337270737 6.88976383209229
-1.64041996002197 0.266896337270737 7.21784782409668
1.47637796401978 0.266896337270737 6.88976383209229
0 1 0
-1.64041996002197 0.266896337270737 7.21784782409668
-1.47637796401978 0.266896337270737 6.88976383209229
-1.64041996002197 0.266896337270737 1.32348898008484E-23
0 1 0
1.47637796401978 0.266896337270737 6.88976383209229
1.64041996002197 0.266896337270737 7.21784782409668
1.64041996002197 0.266896337270737 0
0 1 0
1.64041996002197 0.266896337270737 7.21784782409668
1.47637796401978 0.266896337270737 6.88976383209229
-1.64041996002197 0.266896337270737 7.21784782409668
0 1 0
1.64041996002197 0.266896337270737 0
1.64041996002197 0.266896337270737 7.21784782409668
1.64041996002197 -0.225229665637016 7.21784782409668
1 0 3.14786956191393E-17
1.64041996002197 -0.225229665637016 7.21784782409668
1.64041996002197 -0.225229665637016 0
1.64041996002197 0.266896337270737 0
1 0 3.14786956191393E-17
1.47637796401978 -0.225229665637016 2.46230507005482E-24
1.64041996002197 -0.225229665637016 1.32348898008484E-23
1.47637796401978 -0.225229665637016 6.88976383209229
0 -1 7.86967390478482E-18
-1.64041996002197 -0.225229665637016 -3.693457407867E-24
-1.47637796401978 -0.225229665637016 -6.15576247792181E-24
-1.47637796401978 -0.225229665637016 6.88976383209229
0 -1 7.86967390478482E-18
1.47637796401978 -0.225229665637016 6.88976383209229
1.64041996002197 -0.225229665637016 7.21784782409668
-1.47637796401978 -0.225229665637016 6.88976383209229
0 -1 7.86967390478482E-18
1.64041996002197 -0.225229665637016 7.21784782409668
1.47637796401978 -0.225229665637016 6.88976383209229
1.64041996002197 -0.225229665637016 1.32348898008484E-23
0 -1 7.86967390478482E-18
-1.47637796401978 -0.225229665637016 6.88976383209229
-1.64041996002197 -0.225229665637016 7.21784782409668
-1.64041996002197 -0.225229665637016 -3.693457407867E-24
0 -1 7.86967390478482E-18
-1.64041996002197 -0.225229665637016 7.21784782409668
-1.47637796401978 -0.225229665637016 6.88976383209229
1.64041996002197 -0.225229665637016 7.21784782409668
0 -1 7.86967390478482E-18
1.47637796401978 -0.225229665637016 0
1.47637796401978 -0.225229665637016 6.88976383209229
1.47637796401978 -0.0637713223695755 6.88976383209229
-1 0 0
1.47637796401978 -0.0637713223695755 6.88976383209229
1.47637796401978 -0.0637713223695755 0
1.47637796401978 -0.225229665637016 0
-1 0 0
1.42429459095001 -0.0637713223695755 0
1.47637796401978 -0.0637713223695755 0
1.42429459095001 -0.0637713223695755 6.83768033981323
0 -1 4.02852354649699E-18
-1.47637796401978 -0.0637713223695755 1.32348898008484E-23
-1.42429459095001 -0.0637713223695755 -1.32348898008484E-23
-1.42429459095001 -0.0637713223695755 6.83768033981323
0 -1 4.02852354649699E-18
1.42429459095001 -0.0637713223695755 6.83768033981323
1.47637796401978 -0.0637713223695755 6.88976383209229
-1.42429459095001 -0.0637713223695755 6.83768033981323
0 -1 4.02852354649699E-18
1.47637796401978 -0.0637713223695755 6.88976383209229
1.42429459095001 -0.0637713223695755 6.83768033981323
1.47637796401978 -0.0637713223695755 0
0 -1 4.02852354649699E-18
-1.42429459095001 -0.0637713223695755 6.83768033981323
-1.47637796401978 -0.0637713223695755 6.88976383209229
-1.47637796401978 -0.0637713223695755 1.32348898008484E-23
0 -1 4.02852354649699E-18
-1.47637796401978 -0.0637713223695755 6.88976383209229
-1.42429459095001 -0.0637713223695755 6.83768033981323
1.47637796401978 -0.0637713223695755 6.88976383209229
0 -1 4.02852354649699E-18
1.42429459095001 -0.0637713223695755 0
1.42429459095001 -0.0637713223695755 6.83768033981323
1.42429459095001 0.103633530437946 6.83768033981323
-1 0 0
1.42429459095001 0.103633530437946 6.83768033981323
1.42429459095001 0.103633530437946 0
1.42429459095001 -0.0637713223695755 0
-1 0 0
-1.42429459095001 0.103633530437946 0
-1.47637796401978 0.103633530437946 0
-1.42429459095001 0.103633530437946 6.83768033981323
0 1 0
1.47637796401978 0.103633530437946 0
1.42429459095001 0.103633530437946 -1.32348898008484E-23
1.42429459095001 0.103633530437946 6.83768033981323
0 1 0
-1.42429459095001 0.103633530437946 6.83768033981323
-1.47637796401978 0.103633530437946 6.88976383209229
1.42429459095001 0.103633530437946 6.83768033981323
0 1 0
-1.47637796401978 0.103633530437946 6.88976383209229
-1.42429459095001 0.103633530437946 6.83768033981323
-1.47637796401978 0.103633530437946 0
0 1 0
1.42429459095001 0.103633530437946 6.83768033981323
1.47637796401978 0.103633530437946 6.88976383209229
1.47637796401978 0.103633530437946 0
0 1 0
1.47637796401978 0.103633530437946 6.88976383209229
1.42429459095001 0.103633530437946 6.83768033981323
-1.47637796401978 0.103633530437946 6.88976383209229
0 1 0
1.47637796401978 0.103633530437946 6.88976383209229
-1.47637796401978 0.103633530437946 6.88976383209229
-1.47637796401978 0.266896337270737 6.88976383209229
0 0 -1
-1.47637796401978 0.266896337270737 6.88976383209229
1.47637796401978 0.266896337270737 6.88976383209229
1.47637796401978 0.103633530437946 6.88976383209229
0 0 -1
-1.47637796401978 -0.225229665637016 6.88976383209229
-1.47637796401978 -0.0637713223695755 6.88976383209229
1.47637796401978 -0.0637713223695755 6.88976383209229
0 0 -1
1.47637796401978 -0.0637713223695755 6.88976383209229
1.47637796401978 -0.225229665637016 6.88976383209229
-1.47637796401978 -0.225229665637016 6.88976383209229
0 0 -1
-1.42429459095001 -0.0637713223695755 6.83768033981323
-1.42429459095001 0.103633530437946 6.83768033981323
1.42429459095001 0.103633530437946 6.83768033981323
0 0 -1
1.42429459095001 0.103633530437946 6.83768033981323
1.42429459095001 -0.0637713223695755 6.83768033981323
-1.42429459095001 -0.0637713223695755 6.83768033981323
0 0 -1
-1.64041996002197 0.266896337270737 0
-1.47637796401978 0.103633530437946 0
-1.64041996002197 -0.225229665637016 0
0 0 -1
-1.47637796401978 0.103633530437946 0
-1.64041996002197 0.266896337270737 0
-1.47637796401978 0.266896337270737 0
0 0 -1
-1.42429459095001 0.103633530437946 0
-1.47637796401978 -0.0637713223695755 0
-1.47637796401978 0.103633530437946 0
0 0 -1
-1.47637796401978 -0.0637713223695755 0
-1.64041996002197 -0.225229665637016 0
-1.47637796401978 0.103633530437946 0
0 0 -1
-1.64041996002197 -0.225229665637016 0
-1.47637796401978 -0.0637713223695755 0
-1.47637796401978 -0.225229665637016 0
0 0 -1
-1.42429459095001 -0.0637713223695755 0
-1.47637796401978 -0.0637713223695755 0
-1.42429459095001 0.103633530437946 0
0 0 -1
-1.47637796401978 0.266896337270737 6.88976383209229
-1.47637796401978 0.103633530437946 6.88976383209229
-1.47637796401978 0.103633530437946 0
1 0 -3.22281883719759E-17
-1.47637796401978 0.103633530437946 0
-1.47637796401978 0.266896337270737 0
-1.47637796401978 0.266896337270737 6.88976383209229
1 0 -3.22281883719759E-17
-1.64041996002197 0.266896337270737 0
-1.64041996002197 -0.225229665637016 0
-1.64041996002197 -0.225229665637016 7.21784782409668
-1 0 -3.14786956191393E-17
-1.64041996002197 -0.225229665637016 7.21784782409668
-1.64041996002197 0.266896337270737 7.21784782409668
-1.64041996002197 0.266896337270737 0
-1 0 -3.14786956191393E-17
-1.47637796401978 -0.225229665637016 0
-1.47637796401978 -0.0637713223695755 0
-1.47637796401978 -0.0637713223695755 6.88976383209229
1 0 -3.22281883719759E-17
-1.47637796401978 -0.0637713223695755 6.88976383209229
-1.47637796401978 -0.225229665637016 6.88976383209229
-1.47637796401978 -0.225229665637016 0
1 0 -3.22281883719759E-17
-1.42429459095001 -0.0637713223695755 0
-1.42429459095001 0.103633530437946 0
-1.42429459095001 0.103633530437946 6.83768033981323
1 0 -3.24736738828763E-17
-1.42429459095001 0.103633530437946 6.83768033981323
-1.42429459095001 -0.0637713223695755 6.83768033981323
-1.42429459095001 -0.0637713223695755 0
1 0 -3.24736738828763E-17
1.64041996002197 0.266896337270737 7.21784782409668
-1.64041996002197 0.266896337270737 7.21784782409668
-1.64041996002197 -0.225229665637016 7.21784782409668
0 0 1
-1.64041996002197 -0.225229665637016 7.21784782409668
1.64041996002197 -0.225229665637016 7.21784782409668
1.64041996002197 0.266896337270737 7.21784782409668
0 0 1
-1.47637796401978 0.119258530437946 6.88976383209229
-0.976377964019775 0.119258530437946 3.59333992004395
-0.976377964019775 0.119258530437946 6.38976383209229
0 -1 0
-0.976377964019775 0.119258530437946 3.59333992004395
-1.47637796401978 0.119258530437946 6.88976383209229
-1.47637796401978 0.119258530437946 -3.19744231092045E-14
0 -1 0
-1.47637796401978 0.119258530437946 6.88976383209229
-0.976377964019775 0.119258530437946 6.38976383209229
0.976377964019775 0.119258530437946 6.38976383209229
0 -1 0
1.47637796401978 0.119258530437946 6.88976383209229
0.976377964019775 0.119258530437946 6.38976383209229
0.976377964019775 0.119258530437946 3.59333992004395
0 -1 0
0.976377964019775 0.119258530437946 6.38976383209229
1.47637796401978 0.119258530437946 6.88976383209229
-1.47637796401978 0.119258530437946 6.88976383209229
0 -1 0
1.47637796401978 0.119258530437946 6.88976383209229
0.976377964019775 0.119258530437946 3.59333992004395
1.47637796401978 0.119258530437946 -3.19744231092045E-14
0 -1 0
-0.976377964019775 0.119258530437946 3.59333992004395
0.976377964019775 0.119258530437946 2.96833992004395
0.976377964019775 0.119258530437946 3.59333992004395
0 -1 0
-0.976377964019775 0.119258530437946 2.96833992004395
-1.47637796401978 0.119258530437946 -3.19744231092045E-14
-0.976377964019775 0.119258530437946 0.833333313465118
0 -1 0
-1.47637796401978 0.119258530437946 -3.19744231092045E-14
-0.976377964019775 0.119258530437946 2.96833992004395
-0.976377964019775 0.119258530437946 3.59333992004395
0 -1 0
-0.976377964019775 0.119258530437946 0.833333313465118
-1.47637796401978 0.119258530437946 -3.19744231092045E-14
0.976377964019775 0.119258530437946 0.833333313465118
0 -1 0
0.976377964019775 0.119258530437946 2.96833992004395
0.976377964019775 0.119258530437946 0.833333313465118
1.47637796401978 0.119258530437946 -3.19744231092045E-14
0 -1 0
1.47637796401978 0.119258530437946 -3.19744231092045E-14
0.976377964019775 0.119258530437946 0.833333313465118
-1.47637796401978 0.119258530437946 -3.19744231092045E-14
0 -1 0
0.976377964019775 0.119258530437946 2.96833992004395
1.47637796401978 0.119258530437946 -3.19744231092045E-14
0.976377964019775 0.119258530437946 3.59333992004395
0 -1 0
-0.976377964019775 0.119258530437946 2.96833992004395
0.976377964019775 0.119258530437946 2.96833992004395
-0.976377964019775 0.119258530437946 3.59333992004395
0 -1 0
-1.47637796401978 0.266896337270737 -3.19744231092045E-14
-0.976377964019775 0.266896337270737 2.96833992004395
-0.976377964019775 0.266896337270737 0.833333313465118
0 1 0
-0.976377964019775 0.266896337270737 2.96833992004395
-1.47637796401978 0.266896337270737 -3.19744231092045E-14
-0.976377964019775 0.266896337270737 3.59333992004395
0 1 0
-1.47637796401978 0.266896337270737 -3.19744231092045E-14
-0.976377964019775 0.266896337270737 0.833333313465118
0.976377964019775 0.266896337270737 0.833333313465118
0 1 0
1.47637796401978 0.266896337270737 -3.19744231092045E-14
0.976377964019775 0.266896337270737 0.833333313465118
0.976377964019775 0.266896337270737 2.96833992004395
0 1 0
0.976377964019775 0.266896337270737 0.833333313465118
1.47637796401978 0.266896337270737 -3.19744231092045E-14
-1.47637796401978 0.266896337270737 -3.19744231092045E-14
0 1 0
1.47637796401978 0.266896337270737 -3.19744231092045E-14
0.976377964019775 0.266896337270737 2.96833992004395
0.976377964019775 0.266896337270737 3.59333992004395
0 1 0
-0.976377964019775 0.266896337270737 2.96833992004395
-0.976377964019775 0.266896337270737 3.59333992004395
0.976377964019775 0.266896337270737 2.96833992004395
0 1 0
-0.976377964019775 0.266896337270737 3.59333992004395
-1.47637796401978 0.266896337270737 6.88976383209229
-0.976377964019775 0.266896337270737 6.38976383209229
0 1 0
-1.47637796401978 0.266896337270737 6.88976383209229
-0.976377964019775 0.266896337270737 3.59333992004395
-1.47637796401978 0.266896337270737 -3.19744231092045E-14
0 1 0
-0.976377964019775 0.266896337270737 6.38976383209229
-1.47637796401978 0.266896337270737 6.88976383209229
0.976377964019775 0.266896337270737 6.38976383209229
0 1 0
0.976377964019775 0.266896337270737 3.59333992004395
0.976377964019775 0.266896337270737 6.38976383209229
1.47637796401978 0.266896337270737 6.88976383209229
0 1 0
1.47637796401978 0.266896337270737 6.88976383209229
0.976377964019775 0.266896337270737 6.38976383209229
-1.47637796401978 0.266896337270737 6.88976383209229
0 1 0
0.976377964019775 0.266896337270737 3.59333992004395
1.47637796401978 0.266896337270737 6.88976383209229
1.47637796401978 0.266896337270737 -3.19744231092045E-14
0 1 0
-0.976377964019775 0.266896337270737 3.59333992004395
0.976377964019775 0.266896337270737 3.59333992004395
0.976377964019775 0.266896337270737 2.96833992004395
0 1 0
-1.47637796401978 0.119258530437946 6.88976383209229
-1.47637796401978 0.266896337270737 6.88976383209229
-1.47637796401978 0.266896337270737 -3.19744231092045E-14
-1 0 0
-1.47637796401978 0.266896337270737 -3.19744231092045E-14
-1.47637796401978 0.119258530437946 -3.19744231092045E-14
-1.47637796401978 0.119258530437946 6.88976383209229
-1 0 0
-1.47637796401978 0.119258530437946 -3.19744231092045E-14
-1.47637796401978 0.266896337270737 -3.19744231092045E-14
1.47637796401978 0.266896337270737 -3.24185123190546E-14
-1.50398212402555E-16 0 -1
1.47637796401978 0.266896337270737 -3.24185123190546E-14
1.47637796401978 0.119258530437946 -3.24185123190546E-14
-1.47637796401978 0.119258530437946 -3.19744231092045E-14
-1.50398212402555E-16 0 -1
1.47637796401978 0.119258530437946 -3.19744231092045E-14
1.47637796401978 0.266896337270737 -3.19744231092045E-14
1.47637796401978 0.266896337270737 6.88976383209229
1 0 0
1.47637796401978 0.266896337270737 6.88976383209229
1.47637796401978 0.119258530437946 6.88976383209229
1.47637796401978 0.119258530437946 -3.19744231092045E-14
1 0 0
1.47637796401978 0.119258530437946 6.88976383209229
1.47637796401978 0.266896337270737 6.88976383209229
-1.47637796401978 0.266896337270737 6.88976383209229
0 0 1
-1.47637796401978 0.266896337270737 6.88976383209229
-1.47637796401978 0.119258530437946 6.88976383209229
1.47637796401978 0.119258530437946 6.88976383209229
0 0 1
-0.976377964019775 0.119258530437946 6.38976383209229
-0.976377964019775 0.266896337270737 6.38976383209229
0.976377964019775 0.266896337270737 6.38976383209229
0 0 -1
0.976377964019775 0.266896337270737 6.38976383209229
0.976377964019775 0.119258530437946 6.38976383209229
-0.976377964019775 0.119258530437946 6.38976383209229
0 0 -1
0.976377964019775 0.119258530437946 6.38976383209229
0.976377964019775 0.266896337270737 6.38976383209229
0.976377964019775 0.266896337270737 3.59333992004395
-1 0 0
0.976377964019775 0.266896337270737 3.59333992004395
0.976377964019775 0.119258530437946 3.59333992004395
0.976377964019775 0.119258530437946 6.38976383209229
-1 0 0
0.976377964019775 0.119258530437946 3.59333992004395
0.976377964019775 0.266896337270737 3.59333992004395
-0.976377964019775 0.266896337270737 3.59333992004395
0 0 1
-0.976377964019775 0.266896337270737 3.59333992004395
-0.976377964019775 0.119258530437946 3.59333992004395
0.976377964019775 0.119258530437946 3.59333992004395
0 0 1
-0.976377964019775 0.119258530437946 3.59333992004395
-0.976377964019775 0.266896337270737 3.59333992004395
-0.976377964019775 0.266896337270737 6.38976383209229
1 0 0
-0.976377964019775 0.266896337270737 6.38976383209229
-0.976377964019775 0.119258530437946 6.38976383209229
-0.976377964019775 0.119258530437946 3.59333992004395
1 0 0
-0.976377964019775 0.119258530437946 2.96833992004395
-0.976377964019775 0.266896337270737 2.96833992004395
0.976377964019775 0.266896337270737 2.96833992004395
0 0 -1
0.976377964019775 0.266896337270737 2.96833992004395
0.976377964019775 0.119258530437946 2.96833992004395
-0.976377964019775 0.119258530437946 2.96833992004395
0 0 -1
0.976377964019775 0.119258530437946 2.96833992004395
0.976377964019775 0.266896337270737 2.96833992004395
0.976377964019775 0.266896337270737 0.833333313465118
-1 0 0
0.976377964019775 0.266896337270737 0.833333313465118
0.976377964019775 0.119258530437946 0.833333313465118
0.976377964019775 0.119258530437946 2.96833992004395
-1 0 0
0.976377964019775 0.119258530437946 0.833333313465118
0.976377964019775 0.266896337270737 0.833333313465118
-0.976377964019775 0.266896337270737 0.833333313465118
0 0 1
-0.976377964019775 0.266896337270737 0.833333313465118
-0.976377964019775 0.119258530437946 0.833333313465118
0.976377964019775 0.119258530437946 0.833333313465118
0 0 1
-0.976377964019775 0.119258530437946 0.833333313465118
-0.976377964019775 0.266896337270737 0.833333313465118
-0.976377964019775 0.266896337270737 2.96833992004395
1 0 0
-0.976377964019775 0.266896337270737 2.96833992004395
-0.976377964019775 0.119258530437946 2.96833992004395
-0.976377964019775 0.119258530437946 0.833333313465118
1 0 0
0.976377964019775 0.184875324368477 6.38976383209229
-0.976377964019775 0.184875324368477 6.38976383209229
-0.976377964019775 0.184875324368477 3.59333992004395
-3.22945807855174E-15 -1 0
-0.976377964019775 0.184875324368477 3.59333992004395
0.976377964019775 0.184875324368477 3.59333992004395
0.976377964019775 0.184875324368477 6.38976383209229
-3.22945807855174E-15 -1 0
0.976377964019775 0.184875324368477 2.96833992004395
-0.976377964019775 0.184875324368477 2.96833992004395
-0.976377964019775 0.184875324368477 0.833333313465118
-3.22945807855174E-15 -1 0
-0.976377964019775 0.184875324368477 0.833333313465118
0.976377964019775 0.184875324368477 0.833333313465118
0.976377964019775 0.184875324368477 2.96833992004395
-3.22945807855174E-15 -1 0
0.976377964019775 0.201279520988464 3.59333992004395
-0.976377964019775 0.201279520988464 3.59333992004395
-0.976377964019775 0.201279520988464 6.38976383209229
3.22945807855174E-15 1 0
-0.976377964019775 0.201279520988464 6.38976383209229
0.976377964019775 0.201279520988464 6.38976383209229
0.976377964019775 0.201279520988464 3.59333992004395
3.22945807855174E-15 1 0
0.976377964019775 0.201279520988464 0.833333313465118
-0.976377964019775 0.201279520988464 0.833333313465118
-0.976377964019775 0.201279520988464 2.96833992004395
3.22945807855174E-15 1 0
-0.976377964019775 0.201279520988464 2.96833992004395
0.976377964019775 0.201279520988464 2.96833992004395
0.976377964019775 0.201279520988464 0.833333313465118
3.22945807855174E-15 1 0
-0.976377964019775 0.184875324368477 6.38976383209229
-0.976377964019775 0.201279520988464 6.38976383209229
-0.976377964019775 0.201279520988464 3.59333992004395
-1 0 0
-0.976377964019775 0.201279520988464 3.59333992004395
-0.976377964019775 0.184875324368477 3.59333992004395
-0.976377964019775 0.184875324368477 6.38976383209229
-1 0 0
-0.976377964019775 0.184875324368477 3.59333992004395
-0.976377964019775 0.201279520988464 3.59333992004395
0.976377964019775 0.201279520988464 3.59333992004395
0 0 -1
0.976377964019775 0.201279520988464 3.59333992004395
0.976377964019775 0.184875324368477 3.59333992004395
-0.976377964019775 0.184875324368477 3.59333992004395
0 0 -1
0.976377964019775 0.184875324368477 3.59333992004395
0.976377964019775 0.201279520988464 3.59333992004395
0.976377964019775 0.201279520988464 6.38976383209229
1 0 0
0.976377964019775 0.201279520988464 6.38976383209229
0.976377964019775 0.184875324368477 6.38976383209229
0.976377964019775 0.184875324368477 3.59333992004395
1 0 0
0.976377964019775 0.184875324368477 6.38976383209229
0.976377964019775 0.201279520988464 6.38976383209229
-0.976377964019775 0.201279520988464 6.38976383209229
0 0 1
-0.976377964019775 0.201279520988464 6.38976383209229
-0.976377964019775 0.184875324368477 6.38976383209229
0.976377964019775 0.184875324368477 6.38976383209229
0 0 1
-0.976377964019775 0.184875324368477 2.96833992004395
-0.976377964019775 0.201279520988464 2.96833992004395
-0.976377964019775 0.201279520988464 0.833333313465118
-1 0 0
-0.976377964019775 0.201279520988464 0.833333313465118
-0.976377964019775 0.184875324368477 0.833333313465118
-0.976377964019775 0.184875324368477 2.96833992004395
-1 0 0
-0.976377964019775 0.184875324368477 0.833333313465118
-0.976377964019775 0.201279520988464 0.833333313465118
0.976377964019775 0.201279520988464 0.833333313465118
0 0 -1
0.976377964019775 0.201279520988464 0.833333313465118
0.976377964019775 0.184875324368477 0.833333313465118
-0.976377964019775 0.184875324368477 0.833333313465118
0 0 -1
0.976377964019775 0.184875324368477 0.833333313465118
0.976377964019775 0.201279520988464 0.833333313465118
0.976377964019775 0.201279520988464 2.96833992004395
1 0 0
0.976377964019775 0.201279520988464 2.96833992004395
0.976377964019775 0.184875324368477 2.96833992004395
0.976377964019775 0.184875324368477 0.833333313465118
1 0 0
0.976377964019775 0.184875324368477 2.96833992004395
0.976377964019775 0.201279520988464 2.96833992004395
-0.976377964019775 0.201279520988464 2.96833992004395
0 0 1
-0.976377964019775 0.201279520988464 2.96833992004395
-0.976377964019775 0.184875324368477 2.96833992004395
0.976377964019775 0.184875324368477 2.96833992004395
0 0 1
[HEADER]
429565,M_Door-Passage-Single-Two_Lite,6
344.597475957639 102.924310020559 13.1233595800525
1
-1 3.43594923676699E-15 0
-3.43594923676699E-15 -1 0
0 0 1
[HEADER]
429566,M_Door-Passage-Single-Two_Lite,6
360.208146165674 93.4098743260534 13.1233595800525
1
-1 3.36750920273384E-15 0
-3.36750920273384E-15 -1 0
0 0 1
[HEADER]
429567,M_Door-Passage-Double-Flush-Dbl_Acting 4,214
366.441741966199 93.4098743260534 13.1233595800525
1
-1 3.36750920273384E-15 0
-3.36750920273384E-15 -1 0
0 0 1
2.95275592803955 0.184875324368477 8.88178419700125E-16
3.11679792404175 0.184875324368477 8.88178419700125E-16
3.11679792404175 -0.307250648736954 8.88178419700125E-16
0 0 -1
3.11679792404175 -0.307250648736954 8.88178419700125E-16
2.95275592803955 -0.307250648736954 8.88178419700125E-16
2.95275592803955 0.184875324368477 8.88178419700125E-16
0 0 -1
2.95275592803955 -0.307250648736954 0
2.95275592803955 -0.307250648736954 6.88976383209229
2.95275592803955 0.184875324368477 6.88976383209229
-1 0 -6.44563767439519E-17
2.95275592803955 0.184875324368477 6.88976383209229
2.95275592803955 0.184875324368477 0
2.95275592803955 -0.307250648736954 0
-1 0 -6.44563767439519E-17
-2.95275592803955 0.184875324368477 3.78139764942877E-24
-3.11679792404175 0.184875324368477 3.1511646421189E-24
-2.95275592803955 0.184875324368477 6.88976383209229
0 1 -8.05704709299398E-18
3.11679792404175 0.184875324368477 -1.26046569907538E-23
2.95275592803955 0.184875324368477 -1.32348898008484E-23
2.95275592803955 0.184875324368477 6.88976383209229
0 1 -8.05704709299398E-18
-2.95275592803955 0.184875324368477 6.88976383209229
-3.11679792404175 0.184875324368477 7.21784782409668
2.95275592803955 0.184875324368477 6.88976383209229
0 1 -8.05704709299398E-18
-3.11679792404175 0.184875324368477 7.21784782409668
-2.95275592803955 0.184875324368477 6.88976383209229
-3.11679792404175 0.184875324368477 3.1511646421189E-24
0 1 -8.05704709299398E-18
2.95275592803955 0.184875324368477 6.88976383209229
3.11679792404175 0.184875324368477 7.21784782409668
3.11679792404175 0.184875324368477 -1.26046569907538E-23
0 1 -8.05704709299398E-18
3.11679792404175 0.184875324368477 7.21784782409668
2.95275592803955 0.184875324368477 6.88976383209229
-3.11679792404175 0.184875324368477 7.21784782409668
0 1 -8.05704709299398E-18
3.11679792404175 0.184875324368477 0
3.11679792404175 0.184875324368477 7.21784782409668
3.11679792404175 -0.307250648736954 7.21784782409668
1 0 0
3.11679792404175 -0.307250648736954 7.21784782409668
3.11679792404175 -0.307250648736954 0
3.11679792404175 0.184875324368477 0
1 0 0
2.95275592803955 -0.307250648736954 -1.32348898008484E-23
3.11679792404175 -0.307250648736954 0
2.95275592803955 -0.307250648736954 6.88976383209229
0 -1 0
-3.11679792404175 -0.307250648736954 0
-2.95275592803955 -0.307250648736954 1.32348898008484E-23
-2.95275592803955 -0.307250648736954 6.88976383209229
0 -1 0
2.95275592803955 -0.307250648736954 6.88976383209229
3.11679792404175 -0.307250648736954 7.21784782409668
-2.95275592803955 -0.307250648736954 6.88976383209229
0 -1 0
3.11679792404175 -0.307250648736954 7.21784782409668
2.95275592803955 -0.307250648736954 6.88976383209229
3.11679792404175 -0.307250648736954 0
0 -1 0
-2.95275592803955 -0.307250648736954 6.88976383209229
-3.11679792404175 -0.307250648736954 7.21784782409668
-3.11679792404175 -0.307250648736954 0
0 -1 0
-3.11679792404175 -0.307250648736954 7.21784782409668
-2.95275592803955 -0.307250648736954 6.88976383209229
3.11679792404175 -0.307250648736954 7.21784782409668
0 -1 0
2.95275592803955 -0.307250648736954 6.88976383209229
-2.95275592803955 -0.307250648736954 6.88976383209229
-2.95275592803955 0.184875324368477 6.88976383209229
0 0 -1
-2.95275592803955 0.184875324368477 6.88976383209229
2.95275592803955 0.184875324368477 6.88976383209229
2.95275592803955 -0.307250648736954 6.88976383209229
0 0 -1
-2.95275592803955 0.184875324368477 0
-2.95275592803955 -0.307250648736954 0
-3.11679792404175 -0.307250648736954 0
0 0 -1
-3.11679792404175 -0.307250648736954 0
-3.11679792404175 0.184875324368477 0
-2.95275592803955 0.184875324368477 0
0 0 -1
-2.95275592803955 0.184875324368477 6.88976383209229
-2.95275592803955 -0.307250648736954 6.88976383209229
-2.95275592803955 -0.307250648736954 0
1 0 0
-2.95275592803955 -0.307250648736954 0
-2.95275592803955 0.184875324368477 0
-2.95275592803955 0.184875324368477 6.88976383209229
1 0 0
-3.11679792404175 0.184875324368477 0
-3.11679792404175 -0.307250648736954 0
-3.11679792404175 -0.307250648736954 7.21784782409668
-1 0 0
-3.11679792404175 -0.307250648736954 7.21784782409668
-3.11679792404175 0.184875324368477 7.21784782409668
-3.11679792404175 0.184875324368477 0
-1 0 0
3.11679792404175 0.184875324368477 7.21784782409668
-3.11679792404175 0.184875324368477 7.21784782409668
-3.11679792404175 -0.307250648736954 7.21784782409668
0 0 1
-3.11679792404175 -0.307250648736954 7.21784782409668
3.11679792404175 -0.307250648736954 7.21784782409668
3.11679792404175 0.184875324368477 7.21784782409668
0 0 1
2.95275592803955 0.0372375324368477 6.88976383209229
0.00520833348855376 0.0372375324368477 6.88976383209229
2.95275592803955 0.0372375324368477 -3.28626015289046E-14
0 -1 0
0.00520833348855376 0.0372375324368477 -3.28626015289046E-14
2.95275592803955 0.0372375324368477 -3.28626015289046E-14
0.00520833348855376 0.0372375324368477 6.88976383209229
0 -1 0
-0.00520833348855376 0.0372375324368477 6.88976383209229
-2.95275592803955 0.0372375324368477 6.88976383209229
-0.00520833348855376 0.0372375324368477 -3.19744231092045E-14
0 -1 0
-2.95275592803955 0.0372375324368477 -3.19744231092045E-14
-0.00520833348855376 0.0372375324368477 -3.19744231092045E-14
-2.95275592803955 0.0372375324368477 6.88976383209229
0 -1 0
2.95275592803955 0.184875324368477 -3.28626015289046E-14
0.00520833348855376 0.184875324368477 -3.28626015289046E-14
0.00520833348855376 0.184875324368477 6.88976383209229
0 1 0
0.00520833348855376 0.184875324368477 6.88976383209229
2.95275592803955 0.184875324368477 6.88976383209229
2.95275592803955 0.184875324368477 -3.28626015289046E-14
0 1 0
-0.00520833348855376 0.184875324368477 -3.28626015289046E-14
-2.95275592803955 0.184875324368477 -3.19744231092045E-14
-0.00520833348855376 0.184875324368477 6.88976383209229
0 1 0
-2.95275592803955 0.184875324368477 6.88976383209229
-0.00520833348855376 0.184875324368477 6.88976383209229
-2.95275592803955 0.184875324368477 -3.19744231092045E-14
0 1 0
0.00520833348855376 0.0372375324368477 6.88976383209229
0.00520833348855376 0.184875324368477 6.88976383209229
0.00520833348855376 0.184875324368477 -3.28626015289046E-14
-1 0 4.40619762898106E-18
0.00520833348855376 0.184875324368477 -3.28626015289046E-14
0.00520833348855376 0.0372375324368477 -3.28626015289046E-14
0.00520833348855376 0.0372375324368477 6.88976383209229
-1 0 4.40619762898106E-18
0.00520833348855376 0.0372375324368477 -3.28626015289046E-14
0.00520833348855376 0.184875324368477 -3.28626015289046E-14
2.95275592803955 0.184875324368477 -3.24185123190546E-14
1.50663966899725E-16 0 -1
2.95275592803955 0.184875324368477 -3.24185123190546E-14
2.95275592803955 0.0372375324368477 -3.24185123190546E-14
0.00520833348855376 0.0372375324368477 -3.28626015289046E-14
1.50663966899725E-16 0 -1
2.95275592803955 0.0372375324368477 -3.28626015289046E-14
2.95275592803955 0.184875324368477 -3.28626015289046E-14
2.95275592803955 0.184875324368477 6.88976383209229
1 0 0
2.95275592803955 0.184875324368477 6.88976383209229
2.95275592803955 0.0372375324368477 6.88976383209229
2.95275592803955 0.0372375324368477 -3.28626015289046E-14
1 0 0
2.95275592803955 0.0372375324368477 6.88976383209229
2.95275592803955 0.184875324368477 6.88976383209229
0.00520833348855376 0.184875324368477 6.88976383209229
-3.0132793379945E-16 0 1
0.00520833348855376 0.184875324368477 6.88976383209229
0.00520833348855376 0.0372375324368477 6.88976383209229
2.95275592803955 0.0372375324368477 6.88976383209229
-3.0132793379945E-16 0 1
-0.00520833348855376 0.0372375324368477 -3.19744231092045E-14
-0.00520833348855376 0.184875324368477 -3.28626015289046E-14
-0.00520833348855376 0.184875324368477 6.88976383209229
1 0 1.35962669694273E-17
-0.00520833348855376 0.184875324368477 6.88976383209229
-0.00520833348855376 0.0372375324368477 6.88976383209229
-0.00520833348855376 0.0372375324368477 -3.19744231092045E-14
1 0 1.35962669694273E-17
-0.00520833348855376 0.0372375324368477 6.88976383209229
-0.00520833348855376 0.184875324368477 6.88976383209229
-2.95275592803955 0.184875324368477 6.88976383209229
0 0 1
-2.95275592803955 0.184875324368477 6.88976383209229
-2.95275592803955 0.0372375324368477 6.88976383209229
-0.00520833348855376 0.0372375324368477 6.88976383209229
0 0 1
-2.95275592803955 0.0372375324368477 6.88976383209229
-2.95275592803955 0.184875324368477 6.88976383209229
-2.95275592803955 0.184875324368477 -3.19744231092045E-14
-1 0 0
-2.95275592803955 0.184875324368477 -3.19744231092045E-14
-2.95275592803955 0.0372375324368477 -3.19744231092045E-14
-2.95275592803955 0.0372375324368477 6.88976383209229
-1 0 0
-2.95275592803955 0.0372375324368477 -3.19744231092045E-14
-2.95275592803955 0.184875324368477 -3.19744231092045E-14
-0.00520833348855376 0.184875324368477 -3.24185123190546E-14
-1.50663966899725E-16 0 -1
-0.00520833348855376 0.184875324368477 -3.24185123190546E-14
-0.00520833348855376 0.0372375324368477 -3.24185123190546E-14
-2.95275592803955 0.0372375324368477 -3.19744231092045E-14
-1.50663966899725E-16 0 -1
[HEADER]
429568,M_Door-Passage-Double-Flush-Dbl_Acting 2,6
391.882804674225 103.784874326054 13.1233595800525
1
1 -3.29110731268877E-15 0
3.29110731268877E-15 1 0
0 0 1
[LEVEL]
B1F BIMS plan
[HEADER]
420165,1350 x 2100mm,342
402.879898205206 158.677754902448 -11.8110236220472
1
1.49877803362078E-15 1 0
-1 1.49877803362078E-15 0
0 0 1
0.743438303470612 0.119258530437946 -3.28626015289046E-14
2.21456694602966 0.119258530437946 -3.28626015289046E-14
2.21456694602966 0.119258530437946 6.88976383209229
0 -1 0
2.21456694602966 0.119258530437946 6.88976383209229
0.743438303470612 0.119258530437946 6.88976383209229
0.743438303470612 0.119258530437946 -3.28626015289046E-14
0 -1 0
2.21456694602966 0.266896337270737 6.88976383209229
2.21456694602966 0.266896337270737 -3.28626015289046E-14
0.743438303470612 0.266896337270737 -3.28626015289046E-14
0 1 0
0.743438303470612 0.266896337270737 -3.28626015289046E-14
0.743438303470612 0.266896337270737 6.88976383209229
2.21456694602966 0.266896337270737 6.88976383209229
0 1 0
0.743438303470612 0.119258530437946 6.88976383209229
0.743438303470612 0.266896337270737 6.88976383209229
0.743438303470612 0.266896337270737 -3.28626015289046E-14
-1 0 0
0.743438303470612 0.266896337270737 -3.28626015289046E-14
0.743438303470612 0.119258530437946 -3.28626015289046E-14
0.743438303470612 0.119258530437946 6.88976383209229
-1 0 0
0.743438303470612 0.119258530437946 -3.28626015289046E-14
0.743438303470612 0.266896337270737 -3.28626015289046E-14
2.21456694602966 0.266896337270737 -3.24185123190546E-14
3.0186973943421E-16 0 -1
2.21456694602966 0.266896337270737 -3.24185123190546E-14
2.21456694602966 0.119258530437946 -3.24185123190546E-14
0.743438303470612 0.119258530437946 -3.28626015289046E-14
3.0186973943421E-16 0 -1
2.21456694602966 0.119258530437946 -3.28626015289046E-14
2.21456694602966 0.266896337270737 -3.28626015289046E-14
2.21456694602966 0.266896337270737 6.88976383209229
1 0 6.44563767439516E-17
2.21456694602966 0.266896337270737 6.88976383209229
2.21456694602966 0.119258530437946 6.88976383209229
2.21456694602966 0.119258530437946 -3.28626015289046E-14
1 0 6.44563767439516E-17
2.21456694602966 0.119258530437946 6.88976383209229
2.21456694602966 0.266896337270737 6.88976383209229
0.743438303470612 0.266896337270737 6.88976383209229
-6.0373947886842E-16 0 1
0.743438303470612 0.266896337270737 6.88976383209229
0.743438303470612 0.119258530437946 6.88976383209229
2.21456694602966 0.119258530437946 6.88976383209229
-6.0373947886842E-16 0 1
2.37860894203186 -0.225229665637016 1.77635683940025E-15
2.21456694602966 0.103633530437946 1.77635683940025E-15
2.37860894203186 0.266896337270737 1.77635683940025E-15
0 0 -1
2.21456694602966 0.266896337270737 1.77635683940025E-15
2.37860894203186 0.266896337270737 1.77635683940025E-15
2.21456694602966 0.103633530437946 1.77635683940025E-15
0 0 -1
2.21456694602966 0.103633530437946 1.77635683940025E-15
2.21456694602966 -0.0637713223695755 1.77635683940025E-15
2.16248369216919 0.103633530437946 1.77635683940025E-15
0 0 -1
2.21456694602966 0.103633530437946 1.77635683940025E-15
2.37860894203186 -0.225229665637016 1.77635683940025E-15
2.21456694602966 -0.0637713223695755 1.77635683940025E-15
0 0 -1
2.21456694602966 -0.225229665637016 1.77635683940025E-15
2.21456694602966 -0.0637713223695755 1.77635683940025E-15
2.37860894203186 -0.225229665637016 1.77635683940025E-15
0 0 -1
2.16248369216919 0.103633530437946 1.77635683940025E-15
2.21456694602966 -0.0637713223695755 1.77635683940025E-15
2.16248369216919 -0.0637713223695755 1.77635683940025E-15
0 0 -1
2.21456694602966 0.103633530437946 0
2.21456694602966 0.103633530437946 6.88976383209229
2.21456694602966 0.266896337270737 6.88976383209229
-1 0 -6.44563767439519E-17
2.21456694602966 0.266896337270737 6.88976383209229
2.21456694602966 0.266896337270737 0
2.21456694602966 0.103633530437946 0
-1 0 -6.44563767439519E-17
-2.21456694602966 0.266896337270737 -3.78139686056787E-24
-2.37860894203186 0.266896337270737 8.82326013018593E-24
-2.21456694602966 0.266896337270737 6.88976383209229
0 1 0
2.37860894203186 0.266896337270737 6.30232810094645E-25
2.21456694602966 0.266896337270737 1.32348898008484E-23
2.21456694602966 0.266896337270737 6.88976383209229
0 1 0
-2.21456694602966 0.266896337270737 6.88976383209229
-2.37860894203186 0.266896337270737 7.21784782409668
2.21456694602966 0.266896337270737 6.88976383209229
0 1 0
-2.37860894203186 0.266896337270737 7.21784782409668
-2.21456694602966 0.266896337270737 6.88976383209229
-2.37860894203186 0.266896337270737 8.82326013018593E-24
0 1 0
2.21456694602966 0.266896337270737 6.88976383209229
2.37860894203186 0.266896337270737 7.21784782409668
2.37860894203186 0.266896337270737 6.30232810094645E-25
0 1 0
2.37860894203186 0.266896337270737 7.21784782409668
2.21456694602966 0.266896337270737 6.88976383209229
-2.37860894203186 0.266896337270737 7.21784782409668
0 1 0
2.37860894203186 0.266896337270737 0
2.37860894203186 0.266896337270737 7.21784782409668
2.37860894203186 -0.225229665637016 7.21784782409668
1 0 0
2.37860894203186 -0.225229665637016 7.21784782409668
2.37860894203186 -0.225229665637016 0
2.37860894203186 0.266896337270737 0
1 0 0
2.21456694602966 -0.225229665637016 0
2.37860894203186 -0.225229665637016 -1.32348898008484E-23
2.21456694602966 -0.225229665637016 6.88976383209229
0 -1 0
-2.37860894203186 -0.225229665637016 2.64697796016969E-23
-2.21456694602966 -0.225229665637016 1.32348898008484E-23
-2.21456694602966 -0.225229665637016 6.88976383209229
0 -1 0
2.21456694602966 -0.225229665637016 6.88976383209229
2.37860894203186 -0.225229665637016 7.21784782409668
-2.21456694602966 -0.225229665637016 6.88976383209229
0 -1 0
2.37860894203186 -0.225229665637016 7.21784782409668
2.21456694602966 -0.225229665637016 6.88976383209229
2.37860894203186 -0.225229665637016 -1.32348898008484E-23
0 -1 0
-2.21456694602966 -0.225229665637016 6.88976383209229
-2.37860894203186 -0.225229665637016 7.21784782409668
-2.37860894203186 -0.225229665637016 2.64697796016969E-23
0 -1 0
-2.37860894203186 -0.225229665637016 7.21784782409668
-2.21456694602966 -0.225229665637016 6.88976383209229
2.37860894203186 -0.225229665637016 7.21784782409668
0 -1 0
2.21456694602966 -0.225229665637016 0
2.21456694602966 -0.225229665637016 6.88976383209229
2.21456694602966 -0.0637713223695755 6.88976383209229
-1 0 -6.44563767439519E-17
2.21456694602966 -0.0637713223695755 6.88976383209229
2.21456694602966 -0.0637713223695755 0
2.21456694602966 -0.225229665637016 0
-1 0 -6.44563767439519E-17
2.16248369216919 -0.0637713223695755 1.94868002236204E-23
2.21456694602966 -0.0637713223695755 1.32348898008484E-23
2.16248369216919 -0.0637713223695755 6.83768033981323
0 -1 8.05704709299399E-18
-2.21456694602966 -0.0637713223695755 9.45349294028057E-24
-2.16248369216919 -0.0637713223695755 3.20158271472384E-24
-2.16248369216919 -0.0637713223695755 6.83768033981323
0 -1 8.05704709299399E-18
2.16248369216919 -0.0637713223695755 6.83768033981323
2.21456694602966 -0.0637713223695755 6.88976383209229
-2.16248369216919 -0.0637713223695755 6.83768033981323
0 -1 8.05704709299399E-18
2.21456694602966 -0.0637713223695755 6.88976383209229
2.16248369216919 -0.0637713223695755 6.83768033981323
2.21456694602966 -0.0637713223695755 1.32348898008484E-23
0 -1 8.05704709299399E-18
-2.16248369216919 -0.0637713223695755 6.83768033981323
-2.21456694602966 -0.0637713223695755 6.88976383209229
-2.21456694602966 -0.0637713223695755 9.45349294028057E-24
0 -1 8.05704709299399E-18
-2.21456694602966 -0.0637713223695755 6.88976383209229
-2.16248369216919 -0.0637713223695755 6.83768033981323
2.21456694602966 -0.0637713223695755 6.88976383209229
0 -1 8.05704709299399E-18
2.16248369216919 -0.0637713223695755 0
2.16248369216919 -0.0637713223695755 6.83768033981323
2.16248369216919 0.103633530437946 6.83768033981323
-1 0 -6.49473477657525E-17
2.16248369216919 0.103633530437946 6.83768033981323
2.16248369216919 0.103633530437946 0
2.16248369216919 -0.0637713223695755 0
-1 0 -6.49473477657525E-17
-2.16248369216919 0.103633530437946 -4.42221421185832E-24
-2.21456694602966 0.103633530437946 1.34642952852521E-23
-2.16248369216919 0.103633530437946 6.83768033981323
0 1 0
2.21456694602966 0.103633530437946 8.58326971015597E-24
2.16248369216919 0.103633530437946 0
2.16248369216919 0.103633530437946 6.83768033981323
0 1 0
-2.16248369216919 0.103633530437946 6.83768033981323
-2.21456694602966 0.103633530437946 6.88976383209229
2.16248369216919 0.103633530437946 6.83768033981323
0 1 0
-2.21456694602966 0.103633530437946 6.88976383209229
-2.16248369216919 0.103633530437946 6.83768033981323
-2.21456694602966 0.103633530437946 1.34642952852521E-23
0 1 0
2.16248369216919 0.103633530437946 6.83768033981323
2.21456694602966 0.103633530437946 6.88976383209229
2.21456694602966 0.103633530437946 8.58326971015597E-24
0 1 0
2.21456694602966 0.103633530437946 6.88976383209229
2.16248369216919 0.103633530437946 6.83768033981323
-2.21456694602966 0.103633530437946 6.88976383209229
0 1 0
2.21456694602966 0.103633530437946 6.88976383209229
-2.21456694602966 0.103633530437946 6.88976383209229
-2.21456694602966 0.266896337270737 6.88976383209229
0 0 -1
-2.21456694602966 0.266896337270737 6.88976383209229
2.21456694602966 0.266896337270737 6.88976383209229
2.21456694602966 0.103633530437946 6.88976383209229
0 0 -1
-2.21456694602966 -0.225229665637016 6.88976383209229
-2.21456694602966 -0.0637713223695755 6.88976383209229
2.21456694602966 -0.0637713223695755 6.88976383209229
0 0 -1
2.21456694602966 -0.0637713223695755 6.88976383209229
2.21456694602966 -0.225229665637016 6.88976383209229
-2.21456694602966 -0.225229665637016 6.88976383209229
0 0 -1
-2.16248369216919 -0.0637713223695755 6.83768033981323
-2.16248369216919 0.103633530437946 6.83768033981323
2.16248369216919 0.103633530437946 6.83768033981323
0 0 -1
2.16248369216919 0.103633530437946 6.83768033981323
2.16248369216919 -0.0637713223695755 6.83768033981323
-2.16248369216919 -0.0637713223695755 6.83768033981323
0 0 -1
-2.37860894203186 0.266896337270737 0
-2.21456694602966 0.103633530437946 0
-2.37860894203186 -0.225229665637016 0
0 0 -1
-2.21456694602966 0.103633530437946 0
-2.37860894203186 0.266896337270737 0
-2.21456694602966 0.266896337270737 0
0 0 -1
-2.16248369216919 0.103633530437946 0
-2.21456694602966 -0.0637713223695755 0
-2.21456694602966 0.103633530437946 0
0 0 -1
-2.21456694602966 -0.0637713223695755 0
-2.37860894203186 -0.225229665637016 0
-2.21456694602966 0.103633530437946 0
0 0 -1
-2.37860894203186 -0.225229665637016 0
-2.21456694602966 -0.0637713223695755 0
-2.21456694602966 -0.225229665637016 0
0 0 -1
-2.16248369216919 -0.0637713223695755 0
-2.21456694602966 -0.0637713223695755 0
-2.16248369216919 0.103633530437946 0
0 0 -1
-2.21456694602966 0.266896337270737 6.88976383209229
-2.21456694602966 0.103633530437946 6.88976383209229
-2.21456694602966 0.103633530437946 0
1 0 0
-2.21456694602966 0.103633530437946 0
-2.21456694602966 0.266896337270737 0
-2.21456694602966 0.266896337270737 6.88976383209229
1 0 0
-2.37860894203186 0.266896337270737 0
-2.37860894203186 -0.225229665637016 0
-2.37860894203186 -0.225229665637016 7.21784782409668
-1 0 0
-2.37860894203186 -0.225229665637016 7.21784782409668
-2.37860894203186 0.266896337270737 7.21784782409668
-2.37860894203186 0.266896337270737 0
-1 0 0
-2.21456694602966 -0.225229665637016 0
-2.21456694602966 -0.0637713223695755 0
-2.21456694602966 -0.0637713223695755 6.88976383209229
1 0 0
-2.21456694602966 -0.0637713223695755 6.88976383209229
-2.21456694602966 -0.225229665637016 6.88976383209229
-2.21456694602966 -0.225229665637016 0
1 0 0
-2.16248369216919 -0.0637713223695755 0
-2.16248369216919 0.103633530437946 0
-2.16248369216919 0.103633530437946 6.83768033981323
1 0 0
-2.16248369216919 0.103633530437946 6.83768033981323
-2.16248369216919 -0.0637713223695755 6.83768033981323
-2.16248369216919 -0.0637713223695755 0
1 0 0
2.37860894203186 0.266896337270737 7.21784782409668
-2.37860894203186 0.266896337270737 7.21784782409668
-2.37860894203186 -0.225229665637016 7.21784782409668
0 0 1
-2.37860894203186 -0.225229665637016 7.21784782409668
2.37860894203186 -0.225229665637016 7.21784782409668
2.37860894203186 0.266896337270737 7.21784782409668
0 0 1
-2.21456694602966 0.119258530437946 -3.28626015289046E-14
0.732939660549164 0.119258530437946 -3.28626015289046E-14
0.732939660549164 0.119258530437946 6.88976383209229
0 -1 0
0.732939660549164 0.119258530437946 6.88976383209229
-2.21456694602966 0.119258530437946 6.88976383209229
-2.21456694602966 0.119258530437946 -3.28626015289046E-14
0 -1 0
0.732939660549164 0.266896337270737 6.88976383209229
0.732939660549164 0.266896337270737 -3.28626015289046E-14
-2.21456694602966 0.266896337270737 -3.28626015289046E-14
0 1 0
-2.21456694602966 0.266896337270737 -3.28626015289046E-14
-2.21456694602966 0.266896337270737 6.88976383209229
0.732939660549164 0.266896337270737 6.88976383209229
0 1 0
-2.21456694602966 0.119258530437946 6.88976383209229
-2.21456694602966 0.266896337270737 6.88976383209229
-2.21456694602966 0.266896337270737 -3.28626015289046E-14
-1 0 0
-2.21456694602966 0.266896337270737 -3.28626015289046E-14
-2.21456694602966 0.119258530437946 -3.28626015289046E-14
-2.21456694602966 0.119258530437946 6.88976383209229
-1 0 0
-2.21456694602966 0.119258530437946 -3.28626015289046E-14
-2.21456694602966 0.266896337270737 -3.28626015289046E-14
0.732939660549164 0.266896337270737 -3.24185123190546E-14
1.50666063181544E-16 0 -1
0.732939660549164 0.266896337270737 -3.24185123190546E-14
0.732939660549164 0.119258530437946 -3.24185123190546E-14
-2.21456694602966 0.119258530437946 -3.28626015289046E-14
1.50666063181544E-16 0 -1
0.732939660549164 0.119258530437946 -3.28626015289046E-14
0.732939660549164 0.266896337270737 -3.28626015289046E-14
0.732939660549164 0.266896337270737 6.88976383209229
1 0 -6.44563767439516E-16
0.732939660549164 0.266896337270737 6.88976383209229
0.732939660549164 0.119258530437946 6.88976383209229
0.732939660549164 0.119258530437946 -3.28626015289046E-14
1 0 -6.44563767439516E-16
0.732939660549164 0.119258530437946 6.88976383209229
0.732939660549164 0.266896337270737 6.88976383209229
-2.21456694602966 0.266896337270737 6.88976383209229
-3.01332126363087E-16 0 1
-2.21456694602966 0.266896337270737 6.88976383209229
-2.21456694602966 0.119258530437946 6.88976383209229
0.732939660549164 0.119258530437946 6.88976383209229
-3.01332126363087E-16 0 1
[HEADER]
420265,M_Door-Passage-Single-Vision_Two_Lite 2,550
407.915987377631 202.996980631792 -11.8110236220472
1
1.78613910428044E-15 1 0
-1 1.78613910428044E-15 0
0 0 1
1.64041996002197 -0.225229665637016 1.77635683940025E-15
1.47637796401978 0.103633530437946 1.77635683940025E-15
1.64041996002197 0.266896337270737 1.77635683940025E-15
0 0 -1
1.47637796401978 0.266896337270737 1.77635683940025E-15
1.64041996002197 0.266896337270737 1.77635683940025E-15
1.47637796401978 0.103633530437946 1.77635683940025E-15
0 0 -1
1.47637796401978 0.103633530437946 1.77635683940025E-15
1.47637796401978 -0.0637713223695755 1.77635683940025E-15
1.42429459095001 0.103633530437946 1.77635683940025E-15
0 0 -1
1.47637796401978 0.103633530437946 1.77635683940025E-15
1.64041996002197 -0.225229665637016 1.77635683940025E-15
1.47637796401978 -0.0637713223695755 1.77635683940025E-15
0 0 -1
1.47637796401978 -0.225229665637016 1.77635683940025E-15
1.47637796401978 -0.0637713223695755 1.77635683940025E-15
1.64041996002197 -0.225229665637016 1.77635683940025E-15
0 0 -1
1.42429459095001 0.103633530437946 1.77635683940025E-15
1.47637796401978 -0.0637713223695755 1.77635683940025E-15
1.42429459095001 -0.0637713223695755 1.77635683940025E-15
0 0 -1
1.47637796401978 0.103633530437946 0
1.47637796401978 0.103633530437946 6.88976383209229
1.47637796401978 0.266896337270737 6.88976383209229
-1 0 -9.66845651159278E-17
1.47637796401978 0.266896337270737 6.88976383209229
1.47637796401978 0.266896337270737 0
1.47637796401978 0.103633530437946 0
-1 0 -9.66845651159278E-17
-1.47637796401978 0.266896337270737 9.45349294028057E-24
-1.64041996002197 0.266896337270737 1.51255890199933E-23
-1.47637796401978 0.266896337270737 6.88976383209229
0 1 0
1.64041996002197 0.266896337270737 -5.67209568528225E-24
1.47637796401978 0.266896337270737 0
1.47637796401978 0.266896337270737 6.88976383209229
0 1 0
-1.47637796401978 0.266896337270737 6.88976383209229
-1.64041996002197 0.266896337270737 7.21784782409668
1.47637796401978 0.266896337270737 6.88976383209229
0 1 0
-1.64041996002197 0.266896337270737 7.21784782409668
-1.47637796401978 0.266896337270737 6.88976383209229
-1.64041996002197 0.266896337270737 1.51255890199933E-23
0 1 0
1.47637796401978 0.266896337270737 6.88976383209229
1.64041996002197 0.266896337270737 7.21784782409668
1.64041996002197 0.266896337270737 -5.67209568528225E-24
0 1 0
1.64041996002197 0.266896337270737 7.21784782409668
1.47637796401978 0.266896337270737 6.88976383209229
-1.64041996002197 0.266896337270737 7.21784782409668
0 1 0
1.64041996002197 0.266896337270737 0
1.64041996002197 0.266896337270737 7.21784782409668
1.64041996002197 -0.225229665637016 7.21784782409668
1 0 3.14786956191393E-17
1.64041996002197 -0.225229665637016 7.21784782409668
1.64041996002197 -0.225229665637016 0
1.64041996002197 0.266896337270737 0
1 0 3.14786956191393E-17
1.47637796401978 -0.225229665637016 2.46230507005482E-24
1.64041996002197 -0.225229665637016 1.32348898008484E-23
1.47637796401978 -0.225229665637016 6.88976383209229
0 -1 -7.86967390478482E-18
-1.64041996002197 -0.225229665637016 -3.693457407867E-24
-1.47637796401978 -0.225229665637016 -6.15576247792181E-24
-1.47637796401978 -0.225229665637016 6.88976383209229
0 -1 -7.86967390478482E-18
1.47637796401978 -0.225229665637016 6.88976383209229
1.64041996002197 -0.225229665637016 7.21784782409668
-1.47637796401978 -0.225229665637016 6.88976383209229
0 -1 -7.86967390478482E-18
1.64041996002197 -0.225229665637016 7.21784782409668
1.47637796401978 -0.225229665637016 6.88976383209229
1.64041996002197 -0.225229665637016 1.32348898008484E-23
0 -1 -7.86967390478482E-18
-1.47637796401978 -0.225229665637016 6.88976383209229
-1.64041996002197 -0.225229665637016 7.21784782409668
-1.64041996002197 -0.225229665637016 -3.693457407867E-24
0 -1 -7.86967390478482E-18
-1.64041996002197 -0.225229665637016 7.21784782409668
-1.47637796401978 -0.225229665637016 6.88976383209229
1.64041996002197 -0.225229665637016 7.21784782409668
0 -1 -7.86967390478482E-18
1.47637796401978 -0.225229665637016 0
1.47637796401978 -0.225229665637016 6.88976383209229
1.47637796401978 -0.0637713223695755 6.88976383209229
-1 0 -9.66845651159278E-17
1.47637796401978 -0.0637713223695755 6.88976383209229
1.47637796401978 -0.0637713223695755 0
1.47637796401978 -0.225229665637016 0
-1 0 -9.66845651159278E-17
1.42429459095001 -0.0637713223695755 9.37786484529704E-24
1.47637796401978 -0.0637713223695755 0
1.42429459095001 -0.0637713223695755 6.83768033981323
0 -1 -1.2085570639491E-17
-1.47637796401978 -0.0637713223695755 9.45349294028057E-24
-1.42429459095001 -0.0637713223695755 -1.31592617058649E-23
-1.42429459095001 -0.0637713223695755 6.83768033981323
0 -1 -1.2085570639491E-17
1.42429459095001 -0.0637713223695755 6.83768033981323
1.47637796401978 -0.0637713223695755 6.88976383209229
-1.42429459095001 -0.0637713223695755 6.83768033981323
0 -1 -1.2085570639491E-17
1.47637796401978 -0.0637713223695755 6.88976383209229
1.42429459095001 -0.0637713223695755 6.83768033981323
1.47637796401978 -0.0637713223695755 0
0 -1 -1.2085570639491E-17
-1.42429459095001 -0.0637713223695755 6.83768033981323
-1.47637796401978 -0.0637713223695755 6.88976383209229
-1.47637796401978 -0.0637713223695755 9.45349294028057E-24
0 -1 -1.2085570639491E-17
-1.47637796401978 -0.0637713223695755 6.88976383209229
-1.42429459095001 -0.0637713223695755 6.83768033981323
1.47637796401978 -0.0637713223695755 6.88976383209229
0 -1 -1.2085570639491E-17
1.42429459095001 -0.0637713223695755 0
1.42429459095001 -0.0637713223695755 6.83768033981323
1.42429459095001 0.103633530437946 6.83768033981323
-1 0 0
1.42429459095001 0.103633530437946 6.83768033981323
1.42429459095001 0.103633530437946 0
1.42429459095001 -0.0637713223695755 0
-1 0 0
-1.42429459095001 0.103633530437946 0
-1.47637796401978 0.103633530437946 0
-1.42429459095001 0.103633530437946 6.83768033981323
0 1 0
1.47637796401978 0.103633530437946 0
1.42429459095001 0.103633530437946 -1.32348898008484E-23
1.42429459095001 0.103633530437946 6.83768033981323
0 1 0
-1.42429459095001 0.103633530437946 6.83768033981323
-1.47637796401978 0.103633530437946 6.88976383209229
1.42429459095001 0.103633530437946 6.83768033981323
0 1 0
-1.47637796401978 0.103633530437946 6.88976383209229
-1.42429459095001 0.103633530437946 6.83768033981323
-1.47637796401978 0.103633530437946 0
0 1 0
1.42429459095001 0.103633530437946 6.83768033981323
1.47637796401978 0.103633530437946 6.88976383209229
1.47637796401978 0.103633530437946 0
0 1 0
1.47637796401978 0.103633530437946 6.88976383209229
1.42429459095001 0.103633530437946 6.83768033981323
-1.47637796401978 0.103633530437946 6.88976383209229
0 1 0
1.47637796401978 0.103633530437946 6.88976383209229
-1.47637796401978 0.103633530437946 6.88976383209229
-1.47637796401978 0.266896337270737 6.88976383209229
0 0 -1
-1.47637796401978 0.266896337270737 6.88976383209229
1.47637796401978 0.266896337270737 6.88976383209229
1.47637796401978 0.103633530437946 6.88976383209229
0 0 -1
-1.47637796401978 -0.225229665637016 6.88976383209229
-1.47637796401978 -0.0637713223695755 6.88976383209229
1.47637796401978 -0.0637713223695755 6.88976383209229
0 0 -1
1.47637796401978 -0.0637713223695755 6.88976383209229
1.47637796401978 -0.225229665637016 6.88976383209229
-1.47637796401978 -0.225229665637016 6.88976383209229
0 0 -1
-1.42429459095001 -0.0637713223695755 6.83768033981323
-1.42429459095001 0.103633530437946 6.83768033981323
1.42429459095001 0.103633530437946 6.83768033981323
0 0 -1
1.42429459095001 0.103633530437946 6.83768033981323
1.42429459095001 -0.0637713223695755 6.83768033981323
-1.42429459095001 -0.0637713223695755 6.83768033981323
0 0 -1
-1.64041996002197 0.266896337270737 0
-1.47637796401978 0.103633530437946 0
-1.64041996002197 -0.225229665637016 0
0 0 -1
-1.47637796401978 0.103633530437946 0
-1.64041996002197 0.266896337270737 0
-1.47637796401978 0.266896337270737 0
0 0 -1
-1.42429459095001 0.103633530437946 0
-1.47637796401978 -0.0637713223695755 0
-1.47637796401978 0.103633530437946 0
0 0 -1
-1.47637796401978 -0.0637713223695755 0
-1.64041996002197 -0.225229665637016 0
-1.47637796401978 0.103633530437946 0
0 0 -1
-1.64041996002197 -0.225229665637016 0
-1.47637796401978 -0.0637713223695755 0
-1.47637796401978 -0.225229665637016 0
0 0 -1
-1.42429459095001 -0.0637713223695755 0
-1.47637796401978 -0.0637713223695755 0
-1.42429459095001 0.103633530437946 0
0 0 -1
-1.47637796401978 0.266896337270737 6.88976383209229
-1.47637796401978 0.103633530437946 6.88976383209229
-1.47637796401978 0.103633530437946 0
1 0 -3.22281883719759E-17
-1.47637796401978 0.103633530437946 0
-1.47637796401978 0.266896337270737 0
-1.47637796401978 0.266896337270737 6.88976383209229
1 0 -3.22281883719759E-17
-1.64041996002197 0.266896337270737 0
-1.64041996002197 -0.225229665637016 0
-1.64041996002197 -0.225229665637016 7.21784782409668
-1 0 -3.14786956191393E-17
-1.64041996002197 -0.225229665637016 7.21784782409668
-1.64041996002197 0.266896337270737 7.21784782409668
-1.64041996002197 0.266896337270737 0
-1 0 -3.14786956191393E-17
-1.47637796401978 -0.225229665637016 0
-1.47637796401978 -0.0637713223695755 0
-1.47637796401978 -0.0637713223695755 6.88976383209229
1 0 -3.22281883719759E-17
-1.47637796401978 -0.0637713223695755 6.88976383209229
-1.47637796401978 -0.225229665637016 6.88976383209229
-1.47637796401978 -0.225229665637016 0
1 0 -3.22281883719759E-17
-1.42429459095001 -0.0637713223695755 0
-1.42429459095001 0.103633530437946 0
-1.42429459095001 0.103633530437946 6.83768033981323
1 0 -3.24736738828763E-17
-1.42429459095001 0.103633530437946 6.83768033981323
-1.42429459095001 -0.0637713223695755 6.83768033981323
-1.42429459095001 -0.0637713223695755 0
1 0 -3.24736738828763E-17
1.64041996002197 0.266896337270737 7.21784782409668
-1.64041996002197 0.266896337270737 7.21784782409668
-1.64041996002197 -0.225229665637016 7.21784782409668
0 0 1
-1.64041996002197 -0.225229665637016 7.21784782409668
1.64041996002197 -0.225229665637016 7.21784782409668
1.64041996002197 0.266896337270737 7.21784782409668
0 0 1
-1.47637796401978 0.119258530437946 6.88976383209229
-0.976377964019775 0.119258530437946 3.59333992004395
-0.976377964019775 0.119258530437946 6.38976383209229
0 -1 0
-0.976377964019775 0.119258530437946 3.59333992004395
-1.47637796401978 0.119258530437946 6.88976383209229
-1.47637796401978 0.119258530437946 -3.19744231092045E-14
0 -1 0
-1.47637796401978 0.119258530437946 6.88976383209229
-0.976377964019775 0.119258530437946 6.38976383209229
-0.559711277484894 0.119258530437946 6.38976383209229
0 -1 0
1.47637796401978 0.119258530437946 6.88976383209229
-0.559711277484894 0.119258530437946 6.38976383209229
-0.559711277484894 0.119258530437946 3.59333992004395
0 -1 0
-0.559711277484894 0.119258530437946 6.38976383209229
1.47637796401978 0.119258530437946 6.88976383209229
-1.47637796401978 0.119258530437946 6.88976383209229
0 -1 0
1.47637796401978 0.119258530437946 6.88976383209229
-0.559711277484894 0.119258530437946 3.59333992004395
1.47637796401978 0.119258530437946 -3.19744231092045E-14
0 -1 0
-0.976377964019775 0.119258530437946 3.59333992004395
-0.559711277484894 0.119258530437946 2.96833992004395
-0.559711277484894 0.119258530437946 3.59333992004395
0 -1 0
-0.976377964019775 0.119258530437946 2.96833992004395
-1.47637796401978 0.119258530437946 -3.19744231092045E-14
-0.976377964019775 0.119258530437946 0.833333313465118
0 -1 0
-1.47637796401978 0.119258530437946 -3.19744231092045E-14
-0.976377964019775 0.119258530437946 2.96833992004395
-0.976377964019775 0.119258530437946 3.59333992004395
0 -1 0
-0.976377964019775 0.119258530437946 0.833333313465118
-1.47637796401978 0.119258530437946 -3.19744231092045E-14
-0.559711277484894 0.119258530437946 0.833333313465118
0 -1 0
-0.559711277484894 0.119258530437946 2.96833992004395
-0.559711277484894 0.119258530437946 0.833333313465118
1.47637796401978 0.119258530437946 -3.19744231092045E-14
0 -1 0
1.47637796401978 0.119258530437946 -3.19744231092045E-14
-0.559711277484894 0.119258530437946 0.833333313465118
-1.47637796401978 0.119258530437946 -3.19744231092045E-14
0 -1 0
-0.559711277484894 0.119258530437946 2.96833992004395
1.47637796401978 0.119258530437946 -3.19744231092045E-14
-0.559711277484894 0.119258530437946 3.59333992004395
0 -1 0
-0.976377964019775 0.119258530437946 2.96833992004395
-0.559711277484894 0.119258530437946 2.96833992004395
-0.976377964019775 0.119258530437946 3.59333992004395
0 -1 0
-1.47637796401978 0.266896337270737 -3.19744231092045E-14
-0.976377964019775 0.266896337270737 2.96833992004395
-0.976377964019775 0.266896337270737 0.833333313465118
0 1 0
-0.976377964019775 0.266896337270737 2.96833992004395
-1.47637796401978 0.266896337270737 -3.19744231092045E-14
-0.976377964019775 0.266896337270737 3.59333992004395
0 1 0
-1.47637796401978 0.266896337270737 -3.19744231092045E-14
-0.976377964019775 0.266896337270737 0.833333313465118
-0.559711277484894 0.266896337270737 0.833333313465118
0 1 0
1.47637796401978 0.266896337270737 -3.19744231092045E-14
-0.559711277484894 0.266896337270737 0.833333313465118
-0.559711277484894 0.266896337270737 2.96833992004395
0 1 0
-0.559711277484894 0.266896337270737 0.833333313465118
1.47637796401978 0.266896337270737 -3.19744231092045E-14
-1.47637796401978 0.266896337270737 -3.19744231092045E-14
0 1 0
1.47637796401978 0.266896337270737 -3.19744231092045E-14
-0.559711277484894 0.266896337270737 2.96833992004395
-0.559711277484894 0.266896337270737 3.59333992004395
0 1 0
-0.976377964019775 0.266896337270737 2.96833992004395
-0.976377964019775 0.266896337270737 3.59333992004395
-0.559711277484894 0.266896337270737 2.96833992004395
0 1 0
-0.976377964019775 0.266896337270737 3.59333992004395
-1.47637796401978 0.266896337270737 6.88976383209229
-0.976377964019775 0.266896337270737 6.38976383209229
0 1 0
-1.47637796401978 0.266896337270737 6.88976383209229
-0.976377964019775 0.266896337270737 3.59333992004395
-1.47637796401978 0.266896337270737 -3.19744231092045E-14
0 1 0
-0.976377964019775 0.266896337270737 6.38976383209229
-1.47637796401978 0.266896337270737 6.88976383209229
-0.559711277484894 0.266896337270737 6.38976383209229
0 1 0
-0.559711277484894 0.266896337270737 3.59333992004395
-0.559711277484894 0.266896337270737 6.38976383209229
1.47637796401978 0.266896337270737 6.88976383209229
0 1 0
1.47637796401978 0.266896337270737 6.88976383209229
-0.559711277484894 0.266896337270737 6.38976383209229
-1.47637796401978 0.266896337270737 6.88976383209229
0 1 0
-0.559711277484894 0.266896337270737 3.59333992004395
1.47637796401978 0.266896337270737 6.88976383209229
1.47637796401978 0.266896337270737 -3.19744231092045E-14
0 1 0
-0.976377964019775 0.266896337270737 3.59333992004395
-0.559711277484894 0.266896337270737 3.59333992004395
-0.559711277484894 0.266896337270737 2.96833992004395
0 1 0
-1.47637796401978 0.119258530437946 6.88976383209229
-1.47637796401978 0.266896337270737 6.88976383209229
-1.47637796401978 0.266896337270737 -3.19744231092045E-14
-1 0 -3.22281883719758E-17
-1.47637796401978 0.266896337270737 -3.19744231092045E-14
-1.47637796401978 0.119258530437946 -3.19744231092045E-14
-1.47637796401978 0.119258530437946 6.88976383209229
-1 0 -3.22281883719758E-17
-1.47637796401978 0.119258530437946 -3.19744231092045E-14
-1.47637796401978 0.266896337270737 -3.19744231092045E-14
1.47637796401978 0.266896337270737 -3.24185123190546E-14
-1.50398212402555E-16 0 -1
1.47637796401978 0.266896337270737 -3.24185123190546E-14
1.47637796401978 0.119258530437946 -3.24185123190546E-14
-1.47637796401978 0.119258530437946 -3.19744231092045E-14
-1.50398212402555E-16 0 -1
1.47637796401978 0.119258530437946 -3.19744231092045E-14
1.47637796401978 0.266896337270737 -3.19744231092045E-14
1.47637796401978 0.266896337270737 6.88976383209229
1 0 3.22281883719758E-17
1.47637796401978 0.266896337270737 6.88976383209229
1.47637796401978 0.119258530437946 6.88976383209229
1.47637796401978 0.119258530437946 -3.19744231092045E-14
1 0 3.22281883719758E-17
1.47637796401978 0.119258530437946 6.88976383209229
1.47637796401978 0.266896337270737 6.88976383209229
-1.47637796401978 0.266896337270737 6.88976383209229
0 0 1
-1.47637796401978 0.266896337270737 6.88976383209229
-1.47637796401978 0.119258530437946 6.88976383209229
1.47637796401978 0.119258530437946 6.88976383209229
0 0 1
-0.976377964019775 0.119258530437946 6.38976383209229
-0.976377964019775 0.266896337270737 6.38976383209229
-0.559711277484894 0.266896337270737 6.38976383209229
0 0 -1
-0.559711277484894 0.266896337270737 6.38976383209229
-0.559711277484894 0.119258530437946 6.38976383209229
-0.976377964019775 0.119258530437946 6.38976383209229
0 0 -1
-0.559711277484894 0.119258530437946 6.38976383209229
-0.559711277484894 0.266896337270737 6.38976383209229
-0.559711277484894 0.266896337270737 3.59333992004395
-1 0 0
-0.559711277484894 0.266896337270737 3.59333992004395
-0.559711277484894 0.119258530437946 3.59333992004395
-0.559711277484894 0.119258530437946 6.38976383209229
-1 0 0
-0.559711277484894 0.119258530437946 3.59333992004395
-0.559711277484894 0.266896337270737 3.59333992004395
-0.976377964019775 0.266896337270737 3.59333992004395
0 0 1
-0.976377964019775 0.266896337270737 3.59333992004395
-0.976377964019775 0.119258530437946 3.59333992004395
-0.559711277484894 0.119258530437946 3.59333992004395
0 0 1
-0.976377964019775 0.119258530437946 3.59333992004395
-0.976377964019775 0.266896337270737 3.59333992004395
-0.976377964019775 0.266896337270737 6.38976383209229
1 0 0
-0.976377964019775 0.266896337270737 6.38976383209229
-0.976377964019775 0.119258530437946 6.38976383209229
-0.976377964019775 0.119258530437946 3.59333992004395
1 0 0
-0.976377964019775 0.119258530437946 2.96833992004395
-0.976377964019775 0.266896337270737 2.96833992004395
-0.559711277484894 0.266896337270737 2.96833992004395
0 0 -1
-0.559711277484894 0.266896337270737 2.96833992004395
-0.559711277484894 0.119258530437946 2.96833992004395
-0.976377964019775 0.119258530437946 2.96833992004395
0 0 -1
-0.559711277484894 0.119258530437946 2.96833992004395
-0.559711277484894 0.266896337270737 2.96833992004395
-0.559711277484894 0.266896337270737 0.833333313465118
-1 0 0
-0.559711277484894 0.266896337270737 0.833333313465118
-0.559711277484894 0.119258530437946 0.833333313465118
-0.559711277484894 0.119258530437946 2.96833992004395
-1 0 0
-0.559711277484894 0.119258530437946 0.833333313465118
-0.559711277484894 0.266896337270737 0.833333313465118
-0.976377964019775 0.266896337270737 0.833333313465118
0 0 1
-0.976377964019775 0.266896337270737 0.833333313465118
-0.976377964019775 0.119258530437946 0.833333313465118
-0.559711277484894 0.119258530437946 0.833333313465118
0 0 1
-0.976377964019775 0.119258530437946 0.833333313465118
-0.976377964019775 0.266896337270737 0.833333313465118
-0.976377964019775 0.266896337270737 2.96833992004395
1 0 0
-0.976377964019775 0.266896337270737 2.96833992004395
-0.976377964019775 0.119258530437946 2.96833992004395
-0.976377964019775 0.119258530437946 0.833333313465118
1 0 0
-0.559711277484894 0.184875324368477 6.38976383209229
-0.976377964019775 0.184875324368477 6.38976383209229
-0.976377964019775 0.184875324368477 3.59333992004395
-3.23172538725815E-15 -1 0
-0.976377964019775 0.184875324368477 3.59333992004395
-0.559711277484894 0.184875324368477 3.59333992004395
-0.559711277484894 0.184875324368477 6.38976383209229
-3.23172538725815E-15 -1 0
-0.559711277484894 0.184875324368477 2.96833992004395
-0.976377964019775 0.184875324368477 2.96833992004395
-0.976377964019775 0.184875324368477 0.833333313465118
-3.23172538725815E-15 -1 0
-0.976377964019775 0.184875324368477 0.833333313465118
-0.559711277484894 0.184875324368477 0.833333313465118
-0.559711277484894 0.184875324368477 2.96833992004395
-3.23172538725815E-15 -1 0
-0.559711277484894 0.201279520988464 3.59333992004395
-0.976377964019775 0.201279520988464 3.59333992004395
-0.976377964019775 0.201279520988464 6.38976383209229
3.23172538725815E-15 1 0
-0.976377964019775 0.201279520988464 6.38976383209229
-0.559711277484894 0.201279520988464 6.38976383209229
-0.559711277484894 0.201279520988464 3.59333992004395
3.23172538725815E-15 1 0
-0.559711277484894 0.201279520988464 0.833333313465118
-0.976377964019775 0.201279520988464 0.833333313465118
-0.976377964019775 0.201279520988464 2.96833992004395
3.23172538725815E-15 1 0
-0.976377964019775 0.201279520988464 2.96833992004395
-0.559711277484894 0.201279520988464 2.96833992004395
-0.559711277484894 0.201279520988464 0.833333313465118
3.23172538725815E-15 1 0
-0.976377964019775 0.184875324368477 6.38976383209229
-0.976377964019775 0.201279520988464 6.38976383209229
-0.976377964019775 0.201279520988464 3.59333992004395
-1 0 0
-0.976377964019775 0.201279520988464 3.59333992004395
-0.976377964019775 0.184875324368477 3.59333992004395
-0.976377964019775 0.184875324368477 6.38976383209229
-1 0 0
-0.976377964019775 0.184875324368477 3.59333992004395
-0.976377964019775 0.201279520988464 3.59333992004395
-0.559711277484894 0.201279520988464 3.59333992004395
0 0 -1
-0.559711277484894 0.201279520988464 3.59333992004395
-0.559711277484894 0.184875324368477 3.59333992004395
-0.976377964019775 0.184875324368477 3.59333992004395
0 0 -1
-0.559711277484894 0.184875324368477 3.59333992004395
-0.559711277484894 0.201279520988464 3.59333992004395
-0.559711277484894 0.201279520988464 6.38976383209229
1 0 0
-0.559711277484894 0.201279520988464 6.38976383209229
-0.559711277484894 0.184875324368477 6.38976383209229
-0.559711277484894 0.184875324368477 3.59333992004395
1 0 0
-0.559711277484894 0.184875324368477 6.38976383209229
-0.559711277484894 0.201279520988464 6.38976383209229
-0.976377964019775 0.201279520988464 6.38976383209229
0 0 1
-0.976377964019775 0.201279520988464 6.38976383209229
-0.976377964019775 0.184875324368477 6.38976383209229
-0.559711277484894 0.184875324368477 6.38976383209229
0 0 1
-0.976377964019775 0.184875324368477 2.96833992004395
-0.976377964019775 0.201279520988464 2.96833992004395
-0.976377964019775 0.201279520988464 0.833333313465118
-1 0 0
-0.976377964019775 0.201279520988464 0.833333313465118
-0.976377964019775 0.184875324368477 0.833333313465118
-0.976377964019775 0.184875324368477 2.96833992004395
-1 0 0
-0.976377964019775 0.184875324368477 0.833333313465118
-0.976377964019775 0.201279520988464 0.833333313465118
-0.559711277484894 0.201279520988464 0.833333313465118
0 0 -1
-0.559711277484894 0.201279520988464 0.833333313465118
-0.559711277484894 0.184875324368477 0.833333313465118
-0.976377964019775 0.184875324368477 0.833333313465118
0 0 -1
-0.559711277484894 0.184875324368477 0.833333313465118
-0.559711277484894 0.201279520988464 0.833333313465118
-0.559711277484894 0.201279520988464 2.96833992004395
1 0 0
-0.559711277484894 0.201279520988464 2.96833992004395
-0.559711277484894 0.184875324368477 2.96833992004395
-0.559711277484894 0.184875324368477 0.833333313465118
1 0 0
-0.559711277484894 0.184875324368477 2.96833992004395
-0.559711277484894 0.201279520988464 2.96833992004395
-0.976377964019775 0.201279520988464 2.96833992004395
0 0 1
-0.976377964019775 0.201279520988464 2.96833992004395
-0.976377964019775 0.184875324368477 2.96833992004395
-0.559711277484894 0.184875324368477 2.96833992004395
0 0 1
[HEADER]
420286,M_Door-Passage-Single-Vision_Two_Lite 2,6
407.915987377631 216.168742410539 -11.8110236220472
1
1.78613910428044E-15 1 0
-1 1.78613910428044E-15 0
0 0 1
[HEADER]
420319,M_Door-Passage-Single-Vision_Two_Lite 2,6
407.915987377631 224.650523938879 -11.8110236220472
1
1.78613910428044E-15 1 0
-1 1.78613910428044E-15 0
0 0 1
[HEADER]
420350,M_Door-Passage-Single-Vision_Two_Lite 2,6
407.915987377631 237.836970833003 -11.8110236220472
1
1.78613910428044E-15 1 0
-1 1.78613910428044E-15 0
0 0 1
[HEADER]
420416,M_Door-Passage-Single-Vision_Two_Lite 2,6
407.915987377631 246.367154560037 -11.8110236220472
1
1.78613910428044E-15 1 0
-1 1.78613910428044E-15 0
0 0 1
[HEADER]
420455,M_Door-Passage-Single-Vision_Two_Lite 2,6
407.915987377631 259.49051414009 -11.8110236220472
1
1.78613910428044E-15 1 0
-1 1.78613910428044E-15 0
0 0 1
[HEADER]
420519,M_Door-Passage-Single-Vision_Two_Lite 2,6
407.915987377631 267.995340205319 -11.8110236220472
1
1.78613910428044E-15 1 0
-1 1.78613910428044E-15 0
0 0 1
[HEADER]
420560,M_Door-Passage-Single-Vision_Two_Lite 2,6
407.915987377631 281.118699785372 -11.8110236220472
1
1.78613910428044E-15 1 0
-1 1.78613910428044E-15 0
0 0 1
[HEADER]
420615,M_Door-Passage-Single-Vision_Two_Lite 2,6
407.915987377631 289.61115386014 -11.8110236220472
1
1.78613910428044E-15 1 0
-1 1.78613910428044E-15 0
0 0 1
[HEADER]
420658,M_Door-Passage-Single-Vision_Two_Lite 2,6
407.915987377631 302.772243092458 -11.8110236220472
1
1.78613910428044E-15 1 0
-1 1.78613910428044E-15 0
0 0 1
[HEADER]
420759,0762 x 2134mm,278
411.504077928812 300.80373915545 -11.8110236220472
1
-1 0 0
0 -1 0
0 0 1
-1.49934387207031 0.410104990005493 7.25065612792969
-1.25 0.410104990005493 7.00131225585938
-1.49934387207031 0.410104990005493 0
-1.86407339295249E-15 1 0
-1.25 0.410104990005493 7.00131225585938
-1.49934387207031 0.410104990005493 7.25065612792969
1.25 0.410104990005493 7.00131225585938
-1.86407339295249E-15 1 0
-1.25 0.410104990005493 0
-1.49934387207031 0.410104990005493 0
-1.25 0.410104990005493 7.00131225585938
-1.86407339295249E-15 1 0
1.25 0.410104990005493 7.00131225585938
1.49934387207031 0.410104990005493 7.25065612792969
1.49934387207031 0.410104990005493 0
-1.86407339295249E-15 1 0
1.49934387207031 0.410104990005493 7.25065612792969
1.25 0.410104990005493 7.00131225585938
-1.49934387207031 0.410104990005493 7.25065612792969
-1.86407339295249E-15 1 0
1.49934387207031 0.410104990005493 0
1.25 0.410104990005493 0
1.25 0.410104990005493 7.00131225585938
-1.86407339295249E-15 1 0
1.49934387207031 0.328083992004395 7.25065612792969
1.25 0.328083992004395 7.00131225585938
1.49934387207031 0.328083992004395 0
1.86407339295249E-15 -1 0
1.25 0.328083992004395 7.00131225585938
1.49934387207031 0.328083992004395 7.25065612792969
-1.25 0.328083992004395 7.00131225585938
1.86407339295249E-15 -1 0
1.25 0.328083992004395 0
1.49934387207031 0.328083992004395 0
1.25 0.328083992004395 7.00131225585938
1.86407339295249E-15 -1 0
-1.25 0.328083992004395 7.00131225585938
-1.49934387207031 0.328083992004395 7.25065612792969
-1.49934387207031 0.328083992004395 0
1.86407339295249E-15 -1 0
-1.49934387207031 0.328083992004395 7.25065612792969
-1.25 0.328083992004395 7.00131225585938
1.49934387207031 0.328083992004395 7.25065612792969
1.86407339295249E-15 -1 0
-1.49934387207031 0.328083992004395 0
-1.25 0.328083992004395 0
-1.25 0.328083992004395 7.00131225585938
1.86407339295249E-15 -1 0
-1.49934387207031 0.410104990005493 7.25065612792969
-1.49934387207031 0.328083992004395 7.25065612792969
1.49934387207031 0.328083992004395 7.25065612792969
0 0 1
1.49934387207031 0.328083992004395 7.25065612792969
1.49934387207031 0.410104990005493 7.25065612792969
-1.49934387207031 0.410104990005493 7.25065612792969
0 0 1
1.49934387207031 0.410104990005493 7.25065612792969
1.49934387207031 0.328083992004395 7.25065612792969
1.49934387207031 0.328083992004395 0
1 2.70716782324658E-15 0
1.49934387207031 0.328083992004395 0
1.49934387207031 0.410104990005493 0
1.49934387207031 0.410104990005493 7.25065612792969
1 2.70716782324658E-15 0
1.49934387207031 0.410104990005493 0
1.49934387207031 0.328083992004395 0
1.25 0.328083992004395 0
0 0 -1
1.25 0.328083992004395 0
1.25 0.410104990005493 0
1.49934387207031 0.410104990005493 0
0 0 -1
1.25 0.410104990005493 0
1.25 0.328083992004395 0
1.25 0.328083992004395 7.00131225585938
-1 -2.70716782324658E-15 0
1.25 0.328083992004395 7.00131225585938
1.25 0.410104990005493 7.00131225585938
1.25 0.410104990005493 0
-1 -2.70716782324658E-15 0
1.25 0.410104990005493 7.00131225585938
1.25 0.328083992004395 7.00131225585938
-1.25 0.328083992004395 7.00131225585938
0 0 -1
-1.25 0.328083992004395 7.00131225585938
-1.25 0.410104990005493 7.00131225585938
1.25 0.410104990005493 7.00131225585938
0 0 -1
-1.25 0.410104990005493 7.00131225585938
-1.25 0.328083992004395 7.00131225585938
-1.25 0.328083992004395 0
1 2.70716782324658E-15 0
-1.25 0.328083992004395 0
-1.25 0.410104990005493 0
-1.25 0.410104990005493 7.00131225585938
1 2.70716782324658E-15 0
-1.25 0.410104990005493 0
-1.25 0.328083992004395 0
-1.49934387207031 0.328083992004395 0
0 0 -1
-1.49934387207031 0.328083992004395 0
-1.49934387207031 0.410104990005493 0
-1.25 0.410104990005493 0
0 0 -1
-1.49934387207031 0.410104990005493 0
-1.49934387207031 0.328083992004395 0
-1.49934387207031 0.328083992004395 7.25065612792969
-1 -2.70716782324658E-15 0
-1.49934387207031 0.328083992004395 7.25065612792969
-1.49934387207031 0.410104990005493 7.25065612792969
-1.49934387207031 0.410104990005493 0
-1 -2.70716782324658E-15 0
1.49934387207031 -0.410104990005493 7.25065612792969
1.25 -0.410104990005493 7.00131225585938
1.49934387207031 -0.410104990005493 0
1.86407339295249E-15 -1 0
1.25 -0.410104990005493 7.00131225585938
1.49934387207031 -0.410104990005493 7.25065612792969
-1.25 -0.410104990005493 7.00131225585938
1.86407339295249E-15 -1 0
1.25 -0.410104990005493 0
1.49934387207031 -0.410104990005493 0
1.25 -0.410104990005493 7.00131225585938
1.86407339295249E-15 -1 0
-1.25 -0.410104990005493 7.00131225585938
-1.49934387207031 -0.410104990005493 7.25065612792969
-1.49934387207031 -0.410104990005493 0
1.86407339295249E-15 -1 0
-1.49934387207031 -0.410104990005493 7.25065612792969
-1.25 -0.410104990005493 7.00131225585938
1.49934387207031 -0.410104990005493 7.25065612792969
1.86407339295249E-15 -1 0
-1.49934387207031 -0.410104990005493 0
-1.25 -0.410104990005493 0
-1.25 -0.410104990005493 7.00131225585938
1.86407339295249E-15 -1 0
-1.49934387207031 -0.328083992004395 7.25065612792969
-1.25 -0.328083992004395 7.00131225585938
-1.49934387207031 -0.328083992004395 0
-1.86407339295249E-15 1 0
-1.25 -0.328083992004395 7.00131225585938
-1.49934387207031 -0.328083992004395 7.25065612792969
1.25 -0.328083992004395 7.00131225585938
-1.86407339295249E-15 1 0
-1.25 -0.328083992004395 0
-1.49934387207031 -0.328083992004395 0
-1.25 -0.328083992004395 7.00131225585938
-1.86407339295249E-15 1 0
1.25 -0.328083992004395 7.00131225585938
1.49934387207031 -0.328083992004395 7.25065612792969
1.49934387207031 -0.328083992004395 0
-1.86407339295249E-15 1 0
1.49934387207031 -0.328083992004395 7.25065612792969
1.25 -0.328083992004395 7.00131225585938
-1.49934387207031 -0.328083992004395 7.25065612792969
-1.86407339295249E-15 1 0
1.49934387207031 -0.328083992004395 0
1.25 -0.328083992004395 0
1.25 -0.328083992004395 7.00131225585938
-1.86407339295249E-15 1 0
1.49934387207031 -0.410104990005493 7.25065612792969
1.49934387207031 -0.328083992004395 7.25065612792969
-1.49934387207031 -0.328083992004395 7.25065612792969
0 0 1
-1.49934387207031 -0.328083992004395 7.25065612792969
-1.49934387207031 -0.410104990005493 7.25065612792969
1.49934387207031 -0.410104990005493 7.25065612792969
0 0 1
-1.49934387207031 -0.410104990005493 7.25065612792969
-1.49934387207031 -0.328083992004395 7.25065612792969
-1.49934387207031 -0.328083992004395 0
-1 -2.70716782324538E-15 0
-1.49934387207031 -0.328083992004395 0
-1.49934387207031 -0.410104990005493 0
-1.49934387207031 -0.410104990005493 7.25065612792969
-1 -2.70716782324538E-15 0
-1.49934387207031 -0.410104990005493 0
-1.49934387207031 -0.328083992004395 0
-1.25 -0.328083992004395 0
0 0 -1
-1.25 -0.328083992004395 0
-1.25 -0.410104990005493 0
-1.49934387207031 -0.410104990005493 0
0 0 -1
-1.25 -0.410104990005493 0
-1.25 -0.328083992004395 0
-1.25 -0.328083992004395 7.00131225585938
1 2.70716782324538E-15 0
-1.25 -0.328083992004395 7.00131225585938
-1.25 -0.410104990005493 7.00131225585938
-1.25 -0.410104990005493 0
1 2.70716782324538E-15 0
-1.25 -0.410104990005493 7.00131225585938
-1.25 -0.328083992004395 7.00131225585938
1.25 -0.328083992004395 7.00131225585938
0 0 -1
1.25 -0.328083992004395 7.00131225585938
1.25 -0.410104990005493 7.00131225585938
-1.25 -0.410104990005493 7.00131225585938
0 0 -1
1.25 -0.410104990005493 7.00131225585938
1.25 -0.328083992004395 7.00131225585938
1.25 -0.328083992004395 0
-1 -2.70716782324538E-15 0
1.25 -0.328083992004395 0
1.25 -0.410104990005493 0
1.25 -0.410104990005493 7.00131225585938
-1 -2.70716782324538E-15 0
1.25 -0.410104990005493 0
1.25 -0.328083992004395 0
1.49934387207031 -0.328083992004395 0
0 0 -1
1.49934387207031 -0.328083992004395 0
1.49934387207031 -0.410104990005493 0
1.25 -0.410104990005493 0
0 0 -1
1.49934387207031 -0.410104990005493 0
1.49934387207031 -0.328083992004395 0
1.49934387207031 -0.328083992004395 7.25065612792969
1 2.70716782324538E-15 0
1.49934387207031 -0.328083992004395 7.25065612792969
1.49934387207031 -0.410104990005493 7.25065612792969
1.49934387207031 -0.410104990005493 0
1 2.70716782324538E-15 0
-1.25 0.160761147737503 7.00131225585938
-1.25 0.160761147737503 0
1.25 0.160761147737503 0
0 -1 0
1.25 0.160761147737503 0
1.25 0.160761147737503 7.00131225585938
-1.25 0.160761147737503 7.00131225585938
0 -1 0
1.25 0.328083992004395 0
-1.25 0.328083992004395 0
-1.25 0.328083992004395 7.00131225585938
0 1 0
-1.25 0.328083992004395 7.00131225585938
1.25 0.328083992004395 7.00131225585938
1.25 0.328083992004395 0
0 1 0
1.25 0.160761147737503 7.00131225585938
1.25 0.328083992004395 7.00131225585938
-1.25 0.328083992004395 7.00131225585938
0 0 1
-1.25 0.328083992004395 7.00131225585938
-1.25 0.160761147737503 7.00131225585938
1.25 0.160761147737503 7.00131225585938
0 0 1
-1.25 0.160761147737503 7.00131225585938
-1.25 0.328083992004395 7.00131225585938
-1.25 0.328083992004395 0
-1 0 0
-1.25 0.328083992004395 0
-1.25 0.160761147737503 0
-1.25 0.160761147737503 7.00131225585938
-1 0 0
-1.25 0.160761147737503 0
-1.25 0.328083992004395 0
1.25 0.328083992004395 0
0 0 -1
1.25 0.328083992004395 0
1.25 0.160761147737503 0
-1.25 0.160761147737503 0
0 0 -1
1.25 0.160761147737503 0
1.25 0.328083992004395 0
1.25 0.328083992004395 7.00131225585938
1 0 0
1.25 0.328083992004395 7.00131225585938
1.25 0.160761147737503 7.00131225585938
1.25 0.160761147737503 0
1 0 0
[HEADER]
420820,0762 x 2134mm,6
411.504077928812 291.579657797148 -11.8110236220472
1
1 0 0
0 1 0
0 0 1
[HEADER]
420848,0762 x 2134mm,6
411.504077928812 279.150195848364 -11.8110236220472
1
-1 0 0
0 -1 0
0 0 1
[HEADER]
420881,0762 x 2134mm,6
411.504077928812 269.963844142327 -11.8110236220472
1
1 0 0
0 1 0
0 0 1
[HEADER]
420907,0762 x 2134mm,6
411.471269527282 257.522010203082 -11.8110236220472
1
-1 0 0
0 -1 0
0 0 1
[HEADER]
420934,0762 x 2134mm,6
411.471269527282 248.335658497045 -11.8110236220472
1
1 -5.12599824758409E-15 0
5.12599824758409E-15 1 0
0 0 1
[HEADER]
420961,0762 x 2134mm,6
411.504077928812 235.868466895995 -11.8110236220472
1
-1 5.11010160988298E-15 0
-5.11010160988298E-15 -1 0
0 0 1
[HEADER]
420990,0762 x 2134mm,6
411.504077928812 226.619027875887 -11.8110236220472
1
1 -5.09584531434539E-15 0
5.09584531434539E-15 1 0
0 0 1
[HEADER]
421012,0762 x 2134mm,6
411.471269527282 214.200238473531 -11.8110236220472
1
-1 5.12599824758404E-15 0
-5.12599824758404E-15 -1 0
0 0 1
[HEADER]
421045,0762 x 2134mm,6
411.471269527282 204.9654845688 -11.8110236220472
1
1 -5.12599824758404E-15 0
5.12599824758404E-15 1 0
0 0 1
[HEADER]
421063,0762 x 2134mm,6
413.913833138765 187.910038367016 -11.8110236220472
1
1 -2.66962620544914E-15 0
2.66962620544914E-15 1 0
0 0 1
[HEADER]
421108,0762 x 2134mm,6
407.895154044297 186.179395322396 -11.8110236220472
1
-1.78613910428044E-15 -1 0
1 -1.78613910428044E-15 0
0 0 1
[HEADER]
421144,M_Door-Passage-Double-Flush,342
411.389248598907 155.417748340769 -11.8110236220472
1
-1 3.21014931764825E-15 0
-3.21014931764825E-15 -1 0
0 0 1
3.11679792404175 -0.225229665637016 8.88178419700125E-16
2.95275592803955 0.103633530437946 8.88178419700125E-16
3.11679792404175 0.266896337270737 8.88178419700125E-16
0 0 -1
2.95275592803955 0.266896337270737 8.88178419700125E-16
3.11679792404175 0.266896337270737 8.88178419700125E-16
2.95275592803955 0.103633530437946 8.88178419700125E-16
0 0 -1
2.95275592803955 0.103633530437946 8.88178419700125E-16
2.95275592803955 -0.0637713223695755 8.88178419700125E-16
2.90067267417908 0.103633530437946 8.88178419700125E-16
0 0 -1
2.95275592803955 0.103633530437946 8.88178419700125E-16
3.11679792404175 -0.225229665637016 8.88178419700125E-16
2.95275592803955 -0.0637713223695755 8.88178419700125E-16
0 0 -1
2.95275592803955 -0.225229665637016 8.88178419700125E-16
2.95275592803955 -0.0637713223695755 8.88178419700125E-16
3.11679792404175 -0.225229665637016 8.88178419700125E-16
0 0 -1
2.90067267417908 0.103633530437946 8.88178419700125E-16
2.95275592803955 -0.0637713223695755 8.88178419700125E-16
2.90067267417908 -0.0637713223695755 8.88178419700125E-16
0 0 -1
2.95275592803955 0.103633530437946 0
2.95275592803955 0.103633530437946 6.88976383209229
2.95275592803955 0.266896337270737 6.88976383209229
-1 0 -6.44563767439519E-17
2.95275592803955 0.266896337270737 6.88976383209229
2.95275592803955 0.266896337270737 0
2.95275592803955 0.103633530437946 0
-1 0 -6.44563767439519E-17
-2.95275592803955 0.266896337270737 3.78139764942877E-24
-3.11679792404175 0.266896337270737 3.1511646421189E-24
-2.95275592803955 0.266896337270737 6.88976383209229
0 1 -8.05704709299398E-18
3.11679792404175 0.266896337270737 -1.26046569907538E-23
2.95275592803955 0.266896337270737 -1.32348898008484E-23
2.95275592803955 0.266896337270737 6.88976383209229
0 1 -8.05704709299398E-18
-2.95275592803955 0.266896337270737 6.88976383209229
-3.11679792404175 0.266896337270737 7.21784782409668
2.95275592803955 0.266896337270737 6.88976383209229
0 1 -8.05704709299398E-18
-3.11679792404175 0.266896337270737 7.21784782409668
-2.95275592803955 0.266896337270737 6.88976383209229
-3.11679792404175 0.266896337270737 3.1511646421189E-24
0 1 -8.05704709299398E-18
2.95275592803955 0.266896337270737 6.88976383209229
3.11679792404175 0.266896337270737 7.21784782409668
3.11679792404175 0.266896337270737 -1.26046569907538E-23
0 1 -8.05704709299398E-18
3.11679792404175 0.266896337270737 7.21784782409668
2.95275592803955 0.266896337270737 6.88976383209229
-3.11679792404175 0.266896337270737 7.21784782409668
0 1 -8.05704709299398E-18
3.11679792404175 0.266896337270737 0
3.11679792404175 0.266896337270737 7.21784782409668
3.11679792404175 -0.225229665637016 7.21784782409668
1 0 0
3.11679792404175 -0.225229665637016 7.21784782409668
3.11679792404175 -0.225229665637016 0
3.11679792404175 0.266896337270737 0
1 0 0
2.95275592803955 -0.225229665637016 -1.32348898008484E-23
3.11679792404175 -0.225229665637016 0
2.95275592803955 -0.225229665637016 6.88976383209229
0 -1 1.57393478095696E-17
-3.11679792404175 -0.225229665637016 0
-2.95275592803955 -0.225229665637016 1.32348898008484E-23
-2.95275592803955 -0.225229665637016 6.88976383209229
0 -1 1.57393478095696E-17
2.95275592803955 -0.225229665637016 6.88976383209229
3.11679792404175 -0.225229665637016 7.21784782409668
-2.95275592803955 -0.225229665637016 6.88976383209229
0 -1 1.57393478095696E-17
3.11679792404175 -0.225229665637016 7.21784782409668
2.95275592803955 -0.225229665637016 6.88976383209229
3.11679792404175 -0.225229665637016 0
0 -1 1.57393478095696E-17
-2.95275592803955 -0.225229665637016 6.88976383209229
-3.11679792404175 -0.225229665637016 7.21784782409668
-3.11679792404175 -0.225229665637016 0
0 -1 1.57393478095696E-17
-3.11679792404175 -0.225229665637016 7.21784782409668
-2.95275592803955 -0.225229665637016 6.88976383209229
3.11679792404175 -0.225229665637016 7.21784782409668
0 -1 1.57393478095696E-17
2.95275592803955 -0.225229665637016 0
2.95275592803955 -0.225229665637016 6.88976383209229
2.95275592803955 -0.0637713223695755 6.88976383209229
-1 0 -6.44563767439519E-17
2.95275592803955 -0.0637713223695755 6.88976383209229
2.95275592803955 -0.0637713223695755 0
2.95275592803955 -0.225229665637016 0
-1 0 -6.44563767439519E-17
2.90067267417908 -0.0637713223695755 6.25191002834151E-24
2.95275592803955 -0.0637713223695755 0
2.90067267417908 -0.0637713223695755 6.83768033981323
0 -1 8.05704709299398E-18
-2.95275592803955 -0.0637713223695755 1.70162866614163E-23
-2.90067267417908 -0.0637713223695755 -1.57054017853307E-23
-2.90067267417908 -0.0637713223695755 6.83768033981323
0 -1 8.05704709299398E-18
2.90067267417908 -0.0637713223695755 6.83768033981323
2.95275592803955 -0.0637713223695755 6.88976383209229
-2.90067267417908 -0.0637713223695755 6.83768033981323
0 -1 8.05704709299398E-18
2.95275592803955 -0.0637713223695755 6.88976383209229
2.90067267417908 -0.0637713223695755 6.83768033981323
2.95275592803955 -0.0637713223695755 0
0 -1 8.05704709299398E-18
-2.90067267417908 -0.0637713223695755 6.83768033981323
-2.95275592803955 -0.0637713223695755 6.88976383209229
-2.95275592803955 -0.0637713223695755 1.70162866614163E-23
0 -1 8.05704709299398E-18
-2.95275592803955 -0.0637713223695755 6.88976383209229
-2.90067267417908 -0.0637713223695755 6.83768033981323
2.95275592803955 -0.0637713223695755 6.88976383209229
0 -1 8.05704709299398E-18
2.90067267417908 -0.0637713223695755 0
2.90067267417908 -0.0637713223695755 6.83768033981323
2.90067267417908 0.103633530437946 6.83768033981323
-1 0 -6.49473477657525E-17
2.90067267417908 0.103633530437946 6.83768033981323
2.90067267417908 0.103633530437946 0
2.90067267417908 -0.0637713223695755 0
-1 0 -6.49473477657525E-17
-2.90067267417908 0.103633530437946 6.02805457483649E-24
-2.95275592803955 0.103633530437946 -2.55521513531948E-24
-2.90067267417908 0.103633530437946 6.83768033981323
0 1 0
2.95275592803955 0.103633530437946 -4.65161969626202E-24
2.90067267417908 0.103633530437946 0
2.90067267417908 0.103633530437946 6.83768033981323
0 1 0
-2.90067267417908 0.103633530437946 6.83768033981323
-2.95275592803955 0.103633530437946 6.88976383209229
2.90067267417908 0.103633530437946 6.83768033981323
0 1 0
-2.95275592803955 0.103633530437946 6.88976383209229
-2.90067267417908 0.103633530437946 6.83768033981323
-2.95275592803955 0.103633530437946 -2.55521513531948E-24
0 1 0
2.90067267417908 0.103633530437946 6.83768033981323
2.95275592803955 0.103633530437946 6.88976383209229
2.95275592803955 0.103633530437946 -4.65161969626202E-24
0 1 0
2.95275592803955 0.103633530437946 6.88976383209229
2.90067267417908 0.103633530437946 6.83768033981323
-2.95275592803955 0.103633530437946 6.88976383209229
0 1 0
2.95275592803955 0.103633530437946 6.88976383209229
-2.95275592803955 0.103633530437946 6.88976383209229
-2.95275592803955 0.266896337270737 6.88976383209229
0 0 -1
-2.95275592803955 0.266896337270737 6.88976383209229
2.95275592803955 0.266896337270737 6.88976383209229
2.95275592803955 0.103633530437946 6.88976383209229
0 0 -1
-2.95275592803955 -0.225229665637016 6.88976383209229
-2.95275592803955 -0.0637713223695755 6.88976383209229
2.95275592803955 -0.0637713223695755 6.88976383209229
0 0 -1
2.95275592803955 -0.0637713223695755 6.88976383209229
2.95275592803955 -0.225229665637016 6.88976383209229
-2.95275592803955 -0.225229665637016 6.88976383209229
0 0 -1
-2.90067267417908 -0.0637713223695755 6.83768033981323
-2.90067267417908 0.103633530437946 6.83768033981323
2.90067267417908 0.103633530437946 6.83768033981323
0 0 -1
2.90067267417908 0.103633530437946 6.83768033981323
2.90067267417908 -0.0637713223695755 6.83768033981323
-2.90067267417908 -0.0637713223695755 6.83768033981323
0 0 -1
-3.11679792404175 0.266896337270737 0
-2.95275592803955 0.103633530437946 0
-3.11679792404175 -0.225229665637016 0
0 0 -1
-2.95275592803955 0.103633530437946 0
-3.11679792404175 0.266896337270737 0
-2.95275592803955 0.266896337270737 0
0 0 -1
-2.90067267417908 0.103633530437946 0
-2.95275592803955 -0.0637713223695755 0
-2.95275592803955 0.103633530437946 0
0 0 -1
-2.95275592803955 -0.0637713223695755 0
-3.11679792404175 -0.225229665637016 0
-2.95275592803955 0.103633530437946 0
0 0 -1
-3.11679792404175 -0.225229665637016 0
-2.95275592803955 -0.0637713223695755 0
-2.95275592803955 -0.225229665637016 0
0 0 -1
-2.90067267417908 -0.0637713223695755 0
-2.95275592803955 -0.0637713223695755 0
-2.90067267417908 0.103633530437946 0
0 0 -1
-2.95275592803955 0.266896337270737 6.88976383209229
-2.95275592803955 0.103633530437946 6.88976383209229
-2.95275592803955 0.103633530437946 0
1 0 0
-2.95275592803955 0.103633530437946 0
-2.95275592803955 0.266896337270737 0
-2.95275592803955 0.266896337270737 6.88976383209229
1 0 0
-3.11679792404175 0.266896337270737 0
-3.11679792404175 -0.225229665637016 0
-3.11679792404175 -0.225229665637016 7.21784782409668
-1 0 0
-3.11679792404175 -0.225229665637016 7.21784782409668
-3.11679792404175 0.266896337270737 7.21784782409668
-3.11679792404175 0.266896337270737 0
-1 0 0
-2.95275592803955 -0.225229665637016 0
-2.95275592803955 -0.0637713223695755 0
-2.95275592803955 -0.0637713223695755 6.88976383209229
1 0 0
-2.95275592803955 -0.0637713223695755 6.88976383209229
-2.95275592803955 -0.225229665637016 6.88976383209229
-2.95275592803955 -0.225229665637016 0
1 0 0
-2.90067267417908 -0.0637713223695755 0
-2.90067267417908 0.103633530437946 0
-2.90067267417908 0.103633530437946 6.83768033981323
1 0 0
-2.90067267417908 0.103633530437946 6.83768033981323
-2.90067267417908 -0.0637713223695755 6.83768033981323
-2.90067267417908 -0.0637713223695755 0
1 0 0
3.11679792404175 0.266896337270737 7.21784782409668
-3.11679792404175 0.266896337270737 7.21784782409668
-3.11679792404175 -0.225229665637016 7.21784782409668
0 0 1
-3.11679792404175 -0.225229665637016 7.21784782409668
3.11679792404175 -0.225229665637016 7.21784782409668
3.11679792404175 0.266896337270737 7.21784782409668
0 0 1
2.95275592803955 0.119258530437946 6.88976383209229
0.00520833348855376 0.119258530437946 6.88976383209229
2.95275592803955 0.119258530437946 -3.28626015289046E-14
0 -1 0
0.00520833348855376 0.119258530437946 -3.28626015289046E-14
2.95275592803955 0.119258530437946 -3.28626015289046E-14
0.00520833348855376 0.119258530437946 6.88976383209229
0 -1 0
-0.00520833348855376 0.119258530437946 6.88976383209229
-2.95275592803955 0.119258530437946 6.88976383209229
-0.00520833348855376 0.119258530437946 -3.19744231092045E-14
0 -1 0
-2.95275592803955 0.119258530437946 -3.19744231092045E-14
-0.00520833348855376 0.119258530437946 -3.19744231092045E-14
-2.95275592803955 0.119258530437946 6.88976383209229
0 -1 0
2.95275592803955 0.266896337270737 -3.28626015289046E-14
0.00520833348855376 0.266896337270737 -3.28626015289046E-14
0.00520833348855376 0.266896337270737 6.88976383209229
0 1 0
0.00520833348855376 0.266896337270737 6.88976383209229
2.95275592803955 0.266896337270737 6.88976383209229
2.95275592803955 0.266896337270737 -3.28626015289046E-14
0 1 0
-0.00520833348855376 0.266896337270737 -3.28626015289046E-14
-2.95275592803955 0.266896337270737 -3.19744231092045E-14
-0.00520833348855376 0.266896337270737 6.88976383209229
0 1 0
-2.95275592803955 0.266896337270737 6.88976383209229
-0.00520833348855376 0.266896337270737 6.88976383209229
-2.95275592803955 0.266896337270737 -3.19744231092045E-14
0 1 0
0.00520833348855376 0.119258530437946 6.88976383209229
0.00520833348855376 0.266896337270737 6.88976383209229
0.00520833348855376 0.266896337270737 -3.28626015289046E-14
-1 0 4.40619762898106E-18
0.00520833348855376 0.266896337270737 -3.28626015289046E-14
0.00520833348855376 0.119258530437946 -3.28626015289046E-14
0.00520833348855376 0.119258530437946 6.88976383209229
-1 0 4.40619762898106E-18
0.00520833348855376 0.119258530437946 -3.28626015289046E-14
0.00520833348855376 0.266896337270737 -3.28626015289046E-14
2.95275592803955 0.266896337270737 -3.24185123190546E-14
1.50663966899725E-16 0 -1
2.95275592803955 0.266896337270737 -3.24185123190546E-14
2.95275592803955 0.119258530437946 -3.24185123190546E-14
0.00520833348855376 0.119258530437946 -3.28626015289046E-14
1.50663966899725E-16 0 -1
2.95275592803955 0.119258530437946 -3.28626015289046E-14
2.95275592803955 0.266896337270737 -3.28626015289046E-14
2.95275592803955 0.266896337270737 6.88976383209229
1 0 0
2.95275592803955 0.266896337270737 6.88976383209229
2.95275592803955 0.119258530437946 6.88976383209229
2.95275592803955 0.119258530437946 -3.28626015289046E-14
1 0 0
2.95275592803955 0.119258530437946 6.88976383209229
2.95275592803955 0.266896337270737 6.88976383209229
0.00520833348855376 0.266896337270737 6.88976383209229
-3.0132793379945E-16 0 1
0.00520833348855376 0.266896337270737 6.88976383209229
0.00520833348855376 0.119258530437946 6.88976383209229
2.95275592803955 0.119258530437946 6.88976383209229
-3.0132793379945E-16 0 1
-0.00520833348855376 0.119258530437946 -3.19744231092045E-14
-0.00520833348855376 0.266896337270737 -3.28626015289046E-14
-0.00520833348855376 0.266896337270737 6.88976383209229
1 0 1.35962669694273E-17
-0.00520833348855376 0.266896337270737 6.88976383209229
-0.00520833348855376 0.119258530437946 6.88976383209229
-0.00520833348855376 0.119258530437946 -3.19744231092045E-14
1 0 1.35962669694273E-17
-0.00520833348855376 0.119258530437946 6.88976383209229
-0.00520833348855376 0.266896337270737 6.88976383209229
-2.95275592803955 0.266896337270737 6.88976383209229
0 0 1
-2.95275592803955 0.266896337270737 6.88976383209229
-2.95275592803955 0.119258530437946 6.88976383209229
-0.00520833348855376 0.119258530437946 6.88976383209229
0 0 1
-2.95275592803955 0.119258530437946 6.88976383209229
-2.95275592803955 0.266896337270737 6.88976383209229
-2.95275592803955 0.266896337270737 -3.19744231092045E-14
-1 0 0
-2.95275592803955 0.266896337270737 -3.19744231092045E-14
-2.95275592803955 0.119258530437946 -3.19744231092045E-14
-2.95275592803955 0.119258530437946 6.88976383209229
-1 0 0
-2.95275592803955 0.119258530437946 -3.19744231092045E-14
-2.95275592803955 0.266896337270737 -3.19744231092045E-14
-0.00520833348855376 0.266896337270737 -3.24185123190546E-14
-1.50663966899725E-16 0 -1
-0.00520833348855376 0.266896337270737 -3.24185123190546E-14
-0.00520833348855376 0.119258530437946 -3.24185123190546E-14
-2.95275592803955 0.119258530437946 -3.19744231092045E-14
-1.50663966899725E-16 0 -1
[HEADER]
422777,0762 x 2032mm,278
276.956833828683 123.884447816868 -11.8110236220472
1
-1.23140540642406E-15 -1 0
1 -1.23140540642406E-15 0
0 0 1
-1.49934387207031 0.410104990005493 6.91601037979126
-1.25 0.410104990005493 6.66666650772095
-1.49934387207031 0.410104990005493 0
-1.86407339295249E-15 1 0
-1.25 0.410104990005493 6.66666650772095
-1.49934387207031 0.410104990005493 6.91601037979126
1.25 0.410104990005493 6.66666650772095
-1.86407339295249E-15 1 0
-1.25 0.410104990005493 0
-1.49934387207031 0.410104990005493 0
-1.25 0.410104990005493 6.66666650772095
-1.86407339295249E-15 1 0
1.25 0.410104990005493 6.66666650772095
1.49934387207031 0.410104990005493 6.91601037979126
1.49934387207031 0.410104990005493 0
-1.86407339295249E-15 1 0
1.49934387207031 0.410104990005493 6.91601037979126
1.25 0.410104990005493 6.66666650772095
-1.49934387207031 0.410104990005493 6.91601037979126
-1.86407339295249E-15 1 0
1.49934387207031 0.410104990005493 0
1.25 0.410104990005493 0
1.25 0.410104990005493 6.66666650772095
-1.86407339295249E-15 1 0
1.49934387207031 0.328083992004395 6.91601037979126
1.25 0.328083992004395 6.66666650772095
1.49934387207031 0.328083992004395 0
1.86407339295249E-15 -1 0
1.25 0.328083992004395 6.66666650772095
1.49934387207031 0.328083992004395 6.91601037979126
-1.25 0.328083992004395 6.66666650772095
1.86407339295249E-15 -1 0
1.25 0.328083992004395 0
1.49934387207031 0.328083992004395 0
1.25 0.328083992004395 6.66666650772095
1.86407339295249E-15 -1 0
-1.25 0.328083992004395 6.66666650772095
-1.49934387207031 0.328083992004395 6.91601037979126
-1.49934387207031 0.328083992004395 0
1.86407339295249E-15 -1 0
-1.49934387207031 0.328083992004395 6.91601037979126
-1.25 0.328083992004395 6.66666650772095
1.49934387207031 0.328083992004395 6.91601037979126
1.86407339295249E-15 -1 0
-1.49934387207031 0.328083992004395 0
-1.25 0.328083992004395 0
-1.25 0.328083992004395 6.66666650772095
1.86407339295249E-15 -1 0
-1.49934387207031 0.410104990005493 6.91601037979126
-1.49934387207031 0.328083992004395 6.91601037979126
1.49934387207031 0.328083992004395 6.91601037979126
0 0 1
1.49934387207031 0.328083992004395 6.91601037979126
1.49934387207031 0.410104990005493 6.91601037979126
-1.49934387207031 0.410104990005493 6.91601037979126
0 0 1
1.49934387207031 0.410104990005493 6.91601037979126
1.49934387207031 0.328083992004395 6.91601037979126
1.49934387207031 0.328083992004395 0
1 2.70716782324658E-15 0
1.49934387207031 0.328083992004395 0
1.49934387207031 0.410104990005493 0
1.49934387207031 0.410104990005493 6.91601037979126
1 2.70716782324658E-15 0
1.49934387207031 0.410104990005493 0
1.49934387207031 0.328083992004395 0
1.25 0.328083992004395 0
0 0 -1
1.25 0.328083992004395 0
1.25 0.410104990005493 0
1.49934387207031 0.410104990005493 0
0 0 -1
1.25 0.410104990005493 0
1.25 0.328083992004395 0
1.25 0.328083992004395 6.66666650772095
-1 -2.70716782324658E-15 0
1.25 0.328083992004395 6.66666650772095
1.25 0.410104990005493 6.66666650772095
1.25 0.410104990005493 0
-1 -2.70716782324658E-15 0
1.25 0.410104990005493 6.66666650772095
1.25 0.328083992004395 6.66666650772095
-1.25 0.328083992004395 6.66666650772095
0 0 -1
-1.25 0.328083992004395 6.66666650772095
-1.25 0.410104990005493 6.66666650772095
1.25 0.410104990005493 6.66666650772095
0 0 -1
-1.25 0.410104990005493 6.66666650772095
-1.25 0.328083992004395 6.66666650772095
-1.25 0.328083992004395 0
1 2.70716782324658E-15 0
-1.25 0.328083992004395 0
-1.25 0.410104990005493 0
-1.25 0.410104990005493 6.66666650772095
1 2.70716782324658E-15 0
-1.25 0.410104990005493 0
-1.25 0.328083992004395 0
-1.49934387207031 0.328083992004395 0
0 0 -1
-1.49934387207031 0.328083992004395 0
-1.49934387207031 0.410104990005493 0
-1.25 0.410104990005493 0
0 0 -1
-1.49934387207031 0.410104990005493 0
-1.49934387207031 0.328083992004395 0
-1.49934387207031 0.328083992004395 6.91601037979126
-1 -2.70716782324658E-15 0
-1.49934387207031 0.328083992004395 6.91601037979126
-1.49934387207031 0.410104990005493 6.91601037979126
-1.49934387207031 0.410104990005493 0
-1 -2.70716782324658E-15 0
1.49934387207031 -0.410104990005493 6.91601037979126
1.25 -0.410104990005493 6.66666650772095
1.49934387207031 -0.410104990005493 0
1.86407339295249E-15 -1 0
1.25 -0.410104990005493 6.66666650772095
1.49934387207031 -0.410104990005493 6.91601037979126
-1.25 -0.410104990005493 6.66666650772095
1.86407339295249E-15 -1 0
1.25 -0.410104990005493 0
1.49934387207031 -0.410104990005493 0
1.25 -0.410104990005493 6.66666650772095
1.86407339295249E-15 -1 0
-1.25 -0.410104990005493 6.66666650772095
-1.49934387207031 -0.410104990005493 6.91601037979126
-1.49934387207031 -0.410104990005493 0
1.86407339295249E-15 -1 0
-1.49934387207031 -0.410104990005493 6.91601037979126
-1.25 -0.410104990005493 6.66666650772095
1.49934387207031 -0.410104990005493 6.91601037979126
1.86407339295249E-15 -1 0
-1.49934387207031 -0.410104990005493 0
-1.25 -0.410104990005493 0
-1.25 -0.410104990005493 6.66666650772095
1.86407339295249E-15 -1 0
-1.49934387207031 -0.328083992004395 6.91601037979126
-1.25 -0.328083992004395 6.66666650772095
-1.49934387207031 -0.328083992004395 0
-1.86407339295249E-15 1 0
-1.25 -0.328083992004395 6.66666650772095
-1.49934387207031 -0.328083992004395 6.91601037979126
1.25 -0.328083992004395 6.66666650772095
-1.86407339295249E-15 1 0
-1.25 -0.328083992004395 0
-1.49934387207031 -0.328083992004395 0
-1.25 -0.328083992004395 6.66666650772095
-1.86407339295249E-15 1 0
1.25 -0.328083992004395 6.66666650772095
1.49934387207031 -0.328083992004395 6.91601037979126
1.49934387207031 -0.328083992004395 0
-1.86407339295249E-15 1 0
1.49934387207031 -0.328083992004395 6.91601037979126
1.25 -0.328083992004395 6.66666650772095
-1.49934387207031 -0.328083992004395 6.91601037979126
-1.86407339295249E-15 1 0
1.49934387207031 -0.328083992004395 0
1.25 -0.328083992004395 0
1.25 -0.328083992004395 6.66666650772095
-1.86407339295249E-15 1 0
1.49934387207031 -0.410104990005493 6.91601037979126
1.49934387207031 -0.328083992004395 6.91601037979126
-1.49934387207031 -0.328083992004395 6.91601037979126
0 0 1
-1.49934387207031 -0.328083992004395 6.91601037979126
-1.49934387207031 -0.410104990005493 6.91601037979126
1.49934387207031 -0.410104990005493 6.91601037979126
0 0 1
-1.49934387207031 -0.410104990005493 6.91601037979126
-1.49934387207031 -0.328083992004395 6.91601037979126
-1.49934387207031 -0.328083992004395 0
-1 -2.70716782324538E-15 0
-1.49934387207031 -0.328083992004395 0
-1.49934387207031 -0.410104990005493 0
-1.49934387207031 -0.410104990005493 6.91601037979126
-1 -2.70716782324538E-15 0
-1.49934387207031 -0.410104990005493 0
-1.49934387207031 -0.328083992004395 0
-1.25 -0.328083992004395 0
0 0 -1
-1.25 -0.328083992004395 0
-1.25 -0.410104990005493 0
-1.49934387207031 -0.410104990005493 0
0 0 -1
-1.25 -0.410104990005493 0
-1.25 -0.328083992004395 0
-1.25 -0.328083992004395 6.66666650772095
1 2.70716782324538E-15 0
-1.25 -0.328083992004395 6.66666650772095
-1.25 -0.410104990005493 6.66666650772095
-1.25 -0.410104990005493 0
1 2.70716782324538E-15 0
-1.25 -0.410104990005493 6.66666650772095
-1.25 -0.328083992004395 6.66666650772095
1.25 -0.328083992004395 6.66666650772095
0 0 -1
1.25 -0.328083992004395 6.66666650772095
1.25 -0.410104990005493 6.66666650772095
-1.25 -0.410104990005493 6.66666650772095
0 0 -1
1.25 -0.410104990005493 6.66666650772095
1.25 -0.328083992004395 6.66666650772095
1.25 -0.328083992004395 0
-1 -2.70716782324538E-15 0
1.25 -0.328083992004395 0
1.25 -0.410104990005493 0
1.25 -0.410104990005493 6.66666650772095
-1 -2.70716782324538E-15 0
1.25 -0.410104990005493 0
1.25 -0.328083992004395 0
1.49934387207031 -0.328083992004395 0
0 0 -1
1.49934387207031 -0.328083992004395 0
1.49934387207031 -0.410104990005493 0
1.25 -0.410104990005493 0
0 0 -1
1.49934387207031 -0.410104990005493 0
1.49934387207031 -0.328083992004395 0
1.49934387207031 -0.328083992004395 6.91601037979126
1 2.70716782324538E-15 0
1.49934387207031 -0.328083992004395 6.91601037979126
1.49934387207031 -0.410104990005493 6.91601037979126
1.49934387207031 -0.410104990005493 0
1 2.70716782324538E-15 0
-1.25 0.160761147737503 6.66666650772095
-1.25 0.160761147737503 0
1.25 0.160761147737503 0
0 -1 0
1.25 0.160761147737503 0
1.25 0.160761147737503 6.66666650772095
-1.25 0.160761147737503 6.66666650772095
0 -1 0
1.25 0.328083992004395 0
-1.25 0.328083992004395 0
-1.25 0.328083992004395 6.66666650772095
0 1 0
-1.25 0.328083992004395 6.66666650772095
1.25 0.328083992004395 6.66666650772095
1.25 0.328083992004395 0
0 1 0
1.25 0.160761147737503 6.66666650772095
1.25 0.328083992004395 6.66666650772095
-1.25 0.328083992004395 6.66666650772095
0 0 1
-1.25 0.328083992004395 6.66666650772095
-1.25 0.160761147737503 6.66666650772095
1.25 0.160761147737503 6.66666650772095
0 0 1
-1.25 0.160761147737503 6.66666650772095
-1.25 0.328083992004395 6.66666650772095
-1.25 0.328083992004395 0
-1 0 0
-1.25 0.328083992004395 0
-1.25 0.160761147737503 0
-1.25 0.160761147737503 6.66666650772095
-1 0 0
-1.25 0.160761147737503 0
-1.25 0.328083992004395 0
1.25 0.328083992004395 0
0 0 -1
1.25 0.328083992004395 0
1.25 0.160761147737503 0
-1.25 0.160761147737503 0
0 0 -1
1.25 0.160761147737503 0
1.25 0.328083992004395 0
1.25 0.328083992004395 6.66666650772095
1 0 0
1.25 0.328083992004395 6.66666650772095
1.25 0.160761147737503 6.66666650772095
1.25 0.160761147737503 0
1 0 0
[HEADER]
422826,M_Door-Passage-Double-Flush-Dbl_Acting 2,214
319.832982122647 109.465156477252 -11.8110236220472
1
-2.22269070789924E-15 -1 0
1 -2.22269070789924E-15 0
0 0 1
4.92125988006592 0.266896337270737 1.95470863470841E-35
5.08530187606812 0.266896337270737 0
5.08530187606812 -0.225229665637016 0
-1.19159040439945E-34 2.60148000103134E-51 -1
5.08530187606812 -0.225229665637016 0
4.92125988006592 -0.225229665637016 1.95470863470841E-35
4.92125988006592 0.266896337270737 1.95470863470841E-35
-1.19159040439945E-34 2.60148000103134E-51 -1
4.92125988006592 -0.225229665637016 0
4.92125988006592 -0.225229665637016 7.87401580810547
4.92125988006592 0.266896337270737 7.87401580810547
-1 2.18319985745644E-17 1.12798659301916E-16
4.92125988006592 0.266896337270737 7.87401580810547
4.92125988006592 0.266896337270737 -1.54074395550979E-33
4.92125988006592 -0.225229665637016 0
-1 2.18319985745644E-17 1.12798659301916E-16
-4.92125988006592 0.266896337270737 -1.32348913785703E-23
-5.08530187606812 0.266896337270737 1.76465186826501E-23
-4.92125988006592 0.266896337270737 7.87401580810547
2.18319985745644E-17 1 -7.04991620636974E-18
5.08530187606812 0.266896337270737 8.82326013018593E-24
4.92125988006592 0.266896337270737 1.32348898008484E-23
4.92125988006592 0.266896337270737 7.87401580810547
2.18319985745644E-17 1 -7.04991620636974E-18
-4.92125988006592 0.266896337270737 7.87401580810547
-5.08530187606812 0.266896337270737 8.20209980010986
4.92125988006592 0.266896337270737 7.87401580810547
2.18319985745644E-17 1 -7.04991620636974E-18
-5.08530187606812 0.266896337270737 8.20209980010986
-4.92125988006592 0.266896337270737 7.87401580810547
-5.08530187606812 0.266896337270737 1.76465186826501E-23
2.18319985745644E-17 1 -7.04991620636974E-18
4.92125988006592 0.266896337270737 7.87401580810547
5.08530187606812 0.266896337270737 8.20209980010986
5.08530187606812 0.266896337270737 8.82326013018593E-24
2.18319985745644E-17 1 -7.04991620636974E-18
5.08530187606812 0.266896337270737 8.20209980010986
4.92125988006592 0.266896337270737 7.87401580810547
-5.08530187606812 0.266896337270737 8.20209980010986
2.18319985745644E-17 1 -7.04991620636974E-18
5.08530187606812 0.266896337270737 0
5.08530187606812 0.266896337270737 8.20209980010986
5.08530187606812 -0.225229665637016 8.20209980010986
1 -2.18319985745644E-17 -1.10496645846775E-16
5.08530187606812 -0.225229665637016 8.20209980010986
5.08530187606812 -0.225229665637016 1.15555796663234E-33
5.08530187606812 0.266896337270737 0
1 -2.18319985745644E-17 -1.10496645846775E-16
4.92125988006592 -0.225229665637016 -4.59169663861007E-24
5.08530187606812 -0.225229665637016 1.32348898008484E-23
4.92125988006592 -0.225229665637016 7.87401580810547
-2.18319985745644E-17 -1 6.90604036542342E-18
-5.08530187606812 -0.225229665637016 6.48239349117219E-24
-4.92125988006592 -0.225229665637016 -1.53956886830537E-23
-4.92125988006592 -0.225229665637016 7.87401580810547
-2.18319985745644E-17 -1 6.90604036542342E-18
4.92125988006592 -0.225229665637016 7.87401580810547
5.08530187606812 -0.225229665637016 8.20209980010986
-4.92125988006592 -0.225229665637016 7.87401580810547
-2.18319985745644E-17 -1 6.90604036542342E-18
5.08530187606812 -0.225229665637016 8.20209980010986
4.92125988006592 -0.225229665637016 7.87401580810547
5.08530187606812 -0.225229665637016 1.32348898008484E-23
-2.18319985745644E-17 -1 6.90604036542342E-18
-4.92125988006592 -0.225229665637016 7.87401580810547
-5.08530187606812 -0.225229665637016 8.20209980010986
-5.08530187606812 -0.225229665637016 6.48239349117219E-24
-2.18319985745644E-17 -1 6.90604036542342E-18
-5.08530187606812 -0.225229665637016 8.20209980010986
-4.92125988006592 -0.225229665637016 7.87401580810547
5.08530187606812 -0.225229665637016 8.20209980010986
-2.18319985745644E-17 -1 6.90604036542342E-18
4.92125988006592 -0.225229665637016 7.87401580810547
-4.92125988006592 -0.225229665637016 7.87401580810547
-4.92125988006592 0.266896337270737 7.87401580810547
9.02389274415328E-17 1.09159992872822E-17 -1
-4.92125988006592 0.266896337270737 7.87401580810547
4.92125988006592 0.266896337270737 7.87401580810547
4.92125988006592 -0.225229665637016 7.87401580810547
9.02389274415328E-17 1.09159992872822E-17 -1
-4.92125988006592 0.266896337270737 0
-4.92125988006592 -0.225229665637016 0
-5.08530187606812 -0.225229665637016 0
0 0 -1
-5.08530187606812 -0.225229665637016 0
-5.08530187606812 0.266896337270737 0
-4.92125988006592 0.266896337270737 0
0 0 -1
-4.92125988006592 0.266896337270737 7.87401580810547
-4.92125988006592 -0.225229665637016 7.87401580810547
-4.92125988006592 -0.225229665637016 0
1 0 0
-4.92125988006592 -0.225229665637016 0
-4.92125988006592 0.266896337270737 0
-4.92125988006592 0.266896337270737 7.87401580810547
1 0 0
-5.08530187606812 0.266896337270737 0
-5.08530187606812 -0.225229665637016 0
-5.08530187606812 -0.225229665637016 8.20209980010986
-1 0 0
-5.08530187606812 -0.225229665637016 8.20209980010986
-5.08530187606812 0.266896337270737 8.20209980010986
-5.08530187606812 0.266896337270737 0
-1 0 0
5.08530187606812 0.266896337270737 8.20209980010986
-5.08530187606812 0.266896337270737 8.20209980010986
-5.08530187606812 -0.225229665637016 8.20209980010986
0 0 1
-5.08530187606812 -0.225229665637016 8.20209980010986
5.08530187606812 -0.225229665637016 8.20209980010986
5.08530187606812 0.266896337270737 8.20209980010986
0 0 1
4.92125988006592 0.119258530437946 7.87401580810547
0.00520833348855376 0.119258530437946 7.87401580810547
0.00520833348855376 0.119258530437946 -3.19744231092045E-14
0 -1 0
0.00520833348855376 0.119258530437946 -3.19744231092045E-14
4.92125988006592 0.119258530437946 -3.19744231092045E-14
4.92125988006592 0.119258530437946 7.87401580810547
0 -1 0
-0.00520833348855376 0.119258530437946 7.87401580810547
-4.92125988006592 0.119258530437946 7.87401580810547
-4.92125988006592 0.119258530437946 -3.19744231092045E-14
0 -1 0
-4.92125988006592 0.119258530437946 -3.19744231092045E-14
-0.00520833348855376 0.119258530437946 -3.19744231092045E-14
-0.00520833348855376 0.119258530437946 7.87401580810547
0 -1 0
4.92125988006592 0.266896337270737 -3.19744231092045E-14
0.00520833348855376 0.266896337270737 -3.19744231092045E-14
0.00520833348855376 0.266896337270737 7.87401580810547
0 1 0
0.00520833348855376 0.266896337270737 7.87401580810547
4.92125988006592 0.266896337270737 7.87401580810547
4.92125988006592 0.266896337270737 -3.19744231092045E-14
0 1 0
-0.00520833348855376 0.266896337270737 -3.19744231092045E-14
-4.92125988006592 0.266896337270737 -3.19744231092045E-14
-4.92125988006592 0.266896337270737 7.87401580810547
0 1 0
-4.92125988006592 0.266896337270737 7.87401580810547
-0.00520833348855376 0.266896337270737 7.87401580810547
-0.00520833348855376 0.266896337270737 -3.19744231092045E-14
0 1 0
0.00520833348855376 0.119258530437946 7.87401580810547
0.00520833348855376 0.266896337270737 7.87401580810547
0.00520833348855376 0.266896337270737 -3.19744231092045E-14
-1 0 3.85542292535843E-18
0.00520833348855376 0.266896337270737 -3.19744231092045E-14
0.00520833348855376 0.119258530437946 -3.19744231092045E-14
0.00520833348855376 0.119258530437946 7.87401580810547
-1 0 3.85542292535843E-18
0.00520833348855376 0.119258530437946 -3.19744231092045E-14
0.00520833348855376 0.266896337270737 -3.19744231092045E-14
4.92125988006592 0.266896337270737 -3.24185123190546E-14
-9.03345314873569E-17 0 -1
4.92125988006592 0.266896337270737 -3.24185123190546E-14
4.92125988006592 0.119258530437946 -3.24185123190546E-14
0.00520833348855376 0.119258530437946 -3.19744231092045E-14
-9.03345314873569E-17 0 -1
4.92125988006592 0.119258530437946 -3.19744231092045E-14
4.92125988006592 0.266896337270737 -3.19744231092045E-14
4.92125988006592 0.266896337270737 7.87401580810547
1 0 0
4.92125988006592 0.266896337270737 7.87401580810547
4.92125988006592 0.119258530437946 7.87401580810547
4.92125988006592 0.119258530437946 -3.19744231092045E-14
1 0 0
4.92125988006592 0.119258530437946 7.87401580810547
4.92125988006592 0.266896337270737 7.87401580810547
0.00520833348855376 0.266896337270737 7.87401580810547
0 0 1
0.00520833348855376 0.266896337270737 7.87401580810547
0.00520833348855376 0.119258530437946 7.87401580810547
4.92125988006592 0.119258530437946 7.87401580810547
0 0 1
-0.00520833348855376 0.119258530437946 -3.19744231092045E-14
-0.00520833348855376 0.266896337270737 -3.19744231092045E-14
-0.00520833348855376 0.266896337270737 7.87401580810547
1 0 -4.45025960527088E-17
-0.00520833348855376 0.266896337270737 7.87401580810547
-0.00520833348855376 0.119258530437946 7.87401580810547
-0.00520833348855376 0.119258530437946 -3.19744231092045E-14
1 0 -4.45025960527088E-17
-0.00520833348855376 0.119258530437946 7.87401580810547
-0.00520833348855376 0.266896337270737 7.87401580810547
-4.92125988006592 0.266896337270737 7.87401580810547
0 0 1
-4.92125988006592 0.266896337270737 7.87401580810547
-4.92125988006592 0.119258530437946 7.87401580810547
-0.00520833348855376 0.119258530437946 7.87401580810547
0 0 1
-4.92125988006592 0.119258530437946 7.87401580810547
-4.92125988006592 0.266896337270737 7.87401580810547
-4.92125988006592 0.266896337270737 -3.19744231092045E-14
-1 0 0
-4.92125988006592 0.266896337270737 -3.19744231092045E-14
-4.92125988006592 0.119258530437946 -3.19744231092045E-14
-4.92125988006592 0.119258530437946 7.87401580810547
-1 0 0
-4.92125988006592 0.119258530437946 -3.19744231092045E-14
-4.92125988006592 0.266896337270737 -3.19744231092045E-14
-0.00520833348855376 0.266896337270737 -3.24185123190546E-14
-9.03345314873568E-17 0 -1
-0.00520833348855376 0.266896337270737 -3.24185123190546E-14
-0.00520833348855376 0.119258530437946 -3.24185123190546E-14
-4.92125988006592 0.119258530437946 -3.19744231092045E-14
-9.03345314873568E-17 0 -1
[HEADER]
422882,M_Door-Passage-Double-Flush-Dbl_Acting 3,214
347.154832516339 108.480904508748 -11.8110236220472
1
2.22269070789924E-15 1 0
-1 2.22269070789924E-15 0
0 0 1
4.10104990005493 0.184875324368477 0
4.26509189605713 0.184875324368477 0
4.26509189605713 -0.307250648736954 0
0 0 -1
4.26509189605713 -0.307250648736954 0
4.10104990005493 -0.307250648736954 0
4.10104990005493 0.184875324368477 0
0 0 -1
4.10104990005493 -0.307250648736954 0
4.10104990005493 -0.307250648736954 7.21784782409668
4.10104990005493 0.184875324368477 7.21784782409668
-1 0 0
4.10104990005493 0.184875324368477 7.21784782409668
4.10104990005493 0.184875324368477 0
4.10104990005493 -0.307250648736954 0
-1 0 0
-4.10104990005493 0.184875324368477 0
-4.26509189605713 0.184875324368477 1.32348898008484E-23
-4.10104990005493 0.184875324368477 7.21784782409668
0 1 -7.69081767967608E-18
4.26509189605713 0.184875324368477 1.32348898008484E-23
4.10104990005493 0.184875324368477 0
4.10104990005493 0.184875324368477 7.21784782409668
0 1 -7.69081767967608E-18
-4.10104990005493 0.184875324368477 7.21784782409668
-4.26509189605713 0.184875324368477 7.54593181610107
4.10104990005493 0.184875324368477 7.21784782409668
0 1 -7.69081767967608E-18
-4.26509189605713 0.184875324368477 7.54593181610107
-4.10104990005493 0.184875324368477 7.21784782409668
-4.26509189605713 0.184875324368477 1.32348898008484E-23
0 1 -7.69081767967608E-18
4.10104990005493 0.184875324368477 7.21784782409668
4.26509189605713 0.184875324368477 7.54593181610107
4.26509189605713 0.184875324368477 1.32348898008484E-23
0 1 -7.69081767967608E-18
4.26509189605713 0.184875324368477 7.54593181610107
4.10104990005493 0.184875324368477 7.21784782409668
-4.26509189605713 0.184875324368477 7.54593181610107
0 1 -7.69081767967608E-18
4.26509189605713 0.184875324368477 0
4.26509189605713 0.184875324368477 7.54593181610107
4.26509189605713 -0.307250648736954 7.54593181610107
1 0 1.20318569922044E-16
4.26509189605713 -0.307250648736954 7.54593181610107
4.26509189605713 -0.307250648736954 0
4.26509189605713 0.184875324368477 0
1 0 1.20318569922044E-16
4.10104990005493 -0.307250648736954 1.20584552220051E-23
4.26509189605713 -0.307250648736954 1.32348898008484E-23
4.10104990005493 -0.307250648736954 7.21784782409668
0 -1 0
-4.26509189605713 -0.307250648736954 1.82347391275153E-23
-4.10104990005493 -0.307250648736954 3.26460619294853E-23
-4.10104990005493 -0.307250648736954 7.21784782409668
0 -1 0
4.10104990005493 -0.307250648736954 7.21784782409668
4.26509189605713 -0.307250648736954 7.54593181610107
-4.10104990005493 -0.307250648736954 7.21784782409668
0 -1 0
4.26509189605713 -0.307250648736954 7.54593181610107
4.10104990005493 -0.307250648736954 7.21784782409668
4.26509189605713 -0.307250648736954 1.32348898008484E-23
0 -1 0
-4.10104990005493 -0.307250648736954 7.21784782409668
-4.26509189605713 -0.307250648736954 7.54593181610107
-4.26509189605713 -0.307250648736954 1.82347391275153E-23
0 -1 0
-4.26509189605713 -0.307250648736954 7.54593181610107
-4.10104990005493 -0.307250648736954 7.21784782409668
4.26509189605713 -0.307250648736954 7.54593181610107
0 -1 0
4.10104990005493 -0.307250648736954 7.21784782409668
-4.10104990005493 -0.307250648736954 7.21784782409668
-4.10104990005493 0.184875324368477 7.21784782409668
0 0 -1
-4.10104990005493 0.184875324368477 7.21784782409668
4.10104990005493 0.184875324368477 7.21784782409668
4.10104990005493 -0.307250648736954 7.21784782409668
0 0 -1
-4.10104990005493 0.184875324368477 0
-4.10104990005493 -0.307250648736954 0
-4.26509189605713 -0.307250648736954 0
0 0 -1
-4.26509189605713 -0.307250648736954 0
-4.26509189605713 0.184875324368477 0
-4.10104990005493 0.184875324368477 0
0 0 -1
-4.10104990005493 0.184875324368477 7.21784782409668
-4.10104990005493 -0.307250648736954 7.21784782409668
-4.10104990005493 -0.307250648736954 0
1 0 0
-4.10104990005493 -0.307250648736954 0
-4.10104990005493 0.184875324368477 0
-4.10104990005493 0.184875324368477 7.21784782409668
1 0 0
-4.26509189605713 0.184875324368477 0
-4.26509189605713 -0.307250648736954 0
-4.26509189605713 -0.307250648736954 7.54593181610107
-1 0 0
-4.26509189605713 -0.307250648736954 7.54593181610107
-4.26509189605713 0.184875324368477 7.54593181610107
-4.26509189605713 0.184875324368477 0
-1 0 0
4.26509189605713 0.184875324368477 7.54593181610107
-4.26509189605713 0.184875324368477 7.54593181610107
-4.26509189605713 -0.307250648736954 7.54593181610107
0 0 1
-4.26509189605713 -0.307250648736954 7.54593181610107
4.26509189605713 -0.307250648736954 7.54593181610107
4.26509189605713 0.184875324368477 7.54593181610107
0 0 1
4.10104990005493 0.0372375324368477 7.21784782409668
0.00520833348855376 0.0372375324368477 7.21784782409668
4.10104990005493 0.0372375324368477 -3.19744231092045E-14
0 -1 0
0.00520833348855376 0.0372375324368477 -3.19744231092045E-14
4.10104990005493 0.0372375324368477 -3.19744231092045E-14
0.00520833348855376 0.0372375324368477 7.21784782409668
0 -1 0
-0.00520833348855376 0.0372375324368477 7.21784782409668
-4.10104990005493 0.0372375324368477 7.21784782409668
-0.00520833348855376 0.0372375324368477 -3.19744231092045E-14
0 -1 0
-4.10104990005493 0.0372375324368477 -3.19744231092045E-14
-0.00520833348855376 0.0372375324368477 -3.19744231092045E-14
-4.10104990005493 0.0372375324368477 7.21784782409668
0 -1 0
4.10104990005493 0.184875324368477 -3.19744231092045E-14
0.00520833348855376 0.184875324368477 -3.19744231092045E-14
4.10104990005493 0.184875324368477 7.21784782409668
0 1 0
0.00520833348855376 0.184875324368477 7.21784782409668
4.10104990005493 0.184875324368477 7.21784782409668
0.00520833348855376 0.184875324368477 -3.19744231092045E-14
0 1 0
-0.00520833348855376 0.184875324368477 -3.19744231092045E-14
-4.10104990005493 0.184875324368477 -3.19744231092045E-14
-0.00520833348855376 0.184875324368477 7.21784782409668
0 1 0
-4.10104990005493 0.184875324368477 7.21784782409668
-0.00520833348855376 0.184875324368477 7.21784782409668
-4.10104990005493 0.184875324368477 -3.19744231092045E-14
0 1 0
0.00520833348855376 0.0372375324368477 7.21784782409668
0.00520833348855376 0.184875324368477 7.21784782409668
0.00520833348855376 0.184875324368477 -3.19744231092045E-14
-1 0 4.20591591857284E-18
0.00520833348855376 0.184875324368477 -3.19744231092045E-14
0.00520833348855376 0.0372375324368477 -3.19744231092045E-14
0.00520833348855376 0.0372375324368477 7.21784782409668
-1 0 4.20591591857284E-18
0.00520833348855376 0.0372375324368477 -3.19744231092045E-14
0.00520833348855376 0.184875324368477 -3.19744231092045E-14
4.10104990005493 0.184875324368477 -3.24185123190546E-14
-1.08424411932994E-16 0 -1
4.10104990005493 0.184875324368477 -3.24185123190546E-14
4.10104990005493 0.0372375324368477 -3.24185123190546E-14
0.00520833348855376 0.0372375324368477 -3.19744231092045E-14
-1.08424411932994E-16 0 -1
4.10104990005493 0.0372375324368477 -3.19744231092045E-14
4.10104990005493 0.184875324368477 -3.19744231092045E-14
4.10104990005493 0.184875324368477 7.21784782409668
1 0 0
4.10104990005493 0.184875324368477 7.21784782409668
4.10104990005493 0.0372375324368477 7.21784782409668
4.10104990005493 0.0372375324368477 -3.19744231092045E-14
1 0 0
4.10104990005493 0.0372375324368477 7.21784782409668
4.10104990005493 0.184875324368477 7.21784782409668
0.00520833348855376 0.184875324368477 7.21784782409668
0 0 1
0.00520833348855376 0.184875324368477 7.21784782409668
0.00520833348855376 0.0372375324368477 7.21784782409668
4.10104990005493 0.0372375324368477 7.21784782409668
0 0 1
-0.00520833348855376 0.0372375324368477 -3.19744231092045E-14
-0.00520833348855376 0.184875324368477 -3.19744231092045E-14
-0.00520833348855376 0.184875324368477 7.21784782409668
1 0 -4.8548286602955E-17
-0.00520833348855376 0.184875324368477 7.21784782409668
-0.00520833348855376 0.0372375324368477 7.21784782409668
-0.00520833348855376 0.0372375324368477 -3.19744231092045E-14
1 0 -4.8548286602955E-17
-0.00520833348855376 0.0372375324368477 7.21784782409668
-0.00520833348855376 0.184875324368477 7.21784782409668
-4.10104990005493 0.184875324368477 7.21784782409668
0 0 1
-4.10104990005493 0.184875324368477 7.21784782409668
-4.10104990005493 0.0372375324368477 7.21784782409668
-0.00520833348855376 0.0372375324368477 7.21784782409668
0 0 1
-4.10104990005493 0.0372375324368477 7.21784782409668
-4.10104990005493 0.184875324368477 7.21784782409668
-4.10104990005493 0.184875324368477 -3.19744231092045E-14
-1 0 0
-4.10104990005493 0.184875324368477 -3.19744231092045E-14
-4.10104990005493 0.0372375324368477 -3.19744231092045E-14
-4.10104990005493 0.0372375324368477 7.21784782409668
-1 0 0
-4.10104990005493 0.0372375324368477 -3.19744231092045E-14
-4.10104990005493 0.184875324368477 -3.19744231092045E-14
-0.00520833348855376 0.184875324368477 -3.24185123190546E-14
-1.08424411932994E-16 0 -1
-0.00520833348855376 0.184875324368477 -3.24185123190546E-14
-0.00520833348855376 0.0372375324368477 -3.24185123190546E-14
-4.10104990005493 0.0372375324368477 -3.19744231092045E-14
-1.08424411932994E-16 0 -1
[HEADER]
422922,M_Door-Passage-Single-Two_Lite,550
344.361689471723 128.498457003219 -11.8110236220472
1
-1 3.18524774704407E-15 0
-3.18524774704407E-15 -1 0
0 0 1
1.64041996002197 -0.225229665637016 1.77635683940025E-15
1.47637796401978 0.103633530437946 1.77635683940025E-15
1.64041996002197 0.266896337270737 1.77635683940025E-15
0 0 -1
1.47637796401978 0.266896337270737 1.77635683940025E-15
1.64041996002197 0.266896337270737 1.77635683940025E-15
1.47637796401978 0.103633530437946 1.77635683940025E-15
0 0 -1
1.47637796401978 0.103633530437946 1.77635683940025E-15
1.47637796401978 -0.0637713223695755 1.77635683940025E-15
1.42429459095001 0.103633530437946 1.77635683940025E-15
0 0 -1
1.47637796401978 0.103633530437946 1.77635683940025E-15
1.64041996002197 -0.225229665637016 1.77635683940025E-15
1.47637796401978 -0.0637713223695755 1.77635683940025E-15
0 0 -1
1.47637796401978 -0.225229665637016 1.77635683940025E-15
1.47637796401978 -0.0637713223695755 1.77635683940025E-15
1.64041996002197 -0.225229665637016 1.77635683940025E-15
0 0 -1
1.42429459095001 0.103633530437946 1.77635683940025E-15
1.47637796401978 -0.0637713223695755 1.77635683940025E-15
1.42429459095001 -0.0637713223695755 1.77635683940025E-15
0 0 -1
1.47637796401978 0.103633530437946 0
1.47637796401978 0.103633530437946 6.88976383209229
1.47637796401978 0.266896337270737 6.88976383209229
-1 0 0
1.47637796401978 0.266896337270737 6.88976383209229
1.47637796401978 0.266896337270737 0
1.47637796401978 0.103633530437946 0
-1 0 0
-1.47637796401978 0.266896337270737 1.32348898008484E-23
-1.64041996002197 0.266896337270737 1.32348898008484E-23
-1.47637796401978 0.266896337270737 6.88976383209229
0 1 0
1.64041996002197 0.266896337270737 0
1.47637796401978 0.266896337270737 1.32348898008484E-23
1.47637796401978 0.266896337270737 6.88976383209229
0 1 0
-1.47637796401978 0.266896337270737 6.88976383209229
-1.64041996002197 0.266896337270737 7.21784782409668
1.47637796401978 0.266896337270737 6.88976383209229
0 1 0
-1.64041996002197 0.266896337270737 7.21784782409668
-1.47637796401978 0.266896337270737 6.88976383209229
-1.64041996002197 0.266896337270737 1.32348898008484E-23
0 1 0
1.47637796401978 0.266896337270737 6.88976383209229
1.64041996002197 0.266896337270737 7.21784782409668
1.64041996002197 0.266896337270737 0
0 1 0
1.64041996002197 0.266896337270737 7.21784782409668
1.47637796401978 0.266896337270737 6.88976383209229
-1.64041996002197 0.266896337270737 7.21784782409668
0 1 0
1.64041996002197 0.266896337270737 0
1.64041996002197 0.266896337270737 7.21784782409668
1.64041996002197 -0.225229665637016 7.21784782409668
1 0 3.14786956191393E-17
1.64041996002197 -0.225229665637016 7.21784782409668
1.64041996002197 -0.225229665637016 0
1.64041996002197 0.266896337270737 0
1 0 3.14786956191393E-17
1.47637796401978 -0.225229665637016 2.46230507005482E-24
1.64041996002197 -0.225229665637016 1.32348898008484E-23
1.47637796401978 -0.225229665637016 6.88976383209229
0 -1 7.86967390478482E-18
-1.64041996002197 -0.225229665637016 -3.693457407867E-24
-1.47637796401978 -0.225229665637016 -6.15576247792181E-24
-1.47637796401978 -0.225229665637016 6.88976383209229
0 -1 7.86967390478482E-18
1.47637796401978 -0.225229665637016 6.88976383209229
1.64041996002197 -0.225229665637016 7.21784782409668
-1.47637796401978 -0.225229665637016 6.88976383209229
0 -1 7.86967390478482E-18
1.64041996002197 -0.225229665637016 7.21784782409668
1.47637796401978 -0.225229665637016 6.88976383209229
1.64041996002197 -0.225229665637016 1.32348898008484E-23
0 -1 7.86967390478482E-18
-1.47637796401978 -0.225229665637016 6.88976383209229
-1.64041996002197 -0.225229665637016 7.21784782409668
-1.64041996002197 -0.225229665637016 -3.693457407867E-24
0 -1 7.86967390478482E-18
-1.64041996002197 -0.225229665637016 7.21784782409668
-1.47637796401978 -0.225229665637016 6.88976383209229
1.64041996002197 -0.225229665637016 7.21784782409668
0 -1 7.86967390478482E-18
1.47637796401978 -0.225229665637016 0
1.47637796401978 -0.225229665637016 6.88976383209229
1.47637796401978 -0.0637713223695755 6.88976383209229
-1 0 0
1.47637796401978 -0.0637713223695755 6.88976383209229
1.47637796401978 -0.0637713223695755 0
1.47637796401978 -0.225229665637016 0
-1 0 0
1.42429459095001 -0.0637713223695755 0
1.47637796401978 -0.0637713223695755 0
1.42429459095001 -0.0637713223695755 6.83768033981323
0 -1 4.02852354649699E-18
-1.47637796401978 -0.0637713223695755 1.32348898008484E-23
-1.42429459095001 -0.0637713223695755 -1.32348898008484E-23
-1.42429459095001 -0.0637713223695755 6.83768033981323
0 -1 4.02852354649699E-18
1.42429459095001 -0.0637713223695755 6.83768033981323
1.47637796401978 -0.0637713223695755 6.88976383209229
-1.42429459095001 -0.0637713223695755 6.83768033981323
0 -1 4.02852354649699E-18
1.47637796401978 -0.0637713223695755 6.88976383209229
1.42429459095001 -0.0637713223695755 6.83768033981323
1.47637796401978 -0.0637713223695755 0
0 -1 4.02852354649699E-18
-1.42429459095001 -0.0637713223695755 6.83768033981323
-1.47637796401978 -0.0637713223695755 6.88976383209229
-1.47637796401978 -0.0637713223695755 1.32348898008484E-23
0 -1 4.02852354649699E-18
-1.47637796401978 -0.0637713223695755 6.88976383209229
-1.42429459095001 -0.0637713223695755 6.83768033981323
1.47637796401978 -0.0637713223695755 6.88976383209229
0 -1 4.02852354649699E-18
1.42429459095001 -0.0637713223695755 0
1.42429459095001 -0.0637713223695755 6.83768033981323
1.42429459095001 0.103633530437946 6.83768033981323
-1 0 0
1.42429459095001 0.103633530437946 6.83768033981323
1.42429459095001 0.103633530437946 0
1.42429459095001 -0.0637713223695755 0
-1 0 0
-1.42429459095001 0.103633530437946 0
-1.47637796401978 0.103633530437946 0
-1.42429459095001 0.103633530437946 6.83768033981323
0 1 0
1.47637796401978 0.103633530437946 0
1.42429459095001 0.103633530437946 -1.32348898008484E-23
1.42429459095001 0.103633530437946 6.83768033981323
0 1 0
-1.42429459095001 0.103633530437946 6.83768033981323
-1.47637796401978 0.103633530437946 6.88976383209229
1.42429459095001 0.103633530437946 6.83768033981323
0 1 0
-1.47637796401978 0.103633530437946 6.88976383209229
-1.42429459095001 0.103633530437946 6.83768033981323
-1.47637796401978 0.103633530437946 0
0 1 0
1.42429459095001 0.103633530437946 6.83768033981323
1.47637796401978 0.103633530437946 6.88976383209229
1.47637796401978 0.103633530437946 0
0 1 0
1.47637796401978 0.103633530437946 6.88976383209229
1.42429459095001 0.103633530437946 6.83768033981323
-1.47637796401978 0.103633530437946 6.88976383209229
0 1 0
1.47637796401978 0.103633530437946 6.88976383209229
-1.47637796401978 0.103633530437946 6.88976383209229
-1.47637796401978 0.266896337270737 6.88976383209229
0 0 -1
-1.47637796401978 0.266896337270737 6.88976383209229
1.47637796401978 0.266896337270737 6.88976383209229
1.47637796401978 0.103633530437946 6.88976383209229
0 0 -1
-1.47637796401978 -0.225229665637016 6.88976383209229
-1.47637796401978 -0.0637713223695755 6.88976383209229
1.47637796401978 -0.0637713223695755 6.88976383209229
0 0 -1
1.47637796401978 -0.0637713223695755 6.88976383209229
1.47637796401978 -0.225229665637016 6.88976383209229
-1.47637796401978 -0.225229665637016 6.88976383209229
0 0 -1
-1.42429459095001 -0.0637713223695755 6.83768033981323
-1.42429459095001 0.103633530437946 6.83768033981323
1.42429459095001 0.103633530437946 6.83768033981323
0 0 -1
1.42429459095001 0.103633530437946 6.83768033981323
1.42429459095001 -0.0637713223695755 6.83768033981323
-1.42429459095001 -0.0637713223695755 6.83768033981323
0 0 -1
-1.64041996002197 0.266896337270737 0
-1.47637796401978 0.103633530437946 0
-1.64041996002197 -0.225229665637016 0
0 0 -1
-1.47637796401978 0.103633530437946 0
-1.64041996002197 0.266896337270737 0
-1.47637796401978 0.266896337270737 0
0 0 -1
-1.42429459095001 0.103633530437946 0
-1.47637796401978 -0.0637713223695755 0
-1.47637796401978 0.103633530437946 0
0 0 -1
-1.47637796401978 -0.0637713223695755 0
-1.64041996002197 -0.225229665637016 0
-1.47637796401978 0.103633530437946 0
0 0 -1
-1.64041996002197 -0.225229665637016 0
-1.47637796401978 -0.0637713223695755 0
-1.47637796401978 -0.225229665637016 0
0 0 -1
-1.42429459095001 -0.0637713223695755 0
-1.47637796401978 -0.0637713223695755 0
-1.42429459095001 0.103633530437946 0
0 0 -1
-1.47637796401978 0.266896337270737 6.88976383209229
-1.47637796401978 0.103633530437946 6.88976383209229
-1.47637796401978 0.103633530437946 0
1 0 -3.22281883719759E-17
-1.47637796401978 0.103633530437946 0
-1.47637796401978 0.266896337270737 0
-1.47637796401978 0.266896337270737 6.88976383209229
1 0 -3.22281883719759E-17
-1.64041996002197 0.266896337270737 0
-1.64041996002197 -0.225229665637016 0
-1.64041996002197 -0.225229665637016 7.21784782409668
-1 0 -3.14786956191393E-17
-1.64041996002197 -0.225229665637016 7.21784782409668
-1.64041996002197 0.266896337270737 7.21784782409668
-1.64041996002197 0.266896337270737 0
-1 0 -3.14786956191393E-17
-1.47637796401978 -0.225229665637016 0
-1.47637796401978 -0.0637713223695755 0
-1.47637796401978 -0.0637713223695755 6.88976383209229
1 0 -3.22281883719759E-17
-1.47637796401978 -0.0637713223695755 6.88976383209229
-1.47637796401978 -0.225229665637016 6.88976383209229
-1.47637796401978 -0.225229665637016 0
1 0 -3.22281883719759E-17
-1.42429459095001 -0.0637713223695755 0
-1.42429459095001 0.103633530437946 0
-1.42429459095001 0.103633530437946 6.83768033981323
1 0 -3.24736738828763E-17
-1.42429459095001 0.103633530437946 6.83768033981323
-1.42429459095001 -0.0637713223695755 6.83768033981323
-1.42429459095001 -0.0637713223695755 0
1 0 -3.24736738828763E-17
1.64041996002197 0.266896337270737 7.21784782409668
-1.64041996002197 0.266896337270737 7.21784782409668
-1.64041996002197 -0.225229665637016 7.21784782409668
0 0 1
-1.64041996002197 -0.225229665637016 7.21784782409668
1.64041996002197 -0.225229665637016 7.21784782409668
1.64041996002197 0.266896337270737 7.21784782409668
0 0 1
-1.47637796401978 0.119258530437946 6.88976383209229
-0.976377964019775 0.119258530437946 3.59333992004395
-0.976377964019775 0.119258530437946 6.38976383209229
0 -1 0
-0.976377964019775 0.119258530437946 3.59333992004395
-1.47637796401978 0.119258530437946 6.88976383209229
-1.47637796401978 0.119258530437946 -3.19744231092045E-14
0 -1 0
-1.47637796401978 0.119258530437946 6.88976383209229
-0.976377964019775 0.119258530437946 6.38976383209229
0.976377964019775 0.119258530437946 6.38976383209229
0 -1 0
1.47637796401978 0.119258530437946 6.88976383209229
0.976377964019775 0.119258530437946 6.38976383209229
0.976377964019775 0.119258530437946 3.59333992004395
0 -1 0
0.976377964019775 0.119258530437946 6.38976383209229
1.47637796401978 0.119258530437946 6.88976383209229
-1.47637796401978 0.119258530437946 6.88976383209229
0 -1 0
1.47637796401978 0.119258530437946 6.88976383209229
0.976377964019775 0.119258530437946 3.59333992004395
1.47637796401978 0.119258530437946 -3.19744231092045E-14
0 -1 0
-0.976377964019775 0.119258530437946 3.59333992004395
0.976377964019775 0.119258530437946 2.96833992004395
0.976377964019775 0.119258530437946 3.59333992004395
0 -1 0
-0.976377964019775 0.119258530437946 2.96833992004395
-1.47637796401978 0.119258530437946 -3.19744231092045E-14
-0.976377964019775 0.119258530437946 0.833333313465118
0 -1 0
-1.47637796401978 0.119258530437946 -3.19744231092045E-14
-0.976377964019775 0.119258530437946 2.96833992004395
-0.976377964019775 0.119258530437946 3.59333992004395
0 -1 0
-0.976377964019775 0.119258530437946 0.833333313465118
-1.47637796401978 0.119258530437946 -3.19744231092045E-14
0.976377964019775 0.119258530437946 0.833333313465118
0 -1 0
0.976377964019775 0.119258530437946 2.96833992004395
0.976377964019775 0.119258530437946 0.833333313465118
1.47637796401978 0.119258530437946 -3.19744231092045E-14
0 -1 0
1.47637796401978 0.119258530437946 -3.19744231092045E-14
0.976377964019775 0.119258530437946 0.833333313465118
-1.47637796401978 0.119258530437946 -3.19744231092045E-14
0 -1 0
0.976377964019775 0.119258530437946 2.96833992004395
1.47637796401978 0.119258530437946 -3.19744231092045E-14
0.976377964019775 0.119258530437946 3.59333992004395
0 -1 0
-0.976377964019775 0.119258530437946 2.96833992004395
0.976377964019775 0.119258530437946 2.96833992004395
-0.976377964019775 0.119258530437946 3.59333992004395
0 -1 0
-1.47637796401978 0.266896337270737 -3.19744231092045E-14
-0.976377964019775 0.266896337270737 2.96833992004395
-0.976377964019775 0.266896337270737 0.833333313465118
0 1 0
-0.976377964019775 0.266896337270737 2.96833992004395
-1.47637796401978 0.266896337270737 -3.19744231092045E-14
-0.976377964019775 0.266896337270737 3.59333992004395
0 1 0
-1.47637796401978 0.266896337270737 -3.19744231092045E-14
-0.976377964019775 0.266896337270737 0.833333313465118
0.976377964019775 0.266896337270737 0.833333313465118
0 1 0
1.47637796401978 0.266896337270737 -3.19744231092045E-14
0.976377964019775 0.266896337270737 0.833333313465118
0.976377964019775 0.266896337270737 2.96833992004395
0 1 0
0.976377964019775 0.266896337270737 0.833333313465118
1.47637796401978 0.266896337270737 -3.19744231092045E-14
-1.47637796401978 0.266896337270737 -3.19744231092045E-14
0 1 0
1.47637796401978 0.266896337270737 -3.19744231092045E-14
0.976377964019775 0.266896337270737 2.96833992004395
0.976377964019775 0.266896337270737 3.59333992004395
0 1 0
-0.976377964019775 0.266896337270737 2.96833992004395
-0.976377964019775 0.266896337270737 3.59333992004395
0.976377964019775 0.266896337270737 2.96833992004395
0 1 0
-0.976377964019775 0.266896337270737 3.59333992004395
-1.47637796401978 0.266896337270737 6.88976383209229
-0.976377964019775 0.266896337270737 6.38976383209229
0 1 0
-1.47637796401978 0.266896337270737 6.88976383209229
-0.976377964019775 0.266896337270737 3.59333992004395
-1.47637796401978 0.266896337270737 -3.19744231092045E-14
0 1 0
-0.976377964019775 0.266896337270737 6.38976383209229
-1.47637796401978 0.266896337270737 6.88976383209229
0.976377964019775 0.266896337270737 6.38976383209229
0 1 0
0.976377964019775 0.266896337270737 3.59333992004395
0.976377964019775 0.266896337270737 6.38976383209229
1.47637796401978 0.266896337270737 6.88976383209229
0 1 0
1.47637796401978 0.266896337270737 6.88976383209229
0.976377964019775 0.266896337270737 6.38976383209229
-1.47637796401978 0.266896337270737 6.88976383209229
0 1 0
0.976377964019775 0.266896337270737 3.59333992004395
1.47637796401978 0.266896337270737 6.88976383209229
1.47637796401978 0.266896337270737 -3.19744231092045E-14
0 1 0
-0.976377964019775 0.266896337270737 3.59333992004395
0.976377964019775 0.266896337270737 3.59333992004395
0.976377964019775 0.266896337270737 2.96833992004395
0 1 0
-1.47637796401978 0.119258530437946 6.88976383209229
-1.47637796401978 0.266896337270737 6.88976383209229
-1.47637796401978 0.266896337270737 -3.19744231092045E-14
-1 0 0
-1.47637796401978 0.266896337270737 -3.19744231092045E-14
-1.47637796401978 0.119258530437946 -3.19744231092045E-14
-1.47637796401978 0.119258530437946 6.88976383209229
-1 0 0
-1.47637796401978 0.119258530437946 -3.19744231092045E-14
-1.47637796401978 0.266896337270737 -3.19744231092045E-14
1.47637796401978 0.266896337270737 -3.24185123190546E-14
-1.50398212402555E-16 0 -1
1.47637796401978 0.266896337270737 -3.24185123190546E-14
1.47637796401978 0.119258530437946 -3.24185123190546E-14
-1.47637796401978 0.119258530437946 -3.19744231092045E-14
-1.50398212402555E-16 0 -1
1.47637796401978 0.119258530437946 -3.19744231092045E-14
1.47637796401978 0.266896337270737 -3.19744231092045E-14
1.47637796401978 0.266896337270737 6.88976383209229
1 0 0
1.47637796401978 0.266896337270737 6.88976383209229
1.47637796401978 0.119258530437946 6.88976383209229
1.47637796401978 0.119258530437946 -3.19744231092045E-14
1 0 0
1.47637796401978 0.119258530437946 6.88976383209229
1.47637796401978 0.266896337270737 6.88976383209229
-1.47637796401978 0.266896337270737 6.88976383209229
0 0 1
-1.47637796401978 0.266896337270737 6.88976383209229
-1.47637796401978 0.119258530437946 6.88976383209229
1.47637796401978 0.119258530437946 6.88976383209229
0 0 1
-0.976377964019775 0.119258530437946 6.38976383209229
-0.976377964019775 0.266896337270737 6.38976383209229
0.976377964019775 0.266896337270737 6.38976383209229
0 0 -1
0.976377964019775 0.266896337270737 6.38976383209229
0.976377964019775 0.119258530437946 6.38976383209229
-0.976377964019775 0.119258530437946 6.38976383209229
0 0 -1
0.976377964019775 0.119258530437946 6.38976383209229
0.976377964019775 0.266896337270737 6.38976383209229
0.976377964019775 0.266896337270737 3.59333992004395
-1 0 0
0.976377964019775 0.266896337270737 3.59333992004395
0.976377964019775 0.119258530437946 3.59333992004395
0.976377964019775 0.119258530437946 6.38976383209229
-1 0 0
0.976377964019775 0.119258530437946 3.59333992004395
0.976377964019775 0.266896337270737 3.59333992004395
-0.976377964019775 0.266896337270737 3.59333992004395
0 0 1
-0.976377964019775 0.266896337270737 3.59333992004395
-0.976377964019775 0.119258530437946 3.59333992004395
0.976377964019775 0.119258530437946 3.59333992004395
0 0 1
-0.976377964019775 0.119258530437946 3.59333992004395
-0.976377964019775 0.266896337270737 3.59333992004395
-0.976377964019775 0.266896337270737 6.38976383209229
1 0 0
-0.976377964019775 0.266896337270737 6.38976383209229
-0.976377964019775 0.119258530437946 6.38976383209229
-0.976377964019775 0.119258530437946 3.59333992004395
1 0 0
-0.976377964019775 0.119258530437946 2.96833992004395
-0.976377964019775 0.266896337270737 2.96833992004395
0.976377964019775 0.266896337270737 2.96833992004395
0 0 -1
0.976377964019775 0.266896337270737 2.96833992004395
0.976377964019775 0.119258530437946 2.96833992004395
-0.976377964019775 0.119258530437946 2.96833992004395
0 0 -1
0.976377964019775 0.119258530437946 2.96833992004395
0.976377964019775 0.266896337270737 2.96833992004395
0.976377964019775 0.266896337270737 0.833333313465118
-1 0 0
0.976377964019775 0.266896337270737 0.833333313465118
0.976377964019775 0.119258530437946 0.833333313465118
0.976377964019775 0.119258530437946 2.96833992004395
-1 0 0
0.976377964019775 0.119258530437946 0.833333313465118
0.976377964019775 0.266896337270737 0.833333313465118
-0.976377964019775 0.266896337270737 0.833333313465118
0 0 1
-0.976377964019775 0.266896337270737 0.833333313465118
-0.976377964019775 0.119258530437946 0.833333313465118
0.976377964019775 0.119258530437946 0.833333313465118
0 0 1
-0.976377964019775 0.119258530437946 0.833333313465118
-0.976377964019775 0.266896337270737 0.833333313465118
-0.976377964019775 0.266896337270737 2.96833992004395
1 0 0
-0.976377964019775 0.266896337270737 2.96833992004395
-0.976377964019775 0.119258530437946 2.96833992004395
-0.976377964019775 0.119258530437946 0.833333313465118
1 0 0
0.976377964019775 0.184875324368477 6.38976383209229
-0.976377964019775 0.184875324368477 6.38976383209229
-0.976377964019775 0.184875324368477 3.59333992004395
-3.22945807855174E-15 -1 0
-0.976377964019775 0.184875324368477 3.59333992004395
0.976377964019775 0.184875324368477 3.59333992004395
0.976377964019775 0.184875324368477 6.38976383209229
-3.22945807855174E-15 -1 0
0.976377964019775 0.184875324368477 2.96833992004395
-0.976377964019775 0.184875324368477 2.96833992004395
-0.976377964019775 0.184875324368477 0.833333313465118
-3.22945807855174E-15 -1 0
-0.976377964019775 0.184875324368477 0.833333313465118
0.976377964019775 0.184875324368477 0.833333313465118
0.976377964019775 0.184875324368477 2.96833992004395
-3.22945807855174E-15 -1 0
0.976377964019775 0.201279520988464 3.59333992004395
-0.976377964019775 0.201279520988464 3.59333992004395
-0.976377964019775 0.201279520988464 6.38976383209229
3.22945807855174E-15 1 0
-0.976377964019775 0.201279520988464 6.38976383209229
0.976377964019775 0.201279520988464 6.38976383209229
0.976377964019775 0.201279520988464 3.59333992004395
3.22945807855174E-15 1 0
0.976377964019775 0.201279520988464 0.833333313465118
-0.976377964019775 0.201279520988464 0.833333313465118
-0.976377964019775 0.201279520988464 2.96833992004395
3.22945807855174E-15 1 0
-0.976377964019775 0.201279520988464 2.96833992004395
0.976377964019775 0.201279520988464 2.96833992004395
0.976377964019775 0.201279520988464 0.833333313465118
3.22945807855174E-15 1 0
-0.976377964019775 0.184875324368477 6.38976383209229
-0.976377964019775 0.201279520988464 6.38976383209229
-0.976377964019775 0.201279520988464 3.59333992004395
-1 0 0
-0.976377964019775 0.201279520988464 3.59333992004395
-0.976377964019775 0.184875324368477 3.59333992004395
-0.976377964019775 0.184875324368477 6.38976383209229
-1 0 0
-0.976377964019775 0.184875324368477 3.59333992004395
-0.976377964019775 0.201279520988464 3.59333992004395
0.976377964019775 0.201279520988464 3.59333992004395
0 0 -1
0.976377964019775 0.201279520988464 3.59333992004395
0.976377964019775 0.184875324368477 3.59333992004395
-0.976377964019775 0.184875324368477 3.59333992004395
0 0 -1
0.976377964019775 0.184875324368477 3.59333992004395
0.976377964019775 0.201279520988464 3.59333992004395
0.976377964019775 0.201279520988464 6.38976383209229
1 0 0
0.976377964019775 0.201279520988464 6.38976383209229
0.976377964019775 0.184875324368477 6.38976383209229
0.976377964019775 0.184875324368477 3.59333992004395
1 0 0
0.976377964019775 0.184875324368477 6.38976383209229
0.976377964019775 0.201279520988464 6.38976383209229
-0.976377964019775 0.201279520988464 6.38976383209229
0 0 1
-0.976377964019775 0.201279520988464 6.38976383209229
-0.976377964019775 0.184875324368477 6.38976383209229
0.976377964019775 0.184875324368477 6.38976383209229
0 0 1
-0.976377964019775 0.184875324368477 2.96833992004395
-0.976377964019775 0.201279520988464 2.96833992004395
-0.976377964019775 0.201279520988464 0.833333313465118
-1 0 0
-0.976377964019775 0.201279520988464 0.833333313465118
-0.976377964019775 0.184875324368477 0.833333313465118
-0.976377964019775 0.184875324368477 2.96833992004395
-1 0 0
-0.976377964019775 0.184875324368477 0.833333313465118
-0.976377964019775 0.201279520988464 0.833333313465118
0.976377964019775 0.201279520988464 0.833333313465118
0 0 -1
0.976377964019775 0.201279520988464 0.833333313465118
0.976377964019775 0.184875324368477 0.833333313465118
-0.976377964019775 0.184875324368477 0.833333313465118
0 0 -1
0.976377964019775 0.184875324368477 0.833333313465118
0.976377964019775 0.201279520988464 0.833333313465118
0.976377964019775 0.201279520988464 2.96833992004395
1 0 0
0.976377964019775 0.201279520988464 2.96833992004395
0.976377964019775 0.184875324368477 2.96833992004395
0.976377964019775 0.184875324368477 0.833333313465118
1 0 0
0.976377964019775 0.184875324368477 2.96833992004395
0.976377964019775 0.201279520988464 2.96833992004395
-0.976377964019775 0.201279520988464 2.96833992004395
0 0 1
-0.976377964019775 0.201279520988464 2.96833992004395
-0.976377964019775 0.184875324368477 2.96833992004395
0.976377964019775 0.184875324368477 2.96833992004395
0 0 1
[HEADER]
422946,M_Door-Passage-Single-Two_Lite,6
344.597475957639 102.924310020559 -11.8110236220472
1
-1 3.43594923676699E-15 0
-3.43594923676699E-15 -1 0
0 0 1
[HEADER]
423003,M_Door-Passage-Single-Two_Lite,6
360.208146165674 93.4098743260534 -11.8110236220472
1
-1 3.36750920273384E-15 0
-3.36750920273384E-15 -1 0
0 0 1
[HEADER]
423078,M_Door-Passage-Double-Flush-Dbl_Acting 4,214
366.441741966199 93.4098743260534 -11.8110236220472
1
-1 3.36750920273384E-15 0
-3.36750920273384E-15 -1 0
0 0 1
2.95275592803955 0.184875324368477 8.88178419700125E-16
3.11679792404175 0.184875324368477 8.88178419700125E-16
3.11679792404175 -0.307250648736954 8.88178419700125E-16
0 0 -1
3.11679792404175 -0.307250648736954 8.88178419700125E-16
2.95275592803955 -0.307250648736954 8.88178419700125E-16
2.95275592803955 0.184875324368477 8.88178419700125E-16
0 0 -1
2.95275592803955 -0.307250648736954 0
2.95275592803955 -0.307250648736954 6.88976383209229
2.95275592803955 0.184875324368477 6.88976383209229
-1 0 -6.44563767439519E-17
2.95275592803955 0.184875324368477 6.88976383209229
2.95275592803955 0.184875324368477 0
2.95275592803955 -0.307250648736954 0
-1 0 -6.44563767439519E-17
-2.95275592803955 0.184875324368477 3.78139764942877E-24
-3.11679792404175 0.184875324368477 3.1511646421189E-24
-2.95275592803955 0.184875324368477 6.88976383209229
0 1 -8.05704709299398E-18
3.11679792404175 0.184875324368477 -1.26046569907538E-23
2.95275592803955 0.184875324368477 -1.32348898008484E-23
2.95275592803955 0.184875324368477 6.88976383209229
0 1 -8.05704709299398E-18
-2.95275592803955 0.184875324368477 6.88976383209229
-3.11679792404175 0.184875324368477 7.21784782409668
2.95275592803955 0.184875324368477 6.88976383209229
0 1 -8.05704709299398E-18
-3.11679792404175 0.184875324368477 7.21784782409668
-2.95275592803955 0.184875324368477 6.88976383209229
-3.11679792404175 0.184875324368477 3.1511646421189E-24
0 1 -8.05704709299398E-18
2.95275592803955 0.184875324368477 6.88976383209229
3.11679792404175 0.184875324368477 7.21784782409668
3.11679792404175 0.184875324368477 -1.26046569907538E-23
0 1 -8.05704709299398E-18
3.11679792404175 0.184875324368477 7.21784782409668
2.95275592803955 0.184875324368477 6.88976383209229
-3.11679792404175 0.184875324368477 7.21784782409668
0 1 -8.05704709299398E-18
3.11679792404175 0.184875324368477 0
3.11679792404175 0.184875324368477 7.21784782409668
3.11679792404175 -0.307250648736954 7.21784782409668
1 0 0
3.11679792404175 -0.307250648736954 7.21784782409668
3.11679792404175 -0.307250648736954 0
3.11679792404175 0.184875324368477 0
1 0 0
2.95275592803955 -0.307250648736954 -1.32348898008484E-23
3.11679792404175 -0.307250648736954 0
2.95275592803955 -0.307250648736954 6.88976383209229
0 -1 0
-3.11679792404175 -0.307250648736954 0
-2.95275592803955 -0.307250648736954 1.32348898008484E-23
-2.95275592803955 -0.307250648736954 6.88976383209229
0 -1 0
2.95275592803955 -0.307250648736954 6.88976383209229
3.11679792404175 -0.307250648736954 7.21784782409668
-2.95275592803955 -0.307250648736954 6.88976383209229
0 -1 0
3.11679792404175 -0.307250648736954 7.21784782409668
2.95275592803955 -0.307250648736954 6.88976383209229
3.11679792404175 -0.307250648736954 0
0 -1 0
-2.95275592803955 -0.307250648736954 6.88976383209229
-3.11679792404175 -0.307250648736954 7.21784782409668
-3.11679792404175 -0.307250648736954 0
0 -1 0
-3.11679792404175 -0.307250648736954 7.21784782409668
-2.95275592803955 -0.307250648736954 6.88976383209229
3.11679792404175 -0.307250648736954 7.21784782409668
0 -1 0
2.95275592803955 -0.307250648736954 6.88976383209229
-2.95275592803955 -0.307250648736954 6.88976383209229
-2.95275592803955 0.184875324368477 6.88976383209229
0 0 -1
-2.95275592803955 0.184875324368477 6.88976383209229
2.95275592803955 0.184875324368477 6.88976383209229
2.95275592803955 -0.307250648736954 6.88976383209229
0 0 -1
-2.95275592803955 0.184875324368477 0
-2.95275592803955 -0.307250648736954 0
-3.11679792404175 -0.307250648736954 0
0 0 -1
-3.11679792404175 -0.307250648736954 0
-3.11679792404175 0.184875324368477 0
-2.95275592803955 0.184875324368477 0
0 0 -1
-2.95275592803955 0.184875324368477 6.88976383209229
-2.95275592803955 -0.307250648736954 6.88976383209229
-2.95275592803955 -0.307250648736954 0
1 0 0
-2.95275592803955 -0.307250648736954 0
-2.95275592803955 0.184875324368477 0
-2.95275592803955 0.184875324368477 6.88976383209229
1 0 0
-3.11679792404175 0.184875324368477 0
-3.11679792404175 -0.307250648736954 0
-3.11679792404175 -0.307250648736954 7.21784782409668
-1 0 0
-3.11679792404175 -0.307250648736954 7.21784782409668
-3.11679792404175 0.184875324368477 7.21784782409668
-3.11679792404175 0.184875324368477 0
-1 0 0
3.11679792404175 0.184875324368477 7.21784782409668
-3.11679792404175 0.184875324368477 7.21784782409668
-3.11679792404175 -0.307250648736954 7.21784782409668
0 0 1
-3.11679792404175 -0.307250648736954 7.21784782409668
3.11679792404175 -0.307250648736954 7.21784782409668
3.11679792404175 0.184875324368477 7.21784782409668
0 0 1
2.95275592803955 0.0372375324368477 6.88976383209229
0.00520833348855376 0.0372375324368477 6.88976383209229
2.95275592803955 0.0372375324368477 -3.28626015289046E-14
0 -1 0
0.00520833348855376 0.0372375324368477 -3.28626015289046E-14
2.95275592803955 0.0372375324368477 -3.28626015289046E-14
0.00520833348855376 0.0372375324368477 6.88976383209229
0 -1 0
-0.00520833348855376 0.0372375324368477 6.88976383209229
-2.95275592803955 0.0372375324368477 6.88976383209229
-0.00520833348855376 0.0372375324368477 -3.19744231092045E-14
0 -1 0
-2.95275592803955 0.0372375324368477 -3.19744231092045E-14
-0.00520833348855376 0.0372375324368477 -3.19744231092045E-14
-2.95275592803955 0.0372375324368477 6.88976383209229
0 -1 0
2.95275592803955 0.184875324368477 -3.28626015289046E-14
0.00520833348855376 0.184875324368477 -3.28626015289046E-14
0.00520833348855376 0.184875324368477 6.88976383209229
0 1 0
0.00520833348855376 0.184875324368477 6.88976383209229
2.95275592803955 0.184875324368477 6.88976383209229
2.95275592803955 0.184875324368477 -3.28626015289046E-14
0 1 0
-0.00520833348855376 0.184875324368477 -3.28626015289046E-14
-2.95275592803955 0.184875324368477 -3.19744231092045E-14
-0.00520833348855376 0.184875324368477 6.88976383209229
0 1 0
-2.95275592803955 0.184875324368477 6.88976383209229
-0.00520833348855376 0.184875324368477 6.88976383209229
-2.95275592803955 0.184875324368477 -3.19744231092045E-14
0 1 0
0.00520833348855376 0.0372375324368477 6.88976383209229
0.00520833348855376 0.184875324368477 6.88976383209229
0.00520833348855376 0.184875324368477 -3.28626015289046E-14
-1 0 4.40619762898106E-18
0.00520833348855376 0.184875324368477 -3.28626015289046E-14
0.00520833348855376 0.0372375324368477 -3.28626015289046E-14
0.00520833348855376 0.0372375324368477 6.88976383209229
-1 0 4.40619762898106E-18
0.00520833348855376 0.0372375324368477 -3.28626015289046E-14
0.00520833348855376 0.184875324368477 -3.28626015289046E-14
2.95275592803955 0.184875324368477 -3.24185123190546E-14
1.50663966899725E-16 0 -1
2.95275592803955 0.184875324368477 -3.24185123190546E-14
2.95275592803955 0.0372375324368477 -3.24185123190546E-14
0.00520833348855376 0.0372375324368477 -3.28626015289046E-14
1.50663966899725E-16 0 -1
2.95275592803955 0.0372375324368477 -3.28626015289046E-14
2.95275592803955 0.184875324368477 -3.28626015289046E-14
2.95275592803955 0.184875324368477 6.88976383209229
1 0 0
2.95275592803955 0.184875324368477 6.88976383209229
2.95275592803955 0.0372375324368477 6.88976383209229
2.95275592803955 0.0372375324368477 -3.28626015289046E-14
1 0 0
2.95275592803955 0.0372375324368477 6.88976383209229
2.95275592803955 0.184875324368477 6.88976383209229
0.00520833348855376 0.184875324368477 6.88976383209229
-3.0132793379945E-16 0 1
0.00520833348855376 0.184875324368477 6.88976383209229
0.00520833348855376 0.0372375324368477 6.88976383209229
2.95275592803955 0.0372375324368477 6.88976383209229
-3.0132793379945E-16 0 1
-0.00520833348855376 0.0372375324368477 -3.19744231092045E-14
-0.00520833348855376 0.184875324368477 -3.28626015289046E-14
-0.00520833348855376 0.184875324368477 6.88976383209229
1 0 1.35962669694273E-17
-0.00520833348855376 0.184875324368477 6.88976383209229
-0.00520833348855376 0.0372375324368477 6.88976383209229
-0.00520833348855376 0.0372375324368477 -3.19744231092045E-14
1 0 1.35962669694273E-17
-0.00520833348855376 0.0372375324368477 6.88976383209229
-0.00520833348855376 0.184875324368477 6.88976383209229
-2.95275592803955 0.184875324368477 6.88976383209229
0 0 1
-2.95275592803955 0.184875324368477 6.88976383209229
-2.95275592803955 0.0372375324368477 6.88976383209229
-0.00520833348855376 0.0372375324368477 6.88976383209229
0 0 1
-2.95275592803955 0.0372375324368477 6.88976383209229
-2.95275592803955 0.184875324368477 6.88976383209229
-2.95275592803955 0.184875324368477 -3.19744231092045E-14
-1 0 0
-2.95275592803955 0.184875324368477 -3.19744231092045E-14
-2.95275592803955 0.0372375324368477 -3.19744231092045E-14
-2.95275592803955 0.0372375324368477 6.88976383209229
-1 0 0
-2.95275592803955 0.0372375324368477 -3.19744231092045E-14
-2.95275592803955 0.184875324368477 -3.19744231092045E-14
-0.00520833348855376 0.184875324368477 -3.24185123190546E-14
-1.50663966899725E-16 0 -1
-0.00520833348855376 0.184875324368477 -3.24185123190546E-14
-0.00520833348855376 0.0372375324368477 -3.24185123190546E-14
-2.95275592803955 0.0372375324368477 -3.19744231092045E-14
-1.50663966899725E-16 0 -1
[HEADER]
423119,M_Door-Passage-Double-Flush-Dbl_Acting 2,6
391.882804674225 103.784874326054 -11.8110236220472
1
1 -3.29110731268877E-15 0
3.29110731268877E-15 1 0
0 0 1
[HEADER]
423697,1500 x 2100mm,342
385.737509681701 151.45990713342 -11.8110236220472
1
2.97439898176386E-15 1 0
-1 2.97439898176386E-15 0
0 0 1
0.497375339269638 0.0372375324368477 -3.28626015289046E-14
2.46062994003296 0.0372375324368477 -3.28626015289046E-14
2.46062994003296 0.0372375324368477 6.88976383209229
0 -1 0
2.46062994003296 0.0372375324368477 6.88976383209229
0.497375339269638 0.0372375324368477 6.88976383209229
0.497375339269638 0.0372375324368477 -3.28626015289046E-14
0 -1 0
2.46062994003296 0.184875324368477 6.88976383209229
2.46062994003296 0.184875324368477 -3.28626015289046E-14
0.497375339269638 0.184875324368477 -3.28626015289046E-14
0 1 0
0.497375339269638 0.184875324368477 -3.28626015289046E-14
0.497375339269638 0.184875324368477 6.88976383209229
2.46062994003296 0.184875324368477 6.88976383209229
0 1 0
0.497375339269638 0.0372375324368477 6.88976383209229
0.497375339269638 0.184875324368477 6.88976383209229
0.497375339269638 0.184875324368477 -3.28626015289046E-14
-1 0 1.61140941859879E-17
0.497375339269638 0.184875324368477 -3.28626015289046E-14
0.497375339269638 0.0372375324368477 -3.28626015289046E-14
0.497375339269638 0.0372375324368477 6.88976383209229
-1 0 1.61140941859879E-17
0.497375339269638 0.0372375324368477 -3.28626015289046E-14
0.497375339269638 0.184875324368477 -3.28626015289046E-14
2.46062994003296 0.184875324368477 -3.24185123190546E-14
2.26200519990474E-16 0 -1
2.46062994003296 0.184875324368477 -3.24185123190546E-14
2.46062994003296 0.0372375324368477 -3.24185123190546E-14
0.497375339269638 0.0372375324368477 -3.28626015289046E-14
2.26200519990474E-16 0 -1
2.46062994003296 0.0372375324368477 -3.28626015289046E-14
2.46062994003296 0.184875324368477 -3.28626015289046E-14
2.46062994003296 0.184875324368477 6.88976383209229
1 0 0
2.46062994003296 0.184875324368477 6.88976383209229
2.46062994003296 0.0372375324368477 6.88976383209229
2.46062994003296 0.0372375324368477 -3.28626015289046E-14
1 0 0
2.46062994003296 0.0372375324368477 6.88976383209229
2.46062994003296 0.184875324368477 6.88976383209229
0.497375339269638 0.184875324368477 6.88976383209229
-4.52401039980948E-16 0 1
0.497375339269638 0.184875324368477 6.88976383209229
0.497375339269638 0.0372375324368477 6.88976383209229
2.46062994003296 0.0372375324368477 6.88976383209229
-4.52401039980948E-16 0 1
2.62467193603516 -0.307250648736954 0
2.46062994003296 0.0216125324368477 0
2.62467193603516 0.184875324368477 0
0 0 -1
2.46062994003296 0.184875324368477 0
2.62467193603516 0.184875324368477 0
2.46062994003296 0.0216125324368477 0
0 0 -1
2.46062994003296 0.0216125324368477 0
2.46062994003296 -0.145792320370674 0
2.40854668617249 0.0216125324368477 0
0 0 -1
2.46062994003296 0.0216125324368477 0
2.62467193603516 -0.307250648736954 0
2.46062994003296 -0.145792320370674 0
0 0 -1
2.46062994003296 -0.307250648736954 0
2.46062994003296 -0.145792320370674 0
2.62467193603516 -0.307250648736954 0
0 0 -1
2.40854668617249 0.0216125324368477 0
2.46062994003296 -0.145792320370674 0
2.40854668617249 -0.145792320370674 0
0 0 -1
2.46062994003296 0.0216125324368477 0
2.46062994003296 0.0216125324368477 6.88976383209229
2.46062994003296 0.184875324368477 6.88976383209229
-1 0 0
2.46062994003296 0.184875324368477 6.88976383209229
2.46062994003296 0.184875324368477 0
2.46062994003296 0.0216125324368477 0
-1 0 0
-2.46062994003296 0.184875324368477 -2.64697796016969E-23
-2.62467193603516 0.184875324368477 1.32348898008484E-23
-2.46062994003296 0.184875324368477 6.88976383209229
0 1 -8.05704709299399E-18
2.62467193603516 0.184875324368477 0
2.46062994003296 0.184875324368477 1.32348898008484E-23
2.46062994003296 0.184875324368477 6.88976383209229
0 1 -8.05704709299399E-18
-2.46062994003296 0.184875324368477 6.88976383209229
-2.62467193603516 0.184875324368477 7.21784782409668
2.46062994003296 0.184875324368477 6.88976383209229
0 1 -8.05704709299399E-18
-2.62467193603516 0.184875324368477 7.21784782409668
-2.46062994003296 0.184875324368477 6.88976383209229
-2.62467193603516 0.184875324368477 1.32348898008484E-23
0 1 -8.05704709299399E-18
2.46062994003296 0.184875324368477 6.88976383209229
2.62467193603516 0.184875324368477 7.21784782409668
2.62467193603516 0.184875324368477 0
0 1 -8.05704709299399E-18
2.62467193603516 0.184875324368477 7.21784782409668
2.46062994003296 0.184875324368477 6.88976383209229
-2.62467193603516 0.184875324368477 7.21784782409668
0 1 -8.05704709299399E-18
2.62467193603516 0.184875324368477 0
2.62467193603516 0.184875324368477 7.21784782409668
2.62467193603516 -0.307250648736954 7.21784782409668
1 0 0
2.62467193603516 -0.307250648736954 7.21784782409668
2.62467193603516 -0.307250648736954 0
2.62467193603516 0.184875324368477 0
1 0 0
2.46062994003296 -0.307250648736954 0
2.62467193603516 -0.307250648736954 -1.32348898008484E-23
2.46062994003296 -0.307250648736954 6.88976383209229
0 -1 7.86967390478482E-18
-2.62467193603516 -0.307250648736954 -1.32348898008484E-23
-2.46062994003296 -0.307250648736954 0
-2.46062994003296 -0.307250648736954 6.88976383209229
0 -1 7.86967390478482E-18
2.46062994003296 -0.307250648736954 6.88976383209229
2.62467193603516 -0.307250648736954 7.21784782409668
-2.46062994003296 -0.307250648736954 6.88976383209229
0 -1 7.86967390478482E-18
2.62467193603516 -0.307250648736954 7.21784782409668
2.46062994003296 -0.307250648736954 6.88976383209229
2.62467193603516 -0.307250648736954 -1.32348898008484E-23
0 -1 7.86967390478482E-18
-2.46062994003296 -0.307250648736954 6.88976383209229
-2.62467193603516 -0.307250648736954 7.21784782409668
-2.62467193603516 -0.307250648736954 -1.32348898008484E-23
0 -1 7.86967390478482E-18
-2.62467193603516 -0.307250648736954 7.21784782409668
-2.46062994003296 -0.307250648736954 6.88976383209229
2.62467193603516 -0.307250648736954 7.21784782409668
0 -1 7.86967390478482E-18
2.46062994003296 -0.307250648736954 0
2.46062994003296 -0.307250648736954 6.88976383209229
2.46062994003296 -0.145792320370674 6.88976383209229
-1 0 0
2.46062994003296 -0.145792320370674 6.88976383209229
2.46062994003296 -0.145792320370674 0
2.46062994003296 -0.307250648736954 0
-1 0 0
2.40854668617249 -0.145792320370674 -1.32348898008484E-23
2.46062994003296 -0.145792320370674 1.32348898008484E-23
2.40854668617249 -0.145792320370674 6.83768033981323
0 -1 -1.6114094185988E-17
-2.46062994003296 -0.145792320370674 0
-2.40854668617249 -0.145792320370674 -1.32348898008484E-23
-2.40854668617249 -0.145792320370674 6.83768033981323
0 -1 -1.6114094185988E-17
2.40854668617249 -0.145792320370674 6.83768033981323
2.46062994003296 -0.145792320370674 6.88976383209229
-2.40854668617249 -0.145792320370674 6.83768033981323
0 -1 -1.6114094185988E-17
2.46062994003296 -0.145792320370674 6.88976383209229
2.40854668617249 -0.145792320370674 6.83768033981323
2.46062994003296 -0.145792320370674 1.32348898008484E-23
0 -1 -1.6114094185988E-17
-2.40854668617249 -0.145792320370674 6.83768033981323
-2.46062994003296 -0.145792320370674 6.88976383209229
-2.46062994003296 -0.145792320370674 0
0 -1 -1.6114094185988E-17
-2.46062994003296 -0.145792320370674 6.88976383209229
-2.40854668617249 -0.145792320370674 6.83768033981323
2.46062994003296 -0.145792320370674 6.88976383209229
0 -1 -1.6114094185988E-17
2.40854668617249 -0.145792320370674 0
2.40854668617249 -0.145792320370674 6.83768033981323
2.40854668617249 0.0216125324368477 6.83768033981323
-1 0 0
2.40854668617249 0.0216125324368477 6.83768033981323
2.40854668617249 0.0216125324368477 0
2.40854668617249 -0.145792320370674 0
-1 0 0
-2.40854668617249 0.0216125324368477 0
-2.46062994003296 0.0216125324368477 -1.32348898008484E-23
-2.40854668617249 0.0216125324368477 6.83768033981323
0 1 -8.11841847071906E-18
2.46062994003296 0.0216125324368477 -1.32348898008484E-23
2.40854668617249 0.0216125324368477 0
2.40854668617249 0.0216125324368477 6.83768033981323
0 1 -8.11841847071906E-18
-2.40854668617249 0.0216125324368477 6.83768033981323
-2.46062994003296 0.0216125324368477 6.88976383209229
2.40854668617249 0.0216125324368477 6.83768033981323
0 1 -8.11841847071906E-18
-2.46062994003296 0.0216125324368477 6.88976383209229
-2.40854668617249 0.0216125324368477 6.83768033981323
-2.46062994003296 0.0216125324368477 -1.32348898008484E-23
0 1 -8.11841847071906E-18
2.40854668617249 0.0216125324368477 6.83768033981323
2.46062994003296 0.0216125324368477 6.88976383209229
2.46062994003296 0.0216125324368477 -1.32348898008484E-23
0 1 -8.11841847071906E-18
2.46062994003296 0.0216125324368477 6.88976383209229
2.40854668617249 0.0216125324368477 6.83768033981323
-2.46062994003296 0.0216125324368477 6.88976383209229
0 1 -8.11841847071906E-18
2.46062994003296 0.0216125324368477 6.88976383209229
-2.46062994003296 0.0216125324368477 6.88976383209229
-2.46062994003296 0.184875324368477 6.88976383209229
0 0 -1
-2.46062994003296 0.184875324368477 6.88976383209229
2.46062994003296 0.184875324368477 6.88976383209229
2.46062994003296 0.0216125324368477 6.88976383209229
0 0 -1
-2.46062994003296 -0.307250648736954 6.88976383209229
-2.46062994003296 -0.145792320370674 6.88976383209229
2.46062994003296 -0.145792320370674 6.88976383209229
0 0 -1
2.46062994003296 -0.145792320370674 6.88976383209229
2.46062994003296 -0.307250648736954 6.88976383209229
-2.46062994003296 -0.307250648736954 6.88976383209229
0 0 -1
-2.40854668617249 -0.145792320370674 6.83768033981323
-2.40854668617249 0.0216125324368477 6.83768033981323
2.40854668617249 0.0216125324368477 6.83768033981323
0 0 -1
2.40854668617249 0.0216125324368477 6.83768033981323
2.40854668617249 -0.145792320370674 6.83768033981323
-2.40854668617249 -0.145792320370674 6.83768033981323
0 0 -1
-2.62467193603516 0.184875324368477 0
-2.46062994003296 0.0216125324368477 0
-2.62467193603516 -0.307250648736954 0
0 0 -1
-2.46062994003296 0.0216125324368477 0
-2.62467193603516 0.184875324368477 0
-2.46062994003296 0.184875324368477 0
0 0 -1
-2.40854668617249 0.0216125324368477 0
-2.46062994003296 -0.145792320370674 0
-2.46062994003296 0.0216125324368477 0
0 0 -1
-2.46062994003296 -0.145792320370674 0
-2.62467193603516 -0.307250648736954 0
-2.46062994003296 0.0216125324368477 0
0 0 -1
-2.62467193603516 -0.307250648736954 0
-2.46062994003296 -0.145792320370674 0
-2.46062994003296 -0.307250648736954 0
0 0 -1
-2.40854668617249 -0.145792320370674 0
-2.46062994003296 -0.145792320370674 0
-2.40854668617249 0.0216125324368477 0
0 0 -1
-2.46062994003296 0.184875324368477 6.88976383209229
-2.46062994003296 0.0216125324368477 6.88976383209229
-2.46062994003296 0.0216125324368477 0
1 0 0
-2.46062994003296 0.0216125324368477 0
-2.46062994003296 0.184875324368477 0
-2.46062994003296 0.184875324368477 6.88976383209229
1 0 0
-2.62467193603516 0.184875324368477 0
-2.62467193603516 -0.307250648736954 0
-2.62467193603516 -0.307250648736954 7.21784782409668
-1 0 0
-2.62467193603516 -0.307250648736954 7.21784782409668
-2.62467193603516 0.184875324368477 7.21784782409668
-2.62467193603516 0.184875324368477 0
-1 0 0
-2.46062994003296 -0.307250648736954 0
-2.46062994003296 -0.145792320370674 0
-2.46062994003296 -0.145792320370674 6.88976383209229
1 0 0
-2.46062994003296 -0.145792320370674 6.88976383209229
-2.46062994003296 -0.307250648736954 6.88976383209229
-2.46062994003296 -0.307250648736954 0
1 0 0
-2.40854668617249 -0.145792320370674 0
-2.40854668617249 0.0216125324368477 0
-2.40854668617249 0.0216125324368477 6.83768033981323
1 0 0
-2.40854668617249 0.0216125324368477 6.83768033981323
-2.40854668617249 -0.145792320370674 6.83768033981323
-2.40854668617249 -0.145792320370674 0
1 0 0
2.62467193603516 0.184875324368477 7.21784782409668
-2.62467193603516 0.184875324368477 7.21784782409668
-2.62467193603516 -0.307250648736954 7.21784782409668
0 0 1
-2.62467193603516 -0.307250648736954 7.21784782409668
2.62467193603516 -0.307250648736954 7.21784782409668
2.62467193603516 0.184875324368477 7.21784782409668
0 0 1
-2.46062994003296 0.0372375324368477 -3.28626015289046E-14
0.486876636743546 0.0372375324368477 -3.28626015289046E-14
0.486876636743546 0.0372375324368477 6.88976383209229
0 -1 0
0.486876636743546 0.0372375324368477 6.88976383209229
-2.46062994003296 0.0372375324368477 6.88976383209229
-2.46062994003296 0.0372375324368477 -3.28626015289046E-14
0 -1 0
0.486876636743546 0.184875324368477 6.88976383209229
0.486876636743546 0.184875324368477 -3.28626015289046E-14
-2.46062994003296 0.184875324368477 -3.28626015289046E-14
0 1 0
-2.46062994003296 0.184875324368477 -3.28626015289046E-14
-2.46062994003296 0.184875324368477 6.88976383209229
0.486876636743546 0.184875324368477 6.88976383209229
0 1 0
-2.46062994003296 0.0372375324368477 6.88976383209229
-2.46062994003296 0.184875324368477 6.88976383209229
-2.46062994003296 0.184875324368477 -3.28626015289046E-14
-1 0 0
-2.46062994003296 0.184875324368477 -3.28626015289046E-14
-2.46062994003296 0.0372375324368477 -3.28626015289046E-14
-2.46062994003296 0.0372375324368477 6.88976383209229
-1 0 0
-2.46062994003296 0.0372375324368477 -3.28626015289046E-14
-2.46062994003296 0.184875324368477 -3.28626015289046E-14
0.486876636743546 0.184875324368477 -3.24185123190546E-14
1.50666063181544E-16 0 -1
0.486876636743546 0.184875324368477 -3.24185123190546E-14
0.486876636743546 0.0372375324368477 -3.24185123190546E-14
-2.46062994003296 0.0372375324368477 -3.28626015289046E-14
1.50666063181544E-16 0 -1
0.486876636743546 0.0372375324368477 -3.28626015289046E-14
0.486876636743546 0.184875324368477 -3.28626015289046E-14
0.486876636743546 0.184875324368477 6.88976383209229
1 0 0
0.486876636743546 0.184875324368477 6.88976383209229
0.486876636743546 0.0372375324368477 6.88976383209229
0.486876636743546 0.0372375324368477 -3.28626015289046E-14
1 0 0
0.486876636743546 0.0372375324368477 6.88976383209229
0.486876636743546 0.184875324368477 6.88976383209229
-2.46062994003296 0.184875324368477 6.88976383209229
-3.01332126363087E-16 0 1
-2.46062994003296 0.184875324368477 6.88976383209229
-2.46062994003296 0.0372375324368477 6.88976383209229
0.486876636743546 0.0372375324368477 6.88976383209229
-3.01332126363087E-16 0 1
[LEVEL]
3F BIMS plan
[HEADER]
432944,0762 x 2032mm,278
276.956833828683 123.884447816868 24.9343832020997
1
-1.23140540642406E-15 -1 0
1 -1.23140540642406E-15 0
0 0 1
-1.49934387207031 0.410104990005493 6.91601037979126
-1.25 0.410104990005493 6.66666650772095
-1.49934387207031 0.410104990005493 0
-1.86407339295249E-15 1 0
-1.25 0.410104990005493 6.66666650772095
-1.49934387207031 0.410104990005493 6.91601037979126
1.25 0.410104990005493 6.66666650772095
-1.86407339295249E-15 1 0
-1.25 0.410104990005493 0
-1.49934387207031 0.410104990005493 0
-1.25 0.410104990005493 6.66666650772095
-1.86407339295249E-15 1 0
1.25 0.410104990005493 6.66666650772095
1.49934387207031 0.410104990005493 6.91601037979126
1.49934387207031 0.410104990005493 0
-1.86407339295249E-15 1 0
1.49934387207031 0.410104990005493 6.91601037979126
1.25 0.410104990005493 6.66666650772095
-1.49934387207031 0.410104990005493 6.91601037979126
-1.86407339295249E-15 1 0
1.49934387207031 0.410104990005493 0
1.25 0.410104990005493 0
1.25 0.410104990005493 6.66666650772095
-1.86407339295249E-15 1 0
1.49934387207031 0.328083992004395 6.91601037979126
1.25 0.328083992004395 6.66666650772095
1.49934387207031 0.328083992004395 0
1.86407339295249E-15 -1 0
1.25 0.328083992004395 6.66666650772095
1.49934387207031 0.328083992004395 6.91601037979126
-1.25 0.328083992004395 6.66666650772095
1.86407339295249E-15 -1 0
1.25 0.328083992004395 0
1.49934387207031 0.328083992004395 0
1.25 0.328083992004395 6.66666650772095
1.86407339295249E-15 -1 0
-1.25 0.328083992004395 6.66666650772095
-1.49934387207031 0.328083992004395 6.91601037979126
-1.49934387207031 0.328083992004395 0
1.86407339295249E-15 -1 0
-1.49934387207031 0.328083992004395 6.91601037979126
-1.25 0.328083992004395 6.66666650772095
1.49934387207031 0.328083992004395 6.91601037979126
1.86407339295249E-15 -1 0
-1.49934387207031 0.328083992004395 0
-1.25 0.328083992004395 0
-1.25 0.328083992004395 6.66666650772095
1.86407339295249E-15 -1 0
-1.49934387207031 0.410104990005493 6.91601037979126
-1.49934387207031 0.328083992004395 6.91601037979126
1.49934387207031 0.328083992004395 6.91601037979126
0 0 1
1.49934387207031 0.328083992004395 6.91601037979126
1.49934387207031 0.410104990005493 6.91601037979126
-1.49934387207031 0.410104990005493 6.91601037979126
0 0 1
1.49934387207031 0.410104990005493 6.91601037979126
1.49934387207031 0.328083992004395 6.91601037979126
1.49934387207031 0.328083992004395 0
1 2.70716782324658E-15 0
1.49934387207031 0.328083992004395 0
1.49934387207031 0.410104990005493 0
1.49934387207031 0.410104990005493 6.91601037979126
1 2.70716782324658E-15 0
1.49934387207031 0.410104990005493 0
1.49934387207031 0.328083992004395 0
1.25 0.328083992004395 0
0 0 -1
1.25 0.328083992004395 0
1.25 0.410104990005493 0
1.49934387207031 0.410104990005493 0
0 0 -1
1.25 0.410104990005493 0
1.25 0.328083992004395 0
1.25 0.328083992004395 6.66666650772095
-1 -2.70716782324658E-15 0
1.25 0.328083992004395 6.66666650772095
1.25 0.410104990005493 6.66666650772095
1.25 0.410104990005493 0
-1 -2.70716782324658E-15 0
1.25 0.410104990005493 6.66666650772095
1.25 0.328083992004395 6.66666650772095
-1.25 0.328083992004395 6.66666650772095
0 0 -1
-1.25 0.328083992004395 6.66666650772095
-1.25 0.410104990005493 6.66666650772095
1.25 0.410104990005493 6.66666650772095
0 0 -1
-1.25 0.410104990005493 6.66666650772095
-1.25 0.328083992004395 6.66666650772095
-1.25 0.328083992004395 0
1 2.70716782324658E-15 0
-1.25 0.328083992004395 0
-1.25 0.410104990005493 0
-1.25 0.410104990005493 6.66666650772095
1 2.70716782324658E-15 0
-1.25 0.410104990005493 0
-1.25 0.328083992004395 0
-1.49934387207031 0.328083992004395 0
0 0 -1
-1.49934387207031 0.328083992004395 0
-1.49934387207031 0.410104990005493 0
-1.25 0.410104990005493 0
0 0 -1
-1.49934387207031 0.410104990005493 0
-1.49934387207031 0.328083992004395 0
-1.49934387207031 0.328083992004395 6.91601037979126
-1 -2.70716782324658E-15 0
-1.49934387207031 0.328083992004395 6.91601037979126
-1.49934387207031 0.410104990005493 6.91601037979126
-1.49934387207031 0.410104990005493 0
-1 -2.70716782324658E-15 0
1.49934387207031 -0.410104990005493 6.91601037979126
1.25 -0.410104990005493 6.66666650772095
1.49934387207031 -0.410104990005493 0
1.86407339295249E-15 -1 0
1.25 -0.410104990005493 6.66666650772095
1.49934387207031 -0.410104990005493 6.91601037979126
-1.25 -0.410104990005493 6.66666650772095
1.86407339295249E-15 -1 0
1.25 -0.410104990005493 0
1.49934387207031 -0.410104990005493 0
1.25 -0.410104990005493 6.66666650772095
1.86407339295249E-15 -1 0
-1.25 -0.410104990005493 6.66666650772095
-1.49934387207031 -0.410104990005493 6.91601037979126
-1.49934387207031 -0.410104990005493 0
1.86407339295249E-15 -1 0
-1.49934387207031 -0.410104990005493 6.91601037979126
-1.25 -0.410104990005493 6.66666650772095
1.49934387207031 -0.410104990005493 6.91601037979126
1.86407339295249E-15 -1 0
-1.49934387207031 -0.410104990005493 0
-1.25 -0.410104990005493 0
-1.25 -0.410104990005493 6.66666650772095
1.86407339295249E-15 -1 0
-1.49934387207031 -0.328083992004395 6.91601037979126
-1.25 -0.328083992004395 6.66666650772095
-1.49934387207031 -0.328083992004395 0
-1.86407339295249E-15 1 0
-1.25 -0.328083992004395 6.66666650772095
-1.49934387207031 -0.328083992004395 6.91601037979126
1.25 -0.328083992004395 6.66666650772095
-1.86407339295249E-15 1 0
-1.25 -0.328083992004395 0
-1.49934387207031 -0.328083992004395 0
-1.25 -0.328083992004395 6.66666650772095
-1.86407339295249E-15 1 0
1.25 -0.328083992004395 6.66666650772095
1.49934387207031 -0.328083992004395 6.91601037979126
1.49934387207031 -0.328083992004395 0
-1.86407339295249E-15 1 0
1.49934387207031 -0.328083992004395 6.91601037979126
1.25 -0.328083992004395 6.66666650772095
-1.49934387207031 -0.328083992004395 6.91601037979126
-1.86407339295249E-15 1 0
1.49934387207031 -0.328083992004395 0
1.25 -0.328083992004395 0
1.25 -0.328083992004395 6.66666650772095
-1.86407339295249E-15 1 0
1.49934387207031 -0.410104990005493 6.91601037979126
1.49934387207031 -0.328083992004395 6.91601037979126
-1.49934387207031 -0.328083992004395 6.91601037979126
0 0 1
-1.49934387207031 -0.328083992004395 6.91601037979126
-1.49934387207031 -0.410104990005493 6.91601037979126
1.49934387207031 -0.410104990005493 6.91601037979126
0 0 1
-1.49934387207031 -0.410104990005493 6.91601037979126
-1.49934387207031 -0.328083992004395 6.91601037979126
-1.49934387207031 -0.328083992004395 0
-1 -2.70716782324538E-15 0
-1.49934387207031 -0.328083992004395 0
-1.49934387207031 -0.410104990005493 0
-1.49934387207031 -0.410104990005493 6.91601037979126
-1 -2.70716782324538E-15 0
-1.49934387207031 -0.410104990005493 0
-1.49934387207031 -0.328083992004395 0
-1.25 -0.328083992004395 0
0 0 -1
-1.25 -0.328083992004395 0
-1.25 -0.410104990005493 0
-1.49934387207031 -0.410104990005493 0
0 0 -1
-1.25 -0.410104990005493 0
-1.25 -0.328083992004395 0
-1.25 -0.328083992004395 6.66666650772095
1 2.70716782324538E-15 0
-1.25 -0.328083992004395 6.66666650772095
-1.25 -0.410104990005493 6.66666650772095
-1.25 -0.410104990005493 0
1 2.70716782324538E-15 0
-1.25 -0.410104990005493 6.66666650772095
-1.25 -0.328083992004395 6.66666650772095
1.25 -0.328083992004395 6.66666650772095
0 0 -1
1.25 -0.328083992004395 6.66666650772095
1.25 -0.410104990005493 6.66666650772095
-1.25 -0.410104990005493 6.66666650772095
0 0 -1
1.25 -0.410104990005493 6.66666650772095
1.25 -0.328083992004395 6.66666650772095
1.25 -0.328083992004395 0
-1 -2.70716782324538E-15 0
1.25 -0.328083992004395 0
1.25 -0.410104990005493 0
1.25 -0.410104990005493 6.66666650772095
-1 -2.70716782324538E-15 0
1.25 -0.410104990005493 0
1.25 -0.328083992004395 0
1.49934387207031 -0.328083992004395 0
0 0 -1
1.49934387207031 -0.328083992004395 0
1.49934387207031 -0.410104990005493 0
1.25 -0.410104990005493 0
0 0 -1
1.49934387207031 -0.410104990005493 0
1.49934387207031 -0.328083992004395 0
1.49934387207031 -0.328083992004395 6.91601037979126
1 2.70716782324538E-15 0
1.49934387207031 -0.328083992004395 6.91601037979126
1.49934387207031 -0.410104990005493 6.91601037979126
1.49934387207031 -0.410104990005493 0
1 2.70716782324538E-15 0
-1.25 0.160761147737503 6.66666650772095
-1.25 0.160761147737503 0
1.25 0.160761147737503 0
0 -1 0
1.25 0.160761147737503 0
1.25 0.160761147737503 6.66666650772095
-1.25 0.160761147737503 6.66666650772095
0 -1 0
1.25 0.328083992004395 0
-1.25 0.328083992004395 0
-1.25 0.328083992004395 6.66666650772095
0 1 0
-1.25 0.328083992004395 6.66666650772095
1.25 0.328083992004395 6.66666650772095
1.25 0.328083992004395 0
0 1 0
1.25 0.160761147737503 6.66666650772095
1.25 0.328083992004395 6.66666650772095
-1.25 0.328083992004395 6.66666650772095
0 0 1
-1.25 0.328083992004395 6.66666650772095
-1.25 0.160761147737503 6.66666650772095
1.25 0.160761147737503 6.66666650772095
0 0 1
-1.25 0.160761147737503 6.66666650772095
-1.25 0.328083992004395 6.66666650772095
-1.25 0.328083992004395 0
-1 0 0
-1.25 0.328083992004395 0
-1.25 0.160761147737503 0
-1.25 0.160761147737503 6.66666650772095
-1 0 0
-1.25 0.160761147737503 0
-1.25 0.328083992004395 0
1.25 0.328083992004395 0
0 0 -1
1.25 0.328083992004395 0
1.25 0.160761147737503 0
-1.25 0.160761147737503 0
0 0 -1
1.25 0.160761147737503 0
1.25 0.328083992004395 0
1.25 0.328083992004395 6.66666650772095
1 0 0
1.25 0.328083992004395 6.66666650772095
1.25 0.160761147737503 6.66666650772095
1.25 0.160761147737503 0
1 0 0
[HEADER]
432945,M_Door-Passage-Double-Flush-Dbl_Acting 2,214
319.832982122647 109.465156477252 24.9343832020997
1
-2.22269070789924E-15 -1 0
1 -2.22269070789924E-15 0
0 0 1
4.92125988006592 0.266896337270737 1.95470863470841E-35
5.08530187606812 0.266896337270737 0
5.08530187606812 -0.225229665637016 0
-1.19159040439945E-34 2.60148000103134E-51 -1
5.08530187606812 -0.225229665637016 0
4.92125988006592 -0.225229665637016 1.95470863470841E-35
4.92125988006592 0.266896337270737 1.95470863470841E-35
-1.19159040439945E-34 2.60148000103134E-51 -1
4.92125988006592 -0.225229665637016 0
4.92125988006592 -0.225229665637016 7.87401580810547
4.92125988006592 0.266896337270737 7.87401580810547
-1 2.18319985745644E-17 1.12798659301916E-16
4.92125988006592 0.266896337270737 7.87401580810547
4.92125988006592 0.266896337270737 -1.54074395550979E-33
4.92125988006592 -0.225229665637016 0
-1 2.18319985745644E-17 1.12798659301916E-16
-4.92125988006592 0.266896337270737 -1.32348913785703E-23
-5.08530187606812 0.266896337270737 1.76465186826501E-23
-4.92125988006592 0.266896337270737 7.87401580810547
2.18319985745644E-17 1 -7.04991620636974E-18
5.08530187606812 0.266896337270737 8.82326013018593E-24
4.92125988006592 0.266896337270737 1.32348898008484E-23
4.92125988006592 0.266896337270737 7.87401580810547
2.18319985745644E-17 1 -7.04991620636974E-18
-4.92125988006592 0.266896337270737 7.87401580810547
-5.08530187606812 0.266896337270737 8.20209980010986
4.92125988006592 0.266896337270737 7.87401580810547
2.18319985745644E-17 1 -7.04991620636974E-18
-5.08530187606812 0.266896337270737 8.20209980010986
-4.92125988006592 0.266896337270737 7.87401580810547
-5.08530187606812 0.266896337270737 1.76465186826501E-23
2.18319985745644E-17 1 -7.04991620636974E-18
4.92125988006592 0.266896337270737 7.87401580810547
5.08530187606812 0.266896337270737 8.20209980010986
5.08530187606812 0.266896337270737 8.82326013018593E-24
2.18319985745644E-17 1 -7.04991620636974E-18
5.08530187606812 0.266896337270737 8.20209980010986
4.92125988006592 0.266896337270737 7.87401580810547
-5.08530187606812 0.266896337270737 8.20209980010986
2.18319985745644E-17 1 -7.04991620636974E-18
5.08530187606812 0.266896337270737 0
5.08530187606812 0.266896337270737 8.20209980010986
5.08530187606812 -0.225229665637016 8.20209980010986
1 -2.18319985745644E-17 -1.10496645846775E-16
5.08530187606812 -0.225229665637016 8.20209980010986
5.08530187606812 -0.225229665637016 1.15555796663234E-33
5.08530187606812 0.266896337270737 0
1 -2.18319985745644E-17 -1.10496645846775E-16
4.92125988006592 -0.225229665637016 -4.59169663861007E-24
5.08530187606812 -0.225229665637016 1.32348898008484E-23
4.92125988006592 -0.225229665637016 7.87401580810547
-2.18319985745644E-17 -1 6.90604036542342E-18
-5.08530187606812 -0.225229665637016 6.48239349117219E-24
-4.92125988006592 -0.225229665637016 -1.53956886830537E-23
-4.92125988006592 -0.225229665637016 7.87401580810547
-2.18319985745644E-17 -1 6.90604036542342E-18
4.92125988006592 -0.225229665637016 7.87401580810547
5.08530187606812 -0.225229665637016 8.20209980010986
-4.92125988006592 -0.225229665637016 7.87401580810547
-2.18319985745644E-17 -1 6.90604036542342E-18
5.08530187606812 -0.225229665637016 8.20209980010986
4.92125988006592 -0.225229665637016 7.87401580810547
5.08530187606812 -0.225229665637016 1.32348898008484E-23
-2.18319985745644E-17 -1 6.90604036542342E-18
-4.92125988006592 -0.225229665637016 7.87401580810547
-5.08530187606812 -0.225229665637016 8.20209980010986
-5.08530187606812 -0.225229665637016 6.48239349117219E-24
-2.18319985745644E-17 -1 6.90604036542342E-18
-5.08530187606812 -0.225229665637016 8.20209980010986
-4.92125988006592 -0.225229665637016 7.87401580810547
5.08530187606812 -0.225229665637016 8.20209980010986
-2.18319985745644E-17 -1 6.90604036542342E-18
4.92125988006592 -0.225229665637016 7.87401580810547
-4.92125988006592 -0.225229665637016 7.87401580810547
-4.92125988006592 0.266896337270737 7.87401580810547
9.02389274415328E-17 1.09159992872822E-17 -1
-4.92125988006592 0.266896337270737 7.87401580810547
4.92125988006592 0.266896337270737 7.87401580810547
4.92125988006592 -0.225229665637016 7.87401580810547
9.02389274415328E-17 1.09159992872822E-17 -1
-4.92125988006592 0.266896337270737 0
-4.92125988006592 -0.225229665637016 0
-5.08530187606812 -0.225229665637016 0
0 0 -1
-5.08530187606812 -0.225229665637016 0
-5.08530187606812 0.266896337270737 0
-4.92125988006592 0.266896337270737 0
0 0 -1
-4.92125988006592 0.266896337270737 7.87401580810547
-4.92125988006592 -0.225229665637016 7.87401580810547
-4.92125988006592 -0.225229665637016 0
1 0 0
-4.92125988006592 -0.225229665637016 0
-4.92125988006592 0.266896337270737 0
-4.92125988006592 0.266896337270737 7.87401580810547
1 0 0
-5.08530187606812 0.266896337270737 0
-5.08530187606812 -0.225229665637016 0
-5.08530187606812 -0.225229665637016 8.20209980010986
-1 0 0
-5.08530187606812 -0.225229665637016 8.20209980010986
-5.08530187606812 0.266896337270737 8.20209980010986
-5.08530187606812 0.266896337270737 0
-1 0 0
5.08530187606812 0.266896337270737 8.20209980010986
-5.08530187606812 0.266896337270737 8.20209980010986
-5.08530187606812 -0.225229665637016 8.20209980010986
0 0 1
-5.08530187606812 -0.225229665637016 8.20209980010986
5.08530187606812 -0.225229665637016 8.20209980010986
5.08530187606812 0.266896337270737 8.20209980010986
0 0 1
4.92125988006592 0.119258530437946 7.87401580810547
0.00520833348855376 0.119258530437946 7.87401580810547
0.00520833348855376 0.119258530437946 -3.19744231092045E-14
0 -1 0
0.00520833348855376 0.119258530437946 -3.19744231092045E-14
4.92125988006592 0.119258530437946 -3.19744231092045E-14
4.92125988006592 0.119258530437946 7.87401580810547
0 -1 0
-0.00520833348855376 0.119258530437946 7.87401580810547
-4.92125988006592 0.119258530437946 7.87401580810547
-4.92125988006592 0.119258530437946 -3.19744231092045E-14
0 -1 0
-4.92125988006592 0.119258530437946 -3.19744231092045E-14
-0.00520833348855376 0.119258530437946 -3.19744231092045E-14
-0.00520833348855376 0.119258530437946 7.87401580810547
0 -1 0
4.92125988006592 0.266896337270737 -3.19744231092045E-14
0.00520833348855376 0.266896337270737 -3.19744231092045E-14
0.00520833348855376 0.266896337270737 7.87401580810547
0 1 0
0.00520833348855376 0.266896337270737 7.87401580810547
4.92125988006592 0.266896337270737 7.87401580810547
4.92125988006592 0.266896337270737 -3.19744231092045E-14
0 1 0
-0.00520833348855376 0.266896337270737 -3.19744231092045E-14
-4.92125988006592 0.266896337270737 -3.19744231092045E-14
-4.92125988006592 0.266896337270737 7.87401580810547
0 1 0
-4.92125988006592 0.266896337270737 7.87401580810547
-0.00520833348855376 0.266896337270737 7.87401580810547
-0.00520833348855376 0.266896337270737 -3.19744231092045E-14
0 1 0
0.00520833348855376 0.119258530437946 7.87401580810547
0.00520833348855376 0.266896337270737 7.87401580810547
0.00520833348855376 0.266896337270737 -3.19744231092045E-14
-1 0 3.85542292535843E-18
0.00520833348855376 0.266896337270737 -3.19744231092045E-14
0.00520833348855376 0.119258530437946 -3.19744231092045E-14
0.00520833348855376 0.119258530437946 7.87401580810547
-1 0 3.85542292535843E-18
0.00520833348855376 0.119258530437946 -3.19744231092045E-14
0.00520833348855376 0.266896337270737 -3.19744231092045E-14
4.92125988006592 0.266896337270737 -3.24185123190546E-14
-9.03345314873569E-17 0 -1
4.92125988006592 0.266896337270737 -3.24185123190546E-14
4.92125988006592 0.119258530437946 -3.24185123190546E-14
0.00520833348855376 0.119258530437946 -3.19744231092045E-14
-9.03345314873569E-17 0 -1
4.92125988006592 0.119258530437946 -3.19744231092045E-14
4.92125988006592 0.266896337270737 -3.19744231092045E-14
4.92125988006592 0.266896337270737 7.87401580810547
1 0 0
4.92125988006592 0.266896337270737 7.87401580810547
4.92125988006592 0.119258530437946 7.87401580810547
4.92125988006592 0.119258530437946 -3.19744231092045E-14
1 0 0
4.92125988006592 0.119258530437946 7.87401580810547
4.92125988006592 0.266896337270737 7.87401580810547
0.00520833348855376 0.266896337270737 7.87401580810547
0 0 1
0.00520833348855376 0.266896337270737 7.87401580810547
0.00520833348855376 0.119258530437946 7.87401580810547
4.92125988006592 0.119258530437946 7.87401580810547
0 0 1
-0.00520833348855376 0.119258530437946 -3.19744231092045E-14
-0.00520833348855376 0.266896337270737 -3.19744231092045E-14
-0.00520833348855376 0.266896337270737 7.87401580810547
1 0 -4.45025960527088E-17
-0.00520833348855376 0.266896337270737 7.87401580810547
-0.00520833348855376 0.119258530437946 7.87401580810547
-0.00520833348855376 0.119258530437946 -3.19744231092045E-14
1 0 -4.45025960527088E-17
-0.00520833348855376 0.119258530437946 7.87401580810547
-0.00520833348855376 0.266896337270737 7.87401580810547
-4.92125988006592 0.266896337270737 7.87401580810547
0 0 1
-4.92125988006592 0.266896337270737 7.87401580810547
-4.92125988006592 0.119258530437946 7.87401580810547
-0.00520833348855376 0.119258530437946 7.87401580810547
0 0 1
-4.92125988006592 0.119258530437946 7.87401580810547
-4.92125988006592 0.266896337270737 7.87401580810547
-4.92125988006592 0.266896337270737 -3.19744231092045E-14
-1 0 0
-4.92125988006592 0.266896337270737 -3.19744231092045E-14
-4.92125988006592 0.119258530437946 -3.19744231092045E-14
-4.92125988006592 0.119258530437946 7.87401580810547
-1 0 0
-4.92125988006592 0.119258530437946 -3.19744231092045E-14
-4.92125988006592 0.266896337270737 -3.19744231092045E-14
-0.00520833348855376 0.266896337270737 -3.24185123190546E-14
-9.03345314873568E-17 0 -1
-0.00520833348855376 0.266896337270737 -3.24185123190546E-14
-0.00520833348855376 0.119258530437946 -3.24185123190546E-14
-4.92125988006592 0.119258530437946 -3.19744231092045E-14
-9.03345314873568E-17 0 -1
[HEADER]
432946,M_Door-Passage-Double-Flush-Dbl_Acting 3,214
347.154832516339 108.480904508748 24.9343832020997
1
2.22269070789924E-15 1 0
-1 2.22269070789924E-15 0
0 0 1
4.10104990005493 0.184875324368477 0
4.26509189605713 0.184875324368477 0
4.26509189605713 -0.307250648736954 0
0 0 -1
4.26509189605713 -0.307250648736954 0
4.10104990005493 -0.307250648736954 0
4.10104990005493 0.184875324368477 0
0 0 -1
4.10104990005493 -0.307250648736954 0
4.10104990005493 -0.307250648736954 7.21784782409668
4.10104990005493 0.184875324368477 7.21784782409668
-1 0 0
4.10104990005493 0.184875324368477 7.21784782409668
4.10104990005493 0.184875324368477 0
4.10104990005493 -0.307250648736954 0
-1 0 0
-4.10104990005493 0.184875324368477 0
-4.26509189605713 0.184875324368477 1.32348898008484E-23
-4.10104990005493 0.184875324368477 7.21784782409668
0 1 -7.69081767967608E-18
4.26509189605713 0.184875324368477 1.32348898008484E-23
4.10104990005493 0.184875324368477 0
4.10104990005493 0.184875324368477 7.21784782409668
0 1 -7.69081767967608E-18
-4.10104990005493 0.184875324368477 7.21784782409668
-4.26509189605713 0.184875324368477 7.54593181610107
4.10104990005493 0.184875324368477 7.21784782409668
0 1 -7.69081767967608E-18
-4.26509189605713 0.184875324368477 7.54593181610107
-4.10104990005493 0.184875324368477 7.21784782409668
-4.26509189605713 0.184875324368477 1.32348898008484E-23
0 1 -7.69081767967608E-18
4.10104990005493 0.184875324368477 7.21784782409668
4.26509189605713 0.184875324368477 7.54593181610107
4.26509189605713 0.184875324368477 1.32348898008484E-23
0 1 -7.69081767967608E-18
4.26509189605713 0.184875324368477 7.54593181610107
4.10104990005493 0.184875324368477 7.21784782409668
-4.26509189605713 0.184875324368477 7.54593181610107
0 1 -7.69081767967608E-18
4.26509189605713 0.184875324368477 0
4.26509189605713 0.184875324368477 7.54593181610107
4.26509189605713 -0.307250648736954 7.54593181610107
1 0 1.20318569922044E-16
4.26509189605713 -0.307250648736954 7.54593181610107
4.26509189605713 -0.307250648736954 0
4.26509189605713 0.184875324368477 0
1 0 1.20318569922044E-16
4.10104990005493 -0.307250648736954 1.20584552220051E-23
4.26509189605713 -0.307250648736954 1.32348898008484E-23
4.10104990005493 -0.307250648736954 7.21784782409668
0 -1 0
-4.26509189605713 -0.307250648736954 1.82347391275153E-23
-4.10104990005493 -0.307250648736954 3.26460619294853E-23
-4.10104990005493 -0.307250648736954 7.21784782409668
0 -1 0
4.10104990005493 -0.307250648736954 7.21784782409668
4.26509189605713 -0.307250648736954 7.54593181610107
-4.10104990005493 -0.307250648736954 7.21784782409668
0 -1 0
4.26509189605713 -0.307250648736954 7.54593181610107
4.10104990005493 -0.307250648736954 7.21784782409668
4.26509189605713 -0.307250648736954 1.32348898008484E-23
0 -1 0
-4.10104990005493 -0.307250648736954 7.21784782409668
-4.26509189605713 -0.307250648736954 7.54593181610107
-4.26509189605713 -0.307250648736954 1.82347391275153E-23
0 -1 0
-4.26509189605713 -0.307250648736954 7.54593181610107
-4.10104990005493 -0.307250648736954 7.21784782409668
4.26509189605713 -0.307250648736954 7.54593181610107
0 -1 0
4.10104990005493 -0.307250648736954 7.21784782409668
-4.10104990005493 -0.307250648736954 7.21784782409668
-4.10104990005493 0.184875324368477 7.21784782409668
0 0 -1
-4.10104990005493 0.184875324368477 7.21784782409668
4.10104990005493 0.184875324368477 7.21784782409668
4.10104990005493 -0.307250648736954 7.21784782409668
0 0 -1
-4.10104990005493 0.184875324368477 0
-4.10104990005493 -0.307250648736954 0
-4.26509189605713 -0.307250648736954 0
0 0 -1
-4.26509189605713 -0.307250648736954 0
-4.26509189605713 0.184875324368477 0
-4.10104990005493 0.184875324368477 0
0 0 -1
-4.10104990005493 0.184875324368477 7.21784782409668
-4.10104990005493 -0.307250648736954 7.21784782409668
-4.10104990005493 -0.307250648736954 0
1 0 0
-4.10104990005493 -0.307250648736954 0
-4.10104990005493 0.184875324368477 0
-4.10104990005493 0.184875324368477 7.21784782409668
1 0 0
-4.26509189605713 0.184875324368477 0
-4.26509189605713 -0.307250648736954 0
-4.26509189605713 -0.307250648736954 7.54593181610107
-1 0 0
-4.26509189605713 -0.307250648736954 7.54593181610107
-4.26509189605713 0.184875324368477 7.54593181610107
-4.26509189605713 0.184875324368477 0
-1 0 0
4.26509189605713 0.184875324368477 7.54593181610107
-4.26509189605713 0.184875324368477 7.54593181610107
-4.26509189605713 -0.307250648736954 7.54593181610107
0 0 1
-4.26509189605713 -0.307250648736954 7.54593181610107
4.26509189605713 -0.307250648736954 7.54593181610107
4.26509189605713 0.184875324368477 7.54593181610107
0 0 1
4.10104990005493 0.0372375324368477 7.21784782409668
0.00520833348855376 0.0372375324368477 7.21784782409668
4.10104990005493 0.0372375324368477 -3.19744231092045E-14
0 -1 0
0.00520833348855376 0.0372375324368477 -3.19744231092045E-14
4.10104990005493 0.0372375324368477 -3.19744231092045E-14
0.00520833348855376 0.0372375324368477 7.21784782409668
0 -1 0
-0.00520833348855376 0.0372375324368477 7.21784782409668
-4.10104990005493 0.0372375324368477 7.21784782409668
-0.00520833348855376 0.0372375324368477 -3.19744231092045E-14
0 -1 0
-4.10104990005493 0.0372375324368477 -3.19744231092045E-14
-0.00520833348855376 0.0372375324368477 -3.19744231092045E-14
-4.10104990005493 0.0372375324368477 7.21784782409668
0 -1 0
4.10104990005493 0.184875324368477 -3.19744231092045E-14
0.00520833348855376 0.184875324368477 -3.19744231092045E-14
4.10104990005493 0.184875324368477 7.21784782409668
0 1 0
0.00520833348855376 0.184875324368477 7.21784782409668
4.10104990005493 0.184875324368477 7.21784782409668
0.00520833348855376 0.184875324368477 -3.19744231092045E-14
0 1 0
-0.00520833348855376 0.184875324368477 -3.19744231092045E-14
-4.10104990005493 0.184875324368477 -3.19744231092045E-14
-0.00520833348855376 0.184875324368477 7.21784782409668
0 1 0
-4.10104990005493 0.184875324368477 7.21784782409668
-0.00520833348855376 0.184875324368477 7.21784782409668
-4.10104990005493 0.184875324368477 -3.19744231092045E-14
0 1 0
0.00520833348855376 0.0372375324368477 7.21784782409668
0.00520833348855376 0.184875324368477 7.21784782409668
0.00520833348855376 0.184875324368477 -3.19744231092045E-14
-1 0 4.20591591857284E-18
0.00520833348855376 0.184875324368477 -3.19744231092045E-14
0.00520833348855376 0.0372375324368477 -3.19744231092045E-14
0.00520833348855376 0.0372375324368477 7.21784782409668
-1 0 4.20591591857284E-18
0.00520833348855376 0.0372375324368477 -3.19744231092045E-14
0.00520833348855376 0.184875324368477 -3.19744231092045E-14
4.10104990005493 0.184875324368477 -3.24185123190546E-14
-1.08424411932994E-16 0 -1
4.10104990005493 0.184875324368477 -3.24185123190546E-14
4.10104990005493 0.0372375324368477 -3.24185123190546E-14
0.00520833348855376 0.0372375324368477 -3.19744231092045E-14
-1.08424411932994E-16 0 -1
4.10104990005493 0.0372375324368477 -3.19744231092045E-14
4.10104990005493 0.184875324368477 -3.19744231092045E-14
4.10104990005493 0.184875324368477 7.21784782409668
1 0 0
4.10104990005493 0.184875324368477 7.21784782409668
4.10104990005493 0.0372375324368477 7.21784782409668
4.10104990005493 0.0372375324368477 -3.19744231092045E-14
1 0 0
4.10104990005493 0.0372375324368477 7.21784782409668
4.10104990005493 0.184875324368477 7.21784782409668
0.00520833348855376 0.184875324368477 7.21784782409668
0 0 1
0.00520833348855376 0.184875324368477 7.21784782409668
0.00520833348855376 0.0372375324368477 7.21784782409668
4.10104990005493 0.0372375324368477 7.21784782409668
0 0 1
-0.00520833348855376 0.0372375324368477 -3.19744231092045E-14
-0.00520833348855376 0.184875324368477 -3.19744231092045E-14
-0.00520833348855376 0.184875324368477 7.21784782409668
1 0 -4.8548286602955E-17
-0.00520833348855376 0.184875324368477 7.21784782409668
-0.00520833348855376 0.0372375324368477 7.21784782409668
-0.00520833348855376 0.0372375324368477 -3.19744231092045E-14
1 0 -4.8548286602955E-17
-0.00520833348855376 0.0372375324368477 7.21784782409668
-0.00520833348855376 0.184875324368477 7.21784782409668
-4.10104990005493 0.184875324368477 7.21784782409668
0 0 1
-4.10104990005493 0.184875324368477 7.21784782409668
-4.10104990005493 0.0372375324368477 7.21784782409668
-0.00520833348855376 0.0372375324368477 7.21784782409668
0 0 1
-4.10104990005493 0.0372375324368477 7.21784782409668
-4.10104990005493 0.184875324368477 7.21784782409668
-4.10104990005493 0.184875324368477 -3.19744231092045E-14
-1 0 0
-4.10104990005493 0.184875324368477 -3.19744231092045E-14
-4.10104990005493 0.0372375324368477 -3.19744231092045E-14
-4.10104990005493 0.0372375324368477 7.21784782409668
-1 0 0
-4.10104990005493 0.0372375324368477 -3.19744231092045E-14
-4.10104990005493 0.184875324368477 -3.19744231092045E-14
-0.00520833348855376 0.184875324368477 -3.24185123190546E-14
-1.08424411932994E-16 0 -1
-0.00520833348855376 0.184875324368477 -3.24185123190546E-14
-0.00520833348855376 0.0372375324368477 -3.24185123190546E-14
-4.10104990005493 0.0372375324368477 -3.19744231092045E-14
-1.08424411932994E-16 0 -1
[HEADER]
432947,M_Door-Passage-Single-Two_Lite,550
344.361689471723 128.498457003219 24.9343832020997
1
-1 3.18524774704407E-15 0
-3.18524774704407E-15 -1 0
0 0 1
1.64041996002197 -0.225229665637016 1.77635683940025E-15
1.47637796401978 0.103633530437946 1.77635683940025E-15
1.64041996002197 0.266896337270737 1.77635683940025E-15
0 0 -1
1.47637796401978 0.266896337270737 1.77635683940025E-15
1.64041996002197 0.266896337270737 1.77635683940025E-15
1.47637796401978 0.103633530437946 1.77635683940025E-15
0 0 -1
1.47637796401978 0.103633530437946 1.77635683940025E-15
1.47637796401978 -0.0637713223695755 1.77635683940025E-15
1.42429459095001 0.103633530437946 1.77635683940025E-15
0 0 -1
1.47637796401978 0.103633530437946 1.77635683940025E-15
1.64041996002197 -0.225229665637016 1.77635683940025E-15
1.47637796401978 -0.0637713223695755 1.77635683940025E-15
0 0 -1
1.47637796401978 -0.225229665637016 1.77635683940025E-15
1.47637796401978 -0.0637713223695755 1.77635683940025E-15
1.64041996002197 -0.225229665637016 1.77635683940025E-15
0 0 -1
1.42429459095001 0.103633530437946 1.77635683940025E-15
1.47637796401978 -0.0637713223695755 1.77635683940025E-15
1.42429459095001 -0.0637713223695755 1.77635683940025E-15
0 0 -1
1.47637796401978 0.103633530437946 0
1.47637796401978 0.103633530437946 6.88976383209229
1.47637796401978 0.266896337270737 6.88976383209229
-1 0 0
1.47637796401978 0.266896337270737 6.88976383209229
1.47637796401978 0.266896337270737 0
1.47637796401978 0.103633530437946 0
-1 0 0
-1.47637796401978 0.266896337270737 1.32348898008484E-23
-1.64041996002197 0.266896337270737 1.32348898008484E-23
-1.47637796401978 0.266896337270737 6.88976383209229
0 1 0
1.64041996002197 0.266896337270737 0
1.47637796401978 0.266896337270737 1.32348898008484E-23
1.47637796401978 0.266896337270737 6.88976383209229
0 1 0
-1.47637796401978 0.266896337270737 6.88976383209229
-1.64041996002197 0.266896337270737 7.21784782409668
1.47637796401978 0.266896337270737 6.88976383209229
0 1 0
-1.64041996002197 0.266896337270737 7.21784782409668
-1.47637796401978 0.266896337270737 6.88976383209229
-1.64041996002197 0.266896337270737 1.32348898008484E-23
0 1 0
1.47637796401978 0.266896337270737 6.88976383209229
1.64041996002197 0.266896337270737 7.21784782409668
1.64041996002197 0.266896337270737 0
0 1 0
1.64041996002197 0.266896337270737 7.21784782409668
1.47637796401978 0.266896337270737 6.88976383209229
-1.64041996002197 0.266896337270737 7.21784782409668
0 1 0
1.64041996002197 0.266896337270737 0
1.64041996002197 0.266896337270737 7.21784782409668
1.64041996002197 -0.225229665637016 7.21784782409668
1 0 3.14786956191393E-17
1.64041996002197 -0.225229665637016 7.21784782409668
1.64041996002197 -0.225229665637016 0
1.64041996002197 0.266896337270737 0
1 0 3.14786956191393E-17
1.47637796401978 -0.225229665637016 2.46230507005482E-24
1.64041996002197 -0.225229665637016 1.32348898008484E-23
1.47637796401978 -0.225229665637016 6.88976383209229
0 -1 7.86967390478482E-18
-1.64041996002197 -0.225229665637016 -3.693457407867E-24
-1.47637796401978 -0.225229665637016 -6.15576247792181E-24
-1.47637796401978 -0.225229665637016 6.88976383209229
0 -1 7.86967390478482E-18
1.47637796401978 -0.225229665637016 6.88976383209229
1.64041996002197 -0.225229665637016 7.21784782409668
-1.47637796401978 -0.225229665637016 6.88976383209229
0 -1 7.86967390478482E-18
1.64041996002197 -0.225229665637016 7.21784782409668
1.47637796401978 -0.225229665637016 6.88976383209229
1.64041996002197 -0.225229665637016 1.32348898008484E-23
0 -1 7.86967390478482E-18
-1.47637796401978 -0.225229665637016 6.88976383209229
-1.64041996002197 -0.225229665637016 7.21784782409668
-1.64041996002197 -0.225229665637016 -3.693457407867E-24
0 -1 7.86967390478482E-18
-1.64041996002197 -0.225229665637016 7.21784782409668
-1.47637796401978 -0.225229665637016 6.88976383209229
1.64041996002197 -0.225229665637016 7.21784782409668
0 -1 7.86967390478482E-18
1.47637796401978 -0.225229665637016 0
1.47637796401978 -0.225229665637016 6.88976383209229
1.47637796401978 -0.0637713223695755 6.88976383209229
-1 0 0
1.47637796401978 -0.0637713223695755 6.88976383209229
1.47637796401978 -0.0637713223695755 0
1.47637796401978 -0.225229665637016 0
-1 0 0
1.42429459095001 -0.0637713223695755 0
1.47637796401978 -0.0637713223695755 0
1.42429459095001 -0.0637713223695755 6.83768033981323
0 -1 4.02852354649699E-18
-1.47637796401978 -0.0637713223695755 1.32348898008484E-23
-1.42429459095001 -0.0637713223695755 -1.32348898008484E-23
-1.42429459095001 -0.0637713223695755 6.83768033981323
0 -1 4.02852354649699E-18
1.42429459095001 -0.0637713223695755 6.83768033981323
1.47637796401978 -0.0637713223695755 6.88976383209229
-1.42429459095001 -0.0637713223695755 6.83768033981323
0 -1 4.02852354649699E-18
1.47637796401978 -0.0637713223695755 6.88976383209229
1.42429459095001 -0.0637713223695755 6.83768033981323
1.47637796401978 -0.0637713223695755 0
0 -1 4.02852354649699E-18
-1.42429459095001 -0.0637713223695755 6.83768033981323
-1.47637796401978 -0.0637713223695755 6.88976383209229
-1.47637796401978 -0.0637713223695755 1.32348898008484E-23
0 -1 4.02852354649699E-18
-1.47637796401978 -0.0637713223695755 6.88976383209229
-1.42429459095001 -0.0637713223695755 6.83768033981323
1.47637796401978 -0.0637713223695755 6.88976383209229
0 -1 4.02852354649699E-18
1.42429459095001 -0.0637713223695755 0
1.42429459095001 -0.0637713223695755 6.83768033981323
1.42429459095001 0.103633530437946 6.83768033981323
-1 0 0
1.42429459095001 0.103633530437946 6.83768033981323
1.42429459095001 0.103633530437946 0
1.42429459095001 -0.0637713223695755 0
-1 0 0
-1.42429459095001 0.103633530437946 0
-1.47637796401978 0.103633530437946 0
-1.42429459095001 0.103633530437946 6.83768033981323
0 1 0
1.47637796401978 0.103633530437946 0
1.42429459095001 0.103633530437946 -1.32348898008484E-23
1.42429459095001 0.103633530437946 6.83768033981323
0 1 0
-1.42429459095001 0.103633530437946 6.83768033981323
-1.47637796401978 0.103633530437946 6.88976383209229
1.42429459095001 0.103633530437946 6.83768033981323
0 1 0
-1.47637796401978 0.103633530437946 6.88976383209229
-1.42429459095001 0.103633530437946 6.83768033981323
-1.47637796401978 0.103633530437946 0
0 1 0
1.42429459095001 0.103633530437946 6.83768033981323
1.47637796401978 0.103633530437946 6.88976383209229
1.47637796401978 0.103633530437946 0
0 1 0
1.47637796401978 0.103633530437946 6.88976383209229
1.42429459095001 0.103633530437946 6.83768033981323
-1.47637796401978 0.103633530437946 6.88976383209229
0 1 0
1.47637796401978 0.103633530437946 6.88976383209229
-1.47637796401978 0.103633530437946 6.88976383209229
-1.47637796401978 0.266896337270737 6.88976383209229
0 0 -1
-1.47637796401978 0.266896337270737 6.88976383209229
1.47637796401978 0.266896337270737 6.88976383209229
1.47637796401978 0.103633530437946 6.88976383209229
0 0 -1
-1.47637796401978 -0.225229665637016 6.88976383209229
-1.47637796401978 -0.0637713223695755 6.88976383209229
1.47637796401978 -0.0637713223695755 6.88976383209229
0 0 -1
1.47637796401978 -0.0637713223695755 6.88976383209229
1.47637796401978 -0.225229665637016 6.88976383209229
-1.47637796401978 -0.225229665637016 6.88976383209229
0 0 -1
-1.42429459095001 -0.0637713223695755 6.83768033981323
-1.42429459095001 0.103633530437946 6.83768033981323
1.42429459095001 0.103633530437946 6.83768033981323
0 0 -1
1.42429459095001 0.103633530437946 6.83768033981323
1.42429459095001 -0.0637713223695755 6.83768033981323
-1.42429459095001 -0.0637713223695755 6.83768033981323
0 0 -1
-1.64041996002197 0.266896337270737 0
-1.47637796401978 0.103633530437946 0
-1.64041996002197 -0.225229665637016 0
0 0 -1
-1.47637796401978 0.103633530437946 0
-1.64041996002197 0.266896337270737 0
-1.47637796401978 0.266896337270737 0
0 0 -1
-1.42429459095001 0.103633530437946 0
-1.47637796401978 -0.0637713223695755 0
-1.47637796401978 0.103633530437946 0
0 0 -1
-1.47637796401978 -0.0637713223695755 0
-1.64041996002197 -0.225229665637016 0
-1.47637796401978 0.103633530437946 0
0 0 -1
-1.64041996002197 -0.225229665637016 0
-1.47637796401978 -0.0637713223695755 0
-1.47637796401978 -0.225229665637016 0
0 0 -1
-1.42429459095001 -0.0637713223695755 0
-1.47637796401978 -0.0637713223695755 0
-1.42429459095001 0.103633530437946 0
0 0 -1
-1.47637796401978 0.266896337270737 6.88976383209229
-1.47637796401978 0.103633530437946 6.88976383209229
-1.47637796401978 0.103633530437946 0
1 0 -3.22281883719759E-17
-1.47637796401978 0.103633530437946 0
-1.47637796401978 0.266896337270737 0
-1.47637796401978 0.266896337270737 6.88976383209229
1 0 -3.22281883719759E-17
-1.64041996002197 0.266896337270737 0
-1.64041996002197 -0.225229665637016 0
-1.64041996002197 -0.225229665637016 7.21784782409668
-1 0 -3.14786956191393E-17
-1.64041996002197 -0.225229665637016 7.21784782409668
-1.64041996002197 0.266896337270737 7.21784782409668
-1.64041996002197 0.266896337270737 0
-1 0 -3.14786956191393E-17
-1.47637796401978 -0.225229665637016 0
-1.47637796401978 -0.0637713223695755 0
-1.47637796401978 -0.0637713223695755 6.88976383209229
1 0 -3.22281883719759E-17
-1.47637796401978 -0.0637713223695755 6.88976383209229
-1.47637796401978 -0.225229665637016 6.88976383209229
-1.47637796401978 -0.225229665637016 0
1 0 -3.22281883719759E-17
-1.42429459095001 -0.0637713223695755 0
-1.42429459095001 0.103633530437946 0
-1.42429459095001 0.103633530437946 6.83768033981323
1 0 -3.24736738828763E-17
-1.42429459095001 0.103633530437946 6.83768033981323
-1.42429459095001 -0.0637713223695755 6.83768033981323
-1.42429459095001 -0.0637713223695755 0
1 0 -3.24736738828763E-17
1.64041996002197 0.266896337270737 7.21784782409668
-1.64041996002197 0.266896337270737 7.21784782409668
-1.64041996002197 -0.225229665637016 7.21784782409668
0 0 1
-1.64041996002197 -0.225229665637016 7.21784782409668
1.64041996002197 -0.225229665637016 7.21784782409668
1.64041996002197 0.266896337270737 7.21784782409668
0 0 1
-1.47637796401978 0.119258530437946 6.88976383209229
-0.976377964019775 0.119258530437946 3.59333992004395
-0.976377964019775 0.119258530437946 6.38976383209229
0 -1 0
-0.976377964019775 0.119258530437946 3.59333992004395
-1.47637796401978 0.119258530437946 6.88976383209229
-1.47637796401978 0.119258530437946 -3.19744231092045E-14
0 -1 0
-1.47637796401978 0.119258530437946 6.88976383209229
-0.976377964019775 0.119258530437946 6.38976383209229
0.976377964019775 0.119258530437946 6.38976383209229
0 -1 0
1.47637796401978 0.119258530437946 6.88976383209229
0.976377964019775 0.119258530437946 6.38976383209229
0.976377964019775 0.119258530437946 3.59333992004395
0 -1 0
0.976377964019775 0.119258530437946 6.38976383209229
1.47637796401978 0.119258530437946 6.88976383209229
-1.47637796401978 0.119258530437946 6.88976383209229
0 -1 0
1.47637796401978 0.119258530437946 6.88976383209229
0.976377964019775 0.119258530437946 3.59333992004395
1.47637796401978 0.119258530437946 -3.19744231092045E-14
0 -1 0
-0.976377964019775 0.119258530437946 3.59333992004395
0.976377964019775 0.119258530437946 2.96833992004395
0.976377964019775 0.119258530437946 3.59333992004395
0 -1 0
-0.976377964019775 0.119258530437946 2.96833992004395
-1.47637796401978 0.119258530437946 -3.19744231092045E-14
-0.976377964019775 0.119258530437946 0.833333313465118
0 -1 0
-1.47637796401978 0.119258530437946 -3.19744231092045E-14
-0.976377964019775 0.119258530437946 2.96833992004395
-0.976377964019775 0.119258530437946 3.59333992004395
0 -1 0
-0.976377964019775 0.119258530437946 0.833333313465118
-1.47637796401978 0.119258530437946 -3.19744231092045E-14
0.976377964019775 0.119258530437946 0.833333313465118
0 -1 0
0.976377964019775 0.119258530437946 2.96833992004395
0.976377964019775 0.119258530437946 0.833333313465118
1.47637796401978 0.119258530437946 -3.19744231092045E-14
0 -1 0
1.47637796401978 0.119258530437946 -3.19744231092045E-14
0.976377964019775 0.119258530437946 0.833333313465118
-1.47637796401978 0.119258530437946 -3.19744231092045E-14
0 -1 0
0.976377964019775 0.119258530437946 2.96833992004395
1.47637796401978 0.119258530437946 -3.19744231092045E-14
0.976377964019775 0.119258530437946 3.59333992004395
0 -1 0
-0.976377964019775 0.119258530437946 2.96833992004395
0.976377964019775 0.119258530437946 2.96833992004395
-0.976377964019775 0.119258530437946 3.59333992004395
0 -1 0
-1.47637796401978 0.266896337270737 -3.19744231092045E-14
-0.976377964019775 0.266896337270737 2.96833992004395
-0.976377964019775 0.266896337270737 0.833333313465118
0 1 0
-0.976377964019775 0.266896337270737 2.96833992004395
-1.47637796401978 0.266896337270737 -3.19744231092045E-14
-0.976377964019775 0.266896337270737 3.59333992004395
0 1 0
-1.47637796401978 0.266896337270737 -3.19744231092045E-14
-0.976377964019775 0.266896337270737 0.833333313465118
0.976377964019775 0.266896337270737 0.833333313465118
0 1 0
1.47637796401978 0.266896337270737 -3.19744231092045E-14
0.976377964019775 0.266896337270737 0.833333313465118
0.976377964019775 0.266896337270737 2.96833992004395
0 1 0
0.976377964019775 0.266896337270737 0.833333313465118
1.47637796401978 0.266896337270737 -3.19744231092045E-14
-1.47637796401978 0.266896337270737 -3.19744231092045E-14
0 1 0
1.47637796401978 0.266896337270737 -3.19744231092045E-14
0.976377964019775 0.266896337270737 2.96833992004395
0.976377964019775 0.266896337270737 3.59333992004395
0 1 0
-0.976377964019775 0.266896337270737 2.96833992004395
-0.976377964019775 0.266896337270737 3.59333992004395
0.976377964019775 0.266896337270737 2.96833992004395
0 1 0
-0.976377964019775 0.266896337270737 3.59333992004395
-1.47637796401978 0.266896337270737 6.88976383209229
-0.976377964019775 0.266896337270737 6.38976383209229
0 1 0
-1.47637796401978 0.266896337270737 6.88976383209229
-0.976377964019775 0.266896337270737 3.59333992004395
-1.47637796401978 0.266896337270737 -3.19744231092045E-14
0 1 0
-0.976377964019775 0.266896337270737 6.38976383209229
-1.47637796401978 0.266896337270737 6.88976383209229
0.976377964019775 0.266896337270737 6.38976383209229
0 1 0
0.976377964019775 0.266896337270737 3.59333992004395
0.976377964019775 0.266896337270737 6.38976383209229
1.47637796401978 0.266896337270737 6.88976383209229
0 1 0
1.47637796401978 0.266896337270737 6.88976383209229
0.976377964019775 0.266896337270737 6.38976383209229
-1.47637796401978 0.266896337270737 6.88976383209229
0 1 0
0.976377964019775 0.266896337270737 3.59333992004395
1.47637796401978 0.266896337270737 6.88976383209229
1.47637796401978 0.266896337270737 -3.19744231092045E-14
0 1 0
-0.976377964019775 0.266896337270737 3.59333992004395
0.976377964019775 0.266896337270737 3.59333992004395
0.976377964019775 0.266896337270737 2.96833992004395
0 1 0
-1.47637796401978 0.119258530437946 6.88976383209229
-1.47637796401978 0.266896337270737 6.88976383209229
-1.47637796401978 0.266896337270737 -3.19744231092045E-14
-1 0 0
-1.47637796401978 0.266896337270737 -3.19744231092045E-14
-1.47637796401978 0.119258530437946 -3.19744231092045E-14
-1.47637796401978 0.119258530437946 6.88976383209229
-1 0 0
-1.47637796401978 0.119258530437946 -3.19744231092045E-14
-1.47637796401978 0.266896337270737 -3.19744231092045E-14
1.47637796401978 0.266896337270737 -3.24185123190546E-14
-1.50398212402555E-16 0 -1
1.47637796401978 0.266896337270737 -3.24185123190546E-14
1.47637796401978 0.119258530437946 -3.24185123190546E-14
-1.47637796401978 0.119258530437946 -3.19744231092045E-14
-1.50398212402555E-16 0 -1
1.47637796401978 0.119258530437946 -3.19744231092045E-14
1.47637796401978 0.266896337270737 -3.19744231092045E-14
1.47637796401978 0.266896337270737 6.88976383209229
1 0 0
1.47637796401978 0.266896337270737 6.88976383209229
1.47637796401978 0.119258530437946 6.88976383209229
1.47637796401978 0.119258530437946 -3.19744231092045E-14
1 0 0
1.47637796401978 0.119258530437946 6.88976383209229
1.47637796401978 0.266896337270737 6.88976383209229
-1.47637796401978 0.266896337270737 6.88976383209229
0 0 1
-1.47637796401978 0.266896337270737 6.88976383209229
-1.47637796401978 0.119258530437946 6.88976383209229
1.47637796401978 0.119258530437946 6.88976383209229
0 0 1
-0.976377964019775 0.119258530437946 6.38976383209229
-0.976377964019775 0.266896337270737 6.38976383209229
0.976377964019775 0.266896337270737 6.38976383209229
0 0 -1
0.976377964019775 0.266896337270737 6.38976383209229
0.976377964019775 0.119258530437946 6.38976383209229
-0.976377964019775 0.119258530437946 6.38976383209229
0 0 -1
0.976377964019775 0.119258530437946 6.38976383209229
0.976377964019775 0.266896337270737 6.38976383209229
0.976377964019775 0.266896337270737 3.59333992004395
-1 0 0
0.976377964019775 0.266896337270737 3.59333992004395
0.976377964019775 0.119258530437946 3.59333992004395
0.976377964019775 0.119258530437946 6.38976383209229
-1 0 0
0.976377964019775 0.119258530437946 3.59333992004395
0.976377964019775 0.266896337270737 3.59333992004395
-0.976377964019775 0.266896337270737 3.59333992004395
0 0 1
-0.976377964019775 0.266896337270737 3.59333992004395
-0.976377964019775 0.119258530437946 3.59333992004395
0.976377964019775 0.119258530437946 3.59333992004395
0 0 1
-0.976377964019775 0.119258530437946 3.59333992004395
-0.976377964019775 0.266896337270737 3.59333992004395
-0.976377964019775 0.266896337270737 6.38976383209229
1 0 0
-0.976377964019775 0.266896337270737 6.38976383209229
-0.976377964019775 0.119258530437946 6.38976383209229
-0.976377964019775 0.119258530437946 3.59333992004395
1 0 0
-0.976377964019775 0.119258530437946 2.96833992004395
-0.976377964019775 0.266896337270737 2.96833992004395
0.976377964019775 0.266896337270737 2.96833992004395
0 0 -1
0.976377964019775 0.266896337270737 2.96833992004395
0.976377964019775 0.119258530437946 2.96833992004395
-0.976377964019775 0.119258530437946 2.96833992004395
0 0 -1
0.976377964019775 0.119258530437946 2.96833992004395
0.976377964019775 0.266896337270737 2.96833992004395
0.976377964019775 0.266896337270737 0.833333313465118
-1 0 0
0.976377964019775 0.266896337270737 0.833333313465118
0.976377964019775 0.119258530437946 0.833333313465118
0.976377964019775 0.119258530437946 2.96833992004395
-1 0 0
0.976377964019775 0.119258530437946 0.833333313465118
0.976377964019775 0.266896337270737 0.833333313465118
-0.976377964019775 0.266896337270737 0.833333313465118
0 0 1
-0.976377964019775 0.266896337270737 0.833333313465118
-0.976377964019775 0.119258530437946 0.833333313465118
0.976377964019775 0.119258530437946 0.833333313465118
0 0 1
-0.976377964019775 0.119258530437946 0.833333313465118
-0.976377964019775 0.266896337270737 0.833333313465118
-0.976377964019775 0.266896337270737 2.96833992004395
1 0 0
-0.976377964019775 0.266896337270737 2.96833992004395
-0.976377964019775 0.119258530437946 2.96833992004395
-0.976377964019775 0.119258530437946 0.833333313465118
1 0 0
0.976377964019775 0.184875324368477 6.38976383209229
-0.976377964019775 0.184875324368477 6.38976383209229
-0.976377964019775 0.184875324368477 3.59333992004395
-3.22945807855174E-15 -1 0
-0.976377964019775 0.184875324368477 3.59333992004395
0.976377964019775 0.184875324368477 3.59333992004395
0.976377964019775 0.184875324368477 6.38976383209229
-3.22945807855174E-15 -1 0
0.976377964019775 0.184875324368477 2.96833992004395
-0.976377964019775 0.184875324368477 2.96833992004395
-0.976377964019775 0.184875324368477 0.833333313465118
-3.22945807855174E-15 -1 0
-0.976377964019775 0.184875324368477 0.833333313465118
0.976377964019775 0.184875324368477 0.833333313465118
0.976377964019775 0.184875324368477 2.96833992004395
-3.22945807855174E-15 -1 0
0.976377964019775 0.201279520988464 3.59333992004395
-0.976377964019775 0.201279520988464 3.59333992004395
-0.976377964019775 0.201279520988464 6.38976383209229
3.22945807855174E-15 1 0
-0.976377964019775 0.201279520988464 6.38976383209229
0.976377964019775 0.201279520988464 6.38976383209229
0.976377964019775 0.201279520988464 3.59333992004395
3.22945807855174E-15 1 0
0.976377964019775 0.201279520988464 0.833333313465118
-0.976377964019775 0.201279520988464 0.833333313465118
-0.976377964019775 0.201279520988464 2.96833992004395
3.22945807855174E-15 1 0
-0.976377964019775 0.201279520988464 2.96833992004395
0.976377964019775 0.201279520988464 2.96833992004395
0.976377964019775 0.201279520988464 0.833333313465118
3.22945807855174E-15 1 0
-0.976377964019775 0.184875324368477 6.38976383209229
-0.976377964019775 0.201279520988464 6.38976383209229
-0.976377964019775 0.201279520988464 3.59333992004395
-1 0 0
-0.976377964019775 0.201279520988464 3.59333992004395
-0.976377964019775 0.184875324368477 3.59333992004395
-0.976377964019775 0.184875324368477 6.38976383209229
-1 0 0
-0.976377964019775 0.184875324368477 3.59333992004395
-0.976377964019775 0.201279520988464 3.59333992004395
0.976377964019775 0.201279520988464 3.59333992004395
0 0 -1
0.976377964019775 0.201279520988464 3.59333992004395
0.976377964019775 0.184875324368477 3.59333992004395
-0.976377964019775 0.184875324368477 3.59333992004395
0 0 -1
0.976377964019775 0.184875324368477 3.59333992004395
0.976377964019775 0.201279520988464 3.59333992004395
0.976377964019775 0.201279520988464 6.38976383209229
1 0 0
0.976377964019775 0.201279520988464 6.38976383209229
0.976377964019775 0.184875324368477 6.38976383209229
0.976377964019775 0.184875324368477 3.59333992004395
1 0 0
0.976377964019775 0.184875324368477 6.38976383209229
0.976377964019775 0.201279520988464 6.38976383209229
-0.976377964019775 0.201279520988464 6.38976383209229
0 0 1
-0.976377964019775 0.201279520988464 6.38976383209229
-0.976377964019775 0.184875324368477 6.38976383209229
0.976377964019775 0.184875324368477 6.38976383209229
0 0 1
-0.976377964019775 0.184875324368477 2.96833992004395
-0.976377964019775 0.201279520988464 2.96833992004395
-0.976377964019775 0.201279520988464 0.833333313465118
-1 0 0
-0.976377964019775 0.201279520988464 0.833333313465118
-0.976377964019775 0.184875324368477 0.833333313465118
-0.976377964019775 0.184875324368477 2.96833992004395
-1 0 0
-0.976377964019775 0.184875324368477 0.833333313465118
-0.976377964019775 0.201279520988464 0.833333313465118
0.976377964019775 0.201279520988464 0.833333313465118
0 0 -1
0.976377964019775 0.201279520988464 0.833333313465118
0.976377964019775 0.184875324368477 0.833333313465118
-0.976377964019775 0.184875324368477 0.833333313465118
0 0 -1
0.976377964019775 0.184875324368477 0.833333313465118
0.976377964019775 0.201279520988464 0.833333313465118
0.976377964019775 0.201279520988464 2.96833992004395
1 0 0
0.976377964019775 0.201279520988464 2.96833992004395
0.976377964019775 0.184875324368477 2.96833992004395
0.976377964019775 0.184875324368477 0.833333313465118
1 0 0
0.976377964019775 0.184875324368477 2.96833992004395
0.976377964019775 0.201279520988464 2.96833992004395
-0.976377964019775 0.201279520988464 2.96833992004395
0 0 1
-0.976377964019775 0.201279520988464 2.96833992004395
-0.976377964019775 0.184875324368477 2.96833992004395
0.976377964019775 0.184875324368477 2.96833992004395
0 0 1
[HEADER]
432948,M_Door-Passage-Single-Two_Lite,6
344.597475957639 102.924310020559 24.9343832020997
1
-1 3.43594923676699E-15 0
-3.43594923676699E-15 -1 0
0 0 1
[HEADER]
432949,M_Door-Passage-Single-Two_Lite,6
360.208146165674 93.4098743260534 24.9343832020997
1
-1 3.36750920273384E-15 0
-3.36750920273384E-15 -1 0
0 0 1
[HEADER]
432950,M_Door-Passage-Double-Flush-Dbl_Acting 4,214
366.441741966199 93.4098743260534 24.9343832020997
1
-1 3.36750920273384E-15 0
-3.36750920273384E-15 -1 0
0 0 1
2.95275592803955 0.184875324368477 8.88178419700125E-16
3.11679792404175 0.184875324368477 8.88178419700125E-16
3.11679792404175 -0.307250648736954 8.88178419700125E-16
0 0 -1
3.11679792404175 -0.307250648736954 8.88178419700125E-16
2.95275592803955 -0.307250648736954 8.88178419700125E-16
2.95275592803955 0.184875324368477 8.88178419700125E-16
0 0 -1
2.95275592803955 -0.307250648736954 0
2.95275592803955 -0.307250648736954 6.88976383209229
2.95275592803955 0.184875324368477 6.88976383209229
-1 0 -6.44563767439519E-17
2.95275592803955 0.184875324368477 6.88976383209229
2.95275592803955 0.184875324368477 0
2.95275592803955 -0.307250648736954 0
-1 0 -6.44563767439519E-17
-2.95275592803955 0.184875324368477 3.78139764942877E-24
-3.11679792404175 0.184875324368477 3.1511646421189E-24
-2.95275592803955 0.184875324368477 6.88976383209229
0 1 -8.05704709299398E-18
3.11679792404175 0.184875324368477 -1.26046569907538E-23
2.95275592803955 0.184875324368477 -1.32348898008484E-23
2.95275592803955 0.184875324368477 6.88976383209229
0 1 -8.05704709299398E-18
-2.95275592803955 0.184875324368477 6.88976383209229
-3.11679792404175 0.184875324368477 7.21784782409668
2.95275592803955 0.184875324368477 6.88976383209229
0 1 -8.05704709299398E-18
-3.11679792404175 0.184875324368477 7.21784782409668
-2.95275592803955 0.184875324368477 6.88976383209229
-3.11679792404175 0.184875324368477 3.1511646421189E-24
0 1 -8.05704709299398E-18
2.95275592803955 0.184875324368477 6.88976383209229
3.11679792404175 0.184875324368477 7.21784782409668
3.11679792404175 0.184875324368477 -1.26046569907538E-23
0 1 -8.05704709299398E-18
3.11679792404175 0.184875324368477 7.21784782409668
2.95275592803955 0.184875324368477 6.88976383209229
-3.11679792404175 0.184875324368477 7.21784782409668
0 1 -8.05704709299398E-18
3.11679792404175 0.184875324368477 0
3.11679792404175 0.184875324368477 7.21784782409668
3.11679792404175 -0.307250648736954 7.21784782409668
1 0 0
3.11679792404175 -0.307250648736954 7.21784782409668
3.11679792404175 -0.307250648736954 0
3.11679792404175 0.184875324368477 0
1 0 0
2.95275592803955 -0.307250648736954 -1.32348898008484E-23
3.11679792404175 -0.307250648736954 0
2.95275592803955 -0.307250648736954 6.88976383209229
0 -1 0
-3.11679792404175 -0.307250648736954 0
-2.95275592803955 -0.307250648736954 1.32348898008484E-23
-2.95275592803955 -0.307250648736954 6.88976383209229
0 -1 0
2.95275592803955 -0.307250648736954 6.88976383209229
3.11679792404175 -0.307250648736954 7.21784782409668
-2.95275592803955 -0.307250648736954 6.88976383209229
0 -1 0
3.11679792404175 -0.307250648736954 7.21784782409668
2.95275592803955 -0.307250648736954 6.88976383209229
3.11679792404175 -0.307250648736954 0
0 -1 0
-2.95275592803955 -0.307250648736954 6.88976383209229
-3.11679792404175 -0.307250648736954 7.21784782409668
-3.11679792404175 -0.307250648736954 0
0 -1 0
-3.11679792404175 -0.307250648736954 7.21784782409668
-2.95275592803955 -0.307250648736954 6.88976383209229
3.11679792404175 -0.307250648736954 7.21784782409668
0 -1 0
2.95275592803955 -0.307250648736954 6.88976383209229
-2.95275592803955 -0.307250648736954 6.88976383209229
-2.95275592803955 0.184875324368477 6.88976383209229
0 0 -1
-2.95275592803955 0.184875324368477 6.88976383209229
2.95275592803955 0.184875324368477 6.88976383209229
2.95275592803955 -0.307250648736954 6.88976383209229
0 0 -1
-2.95275592803955 0.184875324368477 0
-2.95275592803955 -0.307250648736954 0
-3.11679792404175 -0.307250648736954 0
0 0 -1
-3.11679792404175 -0.307250648736954 0
-3.11679792404175 0.184875324368477 0
-2.95275592803955 0.184875324368477 0
0 0 -1
-2.95275592803955 0.184875324368477 6.88976383209229
-2.95275592803955 -0.307250648736954 6.88976383209229
-2.95275592803955 -0.307250648736954 0
1 0 0
-2.95275592803955 -0.307250648736954 0
-2.95275592803955 0.184875324368477 0
-2.95275592803955 0.184875324368477 6.88976383209229
1 0 0
-3.11679792404175 0.184875324368477 0
-3.11679792404175 -0.307250648736954 0
-3.11679792404175 -0.307250648736954 7.21784782409668
-1 0 0
-3.11679792404175 -0.307250648736954 7.21784782409668
-3.11679792404175 0.184875324368477 7.21784782409668
-3.11679792404175 0.184875324368477 0
-1 0 0
3.11679792404175 0.184875324368477 7.21784782409668
-3.11679792404175 0.184875324368477 7.21784782409668
-3.11679792404175 -0.307250648736954 7.21784782409668
0 0 1
-3.11679792404175 -0.307250648736954 7.21784782409668
3.11679792404175 -0.307250648736954 7.21784782409668
3.11679792404175 0.184875324368477 7.21784782409668
0 0 1
2.95275592803955 0.0372375324368477 6.88976383209229
0.00520833348855376 0.0372375324368477 6.88976383209229
2.95275592803955 0.0372375324368477 -3.28626015289046E-14
0 -1 0
0.00520833348855376 0.0372375324368477 -3.28626015289046E-14
2.95275592803955 0.0372375324368477 -3.28626015289046E-14
0.00520833348855376 0.0372375324368477 6.88976383209229
0 -1 0
-0.00520833348855376 0.0372375324368477 6.88976383209229
-2.95275592803955 0.0372375324368477 6.88976383209229
-0.00520833348855376 0.0372375324368477 -3.19744231092045E-14
0 -1 0
-2.95275592803955 0.0372375324368477 -3.19744231092045E-14
-0.00520833348855376 0.0372375324368477 -3.19744231092045E-14
-2.95275592803955 0.0372375324368477 6.88976383209229
0 -1 0
2.95275592803955 0.184875324368477 -3.28626015289046E-14
0.00520833348855376 0.184875324368477 -3.28626015289046E-14
0.00520833348855376 0.184875324368477 6.88976383209229
0 1 0
0.00520833348855376 0.184875324368477 6.88976383209229
2.95275592803955 0.184875324368477 6.88976383209229
2.95275592803955 0.184875324368477 -3.28626015289046E-14
0 1 0
-0.00520833348855376 0.184875324368477 -3.28626015289046E-14
-2.95275592803955 0.184875324368477 -3.19744231092045E-14
-0.00520833348855376 0.184875324368477 6.88976383209229
0 1 0
-2.95275592803955 0.184875324368477 6.88976383209229
-0.00520833348855376 0.184875324368477 6.88976383209229
-2.95275592803955 0.184875324368477 -3.19744231092045E-14
0 1 0
0.00520833348855376 0.0372375324368477 6.88976383209229
0.00520833348855376 0.184875324368477 6.88976383209229
0.00520833348855376 0.184875324368477 -3.28626015289046E-14
-1 0 4.40619762898106E-18
0.00520833348855376 0.184875324368477 -3.28626015289046E-14
0.00520833348855376 0.0372375324368477 -3.28626015289046E-14
0.00520833348855376 0.0372375324368477 6.88976383209229
-1 0 4.40619762898106E-18
0.00520833348855376 0.0372375324368477 -3.28626015289046E-14
0.00520833348855376 0.184875324368477 -3.28626015289046E-14
2.95275592803955 0.184875324368477 -3.24185123190546E-14
1.50663966899725E-16 0 -1
2.95275592803955 0.184875324368477 -3.24185123190546E-14
2.95275592803955 0.0372375324368477 -3.24185123190546E-14
0.00520833348855376 0.0372375324368477 -3.28626015289046E-14
1.50663966899725E-16 0 -1
2.95275592803955 0.0372375324368477 -3.28626015289046E-14
2.95275592803955 0.184875324368477 -3.28626015289046E-14
2.95275592803955 0.184875324368477 6.88976383209229
1 0 0
2.95275592803955 0.184875324368477 6.88976383209229
2.95275592803955 0.0372375324368477 6.88976383209229
2.95275592803955 0.0372375324368477 -3.28626015289046E-14
1 0 0
2.95275592803955 0.0372375324368477 6.88976383209229
2.95275592803955 0.184875324368477 6.88976383209229
0.00520833348855376 0.184875324368477 6.88976383209229
-3.0132793379945E-16 0 1
0.00520833348855376 0.184875324368477 6.88976383209229
0.00520833348855376 0.0372375324368477 6.88976383209229
2.95275592803955 0.0372375324368477 6.88976383209229
-3.0132793379945E-16 0 1
-0.00520833348855376 0.0372375324368477 -3.19744231092045E-14
-0.00520833348855376 0.184875324368477 -3.28626015289046E-14
-0.00520833348855376 0.184875324368477 6.88976383209229
1 0 1.35962669694273E-17
-0.00520833348855376 0.184875324368477 6.88976383209229
-0.00520833348855376 0.0372375324368477 6.88976383209229
-0.00520833348855376 0.0372375324368477 -3.19744231092045E-14
1 0 1.35962669694273E-17
-0.00520833348855376 0.0372375324368477 6.88976383209229
-0.00520833348855376 0.184875324368477 6.88976383209229
-2.95275592803955 0.184875324368477 6.88976383209229
0 0 1
-2.95275592803955 0.184875324368477 6.88976383209229
-2.95275592803955 0.0372375324368477 6.88976383209229
-0.00520833348855376 0.0372375324368477 6.88976383209229
0 0 1
-2.95275592803955 0.0372375324368477 6.88976383209229
-2.95275592803955 0.184875324368477 6.88976383209229
-2.95275592803955 0.184875324368477 -3.19744231092045E-14
-1 0 0
-2.95275592803955 0.184875324368477 -3.19744231092045E-14
-2.95275592803955 0.0372375324368477 -3.19744231092045E-14
-2.95275592803955 0.0372375324368477 6.88976383209229
-1 0 0
-2.95275592803955 0.0372375324368477 -3.19744231092045E-14
-2.95275592803955 0.184875324368477 -3.19744231092045E-14
-0.00520833348855376 0.184875324368477 -3.24185123190546E-14
-1.50663966899725E-16 0 -1
-0.00520833348855376 0.184875324368477 -3.24185123190546E-14
-0.00520833348855376 0.0372375324368477 -3.24185123190546E-14
-2.95275592803955 0.0372375324368477 -3.19744231092045E-14
-1.50663966899725E-16 0 -1
[HEADER]
432951,M_Door-Passage-Double-Flush-Dbl_Acting 2,6
391.882804674225 103.784874326054 24.9343832020997
1
1 -3.29110731268877E-15 0
3.29110731268877E-15 1 0
0 0 1
