[LEVEL]
1F BIMS plan
[HEADER]
426399,1830 x 1220mm,902
402.859064871873 303.16594387986 0.0328083989501529
1
-1.49877803362078E-15 -1 0
1 -1.49877803362078E-15 0
0 0 1
-2.29166674613953 0.0676673203706741 7.69849061965942
-0.0729166641831398 0.0676673203706741 7.69849061965942
-0.0729166641831398 0.0676673203706741 0.241141736507416
0 1 0
-0.0729166641831398 0.0676673203706741 0.241141736507416
-2.29166674613953 0.0676673203706741 0.241141736507416
-2.29166674613953 0.0676673203706741 7.69849061965942
0 1 0
-0.0729166641831398 0.0260006561875343 0.241141736507416
-0.0729166641831398 0.0260006561875343 7.69849061965942
-2.29166674613953 0.0260006561875343 7.69849061965942
0 -1 0
-2.29166674613953 0.0260006561875343 7.69849061965942
-2.29166674613953 0.0260006561875343 0.241141736507416
-0.0729166641831398 0.0260006561875343 0.241141736507416
0 -1 0
-2.29166674613953 0.0676673203706741 0.241141736507416
-2.29166674613953 0.0260006561875343 0.241141736507416
-2.29166674613953 0.0260006561875343 7.69849061965942
-1 0 0
-2.29166674613953 0.0260006561875343 7.69849061965942
-2.29166674613953 0.0676673203706741 7.69849061965942
-2.29166674613953 0.0676673203706741 0.241141736507416
-1 0 0
-2.29166674613953 0.0676673203706741 7.69849061965942
-2.29166674613953 0.0260006561875343 7.69849061965942
-0.0729166641831398 0.0260006561875343 7.69849061965942
0 0 1
-0.0729166641831398 0.0260006561875343 7.69849061965942
-0.0729166641831398 0.0676673203706741 7.69849061965942
-2.29166674613953 0.0676673203706741 7.69849061965942
0 0 1
-0.0729166641831398 0.0676673203706741 7.69849061965942
-0.0729166641831398 0.0260006561875343 7.69849061965942
-0.0729166641831398 0.0260006561875343 0.241141736507416
1 0 0
-0.0729166641831398 0.0260006561875343 0.241141736507416
-0.0729166641831398 0.0676673203706741 0.241141736507416
-0.0729166641831398 0.0676673203706741 7.69849061965942
1 0 0
-0.0729166641831398 0.0676673203706741 0.241141736507416
-0.0729166641831398 0.0260006561875343 0.241141736507416
-2.29166674613953 0.0260006561875343 0.241141736507416
0 0 -1
-2.29166674613953 0.0260006561875343 0.241141736507416
-2.29166674613953 0.0676673203706741 0.241141736507416
-0.0729166641831398 0.0676673203706741 0.241141736507416
0 0 -1
-2.4375 0.119750656187534 7.84432411193848
-2.29166674613953 0.119750656187534 7.69849061965942
-2.29166674613953 0.119750656187534 0.241141736507416
0 1 0
-2.29166674613953 0.119750656187534 7.69849061965942
-2.4375 0.119750656187534 7.84432411193848
-0.0729166641831398 0.119750656187534 7.69849061965942
0 1 0
-2.4375 0.119750656187534 0.0953084006905556
-2.29166674613953 0.119750656187534 0.241141736507416
-0.0729166641831398 0.119750656187534 0.241141736507416
0 1 0
-2.29166674613953 0.119750656187534 0.241141736507416
-2.4375 0.119750656187534 0.0953084006905556
-2.4375 0.119750656187534 7.84432411193848
0 1 0
-0.0729166641831398 0.119750656187534 7.69849061965942
0.0729166641831398 0.119750656187534 7.84432411193848
-0.0729166641831398 0.119750656187534 0.241141736507416
0 1 0
0.0729166641831398 0.119750656187534 7.84432411193848
-0.0729166641831398 0.119750656187534 7.69849061965942
-2.4375 0.119750656187534 7.84432411193848
0 1 0
-0.0729166641831398 0.119750656187534 0.241141736507416
0.0729166641831398 0.119750656187534 0.0953084006905556
-2.4375 0.119750656187534 0.0953084006905556
0 1 0
0.0729166641831398 0.119750656187534 0.0953084006905556
-0.0729166641831398 0.119750656187534 0.241141736507416
0.0729166641831398 0.119750656187534 7.84432411193848
0 1 0
0.0729166641831398 -0.0260826777666807 7.84432411193848
-0.0729166641831398 -0.0260826777666807 7.69849061965942
-0.0729166641831398 -0.0260826777666807 0.241141736507416
0 -1 0
-0.0729166641831398 -0.0260826777666807 7.69849061965942
0.0729166641831398 -0.0260826777666807 7.84432411193848
-2.29166674613953 -0.0260826777666807 7.69849061965942
0 -1 0
0.0729166641831398 -0.0260826777666807 0.0953084006905556
-0.0729166641831398 -0.0260826777666807 0.241141736507416
-2.29166674613953 -0.0260826777666807 0.241141736507416
0 -1 0
-0.0729166641831398 -0.0260826777666807 0.241141736507416
0.0729166641831398 -0.0260826777666807 0.0953084006905556
0.0729166641831398 -0.0260826777666807 7.84432411193848
0 -1 0
-2.29166674613953 -0.0260826777666807 7.69849061965942
-2.4375 -0.0260826777666807 7.84432411193848
-2.29166674613953 -0.0260826777666807 0.241141736507416
0 -1 0
-2.4375 -0.0260826777666807 7.84432411193848
-2.29166674613953 -0.0260826777666807 7.69849061965942
0.0729166641831398 -0.0260826777666807 7.84432411193848
0 -1 0
-2.29166674613953 -0.0260826777666807 0.241141736507416
-2.4375 -0.0260826777666807 0.0953084006905556
0.0729166641831398 -0.0260826777666807 0.0953084006905556
0 -1 0
-2.4375 -0.0260826777666807 0.0953084006905556
-2.29166674613953 -0.0260826777666807 0.241141736507416
-2.4375 -0.0260826777666807 7.84432411193848
0 -1 0
-2.4375 0.119750656187534 7.84432411193848
-2.4375 -0.0260826777666807 7.84432411193848
0.0729166641831398 -0.0260826777666807 7.84432411193848
0 0 1
0.0729166641831398 -0.0260826777666807 7.84432411193848
0.0729166641831398 0.119750656187534 7.84432411193848
-2.4375 0.119750656187534 7.84432411193848
0 0 1
0.0729166641831398 0.119750656187534 7.84432411193848
0.0729166641831398 -0.0260826777666807 7.84432411193848
0.0729166641831398 -0.0260826777666807 0.0953084006905556
1 0 0
0.0729166641831398 -0.0260826777666807 0.0953084006905556
0.0729166641831398 0.119750656187534 0.0953084006905556
0.0729166641831398 0.119750656187534 7.84432411193848
1 0 0
0.0729166641831398 0.119750656187534 0.0953084006905556
0.0729166641831398 -0.0260826777666807 0.0953084006905556
-2.4375 -0.0260826777666807 0.0953084006905556
0 0 -1
-2.4375 -0.0260826777666807 0.0953084006905556
-2.4375 0.119750656187534 0.0953084006905556
0.0729166641831398 0.119750656187534 0.0953084006905556
0 0 -1
-2.4375 0.119750656187534 0.0953084006905556
-2.4375 -0.0260826777666807 0.0953084006905556
-2.4375 -0.0260826777666807 7.84432411193848
-1 0 0
-2.4375 -0.0260826777666807 7.84432411193848
-2.4375 0.119750656187534 7.84432411193848
-2.4375 0.119750656187534 0.0953084006905556
-1 0 0
-2.29166674613953 0.119750656187534 7.69849061965942
-2.29166674613953 -0.0260826777666807 7.69849061965942
-2.29166674613953 -0.0260826777666807 0.241141736507416
1 0 0
-2.29166674613953 -0.0260826777666807 0.241141736507416
-2.29166674613953 0.119750656187534 0.241141736507416
-2.29166674613953 0.119750656187534 7.69849061965942
1 0 0
-2.29166674613953 0.119750656187534 0.241141736507416
-2.29166674613953 -0.0260826777666807 0.241141736507416
-0.0729166641831398 -0.0260826777666807 0.241141736507416
-2.00152883312705E-16 0 1
-0.0729166641831398 -0.0260826777666807 0.241141736507416
-0.0729166641831398 0.119750656187534 0.241141736507416
-2.29166674613953 0.119750656187534 0.241141736507416
-2.00152883312705E-16 0 1
-0.0729166641831398 0.119750656187534 0.241141736507416
-0.0729166641831398 -0.0260826777666807 0.241141736507416
-0.0729166641831398 -0.0260826777666807 7.69849061965942
-1 0 0
-0.0729166641831398 -0.0260826777666807 7.69849061965942
-0.0729166641831398 0.119750656187534 7.69849061965942
-0.0729166641831398 0.119750656187534 0.241141736507416
-1 0 0
-0.0729166641831398 0.119750656187534 7.69849061965942
-0.0729166641831398 -0.0260826777666807 7.69849061965942
-2.29166674613953 -0.0260826777666807 7.69849061965942
0 0 -1
-2.29166674613953 -0.0260826777666807 7.69849061965942
-2.29166674613953 0.119750656187534 7.69849061965942
-0.0729166641831398 0.119750656187534 7.69849061965942
0 0 -1
2.72916674613953 0.432250648736954 0.0953084006905556
2.72916674613953 0.432250648736954 0.0328084006905556
-2.72916674613953 0.432250648736954 0.0328084006905556
0 1 0
-2.72916674613953 0.432250648736954 0.0328084006905556
-2.72916674613953 0.432250648736954 0.0953084006905556
2.72916674613953 0.432250648736954 0.0953084006905556
0 1 0
-2.72916674613953 0.328083992004395 0.0328084006905556
2.72916674613953 0.328083992004395 0.0328084006905556
2.72916674613953 0.328083992004395 0.0953084006905556
0 -1 0
2.72916674613953 0.328083992004395 0.0953084006905556
-2.72916674613953 0.328083992004395 0.0953084006905556
-2.72916674613953 0.328083992004395 0.0328084006905556
0 -1 0
-2.72916674613953 0.432250648736954 0.0953084006905556
-2.72916674613953 0.328083992004395 0.0953084006905556
2.72916674613953 0.328083992004395 0.0953084006905556
0 0 1
2.72916674613953 0.328083992004395 0.0953084006905556
2.72916674613953 0.432250648736954 0.0953084006905556
-2.72916674613953 0.432250648736954 0.0953084006905556
0 0 1
2.72916674613953 0.432250648736954 0.0953084006905556
2.72916674613953 0.328083992004395 0.0953084006905556
2.72916674613953 0.328083992004395 0.0328084006905556
1 0 0
2.72916674613953 0.328083992004395 0.0328084006905556
2.72916674613953 0.432250648736954 0.0328084006905556
2.72916674613953 0.432250648736954 0.0953084006905556
1 0 0
2.72916674613953 0.432250648736954 0.0328084006905556
2.72916674613953 0.328083992004395 0.0328084006905556
-2.72916674613953 0.328083992004395 0.0328084006905556
0 0 -1
-2.72916674613953 0.328083992004395 0.0328084006905556
-2.72916674613953 0.432250648736954 0.0328084006905556
2.72916674613953 0.432250648736954 0.0328084006905556
0 0 -1
-2.72916674613953 0.432250648736954 0.0328084006905556
-2.72916674613953 0.328083992004395 0.0328084006905556
-2.72916674613953 0.328083992004395 0.0953084006905556
-1 0 -7.10542735760393E-15
-2.72916674613953 0.328083992004395 0.0953084006905556
-2.72916674613953 0.432250648736954 0.0953084006905556
-2.72916674613953 0.432250648736954 0.0328084006905556
-1 0 -7.10542735760393E-15
2.72916674613953 0.390583992004395 8.13599109649658
2.4375 0.390583992004395 7.84432411193848
-2.4375 0.390583992004395 7.84432411193848
0 1 0
2.4375 0.390583992004395 7.84432411193848
2.72916674613953 0.390583992004395 8.13599109649658
2.72916674613953 0.390583992004395 0.0953084006905556
0 1 0
-2.72916674613953 0.390583992004395 8.13599109649658
-2.4375 0.390583992004395 7.84432411193848
-2.72916674613953 0.390583992004395 0.0953084006905556
0 1 0
-2.4375 0.390583992004395 7.84432411193848
-2.72916674613953 0.390583992004395 8.13599109649658
2.72916674613953 0.390583992004395 8.13599109649658
0 1 0
2.72916674613953 0.390583992004395 0.0953084006905556
2.4375 0.390583992004395 0.0953084006905556
2.4375 0.390583992004395 7.84432411193848
0 1 0
-2.4375 0.390583992004395 0.0953084006905556
-2.72916674613953 0.390583992004395 0.0953084006905556
-2.4375 0.390583992004395 7.84432411193848
0 1 0
2.4375 0.328083992004395 0.0953084006905556
2.72916674613953 0.328083992004395 0.0953084006905556
2.4375 0.328083992004395 7.84432411193848
0 -1 0
-2.72916674613953 0.328083992004395 0.0953084006905556
-2.4375 0.328083992004395 0.0953084006905556
-2.4375 0.328083992004395 7.84432411193848
0 -1 0
2.4375 0.328083992004395 7.84432411193848
2.72916674613953 0.328083992004395 8.13599109649658
-2.4375 0.328083992004395 7.84432411193848
0 -1 0
2.72916674613953 0.328083992004395 8.13599109649658
2.4375 0.328083992004395 7.84432411193848
2.72916674613953 0.328083992004395 0.0953084006905556
0 -1 0
-2.4375 0.328083992004395 7.84432411193848
-2.72916674613953 0.328083992004395 8.13599109649658
-2.72916674613953 0.328083992004395 0.0953084006905556
0 -1 0
-2.72916674613953 0.328083992004395 8.13599109649658
-2.4375 0.328083992004395 7.84432411193848
2.72916674613953 0.328083992004395 8.13599109649658
0 -1 0
-2.4375 0.390583992004395 7.84432411193848
-2.4375 0.328083992004395 7.84432411193848
-2.4375 0.328083992004395 0.0953084006905556
1 0 0
-2.4375 0.328083992004395 0.0953084006905556
-2.4375 0.390583992004395 0.0953084006905556
-2.4375 0.390583992004395 7.84432411193848
1 0 0
-2.4375 0.390583992004395 0.0953084006905556
-2.4375 0.328083992004395 0.0953084006905556
-2.72916674613953 0.328083992004395 0.0953084006905556
0 0 -1
-2.72916674613953 0.328083992004395 0.0953084006905556
-2.72916674613953 0.390583992004395 0.0953084006905556
-2.4375 0.390583992004395 0.0953084006905556
0 0 -1
-2.72916674613953 0.390583992004395 0.0953084006905556
-2.72916674613953 0.328083992004395 0.0953084006905556
-2.72916674613953 0.328083992004395 8.13599109649658
-1 0 0
-2.72916674613953 0.328083992004395 8.13599109649658
-2.72916674613953 0.390583992004395 8.13599109649658
-2.72916674613953 0.390583992004395 0.0953084006905556
-1 0 0
-2.72916674613953 0.390583992004395 8.13599109649658
-2.72916674613953 0.328083992004395 8.13599109649658
2.72916674613953 0.328083992004395 8.13599109649658
0 0 1
2.72916674613953 0.328083992004395 8.13599109649658
2.72916674613953 0.390583992004395 8.13599109649658
-2.72916674613953 0.390583992004395 8.13599109649658
0 0 1
2.72916674613953 0.390583992004395 8.13599109649658
2.72916674613953 0.328083992004395 8.13599109649658
2.72916674613953 0.328083992004395 0.0953084006905556
1 0 0
2.72916674613953 0.328083992004395 0.0953084006905556
2.72916674613953 0.390583992004395 0.0953084006905556
2.72916674613953 0.390583992004395 8.13599109649658
1 0 0
2.72916674613953 0.390583992004395 0.0953084006905556
2.72916674613953 0.328083992004395 0.0953084006905556
2.4375 0.328083992004395 0.0953084006905556
-3.04518315325769E-15 0 -1
2.4375 0.328083992004395 0.0953084006905556
2.4375 0.390583992004395 0.0953084006905556
2.72916674613953 0.390583992004395 0.0953084006905556
-3.04518315325769E-15 0 -1
2.4375 0.390583992004395 0.0953084006905556
2.4375 0.328083992004395 0.0953084006905556
2.4375 0.328083992004395 7.84432411193848
-1 0 0
2.4375 0.328083992004395 7.84432411193848
2.4375 0.390583992004395 7.84432411193848
2.4375 0.390583992004395 0.0953084006905556
-1 0 0
2.4375 0.390583992004395 7.84432411193848
2.4375 0.328083992004395 7.84432411193848
-2.4375 0.328083992004395 7.84432411193848
0 0 -1
-2.4375 0.328083992004395 7.84432411193848
-2.4375 0.390583992004395 7.84432411193848
2.4375 0.390583992004395 7.84432411193848
0 0 -1
-2.6875 -0.390583992004395 8.09432411193848
-2.39583325386047 -0.390583992004395 7.80265760421753
2.39583325386047 -0.390583992004395 7.80265760421753
0 -1 0
-2.39583325386047 -0.390583992004395 7.80265760421753
-2.6875 -0.390583992004395 8.09432411193848
-2.39583325386047 -0.390583992004395 0.136975064873695
0 -1 0
2.6875 -0.390583992004395 8.09432411193848
2.39583325386047 -0.390583992004395 7.80265760421753
2.39583325386047 -0.390583992004395 0.136975064873695
0 -1 0
2.39583325386047 -0.390583992004395 7.80265760421753
2.6875 -0.390583992004395 8.09432411193848
-2.6875 -0.390583992004395 8.09432411193848
0 -1 0
-2.39583325386047 -0.390583992004395 0.136975064873695
-2.6875 -0.390583992004395 -0.154691606760025
2.39583325386047 -0.390583992004395 0.136975064873695
0 -1 0
-2.6875 -0.390583992004395 -0.154691606760025
-2.39583325386047 -0.390583992004395 0.136975064873695
-2.6875 -0.390583992004395 8.09432411193848
0 -1 0
2.39583325386047 -0.390583992004395 0.136975064873695
2.6875 -0.390583992004395 -0.154691606760025
2.6875 -0.390583992004395 8.09432411193848
0 -1 0
2.6875 -0.390583992004395 -0.154691606760025
2.39583325386047 -0.390583992004395 0.136975064873695
-2.6875 -0.390583992004395 -0.154691606760025
0 -1 0
-2.6875 -0.328083992004395 -0.154691606760025
-2.39583325386047 -0.328083992004395 0.136975064873695
2.39583325386047 -0.328083992004395 0.136975064873695
0 1 0
-2.39583325386047 -0.328083992004395 0.136975064873695
-2.6875 -0.328083992004395 -0.154691606760025
-2.39583325386047 -0.328083992004395 7.80265760421753
0 1 0
2.6875 -0.328083992004395 -0.154691606760025
2.39583325386047 -0.328083992004395 0.136975064873695
2.39583325386047 -0.328083992004395 7.80265760421753
0 1 0
2.39583325386047 -0.328083992004395 0.136975064873695
2.6875 -0.328083992004395 -0.154691606760025
-2.6875 -0.328083992004395 -0.154691606760025
0 1 0
-2.39583325386047 -0.328083992004395 7.80265760421753
-2.6875 -0.328083992004395 8.09432411193848
2.39583325386047 -0.328083992004395 7.80265760421753
0 1 0
-2.6875 -0.328083992004395 8.09432411193848
-2.39583325386047 -0.328083992004395 7.80265760421753
-2.6875 -0.328083992004395 -0.154691606760025
0 1 0
2.39583325386047 -0.328083992004395 7.80265760421753
2.6875 -0.328083992004395 8.09432411193848
2.6875 -0.328083992004395 -0.154691606760025
0 1 0
2.6875 -0.328083992004395 8.09432411193848
2.39583325386047 -0.328083992004395 7.80265760421753
-2.6875 -0.328083992004395 8.09432411193848
0 1 0
2.39583325386047 -0.390583992004395 7.80265760421753
2.39583325386047 -0.328083992004395 7.80265760421753
2.39583325386047 -0.328083992004395 0.136975064873695
-1 0 0
2.39583325386047 -0.328083992004395 0.136975064873695
2.39583325386047 -0.390583992004395 0.136975064873695
2.39583325386047 -0.390583992004395 7.80265760421753
-1 0 0
2.39583325386047 -0.390583992004395 0.136975064873695
2.39583325386047 -0.328083992004395 0.136975064873695
-2.39583325386047 -0.328083992004395 0.136975064873695
0 0 1
-2.39583325386047 -0.328083992004395 0.136975064873695
-2.39583325386047 -0.390583992004395 0.136975064873695
2.39583325386047 -0.390583992004395 0.136975064873695
0 0 1
-2.39583325386047 -0.390583992004395 0.136975064873695
-2.39583325386047 -0.328083992004395 0.136975064873695
-2.39583325386047 -0.328083992004395 7.80265760421753
1 0 0
-2.39583325386047 -0.328083992004395 7.80265760421753
-2.39583325386047 -0.390583992004395 7.80265760421753
-2.39583325386047 -0.390583992004395 0.136975064873695
1 0 0
-2.39583325386047 -0.390583992004395 7.80265760421753
-2.39583325386047 -0.328083992004395 7.80265760421753
2.39583325386047 -0.328083992004395 7.80265760421753
0 0 -1
2.39583325386047 -0.328083992004395 7.80265760421753
2.39583325386047 -0.390583992004395 7.80265760421753
-2.39583325386047 -0.390583992004395 7.80265760421753
0 0 -1
2.6875 -0.390583992004395 8.09432411193848
2.6875 -0.328083992004395 8.09432411193848
-2.6875 -0.328083992004395 8.09432411193848
0 0 1
-2.6875 -0.328083992004395 8.09432411193848
-2.6875 -0.390583992004395 8.09432411193848
2.6875 -0.390583992004395 8.09432411193848
0 0 1
-2.6875 -0.390583992004395 8.09432411193848
-2.6875 -0.328083992004395 8.09432411193848
-2.6875 -0.328083992004395 -0.154691606760025
-1 0 0
-2.6875 -0.328083992004395 -0.154691606760025
-2.6875 -0.390583992004395 -0.154691606760025
-2.6875 -0.390583992004395 8.09432411193848
-1 0 0
-2.6875 -0.390583992004395 -0.154691606760025
-2.6875 -0.328083992004395 -0.154691606760025
2.6875 -0.328083992004395 -0.154691606760025
1.65242496688396E-16 0 -1
2.6875 -0.328083992004395 -0.154691606760025
2.6875 -0.390583992004395 -0.154691606760025
-2.6875 -0.390583992004395 -0.154691606760025
1.65242496688396E-16 0 -1
2.6875 -0.390583992004395 -0.154691606760025
2.6875 -0.328083992004395 -0.154691606760025
2.6875 -0.328083992004395 8.09432411193848
1 0 5.38354178746766E-17
2.6875 -0.328083992004395 8.09432411193848
2.6875 -0.390583992004395 8.09432411193848
2.6875 -0.390583992004395 -0.154691606760025
1 0 5.38354178746766E-17
0.0729166641831398 0.171833992004395 7.69849061965942
0.0729166641831398 0.171833992004395 0.241141736507416
2.29166674613953 0.171833992004395 0.241141736507416
0 -1 0
2.29166674613953 0.171833992004395 0.241141736507416
2.29166674613953 0.171833992004395 7.69849061965942
0.0729166641831398 0.171833992004395 7.69849061965942
0 -1 0
2.29166674613953 0.213500648736954 0.241141736507416
0.0729166641831398 0.213500648736954 0.241141736507416
0.0729166641831398 0.213500648736954 7.69849061965942
0 1 0
0.0729166641831398 0.213500648736954 7.69849061965942
2.29166674613953 0.213500648736954 7.69849061965942
2.29166674613953 0.213500648736954 0.241141736507416
0 1 0
2.29166674613953 0.171833992004395 7.69849061965942
2.29166674613953 0.213500648736954 7.69849061965942
0.0729166641831398 0.213500648736954 7.69849061965942
0 0 1
0.0729166641831398 0.213500648736954 7.69849061965942
0.0729166641831398 0.171833992004395 7.69849061965942
2.29166674613953 0.171833992004395 7.69849061965942
0 0 1
0.0729166641831398 0.171833992004395 7.69849061965942
0.0729166641831398 0.213500648736954 7.69849061965942
0.0729166641831398 0.213500648736954 0.241141736507416
-1 0 0
0.0729166641831398 0.213500648736954 0.241141736507416
0.0729166641831398 0.171833992004395 0.241141736507416
0.0729166641831398 0.171833992004395 7.69849061965942
-1 0 0
0.0729166641831398 0.171833992004395 0.241141736507416
0.0729166641831398 0.213500648736954 0.241141736507416
2.29166674613953 0.213500648736954 0.241141736507416
2.00152883312706E-16 0 -1
2.29166674613953 0.213500648736954 0.241141736507416
2.29166674613953 0.171833992004395 0.241141736507416
0.0729166641831398 0.171833992004395 0.241141736507416
2.00152883312706E-16 0 -1
2.29166674613953 0.171833992004395 0.241141736507416
2.29166674613953 0.213500648736954 0.241141736507416
2.29166674613953 0.213500648736954 7.69849061965942
1 0 0
2.29166674613953 0.213500648736954 7.69849061965942
2.29166674613953 0.171833992004395 7.69849061965942
2.29166674613953 0.171833992004395 0.241141736507416
1 0 0
-0.0729166641831398 0.265583992004395 7.84432411193848
0.0729166641831398 0.265583992004395 7.69849061965942
0.0729166641831398 0.265583992004395 0.241141736507416
0 1 0
0.0729166641831398 0.265583992004395 7.69849061965942
-0.0729166641831398 0.265583992004395 7.84432411193848
2.29166674613953 0.265583992004395 7.69849061965942
0 1 0
-0.0729166641831398 0.265583992004395 0.0953084006905556
0.0729166641831398 0.265583992004395 0.241141736507416
2.29166674613953 0.265583992004395 0.241141736507416
0 1 0
0.0729166641831398 0.265583992004395 0.241141736507416
-0.0729166641831398 0.265583992004395 0.0953084006905556
-0.0729166641831398 0.265583992004395 7.84432411193848
0 1 0
2.29166674613953 0.265583992004395 7.69849061965942
2.4375 0.265583992004395 7.84432411193848
2.29166674613953 0.265583992004395 0.241141736507416
0 1 0
2.4375 0.265583992004395 7.84432411193848
2.29166674613953 0.265583992004395 7.69849061965942
-0.0729166641831398 0.265583992004395 7.84432411193848
0 1 0
2.29166674613953 0.265583992004395 0.241141736507416
2.4375 0.265583992004395 0.0953084006905556
-0.0729166641831398 0.265583992004395 0.0953084006905556
0 1 0
2.4375 0.265583992004395 0.0953084006905556
2.29166674613953 0.265583992004395 0.241141736507416
2.4375 0.265583992004395 7.84432411193848
0 1 0
2.4375 0.119750656187534 7.84432411193848
2.29166674613953 0.119750656187534 7.69849061965942
2.29166674613953 0.119750656187534 0.241141736507416
0 -1 0
2.29166674613953 0.119750656187534 7.69849061965942
2.4375 0.119750656187534 7.84432411193848
0.0729166641831398 0.119750656187534 7.69849061965942
0 -1 0
2.4375 0.119750656187534 0.0953084006905556
2.29166674613953 0.119750656187534 0.241141736507416
0.0729166641831398 0.119750656187534 0.241141736507416
0 -1 0
2.29166674613953 0.119750656187534 0.241141736507416
2.4375 0.119750656187534 0.0953084006905556
2.4375 0.119750656187534 7.84432411193848
0 -1 0
0.0729166641831398 0.119750656187534 7.69849061965942
-0.0729166641831398 0.119750656187534 7.84432411193848
0.0729166641831398 0.119750656187534 0.241141736507416
0 -1 0
-0.0729166641831398 0.119750656187534 7.84432411193848
0.0729166641831398 0.119750656187534 7.69849061965942
2.4375 0.119750656187534 7.84432411193848
0 -1 0
0.0729166641831398 0.119750656187534 0.241141736507416
-0.0729166641831398 0.119750656187534 0.0953084006905556
2.4375 0.119750656187534 0.0953084006905556
0 -1 0
-0.0729166641831398 0.119750656187534 0.0953084006905556
0.0729166641831398 0.119750656187534 0.241141736507416
-0.0729166641831398 0.119750656187534 7.84432411193848
0 -1 0
-0.0729166641831398 0.265583992004395 7.84432411193848
-0.0729166641831398 0.119750656187534 7.84432411193848
2.4375 0.119750656187534 7.84432411193848
0 0 1
2.4375 0.119750656187534 7.84432411193848
2.4375 0.265583992004395 7.84432411193848
-0.0729166641831398 0.265583992004395 7.84432411193848
0 0 1
2.4375 0.265583992004395 7.84432411193848
2.4375 0.119750656187534 7.84432411193848
2.4375 0.119750656187534 0.0953084006905556
1 0 0
2.4375 0.119750656187534 0.0953084006905556
2.4375 0.265583992004395 0.0953084006905556
2.4375 0.265583992004395 7.84432411193848
1 0 0
2.4375 0.265583992004395 0.0953084006905556
2.4375 0.119750656187534 0.0953084006905556
-0.0729166641831398 0.119750656187534 0.0953084006905556
0 0 -1
-0.0729166641831398 0.119750656187534 0.0953084006905556
-0.0729166641831398 0.265583992004395 0.0953084006905556
2.4375 0.265583992004395 0.0953084006905556
0 0 -1
-0.0729166641831398 0.265583992004395 0.0953084006905556
-0.0729166641831398 0.119750656187534 0.0953084006905556
-0.0729166641831398 0.119750656187534 7.84432411193848
-1 0 0
-0.0729166641831398 0.119750656187534 7.84432411193848
-0.0729166641831398 0.265583992004395 7.84432411193848
-0.0729166641831398 0.265583992004395 0.0953084006905556
-1 0 0
0.0729166641831398 0.265583992004395 7.69849061965942
0.0729166641831398 0.119750656187534 7.69849061965942
0.0729166641831398 0.119750656187534 0.241141736507416
1 0 0
0.0729166641831398 0.119750656187534 0.241141736507416
0.0729166641831398 0.265583992004395 0.241141736507416
0.0729166641831398 0.265583992004395 7.69849061965942
1 0 0
0.0729166641831398 0.265583992004395 0.241141736507416
0.0729166641831398 0.119750656187534 0.241141736507416
2.29166674613953 0.119750656187534 0.241141736507416
2.00152883312706E-16 0 1
2.29166674613953 0.119750656187534 0.241141736507416
2.29166674613953 0.265583992004395 0.241141736507416
0.0729166641831398 0.265583992004395 0.241141736507416
2.00152883312706E-16 0 1
2.29166674613953 0.265583992004395 0.241141736507416
2.29166674613953 0.119750656187534 0.241141736507416
2.29166674613953 0.119750656187534 7.69849061965942
-1 0 0
2.29166674613953 0.119750656187534 7.69849061965942
2.29166674613953 0.265583992004395 7.69849061965942
2.29166674613953 0.265583992004395 0.241141736507416
-1 0 0
2.29166674613953 0.265583992004395 7.69849061965942
2.29166674613953 0.119750656187534 7.69849061965942
0.0729166641831398 0.119750656187534 7.69849061965942
0 0 -1
0.0729166641831398 0.119750656187534 7.69849061965942
0.0729166641831398 0.265583992004395 7.69849061965942
2.29166674613953 0.265583992004395 7.69849061965942
0 0 -1
-2.5 -0.0260826777666807 7.90682411193848
-2.39583325386047 -0.0260826777666807 7.80265760421753
-2.39583325386047 -0.0260826777666807 0.136975064873695
0 1 0
-2.39583325386047 -0.0260826777666807 7.80265760421753
-2.5 -0.0260826777666807 7.90682411193848
2.39583325386047 -0.0260826777666807 7.80265760421753
0 1 0
-2.5 -0.0260826777666807 0.0328084006905556
-2.39583325386047 -0.0260826777666807 0.136975064873695
2.39583325386047 -0.0260826777666807 0.136975064873695
0 1 0
-2.39583325386047 -0.0260826777666807 0.136975064873695
-2.5 -0.0260826777666807 0.0328084006905556
-2.5 -0.0260826777666807 7.90682411193848
0 1 0
2.39583325386047 -0.0260826777666807 7.80265760421753
2.5 -0.0260826777666807 7.90682411193848
2.39583325386047 -0.0260826777666807 0.136975064873695
0 1 0
2.5 -0.0260826777666807 7.90682411193848
2.39583325386047 -0.0260826777666807 7.80265760421753
-2.5 -0.0260826777666807 7.90682411193848
0 1 0
2.39583325386047 -0.0260826777666807 0.136975064873695
2.5 -0.0260826777666807 0.0328084006905556
-2.5 -0.0260826777666807 0.0328084006905556
0 1 0
2.5 -0.0260826777666807 0.0328084006905556
2.39583325386047 -0.0260826777666807 0.136975064873695
2.5 -0.0260826777666807 7.90682411193848
0 1 0
2.5 -0.328083992004395 7.90682411193848
2.39583325386047 -0.328083992004395 7.80265760421753
2.39583325386047 -0.328083992004395 0.136975064873695
0 -1 0
2.39583325386047 -0.328083992004395 7.80265760421753
2.5 -0.328083992004395 7.90682411193848
-2.39583325386047 -0.328083992004395 7.80265760421753
0 -1 0
2.5 -0.328083992004395 0.0328084006905556
2.39583325386047 -0.328083992004395 0.136975064873695
-2.39583325386047 -0.328083992004395 0.136975064873695
0 -1 0
2.39583325386047 -0.328083992004395 0.136975064873695
2.5 -0.328083992004395 0.0328084006905556
2.5 -0.328083992004395 7.90682411193848
0 -1 0
-2.39583325386047 -0.328083992004395 7.80265760421753
-2.5 -0.328083992004395 7.90682411193848
-2.39583325386047 -0.328083992004395 0.136975064873695
0 -1 0
-2.5 -0.328083992004395 7.90682411193848
-2.39583325386047 -0.328083992004395 7.80265760421753
2.5 -0.328083992004395 7.90682411193848
0 -1 0
-2.39583325386047 -0.328083992004395 0.136975064873695
-2.5 -0.328083992004395 0.0328084006905556
2.5 -0.328083992004395 0.0328084006905556
0 -1 0
-2.5 -0.328083992004395 0.0328084006905556
-2.39583325386047 -0.328083992004395 0.136975064873695
-2.5 -0.328083992004395 7.90682411193848
0 -1 0
-2.5 -0.0260826777666807 7.90682411193848
-2.5 -0.328083992004395 7.90682411193848
2.5 -0.328083992004395 7.90682411193848
0 0 1
2.5 -0.328083992004395 7.90682411193848
2.5 -0.0260826777666807 7.90682411193848
-2.5 -0.0260826777666807 7.90682411193848
0 0 1
2.5 -0.0260826777666807 7.90682411193848
2.5 -0.328083992004395 7.90682411193848
2.5 -0.328083992004395 0.0328084006905556
1 0 0
2.5 -0.328083992004395 0.0328084006905556
2.5 -0.0260826777666807 0.0328084006905556
2.5 -0.0260826777666807 7.90682411193848
1 0 0
2.5 -0.0260826777666807 0.0328084006905556
2.5 -0.328083992004395 0.0328084006905556
-2.5 -0.328083992004395 0.0328084006905556
0 0 -1
-2.5 -0.328083992004395 0.0328084006905556
-2.5 -0.0260826777666807 0.0328084006905556
2.5 -0.0260826777666807 0.0328084006905556
0 0 -1
-2.5 -0.0260826777666807 0.0328084006905556
-2.5 -0.328083992004395 0.0328084006905556
-2.5 -0.328083992004395 7.90682411193848
-1 0 0
-2.5 -0.328083992004395 7.90682411193848
-2.5 -0.0260826777666807 7.90682411193848
-2.5 -0.0260826777666807 0.0328084006905556
-1 0 0
-2.39583325386047 -0.0260826777666807 7.80265760421753
-2.39583325386047 -0.328083992004395 7.80265760421753
-2.39583325386047 -0.328083992004395 0.136975064873695
1 0 0
-2.39583325386047 -0.328083992004395 0.136975064873695
-2.39583325386047 -0.0260826777666807 0.136975064873695
-2.39583325386047 -0.0260826777666807 7.80265760421753
1 0 0
-2.39583325386047 -0.0260826777666807 0.136975064873695
-2.39583325386047 -0.328083992004395 0.136975064873695
2.39583325386047 -0.328083992004395 0.136975064873695
0 0 1
2.39583325386047 -0.328083992004395 0.136975064873695
2.39583325386047 -0.0260826777666807 0.136975064873695
-2.39583325386047 -0.0260826777666807 0.136975064873695
0 0 1
2.39583325386047 -0.0260826777666807 0.136975064873695
2.39583325386047 -0.328083992004395 0.136975064873695
2.39583325386047 -0.328083992004395 7.80265760421753
-1 0 0
2.39583325386047 -0.328083992004395 7.80265760421753
2.39583325386047 -0.0260826777666807 7.80265760421753
2.39583325386047 -0.0260826777666807 0.136975064873695
-1 0 0
2.39583325386047 -0.0260826777666807 7.80265760421753
2.39583325386047 -0.328083992004395 7.80265760421753
-2.39583325386047 -0.328083992004395 7.80265760421753
0 0 -1
-2.39583325386047 -0.328083992004395 7.80265760421753
-2.39583325386047 -0.0260826777666807 7.80265760421753
2.39583325386047 -0.0260826777666807 7.80265760421753
0 0 -1
2.5 -0.0260826777666807 7.90682411193848
2.4375 -0.0260826777666807 7.84432411193848
2.4375 -0.0260826777666807 0.0953084006905556
0 -1 0
2.4375 -0.0260826777666807 7.84432411193848
2.5 -0.0260826777666807 7.90682411193848
-2.4375 -0.0260826777666807 7.84432411193848
0 -1 0
2.5 -0.0260826777666807 0.0328084006905556
2.4375 -0.0260826777666807 0.0953084006905556
-2.4375 -0.0260826777666807 0.0953084006905556
0 -1 0
2.4375 -0.0260826777666807 0.0953084006905556
2.5 -0.0260826777666807 0.0328084006905556
2.5 -0.0260826777666807 7.90682411193848
0 -1 0
-2.4375 -0.0260826777666807 7.84432411193848
-2.5 -0.0260826777666807 7.90682411193848
-2.4375 -0.0260826777666807 0.0953084006905556
0 -1 0
-2.5 -0.0260826777666807 7.90682411193848
-2.4375 -0.0260826777666807 7.84432411193848
2.5 -0.0260826777666807 7.90682411193848
0 -1 0
-2.4375 -0.0260826777666807 0.0953084006905556
-2.5 -0.0260826777666807 0.0328084006905556
2.5 -0.0260826777666807 0.0328084006905556
0 -1 0
-2.5 -0.0260826777666807 0.0328084006905556
-2.4375 -0.0260826777666807 0.0953084006905556
-2.5 -0.0260826777666807 7.90682411193848
0 -1 0
-2.5 0.328083992004395 7.90682411193848
-2.4375 0.328083992004395 7.84432411193848
-2.4375 0.328083992004395 0.0953084006905556
0 1 0
-2.4375 0.328083992004395 7.84432411193848
-2.5 0.328083992004395 7.90682411193848
2.4375 0.328083992004395 7.84432411193848
0 1 0
-2.5 0.328083992004395 0.0328084006905556
-2.4375 0.328083992004395 0.0953084006905556
2.4375 0.328083992004395 0.0953084006905556
0 1 0
-2.4375 0.328083992004395 0.0953084006905556
-2.5 0.328083992004395 0.0328084006905556
-2.5 0.328083992004395 7.90682411193848
0 1 0
2.4375 0.328083992004395 7.84432411193848
2.5 0.328083992004395 7.90682411193848
2.4375 0.328083992004395 0.0953084006905556
0 1 0
2.5 0.328083992004395 7.90682411193848
2.4375 0.328083992004395 7.84432411193848
-2.5 0.328083992004395 7.90682411193848
0 1 0
2.4375 0.328083992004395 0.0953084006905556
2.5 0.328083992004395 0.0328084006905556
-2.5 0.328083992004395 0.0328084006905556
0 1 0
2.5 0.328083992004395 0.0328084006905556
2.4375 0.328083992004395 0.0953084006905556
2.5 0.328083992004395 7.90682411193848
0 1 0
2.5 -0.0260826777666807 7.90682411193848
2.5 0.328083992004395 7.90682411193848
-2.5 0.328083992004395 7.90682411193848
0 0 1
-2.5 0.328083992004395 7.90682411193848
-2.5 -0.0260826777666807 7.90682411193848
2.5 -0.0260826777666807 7.90682411193848
0 0 1
-2.5 -0.0260826777666807 7.90682411193848
-2.5 0.328083992004395 7.90682411193848
-2.5 0.328083992004395 0.0328084006905556
-1 0 0
-2.5 0.328083992004395 0.0328084006905556
-2.5 -0.0260826777666807 0.0328084006905556
-2.5 -0.0260826777666807 7.90682411193848
-1 0 0
-2.5 -0.0260826777666807 0.0328084006905556
-2.5 0.328083992004395 0.0328084006905556
2.5 0.328083992004395 0.0328084006905556
0 0 -1
2.5 0.328083992004395 0.0328084006905556
2.5 -0.0260826777666807 0.0328084006905556
-2.5 -0.0260826777666807 0.0328084006905556
0 0 -1
2.5 -0.0260826777666807 0.0328084006905556
2.5 0.328083992004395 0.0328084006905556
2.5 0.328083992004395 7.90682411193848
1 0 5.63993296509578E-17
2.5 0.328083992004395 7.90682411193848
2.5 -0.0260826777666807 7.90682411193848
2.5 -0.0260826777666807 0.0328084006905556
1 0 5.63993296509578E-17
2.4375 -0.0260826777666807 7.84432411193848
2.4375 0.328083992004395 7.84432411193848
2.4375 0.328083992004395 0.0953084006905556
-1 0 0
2.4375 0.328083992004395 0.0953084006905556
2.4375 -0.0260826777666807 0.0953084006905556
2.4375 -0.0260826777666807 7.84432411193848
-1 0 0
2.4375 -0.0260826777666807 0.0953084006905556
2.4375 0.328083992004395 0.0953084006905556
-2.4375 0.328083992004395 0.0953084006905556
0 0 1
-2.4375 0.328083992004395 0.0953084006905556
-2.4375 -0.0260826777666807 0.0953084006905556
2.4375 -0.0260826777666807 0.0953084006905556
0 0 1
-2.4375 -0.0260826777666807 0.0953084006905556
-2.4375 0.328083992004395 0.0953084006905556
-2.4375 0.328083992004395 7.84432411193848
1 0 0
-2.4375 0.328083992004395 7.84432411193848
-2.4375 -0.0260826777666807 7.84432411193848
-2.4375 -0.0260826777666807 0.0953084006905556
1 0 0
-2.4375 -0.0260826777666807 7.84432411193848
-2.4375 0.328083992004395 7.84432411193848
2.4375 0.328083992004395 7.84432411193848
0 0 -1
2.4375 0.328083992004395 7.84432411193848
2.4375 -0.0260826777666807 7.84432411193848
-2.4375 -0.0260826777666807 7.84432411193848
0 0 -1
[HEADER]
426400,1830 x 1220mm,6
402.859064871873 295.948096110831 2.16701656619023E-14
1
-1.49877803362078E-15 -1 0
1 -1.49877803362078E-15 0
0 0 1
[HEADER]
426401,1830 x 1220mm,6
402.859064871873 286.433660415293 2.16701656619023E-14
1
1.49877803362078E-15 1 0
-1 1.49877803362078E-15 0
0 0 1
[HEADER]
426402,1830 x 1220mm,6
402.859064871873 278.887728656763 2.16701656619023E-14
1
1.49877803362078E-15 1 0
-1 1.49877803362078E-15 0
0 0 1
[HEADER]
426403,1830 x 1220mm,6
402.859064871873 270.357544929729 2.16701656619023E-14
1
-1.49877803362078E-15 -1 0
1 -1.49877803362078E-15 0
0 0 1
[HEADER]
426404,1830 x 1220mm,6
402.859064871873 261.171193223692 2.16701656619023E-14
1
1.49877803362078E-15 1 0
-1 1.49877803362078E-15 0
0 0 1
[HEADER]
426405,1830 x 1220mm,6
402.859064871873 252.641009496658 2.16701656619023E-14
1
-1.49877803362078E-15 -1 0
1 -1.49877803362078E-15 0
0 0 1
[HEADER]
426406,1830 x 1220mm,6
402.859064871873 244.438909759125 2.16701656619023E-14
1
-1.49877803362078E-15 -1 0
1 -1.49877803362078E-15 0
0 0 1
[HEADER]
426407,1830 x 1220mm,6
402.859064871873 235.252558053088 2.16701656619023E-14
1
-1.49877803362078E-15 -1 0
1 -1.49877803362078E-15 0
0 0 1
[HEADER]
426408,1830 x 1220mm,6
402.859064871873 225.081954378547 2.16701656619023E-14
1
1.49877803362078E-15 1 0
-1 1.49877803362078E-15 0
0 0 1
[HEADER]
426409,1830 x 1220mm,6
402.859064871873 215.895602672511 2.16701656619023E-14
1
1.49877803362078E-15 1 0
-1 1.49877803362078E-15 0
0 0 1
[HEADER]
426410,1830 x 1220mm,6
402.859064871873 207.693502934978 2.16701656619023E-14
1
1.49877803362078E-15 1 0
-1 1.49877803362078E-15 0
0 0 1
[HEADER]
426411,1830 x 1220mm,6
402.859064871873 199.163319207944 2.16701656619023E-14
1
-1.49877803362078E-15 -1 0
1 -1.49877803362078E-15 0
0 0 1
[HEADER]
426412,1830 x 1220mm,6
402.859064871873 190.961219470411 2.16701656619023E-14
1
-1.49877803362078E-15 -1 0
1 -1.49877803362078E-15 0
0 0 1
[HEADER]
426413,1830 x 1220mm,6
402.859064871873 182.102951753876 2.16701656619023E-14
1
1.49877803362078E-15 1 0
-1 1.49877803362078E-15 0
0 0 1
[HEADER]
426414,1830 x 1220mm,6
402.859064871873 172.916600047839 2.16701656619023E-14
1
-1.49877803362078E-15 -1 0
1 -1.49877803362078E-15 0
0 0 1
[HEADER]
426415,1830 x 1220mm,6
402.859064871873 164.156757527637 2.16701656619023E-14
1
1.49877803362078E-15 1 0
-1 1.49877803362078E-15 0
0 0 1
[HEADER]
426416,2800 x 3000mm 2,902
426.612345637138 215.211901342766 -2.96719160104984
1
-1.57467900726635E-15 -1 0
1 -1.57467900726635E-15 0
0 0 1
-4.38484239578247 -0.0143536748364568 12.6341867446899
-0.0729166641831398 -0.0143536748364568 12.6341867446899
-0.0729166641831398 -0.0143536748364568 3.20833325386047
0 1 0
-0.0729166641831398 -0.0143536748364568 3.20833325386047
-4.38484239578247 -0.0143536748364568 3.20833325386047
-4.38484239578247 -0.0143536748364568 12.6341867446899
0 1 0
-0.0729166641831398 -0.0560203418135643 3.20833325386047
-0.0729166641831398 -0.0560203418135643 12.6341867446899
-4.38484239578247 -0.0560203418135643 12.6341867446899
0 -1 0
-4.38484239578247 -0.0560203418135643 12.6341867446899
-4.38484239578247 -0.0560203418135643 3.20833325386047
-0.0729166641831398 -0.0560203418135643 3.20833325386047
0 -1 0
-4.38484239578247 -0.0143536748364568 3.20833325386047
-4.38484239578247 -0.0560203418135643 3.20833325386047
-4.38484239578247 -0.0560203418135643 12.6341867446899
-1 0 0
-4.38484239578247 -0.0560203418135643 12.6341867446899
-4.38484239578247 -0.0143536748364568 12.6341867446899
-4.38484239578247 -0.0143536748364568 3.20833325386047
-1 0 0
-4.38484239578247 -0.0143536748364568 12.6341867446899
-4.38484239578247 -0.0560203418135643 12.6341867446899
-0.0729166641831398 -0.0560203418135643 12.6341867446899
0 0 1
-0.0729166641831398 -0.0560203418135643 12.6341867446899
-0.0729166641831398 -0.0143536748364568 12.6341867446899
-4.38484239578247 -0.0143536748364568 12.6341867446899
0 0 1
-0.0729166641831398 -0.0143536748364568 12.6341867446899
-0.0729166641831398 -0.0560203418135643 12.6341867446899
-0.0729166641831398 -0.0560203418135643 3.20833325386047
1 0 0
-0.0729166641831398 -0.0560203418135643 3.20833325386047
-0.0729166641831398 -0.0143536748364568 3.20833325386047
-0.0729166641831398 -0.0143536748364568 12.6341867446899
1 0 0
-0.0729166641831398 -0.0143536748364568 3.20833325386047
-0.0729166641831398 -0.0560203418135643 3.20833325386047
-4.38484239578247 -0.0560203418135643 3.20833325386047
0 0 -1
-4.38484239578247 -0.0560203418135643 3.20833325386047
-4.38484239578247 -0.0143536748364568 3.20833325386047
-0.0729166641831398 -0.0143536748364568 3.20833325386047
0 0 -1
-4.53067588806152 0.0377296581864357 12.7800197601318
-4.38484239578247 0.0377296581864357 12.6341867446899
-4.38484239578247 0.0377296581864357 3.20833325386047
0 1 0
-4.38484239578247 0.0377296581864357 12.6341867446899
-4.53067588806152 0.0377296581864357 12.7800197601318
-0.0729166641831398 0.0377296581864357 12.6341867446899
0 1 0
-4.53067588806152 0.0377296581864357 3.0625
-4.38484239578247 0.0377296581864357 3.20833325386047
-0.0729166641831398 0.0377296581864357 3.20833325386047
0 1 0
-4.38484239578247 0.0377296581864357 3.20833325386047
-4.53067588806152 0.0377296581864357 3.0625
-4.53067588806152 0.0377296581864357 12.7800197601318
0 1 0
-0.0729166641831398 0.0377296581864357 12.6341867446899
0.0729166641831398 0.0377296581864357 12.7800197601318
-0.0729166641831398 0.0377296581864357 3.20833325386047
0 1 0
0.0729166641831398 0.0377296581864357 12.7800197601318
-0.0729166641831398 0.0377296581864357 12.6341867446899
-4.53067588806152 0.0377296581864357 12.7800197601318
0 1 0
-0.0729166641831398 0.0377296581864357 3.20833325386047
0.0729166641831398 0.0377296581864357 3.0625
-4.53067588806152 0.0377296581864357 3.0625
0 1 0
0.0729166641831398 0.0377296581864357 3.0625
-0.0729166641831398 0.0377296581864357 3.20833325386047
0.0729166641831398 0.0377296581864357 12.7800197601318
0 1 0
0.0729166641831398 -0.108103677630425 12.7800197601318
-0.0729166641831398 -0.108103677630425 12.6341867446899
-0.0729166641831398 -0.108103677630425 3.20833325386047
0 -1 0
-0.0729166641831398 -0.108103677630425 12.6341867446899
0.0729166641831398 -0.108103677630425 12.7800197601318
-4.38484239578247 -0.108103677630425 12.6341867446899
0 -1 0
0.0729166641831398 -0.108103677630425 3.0625
-0.0729166641831398 -0.108103677630425 3.20833325386047
-4.38484239578247 -0.108103677630425 3.20833325386047
0 -1 0
-0.0729166641831398 -0.108103677630425 3.20833325386047
0.0729166641831398 -0.108103677630425 3.0625
0.0729166641831398 -0.108103677630425 12.7800197601318
0 -1 0
-4.38484239578247 -0.108103677630425 12.6341867446899
-4.53067588806152 -0.108103677630425 12.7800197601318
-4.38484239578247 -0.108103677630425 3.20833325386047
0 -1 0
-4.53067588806152 -0.108103677630425 12.7800197601318
-4.38484239578247 -0.108103677630425 12.6341867446899
0.0729166641831398 -0.108103677630425 12.7800197601318
0 -1 0
-4.38484239578247 -0.108103677630425 3.20833325386047
-4.53067588806152 -0.108103677630425 3.0625
0.0729166641831398 -0.108103677630425 3.0625
0 -1 0
-4.53067588806152 -0.108103677630425 3.0625
-4.38484239578247 -0.108103677630425 3.20833325386047
-4.53067588806152 -0.108103677630425 12.7800197601318
0 -1 0
-4.53067588806152 0.0377296581864357 12.7800197601318
-4.53067588806152 -0.108103677630425 12.7800197601318
0.0729166641831398 -0.108103677630425 12.7800197601318
0 0 1
0.0729166641831398 -0.108103677630425 12.7800197601318
0.0729166641831398 0.0377296581864357 12.7800197601318
-4.53067588806152 0.0377296581864357 12.7800197601318
0 0 1
0.0729166641831398 0.0377296581864357 12.7800197601318
0.0729166641831398 -0.108103677630425 12.7800197601318
0.0729166641831398 -0.108103677630425 3.0625
1 0 0
0.0729166641831398 -0.108103677630425 3.0625
0.0729166641831398 0.0377296581864357 3.0625
0.0729166641831398 0.0377296581864357 12.7800197601318
1 0 0
0.0729166641831398 0.0377296581864357 3.0625
0.0729166641831398 -0.108103677630425 3.0625
-4.53067588806152 -0.108103677630425 3.0625
0 0 -1
-4.53067588806152 -0.108103677630425 3.0625
-4.53067588806152 0.0377296581864357 3.0625
0.0729166641831398 0.0377296581864357 3.0625
0 0 -1
-4.53067588806152 0.0377296581864357 3.0625
-4.53067588806152 -0.108103677630425 3.0625
-4.53067588806152 -0.108103677630425 12.7800197601318
-1 0 0
-4.53067588806152 -0.108103677630425 12.7800197601318
-4.53067588806152 0.0377296581864357 12.7800197601318
-4.53067588806152 0.0377296581864357 3.0625
-1 0 0
-4.38484239578247 0.0377296581864357 12.6341867446899
-4.38484239578247 -0.108103677630425 12.6341867446899
-4.38484239578247 -0.108103677630425 3.20833325386047
1 0 0
-4.38484239578247 -0.108103677630425 3.20833325386047
-4.38484239578247 0.0377296581864357 3.20833325386047
-4.38484239578247 0.0377296581864357 12.6341867446899
1 0 0
-4.38484239578247 0.0377296581864357 3.20833325386047
-4.38484239578247 -0.108103677630425 3.20833325386047
-0.0729166641831398 -0.108103677630425 3.20833325386047
-1.02990919832074E-16 0 1
-0.0729166641831398 -0.108103677630425 3.20833325386047
-0.0729166641831398 0.0377296581864357 3.20833325386047
-4.38484239578247 0.0377296581864357 3.20833325386047
-1.02990919832074E-16 0 1
-0.0729166641831398 0.0377296581864357 3.20833325386047
-0.0729166641831398 -0.108103677630425 3.20833325386047
-0.0729166641831398 -0.108103677630425 12.6341867446899
-1 0 0
-0.0729166641831398 -0.108103677630425 12.6341867446899
-0.0729166641831398 0.0377296581864357 12.6341867446899
-0.0729166641831398 0.0377296581864357 3.20833325386047
-1 0 0
-0.0729166641831398 0.0377296581864357 12.6341867446899
-0.0729166641831398 -0.108103677630425 12.6341867446899
-4.38484239578247 -0.108103677630425 12.6341867446899
0 0 -1
-4.38484239578247 -0.108103677630425 12.6341867446899
-4.38484239578247 0.0377296581864357 12.6341867446899
-0.0729166641831398 0.0377296581864357 12.6341867446899
0 0 -1
4.82234239578247 0.350229650735855 3.0625
4.82234239578247 0.350229650735855 3
-4.82234239578247 0.350229650735855 3
0 1 0
-4.82234239578247 0.350229650735855 3
-4.82234239578247 0.350229650735855 3.0625
4.82234239578247 0.350229650735855 3.0625
0 1 0
-4.82234239578247 0.246062994003296 3
4.82234239578247 0.246062994003296 3
4.82234239578247 0.246062994003296 3.0625
0 -1 0
4.82234239578247 0.246062994003296 3.0625
-4.82234239578247 0.246062994003296 3.0625
-4.82234239578247 0.246062994003296 3
0 -1 0
-4.82234239578247 0.350229650735855 3.0625
-4.82234239578247 0.246062994003296 3.0625
4.82234239578247 0.246062994003296 3.0625
0 0 1
4.82234239578247 0.246062994003296 3.0625
4.82234239578247 0.350229650735855 3.0625
-4.82234239578247 0.350229650735855 3.0625
0 0 1
4.82234239578247 0.350229650735855 3.0625
4.82234239578247 0.246062994003296 3.0625
4.82234239578247 0.246062994003296 3
1 0 0
4.82234239578247 0.246062994003296 3
4.82234239578247 0.350229650735855 3
4.82234239578247 0.350229650735855 3.0625
1 0 0
4.82234239578247 0.350229650735855 3
4.82234239578247 0.246062994003296 3
-4.82234239578247 0.246062994003296 3
0 0 -1
-4.82234239578247 0.246062994003296 3
-4.82234239578247 0.350229650735855 3
4.82234239578247 0.350229650735855 3
0 0 -1
-4.82234239578247 0.350229650735855 3
-4.82234239578247 0.246062994003296 3
-4.82234239578247 0.246062994003296 3.0625
-1 0 1.42108547152079E-14
-4.82234239578247 0.246062994003296 3.0625
-4.82234239578247 0.350229650735855 3.0625
-4.82234239578247 0.350229650735855 3
-1 0 1.42108547152079E-14
4.82234239578247 0.308562994003296 13.0716867446899
4.53067588806152 0.308562994003296 12.7800197601318
-4.53067588806152 0.308562994003296 12.7800197601318
0 1 0
4.53067588806152 0.308562994003296 12.7800197601318
4.82234239578247 0.308562994003296 13.0716867446899
4.82234239578247 0.308562994003296 3.0625
0 1 0
-4.82234239578247 0.308562994003296 13.0716867446899
-4.53067588806152 0.308562994003296 12.7800197601318
-4.82234239578247 0.308562994003296 3.0625
0 1 0
-4.53067588806152 0.308562994003296 12.7800197601318
-4.82234239578247 0.308562994003296 13.0716867446899
4.82234239578247 0.308562994003296 13.0716867446899
0 1 0
4.82234239578247 0.308562994003296 3.0625
4.53067588806152 0.308562994003296 3.0625
4.53067588806152 0.308562994003296 12.7800197601318
0 1 0
-4.53067588806152 0.308562994003296 3.0625
-4.82234239578247 0.308562994003296 3.0625
-4.53067588806152 0.308562994003296 12.7800197601318
0 1 0
4.53067588806152 0.246062994003296 3.0625
4.82234239578247 0.246062994003296 3.0625
4.53067588806152 0.246062994003296 12.7800197601318
0 -1 0
-4.82234239578247 0.246062994003296 3.0625
-4.53067588806152 0.246062994003296 3.0625
-4.53067588806152 0.246062994003296 12.7800197601318
0 -1 0
4.53067588806152 0.246062994003296 12.7800197601318
4.82234239578247 0.246062994003296 13.0716867446899
-4.53067588806152 0.246062994003296 12.7800197601318
0 -1 0
4.82234239578247 0.246062994003296 13.0716867446899
4.53067588806152 0.246062994003296 12.7800197601318
4.82234239578247 0.246062994003296 3.0625
0 -1 0
-4.53067588806152 0.246062994003296 12.7800197601318
-4.82234239578247 0.246062994003296 13.0716867446899
-4.82234239578247 0.246062994003296 3.0625
0 -1 0
-4.82234239578247 0.246062994003296 13.0716867446899
-4.53067588806152 0.246062994003296 12.7800197601318
4.82234239578247 0.246062994003296 13.0716867446899
0 -1 0
-4.53067588806152 0.308562994003296 12.7800197601318
-4.53067588806152 0.246062994003296 12.7800197601318
-4.53067588806152 0.246062994003296 3.0625
1 0 0
-4.53067588806152 0.246062994003296 3.0625
-4.53067588806152 0.308562994003296 3.0625
-4.53067588806152 0.308562994003296 12.7800197601318
1 0 0
-4.53067588806152 0.308562994003296 3.0625
-4.53067588806152 0.246062994003296 3.0625
-4.82234239578247 0.246062994003296 3.0625
0 0 -1
-4.82234239578247 0.246062994003296 3.0625
-4.82234239578247 0.308562994003296 3.0625
-4.53067588806152 0.308562994003296 3.0625
0 0 -1
-4.82234239578247 0.308562994003296 3.0625
-4.82234239578247 0.246062994003296 3.0625
-4.82234239578247 0.246062994003296 13.0716867446899
-1 0 0
-4.82234239578247 0.246062994003296 13.0716867446899
-4.82234239578247 0.308562994003296 13.0716867446899
-4.82234239578247 0.308562994003296 3.0625
-1 0 0
-4.82234239578247 0.308562994003296 13.0716867446899
-4.82234239578247 0.246062994003296 13.0716867446899
4.82234239578247 0.246062994003296 13.0716867446899
0 0 1
4.82234239578247 0.246062994003296 13.0716867446899
4.82234239578247 0.308562994003296 13.0716867446899
-4.82234239578247 0.308562994003296 13.0716867446899
0 0 1
4.82234239578247 0.308562994003296 13.0716867446899
4.82234239578247 0.246062994003296 13.0716867446899
4.82234239578247 0.246062994003296 3.0625
1 0 0
4.82234239578247 0.246062994003296 3.0625
4.82234239578247 0.308562994003296 3.0625
4.82234239578247 0.308562994003296 13.0716867446899
1 0 0
4.82234239578247 0.308562994003296 3.0625
4.82234239578247 0.246062994003296 3.0625
4.53067588806152 0.246062994003296 3.0625
0 0 -1
4.53067588806152 0.246062994003296 3.0625
4.53067588806152 0.308562994003296 3.0625
4.82234239578247 0.308562994003296 3.0625
0 0 -1
4.53067588806152 0.308562994003296 3.0625
4.53067588806152 0.246062994003296 3.0625
4.53067588806152 0.246062994003296 12.7800197601318
-1 0 0
4.53067588806152 0.246062994003296 12.7800197601318
4.53067588806152 0.308562994003296 12.7800197601318
4.53067588806152 0.308562994003296 3.0625
-1 0 0
4.53067588806152 0.308562994003296 12.7800197601318
4.53067588806152 0.246062994003296 12.7800197601318
-4.53067588806152 0.246062994003296 12.7800197601318
0 0 -1
-4.53067588806152 0.246062994003296 12.7800197601318
-4.53067588806152 0.308562994003296 12.7800197601318
4.53067588806152 0.308562994003296 12.7800197601318
0 0 -1
-4.78067588806152 -0.308562994003296 13.0300197601318
-4.48900938034058 -0.308562994003296 12.7383527755737
4.48900938034058 -0.308562994003296 12.7383527755737
0 -1 0
-4.48900938034058 -0.308562994003296 12.7383527755737
-4.78067588806152 -0.308562994003296 13.0300197601318
-4.48900938034058 -0.308562994003296 3.10416674613953
0 -1 0
4.78067588806152 -0.308562994003296 13.0300197601318
4.48900938034058 -0.308562994003296 12.7383527755737
4.48900938034058 -0.308562994003296 3.10416674613953
0 -1 0
4.48900938034058 -0.308562994003296 12.7383527755737
4.78067588806152 -0.308562994003296 13.0300197601318
-4.78067588806152 -0.308562994003296 13.0300197601318
0 -1 0
-4.48900938034058 -0.308562994003296 3.10416674613953
-4.78067588806152 -0.308562994003296 2.8125
4.48900938034058 -0.308562994003296 3.10416674613953
0 -1 0
-4.78067588806152 -0.308562994003296 2.8125
-4.48900938034058 -0.308562994003296 3.10416674613953
-4.78067588806152 -0.308562994003296 13.0300197601318
0 -1 0
4.48900938034058 -0.308562994003296 3.10416674613953
4.78067588806152 -0.308562994003296 2.8125
4.78067588806152 -0.308562994003296 13.0300197601318
0 -1 0
4.78067588806152 -0.308562994003296 2.8125
4.48900938034058 -0.308562994003296 3.10416674613953
-4.78067588806152 -0.308562994003296 2.8125
0 -1 0
-4.78067588806152 -0.246062994003296 2.8125
-4.48900938034058 -0.246062994003296 3.10416674613953
4.48900938034058 -0.246062994003296 3.10416674613953
0 1 0
-4.48900938034058 -0.246062994003296 3.10416674613953
-4.78067588806152 -0.246062994003296 2.8125
-4.48900938034058 -0.246062994003296 12.7383527755737
0 1 0
4.78067588806152 -0.246062994003296 2.8125
4.48900938034058 -0.246062994003296 3.10416674613953
4.48900938034058 -0.246062994003296 12.7383527755737
0 1 0
4.48900938034058 -0.246062994003296 3.10416674613953
4.78067588806152 -0.246062994003296 2.8125
-4.78067588806152 -0.246062994003296 2.8125
0 1 0
-4.48900938034058 -0.246062994003296 12.7383527755737
-4.78067588806152 -0.246062994003296 13.0300197601318
4.48900938034058 -0.246062994003296 12.7383527755737
0 1 0
-4.78067588806152 -0.246062994003296 13.0300197601318
-4.48900938034058 -0.246062994003296 12.7383527755737
-4.78067588806152 -0.246062994003296 2.8125
0 1 0
4.48900938034058 -0.246062994003296 12.7383527755737
4.78067588806152 -0.246062994003296 13.0300197601318
4.78067588806152 -0.246062994003296 2.8125
0 1 0
4.78067588806152 -0.246062994003296 13.0300197601318
4.48900938034058 -0.246062994003296 12.7383527755737
-4.78067588806152 -0.246062994003296 13.0300197601318
0 1 0
4.48900938034058 -0.308562994003296 12.7383527755737
4.48900938034058 -0.246062994003296 12.7383527755737
4.48900938034058 -0.246062994003296 3.10416674613953
-1 0 9.21902885491565E-17
4.48900938034058 -0.246062994003296 3.10416674613953
4.48900938034058 -0.308562994003296 3.10416674613953
4.48900938034058 -0.308562994003296 12.7383527755737
-1 0 9.21902885491565E-17
4.48900938034058 -0.308562994003296 3.10416674613953
4.48900938034058 -0.246062994003296 3.10416674613953
-4.48900938034058 -0.246062994003296 3.10416674613953
0 0 1
-4.48900938034058 -0.246062994003296 3.10416674613953
-4.48900938034058 -0.308562994003296 3.10416674613953
4.48900938034058 -0.308562994003296 3.10416674613953
0 0 1
-4.48900938034058 -0.308562994003296 3.10416674613953
-4.48900938034058 -0.246062994003296 3.10416674613953
-4.48900938034058 -0.246062994003296 12.7383527755737
1 0 0
-4.48900938034058 -0.246062994003296 12.7383527755737
-4.48900938034058 -0.308562994003296 12.7383527755737
-4.48900938034058 -0.308562994003296 3.10416674613953
1 0 0
-4.48900938034058 -0.308562994003296 12.7383527755737
-4.48900938034058 -0.246062994003296 12.7383527755737
4.48900938034058 -0.246062994003296 12.7383527755737
0 0 -1
4.48900938034058 -0.246062994003296 12.7383527755737
4.48900938034058 -0.308562994003296 12.7383527755737
-4.48900938034058 -0.308562994003296 12.7383527755737
0 0 -1
4.78067588806152 -0.308562994003296 13.0300197601318
4.78067588806152 -0.246062994003296 13.0300197601318
-4.78067588806152 -0.246062994003296 13.0300197601318
0 0 1
-4.78067588806152 -0.246062994003296 13.0300197601318
-4.78067588806152 -0.308562994003296 13.0300197601318
4.78067588806152 -0.308562994003296 13.0300197601318
0 0 1
-4.78067588806152 -0.308562994003296 13.0300197601318
-4.78067588806152 -0.246062994003296 13.0300197601318
-4.78067588806152 -0.246062994003296 2.8125
-1 0 0
-4.78067588806152 -0.246062994003296 2.8125
-4.78067588806152 -0.308562994003296 2.8125
-4.78067588806152 -0.308562994003296 13.0300197601318
-1 0 0
-4.78067588806152 -0.308562994003296 2.8125
-4.78067588806152 -0.246062994003296 2.8125
4.78067588806152 -0.246062994003296 2.8125
-4.64462790935386E-17 0 -1
4.78067588806152 -0.246062994003296 2.8125
4.78067588806152 -0.308562994003296 2.8125
-4.78067588806152 -0.308562994003296 2.8125
-4.64462790935386E-17 0 -1
4.78067588806152 -0.308562994003296 2.8125
4.78067588806152 -0.246062994003296 2.8125
4.78067588806152 -0.246062994003296 13.0300197601318
1 0 -8.6927008420704E-17
4.78067588806152 -0.246062994003296 13.0300197601318
4.78067588806152 -0.308562994003296 13.0300197601318
4.78067588806152 -0.308562994003296 2.8125
1 0 -8.6927008420704E-17
0.0729166641831398 0.0898129940032959 12.6341867446899
0.0729166641831398 0.0898129940032959 3.20833325386047
4.38484239578247 0.0898129940032959 3.20833325386047
0 -1 0
4.38484239578247 0.0898129940032959 3.20833325386047
4.38484239578247 0.0898129940032959 12.6341867446899
0.0729166641831398 0.0898129940032959 12.6341867446899
0 -1 0
4.38484239578247 0.131479665637016 3.20833325386047
0.0729166641831398 0.131479665637016 3.20833325386047
0.0729166641831398 0.131479665637016 12.6341867446899
0 1 0
0.0729166641831398 0.131479665637016 12.6341867446899
4.38484239578247 0.131479665637016 12.6341867446899
4.38484239578247 0.131479665637016 3.20833325386047
0 1 0
4.38484239578247 0.0898129940032959 12.6341867446899
4.38484239578247 0.131479665637016 12.6341867446899
0.0729166641831398 0.131479665637016 12.6341867446899
0 0 1
0.0729166641831398 0.131479665637016 12.6341867446899
0.0729166641831398 0.0898129940032959 12.6341867446899
4.38484239578247 0.0898129940032959 12.6341867446899
0 0 1
0.0729166641831398 0.0898129940032959 12.6341867446899
0.0729166641831398 0.131479665637016 12.6341867446899
0.0729166641831398 0.131479665637016 3.20833325386047
-1 0 0
0.0729166641831398 0.131479665637016 3.20833325386047
0.0729166641831398 0.0898129940032959 3.20833325386047
0.0729166641831398 0.0898129940032959 12.6341867446899
-1 0 0
0.0729166641831398 0.0898129940032959 3.20833325386047
0.0729166641831398 0.131479665637016 3.20833325386047
4.38484239578247 0.131479665637016 3.20833325386047
-1.02990919832074E-16 0 -1
4.38484239578247 0.131479665637016 3.20833325386047
4.38484239578247 0.0898129940032959 3.20833325386047
0.0729166641831398 0.0898129940032959 3.20833325386047
-1.02990919832074E-16 0 -1
4.38484239578247 0.0898129940032959 3.20833325386047
4.38484239578247 0.131479665637016 3.20833325386047
4.38484239578247 0.131479665637016 12.6341867446899
1 0 0
4.38484239578247 0.131479665637016 12.6341867446899
4.38484239578247 0.0898129940032959 12.6341867446899
4.38484239578247 0.0898129940032959 3.20833325386047
1 0 0
-0.0729166641831398 0.183562994003296 12.7800197601318
0.0729166641831398 0.183562994003296 12.6341867446899
0.0729166641831398 0.183562994003296 3.20833325386047
0 1 0
0.0729166641831398 0.183562994003296 12.6341867446899
-0.0729166641831398 0.183562994003296 12.7800197601318
4.38484239578247 0.183562994003296 12.6341867446899
0 1 0
-0.0729166641831398 0.183562994003296 3.0625
0.0729166641831398 0.183562994003296 3.20833325386047
4.38484239578247 0.183562994003296 3.20833325386047
0 1 0
0.0729166641831398 0.183562994003296 3.20833325386047
-0.0729166641831398 0.183562994003296 3.0625
-0.0729166641831398 0.183562994003296 12.7800197601318
0 1 0
4.38484239578247 0.183562994003296 12.6341867446899
4.53067588806152 0.183562994003296 12.7800197601318
4.38484239578247 0.183562994003296 3.20833325386047
0 1 0
4.53067588806152 0.183562994003296 12.7800197601318
4.38484239578247 0.183562994003296 12.6341867446899
-0.0729166641831398 0.183562994003296 12.7800197601318
0 1 0
4.38484239578247 0.183562994003296 3.20833325386047
4.53067588806152 0.183562994003296 3.0625
-0.0729166641831398 0.183562994003296 3.0625
0 1 0
4.53067588806152 0.183562994003296 3.0625
4.38484239578247 0.183562994003296 3.20833325386047
4.53067588806152 0.183562994003296 12.7800197601318
0 1 0
4.53067588806152 0.0377296581864357 12.7800197601318
4.38484239578247 0.0377296581864357 12.6341867446899
4.38484239578247 0.0377296581864357 3.20833325386047
0 -1 0
4.38484239578247 0.0377296581864357 12.6341867446899
4.53067588806152 0.0377296581864357 12.7800197601318
0.0729166641831398 0.0377296581864357 12.6341867446899
0 -1 0
4.53067588806152 0.0377296581864357 3.0625
4.38484239578247 0.0377296581864357 3.20833325386047
0.0729166641831398 0.0377296581864357 3.20833325386047
0 -1 0
4.38484239578247 0.0377296581864357 3.20833325386047
4.53067588806152 0.0377296581864357 3.0625
4.53067588806152 0.0377296581864357 12.7800197601318
0 -1 0
0.0729166641831398 0.0377296581864357 12.6341867446899
-0.0729166641831398 0.0377296581864357 12.7800197601318
0.0729166641831398 0.0377296581864357 3.20833325386047
0 -1 0
-0.0729166641831398 0.0377296581864357 12.7800197601318
0.0729166641831398 0.0377296581864357 12.6341867446899
4.53067588806152 0.0377296581864357 12.7800197601318
0 -1 0
0.0729166641831398 0.0377296581864357 3.20833325386047
-0.0729166641831398 0.0377296581864357 3.0625
4.53067588806152 0.0377296581864357 3.0625
0 -1 0
-0.0729166641831398 0.0377296581864357 3.0625
0.0729166641831398 0.0377296581864357 3.20833325386047
-0.0729166641831398 0.0377296581864357 12.7800197601318
0 -1 0
-0.0729166641831398 0.183562994003296 12.7800197601318
-0.0729166641831398 0.0377296581864357 12.7800197601318
4.53067588806152 0.0377296581864357 12.7800197601318
0 0 1
4.53067588806152 0.0377296581864357 12.7800197601318
4.53067588806152 0.183562994003296 12.7800197601318
-0.0729166641831398 0.183562994003296 12.7800197601318
0 0 1
4.53067588806152 0.183562994003296 12.7800197601318
4.53067588806152 0.0377296581864357 12.7800197601318
4.53067588806152 0.0377296581864357 3.0625
1 0 0
4.53067588806152 0.0377296581864357 3.0625
4.53067588806152 0.183562994003296 3.0625
4.53067588806152 0.183562994003296 12.7800197601318
1 0 0
4.53067588806152 0.183562994003296 3.0625
4.53067588806152 0.0377296581864357 3.0625
-0.0729166641831398 0.0377296581864357 3.0625
0 0 -1
-0.0729166641831398 0.0377296581864357 3.0625
-0.0729166641831398 0.183562994003296 3.0625
4.53067588806152 0.183562994003296 3.0625
0 0 -1
-0.0729166641831398 0.183562994003296 3.0625
-0.0729166641831398 0.0377296581864357 3.0625
-0.0729166641831398 0.0377296581864357 12.7800197601318
-1 0 4.56998518391233E-17
-0.0729166641831398 0.0377296581864357 12.7800197601318
-0.0729166641831398 0.183562994003296 12.7800197601318
-0.0729166641831398 0.183562994003296 3.0625
-1 0 4.56998518391233E-17
0.0729166641831398 0.183562994003296 12.6341867446899
0.0729166641831398 0.0377296581864357 12.6341867446899
0.0729166641831398 0.0377296581864357 3.20833325386047
1 0 0
0.0729166641831398 0.0377296581864357 3.20833325386047
0.0729166641831398 0.183562994003296 3.20833325386047
0.0729166641831398 0.183562994003296 12.6341867446899
1 0 0
0.0729166641831398 0.183562994003296 3.20833325386047
0.0729166641831398 0.0377296581864357 3.20833325386047
4.38484239578247 0.0377296581864357 3.20833325386047
-1.02990919832074E-16 0 1
4.38484239578247 0.0377296581864357 3.20833325386047
4.38484239578247 0.183562994003296 3.20833325386047
0.0729166641831398 0.183562994003296 3.20833325386047
-1.02990919832074E-16 0 1
4.38484239578247 0.183562994003296 3.20833325386047
4.38484239578247 0.0377296581864357 3.20833325386047
4.38484239578247 0.0377296581864357 12.6341867446899
-1 0 0
4.38484239578247 0.0377296581864357 12.6341867446899
4.38484239578247 0.183562994003296 12.6341867446899
4.38484239578247 0.183562994003296 3.20833325386047
-1 0 0
4.38484239578247 0.183562994003296 12.6341867446899
4.38484239578247 0.0377296581864357 12.6341867446899
0.0729166641831398 0.0377296581864357 12.6341867446899
0 0 -1
0.0729166641831398 0.0377296581864357 12.6341867446899
0.0729166641831398 0.183562994003296 12.6341867446899
4.38484239578247 0.183562994003296 12.6341867446899
0 0 -1
-4.59317588806152 -0.108103677630425 12.8425197601318
-4.48900938034058 -0.108103677630425 12.7383527755737
-4.48900938034058 -0.108103677630425 3.10416674613953
0 1 0
-4.48900938034058 -0.108103677630425 12.7383527755737
-4.59317588806152 -0.108103677630425 12.8425197601318
4.48900938034058 -0.108103677630425 12.7383527755737
0 1 0
-4.59317588806152 -0.108103677630425 3
-4.48900938034058 -0.108103677630425 3.10416674613953
4.48900938034058 -0.108103677630425 3.10416674613953
0 1 0
-4.48900938034058 -0.108103677630425 3.10416674613953
-4.59317588806152 -0.108103677630425 3
-4.59317588806152 -0.108103677630425 12.8425197601318
0 1 0
4.48900938034058 -0.108103677630425 12.7383527755737
4.59317588806152 -0.108103677630425 12.8425197601318
4.48900938034058 -0.108103677630425 3.10416674613953
0 1 0
4.59317588806152 -0.108103677630425 12.8425197601318
4.48900938034058 -0.108103677630425 12.7383527755737
-4.59317588806152 -0.108103677630425 12.8425197601318
0 1 0
4.48900938034058 -0.108103677630425 3.10416674613953
4.59317588806152 -0.108103677630425 3
-4.59317588806152 -0.108103677630425 3
0 1 0
4.59317588806152 -0.108103677630425 3
4.48900938034058 -0.108103677630425 3.10416674613953
4.59317588806152 -0.108103677630425 12.8425197601318
0 1 0
4.59317588806152 -0.246062994003296 12.8425197601318
4.48900938034058 -0.246062994003296 12.7383527755737
4.48900938034058 -0.246062994003296 3.10416674613953
0 -1 0
4.48900938034058 -0.246062994003296 12.7383527755737
4.59317588806152 -0.246062994003296 12.8425197601318
-4.48900938034058 -0.246062994003296 12.7383527755737
0 -1 0
4.59317588806152 -0.246062994003296 3
4.48900938034058 -0.246062994003296 3.10416674613953
-4.48900938034058 -0.246062994003296 3.10416674613953
0 -1 0
4.48900938034058 -0.246062994003296 3.10416674613953
4.59317588806152 -0.246062994003296 3
4.59317588806152 -0.246062994003296 12.8425197601318
0 -1 0
-4.48900938034058 -0.246062994003296 12.7383527755737
-4.59317588806152 -0.246062994003296 12.8425197601318
-4.48900938034058 -0.246062994003296 3.10416674613953
0 -1 0
-4.59317588806152 -0.246062994003296 12.8425197601318
-4.48900938034058 -0.246062994003296 12.7383527755737
4.59317588806152 -0.246062994003296 12.8425197601318
0 -1 0
-4.48900938034058 -0.246062994003296 3.10416674613953
-4.59317588806152 -0.246062994003296 3
4.59317588806152 -0.246062994003296 3
0 -1 0
-4.59317588806152 -0.246062994003296 3
-4.48900938034058 -0.246062994003296 3.10416674613953
-4.59317588806152 -0.246062994003296 12.8425197601318
0 -1 0
-4.59317588806152 -0.108103677630425 12.8425197601318
-4.59317588806152 -0.246062994003296 12.8425197601318
4.59317588806152 -0.246062994003296 12.8425197601318
0 0 1
4.59317588806152 -0.246062994003296 12.8425197601318
4.59317588806152 -0.108103677630425 12.8425197601318
-4.59317588806152 -0.108103677630425 12.8425197601318
0 0 1
4.59317588806152 -0.108103677630425 12.8425197601318
4.59317588806152 -0.246062994003296 12.8425197601318
4.59317588806152 -0.246062994003296 3
1 0 0
4.59317588806152 -0.246062994003296 3
4.59317588806152 -0.108103677630425 3
4.59317588806152 -0.108103677630425 12.8425197601318
1 0 0
4.59317588806152 -0.108103677630425 3
4.59317588806152 -0.246062994003296 3
-4.59317588806152 -0.246062994003296 3
0 0 -1
-4.59317588806152 -0.246062994003296 3
-4.59317588806152 -0.108103677630425 3
4.59317588806152 -0.108103677630425 3
0 0 -1
-4.59317588806152 -0.108103677630425 3
-4.59317588806152 -0.246062994003296 3
-4.59317588806152 -0.246062994003296 12.8425197601318
-1 0 -9.02389274415327E-17
-4.59317588806152 -0.246062994003296 12.8425197601318
-4.59317588806152 -0.108103677630425 12.8425197601318
-4.59317588806152 -0.108103677630425 3
-1 0 -9.02389274415327E-17
-4.48900938034058 -0.108103677630425 12.7383527755737
-4.48900938034058 -0.246062994003296 12.7383527755737
-4.48900938034058 -0.246062994003296 3.10416674613953
1 0 9.21902885491565E-17
-4.48900938034058 -0.246062994003296 3.10416674613953
-4.48900938034058 -0.108103677630425 3.10416674613953
-4.48900938034058 -0.108103677630425 12.7383527755737
1 0 9.21902885491565E-17
-4.48900938034058 -0.108103677630425 3.10416674613953
-4.48900938034058 -0.246062994003296 3.10416674613953
4.48900938034058 -0.246062994003296 3.10416674613953
0 0 1
4.48900938034058 -0.246062994003296 3.10416674613953
4.48900938034058 -0.108103677630425 3.10416674613953
-4.48900938034058 -0.108103677630425 3.10416674613953
0 0 1
4.48900938034058 -0.108103677630425 3.10416674613953
4.48900938034058 -0.246062994003296 3.10416674613953
4.48900938034058 -0.246062994003296 12.7383527755737
-1 0 0
4.48900938034058 -0.246062994003296 12.7383527755737
4.48900938034058 -0.108103677630425 12.7383527755737
4.48900938034058 -0.108103677630425 3.10416674613953
-1 0 0
4.48900938034058 -0.108103677630425 12.7383527755737
4.48900938034058 -0.246062994003296 12.7383527755737
-4.48900938034058 -0.246062994003296 12.7383527755737
0 0 -1
-4.48900938034058 -0.246062994003296 12.7383527755737
-4.48900938034058 -0.108103677630425 12.7383527755737
4.48900938034058 -0.108103677630425 12.7383527755737
0 0 -1
4.59317588806152 -0.108103677630425 12.8425197601318
4.53067588806152 -0.108103677630425 12.7800197601318
4.53067588806152 -0.108103677630425 3.0625
0 -1 0
4.53067588806152 -0.108103677630425 12.7800197601318
4.59317588806152 -0.108103677630425 12.8425197601318
-4.53067588806152 -0.108103677630425 12.7800197601318
0 -1 0
4.59317588806152 -0.108103677630425 3
4.53067588806152 -0.108103677630425 3.0625
-4.53067588806152 -0.108103677630425 3.0625
0 -1 0
4.53067588806152 -0.108103677630425 3.0625
4.59317588806152 -0.108103677630425 3
4.59317588806152 -0.108103677630425 12.8425197601318
0 -1 0
-4.53067588806152 -0.108103677630425 12.7800197601318
-4.59317588806152 -0.108103677630425 12.8425197601318
-4.53067588806152 -0.108103677630425 3.0625
0 -1 0
-4.59317588806152 -0.108103677630425 12.8425197601318
-4.53067588806152 -0.108103677630425 12.7800197601318
4.59317588806152 -0.108103677630425 12.8425197601318
0 -1 0
-4.53067588806152 -0.108103677630425 3.0625
-4.59317588806152 -0.108103677630425 3
4.59317588806152 -0.108103677630425 3
0 -1 0
-4.59317588806152 -0.108103677630425 3
-4.53067588806152 -0.108103677630425 3.0625
-4.59317588806152 -0.108103677630425 12.8425197601318
0 -1 0
-4.59317588806152 0.246062994003296 12.8425197601318
-4.53067588806152 0.246062994003296 12.7800197601318
-4.53067588806152 0.246062994003296 3.0625
0 1 0
-4.53067588806152 0.246062994003296 12.7800197601318
-4.59317588806152 0.246062994003296 12.8425197601318
4.53067588806152 0.246062994003296 12.7800197601318
0 1 0
-4.59317588806152 0.246062994003296 3
-4.53067588806152 0.246062994003296 3.0625
4.53067588806152 0.246062994003296 3.0625
0 1 0
-4.53067588806152 0.246062994003296 3.0625
-4.59317588806152 0.246062994003296 3
-4.59317588806152 0.246062994003296 12.8425197601318
0 1 0
4.53067588806152 0.246062994003296 12.7800197601318
4.59317588806152 0.246062994003296 12.8425197601318
4.53067588806152 0.246062994003296 3.0625
0 1 0
4.59317588806152 0.246062994003296 12.8425197601318
4.53067588806152 0.246062994003296 12.7800197601318
-4.59317588806152 0.246062994003296 12.8425197601318
0 1 0
4.53067588806152 0.246062994003296 3.0625
4.59317588806152 0.246062994003296 3
-4.59317588806152 0.246062994003296 3
0 1 0
4.59317588806152 0.246062994003296 3
4.53067588806152 0.246062994003296 3.0625
4.59317588806152 0.246062994003296 12.8425197601318
0 1 0
4.59317588806152 -0.108103677630425 12.8425197601318
4.59317588806152 0.246062994003296 12.8425197601318
-4.59317588806152 0.246062994003296 12.8425197601318
0 0 1
-4.59317588806152 0.246062994003296 12.8425197601318
-4.59317588806152 -0.108103677630425 12.8425197601318
4.59317588806152 -0.108103677630425 12.8425197601318
0 0 1
-4.59317588806152 -0.108103677630425 12.8425197601318
-4.59317588806152 0.246062994003296 12.8425197601318
-4.59317588806152 0.246062994003296 3
-1 0 0
-4.59317588806152 0.246062994003296 3
-4.59317588806152 -0.108103677630425 3
-4.59317588806152 -0.108103677630425 12.8425197601318
-1 0 0
-4.59317588806152 -0.108103677630425 3
-4.59317588806152 0.246062994003296 3
4.59317588806152 0.246062994003296 3
0 0 -1
4.59317588806152 0.246062994003296 3
4.59317588806152 -0.108103677630425 3
-4.59317588806152 -0.108103677630425 3
0 0 -1
4.59317588806152 -0.108103677630425 3
4.59317588806152 0.246062994003296 3
4.59317588806152 0.246062994003296 12.8425197601318
1 0 -9.02389274415326E-17
4.59317588806152 0.246062994003296 12.8425197601318
4.59317588806152 -0.108103677630425 12.8425197601318
4.59317588806152 -0.108103677630425 3
1 0 -9.02389274415326E-17
4.53067588806152 -0.108103677630425 12.7800197601318
4.53067588806152 0.246062994003296 12.7800197601318
4.53067588806152 0.246062994003296 3.0625
-1 0 0
4.53067588806152 0.246062994003296 3.0625
4.53067588806152 -0.108103677630425 3.0625
4.53067588806152 -0.108103677630425 12.7800197601318
-1 0 0
4.53067588806152 -0.108103677630425 3.0625
4.53067588806152 0.246062994003296 3.0625
-4.53067588806152 0.246062994003296 3.0625
0 0 1
-4.53067588806152 0.246062994003296 3.0625
-4.53067588806152 -0.108103677630425 3.0625
4.53067588806152 -0.108103677630425 3.0625
0 0 1
-4.53067588806152 -0.108103677630425 3.0625
-4.53067588806152 0.246062994003296 3.0625
-4.53067588806152 0.246062994003296 12.7800197601318
1 0 0
-4.53067588806152 0.246062994003296 12.7800197601318
-4.53067588806152 -0.108103677630425 12.7800197601318
-4.53067588806152 -0.108103677630425 3.0625
1 0 0
-4.53067588806152 -0.108103677630425 12.7800197601318
-4.53067588806152 0.246062994003296 12.7800197601318
4.53067588806152 0.246062994003296 12.7800197601318
0 0 -1
4.53067588806152 0.246062994003296 12.7800197601318
4.53067588806152 -0.108103677630425 12.7800197601318
-4.53067588806152 -0.108103677630425 12.7800197601318
0 0 -1
[HEADER]
426417,2800 x 3000mm 2,6
426.612345637138 204.385129689222 -2.96719160104984
1
-1.57467900726635E-15 -1 0
1 -1.57467900726635E-15 0
0 0 1
[HEADER]
426418,2800 x 3000mm 2,6
426.612345637138 226.038672996309 -2.96719160104984
1
-1.57467900726635E-15 -1 0
1 -1.57467900726635E-15 0
0 0 1
[HEADER]
426419,2800 x 3000mm 2,6
426.612345637138 236.537360660351 -2.96719160104984
1
-1.57467900726635E-15 -1 0
1 -1.57467900726635E-15 0
0 0 1
[HEADER]
426420,2800 x 3000mm 2,6
426.612345637138 247.692216303395 -2.96719160104984
1
-1.57467900726635E-15 -1 0
1 -1.57467900726635E-15 0
0 0 1
[HEADER]
426421,2800 x 3000mm 2,6
426.612345637138 258.190903967437 -2.96719160104984
1
1.57467900726635E-15 1 0
-1 1.57467900726635E-15 0
0 0 1
[HEADER]
426422,2800 x 3000mm 2,6
426.612345637138 269.345759610482 -2.96719160104984
1
-1.57467900726635E-15 -1 0
1 -1.57467900726635E-15 0
0 0 1
[HEADER]
426423,2800 x 3000mm 2,6
426.612345637138 279.844447274524 -2.96719160104984
1
1.57467900726635E-15 1 0
-1 1.57467900726635E-15 0
0 0 1
[HEADER]
426424,2800 x 3000mm 2,6
426.612345637138 290.671218928067 -2.96719160104984
1
1.57467900726635E-15 1 0
-1 1.57467900726635E-15 0
0 0 1
[HEADER]
426425,2800 x 3000mm 2,6
426.612345637138 301.853607921855 -2.96719160104984
1
-1.57467900726635E-15 -1 0
1 -1.57467900726635E-15 0
0 0 1
[HEADER]
426426,1830 x 1220mm,6
402.859064871873 149.16331920691 0
1
-2.69317592320626E-15 -1 0
1 -2.69317592320626E-15 0
0 0 1
[HEADER]
426427,1830 x 1220mm,6
402.859064871873 143.585891385388 0
1
-2.69317592320626E-15 -1 0
1 -2.69317592320626E-15 0
0 0 1
[HEADER]
426428,1830 x 1220mm,6
402.859064871873 138.008463563866 0
1
-2.69317592320626E-15 -1 0
1 -2.69317592320626E-15 0
0 0 1
[HEADER]
426429,1830 x 1220mm,6
406.467988756387 134.290451678766 0
1
1 -3.32260691947474E-15 0
3.32260691947474E-15 1 0
0 0 1
[HEADER]
426430,1830 x 1220mm,6
413.029668546414 134.290451678766 0
1
1 -3.32260691947474E-15 0
3.32260691947474E-15 1 0
0 0 1
[HEADER]
426431,1830 x 1220mm,6
419.263264346939 134.290451678766 0
1
1 -3.32260691947474E-15 0
3.32260691947474E-15 1 0
0 0 1
[HEADER]
426432,1830 x 1220mm,6
424.912258221705 134.290451678766 0
1
1 -3.32260691947474E-15 0
3.32260691947474E-15 1 0
0 0 1
[HEADER]
426433,1830 x 1220mm,6
428.52118210622 137.89937556328 0
1
-2.69317592320626E-15 -1 0
1 -2.69317592320626E-15 0
0 0 1
[HEADER]
426434,1830 x 1220mm,6
428.52118210622 143.804887374304 0
1
-2.69317592320626E-15 -1 0
1 -2.69317592320626E-15 0
0 0 1
[HEADER]
426435,1830 x 1220mm,6
428.52118210622 149.819487185913 0
1
-2.69317592320626E-15 -1 0
1 -2.69317592320626E-15 0
0 0 1
[HEADER]
426495,1830 x 1220mm 2,902
364.555259025532 151.131823143918 0
1
-2.97439898176386E-15 -1 0
1 -2.97439898176386E-15 0
0 0 1
-3.07250666618347 -0.0143536748364568 7.69849061965942
-0.0729166641831398 -0.0143536748364568 7.69849061965942
-0.0729166641831398 -0.0143536748364568 0.241141736507416
0 1 0
-0.0729166641831398 -0.0143536748364568 0.241141736507416
-3.07250666618347 -0.0143536748364568 0.241141736507416
-3.07250666618347 -0.0143536748364568 7.69849061965942
0 1 0
-0.0729166641831398 -0.0560203418135643 0.241141736507416
-0.0729166641831398 -0.0560203418135643 7.69849061965942
-3.07250666618347 -0.0560203418135643 7.69849061965942
0 -1 0
-3.07250666618347 -0.0560203418135643 7.69849061965942
-3.07250666618347 -0.0560203418135643 0.241141736507416
-0.0729166641831398 -0.0560203418135643 0.241141736507416
0 -1 0
-3.07250666618347 -0.0143536748364568 0.241141736507416
-3.07250666618347 -0.0560203418135643 0.241141736507416
-3.07250666618347 -0.0560203418135643 7.69849061965942
-1 0 0
-3.07250666618347 -0.0560203418135643 7.69849061965942
-3.07250666618347 -0.0143536748364568 7.69849061965942
-3.07250666618347 -0.0143536748364568 0.241141736507416
-1 0 0
-3.07250666618347 -0.0143536748364568 7.69849061965942
-3.07250666618347 -0.0560203418135643 7.69849061965942
-0.0729166641831398 -0.0560203418135643 7.69849061965942
0 0 1
-0.0729166641831398 -0.0560203418135643 7.69849061965942
-0.0729166641831398 -0.0143536748364568 7.69849061965942
-3.07250666618347 -0.0143536748364568 7.69849061965942
0 0 1
-0.0729166641831398 -0.0143536748364568 7.69849061965942
-0.0729166641831398 -0.0560203418135643 7.69849061965942
-0.0729166641831398 -0.0560203418135643 0.241141736507416
1 0 0
-0.0729166641831398 -0.0560203418135643 0.241141736507416
-0.0729166641831398 -0.0143536748364568 0.241141736507416
-0.0729166641831398 -0.0143536748364568 7.69849061965942
1 0 0
-0.0729166641831398 -0.0143536748364568 0.241141736507416
-0.0729166641831398 -0.0560203418135643 0.241141736507416
-3.07250666618347 -0.0560203418135643 0.241141736507416
0 0 -1
-3.07250666618347 -0.0560203418135643 0.241141736507416
-3.07250666618347 -0.0143536748364568 0.241141736507416
-0.0729166641831398 -0.0143536748364568 0.241141736507416
0 0 -1
-3.21833992004395 0.0377296581864357 7.84432411193848
-3.07250666618347 0.0377296581864357 7.69849061965942
-3.07250666618347 0.0377296581864357 0.241141736507416
0 1 0
-3.07250666618347 0.0377296581864357 7.69849061965942
-3.21833992004395 0.0377296581864357 7.84432411193848
-0.0729166641831398 0.0377296581864357 7.69849061965942
0 1 0
-3.21833992004395 0.0377296581864357 0.0953084006905556
-3.07250666618347 0.0377296581864357 0.241141736507416
-0.0729166641831398 0.0377296581864357 0.241141736507416
0 1 0
-3.07250666618347 0.0377296581864357 0.241141736507416
-3.21833992004395 0.0377296581864357 0.0953084006905556
-3.21833992004395 0.0377296581864357 7.84432411193848
0 1 0
-0.0729166641831398 0.0377296581864357 7.69849061965942
0.0729166641831398 0.0377296581864357 7.84432411193848
-0.0729166641831398 0.0377296581864357 0.241141736507416
0 1 0
0.0729166641831398 0.0377296581864357 7.84432411193848
-0.0729166641831398 0.0377296581864357 7.69849061965942
-3.21833992004395 0.0377296581864357 7.84432411193848
0 1 0
-0.0729166641831398 0.0377296581864357 0.241141736507416
0.0729166641831398 0.0377296581864357 0.0953084006905556
-3.21833992004395 0.0377296581864357 0.0953084006905556
0 1 0
0.0729166641831398 0.0377296581864357 0.0953084006905556
-0.0729166641831398 0.0377296581864357 0.241141736507416
0.0729166641831398 0.0377296581864357 7.84432411193848
0 1 0
0.0729166641831398 -0.108103677630425 7.84432411193848
-0.0729166641831398 -0.108103677630425 7.69849061965942
-0.0729166641831398 -0.108103677630425 0.241141736507416
0 -1 0
-0.0729166641831398 -0.108103677630425 7.69849061965942
0.0729166641831398 -0.108103677630425 7.84432411193848
-3.07250666618347 -0.108103677630425 7.69849061965942
0 -1 0
0.0729166641831398 -0.108103677630425 0.0953084006905556
-0.0729166641831398 -0.108103677630425 0.241141736507416
-3.07250666618347 -0.108103677630425 0.241141736507416
0 -1 0
-0.0729166641831398 -0.108103677630425 0.241141736507416
0.0729166641831398 -0.108103677630425 0.0953084006905556
0.0729166641831398 -0.108103677630425 7.84432411193848
0 -1 0
-3.07250666618347 -0.108103677630425 7.69849061965942
-3.21833992004395 -0.108103677630425 7.84432411193848
-3.07250666618347 -0.108103677630425 0.241141736507416
0 -1 0
-3.21833992004395 -0.108103677630425 7.84432411193848
-3.07250666618347 -0.108103677630425 7.69849061965942
0.0729166641831398 -0.108103677630425 7.84432411193848
0 -1 0
-3.07250666618347 -0.108103677630425 0.241141736507416
-3.21833992004395 -0.108103677630425 0.0953084006905556
0.0729166641831398 -0.108103677630425 0.0953084006905556
0 -1 0
-3.21833992004395 -0.108103677630425 0.0953084006905556
-3.07250666618347 -0.108103677630425 0.241141736507416
-3.21833992004395 -0.108103677630425 7.84432411193848
0 -1 0
-3.21833992004395 0.0377296581864357 7.84432411193848
-3.21833992004395 -0.108103677630425 7.84432411193848
0.0729166641831398 -0.108103677630425 7.84432411193848
0 0 1
0.0729166641831398 -0.108103677630425 7.84432411193848
0.0729166641831398 0.0377296581864357 7.84432411193848
-3.21833992004395 0.0377296581864357 7.84432411193848
0 0 1
0.0729166641831398 0.0377296581864357 7.84432411193848
0.0729166641831398 -0.108103677630425 7.84432411193848
0.0729166641831398 -0.108103677630425 0.0953084006905556
1 0 0
0.0729166641831398 -0.108103677630425 0.0953084006905556
0.0729166641831398 0.0377296581864357 0.0953084006905556
0.0729166641831398 0.0377296581864357 7.84432411193848
1 0 0
0.0729166641831398 0.0377296581864357 0.0953084006905556
0.0729166641831398 -0.108103677630425 0.0953084006905556
-3.21833992004395 -0.108103677630425 0.0953084006905556
0 0 -1
-3.21833992004395 -0.108103677630425 0.0953084006905556
-3.21833992004395 0.0377296581864357 0.0953084006905556
0.0729166641831398 0.0377296581864357 0.0953084006905556
0 0 -1
-3.21833992004395 0.0377296581864357 0.0953084006905556
-3.21833992004395 -0.108103677630425 0.0953084006905556
-3.21833992004395 -0.108103677630425 7.84432411193848
-1 0 0
-3.21833992004395 -0.108103677630425 7.84432411193848
-3.21833992004395 0.0377296581864357 7.84432411193848
-3.21833992004395 0.0377296581864357 0.0953084006905556
-1 0 0
-3.07250666618347 0.0377296581864357 7.69849061965942
-3.07250666618347 -0.108103677630425 7.69849061965942
-3.07250666618347 -0.108103677630425 0.241141736507416
1 0 0
-3.07250666618347 -0.108103677630425 0.241141736507416
-3.07250666618347 0.0377296581864357 0.241141736507416
-3.07250666618347 0.0377296581864357 7.69849061965942
1 0 0
-3.07250666618347 0.0377296581864357 0.241141736507416
-3.07250666618347 -0.108103677630425 0.241141736507416
-0.0729166641831398 -0.108103677630425 0.241141736507416
-1.48049975294413E-16 0 1
-0.0729166641831398 -0.108103677630425 0.241141736507416
-0.0729166641831398 0.0377296581864357 0.241141736507416
-3.07250666618347 0.0377296581864357 0.241141736507416
-1.48049975294413E-16 0 1
-0.0729166641831398 0.0377296581864357 0.241141736507416
-0.0729166641831398 -0.108103677630425 0.241141736507416
-0.0729166641831398 -0.108103677630425 7.69849061965942
-1 0 0
-0.0729166641831398 -0.108103677630425 7.69849061965942
-0.0729166641831398 0.0377296581864357 7.69849061965942
-0.0729166641831398 0.0377296581864357 0.241141736507416
-1 0 0
-0.0729166641831398 0.0377296581864357 7.69849061965942
-0.0729166641831398 -0.108103677630425 7.69849061965942
-3.07250666618347 -0.108103677630425 7.69849061965942
0 0 -1
-3.07250666618347 -0.108103677630425 7.69849061965942
-3.07250666618347 0.0377296581864357 7.69849061965942
-0.0729166641831398 0.0377296581864357 7.69849061965942
0 0 -1
3.51000666618347 0.350229650735855 0.0953084006905556
3.51000666618347 0.350229650735855 0.0328084006905556
-3.51000666618347 0.350229650735855 0.0328084006905556
0 1 0
-3.51000666618347 0.350229650735855 0.0328084006905556
-3.51000666618347 0.350229650735855 0.0953084006905556
3.51000666618347 0.350229650735855 0.0953084006905556
0 1 0
-3.51000666618347 0.246062994003296 0.0328084006905556
3.51000666618347 0.246062994003296 0.0328084006905556
3.51000666618347 0.246062994003296 0.0953084006905556
0 -1 0
3.51000666618347 0.246062994003296 0.0953084006905556
-3.51000666618347 0.246062994003296 0.0953084006905556
-3.51000666618347 0.246062994003296 0.0328084006905556
0 -1 0
-3.51000666618347 0.350229650735855 0.0953084006905556
-3.51000666618347 0.246062994003296 0.0953084006905556
3.51000666618347 0.246062994003296 0.0953084006905556
0 0 1
3.51000666618347 0.246062994003296 0.0953084006905556
3.51000666618347 0.350229650735855 0.0953084006905556
-3.51000666618347 0.350229650735855 0.0953084006905556
0 0 1
3.51000666618347 0.350229650735855 0.0953084006905556
3.51000666618347 0.246062994003296 0.0953084006905556
3.51000666618347 0.246062994003296 0.0328084006905556
1 0 0
3.51000666618347 0.246062994003296 0.0328084006905556
3.51000666618347 0.350229650735855 0.0328084006905556
3.51000666618347 0.350229650735855 0.0953084006905556
1 0 0
3.51000666618347 0.350229650735855 0.0328084006905556
3.51000666618347 0.246062994003296 0.0328084006905556
-3.51000666618347 0.246062994003296 0.0328084006905556
0 0 -1
-3.51000666618347 0.246062994003296 0.0328084006905556
-3.51000666618347 0.350229650735855 0.0328084006905556
3.51000666618347 0.350229650735855 0.0328084006905556
0 0 -1
-3.51000666618347 0.350229650735855 0.0328084006905556
-3.51000666618347 0.246062994003296 0.0328084006905556
-3.51000666618347 0.246062994003296 0.0953084006905556
-1 0 0
-3.51000666618347 0.246062994003296 0.0953084006905556
-3.51000666618347 0.350229650735855 0.0953084006905556
-3.51000666618347 0.350229650735855 0.0328084006905556
-1 0 0
3.51000666618347 0.308562994003296 8.13599109649658
3.21833992004395 0.308562994003296 7.84432411193848
-3.21833992004395 0.308562994003296 7.84432411193848
0 1 0
3.21833992004395 0.308562994003296 7.84432411193848
3.51000666618347 0.308562994003296 8.13599109649658
3.51000666618347 0.308562994003296 0.0953084006905556
0 1 0
-3.51000666618347 0.308562994003296 8.13599109649658
-3.21833992004395 0.308562994003296 7.84432411193848
-3.51000666618347 0.308562994003296 0.0953084006905556
0 1 0
-3.21833992004395 0.308562994003296 7.84432411193848
-3.51000666618347 0.308562994003296 8.13599109649658
3.51000666618347 0.308562994003296 8.13599109649658
0 1 0
3.51000666618347 0.308562994003296 0.0953084006905556
3.21833992004395 0.308562994003296 0.0953084006905556
3.21833992004395 0.308562994003296 7.84432411193848
0 1 0
-3.21833992004395 0.308562994003296 0.0953084006905556
-3.51000666618347 0.308562994003296 0.0953084006905556
-3.21833992004395 0.308562994003296 7.84432411193848
0 1 0
3.21833992004395 0.246062994003296 0.0953084006905556
3.51000666618347 0.246062994003296 0.0953084006905556
3.21833992004395 0.246062994003296 7.84432411193848
0 -1 0
-3.51000666618347 0.246062994003296 0.0953084006905556
-3.21833992004395 0.246062994003296 0.0953084006905556
-3.21833992004395 0.246062994003296 7.84432411193848
0 -1 0
3.21833992004395 0.246062994003296 7.84432411193848
3.51000666618347 0.246062994003296 8.13599109649658
-3.21833992004395 0.246062994003296 7.84432411193848
0 -1 0
3.51000666618347 0.246062994003296 8.13599109649658
3.21833992004395 0.246062994003296 7.84432411193848
3.51000666618347 0.246062994003296 0.0953084006905556
0 -1 0
-3.21833992004395 0.246062994003296 7.84432411193848
-3.51000666618347 0.246062994003296 8.13599109649658
-3.51000666618347 0.246062994003296 0.0953084006905556
0 -1 0
-3.51000666618347 0.246062994003296 8.13599109649658
-3.21833992004395 0.246062994003296 7.84432411193848
3.51000666618347 0.246062994003296 8.13599109649658
0 -1 0
-3.21833992004395 0.308562994003296 7.84432411193848
-3.21833992004395 0.246062994003296 7.84432411193848
-3.21833992004395 0.246062994003296 0.0953084006905556
1 0 0
-3.21833992004395 0.246062994003296 0.0953084006905556
-3.21833992004395 0.308562994003296 0.0953084006905556
-3.21833992004395 0.308562994003296 7.84432411193848
1 0 0
-3.21833992004395 0.308562994003296 0.0953084006905556
-3.21833992004395 0.246062994003296 0.0953084006905556
-3.51000666618347 0.246062994003296 0.0953084006905556
0 0 -1
-3.51000666618347 0.246062994003296 0.0953084006905556
-3.51000666618347 0.308562994003296 0.0953084006905556
-3.21833992004395 0.308562994003296 0.0953084006905556
0 0 -1
-3.51000666618347 0.308562994003296 0.0953084006905556
-3.51000666618347 0.246062994003296 0.0953084006905556
-3.51000666618347 0.246062994003296 8.13599109649658
-1 0 0
-3.51000666618347 0.246062994003296 8.13599109649658
-3.51000666618347 0.308562994003296 8.13599109649658
-3.51000666618347 0.308562994003296 0.0953084006905556
-1 0 0
-3.51000666618347 0.308562994003296 8.13599109649658
-3.51000666618347 0.246062994003296 8.13599109649658
3.51000666618347 0.246062994003296 8.13599109649658
0 0 1
3.51000666618347 0.246062994003296 8.13599109649658
3.51000666618347 0.308562994003296 8.13599109649658
-3.51000666618347 0.308562994003296 8.13599109649658
0 0 1
3.51000666618347 0.308562994003296 8.13599109649658
3.51000666618347 0.246062994003296 8.13599109649658
3.51000666618347 0.246062994003296 0.0953084006905556
1 0 0
3.51000666618347 0.246062994003296 0.0953084006905556
3.51000666618347 0.308562994003296 0.0953084006905556
3.51000666618347 0.308562994003296 8.13599109649658
1 0 0
3.51000666618347 0.308562994003296 0.0953084006905556
3.51000666618347 0.246062994003296 0.0953084006905556
3.21833992004395 0.246062994003296 0.0953084006905556
-3.04518315325769E-15 0 -1
3.21833992004395 0.246062994003296 0.0953084006905556
3.21833992004395 0.308562994003296 0.0953084006905556
3.51000666618347 0.308562994003296 0.0953084006905556
-3.04518315325769E-15 0 -1
3.21833992004395 0.308562994003296 0.0953084006905556
3.21833992004395 0.246062994003296 0.0953084006905556
3.21833992004395 0.246062994003296 7.84432411193848
-1 0 0
3.21833992004395 0.246062994003296 7.84432411193848
3.21833992004395 0.308562994003296 7.84432411193848
3.21833992004395 0.308562994003296 0.0953084006905556
-1 0 0
3.21833992004395 0.308562994003296 7.84432411193848
3.21833992004395 0.246062994003296 7.84432411193848
-3.21833992004395 0.246062994003296 7.84432411193848
0 0 -1
-3.21833992004395 0.246062994003296 7.84432411193848
-3.21833992004395 0.308562994003296 7.84432411193848
3.21833992004395 0.308562994003296 7.84432411193848
0 0 -1
-3.46833992004395 -0.308562994003296 8.09432411193848
-3.17667317390442 -0.308562994003296 7.80265760421753
3.17667317390442 -0.308562994003296 7.80265760421753
0 -1 0
-3.17667317390442 -0.308562994003296 7.80265760421753
-3.46833992004395 -0.308562994003296 8.09432411193848
-3.17667317390442 -0.308562994003296 0.136975064873695
0 -1 0
3.46833992004395 -0.308562994003296 8.09432411193848
3.17667317390442 -0.308562994003296 7.80265760421753
3.17667317390442 -0.308562994003296 0.136975064873695
0 -1 0
3.17667317390442 -0.308562994003296 7.80265760421753
3.46833992004395 -0.308562994003296 8.09432411193848
-3.46833992004395 -0.308562994003296 8.09432411193848
0 -1 0
-3.17667317390442 -0.308562994003296 0.136975064873695
-3.46833992004395 -0.308562994003296 -0.154691606760025
3.17667317390442 -0.308562994003296 0.136975064873695
0 -1 0
-3.46833992004395 -0.308562994003296 -0.154691606760025
-3.17667317390442 -0.308562994003296 0.136975064873695
-3.46833992004395 -0.308562994003296 8.09432411193848
0 -1 0
3.17667317390442 -0.308562994003296 0.136975064873695
3.46833992004395 -0.308562994003296 -0.154691606760025
3.46833992004395 -0.308562994003296 8.09432411193848
0 -1 0
3.46833992004395 -0.308562994003296 -0.154691606760025
3.17667317390442 -0.308562994003296 0.136975064873695
-3.46833992004395 -0.308562994003296 -0.154691606760025
0 -1 0
-3.46833992004395 -0.246062994003296 -0.154691606760025
-3.17667317390442 -0.246062994003296 0.136975064873695
3.17667317390442 -0.246062994003296 0.136975064873695
0 1 0
-3.17667317390442 -0.246062994003296 0.136975064873695
-3.46833992004395 -0.246062994003296 -0.154691606760025
-3.17667317390442 -0.246062994003296 7.80265760421753
0 1 0
3.46833992004395 -0.246062994003296 -0.154691606760025
3.17667317390442 -0.246062994003296 0.136975064873695
3.17667317390442 -0.246062994003296 7.80265760421753
0 1 0
3.17667317390442 -0.246062994003296 0.136975064873695
3.46833992004395 -0.246062994003296 -0.154691606760025
-3.46833992004395 -0.246062994003296 -0.154691606760025
0 1 0
-3.17667317390442 -0.246062994003296 7.80265760421753
-3.46833992004395 -0.246062994003296 8.09432411193848
3.17667317390442 -0.246062994003296 7.80265760421753
0 1 0
-3.46833992004395 -0.246062994003296 8.09432411193848
-3.17667317390442 -0.246062994003296 7.80265760421753
-3.46833992004395 -0.246062994003296 -0.154691606760025
0 1 0
3.17667317390442 -0.246062994003296 7.80265760421753
3.46833992004395 -0.246062994003296 8.09432411193848
3.46833992004395 -0.246062994003296 -0.154691606760025
0 1 0
3.46833992004395 -0.246062994003296 8.09432411193848
3.17667317390442 -0.246062994003296 7.80265760421753
-3.46833992004395 -0.246062994003296 8.09432411193848
0 1 0
3.17667317390442 -0.308562994003296 7.80265760421753
3.17667317390442 -0.246062994003296 7.80265760421753
3.17667317390442 -0.246062994003296 0.136975064873695
-1 0 0
3.17667317390442 -0.246062994003296 0.136975064873695
3.17667317390442 -0.308562994003296 0.136975064873695
3.17667317390442 -0.308562994003296 7.80265760421753
-1 0 0
3.17667317390442 -0.308562994003296 0.136975064873695
3.17667317390442 -0.246062994003296 0.136975064873695
-3.17667317390442 -0.246062994003296 0.136975064873695
0 0 1
-3.17667317390442 -0.246062994003296 0.136975064873695
-3.17667317390442 -0.308562994003296 0.136975064873695
3.17667317390442 -0.308562994003296 0.136975064873695
0 0 1
-3.17667317390442 -0.308562994003296 0.136975064873695
-3.17667317390442 -0.246062994003296 0.136975064873695
-3.17667317390442 -0.246062994003296 7.80265760421753
1 0 0
-3.17667317390442 -0.246062994003296 7.80265760421753
-3.17667317390442 -0.308562994003296 7.80265760421753
-3.17667317390442 -0.308562994003296 0.136975064873695
1 0 0
-3.17667317390442 -0.308562994003296 7.80265760421753
-3.17667317390442 -0.246062994003296 7.80265760421753
3.17667317390442 -0.246062994003296 7.80265760421753
0 0 -1
3.17667317390442 -0.246062994003296 7.80265760421753
3.17667317390442 -0.308562994003296 7.80265760421753
-3.17667317390442 -0.308562994003296 7.80265760421753
0 0 -1
3.46833992004395 -0.308562994003296 8.09432411193848
3.46833992004395 -0.246062994003296 8.09432411193848
-3.46833992004395 -0.246062994003296 8.09432411193848
0 0 1
-3.46833992004395 -0.246062994003296 8.09432411193848
-3.46833992004395 -0.308562994003296 8.09432411193848
3.46833992004395 -0.308562994003296 8.09432411193848
0 0 1
-3.46833992004395 -0.308562994003296 8.09432411193848
-3.46833992004395 -0.246062994003296 8.09432411193848
-3.46833992004395 -0.246062994003296 -0.154691606760025
-1 0 0
-3.46833992004395 -0.246062994003296 -0.154691606760025
-3.46833992004395 -0.308562994003296 -0.154691606760025
-3.46833992004395 -0.308562994003296 8.09432411193848
-1 0 0
-3.46833992004395 -0.308562994003296 -0.154691606760025
-3.46833992004395 -0.246062994003296 -0.154691606760025
3.46833992004395 -0.246062994003296 -0.154691606760025
1.28040856228822E-16 0 -1
3.46833992004395 -0.246062994003296 -0.154691606760025
3.46833992004395 -0.308562994003296 -0.154691606760025
-3.46833992004395 -0.308562994003296 -0.154691606760025
1.28040856228822E-16 0 -1
3.46833992004395 -0.308562994003296 -0.154691606760025
3.46833992004395 -0.246062994003296 -0.154691606760025
3.46833992004395 -0.246062994003296 8.09432411193848
1 0 0
3.46833992004395 -0.246062994003296 8.09432411193848
3.46833992004395 -0.308562994003296 8.09432411193848
3.46833992004395 -0.308562994003296 -0.154691606760025
1 0 0
0.0729166641831398 0.0898129940032959 7.69849061965942
0.0729166641831398 0.0898129940032959 0.241141736507416
3.07250666618347 0.0898129940032959 0.241141736507416
0 -1 0
3.07250666618347 0.0898129940032959 0.241141736507416
3.07250666618347 0.0898129940032959 7.69849061965942
0.0729166641831398 0.0898129940032959 7.69849061965942
0 -1 0
3.07250666618347 0.131479665637016 0.241141736507416
0.0729166641831398 0.131479665637016 0.241141736507416
0.0729166641831398 0.131479665637016 7.69849061965942
0 1 0
0.0729166641831398 0.131479665637016 7.69849061965942
3.07250666618347 0.131479665637016 7.69849061965942
3.07250666618347 0.131479665637016 0.241141736507416
0 1 0
3.07250666618347 0.0898129940032959 7.69849061965942
3.07250666618347 0.131479665637016 7.69849061965942
0.0729166641831398 0.131479665637016 7.69849061965942
0 0 1
0.0729166641831398 0.131479665637016 7.69849061965942
0.0729166641831398 0.0898129940032959 7.69849061965942
3.07250666618347 0.0898129940032959 7.69849061965942
0 0 1
0.0729166641831398 0.0898129940032959 7.69849061965942
0.0729166641831398 0.131479665637016 7.69849061965942
0.0729166641831398 0.131479665637016 0.241141736507416
-1 0 0
0.0729166641831398 0.131479665637016 0.241141736507416
0.0729166641831398 0.0898129940032959 0.241141736507416
0.0729166641831398 0.0898129940032959 7.69849061965942
-1 0 0
0.0729166641831398 0.0898129940032959 0.241141736507416
0.0729166641831398 0.131479665637016 0.241141736507416
3.07250666618347 0.131479665637016 0.241141736507416
1.48049975294413E-16 0 -1
3.07250666618347 0.131479665637016 0.241141736507416
3.07250666618347 0.0898129940032959 0.241141736507416
0.0729166641831398 0.0898129940032959 0.241141736507416
1.48049975294413E-16 0 -1
3.07250666618347 0.0898129940032959 0.241141736507416
3.07250666618347 0.131479665637016 0.241141736507416
3.07250666618347 0.131479665637016 7.69849061965942
1 0 0
3.07250666618347 0.131479665637016 7.69849061965942
3.07250666618347 0.0898129940032959 7.69849061965942
3.07250666618347 0.0898129940032959 0.241141736507416
1 0 0
-0.0729166641831398 0.183562994003296 7.84432411193848
0.0729166641831398 0.183562994003296 7.69849061965942
0.0729166641831398 0.183562994003296 0.241141736507416
0 1 0
0.0729166641831398 0.183562994003296 7.69849061965942
-0.0729166641831398 0.183562994003296 7.84432411193848
3.07250666618347 0.183562994003296 7.69849061965942
0 1 0
-0.0729166641831398 0.183562994003296 0.0953084006905556
0.0729166641831398 0.183562994003296 0.241141736507416
3.07250666618347 0.183562994003296 0.241141736507416
0 1 0
0.0729166641831398 0.183562994003296 0.241141736507416
-0.0729166641831398 0.183562994003296 0.0953084006905556
-0.0729166641831398 0.183562994003296 7.84432411193848
0 1 0
3.07250666618347 0.183562994003296 7.69849061965942
3.21833992004395 0.183562994003296 7.84432411193848
3.07250666618347 0.183562994003296 0.241141736507416
0 1 0
3.21833992004395 0.183562994003296 7.84432411193848
3.07250666618347 0.183562994003296 7.69849061965942
-0.0729166641831398 0.183562994003296 7.84432411193848
0 1 0
3.07250666618347 0.183562994003296 0.241141736507416
3.21833992004395 0.183562994003296 0.0953084006905556
-0.0729166641831398 0.183562994003296 0.0953084006905556
0 1 0
3.21833992004395 0.183562994003296 0.0953084006905556
3.07250666618347 0.183562994003296 0.241141736507416
3.21833992004395 0.183562994003296 7.84432411193848
0 1 0
3.21833992004395 0.0377296581864357 7.84432411193848
3.07250666618347 0.0377296581864357 7.69849061965942
3.07250666618347 0.0377296581864357 0.241141736507416
0 -1 0
3.07250666618347 0.0377296581864357 7.69849061965942
3.21833992004395 0.0377296581864357 7.84432411193848
0.0729166641831398 0.0377296581864357 7.69849061965942
0 -1 0
3.21833992004395 0.0377296581864357 0.0953084006905556
3.07250666618347 0.0377296581864357 0.241141736507416
0.0729166641831398 0.0377296581864357 0.241141736507416
0 -1 0
3.07250666618347 0.0377296581864357 0.241141736507416
3.21833992004395 0.0377296581864357 0.0953084006905556
3.21833992004395 0.0377296581864357 7.84432411193848
0 -1 0
0.0729166641831398 0.0377296581864357 7.69849061965942
-0.0729166641831398 0.0377296581864357 7.84432411193848
0.0729166641831398 0.0377296581864357 0.241141736507416
0 -1 0
-0.0729166641831398 0.0377296581864357 7.84432411193848
0.0729166641831398 0.0377296581864357 7.69849061965942
3.21833992004395 0.0377296581864357 7.84432411193848
0 -1 0
0.0729166641831398 0.0377296581864357 0.241141736507416
-0.0729166641831398 0.0377296581864357 0.0953084006905556
3.21833992004395 0.0377296581864357 0.0953084006905556
0 -1 0
-0.0729166641831398 0.0377296581864357 0.0953084006905556
0.0729166641831398 0.0377296581864357 0.241141736507416
-0.0729166641831398 0.0377296581864357 7.84432411193848
0 -1 0
-0.0729166641831398 0.183562994003296 7.84432411193848
-0.0729166641831398 0.0377296581864357 7.84432411193848
3.21833992004395 0.0377296581864357 7.84432411193848
0 0 1
3.21833992004395 0.0377296581864357 7.84432411193848
3.21833992004395 0.183562994003296 7.84432411193848
-0.0729166641831398 0.183562994003296 7.84432411193848
0 0 1
3.21833992004395 0.183562994003296 7.84432411193848
3.21833992004395 0.0377296581864357 7.84432411193848
3.21833992004395 0.0377296581864357 0.0953084006905556
1 0 0
3.21833992004395 0.0377296581864357 0.0953084006905556
3.21833992004395 0.183562994003296 0.0953084006905556
3.21833992004395 0.183562994003296 7.84432411193848
1 0 0
3.21833992004395 0.183562994003296 0.0953084006905556
3.21833992004395 0.0377296581864357 0.0953084006905556
-0.0729166641831398 0.0377296581864357 0.0953084006905556
0 0 -1
-0.0729166641831398 0.0377296581864357 0.0953084006905556
-0.0729166641831398 0.183562994003296 0.0953084006905556
3.21833992004395 0.183562994003296 0.0953084006905556
0 0 -1
-0.0729166641831398 0.183562994003296 0.0953084006905556
-0.0729166641831398 0.0377296581864357 0.0953084006905556
-0.0729166641831398 0.0377296581864357 7.84432411193848
-1 0 0
-0.0729166641831398 0.0377296581864357 7.84432411193848
-0.0729166641831398 0.183562994003296 7.84432411193848
-0.0729166641831398 0.183562994003296 0.0953084006905556
-1 0 0
0.0729166641831398 0.183562994003296 7.69849061965942
0.0729166641831398 0.0377296581864357 7.69849061965942
0.0729166641831398 0.0377296581864357 0.241141736507416
1 0 0
0.0729166641831398 0.0377296581864357 0.241141736507416
0.0729166641831398 0.183562994003296 0.241141736507416
0.0729166641831398 0.183562994003296 7.69849061965942
1 0 0
0.0729166641831398 0.183562994003296 0.241141736507416
0.0729166641831398 0.0377296581864357 0.241141736507416
3.07250666618347 0.0377296581864357 0.241141736507416
1.48049975294413E-16 0 1
3.07250666618347 0.0377296581864357 0.241141736507416
3.07250666618347 0.183562994003296 0.241141736507416
0.0729166641831398 0.183562994003296 0.241141736507416
1.48049975294413E-16 0 1
3.07250666618347 0.183562994003296 0.241141736507416
3.07250666618347 0.0377296581864357 0.241141736507416
3.07250666618347 0.0377296581864357 7.69849061965942
-1 0 0
3.07250666618347 0.0377296581864357 7.69849061965942
3.07250666618347 0.183562994003296 7.69849061965942
3.07250666618347 0.183562994003296 0.241141736507416
-1 0 0
3.07250666618347 0.183562994003296 7.69849061965942
3.07250666618347 0.0377296581864357 7.69849061965942
0.0729166641831398 0.0377296581864357 7.69849061965942
0 0 -1
0.0729166641831398 0.0377296581864357 7.69849061965942
0.0729166641831398 0.183562994003296 7.69849061965942
3.07250666618347 0.183562994003296 7.69849061965942
0 0 -1
-3.28083992004395 -0.108103677630425 7.90682411193848
-3.17667317390442 -0.108103677630425 7.80265760421753
-3.17667317390442 -0.108103677630425 0.136975064873695
0 1 0
-3.17667317390442 -0.108103677630425 7.80265760421753
-3.28083992004395 -0.108103677630425 7.90682411193848
3.17667317390442 -0.108103677630425 7.80265760421753
0 1 0
-3.28083992004395 -0.108103677630425 0.0328084006905556
-3.17667317390442 -0.108103677630425 0.136975064873695
3.17667317390442 -0.108103677630425 0.136975064873695
0 1 0
-3.17667317390442 -0.108103677630425 0.136975064873695
-3.28083992004395 -0.108103677630425 0.0328084006905556
-3.28083992004395 -0.108103677630425 7.90682411193848
0 1 0
3.17667317390442 -0.108103677630425 7.80265760421753
3.28083992004395 -0.108103677630425 7.90682411193848
3.17667317390442 -0.108103677630425 0.136975064873695
0 1 0
3.28083992004395 -0.108103677630425 7.90682411193848
3.17667317390442 -0.108103677630425 7.80265760421753
-3.28083992004395 -0.108103677630425 7.90682411193848
0 1 0
3.17667317390442 -0.108103677630425 0.136975064873695
3.28083992004395 -0.108103677630425 0.0328084006905556
-3.28083992004395 -0.108103677630425 0.0328084006905556
0 1 0
3.28083992004395 -0.108103677630425 0.0328084006905556
3.17667317390442 -0.108103677630425 0.136975064873695
3.28083992004395 -0.108103677630425 7.90682411193848
0 1 0
3.28083992004395 -0.246062994003296 7.90682411193848
3.17667317390442 -0.246062994003296 7.80265760421753
3.17667317390442 -0.246062994003296 0.136975064873695
0 -1 0
3.17667317390442 -0.246062994003296 7.80265760421753
3.28083992004395 -0.246062994003296 7.90682411193848
-3.17667317390442 -0.246062994003296 7.80265760421753
0 -1 0
3.28083992004395 -0.246062994003296 0.0328084006905556
3.17667317390442 -0.246062994003296 0.136975064873695
-3.17667317390442 -0.246062994003296 0.136975064873695
0 -1 0
3.17667317390442 -0.246062994003296 0.136975064873695
3.28083992004395 -0.246062994003296 0.0328084006905556
3.28083992004395 -0.246062994003296 7.90682411193848
0 -1 0
-3.17667317390442 -0.246062994003296 7.80265760421753
-3.28083992004395 -0.246062994003296 7.90682411193848
-3.17667317390442 -0.246062994003296 0.136975064873695
0 -1 0
-3.28083992004395 -0.246062994003296 7.90682411193848
-3.17667317390442 -0.246062994003296 7.80265760421753
3.28083992004395 -0.246062994003296 7.90682411193848
0 -1 0
-3.17667317390442 -0.246062994003296 0.136975064873695
-3.28083992004395 -0.246062994003296 0.0328084006905556
3.28083992004395 -0.246062994003296 0.0328084006905556
0 -1 0
-3.28083992004395 -0.246062994003296 0.0328084006905556
-3.17667317390442 -0.246062994003296 0.136975064873695
-3.28083992004395 -0.246062994003296 7.90682411193848
0 -1 0
-3.28083992004395 -0.108103677630425 7.90682411193848
-3.28083992004395 -0.246062994003296 7.90682411193848
3.28083992004395 -0.246062994003296 7.90682411193848
0 0 1
3.28083992004395 -0.246062994003296 7.90682411193848
3.28083992004395 -0.108103677630425 7.90682411193848
-3.28083992004395 -0.108103677630425 7.90682411193848
0 0 1
3.28083992004395 -0.108103677630425 7.90682411193848
3.28083992004395 -0.246062994003296 7.90682411193848
3.28083992004395 -0.246062994003296 0.0328084006905556
1 0 0
3.28083992004395 -0.246062994003296 0.0328084006905556
3.28083992004395 -0.108103677630425 0.0328084006905556
3.28083992004395 -0.108103677630425 7.90682411193848
1 0 0
3.28083992004395 -0.108103677630425 0.0328084006905556
3.28083992004395 -0.246062994003296 0.0328084006905556
-3.28083992004395 -0.246062994003296 0.0328084006905556
0 0 -1
-3.28083992004395 -0.246062994003296 0.0328084006905556
-3.28083992004395 -0.108103677630425 0.0328084006905556
3.28083992004395 -0.108103677630425 0.0328084006905556
0 0 -1
-3.28083992004395 -0.108103677630425 0.0328084006905556
-3.28083992004395 -0.246062994003296 0.0328084006905556
-3.28083992004395 -0.246062994003296 7.90682411193848
-1 0 0
-3.28083992004395 -0.246062994003296 7.90682411193848
-3.28083992004395 -0.108103677630425 7.90682411193848
-3.28083992004395 -0.108103677630425 0.0328084006905556
-1 0 0
-3.17667317390442 -0.108103677630425 7.80265760421753
-3.17667317390442 -0.246062994003296 7.80265760421753
-3.17667317390442 -0.246062994003296 0.136975064873695
1 0 0
-3.17667317390442 -0.246062994003296 0.136975064873695
-3.17667317390442 -0.108103677630425 0.136975064873695
-3.17667317390442 -0.108103677630425 7.80265760421753
1 0 0
-3.17667317390442 -0.108103677630425 0.136975064873695
-3.17667317390442 -0.246062994003296 0.136975064873695
3.17667317390442 -0.246062994003296 0.136975064873695
0 0 1
3.17667317390442 -0.246062994003296 0.136975064873695
3.17667317390442 -0.108103677630425 0.136975064873695
-3.17667317390442 -0.108103677630425 0.136975064873695
0 0 1
3.17667317390442 -0.108103677630425 0.136975064873695
3.17667317390442 -0.246062994003296 0.136975064873695
3.17667317390442 -0.246062994003296 7.80265760421753
-1 0 0
3.17667317390442 -0.246062994003296 7.80265760421753
3.17667317390442 -0.108103677630425 7.80265760421753
3.17667317390442 -0.108103677630425 0.136975064873695
-1 0 0
3.17667317390442 -0.108103677630425 7.80265760421753
3.17667317390442 -0.246062994003296 7.80265760421753
-3.17667317390442 -0.246062994003296 7.80265760421753
0 0 -1
-3.17667317390442 -0.246062994003296 7.80265760421753
-3.17667317390442 -0.108103677630425 7.80265760421753
3.17667317390442 -0.108103677630425 7.80265760421753
0 0 -1
3.28083992004395 -0.108103677630425 7.90682411193848
3.21833992004395 -0.108103677630425 7.84432411193848
3.21833992004395 -0.108103677630425 0.0953084006905556
0 -1 0
3.21833992004395 -0.108103677630425 7.84432411193848
3.28083992004395 -0.108103677630425 7.90682411193848
-3.21833992004395 -0.108103677630425 7.84432411193848
0 -1 0
3.28083992004395 -0.108103677630425 0.0328084006905556
3.21833992004395 -0.108103677630425 0.0953084006905556
-3.21833992004395 -0.108103677630425 0.0953084006905556
0 -1 0
3.21833992004395 -0.108103677630425 0.0953084006905556
3.28083992004395 -0.108103677630425 0.0328084006905556
3.28083992004395 -0.108103677630425 7.90682411193848
0 -1 0
-3.21833992004395 -0.108103677630425 7.84432411193848
-3.28083992004395 -0.108103677630425 7.90682411193848
-3.21833992004395 -0.108103677630425 0.0953084006905556
0 -1 0
-3.28083992004395 -0.108103677630425 7.90682411193848
-3.21833992004395 -0.108103677630425 7.84432411193848
3.28083992004395 -0.108103677630425 7.90682411193848
0 -1 0
-3.21833992004395 -0.108103677630425 0.0953084006905556
-3.28083992004395 -0.108103677630425 0.0328084006905556
3.28083992004395 -0.108103677630425 0.0328084006905556
0 -1 0
-3.28083992004395 -0.108103677630425 0.0328084006905556
-3.21833992004395 -0.108103677630425 0.0953084006905556
-3.28083992004395 -0.108103677630425 7.90682411193848
0 -1 0
-3.28083992004395 0.246062994003296 7.90682411193848
-3.21833992004395 0.246062994003296 7.84432411193848
-3.21833992004395 0.246062994003296 0.0953084006905556
0 1 0
-3.21833992004395 0.246062994003296 7.84432411193848
-3.28083992004395 0.246062994003296 7.90682411193848
3.21833992004395 0.246062994003296 7.84432411193848
0 1 0
-3.28083992004395 0.246062994003296 0.0328084006905556
-3.21833992004395 0.246062994003296 0.0953084006905556
3.21833992004395 0.246062994003296 0.0953084006905556
0 1 0
-3.21833992004395 0.246062994003296 0.0953084006905556
-3.28083992004395 0.246062994003296 0.0328084006905556
-3.28083992004395 0.246062994003296 7.90682411193848
0 1 0
3.21833992004395 0.246062994003296 7.84432411193848
3.28083992004395 0.246062994003296 7.90682411193848
3.21833992004395 0.246062994003296 0.0953084006905556
0 1 0
3.28083992004395 0.246062994003296 7.90682411193848
3.21833992004395 0.246062994003296 7.84432411193848
-3.28083992004395 0.246062994003296 7.90682411193848
0 1 0
3.21833992004395 0.246062994003296 0.0953084006905556
3.28083992004395 0.246062994003296 0.0328084006905556
-3.28083992004395 0.246062994003296 0.0328084006905556
0 1 0
3.28083992004395 0.246062994003296 0.0328084006905556
3.21833992004395 0.246062994003296 0.0953084006905556
3.28083992004395 0.246062994003296 7.90682411193848
0 1 0
3.28083992004395 -0.108103677630425 7.90682411193848
3.28083992004395 0.246062994003296 7.90682411193848
-3.28083992004395 0.246062994003296 7.90682411193848
0 0 1
-3.28083992004395 0.246062994003296 7.90682411193848
-3.28083992004395 -0.108103677630425 7.90682411193848
3.28083992004395 -0.108103677630425 7.90682411193848
0 0 1
-3.28083992004395 -0.108103677630425 7.90682411193848
-3.28083992004395 0.246062994003296 7.90682411193848
-3.28083992004395 0.246062994003296 0.0328084006905556
-1 0 0
-3.28083992004395 0.246062994003296 0.0328084006905556
-3.28083992004395 -0.108103677630425 0.0328084006905556
-3.28083992004395 -0.108103677630425 7.90682411193848
-1 0 0
-3.28083992004395 -0.108103677630425 0.0328084006905556
-3.28083992004395 0.246062994003296 0.0328084006905556
3.28083992004395 0.246062994003296 0.0328084006905556
0 0 -1
3.28083992004395 0.246062994003296 0.0328084006905556
3.28083992004395 -0.108103677630425 0.0328084006905556
-3.28083992004395 -0.108103677630425 0.0328084006905556
0 0 -1
3.28083992004395 -0.108103677630425 0.0328084006905556
3.28083992004395 0.246062994003296 0.0328084006905556
3.28083992004395 0.246062994003296 7.90682411193848
1 0 -5.63993296509578E-17
3.28083992004395 0.246062994003296 7.90682411193848
3.28083992004395 -0.108103677630425 7.90682411193848
3.28083992004395 -0.108103677630425 0.0328084006905556
1 0 -5.63993296509578E-17
3.21833992004395 -0.108103677630425 7.84432411193848
3.21833992004395 0.246062994003296 7.84432411193848
3.21833992004395 0.246062994003296 0.0953084006905556
-1 0 0
3.21833992004395 0.246062994003296 0.0953084006905556
3.21833992004395 -0.108103677630425 0.0953084006905556
3.21833992004395 -0.108103677630425 7.84432411193848
-1 0 0
3.21833992004395 -0.108103677630425 0.0953084006905556
3.21833992004395 0.246062994003296 0.0953084006905556
-3.21833992004395 0.246062994003296 0.0953084006905556
0 0 1
-3.21833992004395 0.246062994003296 0.0953084006905556
-3.21833992004395 -0.108103677630425 0.0953084006905556
3.21833992004395 -0.108103677630425 0.0953084006905556
0 0 1
-3.21833992004395 -0.108103677630425 0.0953084006905556
-3.21833992004395 0.246062994003296 0.0953084006905556
-3.21833992004395 0.246062994003296 7.84432411193848
1 0 0
-3.21833992004395 0.246062994003296 7.84432411193848
-3.21833992004395 -0.108103677630425 7.84432411193848
-3.21833992004395 -0.108103677630425 0.0953084006905556
1 0 0
-3.21833992004395 -0.108103677630425 7.84432411193848
-3.21833992004395 0.246062994003296 7.84432411193848
3.21833992004395 0.246062994003296 7.84432411193848
0 0 -1
3.21833992004395 0.246062994003296 7.84432411193848
3.21833992004395 -0.108103677630425 7.84432411193848
-3.21833992004395 -0.108103677630425 7.84432411193848
0 0 -1
[HEADER]
426496,1830 x 1220mm 2,6
364.555259025532 141.207282461504 0
1
-2.97439898176386E-15 -1 0
1 -2.97439898176386E-15 0
0 0 1
[HEADER]
426497,1830 x 1220mm 2,6
385.716676348368 141.207282461504 0
1
-2.97439898176386E-15 -1 0
1 -2.97439898176386E-15 0
0 0 1
[HEADER]
426498,1830 x 1220mm 3,902
368.492266899548 155.396915007436 0
1
-1 2.68618202616642E-15 0
-2.68618202616642E-15 -1 0
0 0 1
-2.74442267417908 -0.0143536748364568 7.69849061965942
-0.0729166641831398 -0.0143536748364568 7.69849061965942
-0.0729166641831398 -0.0143536748364568 0.241141736507416
0 1 0
-0.0729166641831398 -0.0143536748364568 0.241141736507416
-2.74442267417908 -0.0143536748364568 0.241141736507416
-2.74442267417908 -0.0143536748364568 7.69849061965942
0 1 0
-0.0729166641831398 -0.0560203418135643 0.241141736507416
-0.0729166641831398 -0.0560203418135643 7.69849061965942
-2.74442267417908 -0.0560203418135643 7.69849061965942
0 -1 0
-2.74442267417908 -0.0560203418135643 7.69849061965942
-2.74442267417908 -0.0560203418135643 0.241141736507416
-0.0729166641831398 -0.0560203418135643 0.241141736507416
0 -1 0
-2.74442267417908 -0.0143536748364568 0.241141736507416
-2.74442267417908 -0.0560203418135643 0.241141736507416
-2.74442267417908 -0.0560203418135643 7.69849061965942
-1 0 0
-2.74442267417908 -0.0560203418135643 7.69849061965942
-2.74442267417908 -0.0143536748364568 7.69849061965942
-2.74442267417908 -0.0143536748364568 0.241141736507416
-1 0 0
-2.74442267417908 -0.0143536748364568 7.69849061965942
-2.74442267417908 -0.0560203418135643 7.69849061965942
-0.0729166641831398 -0.0560203418135643 7.69849061965942
0 0 1
-0.0729166641831398 -0.0560203418135643 7.69849061965942
-0.0729166641831398 -0.0143536748364568 7.69849061965942
-2.74442267417908 -0.0143536748364568 7.69849061965942
0 0 1
-0.0729166641831398 -0.0143536748364568 7.69849061965942
-0.0729166641831398 -0.0560203418135643 7.69849061965942
-0.0729166641831398 -0.0560203418135643 0.241141736507416
1 0 0
-0.0729166641831398 -0.0560203418135643 0.241141736507416
-0.0729166641831398 -0.0143536748364568 0.241141736507416
-0.0729166641831398 -0.0143536748364568 7.69849061965942
1 0 0
-0.0729166641831398 -0.0143536748364568 0.241141736507416
-0.0729166641831398 -0.0560203418135643 0.241141736507416
-2.74442267417908 -0.0560203418135643 0.241141736507416
0 0 -1
-2.74442267417908 -0.0560203418135643 0.241141736507416
-2.74442267417908 -0.0143536748364568 0.241141736507416
-0.0729166641831398 -0.0143536748364568 0.241141736507416
0 0 -1
-2.89025592803955 0.0377296581864357 7.84432411193848
-2.74442267417908 0.0377296581864357 7.69849061965942
-2.74442267417908 0.0377296581864357 0.241141736507416
0 1 0
-2.74442267417908 0.0377296581864357 7.69849061965942
-2.89025592803955 0.0377296581864357 7.84432411193848
-0.0729166641831398 0.0377296581864357 7.69849061965942
0 1 0
-2.89025592803955 0.0377296581864357 0.0953084006905556
-2.74442267417908 0.0377296581864357 0.241141736507416
-0.0729166641831398 0.0377296581864357 0.241141736507416
0 1 0
-2.74442267417908 0.0377296581864357 0.241141736507416
-2.89025592803955 0.0377296581864357 0.0953084006905556
-2.89025592803955 0.0377296581864357 7.84432411193848
0 1 0
-0.0729166641831398 0.0377296581864357 7.69849061965942
0.0729166641831398 0.0377296581864357 7.84432411193848
-0.0729166641831398 0.0377296581864357 0.241141736507416
0 1 0
0.0729166641831398 0.0377296581864357 7.84432411193848
-0.0729166641831398 0.0377296581864357 7.69849061965942
-2.89025592803955 0.0377296581864357 7.84432411193848
0 1 0
-0.0729166641831398 0.0377296581864357 0.241141736507416
0.0729166641831398 0.0377296581864357 0.0953084006905556
-2.89025592803955 0.0377296581864357 0.0953084006905556
0 1 0
0.0729166641831398 0.0377296581864357 0.0953084006905556
-0.0729166641831398 0.0377296581864357 0.241141736507416
0.0729166641831398 0.0377296581864357 7.84432411193848
0 1 0
0.0729166641831398 -0.108103677630425 7.84432411193848
-0.0729166641831398 -0.108103677630425 7.69849061965942
-0.0729166641831398 -0.108103677630425 0.241141736507416
0 -1 0
-0.0729166641831398 -0.108103677630425 7.69849061965942
0.0729166641831398 -0.108103677630425 7.84432411193848
-2.74442267417908 -0.108103677630425 7.69849061965942
0 -1 0
0.0729166641831398 -0.108103677630425 0.0953084006905556
-0.0729166641831398 -0.108103677630425 0.241141736507416
-2.74442267417908 -0.108103677630425 0.241141736507416
0 -1 0
-0.0729166641831398 -0.108103677630425 0.241141736507416
0.0729166641831398 -0.108103677630425 0.0953084006905556
0.0729166641831398 -0.108103677630425 7.84432411193848
0 -1 0
-2.74442267417908 -0.108103677630425 7.69849061965942
-2.89025592803955 -0.108103677630425 7.84432411193848
-2.74442267417908 -0.108103677630425 0.241141736507416
0 -1 0
-2.89025592803955 -0.108103677630425 7.84432411193848
-2.74442267417908 -0.108103677630425 7.69849061965942
0.0729166641831398 -0.108103677630425 7.84432411193848
0 -1 0
-2.74442267417908 -0.108103677630425 0.241141736507416
-2.89025592803955 -0.108103677630425 0.0953084006905556
0.0729166641831398 -0.108103677630425 0.0953084006905556
0 -1 0
-2.89025592803955 -0.108103677630425 0.0953084006905556
-2.74442267417908 -0.108103677630425 0.241141736507416
-2.89025592803955 -0.108103677630425 7.84432411193848
0 -1 0
-2.89025592803955 0.0377296581864357 7.84432411193848
-2.89025592803955 -0.108103677630425 7.84432411193848
0.0729166641831398 -0.108103677630425 7.84432411193848
0 0 1
0.0729166641831398 -0.108103677630425 7.84432411193848
0.0729166641831398 0.0377296581864357 7.84432411193848
-2.89025592803955 0.0377296581864357 7.84432411193848
0 0 1
0.0729166641831398 0.0377296581864357 7.84432411193848
0.0729166641831398 -0.108103677630425 7.84432411193848
0.0729166641831398 -0.108103677630425 0.0953084006905556
1 0 0
0.0729166641831398 -0.108103677630425 0.0953084006905556
0.0729166641831398 0.0377296581864357 0.0953084006905556
0.0729166641831398 0.0377296581864357 7.84432411193848
1 0 0
0.0729166641831398 0.0377296581864357 0.0953084006905556
0.0729166641831398 -0.108103677630425 0.0953084006905556
-2.89025592803955 -0.108103677630425 0.0953084006905556
0 0 -1
-2.89025592803955 -0.108103677630425 0.0953084006905556
-2.89025592803955 0.0377296581864357 0.0953084006905556
0.0729166641831398 0.0377296581864357 0.0953084006905556
0 0 -1
-2.89025592803955 0.0377296581864357 0.0953084006905556
-2.89025592803955 -0.108103677630425 0.0953084006905556
-2.89025592803955 -0.108103677630425 7.84432411193848
-1 0 0
-2.89025592803955 -0.108103677630425 7.84432411193848
-2.89025592803955 0.0377296581864357 7.84432411193848
-2.89025592803955 0.0377296581864357 0.0953084006905556
-1 0 0
-2.74442267417908 0.0377296581864357 7.69849061965942
-2.74442267417908 -0.108103677630425 7.69849061965942
-2.74442267417908 -0.108103677630425 0.241141736507416
1 0 0
-2.74442267417908 -0.108103677630425 0.241141736507416
-2.74442267417908 0.0377296581864357 0.241141736507416
-2.74442267417908 0.0377296581864357 7.69849061965942
1 0 0
-2.74442267417908 0.0377296581864357 0.241141736507416
-2.74442267417908 -0.108103677630425 0.241141736507416
-0.0729166641831398 -0.108103677630425 0.241141736507416
-1.66231790442172E-16 0 1
-0.0729166641831398 -0.108103677630425 0.241141736507416
-0.0729166641831398 0.0377296581864357 0.241141736507416
-2.74442267417908 0.0377296581864357 0.241141736507416
-1.66231790442172E-16 0 1
-0.0729166641831398 0.0377296581864357 0.241141736507416
-0.0729166641831398 -0.108103677630425 0.241141736507416
-0.0729166641831398 -0.108103677630425 7.69849061965942
-1 0 0
-0.0729166641831398 -0.108103677630425 7.69849061965942
-0.0729166641831398 0.0377296581864357 7.69849061965942
-0.0729166641831398 0.0377296581864357 0.241141736507416
-1 0 0
-0.0729166641831398 0.0377296581864357 7.69849061965942
-0.0729166641831398 -0.108103677630425 7.69849061965942
-2.74442267417908 -0.108103677630425 7.69849061965942
0 0 -1
-2.74442267417908 -0.108103677630425 7.69849061965942
-2.74442267417908 0.0377296581864357 7.69849061965942
-0.0729166641831398 0.0377296581864357 7.69849061965942
0 0 -1
3.18192267417908 0.350229650735855 0.0953084006905556
3.18192267417908 0.350229650735855 0.0328084006905556
-3.18192267417908 0.350229650735855 0.0328084006905556
0 1 0
-3.18192267417908 0.350229650735855 0.0328084006905556
-3.18192267417908 0.350229650735855 0.0953084006905556
3.18192267417908 0.350229650735855 0.0953084006905556
0 1 0
-3.18192267417908 0.246062994003296 0.0328084006905556
3.18192267417908 0.246062994003296 0.0328084006905556
3.18192267417908 0.246062994003296 0.0953084006905556
0 -1 0
3.18192267417908 0.246062994003296 0.0953084006905556
-3.18192267417908 0.246062994003296 0.0953084006905556
-3.18192267417908 0.246062994003296 0.0328084006905556
0 -1 0
-3.18192267417908 0.350229650735855 0.0953084006905556
-3.18192267417908 0.246062994003296 0.0953084006905556
3.18192267417908 0.246062994003296 0.0953084006905556
0 0 1
3.18192267417908 0.246062994003296 0.0953084006905556
3.18192267417908 0.350229650735855 0.0953084006905556
-3.18192267417908 0.350229650735855 0.0953084006905556
0 0 1
3.18192267417908 0.350229650735855 0.0953084006905556
3.18192267417908 0.246062994003296 0.0953084006905556
3.18192267417908 0.246062994003296 0.0328084006905556
1 0 0
3.18192267417908 0.246062994003296 0.0328084006905556
3.18192267417908 0.350229650735855 0.0328084006905556
3.18192267417908 0.350229650735855 0.0953084006905556
1 0 0
3.18192267417908 0.350229650735855 0.0328084006905556
3.18192267417908 0.246062994003296 0.0328084006905556
-3.18192267417908 0.246062994003296 0.0328084006905556
0 0 -1
-3.18192267417908 0.246062994003296 0.0328084006905556
-3.18192267417908 0.350229650735855 0.0328084006905556
3.18192267417908 0.350229650735855 0.0328084006905556
0 0 -1
-3.18192267417908 0.350229650735855 0.0328084006905556
-3.18192267417908 0.246062994003296 0.0328084006905556
-3.18192267417908 0.246062994003296 0.0953084006905556
-1 0 0
-3.18192267417908 0.246062994003296 0.0953084006905556
-3.18192267417908 0.350229650735855 0.0953084006905556
-3.18192267417908 0.350229650735855 0.0328084006905556
-1 0 0
3.18192267417908 0.308562994003296 8.13599109649658
2.89025592803955 0.308562994003296 7.84432411193848
-2.89025592803955 0.308562994003296 7.84432411193848
0 1 0
2.89025592803955 0.308562994003296 7.84432411193848
3.18192267417908 0.308562994003296 8.13599109649658
3.18192267417908 0.308562994003296 0.0953084006905556
0 1 0
-3.18192267417908 0.308562994003296 8.13599109649658
-2.89025592803955 0.308562994003296 7.84432411193848
-3.18192267417908 0.308562994003296 0.0953084006905556
0 1 0
-2.89025592803955 0.308562994003296 7.84432411193848
-3.18192267417908 0.308562994003296 8.13599109649658
3.18192267417908 0.308562994003296 8.13599109649658
0 1 0
3.18192267417908 0.308562994003296 0.0953084006905556
2.89025592803955 0.308562994003296 0.0953084006905556
2.89025592803955 0.308562994003296 7.84432411193848
0 1 0
-2.89025592803955 0.308562994003296 0.0953084006905556
-3.18192267417908 0.308562994003296 0.0953084006905556
-2.89025592803955 0.308562994003296 7.84432411193848
0 1 0
2.89025592803955 0.246062994003296 0.0953084006905556
3.18192267417908 0.246062994003296 0.0953084006905556
2.89025592803955 0.246062994003296 7.84432411193848
0 -1 0
-3.18192267417908 0.246062994003296 0.0953084006905556
-2.89025592803955 0.246062994003296 0.0953084006905556
-2.89025592803955 0.246062994003296 7.84432411193848
0 -1 0
2.89025592803955 0.246062994003296 7.84432411193848
3.18192267417908 0.246062994003296 8.13599109649658
-2.89025592803955 0.246062994003296 7.84432411193848
0 -1 0
3.18192267417908 0.246062994003296 8.13599109649658
2.89025592803955 0.246062994003296 7.84432411193848
3.18192267417908 0.246062994003296 0.0953084006905556
0 -1 0
-2.89025592803955 0.246062994003296 7.84432411193848
-3.18192267417908 0.246062994003296 8.13599109649658
-3.18192267417908 0.246062994003296 0.0953084006905556
0 -1 0
-3.18192267417908 0.246062994003296 8.13599109649658
-2.89025592803955 0.246062994003296 7.84432411193848
3.18192267417908 0.246062994003296 8.13599109649658
0 -1 0
-2.89025592803955 0.308562994003296 7.84432411193848
-2.89025592803955 0.246062994003296 7.84432411193848
-2.89025592803955 0.246062994003296 0.0953084006905556
1 0 0
-2.89025592803955 0.246062994003296 0.0953084006905556
-2.89025592803955 0.308562994003296 0.0953084006905556
-2.89025592803955 0.308562994003296 7.84432411193848
1 0 0
-2.89025592803955 0.308562994003296 0.0953084006905556
-2.89025592803955 0.246062994003296 0.0953084006905556
-3.18192267417908 0.246062994003296 0.0953084006905556
0 0 -1
-3.18192267417908 0.246062994003296 0.0953084006905556
-3.18192267417908 0.308562994003296 0.0953084006905556
-2.89025592803955 0.308562994003296 0.0953084006905556
0 0 -1
-3.18192267417908 0.308562994003296 0.0953084006905556
-3.18192267417908 0.246062994003296 0.0953084006905556
-3.18192267417908 0.246062994003296 8.13599109649658
-1 0 0
-3.18192267417908 0.246062994003296 8.13599109649658
-3.18192267417908 0.308562994003296 8.13599109649658
-3.18192267417908 0.308562994003296 0.0953084006905556
-1 0 0
-3.18192267417908 0.308562994003296 8.13599109649658
-3.18192267417908 0.246062994003296 8.13599109649658
3.18192267417908 0.246062994003296 8.13599109649658
0 0 1
3.18192267417908 0.246062994003296 8.13599109649658
3.18192267417908 0.308562994003296 8.13599109649658
-3.18192267417908 0.308562994003296 8.13599109649658
0 0 1
3.18192267417908 0.308562994003296 8.13599109649658
3.18192267417908 0.246062994003296 8.13599109649658
3.18192267417908 0.246062994003296 0.0953084006905556
1 0 0
3.18192267417908 0.246062994003296 0.0953084006905556
3.18192267417908 0.308562994003296 0.0953084006905556
3.18192267417908 0.308562994003296 8.13599109649658
1 0 0
3.18192267417908 0.308562994003296 0.0953084006905556
3.18192267417908 0.246062994003296 0.0953084006905556
2.89025592803955 0.246062994003296 0.0953084006905556
-3.04518315325771E-15 0 -1
2.89025592803955 0.246062994003296 0.0953084006905556
2.89025592803955 0.308562994003296 0.0953084006905556
3.18192267417908 0.308562994003296 0.0953084006905556
-3.04518315325771E-15 0 -1
2.89025592803955 0.308562994003296 0.0953084006905556
2.89025592803955 0.246062994003296 0.0953084006905556
2.89025592803955 0.246062994003296 7.84432411193848
-1 0 0
2.89025592803955 0.246062994003296 7.84432411193848
2.89025592803955 0.308562994003296 7.84432411193848
2.89025592803955 0.308562994003296 0.0953084006905556
-1 0 0
2.89025592803955 0.308562994003296 7.84432411193848
2.89025592803955 0.246062994003296 7.84432411193848
-2.89025592803955 0.246062994003296 7.84432411193848
0 0 -1
-2.89025592803955 0.246062994003296 7.84432411193848
-2.89025592803955 0.308562994003296 7.84432411193848
2.89025592803955 0.308562994003296 7.84432411193848
0 0 -1
-3.14025592803955 -0.308562994003296 8.09432411193848
-2.84858918190002 -0.308562994003296 7.80265760421753
2.84858918190002 -0.308562994003296 7.80265760421753
0 -1 0
-2.84858918190002 -0.308562994003296 7.80265760421753
-3.14025592803955 -0.308562994003296 8.09432411193848
-2.84858918190002 -0.308562994003296 0.136975064873695
0 -1 0
3.14025592803955 -0.308562994003296 8.09432411193848
2.84858918190002 -0.308562994003296 7.80265760421753
2.84858918190002 -0.308562994003296 0.136975064873695
0 -1 0
2.84858918190002 -0.308562994003296 7.80265760421753
3.14025592803955 -0.308562994003296 8.09432411193848
-3.14025592803955 -0.308562994003296 8.09432411193848
0 -1 0
-2.84858918190002 -0.308562994003296 0.136975064873695
-3.14025592803955 -0.308562994003296 -0.154691606760025
2.84858918190002 -0.308562994003296 0.136975064873695
0 -1 0
-3.14025592803955 -0.308562994003296 -0.154691606760025
-2.84858918190002 -0.308562994003296 0.136975064873695
-3.14025592803955 -0.308562994003296 8.09432411193848
0 -1 0
2.84858918190002 -0.308562994003296 0.136975064873695
3.14025592803955 -0.308562994003296 -0.154691606760025
3.14025592803955 -0.308562994003296 8.09432411193848
0 -1 0
3.14025592803955 -0.308562994003296 -0.154691606760025
2.84858918190002 -0.308562994003296 0.136975064873695
-3.14025592803955 -0.308562994003296 -0.154691606760025
0 -1 0
-3.14025592803955 -0.246062994003296 -0.154691606760025
-2.84858918190002 -0.246062994003296 0.136975064873695
2.84858918190002 -0.246062994003296 0.136975064873695
0 1 0
-2.84858918190002 -0.246062994003296 0.136975064873695
-3.14025592803955 -0.246062994003296 -0.154691606760025
-2.84858918190002 -0.246062994003296 7.80265760421753
0 1 0
3.14025592803955 -0.246062994003296 -0.154691606760025
2.84858918190002 -0.246062994003296 0.136975064873695
2.84858918190002 -0.246062994003296 7.80265760421753
0 1 0
2.84858918190002 -0.246062994003296 0.136975064873695
3.14025592803955 -0.246062994003296 -0.154691606760025
-3.14025592803955 -0.246062994003296 -0.154691606760025
0 1 0
-2.84858918190002 -0.246062994003296 7.80265760421753
-3.14025592803955 -0.246062994003296 8.09432411193848
2.84858918190002 -0.246062994003296 7.80265760421753
0 1 0
-3.14025592803955 -0.246062994003296 8.09432411193848
-2.84858918190002 -0.246062994003296 7.80265760421753
-3.14025592803955 -0.246062994003296 -0.154691606760025
0 1 0
2.84858918190002 -0.246062994003296 7.80265760421753
3.14025592803955 -0.246062994003296 8.09432411193848
3.14025592803955 -0.246062994003296 -0.154691606760025
0 1 0
3.14025592803955 -0.246062994003296 8.09432411193848
2.84858918190002 -0.246062994003296 7.80265760421753
-3.14025592803955 -0.246062994003296 8.09432411193848
0 1 0
2.84858918190002 -0.308562994003296 7.80265760421753
2.84858918190002 -0.246062994003296 7.80265760421753
2.84858918190002 -0.246062994003296 0.136975064873695
-1 0 0
2.84858918190002 -0.246062994003296 0.136975064873695
2.84858918190002 -0.308562994003296 0.136975064873695
2.84858918190002 -0.308562994003296 7.80265760421753
-1 0 0
2.84858918190002 -0.308562994003296 0.136975064873695
2.84858918190002 -0.246062994003296 0.136975064873695
-2.84858918190002 -0.246062994003296 0.136975064873695
0 0 1
-2.84858918190002 -0.246062994003296 0.136975064873695
-2.84858918190002 -0.308562994003296 0.136975064873695
2.84858918190002 -0.308562994003296 0.136975064873695
0 0 1
-2.84858918190002 -0.308562994003296 0.136975064873695
-2.84858918190002 -0.246062994003296 0.136975064873695
-2.84858918190002 -0.246062994003296 7.80265760421753
1 0 0
-2.84858918190002 -0.246062994003296 7.80265760421753
-2.84858918190002 -0.308562994003296 7.80265760421753
-2.84858918190002 -0.308562994003296 0.136975064873695
1 0 0
-2.84858918190002 -0.308562994003296 7.80265760421753
-2.84858918190002 -0.246062994003296 7.80265760421753
2.84858918190002 -0.246062994003296 7.80265760421753
0 0 -1
2.84858918190002 -0.246062994003296 7.80265760421753
2.84858918190002 -0.308562994003296 7.80265760421753
-2.84858918190002 -0.308562994003296 7.80265760421753
0 0 -1
3.14025592803955 -0.308562994003296 8.09432411193848
3.14025592803955 -0.246062994003296 8.09432411193848
-3.14025592803955 -0.246062994003296 8.09432411193848
0 0 1
-3.14025592803955 -0.246062994003296 8.09432411193848
-3.14025592803955 -0.308562994003296 8.09432411193848
3.14025592803955 -0.308562994003296 8.09432411193848
0 0 1
-3.14025592803955 -0.308562994003296 8.09432411193848
-3.14025592803955 -0.246062994003296 8.09432411193848
-3.14025592803955 -0.246062994003296 -0.154691606760025
-1 0 0
-3.14025592803955 -0.246062994003296 -0.154691606760025
-3.14025592803955 -0.308562994003296 -0.154691606760025
-3.14025592803955 -0.308562994003296 8.09432411193848
-1 0 0
-3.14025592803955 -0.308562994003296 -0.154691606760025
-3.14025592803955 -0.246062994003296 -0.154691606760025
3.14025592803955 -0.246062994003296 -0.154691606760025
1.41418159287781E-16 0 -1
3.14025592803955 -0.246062994003296 -0.154691606760025
3.14025592803955 -0.308562994003296 -0.154691606760025
-3.14025592803955 -0.308562994003296 -0.154691606760025
1.41418159287781E-16 0 -1
3.14025592803955 -0.308562994003296 -0.154691606760025
3.14025592803955 -0.246062994003296 -0.154691606760025
3.14025592803955 -0.246062994003296 8.09432411193848
1 0 -5.38354178746766E-17
3.14025592803955 -0.246062994003296 8.09432411193848
3.14025592803955 -0.308562994003296 8.09432411193848
3.14025592803955 -0.308562994003296 -0.154691606760025
1 0 -5.38354178746766E-17
0.0729166641831398 0.0898129940032959 7.69849061965942
0.0729166641831398 0.0898129940032959 0.241141736507416
2.74442267417908 0.0898129940032959 0.241141736507416
0 -1 0
2.74442267417908 0.0898129940032959 0.241141736507416
2.74442267417908 0.0898129940032959 7.69849061965942
0.0729166641831398 0.0898129940032959 7.69849061965942
0 -1 0
2.74442267417908 0.131479665637016 0.241141736507416
0.0729166641831398 0.131479665637016 0.241141736507416
0.0729166641831398 0.131479665637016 7.69849061965942
0 1 0
0.0729166641831398 0.131479665637016 7.69849061965942
2.74442267417908 0.131479665637016 7.69849061965942
2.74442267417908 0.131479665637016 0.241141736507416
0 1 0
2.74442267417908 0.0898129940032959 7.69849061965942
2.74442267417908 0.131479665637016 7.69849061965942
0.0729166641831398 0.131479665637016 7.69849061965942
0 0 1
0.0729166641831398 0.131479665637016 7.69849061965942
0.0729166641831398 0.0898129940032959 7.69849061965942
2.74442267417908 0.0898129940032959 7.69849061965942
0 0 1
0.0729166641831398 0.0898129940032959 7.69849061965942
0.0729166641831398 0.131479665637016 7.69849061965942
0.0729166641831398 0.131479665637016 0.241141736507416
-1 0 0
0.0729166641831398 0.131479665637016 0.241141736507416
0.0729166641831398 0.0898129940032959 0.241141736507416
0.0729166641831398 0.0898129940032959 7.69849061965942
-1 0 0
0.0729166641831398 0.0898129940032959 0.241141736507416
0.0729166641831398 0.131479665637016 0.241141736507416
2.74442267417908 0.131479665637016 0.241141736507416
1.66231790442172E-16 0 -1
2.74442267417908 0.131479665637016 0.241141736507416
2.74442267417908 0.0898129940032959 0.241141736507416
0.0729166641831398 0.0898129940032959 0.241141736507416
1.66231790442172E-16 0 -1
2.74442267417908 0.0898129940032959 0.241141736507416
2.74442267417908 0.131479665637016 0.241141736507416
2.74442267417908 0.131479665637016 7.69849061965942
1 0 0
2.74442267417908 0.131479665637016 7.69849061965942
2.74442267417908 0.0898129940032959 7.69849061965942
2.74442267417908 0.0898129940032959 0.241141736507416
1 0 0
-0.0729166641831398 0.183562994003296 7.84432411193848
0.0729166641831398 0.183562994003296 7.69849061965942
0.0729166641831398 0.183562994003296 0.241141736507416
0 1 0
0.0729166641831398 0.183562994003296 7.69849061965942
-0.0729166641831398 0.183562994003296 7.84432411193848
2.74442267417908 0.183562994003296 7.69849061965942
0 1 0
-0.0729166641831398 0.183562994003296 0.0953084006905556
0.0729166641831398 0.183562994003296 0.241141736507416
2.74442267417908 0.183562994003296 0.241141736507416
0 1 0
0.0729166641831398 0.183562994003296 0.241141736507416
-0.0729166641831398 0.183562994003296 0.0953084006905556
-0.0729166641831398 0.183562994003296 7.84432411193848
0 1 0
2.74442267417908 0.183562994003296 7.69849061965942
2.89025592803955 0.183562994003296 7.84432411193848
2.74442267417908 0.183562994003296 0.241141736507416
0 1 0
2.89025592803955 0.183562994003296 7.84432411193848
2.74442267417908 0.183562994003296 7.69849061965942
-0.0729166641831398 0.183562994003296 7.84432411193848
0 1 0
2.74442267417908 0.183562994003296 0.241141736507416
2.89025592803955 0.183562994003296 0.0953084006905556
-0.0729166641831398 0.183562994003296 0.0953084006905556
0 1 0
2.89025592803955 0.183562994003296 0.0953084006905556
2.74442267417908 0.183562994003296 0.241141736507416
2.89025592803955 0.183562994003296 7.84432411193848
0 1 0
2.89025592803955 0.0377296581864357 7.84432411193848
2.74442267417908 0.0377296581864357 7.69849061965942
2.74442267417908 0.0377296581864357 0.241141736507416
0 -1 0
2.74442267417908 0.0377296581864357 7.69849061965942
2.89025592803955 0.0377296581864357 7.84432411193848
0.0729166641831398 0.0377296581864357 7.69849061965942
0 -1 0
2.89025592803955 0.0377296581864357 0.0953084006905556
2.74442267417908 0.0377296581864357 0.241141736507416
0.0729166641831398 0.0377296581864357 0.241141736507416
0 -1 0
2.74442267417908 0.0377296581864357 0.241141736507416
2.89025592803955 0.0377296581864357 0.0953084006905556
2.89025592803955 0.0377296581864357 7.84432411193848
0 -1 0
0.0729166641831398 0.0377296581864357 7.69849061965942
-0.0729166641831398 0.0377296581864357 7.84432411193848
0.0729166641831398 0.0377296581864357 0.241141736507416
0 -1 0
-0.0729166641831398 0.0377296581864357 7.84432411193848
0.0729166641831398 0.0377296581864357 7.69849061965942
2.89025592803955 0.0377296581864357 7.84432411193848
0 -1 0
0.0729166641831398 0.0377296581864357 0.241141736507416
-0.0729166641831398 0.0377296581864357 0.0953084006905556
2.89025592803955 0.0377296581864357 0.0953084006905556
0 -1 0
-0.0729166641831398 0.0377296581864357 0.0953084006905556
0.0729166641831398 0.0377296581864357 0.241141736507416
-0.0729166641831398 0.0377296581864357 7.84432411193848
0 -1 0
-0.0729166641831398 0.183562994003296 7.84432411193848
-0.0729166641831398 0.0377296581864357 7.84432411193848
2.89025592803955 0.0377296581864357 7.84432411193848
0 0 1
2.89025592803955 0.0377296581864357 7.84432411193848
2.89025592803955 0.183562994003296 7.84432411193848
-0.0729166641831398 0.183562994003296 7.84432411193848
0 0 1
2.89025592803955 0.183562994003296 7.84432411193848
2.89025592803955 0.0377296581864357 7.84432411193848
2.89025592803955 0.0377296581864357 0.0953084006905556
1 0 0
2.89025592803955 0.0377296581864357 0.0953084006905556
2.89025592803955 0.183562994003296 0.0953084006905556
2.89025592803955 0.183562994003296 7.84432411193848
1 0 0
2.89025592803955 0.183562994003296 0.0953084006905556
2.89025592803955 0.0377296581864357 0.0953084006905556
-0.0729166641831398 0.0377296581864357 0.0953084006905556
0 0 -1
-0.0729166641831398 0.0377296581864357 0.0953084006905556
-0.0729166641831398 0.183562994003296 0.0953084006905556
2.89025592803955 0.183562994003296 0.0953084006905556
0 0 -1
-0.0729166641831398 0.183562994003296 0.0953084006905556
-0.0729166641831398 0.0377296581864357 0.0953084006905556
-0.0729166641831398 0.0377296581864357 7.84432411193848
-1 0 0
-0.0729166641831398 0.0377296581864357 7.84432411193848
-0.0729166641831398 0.183562994003296 7.84432411193848
-0.0729166641831398 0.183562994003296 0.0953084006905556
-1 0 0
0.0729166641831398 0.183562994003296 7.69849061965942
0.0729166641831398 0.0377296581864357 7.69849061965942
0.0729166641831398 0.0377296581864357 0.241141736507416
1 0 0
0.0729166641831398 0.0377296581864357 0.241141736507416
0.0729166641831398 0.183562994003296 0.241141736507416
0.0729166641831398 0.183562994003296 7.69849061965942
1 0 0
0.0729166641831398 0.183562994003296 0.241141736507416
0.0729166641831398 0.0377296581864357 0.241141736507416
2.74442267417908 0.0377296581864357 0.241141736507416
1.66231790442172E-16 0 1
2.74442267417908 0.0377296581864357 0.241141736507416
2.74442267417908 0.183562994003296 0.241141736507416
0.0729166641831398 0.183562994003296 0.241141736507416
1.66231790442172E-16 0 1
2.74442267417908 0.183562994003296 0.241141736507416
2.74442267417908 0.0377296581864357 0.241141736507416
2.74442267417908 0.0377296581864357 7.69849061965942
-1 0 0
2.74442267417908 0.0377296581864357 7.69849061965942
2.74442267417908 0.183562994003296 7.69849061965942
2.74442267417908 0.183562994003296 0.241141736507416
-1 0 0
2.74442267417908 0.183562994003296 7.69849061965942
2.74442267417908 0.0377296581864357 7.69849061965942
0.0729166641831398 0.0377296581864357 7.69849061965942
0 0 -1
0.0729166641831398 0.0377296581864357 7.69849061965942
0.0729166641831398 0.183562994003296 7.69849061965942
2.74442267417908 0.183562994003296 7.69849061965942
0 0 -1
-2.95275592803955 -0.108103677630425 7.90682411193848
-2.84858918190002 -0.108103677630425 7.80265760421753
-2.84858918190002 -0.108103677630425 0.136975064873695
0 1 0
-2.84858918190002 -0.108103677630425 7.80265760421753
-2.95275592803955 -0.108103677630425 7.90682411193848
2.84858918190002 -0.108103677630425 7.80265760421753
0 1 0
-2.95275592803955 -0.108103677630425 0.0328084006905556
-2.84858918190002 -0.108103677630425 0.136975064873695
2.84858918190002 -0.108103677630425 0.136975064873695
0 1 0
-2.84858918190002 -0.108103677630425 0.136975064873695
-2.95275592803955 -0.108103677630425 0.0328084006905556
-2.95275592803955 -0.108103677630425 7.90682411193848
0 1 0
2.84858918190002 -0.108103677630425 7.80265760421753
2.95275592803955 -0.108103677630425 7.90682411193848
2.84858918190002 -0.108103677630425 0.136975064873695
0 1 0
2.95275592803955 -0.108103677630425 7.90682411193848
2.84858918190002 -0.108103677630425 7.80265760421753
-2.95275592803955 -0.108103677630425 7.90682411193848
0 1 0
2.84858918190002 -0.108103677630425 0.136975064873695
2.95275592803955 -0.108103677630425 0.0328084006905556
-2.95275592803955 -0.108103677630425 0.0328084006905556
0 1 0
2.95275592803955 -0.108103677630425 0.0328084006905556
2.84858918190002 -0.108103677630425 0.136975064873695
2.95275592803955 -0.108103677630425 7.90682411193848
0 1 0
2.95275592803955 -0.246062994003296 7.90682411193848
2.84858918190002 -0.246062994003296 7.80265760421753
2.84858918190002 -0.246062994003296 0.136975064873695
0 -1 0
2.84858918190002 -0.246062994003296 7.80265760421753
2.95275592803955 -0.246062994003296 7.90682411193848
-2.84858918190002 -0.246062994003296 7.80265760421753
0 -1 0
2.95275592803955 -0.246062994003296 0.0328084006905556
2.84858918190002 -0.246062994003296 0.136975064873695
-2.84858918190002 -0.246062994003296 0.136975064873695
0 -1 0
2.84858918190002 -0.246062994003296 0.136975064873695
2.95275592803955 -0.246062994003296 0.0328084006905556
2.95275592803955 -0.246062994003296 7.90682411193848
0 -1 0
-2.84858918190002 -0.246062994003296 7.80265760421753
-2.95275592803955 -0.246062994003296 7.90682411193848
-2.84858918190002 -0.246062994003296 0.136975064873695
0 -1 0
-2.95275592803955 -0.246062994003296 7.90682411193848
-2.84858918190002 -0.246062994003296 7.80265760421753
2.95275592803955 -0.246062994003296 7.90682411193848
0 -1 0
-2.84858918190002 -0.246062994003296 0.136975064873695
-2.95275592803955 -0.246062994003296 0.0328084006905556
2.95275592803955 -0.246062994003296 0.0328084006905556
0 -1 0
-2.95275592803955 -0.246062994003296 0.0328084006905556
-2.84858918190002 -0.246062994003296 0.136975064873695
-2.95275592803955 -0.246062994003296 7.90682411193848
0 -1 0
-2.95275592803955 -0.108103677630425 7.90682411193848
-2.95275592803955 -0.246062994003296 7.90682411193848
2.95275592803955 -0.246062994003296 7.90682411193848
0 0 1
2.95275592803955 -0.246062994003296 7.90682411193848
2.95275592803955 -0.108103677630425 7.90682411193848
-2.95275592803955 -0.108103677630425 7.90682411193848
0 0 1
2.95275592803955 -0.108103677630425 7.90682411193848
2.95275592803955 -0.246062994003296 7.90682411193848
2.95275592803955 -0.246062994003296 0.0328084006905556
1 0 0
2.95275592803955 -0.246062994003296 0.0328084006905556
2.95275592803955 -0.108103677630425 0.0328084006905556
2.95275592803955 -0.108103677630425 7.90682411193848
1 0 0
2.95275592803955 -0.108103677630425 0.0328084006905556
2.95275592803955 -0.246062994003296 0.0328084006905556
-2.95275592803955 -0.246062994003296 0.0328084006905556
0 0 -1
-2.95275592803955 -0.246062994003296 0.0328084006905556
-2.95275592803955 -0.108103677630425 0.0328084006905556
2.95275592803955 -0.108103677630425 0.0328084006905556
0 0 -1
-2.95275592803955 -0.108103677630425 0.0328084006905556
-2.95275592803955 -0.246062994003296 0.0328084006905556
-2.95275592803955 -0.246062994003296 7.90682411193848
-1 0 0
-2.95275592803955 -0.246062994003296 7.90682411193848
-2.95275592803955 -0.108103677630425 7.90682411193848
-2.95275592803955 -0.108103677630425 0.0328084006905556
-1 0 0
-2.84858918190002 -0.108103677630425 7.80265760421753
-2.84858918190002 -0.246062994003296 7.80265760421753
-2.84858918190002 -0.246062994003296 0.136975064873695
1 0 0
-2.84858918190002 -0.246062994003296 0.136975064873695
-2.84858918190002 -0.108103677630425 0.136975064873695
-2.84858918190002 -0.108103677630425 7.80265760421753
1 0 0
-2.84858918190002 -0.108103677630425 0.136975064873695
-2.84858918190002 -0.246062994003296 0.136975064873695
2.84858918190002 -0.246062994003296 0.136975064873695
0 0 1
2.84858918190002 -0.246062994003296 0.136975064873695
2.84858918190002 -0.108103677630425 0.136975064873695
-2.84858918190002 -0.108103677630425 0.136975064873695
0 0 1
2.84858918190002 -0.108103677630425 0.136975064873695
2.84858918190002 -0.246062994003296 0.136975064873695
2.84858918190002 -0.246062994003296 7.80265760421753
-1 0 0
2.84858918190002 -0.246062994003296 7.80265760421753
2.84858918190002 -0.108103677630425 7.80265760421753
2.84858918190002 -0.108103677630425 0.136975064873695
-1 0 0
2.84858918190002 -0.108103677630425 7.80265760421753
2.84858918190002 -0.246062994003296 7.80265760421753
-2.84858918190002 -0.246062994003296 7.80265760421753
0 0 -1
-2.84858918190002 -0.246062994003296 7.80265760421753
-2.84858918190002 -0.108103677630425 7.80265760421753
2.84858918190002 -0.108103677630425 7.80265760421753
0 0 -1
2.95275592803955 -0.108103677630425 7.90682411193848
2.89025592803955 -0.108103677630425 7.84432411193848
2.89025592803955 -0.108103677630425 0.0953084006905556
0 -1 0
2.89025592803955 -0.108103677630425 7.84432411193848
2.95275592803955 -0.108103677630425 7.90682411193848
-2.89025592803955 -0.108103677630425 7.84432411193848
0 -1 0
2.95275592803955 -0.108103677630425 0.0328084006905556
2.89025592803955 -0.108103677630425 0.0953084006905556
-2.89025592803955 -0.108103677630425 0.0953084006905556
0 -1 0
2.89025592803955 -0.108103677630425 0.0953084006905556
2.95275592803955 -0.108103677630425 0.0328084006905556
2.95275592803955 -0.108103677630425 7.90682411193848
0 -1 0
-2.89025592803955 -0.108103677630425 7.84432411193848
-2.95275592803955 -0.108103677630425 7.90682411193848
-2.89025592803955 -0.108103677630425 0.0953084006905556
0 -1 0
-2.95275592803955 -0.108103677630425 7.90682411193848
-2.89025592803955 -0.108103677630425 7.84432411193848
2.95275592803955 -0.108103677630425 7.90682411193848
0 -1 0
-2.89025592803955 -0.108103677630425 0.0953084006905556
-2.95275592803955 -0.108103677630425 0.0328084006905556
2.95275592803955 -0.108103677630425 0.0328084006905556
0 -1 0
-2.95275592803955 -0.108103677630425 0.0328084006905556
-2.89025592803955 -0.108103677630425 0.0953084006905556
-2.95275592803955 -0.108103677630425 7.90682411193848
0 -1 0
-2.95275592803955 0.246062994003296 7.90682411193848
-2.89025592803955 0.246062994003296 7.84432411193848
-2.89025592803955 0.246062994003296 0.0953084006905556
0 1 0
-2.89025592803955 0.246062994003296 7.84432411193848
-2.95275592803955 0.246062994003296 7.90682411193848
2.89025592803955 0.246062994003296 7.84432411193848
0 1 0
-2.95275592803955 0.246062994003296 0.0328084006905556
-2.89025592803955 0.246062994003296 0.0953084006905556
2.89025592803955 0.246062994003296 0.0953084006905556
0 1 0
-2.89025592803955 0.246062994003296 0.0953084006905556
-2.95275592803955 0.246062994003296 0.0328084006905556
-2.95275592803955 0.246062994003296 7.90682411193848
0 1 0
2.89025592803955 0.246062994003296 7.84432411193848
2.95275592803955 0.246062994003296 7.90682411193848
2.89025592803955 0.246062994003296 0.0953084006905556
0 1 0
2.95275592803955 0.246062994003296 7.90682411193848
2.89025592803955 0.246062994003296 7.84432411193848
-2.95275592803955 0.246062994003296 7.90682411193848
0 1 0
2.89025592803955 0.246062994003296 0.0953084006905556
2.95275592803955 0.246062994003296 0.0328084006905556
-2.95275592803955 0.246062994003296 0.0328084006905556
0 1 0
2.95275592803955 0.246062994003296 0.0328084006905556
2.89025592803955 0.246062994003296 0.0953084006905556
2.95275592803955 0.246062994003296 7.90682411193848
0 1 0
2.95275592803955 -0.108103677630425 7.90682411193848
2.95275592803955 0.246062994003296 7.90682411193848
-2.95275592803955 0.246062994003296 7.90682411193848
0 0 1
-2.95275592803955 0.246062994003296 7.90682411193848
-2.95275592803955 -0.108103677630425 7.90682411193848
2.95275592803955 -0.108103677630425 7.90682411193848
0 0 1
-2.95275592803955 -0.108103677630425 7.90682411193848
-2.95275592803955 0.246062994003296 7.90682411193848
-2.95275592803955 0.246062994003296 0.0328084006905556
-1 0 0
-2.95275592803955 0.246062994003296 0.0328084006905556
-2.95275592803955 -0.108103677630425 0.0328084006905556
-2.95275592803955 -0.108103677630425 7.90682411193848
-1 0 0
-2.95275592803955 -0.108103677630425 0.0328084006905556
-2.95275592803955 0.246062994003296 0.0328084006905556
2.95275592803955 0.246062994003296 0.0328084006905556
0 0 -1
2.95275592803955 0.246062994003296 0.0328084006905556
2.95275592803955 -0.108103677630425 0.0328084006905556
-2.95275592803955 -0.108103677630425 0.0328084006905556
0 0 -1
2.95275592803955 -0.108103677630425 0.0328084006905556
2.95275592803955 0.246062994003296 0.0328084006905556
2.95275592803955 0.246062994003296 7.90682411193848
1 0 -5.63993296509578E-17
2.95275592803955 0.246062994003296 7.90682411193848
2.95275592803955 -0.108103677630425 7.90682411193848
2.95275592803955 -0.108103677630425 0.0328084006905556
1 0 -5.63993296509578E-17
2.89025592803955 -0.108103677630425 7.84432411193848
2.89025592803955 0.246062994003296 7.84432411193848
2.89025592803955 0.246062994003296 0.0953084006905556
-1 0 0
2.89025592803955 0.246062994003296 0.0953084006905556
2.89025592803955 -0.108103677630425 0.0953084006905556
2.89025592803955 -0.108103677630425 7.84432411193848
-1 0 0
2.89025592803955 -0.108103677630425 0.0953084006905556
2.89025592803955 0.246062994003296 0.0953084006905556
-2.89025592803955 0.246062994003296 0.0953084006905556
0 0 1
-2.89025592803955 0.246062994003296 0.0953084006905556
-2.89025592803955 -0.108103677630425 0.0953084006905556
2.89025592803955 -0.108103677630425 0.0953084006905556
0 0 1
-2.89025592803955 -0.108103677630425 0.0953084006905556
-2.89025592803955 0.246062994003296 0.0953084006905556
-2.89025592803955 0.246062994003296 7.84432411193848
1 0 0
-2.89025592803955 0.246062994003296 7.84432411193848
-2.89025592803955 -0.108103677630425 7.84432411193848
-2.89025592803955 -0.108103677630425 0.0953084006905556
1 0 0
-2.89025592803955 -0.108103677630425 7.84432411193848
-2.89025592803955 0.246062994003296 7.84432411193848
2.89025592803955 0.246062994003296 7.84432411193848
0 0 -1
2.89025592803955 0.246062994003296 7.84432411193848
2.89025592803955 -0.108103677630425 7.84432411193848
-2.89025592803955 -0.108103677630425 7.84432411193848
0 0 -1
[HEADER]
426499,1830 x 1220mm 3,6
375.053946689574 155.396915007435 0
1
-1 2.68618202616642E-15 0
-2.68618202616642E-15 -1 0
0 0 1
[HEADER]
426500,1830 x 1220mm 3,6
381.779668474352 155.396915007435 0
1
-1 2.68618202616642E-15 0
-2.68618202616642E-15 -1 0
0 0 1
[HEADER]
430338,1830 x 1220mm 3,6
368.738329891674 136.286022618984 0
1
-1 2.68618202616642E-15 0
-2.68618202616642E-15 -1 0
0 0 1
[HEADER]
430387,1830 x 1220mm 3,6
374.971925692199 136.286022618984 0
1
1 -2.68618202616642E-15 0
2.68618202616642E-15 1 0
0 0 1
[HEADER]
430436,1830 x 1220mm 3,6
381.123500495349 136.286022618984 0
1
-1 2.68618202616642E-15 0
-2.68618202616642E-15 -1 0
0 0 1
[LEVEL]
2F BIMS plan
[HEADER]
429476,1830 x 1220mm,902
402.859064871873 303.16594387986 13.1561679790026
1
-1.49877803362078E-15 -1 0
1 -1.49877803362078E-15 0
0 0 1
-2.29166674613953 0.0676673203706741 7.69849061965942
-0.0729166641831398 0.0676673203706741 7.69849061965942
-0.0729166641831398 0.0676673203706741 0.241141736507416
0 1 0
-0.0729166641831398 0.0676673203706741 0.241141736507416
-2.29166674613953 0.0676673203706741 0.241141736507416
-2.29166674613953 0.0676673203706741 7.69849061965942
0 1 0
-0.0729166641831398 0.0260006561875343 0.241141736507416
-0.0729166641831398 0.0260006561875343 7.69849061965942
-2.29166674613953 0.0260006561875343 7.69849061965942
0 -1 0
-2.29166674613953 0.0260006561875343 7.69849061965942
-2.29166674613953 0.0260006561875343 0.241141736507416
-0.0729166641831398 0.0260006561875343 0.241141736507416
0 -1 0
-2.29166674613953 0.0676673203706741 0.241141736507416
-2.29166674613953 0.0260006561875343 0.241141736507416
-2.29166674613953 0.0260006561875343 7.69849061965942
-1 0 0
-2.29166674613953 0.0260006561875343 7.69849061965942
-2.29166674613953 0.0676673203706741 7.69849061965942
-2.29166674613953 0.0676673203706741 0.241141736507416
-1 0 0
-2.29166674613953 0.0676673203706741 7.69849061965942
-2.29166674613953 0.0260006561875343 7.69849061965942
-0.0729166641831398 0.0260006561875343 7.69849061965942
0 0 1
-0.0729166641831398 0.0260006561875343 7.69849061965942
-0.0729166641831398 0.0676673203706741 7.69849061965942
-2.29166674613953 0.0676673203706741 7.69849061965942
0 0 1
-0.0729166641831398 0.0676673203706741 7.69849061965942
-0.0729166641831398 0.0260006561875343 7.69849061965942
-0.0729166641831398 0.0260006561875343 0.241141736507416
1 0 0
-0.0729166641831398 0.0260006561875343 0.241141736507416
-0.0729166641831398 0.0676673203706741 0.241141736507416
-0.0729166641831398 0.0676673203706741 7.69849061965942
1 0 0
-0.0729166641831398 0.0676673203706741 0.241141736507416
-0.0729166641831398 0.0260006561875343 0.241141736507416
-2.29166674613953 0.0260006561875343 0.241141736507416
0 0 -1
-2.29166674613953 0.0260006561875343 0.241141736507416
-2.29166674613953 0.0676673203706741 0.241141736507416
-0.0729166641831398 0.0676673203706741 0.241141736507416
0 0 -1
-2.4375 0.119750656187534 7.84432411193848
-2.29166674613953 0.119750656187534 7.69849061965942
-2.29166674613953 0.119750656187534 0.241141736507416
0 1 0
-2.29166674613953 0.119750656187534 7.69849061965942
-2.4375 0.119750656187534 7.84432411193848
-0.0729166641831398 0.119750656187534 7.69849061965942
0 1 0
-2.4375 0.119750656187534 0.0953084006905556
-2.29166674613953 0.119750656187534 0.241141736507416
-0.0729166641831398 0.119750656187534 0.241141736507416
0 1 0
-2.29166674613953 0.119750656187534 0.241141736507416
-2.4375 0.119750656187534 0.0953084006905556
-2.4375 0.119750656187534 7.84432411193848
0 1 0
-0.0729166641831398 0.119750656187534 7.69849061965942
0.0729166641831398 0.119750656187534 7.84432411193848
-0.0729166641831398 0.119750656187534 0.241141736507416
0 1 0
0.0729166641831398 0.119750656187534 7.84432411193848
-0.0729166641831398 0.119750656187534 7.69849061965942
-2.4375 0.119750656187534 7.84432411193848
0 1 0
-0.0729166641831398 0.119750656187534 0.241141736507416
0.0729166641831398 0.119750656187534 0.0953084006905556
-2.4375 0.119750656187534 0.0953084006905556
0 1 0
0.0729166641831398 0.119750656187534 0.0953084006905556
-0.0729166641831398 0.119750656187534 0.241141736507416
0.0729166641831398 0.119750656187534 7.84432411193848
0 1 0
0.0729166641831398 -0.0260826777666807 7.84432411193848
-0.0729166641831398 -0.0260826777666807 7.69849061965942
-0.0729166641831398 -0.0260826777666807 0.241141736507416
0 -1 0
-0.0729166641831398 -0.0260826777666807 7.69849061965942
0.0729166641831398 -0.0260826777666807 7.84432411193848
-2.29166674613953 -0.0260826777666807 7.69849061965942
0 -1 0
0.0729166641831398 -0.0260826777666807 0.0953084006905556
-0.0729166641831398 -0.0260826777666807 0.241141736507416
-2.29166674613953 -0.0260826777666807 0.241141736507416
0 -1 0
-0.0729166641831398 -0.0260826777666807 0.241141736507416
0.0729166641831398 -0.0260826777666807 0.0953084006905556
0.0729166641831398 -0.0260826777666807 7.84432411193848
0 -1 0
-2.29166674613953 -0.0260826777666807 7.69849061965942
-2.4375 -0.0260826777666807 7.84432411193848
-2.29166674613953 -0.0260826777666807 0.241141736507416
0 -1 0
-2.4375 -0.0260826777666807 7.84432411193848
-2.29166674613953 -0.0260826777666807 7.69849061965942
0.0729166641831398 -0.0260826777666807 7.84432411193848
0 -1 0
-2.29166674613953 -0.0260826777666807 0.241141736507416
-2.4375 -0.0260826777666807 0.0953084006905556
0.0729166641831398 -0.0260826777666807 0.0953084006905556
0 -1 0
-2.4375 -0.0260826777666807 0.0953084006905556
-2.29166674613953 -0.0260826777666807 0.241141736507416
-2.4375 -0.0260826777666807 7.84432411193848
0 -1 0
-2.4375 0.119750656187534 7.84432411193848
-2.4375 -0.0260826777666807 7.84432411193848
0.0729166641831398 -0.0260826777666807 7.84432411193848
0 0 1
0.0729166641831398 -0.0260826777666807 7.84432411193848
0.0729166641831398 0.119750656187534 7.84432411193848
-2.4375 0.119750656187534 7.84432411193848
0 0 1
0.0729166641831398 0.119750656187534 7.84432411193848
0.0729166641831398 -0.0260826777666807 7.84432411193848
0.0729166641831398 -0.0260826777666807 0.0953084006905556
1 0 0
0.0729166641831398 -0.0260826777666807 0.0953084006905556
0.0729166641831398 0.119750656187534 0.0953084006905556
0.0729166641831398 0.119750656187534 7.84432411193848
1 0 0
0.0729166641831398 0.119750656187534 0.0953084006905556
0.0729166641831398 -0.0260826777666807 0.0953084006905556
-2.4375 -0.0260826777666807 0.0953084006905556
0 0 -1
-2.4375 -0.0260826777666807 0.0953084006905556
-2.4375 0.119750656187534 0.0953084006905556
0.0729166641831398 0.119750656187534 0.0953084006905556
0 0 -1
-2.4375 0.119750656187534 0.0953084006905556
-2.4375 -0.0260826777666807 0.0953084006905556
-2.4375 -0.0260826777666807 7.84432411193848
-1 0 0
-2.4375 -0.0260826777666807 7.84432411193848
-2.4375 0.119750656187534 7.84432411193848
-2.4375 0.119750656187534 0.0953084006905556
-1 0 0
-2.29166674613953 0.119750656187534 7.69849061965942
-2.29166674613953 -0.0260826777666807 7.69849061965942
-2.29166674613953 -0.0260826777666807 0.241141736507416
1 0 0
-2.29166674613953 -0.0260826777666807 0.241141736507416
-2.29166674613953 0.119750656187534 0.241141736507416
-2.29166674613953 0.119750656187534 7.69849061965942
1 0 0
-2.29166674613953 0.119750656187534 0.241141736507416
-2.29166674613953 -0.0260826777666807 0.241141736507416
-0.0729166641831398 -0.0260826777666807 0.241141736507416
-2.00152883312705E-16 0 1
-0.0729166641831398 -0.0260826777666807 0.241141736507416
-0.0729166641831398 0.119750656187534 0.241141736507416
-2.29166674613953 0.119750656187534 0.241141736507416
-2.00152883312705E-16 0 1
-0.0729166641831398 0.119750656187534 0.241141736507416
-0.0729166641831398 -0.0260826777666807 0.241141736507416
-0.0729166641831398 -0.0260826777666807 7.69849061965942
-1 0 0
-0.0729166641831398 -0.0260826777666807 7.69849061965942
-0.0729166641831398 0.119750656187534 7.69849061965942
-0.0729166641831398 0.119750656187534 0.241141736507416
-1 0 0
-0.0729166641831398 0.119750656187534 7.69849061965942
-0.0729166641831398 -0.0260826777666807 7.69849061965942
-2.29166674613953 -0.0260826777666807 7.69849061965942
0 0 -1
-2.29166674613953 -0.0260826777666807 7.69849061965942
-2.29166674613953 0.119750656187534 7.69849061965942
-0.0729166641831398 0.119750656187534 7.69849061965942
0 0 -1
2.72916674613953 0.432250648736954 0.0953084006905556
2.72916674613953 0.432250648736954 0.0328084006905556
-2.72916674613953 0.432250648736954 0.0328084006905556
0 1 0
-2.72916674613953 0.432250648736954 0.0328084006905556
-2.72916674613953 0.432250648736954 0.0953084006905556
2.72916674613953 0.432250648736954 0.0953084006905556
0 1 0
-2.72916674613953 0.328083992004395 0.0328084006905556
2.72916674613953 0.328083992004395 0.0328084006905556
2.72916674613953 0.328083992004395 0.0953084006905556
0 -1 0
2.72916674613953 0.328083992004395 0.0953084006905556
-2.72916674613953 0.328083992004395 0.0953084006905556
-2.72916674613953 0.328083992004395 0.0328084006905556
0 -1 0
-2.72916674613953 0.432250648736954 0.0953084006905556
-2.72916674613953 0.328083992004395 0.0953084006905556
2.72916674613953 0.328083992004395 0.0953084006905556
0 0 1
2.72916674613953 0.328083992004395 0.0953084006905556
2.72916674613953 0.432250648736954 0.0953084006905556
-2.72916674613953 0.432250648736954 0.0953084006905556
0 0 1
2.72916674613953 0.432250648736954 0.0953084006905556
2.72916674613953 0.328083992004395 0.0953084006905556
2.72916674613953 0.328083992004395 0.0328084006905556
1 0 0
2.72916674613953 0.328083992004395 0.0328084006905556
2.72916674613953 0.432250648736954 0.0328084006905556
2.72916674613953 0.432250648736954 0.0953084006905556
1 0 0
2.72916674613953 0.432250648736954 0.0328084006905556
2.72916674613953 0.328083992004395 0.0328084006905556
-2.72916674613953 0.328083992004395 0.0328084006905556
0 0 -1
-2.72916674613953 0.328083992004395 0.0328084006905556
-2.72916674613953 0.432250648736954 0.0328084006905556
2.72916674613953 0.432250648736954 0.0328084006905556
0 0 -1
-2.72916674613953 0.432250648736954 0.0328084006905556
-2.72916674613953 0.328083992004395 0.0328084006905556
-2.72916674613953 0.328083992004395 0.0953084006905556
-1 0 -7.10542735760393E-15
-2.72916674613953 0.328083992004395 0.0953084006905556
-2.72916674613953 0.432250648736954 0.0953084006905556
-2.72916674613953 0.432250648736954 0.0328084006905556
-1 0 -7.10542735760393E-15
2.72916674613953 0.390583992004395 8.13599109649658
2.4375 0.390583992004395 7.84432411193848
-2.4375 0.390583992004395 7.84432411193848
0 1 0
2.4375 0.390583992004395 7.84432411193848
2.72916674613953 0.390583992004395 8.13599109649658
2.72916674613953 0.390583992004395 0.0953084006905556
0 1 0
-2.72916674613953 0.390583992004395 8.13599109649658
-2.4375 0.390583992004395 7.84432411193848
-2.72916674613953 0.390583992004395 0.0953084006905556
0 1 0
-2.4375 0.390583992004395 7.84432411193848
-2.72916674613953 0.390583992004395 8.13599109649658
2.72916674613953 0.390583992004395 8.13599109649658
0 1 0
2.72916674613953 0.390583992004395 0.0953084006905556
2.4375 0.390583992004395 0.0953084006905556
2.4375 0.390583992004395 7.84432411193848
0 1 0
-2.4375 0.390583992004395 0.0953084006905556
-2.72916674613953 0.390583992004395 0.0953084006905556
-2.4375 0.390583992004395 7.84432411193848
0 1 0
2.4375 0.328083992004395 0.0953084006905556
2.72916674613953 0.328083992004395 0.0953084006905556
2.4375 0.328083992004395 7.84432411193848
0 -1 0
-2.72916674613953 0.328083992004395 0.0953084006905556
-2.4375 0.328083992004395 0.0953084006905556
-2.4375 0.328083992004395 7.84432411193848
0 -1 0
2.4375 0.328083992004395 7.84432411193848
2.72916674613953 0.328083992004395 8.13599109649658
-2.4375 0.328083992004395 7.84432411193848
0 -1 0
2.72916674613953 0.328083992004395 8.13599109649658
2.4375 0.328083992004395 7.84432411193848
2.72916674613953 0.328083992004395 0.0953084006905556
0 -1 0
-2.4375 0.328083992004395 7.84432411193848
-2.72916674613953 0.328083992004395 8.13599109649658
-2.72916674613953 0.328083992004395 0.0953084006905556
0 -1 0
-2.72916674613953 0.328083992004395 8.13599109649658
-2.4375 0.328083992004395 7.84432411193848
2.72916674613953 0.328083992004395 8.13599109649658
0 -1 0
-2.4375 0.390583992004395 7.84432411193848
-2.4375 0.328083992004395 7.84432411193848
-2.4375 0.328083992004395 0.0953084006905556
1 0 0
-2.4375 0.328083992004395 0.0953084006905556
-2.4375 0.390583992004395 0.0953084006905556
-2.4375 0.390583992004395 7.84432411193848
1 0 0
-2.4375 0.390583992004395 0.0953084006905556
-2.4375 0.328083992004395 0.0953084006905556
-2.72916674613953 0.328083992004395 0.0953084006905556
0 0 -1
-2.72916674613953 0.328083992004395 0.0953084006905556
-2.72916674613953 0.390583992004395 0.0953084006905556
-2.4375 0.390583992004395 0.0953084006905556
0 0 -1
-2.72916674613953 0.390583992004395 0.0953084006905556
-2.72916674613953 0.328083992004395 0.0953084006905556
-2.72916674613953 0.328083992004395 8.13599109649658
-1 0 0
-2.72916674613953 0.328083992004395 8.13599109649658
-2.72916674613953 0.390583992004395 8.13599109649658
-2.72916674613953 0.390583992004395 0.0953084006905556
-1 0 0
-2.72916674613953 0.390583992004395 8.13599109649658
-2.72916674613953 0.328083992004395 8.13599109649658
2.72916674613953 0.328083992004395 8.13599109649658
0 0 1
2.72916674613953 0.328083992004395 8.13599109649658
2.72916674613953 0.390583992004395 8.13599109649658
-2.72916674613953 0.390583992004395 8.13599109649658
0 0 1
2.72916674613953 0.390583992004395 8.13599109649658
2.72916674613953 0.328083992004395 8.13599109649658
2.72916674613953 0.328083992004395 0.0953084006905556
1 0 0
2.72916674613953 0.328083992004395 0.0953084006905556
2.72916674613953 0.390583992004395 0.0953084006905556
2.72916674613953 0.390583992004395 8.13599109649658
1 0 0
2.72916674613953 0.390583992004395 0.0953084006905556
2.72916674613953 0.328083992004395 0.0953084006905556
2.4375 0.328083992004395 0.0953084006905556
-3.04518315325769E-15 0 -1
2.4375 0.328083992004395 0.0953084006905556
2.4375 0.390583992004395 0.0953084006905556
2.72916674613953 0.390583992004395 0.0953084006905556
-3.04518315325769E-15 0 -1
2.4375 0.390583992004395 0.0953084006905556
2.4375 0.328083992004395 0.0953084006905556
2.4375 0.328083992004395 7.84432411193848
-1 0 0
2.4375 0.328083992004395 7.84432411193848
2.4375 0.390583992004395 7.84432411193848
2.4375 0.390583992004395 0.0953084006905556
-1 0 0
2.4375 0.390583992004395 7.84432411193848
2.4375 0.328083992004395 7.84432411193848
-2.4375 0.328083992004395 7.84432411193848
0 0 -1
-2.4375 0.328083992004395 7.84432411193848
-2.4375 0.390583992004395 7.84432411193848
2.4375 0.390583992004395 7.84432411193848
0 0 -1
-2.6875 -0.390583992004395 8.09432411193848
-2.39583325386047 -0.390583992004395 7.80265760421753
2.39583325386047 -0.390583992004395 7.80265760421753
0 -1 0
-2.39583325386047 -0.390583992004395 7.80265760421753
-2.6875 -0.390583992004395 8.09432411193848
-2.39583325386047 -0.390583992004395 0.136975064873695
0 -1 0
2.6875 -0.390583992004395 8.09432411193848
2.39583325386047 -0.390583992004395 7.80265760421753
2.39583325386047 -0.390583992004395 0.136975064873695
0 -1 0
2.39583325386047 -0.390583992004395 7.80265760421753
2.6875 -0.390583992004395 8.09432411193848
-2.6875 -0.390583992004395 8.09432411193848
0 -1 0
-2.39583325386047 -0.390583992004395 0.136975064873695
-2.6875 -0.390583992004395 -0.154691606760025
2.39583325386047 -0.390583992004395 0.136975064873695
0 -1 0
-2.6875 -0.390583992004395 -0.154691606760025
-2.39583325386047 -0.390583992004395 0.136975064873695
-2.6875 -0.390583992004395 8.09432411193848
0 -1 0
2.39583325386047 -0.390583992004395 0.136975064873695
2.6875 -0.390583992004395 -0.154691606760025
2.6875 -0.390583992004395 8.09432411193848
0 -1 0
2.6875 -0.390583992004395 -0.154691606760025
2.39583325386047 -0.390583992004395 0.136975064873695
-2.6875 -0.390583992004395 -0.154691606760025
0 -1 0
-2.6875 -0.328083992004395 -0.154691606760025
-2.39583325386047 -0.328083992004395 0.136975064873695
2.39583325386047 -0.328083992004395 0.136975064873695
0 1 0
-2.39583325386047 -0.328083992004395 0.136975064873695
-2.6875 -0.328083992004395 -0.154691606760025
-2.39583325386047 -0.328083992004395 7.80265760421753
0 1 0
2.6875 -0.328083992004395 -0.154691606760025
2.39583325386047 -0.328083992004395 0.136975064873695
2.39583325386047 -0.328083992004395 7.80265760421753
0 1 0
2.39583325386047 -0.328083992004395 0.136975064873695
2.6875 -0.328083992004395 -0.154691606760025
-2.6875 -0.328083992004395 -0.154691606760025
0 1 0
-2.39583325386047 -0.328083992004395 7.80265760421753
-2.6875 -0.328083992004395 8.09432411193848
2.39583325386047 -0.328083992004395 7.80265760421753
0 1 0
-2.6875 -0.328083992004395 8.09432411193848
-2.39583325386047 -0.328083992004395 7.80265760421753
-2.6875 -0.328083992004395 -0.154691606760025
0 1 0
2.39583325386047 -0.328083992004395 7.80265760421753
2.6875 -0.328083992004395 8.09432411193848
2.6875 -0.328083992004395 -0.154691606760025
0 1 0
2.6875 -0.328083992004395 8.09432411193848
2.39583325386047 -0.328083992004395 7.80265760421753
-2.6875 -0.328083992004395 8.09432411193848
0 1 0
2.39583325386047 -0.390583992004395 7.80265760421753
2.39583325386047 -0.328083992004395 7.80265760421753
2.39583325386047 -0.328083992004395 0.136975064873695
-1 0 0
2.39583325386047 -0.328083992004395 0.136975064873695
2.39583325386047 -0.390583992004395 0.136975064873695
2.39583325386047 -0.390583992004395 7.80265760421753
-1 0 0
2.39583325386047 -0.390583992004395 0.136975064873695
2.39583325386047 -0.328083992004395 0.136975064873695
-2.39583325386047 -0.328083992004395 0.136975064873695
0 0 1
-2.39583325386047 -0.328083992004395 0.136975064873695
-2.39583325386047 -0.390583992004395 0.136975064873695
2.39583325386047 -0.390583992004395 0.136975064873695
0 0 1
-2.39583325386047 -0.390583992004395 0.136975064873695
-2.39583325386047 -0.328083992004395 0.136975064873695
-2.39583325386047 -0.328083992004395 7.80265760421753
1 0 0
-2.39583325386047 -0.328083992004395 7.80265760421753
-2.39583325386047 -0.390583992004395 7.80265760421753
-2.39583325386047 -0.390583992004395 0.136975064873695
1 0 0
-2.39583325386047 -0.390583992004395 7.80265760421753
-2.39583325386047 -0.328083992004395 7.80265760421753
2.39583325386047 -0.328083992004395 7.80265760421753
0 0 -1
2.39583325386047 -0.328083992004395 7.80265760421753
2.39583325386047 -0.390583992004395 7.80265760421753
-2.39583325386047 -0.390583992004395 7.80265760421753
0 0 -1
2.6875 -0.390583992004395 8.09432411193848
2.6875 -0.328083992004395 8.09432411193848
-2.6875 -0.328083992004395 8.09432411193848
0 0 1
-2.6875 -0.328083992004395 8.09432411193848
-2.6875 -0.390583992004395 8.09432411193848
2.6875 -0.390583992004395 8.09432411193848
0 0 1
-2.6875 -0.390583992004395 8.09432411193848
-2.6875 -0.328083992004395 8.09432411193848
-2.6875 -0.328083992004395 -0.154691606760025
-1 0 0
-2.6875 -0.328083992004395 -0.154691606760025
-2.6875 -0.390583992004395 -0.154691606760025
-2.6875 -0.390583992004395 8.09432411193848
-1 0 0
-2.6875 -0.390583992004395 -0.154691606760025
-2.6875 -0.328083992004395 -0.154691606760025
2.6875 -0.328083992004395 -0.154691606760025
1.65242496688396E-16 0 -1
2.6875 -0.328083992004395 -0.154691606760025
2.6875 -0.390583992004395 -0.154691606760025
-2.6875 -0.390583992004395 -0.154691606760025
1.65242496688396E-16 0 -1
2.6875 -0.390583992004395 -0.154691606760025
2.6875 -0.328083992004395 -0.154691606760025
2.6875 -0.328083992004395 8.09432411193848
1 0 5.38354178746766E-17
2.6875 -0.328083992004395 8.09432411193848
2.6875 -0.390583992004395 8.09432411193848
2.6875 -0.390583992004395 -0.154691606760025
1 0 5.38354178746766E-17
0.0729166641831398 0.171833992004395 7.69849061965942
0.0729166641831398 0.171833992004395 0.241141736507416
2.29166674613953 0.171833992004395 0.241141736507416
0 -1 0
2.29166674613953 0.171833992004395 0.241141736507416
2.29166674613953 0.171833992004395 7.69849061965942
0.0729166641831398 0.171833992004395 7.69849061965942
0 -1 0
2.29166674613953 0.213500648736954 0.241141736507416
0.0729166641831398 0.213500648736954 0.241141736507416
0.0729166641831398 0.213500648736954 7.69849061965942
0 1 0
0.0729166641831398 0.213500648736954 7.69849061965942
2.29166674613953 0.213500648736954 7.69849061965942
2.29166674613953 0.213500648736954 0.241141736507416
0 1 0
2.29166674613953 0.171833992004395 7.69849061965942
2.29166674613953 0.213500648736954 7.69849061965942
0.0729166641831398 0.213500648736954 7.69849061965942
0 0 1
0.0729166641831398 0.213500648736954 7.69849061965942
0.0729166641831398 0.171833992004395 7.69849061965942
2.29166674613953 0.171833992004395 7.69849061965942
0 0 1
0.0729166641831398 0.171833992004395 7.69849061965942
0.0729166641831398 0.213500648736954 7.69849061965942
0.0729166641831398 0.213500648736954 0.241141736507416
-1 0 0
0.0729166641831398 0.213500648736954 0.241141736507416
0.0729166641831398 0.171833992004395 0.241141736507416
0.0729166641831398 0.171833992004395 7.69849061965942
-1 0 0
0.0729166641831398 0.171833992004395 0.241141736507416
0.0729166641831398 0.213500648736954 0.241141736507416
2.29166674613953 0.213500648736954 0.241141736507416
2.00152883312706E-16 0 -1
2.29166674613953 0.213500648736954 0.241141736507416
2.29166674613953 0.171833992004395 0.241141736507416
0.0729166641831398 0.171833992004395 0.241141736507416
2.00152883312706E-16 0 -1
2.29166674613953 0.171833992004395 0.241141736507416
2.29166674613953 0.213500648736954 0.241141736507416
2.29166674613953 0.213500648736954 7.69849061965942
1 0 0
2.29166674613953 0.213500648736954 7.69849061965942
2.29166674613953 0.171833992004395 7.69849061965942
2.29166674613953 0.171833992004395 0.241141736507416
1 0 0
-0.0729166641831398 0.265583992004395 7.84432411193848
0.0729166641831398 0.265583992004395 7.69849061965942
0.0729166641831398 0.265583992004395 0.241141736507416
0 1 0
0.0729166641831398 0.265583992004395 7.69849061965942
-0.0729166641831398 0.265583992004395 7.84432411193848
2.29166674613953 0.265583992004395 7.69849061965942
0 1 0
-0.0729166641831398 0.265583992004395 0.0953084006905556
0.0729166641831398 0.265583992004395 0.241141736507416
2.29166674613953 0.265583992004395 0.241141736507416
0 1 0
0.0729166641831398 0.265583992004395 0.241141736507416
-0.0729166641831398 0.265583992004395 0.0953084006905556
-0.0729166641831398 0.265583992004395 7.84432411193848
0 1 0
2.29166674613953 0.265583992004395 7.69849061965942
2.4375 0.265583992004395 7.84432411193848
2.29166674613953 0.265583992004395 0.241141736507416
0 1 0
2.4375 0.265583992004395 7.84432411193848
2.29166674613953 0.265583992004395 7.69849061965942
-0.0729166641831398 0.265583992004395 7.84432411193848
0 1 0
2.29166674613953 0.265583992004395 0.241141736507416
2.4375 0.265583992004395 0.0953084006905556
-0.0729166641831398 0.265583992004395 0.0953084006905556
0 1 0
2.4375 0.265583992004395 0.0953084006905556
2.29166674613953 0.265583992004395 0.241141736507416
2.4375 0.265583992004395 7.84432411193848
0 1 0
2.4375 0.119750656187534 7.84432411193848
2.29166674613953 0.119750656187534 7.69849061965942
2.29166674613953 0.119750656187534 0.241141736507416
0 -1 0
2.29166674613953 0.119750656187534 7.69849061965942
2.4375 0.119750656187534 7.84432411193848
0.0729166641831398 0.119750656187534 7.69849061965942
0 -1 0
2.4375 0.119750656187534 0.0953084006905556
2.29166674613953 0.119750656187534 0.241141736507416
0.0729166641831398 0.119750656187534 0.241141736507416
0 -1 0
2.29166674613953 0.119750656187534 0.241141736507416
2.4375 0.119750656187534 0.0953084006905556
2.4375 0.119750656187534 7.84432411193848
0 -1 0
0.0729166641831398 0.119750656187534 7.69849061965942
-0.0729166641831398 0.119750656187534 7.84432411193848
0.0729166641831398 0.119750656187534 0.241141736507416
0 -1 0
-0.0729166641831398 0.119750656187534 7.84432411193848
0.0729166641831398 0.119750656187534 7.69849061965942
2.4375 0.119750656187534 7.84432411193848
0 -1 0
0.0729166641831398 0.119750656187534 0.241141736507416
-0.0729166641831398 0.119750656187534 0.0953084006905556
2.4375 0.119750656187534 0.0953084006905556
0 -1 0
-0.0729166641831398 0.119750656187534 0.0953084006905556
0.0729166641831398 0.119750656187534 0.241141736507416
-0.0729166641831398 0.119750656187534 7.84432411193848
0 -1 0
-0.0729166641831398 0.265583992004395 7.84432411193848
-0.0729166641831398 0.119750656187534 7.84432411193848
2.4375 0.119750656187534 7.84432411193848
0 0 1
2.4375 0.119750656187534 7.84432411193848
2.4375 0.265583992004395 7.84432411193848
-0.0729166641831398 0.265583992004395 7.84432411193848
0 0 1
2.4375 0.265583992004395 7.84432411193848
2.4375 0.119750656187534 7.84432411193848
2.4375 0.119750656187534 0.0953084006905556
1 0 0
2.4375 0.119750656187534 0.0953084006905556
2.4375 0.265583992004395 0.0953084006905556
2.4375 0.265583992004395 7.84432411193848
1 0 0
2.4375 0.265583992004395 0.0953084006905556
2.4375 0.119750656187534 0.0953084006905556
-0.0729166641831398 0.119750656187534 0.0953084006905556
0 0 -1
-0.0729166641831398 0.119750656187534 0.0953084006905556
-0.0729166641831398 0.265583992004395 0.0953084006905556
2.4375 0.265583992004395 0.0953084006905556
0 0 -1
-0.0729166641831398 0.265583992004395 0.0953084006905556
-0.0729166641831398 0.119750656187534 0.0953084006905556
-0.0729166641831398 0.119750656187534 7.84432411193848
-1 0 0
-0.0729166641831398 0.119750656187534 7.84432411193848
-0.0729166641831398 0.265583992004395 7.84432411193848
-0.0729166641831398 0.265583992004395 0.0953084006905556
-1 0 0
0.0729166641831398 0.265583992004395 7.69849061965942
0.0729166641831398 0.119750656187534 7.69849061965942
0.0729166641831398 0.119750656187534 0.241141736507416
1 0 0
0.0729166641831398 0.119750656187534 0.241141736507416
0.0729166641831398 0.265583992004395 0.241141736507416
0.0729166641831398 0.265583992004395 7.69849061965942
1 0 0
0.0729166641831398 0.265583992004395 0.241141736507416
0.0729166641831398 0.119750656187534 0.241141736507416
2.29166674613953 0.119750656187534 0.241141736507416
2.00152883312706E-16 0 1
2.29166674613953 0.119750656187534 0.241141736507416
2.29166674613953 0.265583992004395 0.241141736507416
0.0729166641831398 0.265583992004395 0.241141736507416
2.00152883312706E-16 0 1
2.29166674613953 0.265583992004395 0.241141736507416
2.29166674613953 0.119750656187534 0.241141736507416
2.29166674613953 0.119750656187534 7.69849061965942
-1 0 0
2.29166674613953 0.119750656187534 7.69849061965942
2.29166674613953 0.265583992004395 7.69849061965942
2.29166674613953 0.265583992004395 0.241141736507416
-1 0 0
2.29166674613953 0.265583992004395 7.69849061965942
2.29166674613953 0.119750656187534 7.69849061965942
0.0729166641831398 0.119750656187534 7.69849061965942
0 0 -1
0.0729166641831398 0.119750656187534 7.69849061965942
0.0729166641831398 0.265583992004395 7.69849061965942
2.29166674613953 0.265583992004395 7.69849061965942
0 0 -1
-2.5 -0.0260826777666807 7.90682411193848
-2.39583325386047 -0.0260826777666807 7.80265760421753
-2.39583325386047 -0.0260826777666807 0.136975064873695
0 1 0
-2.39583325386047 -0.0260826777666807 7.80265760421753
-2.5 -0.0260826777666807 7.90682411193848
2.39583325386047 -0.0260826777666807 7.80265760421753
0 1 0
-2.5 -0.0260826777666807 0.0328084006905556
-2.39583325386047 -0.0260826777666807 0.136975064873695
2.39583325386047 -0.0260826777666807 0.136975064873695
0 1 0
-2.39583325386047 -0.0260826777666807 0.136975064873695
-2.5 -0.0260826777666807 0.0328084006905556
-2.5 -0.0260826777666807 7.90682411193848
0 1 0
2.39583325386047 -0.0260826777666807 7.80265760421753
2.5 -0.0260826777666807 7.90682411193848
2.39583325386047 -0.0260826777666807 0.136975064873695
0 1 0
2.5 -0.0260826777666807 7.90682411193848
2.39583325386047 -0.0260826777666807 7.80265760421753
-2.5 -0.0260826777666807 7.90682411193848
0 1 0
2.39583325386047 -0.0260826777666807 0.136975064873695
2.5 -0.0260826777666807 0.0328084006905556
-2.5 -0.0260826777666807 0.0328084006905556
0 1 0
2.5 -0.0260826777666807 0.0328084006905556
2.39583325386047 -0.0260826777666807 0.136975064873695
2.5 -0.0260826777666807 7.90682411193848
0 1 0
2.5 -0.328083992004395 7.90682411193848
2.39583325386047 -0.328083992004395 7.80265760421753
2.39583325386047 -0.328083992004395 0.136975064873695
0 -1 0
2.39583325386047 -0.328083992004395 7.80265760421753
2.5 -0.328083992004395 7.90682411193848
-2.39583325386047 -0.328083992004395 7.80265760421753
0 -1 0
2.5 -0.328083992004395 0.0328084006905556
2.39583325386047 -0.328083992004395 0.136975064873695
-2.39583325386047 -0.328083992004395 0.136975064873695
0 -1 0
2.39583325386047 -0.328083992004395 0.136975064873695
2.5 -0.328083992004395 0.0328084006905556
2.5 -0.328083992004395 7.90682411193848
0 -1 0
-2.39583325386047 -0.328083992004395 7.80265760421753
-2.5 -0.328083992004395 7.90682411193848
-2.39583325386047 -0.328083992004395 0.136975064873695
0 -1 0
-2.5 -0.328083992004395 7.90682411193848
-2.39583325386047 -0.328083992004395 7.80265760421753
2.5 -0.328083992004395 7.90682411193848
0 -1 0
-2.39583325386047 -0.328083992004395 0.136975064873695
-2.5 -0.328083992004395 0.0328084006905556
2.5 -0.328083992004395 0.0328084006905556
0 -1 0
-2.5 -0.328083992004395 0.0328084006905556
-2.39583325386047 -0.328083992004395 0.136975064873695
-2.5 -0.328083992004395 7.90682411193848
0 -1 0
-2.5 -0.0260826777666807 7.90682411193848
-2.5 -0.328083992004395 7.90682411193848
2.5 -0.328083992004395 7.90682411193848
0 0 1
2.5 -0.328083992004395 7.90682411193848
2.5 -0.0260826777666807 7.90682411193848
-2.5 -0.0260826777666807 7.90682411193848
0 0 1
2.5 -0.0260826777666807 7.90682411193848
2.5 -0.328083992004395 7.90682411193848
2.5 -0.328083992004395 0.0328084006905556
1 0 0
2.5 -0.328083992004395 0.0328084006905556
2.5 -0.0260826777666807 0.0328084006905556
2.5 -0.0260826777666807 7.90682411193848
1 0 0
2.5 -0.0260826777666807 0.0328084006905556
2.5 -0.328083992004395 0.0328084006905556
-2.5 -0.328083992004395 0.0328084006905556
0 0 -1
-2.5 -0.328083992004395 0.0328084006905556
-2.5 -0.0260826777666807 0.0328084006905556
2.5 -0.0260826777666807 0.0328084006905556
0 0 -1
-2.5 -0.0260826777666807 0.0328084006905556
-2.5 -0.328083992004395 0.0328084006905556
-2.5 -0.328083992004395 7.90682411193848
-1 0 0
-2.5 -0.328083992004395 7.90682411193848
-2.5 -0.0260826777666807 7.90682411193848
-2.5 -0.0260826777666807 0.0328084006905556
-1 0 0
-2.39583325386047 -0.0260826777666807 7.80265760421753
-2.39583325386047 -0.328083992004395 7.80265760421753
-2.39583325386047 -0.328083992004395 0.136975064873695
1 0 0
-2.39583325386047 -0.328083992004395 0.136975064873695
-2.39583325386047 -0.0260826777666807 0.136975064873695
-2.39583325386047 -0.0260826777666807 7.80265760421753
1 0 0
-2.39583325386047 -0.0260826777666807 0.136975064873695
-2.39583325386047 -0.328083992004395 0.136975064873695
2.39583325386047 -0.328083992004395 0.136975064873695
0 0 1
2.39583325386047 -0.328083992004395 0.136975064873695
2.39583325386047 -0.0260826777666807 0.136975064873695
-2.39583325386047 -0.0260826777666807 0.136975064873695
0 0 1
2.39583325386047 -0.0260826777666807 0.136975064873695
2.39583325386047 -0.328083992004395 0.136975064873695
2.39583325386047 -0.328083992004395 7.80265760421753
-1 0 0
2.39583325386047 -0.328083992004395 7.80265760421753
2.39583325386047 -0.0260826777666807 7.80265760421753
2.39583325386047 -0.0260826777666807 0.136975064873695
-1 0 0
2.39583325386047 -0.0260826777666807 7.80265760421753
2.39583325386047 -0.328083992004395 7.80265760421753
-2.39583325386047 -0.328083992004395 7.80265760421753
0 0 -1
-2.39583325386047 -0.328083992004395 7.80265760421753
-2.39583325386047 -0.0260826777666807 7.80265760421753
2.39583325386047 -0.0260826777666807 7.80265760421753
0 0 -1
2.5 -0.0260826777666807 7.90682411193848
2.4375 -0.0260826777666807 7.84432411193848
2.4375 -0.0260826777666807 0.0953084006905556
0 -1 0
2.4375 -0.0260826777666807 7.84432411193848
2.5 -0.0260826777666807 7.90682411193848
-2.4375 -0.0260826777666807 7.84432411193848
0 -1 0
2.5 -0.0260826777666807 0.0328084006905556
2.4375 -0.0260826777666807 0.0953084006905556
-2.4375 -0.0260826777666807 0.0953084006905556
0 -1 0
2.4375 -0.0260826777666807 0.0953084006905556
2.5 -0.0260826777666807 0.0328084006905556
2.5 -0.0260826777666807 7.90682411193848
0 -1 0
-2.4375 -0.0260826777666807 7.84432411193848
-2.5 -0.0260826777666807 7.90682411193848
-2.4375 -0.0260826777666807 0.0953084006905556
0 -1 0
-2.5 -0.0260826777666807 7.90682411193848
-2.4375 -0.0260826777666807 7.84432411193848
2.5 -0.0260826777666807 7.90682411193848
0 -1 0
-2.4375 -0.0260826777666807 0.0953084006905556
-2.5 -0.0260826777666807 0.0328084006905556
2.5 -0.0260826777666807 0.0328084006905556
0 -1 0
-2.5 -0.0260826777666807 0.0328084006905556
-2.4375 -0.0260826777666807 0.0953084006905556
-2.5 -0.0260826777666807 7.90682411193848
0 -1 0
-2.5 0.328083992004395 7.90682411193848
-2.4375 0.328083992004395 7.84432411193848
-2.4375 0.328083992004395 0.0953084006905556
0 1 0
-2.4375 0.328083992004395 7.84432411193848
-2.5 0.328083992004395 7.90682411193848
2.4375 0.328083992004395 7.84432411193848
0 1 0
-2.5 0.328083992004395 0.0328084006905556
-2.4375 0.328083992004395 0.0953084006905556
2.4375 0.328083992004395 0.0953084006905556
0 1 0
-2.4375 0.328083992004395 0.0953084006905556
-2.5 0.328083992004395 0.0328084006905556
-2.5 0.328083992004395 7.90682411193848
0 1 0
2.4375 0.328083992004395 7.84432411193848
2.5 0.328083992004395 7.90682411193848
2.4375 0.328083992004395 0.0953084006905556
0 1 0
2.5 0.328083992004395 7.90682411193848
2.4375 0.328083992004395 7.84432411193848
-2.5 0.328083992004395 7.90682411193848
0 1 0
2.4375 0.328083992004395 0.0953084006905556
2.5 0.328083992004395 0.0328084006905556
-2.5 0.328083992004395 0.0328084006905556
0 1 0
2.5 0.328083992004395 0.0328084006905556
2.4375 0.328083992004395 0.0953084006905556
2.5 0.328083992004395 7.90682411193848
0 1 0
2.5 -0.0260826777666807 7.90682411193848
2.5 0.328083992004395 7.90682411193848
-2.5 0.328083992004395 7.90682411193848
0 0 1
-2.5 0.328083992004395 7.90682411193848
-2.5 -0.0260826777666807 7.90682411193848
2.5 -0.0260826777666807 7.90682411193848
0 0 1
-2.5 -0.0260826777666807 7.90682411193848
-2.5 0.328083992004395 7.90682411193848
-2.5 0.328083992004395 0.0328084006905556
-1 0 0
-2.5 0.328083992004395 0.0328084006905556
-2.5 -0.0260826777666807 0.0328084006905556
-2.5 -0.0260826777666807 7.90682411193848
-1 0 0
-2.5 -0.0260826777666807 0.0328084006905556
-2.5 0.328083992004395 0.0328084006905556
2.5 0.328083992004395 0.0328084006905556
0 0 -1
2.5 0.328083992004395 0.0328084006905556
2.5 -0.0260826777666807 0.0328084006905556
-2.5 -0.0260826777666807 0.0328084006905556
0 0 -1
2.5 -0.0260826777666807 0.0328084006905556
2.5 0.328083992004395 0.0328084006905556
2.5 0.328083992004395 7.90682411193848
1 0 5.63993296509578E-17
2.5 0.328083992004395 7.90682411193848
2.5 -0.0260826777666807 7.90682411193848
2.5 -0.0260826777666807 0.0328084006905556
1 0 5.63993296509578E-17
2.4375 -0.0260826777666807 7.84432411193848
2.4375 0.328083992004395 7.84432411193848
2.4375 0.328083992004395 0.0953084006905556
-1 0 0
2.4375 0.328083992004395 0.0953084006905556
2.4375 -0.0260826777666807 0.0953084006905556
2.4375 -0.0260826777666807 7.84432411193848
-1 0 0
2.4375 -0.0260826777666807 0.0953084006905556
2.4375 0.328083992004395 0.0953084006905556
-2.4375 0.328083992004395 0.0953084006905556
0 0 1
-2.4375 0.328083992004395 0.0953084006905556
-2.4375 -0.0260826777666807 0.0953084006905556
2.4375 -0.0260826777666807 0.0953084006905556
0 0 1
-2.4375 -0.0260826777666807 0.0953084006905556
-2.4375 0.328083992004395 0.0953084006905556
-2.4375 0.328083992004395 7.84432411193848
1 0 0
-2.4375 0.328083992004395 7.84432411193848
-2.4375 -0.0260826777666807 7.84432411193848
-2.4375 -0.0260826777666807 0.0953084006905556
1 0 0
-2.4375 -0.0260826777666807 7.84432411193848
-2.4375 0.328083992004395 7.84432411193848
2.4375 0.328083992004395 7.84432411193848
0 0 -1
2.4375 0.328083992004395 7.84432411193848
2.4375 -0.0260826777666807 7.84432411193848
-2.4375 -0.0260826777666807 7.84432411193848
0 0 -1
[HEADER]
429477,1830 x 1220mm,6
402.859064871873 295.948096110831 13.1233595800525
1
-1.49877803362078E-15 -1 0
1 -1.49877803362078E-15 0
0 0 1
[HEADER]
429478,1830 x 1220mm,6
402.859064871873 286.433660415293 13.1233595800525
1
1.49877803362078E-15 1 0
-1 1.49877803362078E-15 0
0 0 1
[HEADER]
429479,1830 x 1220mm,6
402.859064871873 278.887728656763 13.1233595800525
1
1.49877803362078E-15 1 0
-1 1.49877803362078E-15 0
0 0 1
[HEADER]
429480,1830 x 1220mm,6
402.859064871873 270.357544929729 13.1233595800525
1
-1.49877803362078E-15 -1 0
1 -1.49877803362078E-15 0
0 0 1
[HEADER]
429481,1830 x 1220mm,6
402.859064871873 261.171193223692 13.1233595800525
1
1.49877803362078E-15 1 0
-1 1.49877803362078E-15 0
0 0 1
[HEADER]
429482,1830 x 1220mm,6
402.859064871873 252.641009496658 13.1233595800525
1
-1.49877803362078E-15 -1 0
1 -1.49877803362078E-15 0
0 0 1
[HEADER]
429483,1830 x 1220mm,6
402.859064871873 244.438909759125 13.1233595800525
1
-1.49877803362078E-15 -1 0
1 -1.49877803362078E-15 0
0 0 1
[HEADER]
429484,1830 x 1220mm,6
402.859064871873 235.252558053088 13.1233595800525
1
-1.49877803362078E-15 -1 0
1 -1.49877803362078E-15 0
0 0 1
[HEADER]
429485,1830 x 1220mm,6
402.859064871873 225.081954378547 13.1233595800525
1
1.49877803362078E-15 1 0
-1 1.49877803362078E-15 0
0 0 1
[HEADER]
429486,1830 x 1220mm,6
402.859064871873 215.895602672511 13.1233595800525
1
1.49877803362078E-15 1 0
-1 1.49877803362078E-15 0
0 0 1
[HEADER]
429487,1830 x 1220mm,6
402.859064871873 207.693502934978 13.1233595800525
1
1.49877803362078E-15 1 0
-1 1.49877803362078E-15 0
0 0 1
[HEADER]
429488,1830 x 1220mm,6
402.859064871873 199.163319207944 13.1233595800525
1
-1.49877803362078E-15 -1 0
1 -1.49877803362078E-15 0
0 0 1
[HEADER]
429489,1830 x 1220mm,6
402.859064871873 190.961219470411 13.1233595800525
1
-1.49877803362078E-15 -1 0
1 -1.49877803362078E-15 0
0 0 1
[HEADER]
429490,1830 x 1220mm,6
402.859064871873 182.102951753876 13.1233595800525
1
1.49877803362078E-15 1 0
-1 1.49877803362078E-15 0
0 0 1
[HEADER]
429491,1830 x 1220mm,6
402.859064871873 172.916600047839 13.1233595800525
1
-1.49877803362078E-15 -1 0
1 -1.49877803362078E-15 0
0 0 1
[HEADER]
429492,1830 x 1220mm,6
402.859064871873 164.156757527637 13.1233595800525
1
1.49877803362078E-15 1 0
-1 1.49877803362078E-15 0
0 0 1
[HEADER]
429493,2800 x 3000mm 2,902
426.612345637138 215.211901342766 10.1561679790026
1
-1.57467900726635E-15 -1 0
1 -1.57467900726635E-15 0
0 0 1
-4.38484239578247 -0.0143536748364568 12.6341867446899
-0.0729166641831398 -0.0143536748364568 12.6341867446899
-0.0729166641831398 -0.0143536748364568 3.20833325386047
0 1 0
-0.0729166641831398 -0.0143536748364568 3.20833325386047
-4.38484239578247 -0.0143536748364568 3.20833325386047
-4.38484239578247 -0.0143536748364568 12.6341867446899
0 1 0
-0.0729166641831398 -0.0560203418135643 3.20833325386047
-0.0729166641831398 -0.0560203418135643 12.6341867446899
-4.38484239578247 -0.0560203418135643 12.6341867446899
0 -1 0
-4.38484239578247 -0.0560203418135643 12.6341867446899
-4.38484239578247 -0.0560203418135643 3.20833325386047
-0.0729166641831398 -0.0560203418135643 3.20833325386047
0 -1 0
-4.38484239578247 -0.0143536748364568 3.20833325386047
-4.38484239578247 -0.0560203418135643 3.20833325386047
-4.38484239578247 -0.0560203418135643 12.6341867446899
-1 0 0
-4.38484239578247 -0.0560203418135643 12.6341867446899
-4.38484239578247 -0.0143536748364568 12.6341867446899
-4.38484239578247 -0.0143536748364568 3.20833325386047
-1 0 0
-4.38484239578247 -0.0143536748364568 12.6341867446899
-4.38484239578247 -0.0560203418135643 12.6341867446899
-0.0729166641831398 -0.0560203418135643 12.6341867446899
0 0 1
-0.0729166641831398 -0.0560203418135643 12.6341867446899
-0.0729166641831398 -0.0143536748364568 12.6341867446899
-4.38484239578247 -0.0143536748364568 12.6341867446899
0 0 1
-0.0729166641831398 -0.0143536748364568 12.6341867446899
-0.0729166641831398 -0.0560203418135643 12.6341867446899
-0.0729166641831398 -0.0560203418135643 3.20833325386047
1 0 0
-0.0729166641831398 -0.0560203418135643 3.20833325386047
-0.0729166641831398 -0.0143536748364568 3.20833325386047
-0.0729166641831398 -0.0143536748364568 12.6341867446899
1 0 0
-0.0729166641831398 -0.0143536748364568 3.20833325386047
-0.0729166641831398 -0.0560203418135643 3.20833325386047
-4.38484239578247 -0.0560203418135643 3.20833325386047
0 0 -1
-4.38484239578247 -0.0560203418135643 3.20833325386047
-4.38484239578247 -0.0143536748364568 3.20833325386047
-0.0729166641831398 -0.0143536748364568 3.20833325386047
0 0 -1
-4.53067588806152 0.0377296581864357 12.7800197601318
-4.38484239578247 0.0377296581864357 12.6341867446899
-4.38484239578247 0.0377296581864357 3.20833325386047
0 1 0
-4.38484239578247 0.0377296581864357 12.6341867446899
-4.53067588806152 0.0377296581864357 12.7800197601318
-0.0729166641831398 0.0377296581864357 12.6341867446899
0 1 0
-4.53067588806152 0.0377296581864357 3.0625
-4.38484239578247 0.0377296581864357 3.20833325386047
-0.0729166641831398 0.0377296581864357 3.20833325386047
0 1 0
-4.38484239578247 0.0377296581864357 3.20833325386047
-4.53067588806152 0.0377296581864357 3.0625
-4.53067588806152 0.0377296581864357 12.7800197601318
0 1 0
-0.0729166641831398 0.0377296581864357 12.6341867446899
0.0729166641831398 0.0377296581864357 12.7800197601318
-0.0729166641831398 0.0377296581864357 3.20833325386047
0 1 0
0.0729166641831398 0.0377296581864357 12.7800197601318
-0.0729166641831398 0.0377296581864357 12.6341867446899
-4.53067588806152 0.0377296581864357 12.7800197601318
0 1 0
-0.0729166641831398 0.0377296581864357 3.20833325386047
0.0729166641831398 0.0377296581864357 3.0625
-4.53067588806152 0.0377296581864357 3.0625
0 1 0
0.0729166641831398 0.0377296581864357 3.0625
-0.0729166641831398 0.0377296581864357 3.20833325386047
0.0729166641831398 0.0377296581864357 12.7800197601318
0 1 0
0.0729166641831398 -0.108103677630425 12.7800197601318
-0.0729166641831398 -0.108103677630425 12.6341867446899
-0.0729166641831398 -0.108103677630425 3.20833325386047
0 -1 0
-0.0729166641831398 -0.108103677630425 12.6341867446899
0.0729166641831398 -0.108103677630425 12.7800197601318
-4.38484239578247 -0.108103677630425 12.6341867446899
0 -1 0
0.0729166641831398 -0.108103677630425 3.0625
-0.0729166641831398 -0.108103677630425 3.20833325386047
-4.38484239578247 -0.108103677630425 3.20833325386047
0 -1 0
-0.0729166641831398 -0.108103677630425 3.20833325386047
0.0729166641831398 -0.108103677630425 3.0625
0.0729166641831398 -0.108103677630425 12.7800197601318
0 -1 0
-4.38484239578247 -0.108103677630425 12.6341867446899
-4.53067588806152 -0.108103677630425 12.7800197601318
-4.38484239578247 -0.108103677630425 3.20833325386047
0 -1 0
-4.53067588806152 -0.108103677630425 12.7800197601318
-4.38484239578247 -0.108103677630425 12.6341867446899
0.0729166641831398 -0.108103677630425 12.7800197601318
0 -1 0
-4.38484239578247 -0.108103677630425 3.20833325386047
-4.53067588806152 -0.108103677630425 3.0625
0.0729166641831398 -0.108103677630425 3.0625
0 -1 0
-4.53067588806152 -0.108103677630425 3.0625
-4.38484239578247 -0.108103677630425 3.20833325386047
-4.53067588806152 -0.108103677630425 12.7800197601318
0 -1 0
-4.53067588806152 0.0377296581864357 12.7800197601318
-4.53067588806152 -0.108103677630425 12.7800197601318
0.0729166641831398 -0.108103677630425 12.7800197601318
0 0 1
0.0729166641831398 -0.108103677630425 12.7800197601318
0.0729166641831398 0.0377296581864357 12.7800197601318
-4.53067588806152 0.0377296581864357 12.7800197601318
0 0 1
0.0729166641831398 0.0377296581864357 12.7800197601318
0.0729166641831398 -0.108103677630425 12.7800197601318
0.0729166641831398 -0.108103677630425 3.0625
1 0 0
0.0729166641831398 -0.108103677630425 3.0625
0.0729166641831398 0.0377296581864357 3.0625
0.0729166641831398 0.0377296581864357 12.7800197601318
1 0 0
0.0729166641831398 0.0377296581864357 3.0625
0.0729166641831398 -0.108103677630425 3.0625
-4.53067588806152 -0.108103677630425 3.0625
0 0 -1
-4.53067588806152 -0.108103677630425 3.0625
-4.53067588806152 0.0377296581864357 3.0625
0.0729166641831398 0.0377296581864357 3.0625
0 0 -1
-4.53067588806152 0.0377296581864357 3.0625
-4.53067588806152 -0.108103677630425 3.0625
-4.53067588806152 -0.108103677630425 12.7800197601318
-1 0 0
-4.53067588806152 -0.108103677630425 12.7800197601318
-4.53067588806152 0.0377296581864357 12.7800197601318
-4.53067588806152 0.0377296581864357 3.0625
-1 0 0
-4.38484239578247 0.0377296581864357 12.6341867446899
-4.38484239578247 -0.108103677630425 12.6341867446899
-4.38484239578247 -0.108103677630425 3.20833325386047
1 0 0
-4.38484239578247 -0.108103677630425 3.20833325386047
-4.38484239578247 0.0377296581864357 3.20833325386047
-4.38484239578247 0.0377296581864357 12.6341867446899
1 0 0
-4.38484239578247 0.0377296581864357 3.20833325386047
-4.38484239578247 -0.108103677630425 3.20833325386047
-0.0729166641831398 -0.108103677630425 3.20833325386047
-1.02990919832074E-16 0 1
-0.0729166641831398 -0.108103677630425 3.20833325386047
-0.0729166641831398 0.0377296581864357 3.20833325386047
-4.38484239578247 0.0377296581864357 3.20833325386047
-1.02990919832074E-16 0 1
-0.0729166641831398 0.0377296581864357 3.20833325386047
-0.0729166641831398 -0.108103677630425 3.20833325386047
-0.0729166641831398 -0.108103677630425 12.6341867446899
-1 0 0
-0.0729166641831398 -0.108103677630425 12.6341867446899
-0.0729166641831398 0.0377296581864357 12.6341867446899
-0.0729166641831398 0.0377296581864357 3.20833325386047
-1 0 0
-0.0729166641831398 0.0377296581864357 12.6341867446899
-0.0729166641831398 -0.108103677630425 12.6341867446899
-4.38484239578247 -0.108103677630425 12.6341867446899
0 0 -1
-4.38484239578247 -0.108103677630425 12.6341867446899
-4.38484239578247 0.0377296581864357 12.6341867446899
-0.0729166641831398 0.0377296581864357 12.6341867446899
0 0 -1
4.82234239578247 0.350229650735855 3.0625
4.82234239578247 0.350229650735855 3
-4.82234239578247 0.350229650735855 3
0 1 0
-4.82234239578247 0.350229650735855 3
-4.82234239578247 0.350229650735855 3.0625
4.82234239578247 0.350229650735855 3.0625
0 1 0
-4.82234239578247 0.246062994003296 3
4.82234239578247 0.246062994003296 3
4.82234239578247 0.246062994003296 3.0625
0 -1 0
4.82234239578247 0.246062994003296 3.0625
-4.82234239578247 0.246062994003296 3.0625
-4.82234239578247 0.246062994003296 3
0 -1 0
-4.82234239578247 0.350229650735855 3.0625
-4.82234239578247 0.246062994003296 3.0625
4.82234239578247 0.246062994003296 3.0625
0 0 1
4.82234239578247 0.246062994003296 3.0625
4.82234239578247 0.350229650735855 3.0625
-4.82234239578247 0.350229650735855 3.0625
0 0 1
4.82234239578247 0.350229650735855 3.0625
4.82234239578247 0.246062994003296 3.0625
4.82234239578247 0.246062994003296 3
1 0 0
4.82234239578247 0.246062994003296 3
4.82234239578247 0.350229650735855 3
4.82234239578247 0.350229650735855 3.0625
1 0 0
4.82234239578247 0.350229650735855 3
4.82234239578247 0.246062994003296 3
-4.82234239578247 0.246062994003296 3
0 0 -1
-4.82234239578247 0.246062994003296 3
-4.82234239578247 0.350229650735855 3
4.82234239578247 0.350229650735855 3
0 0 -1
-4.82234239578247 0.350229650735855 3
-4.82234239578247 0.246062994003296 3
-4.82234239578247 0.246062994003296 3.0625
-1 0 1.42108547152079E-14
-4.82234239578247 0.246062994003296 3.0625
-4.82234239578247 0.350229650735855 3.0625
-4.82234239578247 0.350229650735855 3
-1 0 1.42108547152079E-14
4.82234239578247 0.308562994003296 13.0716867446899
4.53067588806152 0.308562994003296 12.7800197601318
-4.53067588806152 0.308562994003296 12.7800197601318
0 1 0
4.53067588806152 0.308562994003296 12.7800197601318
4.82234239578247 0.308562994003296 13.0716867446899
4.82234239578247 0.308562994003296 3.0625
0 1 0
-4.82234239578247 0.308562994003296 13.0716867446899
-4.53067588806152 0.308562994003296 12.7800197601318
-4.82234239578247 0.308562994003296 3.0625
0 1 0
-4.53067588806152 0.308562994003296 12.7800197601318
-4.82234239578247 0.308562994003296 13.0716867446899
4.82234239578247 0.308562994003296 13.0716867446899
0 1 0
4.82234239578247 0.308562994003296 3.0625
4.53067588806152 0.308562994003296 3.0625
4.53067588806152 0.308562994003296 12.7800197601318
0 1 0
-4.53067588806152 0.308562994003296 3.0625
-4.82234239578247 0.308562994003296 3.0625
-4.53067588806152 0.308562994003296 12.7800197601318
0 1 0
4.53067588806152 0.246062994003296 3.0625
4.82234239578247 0.246062994003296 3.0625
4.53067588806152 0.246062994003296 12.7800197601318
0 -1 0
-4.82234239578247 0.246062994003296 3.0625
-4.53067588806152 0.246062994003296 3.0625
-4.53067588806152 0.246062994003296 12.7800197601318
0 -1 0
4.53067588806152 0.246062994003296 12.7800197601318
4.82234239578247 0.246062994003296 13.0716867446899
-4.53067588806152 0.246062994003296 12.7800197601318
0 -1 0
4.82234239578247 0.246062994003296 13.0716867446899
4.53067588806152 0.246062994003296 12.7800197601318
4.82234239578247 0.246062994003296 3.0625
0 -1 0
-4.53067588806152 0.246062994003296 12.7800197601318
-4.82234239578247 0.246062994003296 13.0716867446899
-4.82234239578247 0.246062994003296 3.0625
0 -1 0
-4.82234239578247 0.246062994003296 13.0716867446899
-4.53067588806152 0.246062994003296 12.7800197601318
4.82234239578247 0.246062994003296 13.0716867446899
0 -1 0
-4.53067588806152 0.308562994003296 12.7800197601318
-4.53067588806152 0.246062994003296 12.7800197601318
-4.53067588806152 0.246062994003296 3.0625
1 0 0
-4.53067588806152 0.246062994003296 3.0625
-4.53067588806152 0.308562994003296 3.0625
-4.53067588806152 0.308562994003296 12.7800197601318
1 0 0
-4.53067588806152 0.308562994003296 3.0625
-4.53067588806152 0.246062994003296 3.0625
-4.82234239578247 0.246062994003296 3.0625
0 0 -1
-4.82234239578247 0.246062994003296 3.0625
-4.82234239578247 0.308562994003296 3.0625
-4.53067588806152 0.308562994003296 3.0625
0 0 -1
-4.82234239578247 0.308562994003296 3.0625
-4.82234239578247 0.246062994003296 3.0625
-4.82234239578247 0.246062994003296 13.0716867446899
-1 0 0
-4.82234239578247 0.246062994003296 13.0716867446899
-4.82234239578247 0.308562994003296 13.0716867446899
-4.82234239578247 0.308562994003296 3.0625
-1 0 0
-4.82234239578247 0.308562994003296 13.0716867446899
-4.82234239578247 0.246062994003296 13.0716867446899
4.82234239578247 0.246062994003296 13.0716867446899
0 0 1
4.82234239578247 0.246062994003296 13.0716867446899
4.82234239578247 0.308562994003296 13.0716867446899
-4.82234239578247 0.308562994003296 13.0716867446899
0 0 1
4.82234239578247 0.308562994003296 13.0716867446899
4.82234239578247 0.246062994003296 13.0716867446899
4.82234239578247 0.246062994003296 3.0625
1 0 0
4.82234239578247 0.246062994003296 3.0625
4.82234239578247 0.308562994003296 3.0625
4.82234239578247 0.308562994003296 13.0716867446899
1 0 0
4.82234239578247 0.308562994003296 3.0625
4.82234239578247 0.246062994003296 3.0625
4.53067588806152 0.246062994003296 3.0625
0 0 -1
4.53067588806152 0.246062994003296 3.0625
4.53067588806152 0.308562994003296 3.0625
4.82234239578247 0.308562994003296 3.0625
0 0 -1
4.53067588806152 0.308562994003296 3.0625
4.53067588806152 0.246062994003296 3.0625
4.53067588806152 0.246062994003296 12.7800197601318
-1 0 0
4.53067588806152 0.246062994003296 12.7800197601318
4.53067588806152 0.308562994003296 12.7800197601318
4.53067588806152 0.308562994003296 3.0625
-1 0 0
4.53067588806152 0.308562994003296 12.7800197601318
4.53067588806152 0.246062994003296 12.7800197601318
-4.53067588806152 0.246062994003296 12.7800197601318
0 0 -1
-4.53067588806152 0.246062994003296 12.7800197601318
-4.53067588806152 0.308562994003296 12.7800197601318
4.53067588806152 0.308562994003296 12.7800197601318
0 0 -1
-4.78067588806152 -0.308562994003296 13.0300197601318
-4.48900938034058 -0.308562994003296 12.7383527755737
4.48900938034058 -0.308562994003296 12.7383527755737
0 -1 0
-4.48900938034058 -0.308562994003296 12.7383527755737
-4.78067588806152 -0.308562994003296 13.0300197601318
-4.48900938034058 -0.308562994003296 3.10416674613953
0 -1 0
4.78067588806152 -0.308562994003296 13.0300197601318
4.48900938034058 -0.308562994003296 12.7383527755737
4.48900938034058 -0.308562994003296 3.10416674613953
0 -1 0
4.48900938034058 -0.308562994003296 12.7383527755737
4.78067588806152 -0.308562994003296 13.0300197601318
-4.78067588806152 -0.308562994003296 13.0300197601318
0 -1 0
-4.48900938034058 -0.308562994003296 3.10416674613953
-4.78067588806152 -0.308562994003296 2.8125
4.48900938034058 -0.308562994003296 3.10416674613953
0 -1 0
-4.78067588806152 -0.308562994003296 2.8125
-4.48900938034058 -0.308562994003296 3.10416674613953
-4.78067588806152 -0.308562994003296 13.0300197601318
0 -1 0
4.48900938034058 -0.308562994003296 3.10416674613953
4.78067588806152 -0.308562994003296 2.8125
4.78067588806152 -0.308562994003296 13.0300197601318
0 -1 0
4.78067588806152 -0.308562994003296 2.8125
4.48900938034058 -0.308562994003296 3.10416674613953
-4.78067588806152 -0.308562994003296 2.8125
0 -1 0
-4.78067588806152 -0.246062994003296 2.8125
-4.48900938034058 -0.246062994003296 3.10416674613953
4.48900938034058 -0.246062994003296 3.10416674613953
0 1 0
-4.48900938034058 -0.246062994003296 3.10416674613953
-4.78067588806152 -0.246062994003296 2.8125
-4.48900938034058 -0.246062994003296 12.7383527755737
0 1 0
4.78067588806152 -0.246062994003296 2.8125
4.48900938034058 -0.246062994003296 3.10416674613953
4.48900938034058 -0.246062994003296 12.7383527755737
0 1 0
4.48900938034058 -0.246062994003296 3.10416674613953
4.78067588806152 -0.246062994003296 2.8125
-4.78067588806152 -0.246062994003296 2.8125
0 1 0
-4.48900938034058 -0.246062994003296 12.7383527755737
-4.78067588806152 -0.246062994003296 13.0300197601318
4.48900938034058 -0.246062994003296 12.7383527755737
0 1 0
-4.78067588806152 -0.246062994003296 13.0300197601318
-4.48900938034058 -0.246062994003296 12.7383527755737
-4.78067588806152 -0.246062994003296 2.8125
0 1 0
4.48900938034058 -0.246062994003296 12.7383527755737
4.78067588806152 -0.246062994003296 13.0300197601318
4.78067588806152 -0.246062994003296 2.8125
0 1 0
4.78067588806152 -0.246062994003296 13.0300197601318
4.48900938034058 -0.246062994003296 12.7383527755737
-4.78067588806152 -0.246062994003296 13.0300197601318
0 1 0
4.48900938034058 -0.308562994003296 12.7383527755737
4.48900938034058 -0.246062994003296 12.7383527755737
4.48900938034058 -0.246062994003296 3.10416674613953
-1 0 9.21902885491565E-17
4.48900938034058 -0.246062994003296 3.10416674613953
4.48900938034058 -0.308562994003296 3.10416674613953
4.48900938034058 -0.308562994003296 12.7383527755737
-1 0 9.21902885491565E-17
4.48900938034058 -0.308562994003296 3.10416674613953
4.48900938034058 -0.246062994003296 3.10416674613953
-4.48900938034058 -0.246062994003296 3.10416674613953
0 0 1
-4.48900938034058 -0.246062994003296 3.10416674613953
-4.48900938034058 -0.308562994003296 3.10416674613953
4.48900938034058 -0.308562994003296 3.10416674613953
0 0 1
-4.48900938034058 -0.308562994003296 3.10416674613953
-4.48900938034058 -0.246062994003296 3.10416674613953
-4.48900938034058 -0.246062994003296 12.7383527755737
1 0 0
-4.48900938034058 -0.246062994003296 12.7383527755737
-4.48900938034058 -0.308562994003296 12.7383527755737
-4.48900938034058 -0.308562994003296 3.10416674613953
1 0 0
-4.48900938034058 -0.308562994003296 12.7383527755737
-4.48900938034058 -0.246062994003296 12.7383527755737
4.48900938034058 -0.246062994003296 12.7383527755737
0 0 -1
4.48900938034058 -0.246062994003296 12.7383527755737
4.48900938034058 -0.308562994003296 12.7383527755737
-4.48900938034058 -0.308562994003296 12.7383527755737
0 0 -1
4.78067588806152 -0.308562994003296 13.0300197601318
4.78067588806152 -0.246062994003296 13.0300197601318
-4.78067588806152 -0.246062994003296 13.0300197601318
0 0 1
-4.78067588806152 -0.246062994003296 13.0300197601318
-4.78067588806152 -0.308562994003296 13.0300197601318
4.78067588806152 -0.308562994003296 13.0300197601318
0 0 1
-4.78067588806152 -0.308562994003296 13.0300197601318
-4.78067588806152 -0.246062994003296 13.0300197601318
-4.78067588806152 -0.246062994003296 2.8125
-1 0 0
-4.78067588806152 -0.246062994003296 2.8125
-4.78067588806152 -0.308562994003296 2.8125
-4.78067588806152 -0.308562994003296 13.0300197601318
-1 0 0
-4.78067588806152 -0.308562994003296 2.8125
-4.78067588806152 -0.246062994003296 2.8125
4.78067588806152 -0.246062994003296 2.8125
-4.64462790935386E-17 0 -1
4.78067588806152 -0.246062994003296 2.8125
4.78067588806152 -0.308562994003296 2.8125
-4.78067588806152 -0.308562994003296 2.8125
-4.64462790935386E-17 0 -1
4.78067588806152 -0.308562994003296 2.8125
4.78067588806152 -0.246062994003296 2.8125
4.78067588806152 -0.246062994003296 13.0300197601318
1 0 -8.6927008420704E-17
4.78067588806152 -0.246062994003296 13.0300197601318
4.78067588806152 -0.308562994003296 13.0300197601318
4.78067588806152 -0.308562994003296 2.8125
1 0 -8.6927008420704E-17
0.0729166641831398 0.0898129940032959 12.6341867446899
0.0729166641831398 0.0898129940032959 3.20833325386047
4.38484239578247 0.0898129940032959 3.20833325386047
0 -1 0
4.38484239578247 0.0898129940032959 3.20833325386047
4.38484239578247 0.0898129940032959 12.6341867446899
0.0729166641831398 0.0898129940032959 12.6341867446899
0 -1 0
4.38484239578247 0.131479665637016 3.20833325386047
0.0729166641831398 0.131479665637016 3.20833325386047
0.0729166641831398 0.131479665637016 12.6341867446899
0 1 0
0.0729166641831398 0.131479665637016 12.6341867446899
4.38484239578247 0.131479665637016 12.6341867446899
4.38484239578247 0.131479665637016 3.20833325386047
0 1 0
4.38484239578247 0.0898129940032959 12.6341867446899
4.38484239578247 0.131479665637016 12.6341867446899
0.0729166641831398 0.131479665637016 12.6341867446899
0 0 1
0.0729166641831398 0.131479665637016 12.6341867446899
0.0729166641831398 0.0898129940032959 12.6341867446899
4.38484239578247 0.0898129940032959 12.6341867446899
0 0 1
0.0729166641831398 0.0898129940032959 12.6341867446899
0.0729166641831398 0.131479665637016 12.6341867446899
0.0729166641831398 0.131479665637016 3.20833325386047
-1 0 0
0.0729166641831398 0.131479665637016 3.20833325386047
0.0729166641831398 0.0898129940032959 3.20833325386047
0.0729166641831398 0.0898129940032959 12.6341867446899
-1 0 0
0.0729166641831398 0.0898129940032959 3.20833325386047
0.0729166641831398 0.131479665637016 3.20833325386047
4.38484239578247 0.131479665637016 3.20833325386047
-1.02990919832074E-16 0 -1
4.38484239578247 0.131479665637016 3.20833325386047
4.38484239578247 0.0898129940032959 3.20833325386047
0.0729166641831398 0.0898129940032959 3.20833325386047
-1.02990919832074E-16 0 -1
4.38484239578247 0.0898129940032959 3.20833325386047
4.38484239578247 0.131479665637016 3.20833325386047
4.38484239578247 0.131479665637016 12.6341867446899
1 0 0
4.38484239578247 0.131479665637016 12.6341867446899
4.38484239578247 0.0898129940032959 12.6341867446899
4.38484239578247 0.0898129940032959 3.20833325386047
1 0 0
-0.0729166641831398 0.183562994003296 12.7800197601318
0.0729166641831398 0.183562994003296 12.6341867446899
0.0729166641831398 0.183562994003296 3.20833325386047
0 1 0
0.0729166641831398 0.183562994003296 12.6341867446899
-0.0729166641831398 0.183562994003296 12.7800197601318
4.38484239578247 0.183562994003296 12.6341867446899
0 1 0
-0.0729166641831398 0.183562994003296 3.0625
0.0729166641831398 0.183562994003296 3.20833325386047
4.38484239578247 0.183562994003296 3.20833325386047
0 1 0
0.0729166641831398 0.183562994003296 3.20833325386047
-0.0729166641831398 0.183562994003296 3.0625
-0.0729166641831398 0.183562994003296 12.7800197601318
0 1 0
4.38484239578247 0.183562994003296 12.6341867446899
4.53067588806152 0.183562994003296 12.7800197601318
4.38484239578247 0.183562994003296 3.20833325386047
0 1 0
4.53067588806152 0.183562994003296 12.7800197601318
4.38484239578247 0.183562994003296 12.6341867446899
-0.0729166641831398 0.183562994003296 12.7800197601318
0 1 0
4.38484239578247 0.183562994003296 3.20833325386047
4.53067588806152 0.183562994003296 3.0625
-0.0729166641831398 0.183562994003296 3.0625
0 1 0
4.53067588806152 0.183562994003296 3.0625
4.38484239578247 0.183562994003296 3.20833325386047
4.53067588806152 0.183562994003296 12.7800197601318
0 1 0
4.53067588806152 0.0377296581864357 12.7800197601318
4.38484239578247 0.0377296581864357 12.6341867446899
4.38484239578247 0.0377296581864357 3.20833325386047
0 -1 0
4.38484239578247 0.0377296581864357 12.6341867446899
4.53067588806152 0.0377296581864357 12.7800197601318
0.0729166641831398 0.0377296581864357 12.6341867446899
0 -1 0
4.53067588806152 0.0377296581864357 3.0625
4.38484239578247 0.0377296581864357 3.20833325386047
0.0729166641831398 0.0377296581864357 3.20833325386047
0 -1 0
4.38484239578247 0.0377296581864357 3.20833325386047
4.53067588806152 0.0377296581864357 3.0625
4.53067588806152 0.0377296581864357 12.7800197601318
0 -1 0
0.0729166641831398 0.0377296581864357 12.6341867446899
-0.0729166641831398 0.0377296581864357 12.7800197601318
0.0729166641831398 0.0377296581864357 3.20833325386047
0 -1 0
-0.0729166641831398 0.0377296581864357 12.7800197601318
0.0729166641831398 0.0377296581864357 12.6341867446899
4.53067588806152 0.0377296581864357 12.7800197601318
0 -1 0
0.0729166641831398 0.0377296581864357 3.20833325386047
-0.0729166641831398 0.0377296581864357 3.0625
4.53067588806152 0.0377296581864357 3.0625
0 -1 0
-0.0729166641831398 0.0377296581864357 3.0625
0.0729166641831398 0.0377296581864357 3.20833325386047
-0.0729166641831398 0.0377296581864357 12.7800197601318
0 -1 0
-0.0729166641831398 0.183562994003296 12.7800197601318
-0.0729166641831398 0.0377296581864357 12.7800197601318
4.53067588806152 0.0377296581864357 12.7800197601318
0 0 1
4.53067588806152 0.0377296581864357 12.7800197601318
4.53067588806152 0.183562994003296 12.7800197601318
-0.0729166641831398 0.183562994003296 12.7800197601318
0 0 1
4.53067588806152 0.183562994003296 12.7800197601318
4.53067588806152 0.0377296581864357 12.7800197601318
4.53067588806152 0.0377296581864357 3.0625
1 0 0
4.53067588806152 0.0377296581864357 3.0625
4.53067588806152 0.183562994003296 3.0625
4.53067588806152 0.183562994003296 12.7800197601318
1 0 0
4.53067588806152 0.183562994003296 3.0625
4.53067588806152 0.0377296581864357 3.0625
-0.0729166641831398 0.0377296581864357 3.0625
0 0 -1
-0.0729166641831398 0.0377296581864357 3.0625
-0.0729166641831398 0.183562994003296 3.0625
4.53067588806152 0.183562994003296 3.0625
0 0 -1
-0.0729166641831398 0.183562994003296 3.0625
-0.0729166641831398 0.0377296581864357 3.0625
-0.0729166641831398 0.0377296581864357 12.7800197601318
-1 0 4.56998518391233E-17
-0.0729166641831398 0.0377296581864357 12.7800197601318
-0.0729166641831398 0.183562994003296 12.7800197601318
-0.0729166641831398 0.183562994003296 3.0625
-1 0 4.56998518391233E-17
0.0729166641831398 0.183562994003296 12.6341867446899
0.0729166641831398 0.0377296581864357 12.6341867446899
0.0729166641831398 0.0377296581864357 3.20833325386047
1 0 0
0.0729166641831398 0.0377296581864357 3.20833325386047
0.0729166641831398 0.183562994003296 3.20833325386047
0.0729166641831398 0.183562994003296 12.6341867446899
1 0 0
0.0729166641831398 0.183562994003296 3.20833325386047
0.0729166641831398 0.0377296581864357 3.20833325386047
4.38484239578247 0.0377296581864357 3.20833325386047
-1.02990919832074E-16 0 1
4.38484239578247 0.0377296581864357 3.20833325386047
4.38484239578247 0.183562994003296 3.20833325386047
0.0729166641831398 0.183562994003296 3.20833325386047
-1.02990919832074E-16 0 1
4.38484239578247 0.183562994003296 3.20833325386047
4.38484239578247 0.0377296581864357 3.20833325386047
4.38484239578247 0.0377296581864357 12.6341867446899
-1 0 0
4.38484239578247 0.0377296581864357 12.6341867446899
4.38484239578247 0.183562994003296 12.6341867446899
4.38484239578247 0.183562994003296 3.20833325386047
-1 0 0
4.38484239578247 0.183562994003296 12.6341867446899
4.38484239578247 0.0377296581864357 12.6341867446899
0.0729166641831398 0.0377296581864357 12.6341867446899
0 0 -1
0.0729166641831398 0.0377296581864357 12.6341867446899
0.0729166641831398 0.183562994003296 12.6341867446899
4.38484239578247 0.183562994003296 12.6341867446899
0 0 -1
-4.59317588806152 -0.108103677630425 12.8425197601318
-4.48900938034058 -0.108103677630425 12.7383527755737
-4.48900938034058 -0.108103677630425 3.10416674613953
0 1 0
-4.48900938034058 -0.108103677630425 12.7383527755737
-4.59317588806152 -0.108103677630425 12.8425197601318
4.48900938034058 -0.108103677630425 12.7383527755737
0 1 0
-4.59317588806152 -0.108103677630425 3
-4.48900938034058 -0.108103677630425 3.10416674613953
4.48900938034058 -0.108103677630425 3.10416674613953
0 1 0
-4.48900938034058 -0.108103677630425 3.10416674613953
-4.59317588806152 -0.108103677630425 3
-4.59317588806152 -0.108103677630425 12.8425197601318
0 1 0
4.48900938034058 -0.108103677630425 12.7383527755737
4.59317588806152 -0.108103677630425 12.8425197601318
4.48900938034058 -0.108103677630425 3.10416674613953
0 1 0
4.59317588806152 -0.108103677630425 12.8425197601318
4.48900938034058 -0.108103677630425 12.7383527755737
-4.59317588806152 -0.108103677630425 12.8425197601318
0 1 0
4.48900938034058 -0.108103677630425 3.10416674613953
4.59317588806152 -0.108103677630425 3
-4.59317588806152 -0.108103677630425 3
0 1 0
4.59317588806152 -0.108103677630425 3
4.48900938034058 -0.108103677630425 3.10416674613953
4.59317588806152 -0.108103677630425 12.8425197601318
0 1 0
4.59317588806152 -0.246062994003296 12.8425197601318
4.48900938034058 -0.246062994003296 12.7383527755737
4.48900938034058 -0.246062994003296 3.10416674613953
0 -1 0
4.48900938034058 -0.246062994003296 12.7383527755737
4.59317588806152 -0.246062994003296 12.8425197601318
-4.48900938034058 -0.246062994003296 12.7383527755737
0 -1 0
4.59317588806152 -0.246062994003296 3
4.48900938034058 -0.246062994003296 3.10416674613953
-4.48900938034058 -0.246062994003296 3.10416674613953
0 -1 0
4.48900938034058 -0.246062994003296 3.10416674613953
4.59317588806152 -0.246062994003296 3
4.59317588806152 -0.246062994003296 12.8425197601318
0 -1 0
-4.48900938034058 -0.246062994003296 12.7383527755737
-4.59317588806152 -0.246062994003296 12.8425197601318
-4.48900938034058 -0.246062994003296 3.10416674613953
0 -1 0
-4.59317588806152 -0.246062994003296 12.8425197601318
-4.48900938034058 -0.246062994003296 12.7383527755737
4.59317588806152 -0.246062994003296 12.8425197601318
0 -1 0
-4.48900938034058 -0.246062994003296 3.10416674613953
-4.59317588806152 -0.246062994003296 3
4.59317588806152 -0.246062994003296 3
0 -1 0
-4.59317588806152 -0.246062994003296 3
-4.48900938034058 -0.246062994003296 3.10416674613953
-4.59317588806152 -0.246062994003296 12.8425197601318
0 -1 0
-4.59317588806152 -0.108103677630425 12.8425197601318
-4.59317588806152 -0.246062994003296 12.8425197601318
4.59317588806152 -0.246062994003296 12.8425197601318
0 0 1
4.59317588806152 -0.246062994003296 12.8425197601318
4.59317588806152 -0.108103677630425 12.8425197601318
-4.59317588806152 -0.108103677630425 12.8425197601318
0 0 1
4.59317588806152 -0.108103677630425 12.8425197601318
4.59317588806152 -0.246062994003296 12.8425197601318
4.59317588806152 -0.246062994003296 3
1 0 0
4.59317588806152 -0.246062994003296 3
4.59317588806152 -0.108103677630425 3
4.59317588806152 -0.108103677630425 12.8425197601318
1 0 0
4.59317588806152 -0.108103677630425 3
4.59317588806152 -0.246062994003296 3
-4.59317588806152 -0.246062994003296 3
0 0 -1
-4.59317588806152 -0.246062994003296 3
-4.59317588806152 -0.108103677630425 3
4.59317588806152 -0.108103677630425 3
0 0 -1
-4.59317588806152 -0.108103677630425 3
-4.59317588806152 -0.246062994003296 3
-4.59317588806152 -0.246062994003296 12.8425197601318
-1 0 -9.02389274415327E-17
-4.59317588806152 -0.246062994003296 12.8425197601318
-4.59317588806152 -0.108103677630425 12.8425197601318
-4.59317588806152 -0.108103677630425 3
-1 0 -9.02389274415327E-17
-4.48900938034058 -0.108103677630425 12.7383527755737
-4.48900938034058 -0.246062994003296 12.7383527755737
-4.48900938034058 -0.246062994003296 3.10416674613953
1 0 9.21902885491565E-17
-4.48900938034058 -0.246062994003296 3.10416674613953
-4.48900938034058 -0.108103677630425 3.10416674613953
-4.48900938034058 -0.108103677630425 12.7383527755737
1 0 9.21902885491565E-17
-4.48900938034058 -0.108103677630425 3.10416674613953
-4.48900938034058 -0.246062994003296 3.10416674613953
4.48900938034058 -0.246062994003296 3.10416674613953
0 0 1
4.48900938034058 -0.246062994003296 3.10416674613953
4.48900938034058 -0.108103677630425 3.10416674613953
-4.48900938034058 -0.108103677630425 3.10416674613953
0 0 1
4.48900938034058 -0.108103677630425 3.10416674613953
4.48900938034058 -0.246062994003296 3.10416674613953
4.48900938034058 -0.246062994003296 12.7383527755737
-1 0 0
4.48900938034058 -0.246062994003296 12.7383527755737
4.48900938034058 -0.108103677630425 12.7383527755737
4.48900938034058 -0.108103677630425 3.10416674613953
-1 0 0
4.48900938034058 -0.108103677630425 12.7383527755737
4.48900938034058 -0.246062994003296 12.7383527755737
-4.48900938034058 -0.246062994003296 12.7383527755737
0 0 -1
-4.48900938034058 -0.246062994003296 12.7383527755737
-4.48900938034058 -0.108103677630425 12.7383527755737
4.48900938034058 -0.108103677630425 12.7383527755737
0 0 -1
4.59317588806152 -0.108103677630425 12.8425197601318
4.53067588806152 -0.108103677630425 12.7800197601318
4.53067588806152 -0.108103677630425 3.0625
0 -1 0
4.53067588806152 -0.108103677630425 12.7800197601318
4.59317588806152 -0.108103677630425 12.8425197601318
-4.53067588806152 -0.108103677630425 12.7800197601318
0 -1 0
4.59317588806152 -0.108103677630425 3
4.53067588806152 -0.108103677630425 3.0625
-4.53067588806152 -0.108103677630425 3.0625
0 -1 0
4.53067588806152 -0.108103677630425 3.0625
4.59317588806152 -0.108103677630425 3
4.59317588806152 -0.108103677630425 12.8425197601318
0 -1 0
-4.53067588806152 -0.108103677630425 12.7800197601318
-4.59317588806152 -0.108103677630425 12.8425197601318
-4.53067588806152 -0.108103677630425 3.0625
0 -1 0
-4.59317588806152 -0.108103677630425 12.8425197601318
-4.53067588806152 -0.108103677630425 12.7800197601318
4.59317588806152 -0.108103677630425 12.8425197601318
0 -1 0
-4.53067588806152 -0.108103677630425 3.0625
-4.59317588806152 -0.108103677630425 3
4.59317588806152 -0.108103677630425 3
0 -1 0
-4.59317588806152 -0.108103677630425 3
-4.53067588806152 -0.108103677630425 3.0625
-4.59317588806152 -0.108103677630425 12.8425197601318
0 -1 0
-4.59317588806152 0.246062994003296 12.8425197601318
-4.53067588806152 0.246062994003296 12.7800197601318
-4.53067588806152 0.246062994003296 3.0625
0 1 0
-4.53067588806152 0.246062994003296 12.7800197601318
-4.59317588806152 0.246062994003296 12.8425197601318
4.53067588806152 0.246062994003296 12.7800197601318
0 1 0
-4.59317588806152 0.246062994003296 3
-4.53067588806152 0.246062994003296 3.0625
4.53067588806152 0.246062994003296 3.0625
0 1 0
-4.53067588806152 0.246062994003296 3.0625
-4.59317588806152 0.246062994003296 3
-4.59317588806152 0.246062994003296 12.8425197601318
0 1 0
4.53067588806152 0.246062994003296 12.7800197601318
4.59317588806152 0.246062994003296 12.8425197601318
4.53067588806152 0.246062994003296 3.0625
0 1 0
4.59317588806152 0.246062994003296 12.8425197601318
4.53067588806152 0.246062994003296 12.7800197601318
-4.59317588806152 0.246062994003296 12.8425197601318
0 1 0
4.53067588806152 0.246062994003296 3.0625
4.59317588806152 0.246062994003296 3
-4.59317588806152 0.246062994003296 3
0 1 0
4.59317588806152 0.246062994003296 3
4.53067588806152 0.246062994003296 3.0625
4.59317588806152 0.246062994003296 12.8425197601318
0 1 0
4.59317588806152 -0.108103677630425 12.8425197601318
4.59317588806152 0.246062994003296 12.8425197601318
-4.59317588806152 0.246062994003296 12.8425197601318
0 0 1
-4.59317588806152 0.246062994003296 12.8425197601318
-4.59317588806152 -0.108103677630425 12.8425197601318
4.59317588806152 -0.108103677630425 12.8425197601318
0 0 1
-4.59317588806152 -0.108103677630425 12.8425197601318
-4.59317588806152 0.246062994003296 12.8425197601318
-4.59317588806152 0.246062994003296 3
-1 0 0
-4.59317588806152 0.246062994003296 3
-4.59317588806152 -0.108103677630425 3
-4.59317588806152 -0.108103677630425 12.8425197601318
-1 0 0
-4.59317588806152 -0.108103677630425 3
-4.59317588806152 0.246062994003296 3
4.59317588806152 0.246062994003296 3
0 0 -1
4.59317588806152 0.246062994003296 3
4.59317588806152 -0.108103677630425 3
-4.59317588806152 -0.108103677630425 3
0 0 -1
4.59317588806152 -0.108103677630425 3
4.59317588806152 0.246062994003296 3
4.59317588806152 0.246062994003296 12.8425197601318
1 0 -9.02389274415326E-17
4.59317588806152 0.246062994003296 12.8425197601318
4.59317588806152 -0.108103677630425 12.8425197601318
4.59317588806152 -0.108103677630425 3
1 0 -9.02389274415326E-17
4.53067588806152 -0.108103677630425 12.7800197601318
4.53067588806152 0.246062994003296 12.7800197601318
4.53067588806152 0.246062994003296 3.0625
-1 0 0
4.53067588806152 0.246062994003296 3.0625
4.53067588806152 -0.108103677630425 3.0625
4.53067588806152 -0.108103677630425 12.7800197601318
-1 0 0
4.53067588806152 -0.108103677630425 3.0625
4.53067588806152 0.246062994003296 3.0625
-4.53067588806152 0.246062994003296 3.0625
0 0 1
-4.53067588806152 0.246062994003296 3.0625
-4.53067588806152 -0.108103677630425 3.0625
4.53067588806152 -0.108103677630425 3.0625
0 0 1
-4.53067588806152 -0.108103677630425 3.0625
-4.53067588806152 0.246062994003296 3.0625
-4.53067588806152 0.246062994003296 12.7800197601318
1 0 0
-4.53067588806152 0.246062994003296 12.7800197601318
-4.53067588806152 -0.108103677630425 12.7800197601318
-4.53067588806152 -0.108103677630425 3.0625
1 0 0
-4.53067588806152 -0.108103677630425 12.7800197601318
-4.53067588806152 0.246062994003296 12.7800197601318
4.53067588806152 0.246062994003296 12.7800197601318
0 0 -1
4.53067588806152 0.246062994003296 12.7800197601318
4.53067588806152 -0.108103677630425 12.7800197601318
-4.53067588806152 -0.108103677630425 12.7800197601318
0 0 -1
[HEADER]
429494,2800 x 3000mm 2,6
426.612345637138 204.385129689222 10.1561679790026
1
-1.57467900726635E-15 -1 0
1 -1.57467900726635E-15 0
0 0 1
[HEADER]
429495,2800 x 3000mm 2,6
426.612345637138 226.038672996309 10.1561679790026
1
-1.57467900726635E-15 -1 0
1 -1.57467900726635E-15 0
0 0 1
[HEADER]
429496,2800 x 3000mm 2,6
426.612345637138 236.537360660351 10.1561679790026
1
-1.57467900726635E-15 -1 0
1 -1.57467900726635E-15 0
0 0 1
[HEADER]
429497,2800 x 3000mm 2,6
426.612345637138 247.692216303395 10.1561679790026
1
-1.57467900726635E-15 -1 0
1 -1.57467900726635E-15 0
0 0 1
[HEADER]
429498,2800 x 3000mm 2,6
426.612345637138 258.190903967437 10.1561679790026
1
1.57467900726635E-15 1 0
-1 1.57467900726635E-15 0
0 0 1
[HEADER]
429499,2800 x 3000mm 2,6
426.612345637138 269.345759610482 10.1561679790026
1
-1.57467900726635E-15 -1 0
1 -1.57467900726635E-15 0
0 0 1
[HEADER]
429500,2800 x 3000mm 2,6
426.612345637138 279.844447274524 10.1561679790026
1
1.57467900726635E-15 1 0
-1 1.57467900726635E-15 0
0 0 1
[HEADER]
429501,2800 x 3000mm 2,6
426.612345637138 290.671218928067 10.1561679790026
1
1.57467900726635E-15 1 0
-1 1.57467900726635E-15 0
0 0 1
[HEADER]
429502,2800 x 3000mm 2,6
426.612345637138 301.853607921855 10.1561679790026
1
-1.57467900726635E-15 -1 0
1 -1.57467900726635E-15 0
0 0 1
[HEADER]
429503,1830 x 1220mm,6
402.859064871873 149.16331920691 13.1233595800525
1
-2.69317592320626E-15 -1 0
1 -2.69317592320626E-15 0
0 0 1
[HEADER]
429504,1830 x 1220mm,6
402.859064871873 143.585891385388 13.1233595800525
1
-2.69317592320626E-15 -1 0
1 -2.69317592320626E-15 0
0 0 1
[HEADER]
429505,1830 x 1220mm,6
402.859064871873 138.008463563866 13.1233595800525
1
-2.69317592320626E-15 -1 0
1 -2.69317592320626E-15 0
0 0 1
[HEADER]
429506,1830 x 1220mm,6
406.467988756387 134.290451678766 13.1233595800525
1
1 -3.32260691947474E-15 0
3.32260691947474E-15 1 0
0 0 1
[HEADER]
429507,1830 x 1220mm,6
413.029668546414 134.290451678766 13.1233595800525
1
1 -3.32260691947474E-15 0
3.32260691947474E-15 1 0
0 0 1
[HEADER]
429508,1830 x 1220mm,6
419.263264346939 134.290451678766 13.1233595800525
1
1 -3.32260691947474E-15 0
3.32260691947474E-15 1 0
0 0 1
[HEADER]
429509,1830 x 1220mm,6
424.912258221705 134.290451678766 13.1233595800525
1
1 -3.32260691947474E-15 0
3.32260691947474E-15 1 0
0 0 1
[HEADER]
429510,1830 x 1220mm,6
428.52118210622 137.89937556328 13.1233595800525
1
-2.69317592320626E-15 -1 0
1 -2.69317592320626E-15 0
0 0 1
[HEADER]
429511,1830 x 1220mm,6
428.52118210622 143.804887374304 13.1233595800525
1
-2.69317592320626E-15 -1 0
1 -2.69317592320626E-15 0
0 0 1
[HEADER]
429512,1830 x 1220mm,6
428.52118210622 149.819487185913 13.1233595800525
1
-2.69317592320626E-15 -1 0
1 -2.69317592320626E-15 0
0 0 1
[HEADER]
430950,1830 x 1220mm 3,902
260.142529366741 128.477623669886 13.1233595800525
1
-1 3.18524774704407E-15 0
-3.18524774704407E-15 -1 0
0 0 1
-2.74442267417908 0.0676673203706741 7.69849061965942
-0.0729166641831398 0.0676673203706741 7.69849061965942
-0.0729166641831398 0.0676673203706741 0.241141736507416
0 1 0
-0.0729166641831398 0.0676673203706741 0.241141736507416
-2.74442267417908 0.0676673203706741 0.241141736507416
-2.74442267417908 0.0676673203706741 7.69849061965942
0 1 0
-0.0729166641831398 0.0260006561875343 0.241141736507416
-0.0729166641831398 0.0260006561875343 7.69849061965942
-2.74442267417908 0.0260006561875343 7.69849061965942
0 -1 0
-2.74442267417908 0.0260006561875343 7.69849061965942
-2.74442267417908 0.0260006561875343 0.241141736507416
-0.0729166641831398 0.0260006561875343 0.241141736507416
0 -1 0
-2.74442267417908 0.0676673203706741 0.241141736507416
-2.74442267417908 0.0260006561875343 0.241141736507416
-2.74442267417908 0.0260006561875343 7.69849061965942
-1 0 0
-2.74442267417908 0.0260006561875343 7.69849061965942
-2.74442267417908 0.0676673203706741 7.69849061965942
-2.74442267417908 0.0676673203706741 0.241141736507416
-1 0 0
-2.74442267417908 0.0676673203706741 7.69849061965942
-2.74442267417908 0.0260006561875343 7.69849061965942
-0.0729166641831398 0.0260006561875343 7.69849061965942
0 0 1
-0.0729166641831398 0.0260006561875343 7.69849061965942
-0.0729166641831398 0.0676673203706741 7.69849061965942
-2.74442267417908 0.0676673203706741 7.69849061965942
0 0 1
-0.0729166641831398 0.0676673203706741 7.69849061965942
-0.0729166641831398 0.0260006561875343 7.69849061965942
-0.0729166641831398 0.0260006561875343 0.241141736507416
1 0 0
-0.0729166641831398 0.0260006561875343 0.241141736507416
-0.0729166641831398 0.0676673203706741 0.241141736507416
-0.0729166641831398 0.0676673203706741 7.69849061965942
1 0 0
-0.0729166641831398 0.0676673203706741 0.241141736507416
-0.0729166641831398 0.0260006561875343 0.241141736507416
-2.74442267417908 0.0260006561875343 0.241141736507416
0 0 -1
-2.74442267417908 0.0260006561875343 0.241141736507416
-2.74442267417908 0.0676673203706741 0.241141736507416
-0.0729166641831398 0.0676673203706741 0.241141736507416
0 0 -1
-2.89025592803955 0.119750656187534 7.84432411193848
-2.74442267417908 0.119750656187534 7.69849061965942
-2.74442267417908 0.119750656187534 0.241141736507416
0 1 0
-2.74442267417908 0.119750656187534 7.69849061965942
-2.89025592803955 0.119750656187534 7.84432411193848
-0.0729166641831398 0.119750656187534 7.69849061965942
0 1 0
-2.89025592803955 0.119750656187534 0.0953084006905556
-2.74442267417908 0.119750656187534 0.241141736507416
-0.0729166641831398 0.119750656187534 0.241141736507416
0 1 0
-2.74442267417908 0.119750656187534 0.241141736507416
-2.89025592803955 0.119750656187534 0.0953084006905556
-2.89025592803955 0.119750656187534 7.84432411193848
0 1 0
-0.0729166641831398 0.119750656187534 7.69849061965942
0.0729166641831398 0.119750656187534 7.84432411193848
-0.0729166641831398 0.119750656187534 0.241141736507416
0 1 0
0.0729166641831398 0.119750656187534 7.84432411193848
-0.0729166641831398 0.119750656187534 7.69849061965942
-2.89025592803955 0.119750656187534 7.84432411193848
0 1 0
-0.0729166641831398 0.119750656187534 0.241141736507416
0.0729166641831398 0.119750656187534 0.0953084006905556
-2.89025592803955 0.119750656187534 0.0953084006905556
0 1 0
0.0729166641831398 0.119750656187534 0.0953084006905556
-0.0729166641831398 0.119750656187534 0.241141736507416
0.0729166641831398 0.119750656187534 7.84432411193848
0 1 0
0.0729166641831398 -0.0260826777666807 7.84432411193848
-0.0729166641831398 -0.0260826777666807 7.69849061965942
-0.0729166641831398 -0.0260826777666807 0.241141736507416
0 -1 0
-0.0729166641831398 -0.0260826777666807 7.69849061965942
0.0729166641831398 -0.0260826777666807 7.84432411193848
-2.74442267417908 -0.0260826777666807 7.69849061965942
0 -1 0
0.0729166641831398 -0.0260826777666807 0.0953084006905556
-0.0729166641831398 -0.0260826777666807 0.241141736507416
-2.74442267417908 -0.0260826777666807 0.241141736507416
0 -1 0
-0.0729166641831398 -0.0260826777666807 0.241141736507416
0.0729166641831398 -0.0260826777666807 0.0953084006905556
0.0729166641831398 -0.0260826777666807 7.84432411193848
0 -1 0
-2.74442267417908 -0.0260826777666807 7.69849061965942
-2.89025592803955 -0.0260826777666807 7.84432411193848
-2.74442267417908 -0.0260826777666807 0.241141736507416
0 -1 0
-2.89025592803955 -0.0260826777666807 7.84432411193848
-2.74442267417908 -0.0260826777666807 7.69849061965942
0.0729166641831398 -0.0260826777666807 7.84432411193848
0 -1 0
-2.74442267417908 -0.0260826777666807 0.241141736507416
-2.89025592803955 -0.0260826777666807 0.0953084006905556
0.0729166641831398 -0.0260826777666807 0.0953084006905556
0 -1 0
-2.89025592803955 -0.0260826777666807 0.0953084006905556
-2.74442267417908 -0.0260826777666807 0.241141736507416
-2.89025592803955 -0.0260826777666807 7.84432411193848
0 -1 0
-2.89025592803955 0.119750656187534 7.84432411193848
-2.89025592803955 -0.0260826777666807 7.84432411193848
0.0729166641831398 -0.0260826777666807 7.84432411193848
0 0 1
0.0729166641831398 -0.0260826777666807 7.84432411193848
0.0729166641831398 0.119750656187534 7.84432411193848
-2.89025592803955 0.119750656187534 7.84432411193848
0 0 1
0.0729166641831398 0.119750656187534 7.84432411193848
0.0729166641831398 -0.0260826777666807 7.84432411193848
0.0729166641831398 -0.0260826777666807 0.0953084006905556
1 0 0
0.0729166641831398 -0.0260826777666807 0.0953084006905556
0.0729166641831398 0.119750656187534 0.0953084006905556
0.0729166641831398 0.119750656187534 7.84432411193848
1 0 0
0.0729166641831398 0.119750656187534 0.0953084006905556
0.0729166641831398 -0.0260826777666807 0.0953084006905556
-2.89025592803955 -0.0260826777666807 0.0953084006905556
0 0 -1
-2.89025592803955 -0.0260826777666807 0.0953084006905556
-2.89025592803955 0.119750656187534 0.0953084006905556
0.0729166641831398 0.119750656187534 0.0953084006905556
0 0 -1
-2.89025592803955 0.119750656187534 0.0953084006905556
-2.89025592803955 -0.0260826777666807 0.0953084006905556
-2.89025592803955 -0.0260826777666807 7.84432411193848
-1 0 0
-2.89025592803955 -0.0260826777666807 7.84432411193848
-2.89025592803955 0.119750656187534 7.84432411193848
-2.89025592803955 0.119750656187534 0.0953084006905556
-1 0 0
-2.74442267417908 0.119750656187534 7.69849061965942
-2.74442267417908 -0.0260826777666807 7.69849061965942
-2.74442267417908 -0.0260826777666807 0.241141736507416
1 0 0
-2.74442267417908 -0.0260826777666807 0.241141736507416
-2.74442267417908 0.119750656187534 0.241141736507416
-2.74442267417908 0.119750656187534 7.69849061965942
1 0 0
-2.74442267417908 0.119750656187534 0.241141736507416
-2.74442267417908 -0.0260826777666807 0.241141736507416
-0.0729166641831398 -0.0260826777666807 0.241141736507416
-1.66231790442172E-16 0 1
-0.0729166641831398 -0.0260826777666807 0.241141736507416
-0.0729166641831398 0.119750656187534 0.241141736507416
-2.74442267417908 0.119750656187534 0.241141736507416
-1.66231790442172E-16 0 1
-0.0729166641831398 0.119750656187534 0.241141736507416
-0.0729166641831398 -0.0260826777666807 0.241141736507416
-0.0729166641831398 -0.0260826777666807 7.69849061965942
-1 0 0
-0.0729166641831398 -0.0260826777666807 7.69849061965942
-0.0729166641831398 0.119750656187534 7.69849061965942
-0.0729166641831398 0.119750656187534 0.241141736507416
-1 0 0
-0.0729166641831398 0.119750656187534 7.69849061965942
-0.0729166641831398 -0.0260826777666807 7.69849061965942
-2.74442267417908 -0.0260826777666807 7.69849061965942
0 0 -1
-2.74442267417908 -0.0260826777666807 7.69849061965942
-2.74442267417908 0.119750656187534 7.69849061965942
-0.0729166641831398 0.119750656187534 7.69849061965942
0 0 -1
3.18192267417908 0.432250648736954 0.0953084006905556
3.18192267417908 0.432250648736954 0.0328084006905556
-3.18192267417908 0.432250648736954 0.0328084006905556
0 1 0
-3.18192267417908 0.432250648736954 0.0328084006905556
-3.18192267417908 0.432250648736954 0.0953084006905556
3.18192267417908 0.432250648736954 0.0953084006905556
0 1 0
-3.18192267417908 0.328083992004395 0.0328084006905556
3.18192267417908 0.328083992004395 0.0328084006905556
3.18192267417908 0.328083992004395 0.0953084006905556
0 -1 0
3.18192267417908 0.328083992004395 0.0953084006905556
-3.18192267417908 0.328083992004395 0.0953084006905556
-3.18192267417908 0.328083992004395 0.0328084006905556
0 -1 0
-3.18192267417908 0.432250648736954 0.0953084006905556
-3.18192267417908 0.328083992004395 0.0953084006905556
3.18192267417908 0.328083992004395 0.0953084006905556
0 0 1
3.18192267417908 0.328083992004395 0.0953084006905556
3.18192267417908 0.432250648736954 0.0953084006905556
-3.18192267417908 0.432250648736954 0.0953084006905556
0 0 1
3.18192267417908 0.432250648736954 0.0953084006905556
3.18192267417908 0.328083992004395 0.0953084006905556
3.18192267417908 0.328083992004395 0.0328084006905556
1 0 0
3.18192267417908 0.328083992004395 0.0328084006905556
3.18192267417908 0.432250648736954 0.0328084006905556
3.18192267417908 0.432250648736954 0.0953084006905556
1 0 0
3.18192267417908 0.432250648736954 0.0328084006905556
3.18192267417908 0.328083992004395 0.0328084006905556
-3.18192267417908 0.328083992004395 0.0328084006905556
0 0 -1
-3.18192267417908 0.328083992004395 0.0328084006905556
-3.18192267417908 0.432250648736954 0.0328084006905556
3.18192267417908 0.432250648736954 0.0328084006905556
0 0 -1
-3.18192267417908 0.432250648736954 0.0328084006905556
-3.18192267417908 0.328083992004395 0.0328084006905556
-3.18192267417908 0.328083992004395 0.0953084006905556
-1 0 0
-3.18192267417908 0.328083992004395 0.0953084006905556
-3.18192267417908 0.432250648736954 0.0953084006905556
-3.18192267417908 0.432250648736954 0.0328084006905556
-1 0 0
3.18192267417908 0.390583992004395 8.13599109649658
2.89025592803955 0.390583992004395 7.84432411193848
-2.89025592803955 0.390583992004395 7.84432411193848
0 1 0
2.89025592803955 0.390583992004395 7.84432411193848
3.18192267417908 0.390583992004395 8.13599109649658
3.18192267417908 0.390583992004395 0.0953084006905556
0 1 0
-3.18192267417908 0.390583992004395 8.13599109649658
-2.89025592803955 0.390583992004395 7.84432411193848
-3.18192267417908 0.390583992004395 0.0953084006905556
0 1 0
-2.89025592803955 0.390583992004395 7.84432411193848
-3.18192267417908 0.390583992004395 8.13599109649658
3.18192267417908 0.390583992004395 8.13599109649658
0 1 0
3.18192267417908 0.390583992004395 0.0953084006905556
2.89025592803955 0.390583992004395 0.0953084006905556
2.89025592803955 0.390583992004395 7.84432411193848
0 1 0
-2.89025592803955 0.390583992004395 0.0953084006905556
-3.18192267417908 0.390583992004395 0.0953084006905556
-2.89025592803955 0.390583992004395 7.84432411193848
0 1 0
2.89025592803955 0.328083992004395 0.0953084006905556
3.18192267417908 0.328083992004395 0.0953084006905556
2.89025592803955 0.328083992004395 7.84432411193848
0 -1 0
-3.18192267417908 0.328083992004395 0.0953084006905556
-2.89025592803955 0.328083992004395 0.0953084006905556
-2.89025592803955 0.328083992004395 7.84432411193848
0 -1 0
2.89025592803955 0.328083992004395 7.84432411193848
3.18192267417908 0.328083992004395 8.13599109649658
-2.89025592803955 0.328083992004395 7.84432411193848
0 -1 0
3.18192267417908 0.328083992004395 8.13599109649658
2.89025592803955 0.328083992004395 7.84432411193848
3.18192267417908 0.328083992004395 0.0953084006905556
0 -1 0
-2.89025592803955 0.328083992004395 7.84432411193848
-3.18192267417908 0.328083992004395 8.13599109649658
-3.18192267417908 0.328083992004395 0.0953084006905556
0 -1 0
-3.18192267417908 0.328083992004395 8.13599109649658
-2.89025592803955 0.328083992004395 7.84432411193848
3.18192267417908 0.328083992004395 8.13599109649658
0 -1 0
-2.89025592803955 0.390583992004395 7.84432411193848
-2.89025592803955 0.328083992004395 7.84432411193848
-2.89025592803955 0.328083992004395 0.0953084006905556
1 0 0
-2.89025592803955 0.328083992004395 0.0953084006905556
-2.89025592803955 0.390583992004395 0.0953084006905556
-2.89025592803955 0.390583992004395 7.84432411193848
1 0 0
-2.89025592803955 0.390583992004395 0.0953084006905556
-2.89025592803955 0.328083992004395 0.0953084006905556
-3.18192267417908 0.328083992004395 0.0953084006905556
0 0 -1
-3.18192267417908 0.328083992004395 0.0953084006905556
-3.18192267417908 0.390583992004395 0.0953084006905556
-2.89025592803955 0.390583992004395 0.0953084006905556
0 0 -1
-3.18192267417908 0.390583992004395 0.0953084006905556
-3.18192267417908 0.328083992004395 0.0953084006905556
-3.18192267417908 0.328083992004395 8.13599109649658
-1 0 0
-3.18192267417908 0.328083992004395 8.13599109649658
-3.18192267417908 0.390583992004395 8.13599109649658
-3.18192267417908 0.390583992004395 0.0953084006905556
-1 0 0
-3.18192267417908 0.390583992004395 8.13599109649658
-3.18192267417908 0.328083992004395 8.13599109649658
3.18192267417908 0.328083992004395 8.13599109649658
0 0 1
3.18192267417908 0.328083992004395 8.13599109649658
3.18192267417908 0.390583992004395 8.13599109649658
-3.18192267417908 0.390583992004395 8.13599109649658
0 0 1
3.18192267417908 0.390583992004395 8.13599109649658
3.18192267417908 0.328083992004395 8.13599109649658
3.18192267417908 0.328083992004395 0.0953084006905556
1 0 0
3.18192267417908 0.328083992004395 0.0953084006905556
3.18192267417908 0.390583992004395 0.0953084006905556
3.18192267417908 0.390583992004395 8.13599109649658
1 0 0
3.18192267417908 0.390583992004395 0.0953084006905556
3.18192267417908 0.328083992004395 0.0953084006905556
2.89025592803955 0.328083992004395 0.0953084006905556
-3.04518315325771E-15 0 -1
2.89025592803955 0.328083992004395 0.0953084006905556
2.89025592803955 0.390583992004395 0.0953084006905556
3.18192267417908 0.390583992004395 0.0953084006905556
-3.04518315325771E-15 0 -1
2.89025592803955 0.390583992004395 0.0953084006905556
2.89025592803955 0.328083992004395 0.0953084006905556
2.89025592803955 0.328083992004395 7.84432411193848
-1 0 0
2.89025592803955 0.328083992004395 7.84432411193848
2.89025592803955 0.390583992004395 7.84432411193848
2.89025592803955 0.390583992004395 0.0953084006905556
-1 0 0
2.89025592803955 0.390583992004395 7.84432411193848
2.89025592803955 0.328083992004395 7.84432411193848
-2.89025592803955 0.328083992004395 7.84432411193848
0 0 -1
-2.89025592803955 0.328083992004395 7.84432411193848
-2.89025592803955 0.390583992004395 7.84432411193848
2.89025592803955 0.390583992004395 7.84432411193848
0 0 -1
-3.14025592803955 -0.390583992004395 8.09432411193848
-2.84858918190002 -0.390583992004395 7.80265760421753
2.84858918190002 -0.390583992004395 7.80265760421753
0 -1 0
-2.84858918190002 -0.390583992004395 7.80265760421753
-3.14025592803955 -0.390583992004395 8.09432411193848
-2.84858918190002 -0.390583992004395 0.136975064873695
0 -1 0
3.14025592803955 -0.390583992004395 8.09432411193848
2.84858918190002 -0.390583992004395 7.80265760421753
2.84858918190002 -0.390583992004395 0.136975064873695
0 -1 0
2.84858918190002 -0.390583992004395 7.80265760421753
3.14025592803955 -0.390583992004395 8.09432411193848
-3.14025592803955 -0.390583992004395 8.09432411193848
0 -1 0
-2.84858918190002 -0.390583992004395 0.136975064873695
-3.14025592803955 -0.390583992004395 -0.154691606760025
2.84858918190002 -0.390583992004395 0.136975064873695
0 -1 0
-3.14025592803955 -0.390583992004395 -0.154691606760025
-2.84858918190002 -0.390583992004395 0.136975064873695
-3.14025592803955 -0.390583992004395 8.09432411193848
0 -1 0
2.84858918190002 -0.390583992004395 0.136975064873695
3.14025592803955 -0.390583992004395 -0.154691606760025
3.14025592803955 -0.390583992004395 8.09432411193848
0 -1 0
3.14025592803955 -0.390583992004395 -0.154691606760025
2.84858918190002 -0.390583992004395 0.136975064873695
-3.14025592803955 -0.390583992004395 -0.154691606760025
0 -1 0
-3.14025592803955 -0.328083992004395 -0.154691606760025
-2.84858918190002 -0.328083992004395 0.136975064873695
2.84858918190002 -0.328083992004395 0.136975064873695
0 1 0
-2.84858918190002 -0.328083992004395 0.136975064873695
-3.14025592803955 -0.328083992004395 -0.154691606760025
-2.84858918190002 -0.328083992004395 7.80265760421753
0 1 0
3.14025592803955 -0.328083992004395 -0.154691606760025
2.84858918190002 -0.328083992004395 0.136975064873695
2.84858918190002 -0.328083992004395 7.80265760421753
0 1 0
2.84858918190002 -0.328083992004395 0.136975064873695
3.14025592803955 -0.328083992004395 -0.154691606760025
-3.14025592803955 -0.328083992004395 -0.154691606760025
0 1 0
-2.84858918190002 -0.328083992004395 7.80265760421753
-3.14025592803955 -0.328083992004395 8.09432411193848
2.84858918190002 -0.328083992004395 7.80265760421753
0 1 0
-3.14025592803955 -0.328083992004395 8.09432411193848
-2.84858918190002 -0.328083992004395 7.80265760421753
-3.14025592803955 -0.328083992004395 -0.154691606760025
0 1 0
2.84858918190002 -0.328083992004395 7.80265760421753
3.14025592803955 -0.328083992004395 8.09432411193848
3.14025592803955 -0.328083992004395 -0.154691606760025
0 1 0
3.14025592803955 -0.328083992004395 8.09432411193848
2.84858918190002 -0.328083992004395 7.80265760421753
-3.14025592803955 -0.328083992004395 8.09432411193848
0 1 0
2.84858918190002 -0.390583992004395 7.80265760421753
2.84858918190002 -0.328083992004395 7.80265760421753
2.84858918190002 -0.328083992004395 0.136975064873695
-1 0 0
2.84858918190002 -0.328083992004395 0.136975064873695
2.84858918190002 -0.390583992004395 0.136975064873695
2.84858918190002 -0.390583992004395 7.80265760421753
-1 0 0
2.84858918190002 -0.390583992004395 0.136975064873695
2.84858918190002 -0.328083992004395 0.136975064873695
-2.84858918190002 -0.328083992004395 0.136975064873695
0 0 1
-2.84858918190002 -0.328083992004395 0.136975064873695
-2.84858918190002 -0.390583992004395 0.136975064873695
2.84858918190002 -0.390583992004395 0.136975064873695
0 0 1
-2.84858918190002 -0.390583992004395 0.136975064873695
-2.84858918190002 -0.328083992004395 0.136975064873695
-2.84858918190002 -0.328083992004395 7.80265760421753
1 0 0
-2.84858918190002 -0.328083992004395 7.80265760421753
-2.84858918190002 -0.390583992004395 7.80265760421753
-2.84858918190002 -0.390583992004395 0.136975064873695
1 0 0
-2.84858918190002 -0.390583992004395 7.80265760421753
-2.84858918190002 -0.328083992004395 7.80265760421753
2.84858918190002 -0.328083992004395 7.80265760421753
0 0 -1
2.84858918190002 -0.328083992004395 7.80265760421753
2.84858918190002 -0.390583992004395 7.80265760421753
-2.84858918190002 -0.390583992004395 7.80265760421753
0 0 -1
3.14025592803955 -0.390583992004395 8.09432411193848
3.14025592803955 -0.328083992004395 8.09432411193848
-3.14025592803955 -0.328083992004395 8.09432411193848
0 0 1
-3.14025592803955 -0.328083992004395 8.09432411193848
-3.14025592803955 -0.390583992004395 8.09432411193848
3.14025592803955 -0.390583992004395 8.09432411193848
0 0 1
-3.14025592803955 -0.390583992004395 8.09432411193848
-3.14025592803955 -0.328083992004395 8.09432411193848
-3.14025592803955 -0.328083992004395 -0.154691606760025
-1 0 0
-3.14025592803955 -0.328083992004395 -0.154691606760025
-3.14025592803955 -0.390583992004395 -0.154691606760025
-3.14025592803955 -0.390583992004395 8.09432411193848
-1 0 0
-3.14025592803955 -0.390583992004395 -0.154691606760025
-3.14025592803955 -0.328083992004395 -0.154691606760025
3.14025592803955 -0.328083992004395 -0.154691606760025
1.41418159287781E-16 0 -1
3.14025592803955 -0.328083992004395 -0.154691606760025
3.14025592803955 -0.390583992004395 -0.154691606760025
-3.14025592803955 -0.390583992004395 -0.154691606760025
1.41418159287781E-16 0 -1
3.14025592803955 -0.390583992004395 -0.154691606760025
3.14025592803955 -0.328083992004395 -0.154691606760025
3.14025592803955 -0.328083992004395 8.09432411193848
1 0 -5.38354178746766E-17
3.14025592803955 -0.328083992004395 8.09432411193848
3.14025592803955 -0.390583992004395 8.09432411193848
3.14025592803955 -0.390583992004395 -0.154691606760025
1 0 -5.38354178746766E-17
0.0729166641831398 0.171833992004395 7.69849061965942
0.0729166641831398 0.171833992004395 0.241141736507416
2.74442267417908 0.171833992004395 0.241141736507416
0 -1 0
2.74442267417908 0.171833992004395 0.241141736507416
2.74442267417908 0.171833992004395 7.69849061965942
0.0729166641831398 0.171833992004395 7.69849061965942
0 -1 0
2.74442267417908 0.213500648736954 0.241141736507416
0.0729166641831398 0.213500648736954 0.241141736507416
0.0729166641831398 0.213500648736954 7.69849061965942
0 1 0
0.0729166641831398 0.213500648736954 7.69849061965942
2.74442267417908 0.213500648736954 7.69849061965942
2.74442267417908 0.213500648736954 0.241141736507416
0 1 0
2.74442267417908 0.171833992004395 7.69849061965942
2.74442267417908 0.213500648736954 7.69849061965942
0.0729166641831398 0.213500648736954 7.69849061965942
0 0 1
0.0729166641831398 0.213500648736954 7.69849061965942
0.0729166641831398 0.171833992004395 7.69849061965942
2.74442267417908 0.171833992004395 7.69849061965942
0 0 1
0.0729166641831398 0.171833992004395 7.69849061965942
0.0729166641831398 0.213500648736954 7.69849061965942
0.0729166641831398 0.213500648736954 0.241141736507416
-1 0 0
0.0729166641831398 0.213500648736954 0.241141736507416
0.0729166641831398 0.171833992004395 0.241141736507416
0.0729166641831398 0.171833992004395 7.69849061965942
-1 0 0
0.0729166641831398 0.171833992004395 0.241141736507416
0.0729166641831398 0.213500648736954 0.241141736507416
2.74442267417908 0.213500648736954 0.241141736507416
1.66231790442172E-16 0 -1
2.74442267417908 0.213500648736954 0.241141736507416
2.74442267417908 0.171833992004395 0.241141736507416
0.0729166641831398 0.171833992004395 0.241141736507416
1.66231790442172E-16 0 -1
2.74442267417908 0.171833992004395 0.241141736507416
2.74442267417908 0.213500648736954 0.241141736507416
2.74442267417908 0.213500648736954 7.69849061965942
1 0 0
2.74442267417908 0.213500648736954 7.69849061965942
2.74442267417908 0.171833992004395 7.69849061965942
2.74442267417908 0.171833992004395 0.241141736507416
1 0 0
-0.0729166641831398 0.265583992004395 7.84432411193848
0.0729166641831398 0.265583992004395 7.69849061965942
0.0729166641831398 0.265583992004395 0.241141736507416
0 1 0
0.0729166641831398 0.265583992004395 7.69849061965942
-0.0729166641831398 0.265583992004395 7.84432411193848
2.74442267417908 0.265583992004395 7.69849061965942
0 1 0
-0.0729166641831398 0.265583992004395 0.0953084006905556
0.0729166641831398 0.265583992004395 0.241141736507416
2.74442267417908 0.265583992004395 0.241141736507416
0 1 0
0.0729166641831398 0.265583992004395 0.241141736507416
-0.0729166641831398 0.265583992004395 0.0953084006905556
-0.0729166641831398 0.265583992004395 7.84432411193848
0 1 0
2.74442267417908 0.265583992004395 7.69849061965942
2.89025592803955 0.265583992004395 7.84432411193848
2.74442267417908 0.265583992004395 0.241141736507416
0 1 0
2.89025592803955 0.265583992004395 7.84432411193848
2.74442267417908 0.265583992004395 7.69849061965942
-0.0729166641831398 0.265583992004395 7.84432411193848
0 1 0
2.74442267417908 0.265583992004395 0.241141736507416
2.89025592803955 0.265583992004395 0.0953084006905556
-0.0729166641831398 0.265583992004395 0.0953084006905556
0 1 0
2.89025592803955 0.265583992004395 0.0953084006905556
2.74442267417908 0.265583992004395 0.241141736507416
2.89025592803955 0.265583992004395 7.84432411193848
0 1 0
2.89025592803955 0.119750656187534 7.84432411193848
2.74442267417908 0.119750656187534 7.69849061965942
2.74442267417908 0.119750656187534 0.241141736507416
0 -1 0
2.74442267417908 0.119750656187534 7.69849061965942
2.89025592803955 0.119750656187534 7.84432411193848
0.0729166641831398 0.119750656187534 7.69849061965942
0 -1 0
2.89025592803955 0.119750656187534 0.0953084006905556
2.74442267417908 0.119750656187534 0.241141736507416
0.0729166641831398 0.119750656187534 0.241141736507416
0 -1 0
2.74442267417908 0.119750656187534 0.241141736507416
2.89025592803955 0.119750656187534 0.0953084006905556
2.89025592803955 0.119750656187534 7.84432411193848
0 -1 0
0.0729166641831398 0.119750656187534 7.69849061965942
-0.0729166641831398 0.119750656187534 7.84432411193848
0.0729166641831398 0.119750656187534 0.241141736507416
0 -1 0
-0.0729166641831398 0.119750656187534 7.84432411193848
0.0729166641831398 0.119750656187534 7.69849061965942
2.89025592803955 0.119750656187534 7.84432411193848
0 -1 0
0.0729166641831398 0.119750656187534 0.241141736507416
-0.0729166641831398 0.119750656187534 0.0953084006905556
2.89025592803955 0.119750656187534 0.0953084006905556
0 -1 0
-0.0729166641831398 0.119750656187534 0.0953084006905556
0.0729166641831398 0.119750656187534 0.241141736507416
-0.0729166641831398 0.119750656187534 7.84432411193848
0 -1 0
-0.0729166641831398 0.265583992004395 7.84432411193848
-0.0729166641831398 0.119750656187534 7.84432411193848
2.89025592803955 0.119750656187534 7.84432411193848
0 0 1
2.89025592803955 0.119750656187534 7.84432411193848
2.89025592803955 0.265583992004395 7.84432411193848
-0.0729166641831398 0.265583992004395 7.84432411193848
0 0 1
2.89025592803955 0.265583992004395 7.84432411193848
2.89025592803955 0.119750656187534 7.84432411193848
2.89025592803955 0.119750656187534 0.0953084006905556
1 0 0
2.89025592803955 0.119750656187534 0.0953084006905556
2.89025592803955 0.265583992004395 0.0953084006905556
2.89025592803955 0.265583992004395 7.84432411193848
1 0 0
2.89025592803955 0.265583992004395 0.0953084006905556
2.89025592803955 0.119750656187534 0.0953084006905556
-0.0729166641831398 0.119750656187534 0.0953084006905556
0 0 -1
-0.0729166641831398 0.119750656187534 0.0953084006905556
-0.0729166641831398 0.265583992004395 0.0953084006905556
2.89025592803955 0.265583992004395 0.0953084006905556
0 0 -1
-0.0729166641831398 0.265583992004395 0.0953084006905556
-0.0729166641831398 0.119750656187534 0.0953084006905556
-0.0729166641831398 0.119750656187534 7.84432411193848
-1 0 0
-0.0729166641831398 0.119750656187534 7.84432411193848
-0.0729166641831398 0.265583992004395 7.84432411193848
-0.0729166641831398 0.265583992004395 0.0953084006905556
-1 0 0
0.0729166641831398 0.265583992004395 7.69849061965942
0.0729166641831398 0.119750656187534 7.69849061965942
0.0729166641831398 0.119750656187534 0.241141736507416
1 0 0
0.0729166641831398 0.119750656187534 0.241141736507416
0.0729166641831398 0.265583992004395 0.241141736507416
0.0729166641831398 0.265583992004395 7.69849061965942
1 0 0
0.0729166641831398 0.265583992004395 0.241141736507416
0.0729166641831398 0.119750656187534 0.241141736507416
2.74442267417908 0.119750656187534 0.241141736507416
1.66231790442172E-16 0 1
2.74442267417908 0.119750656187534 0.241141736507416
2.74442267417908 0.265583992004395 0.241141736507416
0.0729166641831398 0.265583992004395 0.241141736507416
1.66231790442172E-16 0 1
2.74442267417908 0.265583992004395 0.241141736507416
2.74442267417908 0.119750656187534 0.241141736507416
2.74442267417908 0.119750656187534 7.69849061965942
-1 0 0
2.74442267417908 0.119750656187534 7.69849061965942
2.74442267417908 0.265583992004395 7.69849061965942
2.74442267417908 0.265583992004395 0.241141736507416
-1 0 0
2.74442267417908 0.265583992004395 7.69849061965942
2.74442267417908 0.119750656187534 7.69849061965942
0.0729166641831398 0.119750656187534 7.69849061965942
0 0 -1
0.0729166641831398 0.119750656187534 7.69849061965942
0.0729166641831398 0.265583992004395 7.69849061965942
2.74442267417908 0.265583992004395 7.69849061965942
0 0 -1
-2.95275592803955 -0.0260826777666807 7.90682411193848
-2.84858918190002 -0.0260826777666807 7.80265760421753
-2.84858918190002 -0.0260826777666807 0.136975064873695
0 1 0
-2.84858918190002 -0.0260826777666807 7.80265760421753
-2.95275592803955 -0.0260826777666807 7.90682411193848
2.84858918190002 -0.0260826777666807 7.80265760421753
0 1 0
-2.95275592803955 -0.0260826777666807 0.0328084006905556
-2.84858918190002 -0.0260826777666807 0.136975064873695
2.84858918190002 -0.0260826777666807 0.136975064873695
0 1 0
-2.84858918190002 -0.0260826777666807 0.136975064873695
-2.95275592803955 -0.0260826777666807 0.0328084006905556
-2.95275592803955 -0.0260826777666807 7.90682411193848
0 1 0
2.84858918190002 -0.0260826777666807 7.80265760421753
2.95275592803955 -0.0260826777666807 7.90682411193848
2.84858918190002 -0.0260826777666807 0.136975064873695
0 1 0
2.95275592803955 -0.0260826777666807 7.90682411193848
2.84858918190002 -0.0260826777666807 7.80265760421753
-2.95275592803955 -0.0260826777666807 7.90682411193848
0 1 0
2.84858918190002 -0.0260826777666807 0.136975064873695
2.95275592803955 -0.0260826777666807 0.0328084006905556
-2.95275592803955 -0.0260826777666807 0.0328084006905556
0 1 0
2.95275592803955 -0.0260826777666807 0.0328084006905556
2.84858918190002 -0.0260826777666807 0.136975064873695
2.95275592803955 -0.0260826777666807 7.90682411193848
0 1 0
2.95275592803955 -0.328083992004395 7.90682411193848
2.84858918190002 -0.328083992004395 7.80265760421753
2.84858918190002 -0.328083992004395 0.136975064873695
0 -1 0
2.84858918190002 -0.328083992004395 7.80265760421753
2.95275592803955 -0.328083992004395 7.90682411193848
-2.84858918190002 -0.328083992004395 7.80265760421753
0 -1 0
2.95275592803955 -0.328083992004395 0.0328084006905556
2.84858918190002 -0.328083992004395 0.136975064873695
-2.84858918190002 -0.328083992004395 0.136975064873695
0 -1 0
2.84858918190002 -0.328083992004395 0.136975064873695
2.95275592803955 -0.328083992004395 0.0328084006905556
2.95275592803955 -0.328083992004395 7.90682411193848
0 -1 0
-2.84858918190002 -0.328083992004395 7.80265760421753
-2.95275592803955 -0.328083992004395 7.90682411193848
-2.84858918190002 -0.328083992004395 0.136975064873695
0 -1 0
-2.95275592803955 -0.328083992004395 7.90682411193848
-2.84858918190002 -0.328083992004395 7.80265760421753
2.95275592803955 -0.328083992004395 7.90682411193848
0 -1 0
-2.84858918190002 -0.328083992004395 0.136975064873695
-2.95275592803955 -0.328083992004395 0.0328084006905556
2.95275592803955 -0.328083992004395 0.0328084006905556
0 -1 0
-2.95275592803955 -0.328083992004395 0.0328084006905556
-2.84858918190002 -0.328083992004395 0.136975064873695
-2.95275592803955 -0.328083992004395 7.90682411193848
0 -1 0
-2.95275592803955 -0.0260826777666807 7.90682411193848
-2.95275592803955 -0.328083992004395 7.90682411193848
2.95275592803955 -0.328083992004395 7.90682411193848
0 0 1
2.95275592803955 -0.328083992004395 7.90682411193848
2.95275592803955 -0.0260826777666807 7.90682411193848
-2.95275592803955 -0.0260826777666807 7.90682411193848
0 0 1
2.95275592803955 -0.0260826777666807 7.90682411193848
2.95275592803955 -0.328083992004395 7.90682411193848
2.95275592803955 -0.328083992004395 0.0328084006905556
1 0 0
2.95275592803955 -0.328083992004395 0.0328084006905556
2.95275592803955 -0.0260826777666807 0.0328084006905556
2.95275592803955 -0.0260826777666807 7.90682411193848
1 0 0
2.95275592803955 -0.0260826777666807 0.0328084006905556
2.95275592803955 -0.328083992004395 0.0328084006905556
-2.95275592803955 -0.328083992004395 0.0328084006905556
0 0 -1
-2.95275592803955 -0.328083992004395 0.0328084006905556
-2.95275592803955 -0.0260826777666807 0.0328084006905556
2.95275592803955 -0.0260826777666807 0.0328084006905556
0 0 -1
-2.95275592803955 -0.0260826777666807 0.0328084006905556
-2.95275592803955 -0.328083992004395 0.0328084006905556
-2.95275592803955 -0.328083992004395 7.90682411193848
-1 0 0
-2.95275592803955 -0.328083992004395 7.90682411193848
-2.95275592803955 -0.0260826777666807 7.90682411193848
-2.95275592803955 -0.0260826777666807 0.0328084006905556
-1 0 0
-2.84858918190002 -0.0260826777666807 7.80265760421753
-2.84858918190002 -0.328083992004395 7.80265760421753
-2.84858918190002 -0.328083992004395 0.136975064873695
1 0 0
-2.84858918190002 -0.328083992004395 0.136975064873695
-2.84858918190002 -0.0260826777666807 0.136975064873695
-2.84858918190002 -0.0260826777666807 7.80265760421753
1 0 0
-2.84858918190002 -0.0260826777666807 0.136975064873695
-2.84858918190002 -0.328083992004395 0.136975064873695
2.84858918190002 -0.328083992004395 0.136975064873695
0 0 1
2.84858918190002 -0.328083992004395 0.136975064873695
2.84858918190002 -0.0260826777666807 0.136975064873695
-2.84858918190002 -0.0260826777666807 0.136975064873695
0 0 1
2.84858918190002 -0.0260826777666807 0.136975064873695
2.84858918190002 -0.328083992004395 0.136975064873695
2.84858918190002 -0.328083992004395 7.80265760421753
-1 0 0
2.84858918190002 -0.328083992004395 7.80265760421753
2.84858918190002 -0.0260826777666807 7.80265760421753
2.84858918190002 -0.0260826777666807 0.136975064873695
-1 0 0
2.84858918190002 -0.0260826777666807 7.80265760421753
2.84858918190002 -0.328083992004395 7.80265760421753
-2.84858918190002 -0.328083992004395 7.80265760421753
0 0 -1
-2.84858918190002 -0.328083992004395 7.80265760421753
-2.84858918190002 -0.0260826777666807 7.80265760421753
2.84858918190002 -0.0260826777666807 7.80265760421753
0 0 -1
2.95275592803955 -0.0260826777666807 7.90682411193848
2.89025592803955 -0.0260826777666807 7.84432411193848
2.89025592803955 -0.0260826777666807 0.0953084006905556
0 -1 0
2.89025592803955 -0.0260826777666807 7.84432411193848
2.95275592803955 -0.0260826777666807 7.90682411193848
-2.89025592803955 -0.0260826777666807 7.84432411193848
0 -1 0
2.95275592803955 -0.0260826777666807 0.0328084006905556
2.89025592803955 -0.0260826777666807 0.0953084006905556
-2.89025592803955 -0.0260826777666807 0.0953084006905556
0 -1 0
2.89025592803955 -0.0260826777666807 0.0953084006905556
2.95275592803955 -0.0260826777666807 0.0328084006905556
2.95275592803955 -0.0260826777666807 7.90682411193848
0 -1 0
-2.89025592803955 -0.0260826777666807 7.84432411193848
-2.95275592803955 -0.0260826777666807 7.90682411193848
-2.89025592803955 -0.0260826777666807 0.0953084006905556
0 -1 0
-2.95275592803955 -0.0260826777666807 7.90682411193848
-2.89025592803955 -0.0260826777666807 7.84432411193848
2.95275592803955 -0.0260826777666807 7.90682411193848
0 -1 0
-2.89025592803955 -0.0260826777666807 0.0953084006905556
-2.95275592803955 -0.0260826777666807 0.0328084006905556
2.95275592803955 -0.0260826777666807 0.0328084006905556
0 -1 0
-2.95275592803955 -0.0260826777666807 0.0328084006905556
-2.89025592803955 -0.0260826777666807 0.0953084006905556
-2.95275592803955 -0.0260826777666807 7.90682411193848
0 -1 0
-2.95275592803955 0.328083992004395 7.90682411193848
-2.89025592803955 0.328083992004395 7.84432411193848
-2.89025592803955 0.328083992004395 0.0953084006905556
0 1 0
-2.89025592803955 0.328083992004395 7.84432411193848
-2.95275592803955 0.328083992004395 7.90682411193848
2.89025592803955 0.328083992004395 7.84432411193848
0 1 0
-2.95275592803955 0.328083992004395 0.0328084006905556
-2.89025592803955 0.328083992004395 0.0953084006905556
2.89025592803955 0.328083992004395 0.0953084006905556
0 1 0
-2.89025592803955 0.328083992004395 0.0953084006905556
-2.95275592803955 0.328083992004395 0.0328084006905556
-2.95275592803955 0.328083992004395 7.90682411193848
0 1 0
2.89025592803955 0.328083992004395 7.84432411193848
2.95275592803955 0.328083992004395 7.90682411193848
2.89025592803955 0.328083992004395 0.0953084006905556
0 1 0
2.95275592803955 0.328083992004395 7.90682411193848
2.89025592803955 0.328083992004395 7.84432411193848
-2.95275592803955 0.328083992004395 7.90682411193848
0 1 0
2.89025592803955 0.328083992004395 0.0953084006905556
2.95275592803955 0.328083992004395 0.0328084006905556
-2.95275592803955 0.328083992004395 0.0328084006905556
0 1 0
2.95275592803955 0.328083992004395 0.0328084006905556
2.89025592803955 0.328083992004395 0.0953084006905556
2.95275592803955 0.328083992004395 7.90682411193848
0 1 0
2.95275592803955 -0.0260826777666807 7.90682411193848
2.95275592803955 0.328083992004395 7.90682411193848
-2.95275592803955 0.328083992004395 7.90682411193848
0 0 1
-2.95275592803955 0.328083992004395 7.90682411193848
-2.95275592803955 -0.0260826777666807 7.90682411193848
2.95275592803955 -0.0260826777666807 7.90682411193848
0 0 1
-2.95275592803955 -0.0260826777666807 7.90682411193848
-2.95275592803955 0.328083992004395 7.90682411193848
-2.95275592803955 0.328083992004395 0.0328084006905556
-1 0 0
-2.95275592803955 0.328083992004395 0.0328084006905556
-2.95275592803955 -0.0260826777666807 0.0328084006905556
-2.95275592803955 -0.0260826777666807 7.90682411193848
-1 0 0
-2.95275592803955 -0.0260826777666807 0.0328084006905556
-2.95275592803955 0.328083992004395 0.0328084006905556
2.95275592803955 0.328083992004395 0.0328084006905556
0 0 -1
2.95275592803955 0.328083992004395 0.0328084006905556
2.95275592803955 -0.0260826777666807 0.0328084006905556
-2.95275592803955 -0.0260826777666807 0.0328084006905556
0 0 -1
2.95275592803955 -0.0260826777666807 0.0328084006905556
2.95275592803955 0.328083992004395 0.0328084006905556
2.95275592803955 0.328083992004395 7.90682411193848
1 0 -5.63993296509578E-17
2.95275592803955 0.328083992004395 7.90682411193848
2.95275592803955 -0.0260826777666807 7.90682411193848
2.95275592803955 -0.0260826777666807 0.0328084006905556
1 0 -5.63993296509578E-17
2.89025592803955 -0.0260826777666807 7.84432411193848
2.89025592803955 0.328083992004395 7.84432411193848
2.89025592803955 0.328083992004395 0.0953084006905556
-1 0 0
2.89025592803955 0.328083992004395 0.0953084006905556
2.89025592803955 -0.0260826777666807 0.0953084006905556
2.89025592803955 -0.0260826777666807 7.84432411193848
-1 0 0
2.89025592803955 -0.0260826777666807 0.0953084006905556
2.89025592803955 0.328083992004395 0.0953084006905556
-2.89025592803955 0.328083992004395 0.0953084006905556
0 0 1
-2.89025592803955 0.328083992004395 0.0953084006905556
-2.89025592803955 -0.0260826777666807 0.0953084006905556
2.89025592803955 -0.0260826777666807 0.0953084006905556
0 0 1
-2.89025592803955 -0.0260826777666807 0.0953084006905556
-2.89025592803955 0.328083992004395 0.0953084006905556
-2.89025592803955 0.328083992004395 7.84432411193848
1 0 0
-2.89025592803955 0.328083992004395 7.84432411193848
-2.89025592803955 -0.0260826777666807 7.84432411193848
-2.89025592803955 -0.0260826777666807 0.0953084006905556
1 0 0
-2.89025592803955 -0.0260826777666807 7.84432411193848
-2.89025592803955 0.328083992004395 7.84432411193848
2.89025592803955 0.328083992004395 7.84432411193848
0 0 -1
2.89025592803955 0.328083992004395 7.84432411193848
2.89025592803955 -0.0260826777666807 7.84432411193848
-2.89025592803955 -0.0260826777666807 7.84432411193848
0 0 -1
[HEADER]
430977,1830 x 1220mm 3,6
266.704209156767 128.477623669886 13.1233595800525
1
-1 3.18524774704407E-15 0
-3.18524774704407E-15 -1 0
0 0 1
[HEADER]
431001,1830 x 1220mm 3,6
273.347909944168 128.477623669886 13.1233595800525
1
-1 3.18524774704407E-15 0
-3.18524774704407E-15 -1 0
0 0 1
[HEADER]
431042,1830 x 1220mm 3,6
280.893841702698 128.477623669886 13.1233595800525
1
-1 3.18524774704407E-15 0
-3.18524774704407E-15 -1 0
0 0 1
[HEADER]
431080,1830 x 1220mm 3,6
287.455521492725 128.477623669886 13.1233595800525
1
-1 3.18524774704407E-15 0
-3.18524774704407E-15 -1 0
0 0 1
[HEADER]
431110,1830 x 1220mm 3,6
294.017201282751 128.477623669886 13.1233595800525
1
-1 3.18524774704407E-15 0
-3.18524774704407E-15 -1 0
0 0 1
[HEADER]
431149,1830 x 1220mm 3,6
300.906965062279 128.477623669886 13.1233595800525
1
-1 3.18524774704407E-15 0
-3.18524774704407E-15 -1 0
0 0 1
[HEADER]
431187,1830 x 1220mm 3,6
307.468644852305 128.477623669886 13.1233595800525
1
-1 3.18524774704407E-15 0
-3.18524774704407E-15 -1 0
0 0 1
[HEADER]
431217,1830 x 1220mm 3,6
313.661230154142 128.477623669886 13.1233595800525
1
-1 3.18524774704407E-15 0
-3.18524774704407E-15 -1 0
0 0 1
[HEADER]
431281,1830 x 1220mm 3,6
255.877437503224 124.212531806369 13.1233595800525
1
1.83019796497081E-15 1 0
-1 1.83019796497081E-15 0
0 0 1
[HEADER]
431309,1830 x 1220mm 3,6
255.877437503224 117.650852016343 13.1233595800525
1
1.83019796497081E-15 1 0
-1 1.83019796497081E-15 0
0 0 1
[HEADER]
431343,1830 x 1220mm 3,6
255.877437503224 111.089172226317 13.1233595800525
1
-1.83019796497081E-15 -1 0
1 -1.83019796497081E-15 0
0 0 1
[HEADER]
431376,1830 x 1220mm 3,6
255.877437503224 104.52749243629 13.1233595800525
1
-1.83019796497081E-15 -1 0
1 -1.83019796497081E-15 0
0 0 1
[HEADER]
431405,1830 x 1220mm 3,6
255.877437503224 97.9658126462642 13.1233595800525
1
1.83019796497081E-15 1 0
-1 1.83019796497081E-15 0
0 0 1
[HEADER]
431432,1830 x 1220mm 3,6
255.877437503224 91.4041328562379 13.1233595800525
1
-1.83019796497081E-15 -1 0
1 -1.83019796497081E-15 0
0 0 1
[HEADER]
431459,1830 x 1220mm 3,6
255.877437503224 84.8588572656863 13.1233595800525
1
-1.83019796497081E-15 -1 0
1 -1.83019796497081E-15 0
0 0 1
[HEADER]
431491,1830 x 1220mm 3,6
259.486361387738 81.2499333811719 13.1233595800525
1
-1 3.18524774704407E-15 0
-3.18524774704407E-15 -1 0
0 0 1
[HEADER]
431516,1830 x 1220mm 3,6
266.048041177764 81.2499333811718 13.1233595800525
1
-1 3.18524774704407E-15 0
-3.18524774704407E-15 -1 0
0 0 1
[HEADER]
431551,1830 x 1220mm 3,6
272.609720967791 81.2499333811718 13.1233595800525
1
-1 3.18524774704407E-15 0
-3.18524774704407E-15 -1 0
0 0 1
[HEADER]
431574,1830 x 1220mm 3,6
281.139904694825 81.2499333811718 13.1233595800525
1
-1 3.18524774704407E-15 0
-3.18524774704407E-15 -1 0
0 0 1
[HEADER]
431610,1830 x 1220mm 3,6
287.701584484851 81.2499333811718 13.1233595800525
1
-1 3.18524774704407E-15 0
-3.18524774704407E-15 -1 0
0 0 1
[HEADER]
431632,1830 x 1220mm 3,6
294.263264274877 81.2499333811717 13.1233595800525
1
-1 3.18524774704407E-15 0
-3.18524774704407E-15 -1 0
0 0 1
[HEADER]
431651,1830 x 1220mm 3,6
300.824944064903 81.2499333811717 13.1233595800525
1
-1 3.18524774704407E-15 0
-3.18524774704407E-15 -1 0
0 0 1
[HEADER]
431676,1830 x 1220mm 3,6
307.714707844431 81.2499333811717 13.1233595800525
1
-1 3.18524774704407E-15 0
-3.18524774704407E-15 -1 0
0 0 1
[HEADER]
431711,1830 x 1220mm 3,6
314.604471623959 81.2499333811717 13.1233595800525
1
-1 3.18524774704407E-15 0
-3.18524774704407E-15 -1 0
0 0 1
[HEADER]
431745,1830 x 1220mm 3,6
321.166151413985 81.2499333811717 13.1233595800525
1
-1 3.18524774704407E-15 0
-3.18524774704407E-15 -1 0
0 0 1
[HEADER]
431769,1830 x 1220mm 3,6
327.727831204011 81.2499333811716 13.1233595800525
1
-1 3.18524774704407E-15 0
-3.18524774704407E-15 -1 0
0 0 1
[HEADER]
431787,1830 x 1220mm 3,6
334.730349973391 81.2499333811716 13.1233595800525
1
-1 3.18524774704407E-15 0
-3.18524774704407E-15 -1 0
0 0 1
[HEADER]
431816,1830 x 1220mm 3,6
366.7698259557 81.2499333811715 13.1233595800525
1
1 -3.18524774704407E-15 0
3.18524774704407E-15 1 0
0 0 1
[HEADER]
431853,1830 x 1220mm 3,6
373.331505745727 81.2499333811715 13.1233595800525
1
-1 3.18524774704407E-15 0
-3.18524774704407E-15 -1 0
0 0 1
[HEADER]
431884,1830 x 1220mm 3,6
379.654399304464 81.2499333811715 13.1233595800525
1
1 -3.18524774704407E-15 0
3.18524774704407E-15 1 0
0 0 1
[HEADER]
431909,1830 x 1220mm 3,6
389.914300737217 81.2499333811714 13.1233595800525
1
1 -3.18524774704407E-15 0
3.18524774704407E-15 1 0
0 0 1
[HEADER]
431978,1830 x 1220mm 3,6
396.475980527243 81.2499333811714 13.1233595800525
1
-1 3.18524774704407E-15 0
-3.18524774704407E-15 -1 0
0 0 1
[HEADER]
432011,1830 x 1220mm 3,6
402.973894196136 81.2499333811714 13.1233595800525
1
-1 3.18524774704407E-15 0
-3.18524774704407E-15 -1 0
0 0 1
[HEADER]
432052,1830 x 1220mm 3,6
407.567070049154 85.8431092341898 13.1233595800525
1
-1.20360361714304E-15 -1 0
1 -1.20360361714304E-15 0
0 0 1
[HEADER]
432091,1830 x 1220mm 3,6
407.567070049154 92.404789024216 13.1233595800525
1
-1.20360361714304E-15 -1 0
1 -1.20360361714304E-15 0
0 0 1
[HEADER]
432114,1830 x 1220mm 3,6
407.567070049154 99.2125318063684 13.1233595800525
1
1.20360361714304E-15 1 0
-1 1.20360361714304E-15 0
0 0 1
[HEADER]
432147,1830 x 1220mm 3,6
407.567070049154 107.742715533403 13.1233595800525
1
1.20360361714304E-15 1 0
-1 1.20360361714304E-15 0
0 0 1
[HEADER]
432185,1830 x 1220mm 3,6
407.567070049154 114.304395323429 13.1233595800525
1
1.20360361714304E-15 1 0
-1 1.20360361714304E-15 0
0 0 1
[HEADER]
432224,1830 x 1220mm 3,6
407.567070049154 121.391009496657 13.1233595800525
1
-1.20360361714304E-15 -1 0
1 -1.20360361714304E-15 0
0 0 1
[HEADER]
432258,1830 x 1220mm 3,6
402.645810206634 128.477623669886 13.1233595800525
1
-1 3.18524774704407E-15 0
-3.18524774704407E-15 -1 0
0 0 1
[HEADER]
432279,1830 x 1220mm 3,6
395.756046427107 128.477623669886 13.1233595800525
1
1 -3.18524774704407E-15 0
3.18524774704407E-15 1 0
0 0 1
[HEADER]
432312,1830 x 1220mm 3,6
389.194366637081 128.477623669886 13.1233595800525
1
1 -3.18524774704407E-15 0
3.18524774704407E-15 1 0
0 0 1
[HEADER]
432357,1830 x 1220mm 3,6
382.304602857553 128.477623669886 13.1233595800525
1
1 -3.18524774704407E-15 0
3.18524774704407E-15 1 0
0 0 1
[HEADER]
432394,1830 x 1220mm 3,6
375.414839078025 128.477623669886 13.1233595800525
1
1 -3.18524774704407E-15 0
3.18524774704407E-15 1 0
0 0 1
[HEADER]
432434,1830 x 1220mm 3,6
368.525075298498 128.477623669886 13.1233595800525
1
1 -3.18524774704407E-15 0
3.18524774704407E-15 1 0
0 0 1
[HEADER]
432461,1830 x 1220mm 3,6
361.63531151897 128.477623669886 13.1233595800525
1
1 -3.18524774704407E-15 0
3.18524774704407E-15 1 0
0 0 1
[HEADER]
432491,1830 x 1220mm 3,6
355.073631728944 128.477623669886 13.1233595800525
1
1 -3.18524774704407E-15 0
3.18524774704407E-15 1 0
0 0 1
[HEADER]
432540,1830 x 1220mm 3,6
323.790823329996 128.477623669886 13.1233595800525
1
1 -3.18524774704407E-15 0
3.18524774704407E-15 1 0
0 0 1
[HEADER]
432698,1830 x 1220mm 3,6
336.89777871057 128.477623669886 13.1233595800525
1
1 -3.18524774704407E-15 0
3.18524774704407E-15 1 0
0 0 1
[LEVEL]
B1F BIMS plan
[HEADER]
353745,1830 x 1220mm,902
402.859064871873 303.16594387986 -11.7782152230971
1
-1.49877803362078E-15 -1 0
1 -1.49877803362078E-15 0
0 0 1
-2.29166674613953 0.0676673203706741 7.69849061965942
-0.0729166641831398 0.0676673203706741 7.69849061965942
-0.0729166641831398 0.0676673203706741 0.241141736507416
0 1 0
-0.0729166641831398 0.0676673203706741 0.241141736507416
-2.29166674613953 0.0676673203706741 0.241141736507416
-2.29166674613953 0.0676673203706741 7.69849061965942
0 1 0
-0.0729166641831398 0.0260006561875343 0.241141736507416
-0.0729166641831398 0.0260006561875343 7.69849061965942
-2.29166674613953 0.0260006561875343 7.69849061965942
0 -1 0
-2.29166674613953 0.0260006561875343 7.69849061965942
-2.29166674613953 0.0260006561875343 0.241141736507416
-0.0729166641831398 0.0260006561875343 0.241141736507416
0 -1 0
-2.29166674613953 0.0676673203706741 0.241141736507416
-2.29166674613953 0.0260006561875343 0.241141736507416
-2.29166674613953 0.0260006561875343 7.69849061965942
-1 0 0
-2.29166674613953 0.0260006561875343 7.69849061965942
-2.29166674613953 0.0676673203706741 7.69849061965942
-2.29166674613953 0.0676673203706741 0.241141736507416
-1 0 0
-2.29166674613953 0.0676673203706741 7.69849061965942
-2.29166674613953 0.0260006561875343 7.69849061965942
-0.0729166641831398 0.0260006561875343 7.69849061965942
0 0 1
-0.0729166641831398 0.0260006561875343 7.69849061965942
-0.0729166641831398 0.0676673203706741 7.69849061965942
-2.29166674613953 0.0676673203706741 7.69849061965942
0 0 1
-0.0729166641831398 0.0676673203706741 7.69849061965942
-0.0729166641831398 0.0260006561875343 7.69849061965942
-0.0729166641831398 0.0260006561875343 0.241141736507416
1 0 0
-0.0729166641831398 0.0260006561875343 0.241141736507416
-0.0729166641831398 0.0676673203706741 0.241141736507416
-0.0729166641831398 0.0676673203706741 7.69849061965942
1 0 0
-0.0729166641831398 0.0676673203706741 0.241141736507416
-0.0729166641831398 0.0260006561875343 0.241141736507416
-2.29166674613953 0.0260006561875343 0.241141736507416
0 0 -1
-2.29166674613953 0.0260006561875343 0.241141736507416
-2.29166674613953 0.0676673203706741 0.241141736507416
-0.0729166641831398 0.0676673203706741 0.241141736507416
0 0 -1
-2.4375 0.119750656187534 7.84432411193848
-2.29166674613953 0.119750656187534 7.69849061965942
-2.29166674613953 0.119750656187534 0.241141736507416
0 1 0
-2.29166674613953 0.119750656187534 7.69849061965942
-2.4375 0.119750656187534 7.84432411193848
-0.0729166641831398 0.119750656187534 7.69849061965942
0 1 0
-2.4375 0.119750656187534 0.0953084006905556
-2.29166674613953 0.119750656187534 0.241141736507416
-0.0729166641831398 0.119750656187534 0.241141736507416
0 1 0
-2.29166674613953 0.119750656187534 0.241141736507416
-2.4375 0.119750656187534 0.0953084006905556
-2.4375 0.119750656187534 7.84432411193848
0 1 0
-0.0729166641831398 0.119750656187534 7.69849061965942
0.0729166641831398 0.119750656187534 7.84432411193848
-0.0729166641831398 0.119750656187534 0.241141736507416
0 1 0
0.0729166641831398 0.119750656187534 7.84432411193848
-0.0729166641831398 0.119750656187534 7.69849061965942
-2.4375 0.119750656187534 7.84432411193848
0 1 0
-0.0729166641831398 0.119750656187534 0.241141736507416
0.0729166641831398 0.119750656187534 0.0953084006905556
-2.4375 0.119750656187534 0.0953084006905556
0 1 0
0.0729166641831398 0.119750656187534 0.0953084006905556
-0.0729166641831398 0.119750656187534 0.241141736507416
0.0729166641831398 0.119750656187534 7.84432411193848
0 1 0
0.0729166641831398 -0.0260826777666807 7.84432411193848
-0.0729166641831398 -0.0260826777666807 7.69849061965942
-0.0729166641831398 -0.0260826777666807 0.241141736507416
0 -1 0
-0.0729166641831398 -0.0260826777666807 7.69849061965942
0.0729166641831398 -0.0260826777666807 7.84432411193848
-2.29166674613953 -0.0260826777666807 7.69849061965942
0 -1 0
0.0729166641831398 -0.0260826777666807 0.0953084006905556
-0.0729166641831398 -0.0260826777666807 0.241141736507416
-2.29166674613953 -0.0260826777666807 0.241141736507416
0 -1 0
-0.0729166641831398 -0.0260826777666807 0.241141736507416
0.0729166641831398 -0.0260826777666807 0.0953084006905556
0.0729166641831398 -0.0260826777666807 7.84432411193848
0 -1 0
-2.29166674613953 -0.0260826777666807 7.69849061965942
-2.4375 -0.0260826777666807 7.84432411193848
-2.29166674613953 -0.0260826777666807 0.241141736507416
0 -1 0
-2.4375 -0.0260826777666807 7.84432411193848
-2.29166674613953 -0.0260826777666807 7.69849061965942
0.0729166641831398 -0.0260826777666807 7.84432411193848
0 -1 0
-2.29166674613953 -0.0260826777666807 0.241141736507416
-2.4375 -0.0260826777666807 0.0953084006905556
0.0729166641831398 -0.0260826777666807 0.0953084006905556
0 -1 0
-2.4375 -0.0260826777666807 0.0953084006905556
-2.29166674613953 -0.0260826777666807 0.241141736507416
-2.4375 -0.0260826777666807 7.84432411193848
0 -1 0
-2.4375 0.119750656187534 7.84432411193848
-2.4375 -0.0260826777666807 7.84432411193848
0.0729166641831398 -0.0260826777666807 7.84432411193848
0 0 1
0.0729166641831398 -0.0260826777666807 7.84432411193848
0.0729166641831398 0.119750656187534 7.84432411193848
-2.4375 0.119750656187534 7.84432411193848
0 0 1
0.0729166641831398 0.119750656187534 7.84432411193848
0.0729166641831398 -0.0260826777666807 7.84432411193848
0.0729166641831398 -0.0260826777666807 0.0953084006905556
1 0 0
0.0729166641831398 -0.0260826777666807 0.0953084006905556
0.0729166641831398 0.119750656187534 0.0953084006905556
0.0729166641831398 0.119750656187534 7.84432411193848
1 0 0
0.0729166641831398 0.119750656187534 0.0953084006905556
0.0729166641831398 -0.0260826777666807 0.0953084006905556
-2.4375 -0.0260826777666807 0.0953084006905556
0 0 -1
-2.4375 -0.0260826777666807 0.0953084006905556
-2.4375 0.119750656187534 0.0953084006905556
0.0729166641831398 0.119750656187534 0.0953084006905556
0 0 -1
-2.4375 0.119750656187534 0.0953084006905556
-2.4375 -0.0260826777666807 0.0953084006905556
-2.4375 -0.0260826777666807 7.84432411193848
-1 0 0
-2.4375 -0.0260826777666807 7.84432411193848
-2.4375 0.119750656187534 7.84432411193848
-2.4375 0.119750656187534 0.0953084006905556
-1 0 0
-2.29166674613953 0.119750656187534 7.69849061965942
-2.29166674613953 -0.0260826777666807 7.69849061965942
-2.29166674613953 -0.0260826777666807 0.241141736507416
1 0 0
-2.29166674613953 -0.0260826777666807 0.241141736507416
-2.29166674613953 0.119750656187534 0.241141736507416
-2.29166674613953 0.119750656187534 7.69849061965942
1 0 0
-2.29166674613953 0.119750656187534 0.241141736507416
-2.29166674613953 -0.0260826777666807 0.241141736507416
-0.0729166641831398 -0.0260826777666807 0.241141736507416
-2.00152883312705E-16 0 1
-0.0729166641831398 -0.0260826777666807 0.241141736507416
-0.0729166641831398 0.119750656187534 0.241141736507416
-2.29166674613953 0.119750656187534 0.241141736507416
-2.00152883312705E-16 0 1
-0.0729166641831398 0.119750656187534 0.241141736507416
-0.0729166641831398 -0.0260826777666807 0.241141736507416
-0.0729166641831398 -0.0260826777666807 7.69849061965942
-1 0 0
-0.0729166641831398 -0.0260826777666807 7.69849061965942
-0.0729166641831398 0.119750656187534 7.69849061965942
-0.0729166641831398 0.119750656187534 0.241141736507416
-1 0 0
-0.0729166641831398 0.119750656187534 7.69849061965942
-0.0729166641831398 -0.0260826777666807 7.69849061965942
-2.29166674613953 -0.0260826777666807 7.69849061965942
0 0 -1
-2.29166674613953 -0.0260826777666807 7.69849061965942
-2.29166674613953 0.119750656187534 7.69849061965942
-0.0729166641831398 0.119750656187534 7.69849061965942
0 0 -1
2.72916674613953 0.432250648736954 0.0953084006905556
2.72916674613953 0.432250648736954 0.0328084006905556
-2.72916674613953 0.432250648736954 0.0328084006905556
0 1 0
-2.72916674613953 0.432250648736954 0.0328084006905556
-2.72916674613953 0.432250648736954 0.0953084006905556
2.72916674613953 0.432250648736954 0.0953084006905556
0 1 0
-2.72916674613953 0.328083992004395 0.0328084006905556
2.72916674613953 0.328083992004395 0.0328084006905556
2.72916674613953 0.328083992004395 0.0953084006905556
0 -1 0
2.72916674613953 0.328083992004395 0.0953084006905556
-2.72916674613953 0.328083992004395 0.0953084006905556
-2.72916674613953 0.328083992004395 0.0328084006905556
0 -1 0
-2.72916674613953 0.432250648736954 0.0953084006905556
-2.72916674613953 0.328083992004395 0.0953084006905556
2.72916674613953 0.328083992004395 0.0953084006905556
0 0 1
2.72916674613953 0.328083992004395 0.0953084006905556
2.72916674613953 0.432250648736954 0.0953084006905556
-2.72916674613953 0.432250648736954 0.0953084006905556
0 0 1
2.72916674613953 0.432250648736954 0.0953084006905556
2.72916674613953 0.328083992004395 0.0953084006905556
2.72916674613953 0.328083992004395 0.0328084006905556
1 0 0
2.72916674613953 0.328083992004395 0.0328084006905556
2.72916674613953 0.432250648736954 0.0328084006905556
2.72916674613953 0.432250648736954 0.0953084006905556
1 0 0
2.72916674613953 0.432250648736954 0.0328084006905556
2.72916674613953 0.328083992004395 0.0328084006905556
-2.72916674613953 0.328083992004395 0.0328084006905556
0 0 -1
-2.72916674613953 0.328083992004395 0.0328084006905556
-2.72916674613953 0.432250648736954 0.0328084006905556
2.72916674613953 0.432250648736954 0.0328084006905556
0 0 -1
-2.72916674613953 0.432250648736954 0.0328084006905556
-2.72916674613953 0.328083992004395 0.0328084006905556
-2.72916674613953 0.328083992004395 0.0953084006905556
-1 0 -7.10542735760393E-15
-2.72916674613953 0.328083992004395 0.0953084006905556
-2.72916674613953 0.432250648736954 0.0953084006905556
-2.72916674613953 0.432250648736954 0.0328084006905556
-1 0 -7.10542735760393E-15
2.72916674613953 0.390583992004395 8.13599109649658
2.4375 0.390583992004395 7.84432411193848
-2.4375 0.390583992004395 7.84432411193848
0 1 0
2.4375 0.390583992004395 7.84432411193848
2.72916674613953 0.390583992004395 8.13599109649658
2.72916674613953 0.390583992004395 0.0953084006905556
0 1 0
-2.72916674613953 0.390583992004395 8.13599109649658
-2.4375 0.390583992004395 7.84432411193848
-2.72916674613953 0.390583992004395 0.0953084006905556
0 1 0
-2.4375 0.390583992004395 7.84432411193848
-2.72916674613953 0.390583992004395 8.13599109649658
2.72916674613953 0.390583992004395 8.13599109649658
0 1 0
2.72916674613953 0.390583992004395 0.0953084006905556
2.4375 0.390583992004395 0.0953084006905556
2.4375 0.390583992004395 7.84432411193848
0 1 0
-2.4375 0.390583992004395 0.0953084006905556
-2.72916674613953 0.390583992004395 0.0953084006905556
-2.4375 0.390583992004395 7.84432411193848
0 1 0
2.4375 0.328083992004395 0.0953084006905556
2.72916674613953 0.328083992004395 0.0953084006905556
2.4375 0.328083992004395 7.84432411193848
0 -1 0
-2.72916674613953 0.328083992004395 0.0953084006905556
-2.4375 0.328083992004395 0.0953084006905556
-2.4375 0.328083992004395 7.84432411193848
0 -1 0
2.4375 0.328083992004395 7.84432411193848
2.72916674613953 0.328083992004395 8.13599109649658
-2.4375 0.328083992004395 7.84432411193848
0 -1 0
2.72916674613953 0.328083992004395 8.13599109649658
2.4375 0.328083992004395 7.84432411193848
2.72916674613953 0.328083992004395 0.0953084006905556
0 -1 0
-2.4375 0.328083992004395 7.84432411193848
-2.72916674613953 0.328083992004395 8.13599109649658
-2.72916674613953 0.328083992004395 0.0953084006905556
0 -1 0
-2.72916674613953 0.328083992004395 8.13599109649658
-2.4375 0.328083992004395 7.84432411193848
2.72916674613953 0.328083992004395 8.13599109649658
0 -1 0
-2.4375 0.390583992004395 7.84432411193848
-2.4375 0.328083992004395 7.84432411193848
-2.4375 0.328083992004395 0.0953084006905556
1 0 0
-2.4375 0.328083992004395 0.0953084006905556
-2.4375 0.390583992004395 0.0953084006905556
-2.4375 0.390583992004395 7.84432411193848
1 0 0
-2.4375 0.390583992004395 0.0953084006905556
-2.4375 0.328083992004395 0.0953084006905556
-2.72916674613953 0.328083992004395 0.0953084006905556
0 0 -1
-2.72916674613953 0.328083992004395 0.0953084006905556
-2.72916674613953 0.390583992004395 0.0953084006905556
-2.4375 0.390583992004395 0.0953084006905556
0 0 -1
-2.72916674613953 0.390583992004395 0.0953084006905556
-2.72916674613953 0.328083992004395 0.0953084006905556
-2.72916674613953 0.328083992004395 8.13599109649658
-1 0 0
-2.72916674613953 0.328083992004395 8.13599109649658
-2.72916674613953 0.390583992004395 8.13599109649658
-2.72916674613953 0.390583992004395 0.0953084006905556
-1 0 0
-2.72916674613953 0.390583992004395 8.13599109649658
-2.72916674613953 0.328083992004395 8.13599109649658
2.72916674613953 0.328083992004395 8.13599109649658
0 0 1
2.72916674613953 0.328083992004395 8.13599109649658
2.72916674613953 0.390583992004395 8.13599109649658
-2.72916674613953 0.390583992004395 8.13599109649658
0 0 1
2.72916674613953 0.390583992004395 8.13599109649658
2.72916674613953 0.328083992004395 8.13599109649658
2.72916674613953 0.328083992004395 0.0953084006905556
1 0 0
2.72916674613953 0.328083992004395 0.0953084006905556
2.72916674613953 0.390583992004395 0.0953084006905556
2.72916674613953 0.390583992004395 8.13599109649658
1 0 0
2.72916674613953 0.390583992004395 0.0953084006905556
2.72916674613953 0.328083992004395 0.0953084006905556
2.4375 0.328083992004395 0.0953084006905556
-3.04518315325769E-15 0 -1
2.4375 0.328083992004395 0.0953084006905556
2.4375 0.390583992004395 0.0953084006905556
2.72916674613953 0.390583992004395 0.0953084006905556
-3.04518315325769E-15 0 -1
2.4375 0.390583992004395 0.0953084006905556
2.4375 0.328083992004395 0.0953084006905556
2.4375 0.328083992004395 7.84432411193848
-1 0 0
2.4375 0.328083992004395 7.84432411193848
2.4375 0.390583992004395 7.84432411193848
2.4375 0.390583992004395 0.0953084006905556
-1 0 0
2.4375 0.390583992004395 7.84432411193848
2.4375 0.328083992004395 7.84432411193848
-2.4375 0.328083992004395 7.84432411193848
0 0 -1
-2.4375 0.328083992004395 7.84432411193848
-2.4375 0.390583992004395 7.84432411193848
2.4375 0.390583992004395 7.84432411193848
0 0 -1
-2.6875 -0.390583992004395 8.09432411193848
-2.39583325386047 -0.390583992004395 7.80265760421753
2.39583325386047 -0.390583992004395 7.80265760421753
0 -1 0
-2.39583325386047 -0.390583992004395 7.80265760421753
-2.6875 -0.390583992004395 8.09432411193848
-2.39583325386047 -0.390583992004395 0.136975064873695
0 -1 0
2.6875 -0.390583992004395 8.09432411193848
2.39583325386047 -0.390583992004395 7.80265760421753
2.39583325386047 -0.390583992004395 0.136975064873695
0 -1 0
2.39583325386047 -0.390583992004395 7.80265760421753
2.6875 -0.390583992004395 8.09432411193848
-2.6875 -0.390583992004395 8.09432411193848
0 -1 0
-2.39583325386047 -0.390583992004395 0.136975064873695
-2.6875 -0.390583992004395 -0.154691606760025
2.39583325386047 -0.390583992004395 0.136975064873695
0 -1 0
-2.6875 -0.390583992004395 -0.154691606760025
-2.39583325386047 -0.390583992004395 0.136975064873695
-2.6875 -0.390583992004395 8.09432411193848
0 -1 0
2.39583325386047 -0.390583992004395 0.136975064873695
2.6875 -0.390583992004395 -0.154691606760025
2.6875 -0.390583992004395 8.09432411193848
0 -1 0
2.6875 -0.390583992004395 -0.154691606760025
2.39583325386047 -0.390583992004395 0.136975064873695
-2.6875 -0.390583992004395 -0.154691606760025
0 -1 0
-2.6875 -0.328083992004395 -0.154691606760025
-2.39583325386047 -0.328083992004395 0.136975064873695
2.39583325386047 -0.328083992004395 0.136975064873695
0 1 0
-2.39583325386047 -0.328083992004395 0.136975064873695
-2.6875 -0.328083992004395 -0.154691606760025
-2.39583325386047 -0.328083992004395 7.80265760421753
0 1 0
2.6875 -0.328083992004395 -0.154691606760025
2.39583325386047 -0.328083992004395 0.136975064873695
2.39583325386047 -0.328083992004395 7.80265760421753
0 1 0
2.39583325386047 -0.328083992004395 0.136975064873695
2.6875 -0.328083992004395 -0.154691606760025
-2.6875 -0.328083992004395 -0.154691606760025
0 1 0
-2.39583325386047 -0.328083992004395 7.80265760421753
-2.6875 -0.328083992004395 8.09432411193848
2.39583325386047 -0.328083992004395 7.80265760421753
0 1 0
-2.6875 -0.328083992004395 8.09432411193848
-2.39583325386047 -0.328083992004395 7.80265760421753
-2.6875 -0.328083992004395 -0.154691606760025
0 1 0
2.39583325386047 -0.328083992004395 7.80265760421753
2.6875 -0.328083992004395 8.09432411193848
2.6875 -0.328083992004395 -0.154691606760025
0 1 0
2.6875 -0.328083992004395 8.09432411193848
2.39583325386047 -0.328083992004395 7.80265760421753
-2.6875 -0.328083992004395 8.09432411193848
0 1 0
2.39583325386047 -0.390583992004395 7.80265760421753
2.39583325386047 -0.328083992004395 7.80265760421753
2.39583325386047 -0.328083992004395 0.136975064873695
-1 0 0
2.39583325386047 -0.328083992004395 0.136975064873695
2.39583325386047 -0.390583992004395 0.136975064873695
2.39583325386047 -0.390583992004395 7.80265760421753
-1 0 0
2.39583325386047 -0.390583992004395 0.136975064873695
2.39583325386047 -0.328083992004395 0.136975064873695
-2.39583325386047 -0.328083992004395 0.136975064873695
0 0 1
-2.39583325386047 -0.328083992004395 0.136975064873695
-2.39583325386047 -0.390583992004395 0.136975064873695
2.39583325386047 -0.390583992004395 0.136975064873695
0 0 1
-2.39583325386047 -0.390583992004395 0.136975064873695
-2.39583325386047 -0.328083992004395 0.136975064873695
-2.39583325386047 -0.328083992004395 7.80265760421753
1 0 0
-2.39583325386047 -0.328083992004395 7.80265760421753
-2.39583325386047 -0.390583992004395 7.80265760421753
-2.39583325386047 -0.390583992004395 0.136975064873695
1 0 0
-2.39583325386047 -0.390583992004395 7.80265760421753
-2.39583325386047 -0.328083992004395 7.80265760421753
2.39583325386047 -0.328083992004395 7.80265760421753
0 0 -1
2.39583325386047 -0.328083992004395 7.80265760421753
2.39583325386047 -0.390583992004395 7.80265760421753
-2.39583325386047 -0.390583992004395 7.80265760421753
0 0 -1
2.6875 -0.390583992004395 8.09432411193848
2.6875 -0.328083992004395 8.09432411193848
-2.6875 -0.328083992004395 8.09432411193848
0 0 1
-2.6875 -0.328083992004395 8.09432411193848
-2.6875 -0.390583992004395 8.09432411193848
2.6875 -0.390583992004395 8.09432411193848
0 0 1
-2.6875 -0.390583992004395 8.09432411193848
-2.6875 -0.328083992004395 8.09432411193848
-2.6875 -0.328083992004395 -0.154691606760025
-1 0 0
-2.6875 -0.328083992004395 -0.154691606760025
-2.6875 -0.390583992004395 -0.154691606760025
-2.6875 -0.390583992004395 8.09432411193848
-1 0 0
-2.6875 -0.390583992004395 -0.154691606760025
-2.6875 -0.328083992004395 -0.154691606760025
2.6875 -0.328083992004395 -0.154691606760025
1.65242496688396E-16 0 -1
2.6875 -0.328083992004395 -0.154691606760025
2.6875 -0.390583992004395 -0.154691606760025
-2.6875 -0.390583992004395 -0.154691606760025
1.65242496688396E-16 0 -1
2.6875 -0.390583992004395 -0.154691606760025
2.6875 -0.328083992004395 -0.154691606760025
2.6875 -0.328083992004395 8.09432411193848
1 0 5.38354178746766E-17
2.6875 -0.328083992004395 8.09432411193848
2.6875 -0.390583992004395 8.09432411193848
2.6875 -0.390583992004395 -0.154691606760025
1 0 5.38354178746766E-17
0.0729166641831398 0.171833992004395 7.69849061965942
0.0729166641831398 0.171833992004395 0.241141736507416
2.29166674613953 0.171833992004395 0.241141736507416
0 -1 0
2.29166674613953 0.171833992004395 0.241141736507416
2.29166674613953 0.171833992004395 7.69849061965942
0.0729166641831398 0.171833992004395 7.69849061965942
0 -1 0
2.29166674613953 0.213500648736954 0.241141736507416
0.0729166641831398 0.213500648736954 0.241141736507416
0.0729166641831398 0.213500648736954 7.69849061965942
0 1 0
0.0729166641831398 0.213500648736954 7.69849061965942
2.29166674613953 0.213500648736954 7.69849061965942
2.29166674613953 0.213500648736954 0.241141736507416
0 1 0
2.29166674613953 0.171833992004395 7.69849061965942
2.29166674613953 0.213500648736954 7.69849061965942
0.0729166641831398 0.213500648736954 7.69849061965942
0 0 1
0.0729166641831398 0.213500648736954 7.69849061965942
0.0729166641831398 0.171833992004395 7.69849061965942
2.29166674613953 0.171833992004395 7.69849061965942
0 0 1
0.0729166641831398 0.171833992004395 7.69849061965942
0.0729166641831398 0.213500648736954 7.69849061965942
0.0729166641831398 0.213500648736954 0.241141736507416
-1 0 0
0.0729166641831398 0.213500648736954 0.241141736507416
0.0729166641831398 0.171833992004395 0.241141736507416
0.0729166641831398 0.171833992004395 7.69849061965942
-1 0 0
0.0729166641831398 0.171833992004395 0.241141736507416
0.0729166641831398 0.213500648736954 0.241141736507416
2.29166674613953 0.213500648736954 0.241141736507416
2.00152883312706E-16 0 -1
2.29166674613953 0.213500648736954 0.241141736507416
2.29166674613953 0.171833992004395 0.241141736507416
0.0729166641831398 0.171833992004395 0.241141736507416
2.00152883312706E-16 0 -1
2.29166674613953 0.171833992004395 0.241141736507416
2.29166674613953 0.213500648736954 0.241141736507416
2.29166674613953 0.213500648736954 7.69849061965942
1 0 0
2.29166674613953 0.213500648736954 7.69849061965942
2.29166674613953 0.171833992004395 7.69849061965942
2.29166674613953 0.171833992004395 0.241141736507416
1 0 0
-0.0729166641831398 0.265583992004395 7.84432411193848
0.0729166641831398 0.265583992004395 7.69849061965942
0.0729166641831398 0.265583992004395 0.241141736507416
0 1 0
0.0729166641831398 0.265583992004395 7.69849061965942
-0.0729166641831398 0.265583992004395 7.84432411193848
2.29166674613953 0.265583992004395 7.69849061965942
0 1 0
-0.0729166641831398 0.265583992004395 0.0953084006905556
0.0729166641831398 0.265583992004395 0.241141736507416
2.29166674613953 0.265583992004395 0.241141736507416
0 1 0
0.0729166641831398 0.265583992004395 0.241141736507416
-0.0729166641831398 0.265583992004395 0.0953084006905556
-0.0729166641831398 0.265583992004395 7.84432411193848
0 1 0
2.29166674613953 0.265583992004395 7.69849061965942
2.4375 0.265583992004395 7.84432411193848
2.29166674613953 0.265583992004395 0.241141736507416
0 1 0
2.4375 0.265583992004395 7.84432411193848
2.29166674613953 0.265583992004395 7.69849061965942
-0.0729166641831398 0.265583992004395 7.84432411193848
0 1 0
2.29166674613953 0.265583992004395 0.241141736507416
2.4375 0.265583992004395 0.0953084006905556
-0.0729166641831398 0.265583992004395 0.0953084006905556
0 1 0
2.4375 0.265583992004395 0.0953084006905556
2.29166674613953 0.265583992004395 0.241141736507416
2.4375 0.265583992004395 7.84432411193848
0 1 0
2.4375 0.119750656187534 7.84432411193848
2.29166674613953 0.119750656187534 7.69849061965942
2.29166674613953 0.119750656187534 0.241141736507416
0 -1 0
2.29166674613953 0.119750656187534 7.69849061965942
2.4375 0.119750656187534 7.84432411193848
0.0729166641831398 0.119750656187534 7.69849061965942
0 -1 0
2.4375 0.119750656187534 0.0953084006905556
2.29166674613953 0.119750656187534 0.241141736507416
0.0729166641831398 0.119750656187534 0.241141736507416
0 -1 0
2.29166674613953 0.119750656187534 0.241141736507416
2.4375 0.119750656187534 0.0953084006905556
2.4375 0.119750656187534 7.84432411193848
0 -1 0
0.0729166641831398 0.119750656187534 7.69849061965942
-0.0729166641831398 0.119750656187534 7.84432411193848
0.0729166641831398 0.119750656187534 0.241141736507416
0 -1 0
-0.0729166641831398 0.119750656187534 7.84432411193848
0.0729166641831398 0.119750656187534 7.69849061965942
2.4375 0.119750656187534 7.84432411193848
0 -1 0
0.0729166641831398 0.119750656187534 0.241141736507416
-0.0729166641831398 0.119750656187534 0.0953084006905556
2.4375 0.119750656187534 0.0953084006905556
0 -1 0
-0.0729166641831398 0.119750656187534 0.0953084006905556
0.0729166641831398 0.119750656187534 0.241141736507416
-0.0729166641831398 0.119750656187534 7.84432411193848
0 -1 0
-0.0729166641831398 0.265583992004395 7.84432411193848
-0.0729166641831398 0.119750656187534 7.84432411193848
2.4375 0.119750656187534 7.84432411193848
0 0 1
2.4375 0.119750656187534 7.84432411193848
2.4375 0.265583992004395 7.84432411193848
-0.0729166641831398 0.265583992004395 7.84432411193848
0 0 1
2.4375 0.265583992004395 7.84432411193848
2.4375 0.119750656187534 7.84432411193848
2.4375 0.119750656187534 0.0953084006905556
1 0 0
2.4375 0.119750656187534 0.0953084006905556
2.4375 0.265583992004395 0.0953084006905556
2.4375 0.265583992004395 7.84432411193848
1 0 0
2.4375 0.265583992004395 0.0953084006905556
2.4375 0.119750656187534 0.0953084006905556
-0.0729166641831398 0.119750656187534 0.0953084006905556
0 0 -1
-0.0729166641831398 0.119750656187534 0.0953084006905556
-0.0729166641831398 0.265583992004395 0.0953084006905556
2.4375 0.265583992004395 0.0953084006905556
0 0 -1
-0.0729166641831398 0.265583992004395 0.0953084006905556
-0.0729166641831398 0.119750656187534 0.0953084006905556
-0.0729166641831398 0.119750656187534 7.84432411193848
-1 0 0
-0.0729166641831398 0.119750656187534 7.84432411193848
-0.0729166641831398 0.265583992004395 7.84432411193848
-0.0729166641831398 0.265583992004395 0.0953084006905556
-1 0 0
0.0729166641831398 0.265583992004395 7.69849061965942
0.0729166641831398 0.119750656187534 7.69849061965942
0.0729166641831398 0.119750656187534 0.241141736507416
1 0 0
0.0729166641831398 0.119750656187534 0.241141736507416
0.0729166641831398 0.265583992004395 0.241141736507416
0.0729166641831398 0.265583992004395 7.69849061965942
1 0 0
0.0729166641831398 0.265583992004395 0.241141736507416
0.0729166641831398 0.119750656187534 0.241141736507416
2.29166674613953 0.119750656187534 0.241141736507416
2.00152883312706E-16 0 1
2.29166674613953 0.119750656187534 0.241141736507416
2.29166674613953 0.265583992004395 0.241141736507416
0.0729166641831398 0.265583992004395 0.241141736507416
2.00152883312706E-16 0 1
2.29166674613953 0.265583992004395 0.241141736507416
2.29166674613953 0.119750656187534 0.241141736507416
2.29166674613953 0.119750656187534 7.69849061965942
-1 0 0
2.29166674613953 0.119750656187534 7.69849061965942
2.29166674613953 0.265583992004395 7.69849061965942
2.29166674613953 0.265583992004395 0.241141736507416
-1 0 0
2.29166674613953 0.265583992004395 7.69849061965942
2.29166674613953 0.119750656187534 7.69849061965942
0.0729166641831398 0.119750656187534 7.69849061965942
0 0 -1
0.0729166641831398 0.119750656187534 7.69849061965942
0.0729166641831398 0.265583992004395 7.69849061965942
2.29166674613953 0.265583992004395 7.69849061965942
0 0 -1
-2.5 -0.0260826777666807 7.90682411193848
-2.39583325386047 -0.0260826777666807 7.80265760421753
-2.39583325386047 -0.0260826777666807 0.136975064873695
0 1 0
-2.39583325386047 -0.0260826777666807 7.80265760421753
-2.5 -0.0260826777666807 7.90682411193848
2.39583325386047 -0.0260826777666807 7.80265760421753
0 1 0
-2.5 -0.0260826777666807 0.0328084006905556
-2.39583325386047 -0.0260826777666807 0.136975064873695
2.39583325386047 -0.0260826777666807 0.136975064873695
0 1 0
-2.39583325386047 -0.0260826777666807 0.136975064873695
-2.5 -0.0260826777666807 0.0328084006905556
-2.5 -0.0260826777666807 7.90682411193848
0 1 0
2.39583325386047 -0.0260826777666807 7.80265760421753
2.5 -0.0260826777666807 7.90682411193848
2.39583325386047 -0.0260826777666807 0.136975064873695
0 1 0
2.5 -0.0260826777666807 7.90682411193848
2.39583325386047 -0.0260826777666807 7.80265760421753
-2.5 -0.0260826777666807 7.90682411193848
0 1 0
2.39583325386047 -0.0260826777666807 0.136975064873695
2.5 -0.0260826777666807 0.0328084006905556
-2.5 -0.0260826777666807 0.0328084006905556
0 1 0
2.5 -0.0260826777666807 0.0328084006905556
2.39583325386047 -0.0260826777666807 0.136975064873695
2.5 -0.0260826777666807 7.90682411193848
0 1 0
2.5 -0.328083992004395 7.90682411193848
2.39583325386047 -0.328083992004395 7.80265760421753
2.39583325386047 -0.328083992004395 0.136975064873695
0 -1 0
2.39583325386047 -0.328083992004395 7.80265760421753
2.5 -0.328083992004395 7.90682411193848
-2.39583325386047 -0.328083992004395 7.80265760421753
0 -1 0
2.5 -0.328083992004395 0.0328084006905556
2.39583325386047 -0.328083992004395 0.136975064873695
-2.39583325386047 -0.328083992004395 0.136975064873695
0 -1 0
2.39583325386047 -0.328083992004395 0.136975064873695
2.5 -0.328083992004395 0.0328084006905556
2.5 -0.328083992004395 7.90682411193848
0 -1 0
-2.39583325386047 -0.328083992004395 7.80265760421753
-2.5 -0.328083992004395 7.90682411193848
-2.39583325386047 -0.328083992004395 0.136975064873695
0 -1 0
-2.5 -0.328083992004395 7.90682411193848
-2.39583325386047 -0.328083992004395 7.80265760421753
2.5 -0.328083992004395 7.90682411193848
0 -1 0
-2.39583325386047 -0.328083992004395 0.136975064873695
-2.5 -0.328083992004395 0.0328084006905556
2.5 -0.328083992004395 0.0328084006905556
0 -1 0
-2.5 -0.328083992004395 0.0328084006905556
-2.39583325386047 -0.328083992004395 0.136975064873695
-2.5 -0.328083992004395 7.90682411193848
0 -1 0
-2.5 -0.0260826777666807 7.90682411193848
-2.5 -0.328083992004395 7.90682411193848
2.5 -0.328083992004395 7.90682411193848
0 0 1
2.5 -0.328083992004395 7.90682411193848
2.5 -0.0260826777666807 7.90682411193848
-2.5 -0.0260826777666807 7.90682411193848
0 0 1
2.5 -0.0260826777666807 7.90682411193848
2.5 -0.328083992004395 7.90682411193848
2.5 -0.328083992004395 0.0328084006905556
1 0 0
2.5 -0.328083992004395 0.0328084006905556
2.5 -0.0260826777666807 0.0328084006905556
2.5 -0.0260826777666807 7.90682411193848
1 0 0
2.5 -0.0260826777666807 0.0328084006905556
2.5 -0.328083992004395 0.0328084006905556
-2.5 -0.328083992004395 0.0328084006905556
0 0 -1
-2.5 -0.328083992004395 0.0328084006905556
-2.5 -0.0260826777666807 0.0328084006905556
2.5 -0.0260826777666807 0.0328084006905556
0 0 -1
-2.5 -0.0260826777666807 0.0328084006905556
-2.5 -0.328083992004395 0.0328084006905556
-2.5 -0.328083992004395 7.90682411193848
-1 0 0
-2.5 -0.328083992004395 7.90682411193848
-2.5 -0.0260826777666807 7.90682411193848
-2.5 -0.0260826777666807 0.0328084006905556
-1 0 0
-2.39583325386047 -0.0260826777666807 7.80265760421753
-2.39583325386047 -0.328083992004395 7.80265760421753
-2.39583325386047 -0.328083992004395 0.136975064873695
1 0 0
-2.39583325386047 -0.328083992004395 0.136975064873695
-2.39583325386047 -0.0260826777666807 0.136975064873695
-2.39583325386047 -0.0260826777666807 7.80265760421753
1 0 0
-2.39583325386047 -0.0260826777666807 0.136975064873695
-2.39583325386047 -0.328083992004395 0.136975064873695
2.39583325386047 -0.328083992004395 0.136975064873695
0 0 1
2.39583325386047 -0.328083992004395 0.136975064873695
2.39583325386047 -0.0260826777666807 0.136975064873695
-2.39583325386047 -0.0260826777666807 0.136975064873695
0 0 1
2.39583325386047 -0.0260826777666807 0.136975064873695
2.39583325386047 -0.328083992004395 0.136975064873695
2.39583325386047 -0.328083992004395 7.80265760421753
-1 0 0
2.39583325386047 -0.328083992004395 7.80265760421753
2.39583325386047 -0.0260826777666807 7.80265760421753
2.39583325386047 -0.0260826777666807 0.136975064873695
-1 0 0
2.39583325386047 -0.0260826777666807 7.80265760421753
2.39583325386047 -0.328083992004395 7.80265760421753
-2.39583325386047 -0.328083992004395 7.80265760421753
0 0 -1
-2.39583325386047 -0.328083992004395 7.80265760421753
-2.39583325386047 -0.0260826777666807 7.80265760421753
2.39583325386047 -0.0260826777666807 7.80265760421753
0 0 -1
2.5 -0.0260826777666807 7.90682411193848
2.4375 -0.0260826777666807 7.84432411193848
2.4375 -0.0260826777666807 0.0953084006905556
0 -1 0
2.4375 -0.0260826777666807 7.84432411193848
2.5 -0.0260826777666807 7.90682411193848
-2.4375 -0.0260826777666807 7.84432411193848
0 -1 0
2.5 -0.0260826777666807 0.0328084006905556
2.4375 -0.0260826777666807 0.0953084006905556
-2.4375 -0.0260826777666807 0.0953084006905556
0 -1 0
2.4375 -0.0260826777666807 0.0953084006905556
2.5 -0.0260826777666807 0.0328084006905556
2.5 -0.0260826777666807 7.90682411193848
0 -1 0
-2.4375 -0.0260826777666807 7.84432411193848
-2.5 -0.0260826777666807 7.90682411193848
-2.4375 -0.0260826777666807 0.0953084006905556
0 -1 0
-2.5 -0.0260826777666807 7.90682411193848
-2.4375 -0.0260826777666807 7.84432411193848
2.5 -0.0260826777666807 7.90682411193848
0 -1 0
-2.4375 -0.0260826777666807 0.0953084006905556
-2.5 -0.0260826777666807 0.0328084006905556
2.5 -0.0260826777666807 0.0328084006905556
0 -1 0
-2.5 -0.0260826777666807 0.0328084006905556
-2.4375 -0.0260826777666807 0.0953084006905556
-2.5 -0.0260826777666807 7.90682411193848
0 -1 0
-2.5 0.328083992004395 7.90682411193848
-2.4375 0.328083992004395 7.84432411193848
-2.4375 0.328083992004395 0.0953084006905556
0 1 0
-2.4375 0.328083992004395 7.84432411193848
-2.5 0.328083992004395 7.90682411193848
2.4375 0.328083992004395 7.84432411193848
0 1 0
-2.5 0.328083992004395 0.0328084006905556
-2.4375 0.328083992004395 0.0953084006905556
2.4375 0.328083992004395 0.0953084006905556
0 1 0
-2.4375 0.328083992004395 0.0953084006905556
-2.5 0.328083992004395 0.0328084006905556
-2.5 0.328083992004395 7.90682411193848
0 1 0
2.4375 0.328083992004395 7.84432411193848
2.5 0.328083992004395 7.90682411193848
2.4375 0.328083992004395 0.0953084006905556
0 1 0
2.5 0.328083992004395 7.90682411193848
2.4375 0.328083992004395 7.84432411193848
-2.5 0.328083992004395 7.90682411193848
0 1 0
2.4375 0.328083992004395 0.0953084006905556
2.5 0.328083992004395 0.0328084006905556
-2.5 0.328083992004395 0.0328084006905556
0 1 0
2.5 0.328083992004395 0.0328084006905556
2.4375 0.328083992004395 0.0953084006905556
2.5 0.328083992004395 7.90682411193848
0 1 0
2.5 -0.0260826777666807 7.90682411193848
2.5 0.328083992004395 7.90682411193848
-2.5 0.328083992004395 7.90682411193848
0 0 1
-2.5 0.328083992004395 7.90682411193848
-2.5 -0.0260826777666807 7.90682411193848
2.5 -0.0260826777666807 7.90682411193848
0 0 1
-2.5 -0.0260826777666807 7.90682411193848
-2.5 0.328083992004395 7.90682411193848
-2.5 0.328083992004395 0.0328084006905556
-1 0 0
-2.5 0.328083992004395 0.0328084006905556
-2.5 -0.0260826777666807 0.0328084006905556
-2.5 -0.0260826777666807 7.90682411193848
-1 0 0
-2.5 -0.0260826777666807 0.0328084006905556
-2.5 0.328083992004395 0.0328084006905556
2.5 0.328083992004395 0.0328084006905556
0 0 -1
2.5 0.328083992004395 0.0328084006905556
2.5 -0.0260826777666807 0.0328084006905556
-2.5 -0.0260826777666807 0.0328084006905556
0 0 -1
2.5 -0.0260826777666807 0.0328084006905556
2.5 0.328083992004395 0.0328084006905556
2.5 0.328083992004395 7.90682411193848
1 0 5.63993296509578E-17
2.5 0.328083992004395 7.90682411193848
2.5 -0.0260826777666807 7.90682411193848
2.5 -0.0260826777666807 0.0328084006905556
1 0 5.63993296509578E-17
2.4375 -0.0260826777666807 7.84432411193848
2.4375 0.328083992004395 7.84432411193848
2.4375 0.328083992004395 0.0953084006905556
-1 0 0
2.4375 0.328083992004395 0.0953084006905556
2.4375 -0.0260826777666807 0.0953084006905556
2.4375 -0.0260826777666807 7.84432411193848
-1 0 0
2.4375 -0.0260826777666807 0.0953084006905556
2.4375 0.328083992004395 0.0953084006905556
-2.4375 0.328083992004395 0.0953084006905556
0 0 1
-2.4375 0.328083992004395 0.0953084006905556
-2.4375 -0.0260826777666807 0.0953084006905556
2.4375 -0.0260826777666807 0.0953084006905556
0 0 1
-2.4375 -0.0260826777666807 0.0953084006905556
-2.4375 0.328083992004395 0.0953084006905556
-2.4375 0.328083992004395 7.84432411193848
1 0 0
-2.4375 0.328083992004395 7.84432411193848
-2.4375 -0.0260826777666807 7.84432411193848
-2.4375 -0.0260826777666807 0.0953084006905556
1 0 0
-2.4375 -0.0260826777666807 7.84432411193848
-2.4375 0.328083992004395 7.84432411193848
2.4375 0.328083992004395 7.84432411193848
0 0 -1
2.4375 0.328083992004395 7.84432411193848
2.4375 -0.0260826777666807 7.84432411193848
-2.4375 -0.0260826777666807 7.84432411193848
0 0 -1
[HEADER]
353796,1830 x 1220mm,6
402.859064871873 295.948096110831 -11.8110236220472
1
-1.49877803362078E-15 -1 0
1 -1.49877803362078E-15 0
0 0 1
[HEADER]
353839,1830 x 1220mm,6
402.859064871873 286.433660415293 -11.8110236220472
1
1.49877803362078E-15 1 0
-1 1.49877803362078E-15 0
0 0 1
[HEADER]
353898,1830 x 1220mm,6
402.859064871873 278.887728656763 -11.8110236220472
1
1.49877803362078E-15 1 0
-1 1.49877803362078E-15 0
0 0 1
[HEADER]
353954,1830 x 1220mm,6
402.859064871873 270.357544929729 -11.8110236220472
1
-1.49877803362078E-15 -1 0
1 -1.49877803362078E-15 0
0 0 1
[HEADER]
354038,1830 x 1220mm,6
402.859064871873 261.171193223692 -11.8110236220472
1
1.49877803362078E-15 1 0
-1 1.49877803362078E-15 0
0 0 1
[HEADER]
354107,1830 x 1220mm,6
402.859064871873 252.641009496658 -11.8110236220472
1
-1.49877803362078E-15 -1 0
1 -1.49877803362078E-15 0
0 0 1
[HEADER]
354144,1830 x 1220mm,6
402.859064871873 244.438909759125 -11.8110236220472
1
-1.49877803362078E-15 -1 0
1 -1.49877803362078E-15 0
0 0 1
[HEADER]
354198,1830 x 1220mm,6
402.859064871873 235.252558053088 -11.8110236220472
1
-1.49877803362078E-15 -1 0
1 -1.49877803362078E-15 0
0 0 1
[HEADER]
354288,1830 x 1220mm,6
402.859064871873 225.081954378547 -11.8110236220472
1
1.49877803362078E-15 1 0
-1 1.49877803362078E-15 0
0 0 1
[HEADER]
354329,1830 x 1220mm,6
402.859064871873 215.895602672511 -11.8110236220472
1
1.49877803362078E-15 1 0
-1 1.49877803362078E-15 0
0 0 1
[HEADER]
354370,1830 x 1220mm,6
402.859064871873 207.693502934978 -11.8110236220472
1
1.49877803362078E-15 1 0
-1 1.49877803362078E-15 0
0 0 1
[HEADER]
354422,1830 x 1220mm,6
402.859064871873 199.163319207944 -11.8110236220472
1
-1.49877803362078E-15 -1 0
1 -1.49877803362078E-15 0
0 0 1
[HEADER]
354461,1830 x 1220mm,6
402.859064871873 190.961219470411 -11.8110236220472
1
-1.49877803362078E-15 -1 0
1 -1.49877803362078E-15 0
0 0 1
[HEADER]
354486,1830 x 1220mm,6
402.859064871873 182.102951753876 -11.8110236220472
1
1.49877803362078E-15 1 0
-1 1.49877803362078E-15 0
0 0 1
[HEADER]
354553,1830 x 1220mm,6
402.859064871873 172.916600047839 -11.8110236220472
1
-1.49877803362078E-15 -1 0
1 -1.49877803362078E-15 0
0 0 1
[HEADER]
354642,1830 x 1220mm,6
402.859064871873 164.156757527637 -11.8110236220472
1
1.49877803362078E-15 1 0
-1 1.49877803362078E-15 0
0 0 1
[HEADER]
354782,2800 x 3000mm 2,902
426.612345637138 215.211901342766 -14.7782152230971
1
-1.57467900726635E-15 -1 0
1 -1.57467900726635E-15 0
0 0 1
-4.38484239578247 -0.0143536748364568 12.6341867446899
-0.0729166641831398 -0.0143536748364568 12.6341867446899
-0.0729166641831398 -0.0143536748364568 3.20833325386047
0 1 0
-0.0729166641831398 -0.0143536748364568 3.20833325386047
-4.38484239578247 -0.0143536748364568 3.20833325386047
-4.38484239578247 -0.0143536748364568 12.6341867446899
0 1 0
-0.0729166641831398 -0.0560203418135643 3.20833325386047
-0.0729166641831398 -0.0560203418135643 12.6341867446899
-4.38484239578247 -0.0560203418135643 12.6341867446899
0 -1 0
-4.38484239578247 -0.0560203418135643 12.6341867446899
-4.38484239578247 -0.0560203418135643 3.20833325386047
-0.0729166641831398 -0.0560203418135643 3.20833325386047
0 -1 0
-4.38484239578247 -0.0143536748364568 3.20833325386047
-4.38484239578247 -0.0560203418135643 3.20833325386047
-4.38484239578247 -0.0560203418135643 12.6341867446899
-1 0 0
-4.38484239578247 -0.0560203418135643 12.6341867446899
-4.38484239578247 -0.0143536748364568 12.6341867446899
-4.38484239578247 -0.0143536748364568 3.20833325386047
-1 0 0
-4.38484239578247 -0.0143536748364568 12.6341867446899
-4.38484239578247 -0.0560203418135643 12.6341867446899
-0.0729166641831398 -0.0560203418135643 12.6341867446899
0 0 1
-0.0729166641831398 -0.0560203418135643 12.6341867446899
-0.0729166641831398 -0.0143536748364568 12.6341867446899
-4.38484239578247 -0.0143536748364568 12.6341867446899
0 0 1
-0.0729166641831398 -0.0143536748364568 12.6341867446899
-0.0729166641831398 -0.0560203418135643 12.6341867446899
-0.0729166641831398 -0.0560203418135643 3.20833325386047
1 0 0
-0.0729166641831398 -0.0560203418135643 3.20833325386047
-0.0729166641831398 -0.0143536748364568 3.20833325386047
-0.0729166641831398 -0.0143536748364568 12.6341867446899
1 0 0
-0.0729166641831398 -0.0143536748364568 3.20833325386047
-0.0729166641831398 -0.0560203418135643 3.20833325386047
-4.38484239578247 -0.0560203418135643 3.20833325386047
0 0 -1
-4.38484239578247 -0.0560203418135643 3.20833325386047
-4.38484239578247 -0.0143536748364568 3.20833325386047
-0.0729166641831398 -0.0143536748364568 3.20833325386047
0 0 -1
-4.53067588806152 0.0377296581864357 12.7800197601318
-4.38484239578247 0.0377296581864357 12.6341867446899
-4.38484239578247 0.0377296581864357 3.20833325386047
0 1 0
-4.38484239578247 0.0377296581864357 12.6341867446899
-4.53067588806152 0.0377296581864357 12.7800197601318
-0.0729166641831398 0.0377296581864357 12.6341867446899
0 1 0
-4.53067588806152 0.0377296581864357 3.0625
-4.38484239578247 0.0377296581864357 3.20833325386047
-0.0729166641831398 0.0377296581864357 3.20833325386047
0 1 0
-4.38484239578247 0.0377296581864357 3.20833325386047
-4.53067588806152 0.0377296581864357 3.0625
-4.53067588806152 0.0377296581864357 12.7800197601318
0 1 0
-0.0729166641831398 0.0377296581864357 12.6341867446899
0.0729166641831398 0.0377296581864357 12.7800197601318
-0.0729166641831398 0.0377296581864357 3.20833325386047
0 1 0
0.0729166641831398 0.0377296581864357 12.7800197601318
-0.0729166641831398 0.0377296581864357 12.6341867446899
-4.53067588806152 0.0377296581864357 12.7800197601318
0 1 0
-0.0729166641831398 0.0377296581864357 3.20833325386047
0.0729166641831398 0.0377296581864357 3.0625
-4.53067588806152 0.0377296581864357 3.0625
0 1 0
0.0729166641831398 0.0377296581864357 3.0625
-0.0729166641831398 0.0377296581864357 3.20833325386047
0.0729166641831398 0.0377296581864357 12.7800197601318
0 1 0
0.0729166641831398 -0.108103677630425 12.7800197601318
-0.0729166641831398 -0.108103677630425 12.6341867446899
-0.0729166641831398 -0.108103677630425 3.20833325386047
0 -1 0
-0.0729166641831398 -0.108103677630425 12.6341867446899
0.0729166641831398 -0.108103677630425 12.7800197601318
-4.38484239578247 -0.108103677630425 12.6341867446899
0 -1 0
0.0729166641831398 -0.108103677630425 3.0625
-0.0729166641831398 -0.108103677630425 3.20833325386047
-4.38484239578247 -0.108103677630425 3.20833325386047
0 -1 0
-0.0729166641831398 -0.108103677630425 3.20833325386047
0.0729166641831398 -0.108103677630425 3.0625
0.0729166641831398 -0.108103677630425 12.7800197601318
0 -1 0
-4.38484239578247 -0.108103677630425 12.6341867446899
-4.53067588806152 -0.108103677630425 12.7800197601318
-4.38484239578247 -0.108103677630425 3.20833325386047
0 -1 0
-4.53067588806152 -0.108103677630425 12.7800197601318
-4.38484239578247 -0.108103677630425 12.6341867446899
0.0729166641831398 -0.108103677630425 12.7800197601318
0 -1 0
-4.38484239578247 -0.108103677630425 3.20833325386047
-4.53067588806152 -0.108103677630425 3.0625
0.0729166641831398 -0.108103677630425 3.0625
0 -1 0
-4.53067588806152 -0.108103677630425 3.0625
-4.38484239578247 -0.108103677630425 3.20833325386047
-4.53067588806152 -0.108103677630425 12.7800197601318
0 -1 0
-4.53067588806152 0.0377296581864357 12.7800197601318
-4.53067588806152 -0.108103677630425 12.7800197601318
0.0729166641831398 -0.108103677630425 12.7800197601318
0 0 1
0.0729166641831398 -0.108103677630425 12.7800197601318
0.0729166641831398 0.0377296581864357 12.7800197601318
-4.53067588806152 0.0377296581864357 12.7800197601318
0 0 1
0.0729166641831398 0.0377296581864357 12.7800197601318
0.0729166641831398 -0.108103677630425 12.7800197601318
0.0729166641831398 -0.108103677630425 3.0625
1 0 0
0.0729166641831398 -0.108103677630425 3.0625
0.0729166641831398 0.0377296581864357 3.0625
0.0729166641831398 0.0377296581864357 12.7800197601318
1 0 0
0.0729166641831398 0.0377296581864357 3.0625
0.0729166641831398 -0.108103677630425 3.0625
-4.53067588806152 -0.108103677630425 3.0625
0 0 -1
-4.53067588806152 -0.108103677630425 3.0625
-4.53067588806152 0.0377296581864357 3.0625
0.0729166641831398 0.0377296581864357 3.0625
0 0 -1
-4.53067588806152 0.0377296581864357 3.0625
-4.53067588806152 -0.108103677630425 3.0625
-4.53067588806152 -0.108103677630425 12.7800197601318
-1 0 0
-4.53067588806152 -0.108103677630425 12.7800197601318
-4.53067588806152 0.0377296581864357 12.7800197601318
-4.53067588806152 0.0377296581864357 3.0625
-1 0 0
-4.38484239578247 0.0377296581864357 12.6341867446899
-4.38484239578247 -0.108103677630425 12.6341867446899
-4.38484239578247 -0.108103677630425 3.20833325386047
1 0 0
-4.38484239578247 -0.108103677630425 3.20833325386047
-4.38484239578247 0.0377296581864357 3.20833325386047
-4.38484239578247 0.0377296581864357 12.6341867446899
1 0 0
-4.38484239578247 0.0377296581864357 3.20833325386047
-4.38484239578247 -0.108103677630425 3.20833325386047
-0.0729166641831398 -0.108103677630425 3.20833325386047
-1.02990919832074E-16 0 1
-0.0729166641831398 -0.108103677630425 3.20833325386047
-0.0729166641831398 0.0377296581864357 3.20833325386047
-4.38484239578247 0.0377296581864357 3.20833325386047
-1.02990919832074E-16 0 1
-0.0729166641831398 0.0377296581864357 3.20833325386047
-0.0729166641831398 -0.108103677630425 3.20833325386047
-0.0729166641831398 -0.108103677630425 12.6341867446899
-1 0 0
-0.0729166641831398 -0.108103677630425 12.6341867446899
-0.0729166641831398 0.0377296581864357 12.6341867446899
-0.0729166641831398 0.0377296581864357 3.20833325386047
-1 0 0
-0.0729166641831398 0.0377296581864357 12.6341867446899
-0.0729166641831398 -0.108103677630425 12.6341867446899
-4.38484239578247 -0.108103677630425 12.6341867446899
0 0 -1
-4.38484239578247 -0.108103677630425 12.6341867446899
-4.38484239578247 0.0377296581864357 12.6341867446899
-0.0729166641831398 0.0377296581864357 12.6341867446899
0 0 -1
4.82234239578247 0.350229650735855 3.0625
4.82234239578247 0.350229650735855 3
-4.82234239578247 0.350229650735855 3
0 1 0
-4.82234239578247 0.350229650735855 3
-4.82234239578247 0.350229650735855 3.0625
4.82234239578247 0.350229650735855 3.0625
0 1 0
-4.82234239578247 0.246062994003296 3
4.82234239578247 0.246062994003296 3
4.82234239578247 0.246062994003296 3.0625
0 -1 0
4.82234239578247 0.246062994003296 3.0625
-4.82234239578247 0.246062994003296 3.0625
-4.82234239578247 0.246062994003296 3
0 -1 0
-4.82234239578247 0.350229650735855 3.0625
-4.82234239578247 0.246062994003296 3.0625
4.82234239578247 0.246062994003296 3.0625
0 0 1
4.82234239578247 0.246062994003296 3.0625
4.82234239578247 0.350229650735855 3.0625
-4.82234239578247 0.350229650735855 3.0625
0 0 1
4.82234239578247 0.350229650735855 3.0625
4.82234239578247 0.246062994003296 3.0625
4.82234239578247 0.246062994003296 3
1 0 0
4.82234239578247 0.246062994003296 3
4.82234239578247 0.350229650735855 3
4.82234239578247 0.350229650735855 3.0625
1 0 0
4.82234239578247 0.350229650735855 3
4.82234239578247 0.246062994003296 3
-4.82234239578247 0.246062994003296 3
0 0 -1
-4.82234239578247 0.246062994003296 3
-4.82234239578247 0.350229650735855 3
4.82234239578247 0.350229650735855 3
0 0 -1
-4.82234239578247 0.350229650735855 3
-4.82234239578247 0.246062994003296 3
-4.82234239578247 0.246062994003296 3.0625
-1 0 1.42108547152079E-14
-4.82234239578247 0.246062994003296 3.0625
-4.82234239578247 0.350229650735855 3.0625
-4.82234239578247 0.350229650735855 3
-1 0 1.42108547152079E-14
4.82234239578247 0.308562994003296 13.0716867446899
4.53067588806152 0.308562994003296 12.7800197601318
-4.53067588806152 0.308562994003296 12.7800197601318
0 1 0
4.53067588806152 0.308562994003296 12.7800197601318
4.82234239578247 0.308562994003296 13.0716867446899
4.82234239578247 0.308562994003296 3.0625
0 1 0
-4.82234239578247 0.308562994003296 13.0716867446899
-4.53067588806152 0.308562994003296 12.7800197601318
-4.82234239578247 0.308562994003296 3.0625
0 1 0
-4.53067588806152 0.308562994003296 12.7800197601318
-4.82234239578247 0.308562994003296 13.0716867446899
4.82234239578247 0.308562994003296 13.0716867446899
0 1 0
4.82234239578247 0.308562994003296 3.0625
4.53067588806152 0.308562994003296 3.0625
4.53067588806152 0.308562994003296 12.7800197601318
0 1 0
-4.53067588806152 0.308562994003296 3.0625
-4.82234239578247 0.308562994003296 3.0625
-4.53067588806152 0.308562994003296 12.7800197601318
0 1 0
4.53067588806152 0.246062994003296 3.0625
4.82234239578247 0.246062994003296 3.0625
4.53067588806152 0.246062994003296 12.7800197601318
0 -1 0
-4.82234239578247 0.246062994003296 3.0625
-4.53067588806152 0.246062994003296 3.0625
-4.53067588806152 0.246062994003296 12.7800197601318
0 -1 0
4.53067588806152 0.246062994003296 12.7800197601318
4.82234239578247 0.246062994003296 13.0716867446899
-4.53067588806152 0.246062994003296 12.7800197601318
0 -1 0
4.82234239578247 0.246062994003296 13.0716867446899
4.53067588806152 0.246062994003296 12.7800197601318
4.82234239578247 0.246062994003296 3.0625
0 -1 0
-4.53067588806152 0.246062994003296 12.7800197601318
-4.82234239578247 0.246062994003296 13.0716867446899
-4.82234239578247 0.246062994003296 3.0625
0 -1 0
-4.82234239578247 0.246062994003296 13.0716867446899
-4.53067588806152 0.246062994003296 12.7800197601318
4.82234239578247 0.246062994003296 13.0716867446899
0 -1 0
-4.53067588806152 0.308562994003296 12.7800197601318
-4.53067588806152 0.246062994003296 12.7800197601318
-4.53067588806152 0.246062994003296 3.0625
1 0 0
-4.53067588806152 0.246062994003296 3.0625
-4.53067588806152 0.308562994003296 3.0625
-4.53067588806152 0.308562994003296 12.7800197601318
1 0 0
-4.53067588806152 0.308562994003296 3.0625
-4.53067588806152 0.246062994003296 3.0625
-4.82234239578247 0.246062994003296 3.0625
0 0 -1
-4.82234239578247 0.246062994003296 3.0625
-4.82234239578247 0.308562994003296 3.0625
-4.53067588806152 0.308562994003296 3.0625
0 0 -1
-4.82234239578247 0.308562994003296 3.0625
-4.82234239578247 0.246062994003296 3.0625
-4.82234239578247 0.246062994003296 13.0716867446899
-1 0 0
-4.82234239578247 0.246062994003296 13.0716867446899
-4.82234239578247 0.308562994003296 13.0716867446899
-4.82234239578247 0.308562994003296 3.0625
-1 0 0
-4.82234239578247 0.308562994003296 13.0716867446899
-4.82234239578247 0.246062994003296 13.0716867446899
4.82234239578247 0.246062994003296 13.0716867446899
0 0 1
4.82234239578247 0.246062994003296 13.0716867446899
4.82234239578247 0.308562994003296 13.0716867446899
-4.82234239578247 0.308562994003296 13.0716867446899
0 0 1
4.82234239578247 0.308562994003296 13.0716867446899
4.82234239578247 0.246062994003296 13.0716867446899
4.82234239578247 0.246062994003296 3.0625
1 0 0
4.82234239578247 0.246062994003296 3.0625
4.82234239578247 0.308562994003296 3.0625
4.82234239578247 0.308562994003296 13.0716867446899
1 0 0
4.82234239578247 0.308562994003296 3.0625
4.82234239578247 0.246062994003296 3.0625
4.53067588806152 0.246062994003296 3.0625
0 0 -1
4.53067588806152 0.246062994003296 3.0625
4.53067588806152 0.308562994003296 3.0625
4.82234239578247 0.308562994003296 3.0625
0 0 -1
4.53067588806152 0.308562994003296 3.0625
4.53067588806152 0.246062994003296 3.0625
4.53067588806152 0.246062994003296 12.7800197601318
-1 0 0
4.53067588806152 0.246062994003296 12.7800197601318
4.53067588806152 0.308562994003296 12.7800197601318
4.53067588806152 0.308562994003296 3.0625
-1 0 0
4.53067588806152 0.308562994003296 12.7800197601318
4.53067588806152 0.246062994003296 12.7800197601318
-4.53067588806152 0.246062994003296 12.7800197601318
0 0 -1
-4.53067588806152 0.246062994003296 12.7800197601318
-4.53067588806152 0.308562994003296 12.7800197601318
4.53067588806152 0.308562994003296 12.7800197601318
0 0 -1
-4.78067588806152 -0.308562994003296 13.0300197601318
-4.48900938034058 -0.308562994003296 12.7383527755737
4.48900938034058 -0.308562994003296 12.7383527755737
0 -1 0
-4.48900938034058 -0.308562994003296 12.7383527755737
-4.78067588806152 -0.308562994003296 13.0300197601318
-4.48900938034058 -0.308562994003296 3.10416674613953
0 -1 0
4.78067588806152 -0.308562994003296 13.0300197601318
4.48900938034058 -0.308562994003296 12.7383527755737
4.48900938034058 -0.308562994003296 3.10416674613953
0 -1 0
4.48900938034058 -0.308562994003296 12.7383527755737
4.78067588806152 -0.308562994003296 13.0300197601318
-4.78067588806152 -0.308562994003296 13.0300197601318
0 -1 0
-4.48900938034058 -0.308562994003296 3.10416674613953
-4.78067588806152 -0.308562994003296 2.8125
4.48900938034058 -0.308562994003296 3.10416674613953
0 -1 0
-4.78067588806152 -0.308562994003296 2.8125
-4.48900938034058 -0.308562994003296 3.10416674613953
-4.78067588806152 -0.308562994003296 13.0300197601318
0 -1 0
4.48900938034058 -0.308562994003296 3.10416674613953
4.78067588806152 -0.308562994003296 2.8125
4.78067588806152 -0.308562994003296 13.0300197601318
0 -1 0
4.78067588806152 -0.308562994003296 2.8125
4.48900938034058 -0.308562994003296 3.10416674613953
-4.78067588806152 -0.308562994003296 2.8125
0 -1 0
-4.78067588806152 -0.246062994003296 2.8125
-4.48900938034058 -0.246062994003296 3.10416674613953
4.48900938034058 -0.246062994003296 3.10416674613953
0 1 0
-4.48900938034058 -0.246062994003296 3.10416674613953
-4.78067588806152 -0.246062994003296 2.8125
-4.48900938034058 -0.246062994003296 12.7383527755737
0 1 0
4.78067588806152 -0.246062994003296 2.8125
4.48900938034058 -0.246062994003296 3.10416674613953
4.48900938034058 -0.246062994003296 12.7383527755737
0 1 0
4.48900938034058 -0.246062994003296 3.10416674613953
4.78067588806152 -0.246062994003296 2.8125
-4.78067588806152 -0.246062994003296 2.8125
0 1 0
-4.48900938034058 -0.246062994003296 12.7383527755737
-4.78067588806152 -0.246062994003296 13.0300197601318
4.48900938034058 -0.246062994003296 12.7383527755737
0 1 0
-4.78067588806152 -0.246062994003296 13.0300197601318
-4.48900938034058 -0.246062994003296 12.7383527755737
-4.78067588806152 -0.246062994003296 2.8125
0 1 0
4.48900938034058 -0.246062994003296 12.7383527755737
4.78067588806152 -0.246062994003296 13.0300197601318
4.78067588806152 -0.246062994003296 2.8125
0 1 0
4.78067588806152 -0.246062994003296 13.0300197601318
4.48900938034058 -0.246062994003296 12.7383527755737
-4.78067588806152 -0.246062994003296 13.0300197601318
0 1 0
4.48900938034058 -0.308562994003296 12.7383527755737
4.48900938034058 -0.246062994003296 12.7383527755737
4.48900938034058 -0.246062994003296 3.10416674613953
-1 0 9.21902885491565E-17
4.48900938034058 -0.246062994003296 3.10416674613953
4.48900938034058 -0.308562994003296 3.10416674613953
4.48900938034058 -0.308562994003296 12.7383527755737
-1 0 9.21902885491565E-17
4.48900938034058 -0.308562994003296 3.10416674613953
4.48900938034058 -0.246062994003296 3.10416674613953
-4.48900938034058 -0.246062994003296 3.10416674613953
0 0 1
-4.48900938034058 -0.246062994003296 3.10416674613953
-4.48900938034058 -0.308562994003296 3.10416674613953
4.48900938034058 -0.308562994003296 3.10416674613953
0 0 1
-4.48900938034058 -0.308562994003296 3.10416674613953
-4.48900938034058 -0.246062994003296 3.10416674613953
-4.48900938034058 -0.246062994003296 12.7383527755737
1 0 0
-4.48900938034058 -0.246062994003296 12.7383527755737
-4.48900938034058 -0.308562994003296 12.7383527755737
-4.48900938034058 -0.308562994003296 3.10416674613953
1 0 0
-4.48900938034058 -0.308562994003296 12.7383527755737
-4.48900938034058 -0.246062994003296 12.7383527755737
4.48900938034058 -0.246062994003296 12.7383527755737
0 0 -1
4.48900938034058 -0.246062994003296 12.7383527755737
4.48900938034058 -0.308562994003296 12.7383527755737
-4.48900938034058 -0.308562994003296 12.7383527755737
0 0 -1
4.78067588806152 -0.308562994003296 13.0300197601318
4.78067588806152 -0.246062994003296 13.0300197601318
-4.78067588806152 -0.246062994003296 13.0300197601318
0 0 1
-4.78067588806152 -0.246062994003296 13.0300197601318
-4.78067588806152 -0.308562994003296 13.0300197601318
4.78067588806152 -0.308562994003296 13.0300197601318
0 0 1
-4.78067588806152 -0.308562994003296 13.0300197601318
-4.78067588806152 -0.246062994003296 13.0300197601318
-4.78067588806152 -0.246062994003296 2.8125
-1 0 0
-4.78067588806152 -0.246062994003296 2.8125
-4.78067588806152 -0.308562994003296 2.8125
-4.78067588806152 -0.308562994003296 13.0300197601318
-1 0 0
-4.78067588806152 -0.308562994003296 2.8125
-4.78067588806152 -0.246062994003296 2.8125
4.78067588806152 -0.246062994003296 2.8125
-4.64462790935386E-17 0 -1
4.78067588806152 -0.246062994003296 2.8125
4.78067588806152 -0.308562994003296 2.8125
-4.78067588806152 -0.308562994003296 2.8125
-4.64462790935386E-17 0 -1
4.78067588806152 -0.308562994003296 2.8125
4.78067588806152 -0.246062994003296 2.8125
4.78067588806152 -0.246062994003296 13.0300197601318
1 0 -8.6927008420704E-17
4.78067588806152 -0.246062994003296 13.0300197601318
4.78067588806152 -0.308562994003296 13.0300197601318
4.78067588806152 -0.308562994003296 2.8125
1 0 -8.6927008420704E-17
0.0729166641831398 0.0898129940032959 12.6341867446899
0.0729166641831398 0.0898129940032959 3.20833325386047
4.38484239578247 0.0898129940032959 3.20833325386047
0 -1 0
4.38484239578247 0.0898129940032959 3.20833325386047
4.38484239578247 0.0898129940032959 12.6341867446899
0.0729166641831398 0.0898129940032959 12.6341867446899
0 -1 0
4.38484239578247 0.131479665637016 3.20833325386047
0.0729166641831398 0.131479665637016 3.20833325386047
0.0729166641831398 0.131479665637016 12.6341867446899
0 1 0
0.0729166641831398 0.131479665637016 12.6341867446899
4.38484239578247 0.131479665637016 12.6341867446899
4.38484239578247 0.131479665637016 3.20833325386047
0 1 0
4.38484239578247 0.0898129940032959 12.6341867446899
4.38484239578247 0.131479665637016 12.6341867446899
0.0729166641831398 0.131479665637016 12.6341867446899
0 0 1
0.0729166641831398 0.131479665637016 12.6341867446899
0.0729166641831398 0.0898129940032959 12.6341867446899
4.38484239578247 0.0898129940032959 12.6341867446899
0 0 1
0.0729166641831398 0.0898129940032959 12.6341867446899
0.0729166641831398 0.131479665637016 12.6341867446899
0.0729166641831398 0.131479665637016 3.20833325386047
-1 0 0
0.0729166641831398 0.131479665637016 3.20833325386047
0.0729166641831398 0.0898129940032959 3.20833325386047
0.0729166641831398 0.0898129940032959 12.6341867446899
-1 0 0
0.0729166641831398 0.0898129940032959 3.20833325386047
0.0729166641831398 0.131479665637016 3.20833325386047
4.38484239578247 0.131479665637016 3.20833325386047
-1.02990919832074E-16 0 -1
4.38484239578247 0.131479665637016 3.20833325386047
4.38484239578247 0.0898129940032959 3.20833325386047
0.0729166641831398 0.0898129940032959 3.20833325386047
-1.02990919832074E-16 0 -1
4.38484239578247 0.0898129940032959 3.20833325386047
4.38484239578247 0.131479665637016 3.20833325386047
4.38484239578247 0.131479665637016 12.6341867446899
1 0 0
4.38484239578247 0.131479665637016 12.6341867446899
4.38484239578247 0.0898129940032959 12.6341867446899
4.38484239578247 0.0898129940032959 3.20833325386047
1 0 0
-0.0729166641831398 0.183562994003296 12.7800197601318
0.0729166641831398 0.183562994003296 12.6341867446899
0.0729166641831398 0.183562994003296 3.20833325386047
0 1 0
0.0729166641831398 0.183562994003296 12.6341867446899
-0.0729166641831398 0.183562994003296 12.7800197601318
4.38484239578247 0.183562994003296 12.6341867446899
0 1 0
-0.0729166641831398 0.183562994003296 3.0625
0.0729166641831398 0.183562994003296 3.20833325386047
4.38484239578247 0.183562994003296 3.20833325386047
0 1 0
0.0729166641831398 0.183562994003296 3.20833325386047
-0.0729166641831398 0.183562994003296 3.0625
-0.0729166641831398 0.183562994003296 12.7800197601318
0 1 0
4.38484239578247 0.183562994003296 12.6341867446899
4.53067588806152 0.183562994003296 12.7800197601318
4.38484239578247 0.183562994003296 3.20833325386047
0 1 0
4.53067588806152 0.183562994003296 12.7800197601318
4.38484239578247 0.183562994003296 12.6341867446899
-0.0729166641831398 0.183562994003296 12.7800197601318
0 1 0
4.38484239578247 0.183562994003296 3.20833325386047
4.53067588806152 0.183562994003296 3.0625
-0.0729166641831398 0.183562994003296 3.0625
0 1 0
4.53067588806152 0.183562994003296 3.0625
4.38484239578247 0.183562994003296 3.20833325386047
4.53067588806152 0.183562994003296 12.7800197601318
0 1 0
4.53067588806152 0.0377296581864357 12.7800197601318
4.38484239578247 0.0377296581864357 12.6341867446899
4.38484239578247 0.0377296581864357 3.20833325386047
0 -1 0
4.38484239578247 0.0377296581864357 12.6341867446899
4.53067588806152 0.0377296581864357 12.7800197601318
0.0729166641831398 0.0377296581864357 12.6341867446899
0 -1 0
4.53067588806152 0.0377296581864357 3.0625
4.38484239578247 0.0377296581864357 3.20833325386047
0.0729166641831398 0.0377296581864357 3.20833325386047
0 -1 0
4.38484239578247 0.0377296581864357 3.20833325386047
4.53067588806152 0.0377296581864357 3.0625
4.53067588806152 0.0377296581864357 12.7800197601318
0 -1 0
0.0729166641831398 0.0377296581864357 12.6341867446899
-0.0729166641831398 0.0377296581864357 12.7800197601318
0.0729166641831398 0.0377296581864357 3.20833325386047
0 -1 0
-0.0729166641831398 0.0377296581864357 12.7800197601318
0.0729166641831398 0.0377296581864357 12.6341867446899
4.53067588806152 0.0377296581864357 12.7800197601318
0 -1 0
0.0729166641831398 0.0377296581864357 3.20833325386047
-0.0729166641831398 0.0377296581864357 3.0625
4.53067588806152 0.0377296581864357 3.0625
0 -1 0
-0.0729166641831398 0.0377296581864357 3.0625
0.0729166641831398 0.0377296581864357 3.20833325386047
-0.0729166641831398 0.0377296581864357 12.7800197601318
0 -1 0
-0.0729166641831398 0.183562994003296 12.7800197601318
-0.0729166641831398 0.0377296581864357 12.7800197601318
4.53067588806152 0.0377296581864357 12.7800197601318
0 0 1
4.53067588806152 0.0377296581864357 12.7800197601318
4.53067588806152 0.183562994003296 12.7800197601318
-0.0729166641831398 0.183562994003296 12.7800197601318
0 0 1
4.53067588806152 0.183562994003296 12.7800197601318
4.53067588806152 0.0377296581864357 12.7800197601318
4.53067588806152 0.0377296581864357 3.0625
1 0 0
4.53067588806152 0.0377296581864357 3.0625
4.53067588806152 0.183562994003296 3.0625
4.53067588806152 0.183562994003296 12.7800197601318
1 0 0
4.53067588806152 0.183562994003296 3.0625
4.53067588806152 0.0377296581864357 3.0625
-0.0729166641831398 0.0377296581864357 3.0625
0 0 -1
-0.0729166641831398 0.0377296581864357 3.0625
-0.0729166641831398 0.183562994003296 3.0625
4.53067588806152 0.183562994003296 3.0625
0 0 -1
-0.0729166641831398 0.183562994003296 3.0625
-0.0729166641831398 0.0377296581864357 3.0625
-0.0729166641831398 0.0377296581864357 12.7800197601318
-1 0 4.56998518391233E-17
-0.0729166641831398 0.0377296581864357 12.7800197601318
-0.0729166641831398 0.183562994003296 12.7800197601318
-0.0729166641831398 0.183562994003296 3.0625
-1 0 4.56998518391233E-17
0.0729166641831398 0.183562994003296 12.6341867446899
0.0729166641831398 0.0377296581864357 12.6341867446899
0.0729166641831398 0.0377296581864357 3.20833325386047
1 0 0
0.0729166641831398 0.0377296581864357 3.20833325386047
0.0729166641831398 0.183562994003296 3.20833325386047
0.0729166641831398 0.183562994003296 12.6341867446899
1 0 0
0.0729166641831398 0.183562994003296 3.20833325386047
0.0729166641831398 0.0377296581864357 3.20833325386047
4.38484239578247 0.0377296581864357 3.20833325386047
-1.02990919832074E-16 0 1
4.38484239578247 0.0377296581864357 3.20833325386047
4.38484239578247 0.183562994003296 3.20833325386047
0.0729166641831398 0.183562994003296 3.20833325386047
-1.02990919832074E-16 0 1
4.38484239578247 0.183562994003296 3.20833325386047
4.38484239578247 0.0377296581864357 3.20833325386047
4.38484239578247 0.0377296581864357 12.6341867446899
-1 0 0
4.38484239578247 0.0377296581864357 12.6341867446899
4.38484239578247 0.183562994003296 12.6341867446899
4.38484239578247 0.183562994003296 3.20833325386047
-1 0 0
4.38484239578247 0.183562994003296 12.6341867446899
4.38484239578247 0.0377296581864357 12.6341867446899
0.0729166641831398 0.0377296581864357 12.6341867446899
0 0 -1
0.0729166641831398 0.0377296581864357 12.6341867446899
0.0729166641831398 0.183562994003296 12.6341867446899
4.38484239578247 0.183562994003296 12.6341867446899
0 0 -1
-4.59317588806152 -0.108103677630425 12.8425197601318
-4.48900938034058 -0.108103677630425 12.7383527755737
-4.48900938034058 -0.108103677630425 3.10416674613953
0 1 0
-4.48900938034058 -0.108103677630425 12.7383527755737
-4.59317588806152 -0.108103677630425 12.8425197601318
4.48900938034058 -0.108103677630425 12.7383527755737
0 1 0
-4.59317588806152 -0.108103677630425 3
-4.48900938034058 -0.108103677630425 3.10416674613953
4.48900938034058 -0.108103677630425 3.10416674613953
0 1 0
-4.48900938034058 -0.108103677630425 3.10416674613953
-4.59317588806152 -0.108103677630425 3
-4.59317588806152 -0.108103677630425 12.8425197601318
0 1 0
4.48900938034058 -0.108103677630425 12.7383527755737
4.59317588806152 -0.108103677630425 12.8425197601318
4.48900938034058 -0.108103677630425 3.10416674613953
0 1 0
4.59317588806152 -0.108103677630425 12.8425197601318
4.48900938034058 -0.108103677630425 12.7383527755737
-4.59317588806152 -0.108103677630425 12.8425197601318
0 1 0
4.48900938034058 -0.108103677630425 3.10416674613953
4.59317588806152 -0.108103677630425 3
-4.59317588806152 -0.108103677630425 3
0 1 0
4.59317588806152 -0.108103677630425 3
4.48900938034058 -0.108103677630425 3.10416674613953
4.59317588806152 -0.108103677630425 12.8425197601318
0 1 0
4.59317588806152 -0.246062994003296 12.8425197601318
4.48900938034058 -0.246062994003296 12.7383527755737
4.48900938034058 -0.246062994003296 3.10416674613953
0 -1 0
4.48900938034058 -0.246062994003296 12.7383527755737
4.59317588806152 -0.246062994003296 12.8425197601318
-4.48900938034058 -0.246062994003296 12.7383527755737
0 -1 0
4.59317588806152 -0.246062994003296 3
4.48900938034058 -0.246062994003296 3.10416674613953
-4.48900938034058 -0.246062994003296 3.10416674613953
0 -1 0
4.48900938034058 -0.246062994003296 3.10416674613953
4.59317588806152 -0.246062994003296 3
4.59317588806152 -0.246062994003296 12.8425197601318
0 -1 0
-4.48900938034058 -0.246062994003296 12.7383527755737
-4.59317588806152 -0.246062994003296 12.8425197601318
-4.48900938034058 -0.246062994003296 3.10416674613953
0 -1 0
-4.59317588806152 -0.246062994003296 12.8425197601318
-4.48900938034058 -0.246062994003296 12.7383527755737
4.59317588806152 -0.246062994003296 12.8425197601318
0 -1 0
-4.48900938034058 -0.246062994003296 3.10416674613953
-4.59317588806152 -0.246062994003296 3
4.59317588806152 -0.246062994003296 3
0 -1 0
-4.59317588806152 -0.246062994003296 3
-4.48900938034058 -0.246062994003296 3.10416674613953
-4.59317588806152 -0.246062994003296 12.8425197601318
0 -1 0
-4.59317588806152 -0.108103677630425 12.8425197601318
-4.59317588806152 -0.246062994003296 12.8425197601318
4.59317588806152 -0.246062994003296 12.8425197601318
0 0 1
4.59317588806152 -0.246062994003296 12.8425197601318
4.59317588806152 -0.108103677630425 12.8425197601318
-4.59317588806152 -0.108103677630425 12.8425197601318
0 0 1
4.59317588806152 -0.108103677630425 12.8425197601318
4.59317588806152 -0.246062994003296 12.8425197601318
4.59317588806152 -0.246062994003296 3
1 0 0
4.59317588806152 -0.246062994003296 3
4.59317588806152 -0.108103677630425 3
4.59317588806152 -0.108103677630425 12.8425197601318
1 0 0
4.59317588806152 -0.108103677630425 3
4.59317588806152 -0.246062994003296 3
-4.59317588806152 -0.246062994003296 3
0 0 -1
-4.59317588806152 -0.246062994003296 3
-4.59317588806152 -0.108103677630425 3
4.59317588806152 -0.108103677630425 3
0 0 -1
-4.59317588806152 -0.108103677630425 3
-4.59317588806152 -0.246062994003296 3
-4.59317588806152 -0.246062994003296 12.8425197601318
-1 0 -9.02389274415327E-17
-4.59317588806152 -0.246062994003296 12.8425197601318
-4.59317588806152 -0.108103677630425 12.8425197601318
-4.59317588806152 -0.108103677630425 3
-1 0 -9.02389274415327E-17
-4.48900938034058 -0.108103677630425 12.7383527755737
-4.48900938034058 -0.246062994003296 12.7383527755737
-4.48900938034058 -0.246062994003296 3.10416674613953
1 0 9.21902885491565E-17
-4.48900938034058 -0.246062994003296 3.10416674613953
-4.48900938034058 -0.108103677630425 3.10416674613953
-4.48900938034058 -0.108103677630425 12.7383527755737
1 0 9.21902885491565E-17
-4.48900938034058 -0.108103677630425 3.10416674613953
-4.48900938034058 -0.246062994003296 3.10416674613953
4.48900938034058 -0.246062994003296 3.10416674613953
0 0 1
4.48900938034058 -0.246062994003296 3.10416674613953
4.48900938034058 -0.108103677630425 3.10416674613953
-4.48900938034058 -0.108103677630425 3.10416674613953
0 0 1
4.48900938034058 -0.108103677630425 3.10416674613953
4.48900938034058 -0.246062994003296 3.10416674613953
4.48900938034058 -0.246062994003296 12.7383527755737
-1 0 0
4.48900938034058 -0.246062994003296 12.7383527755737
4.48900938034058 -0.108103677630425 12.7383527755737
4.48900938034058 -0.108103677630425 3.10416674613953
-1 0 0
4.48900938034058 -0.108103677630425 12.7383527755737
4.48900938034058 -0.246062994003296 12.7383527755737
-4.48900938034058 -0.246062994003296 12.7383527755737
0 0 -1
-4.48900938034058 -0.246062994003296 12.7383527755737
-4.48900938034058 -0.108103677630425 12.7383527755737
4.48900938034058 -0.108103677630425 12.7383527755737
0 0 -1
4.59317588806152 -0.108103677630425 12.8425197601318
4.53067588806152 -0.108103677630425 12.7800197601318
4.53067588806152 -0.108103677630425 3.0625
0 -1 0
4.53067588806152 -0.108103677630425 12.7800197601318
4.59317588806152 -0.108103677630425 12.8425197601318
-4.53067588806152 -0.108103677630425 12.7800197601318
0 -1 0
4.59317588806152 -0.108103677630425 3
4.53067588806152 -0.108103677630425 3.0625
-4.53067588806152 -0.108103677630425 3.0625
0 -1 0
4.53067588806152 -0.108103677630425 3.0625
4.59317588806152 -0.108103677630425 3
4.59317588806152 -0.108103677630425 12.8425197601318
0 -1 0
-4.53067588806152 -0.108103677630425 12.7800197601318
-4.59317588806152 -0.108103677630425 12.8425197601318
-4.53067588806152 -0.108103677630425 3.0625
0 -1 0
-4.59317588806152 -0.108103677630425 12.8425197601318
-4.53067588806152 -0.108103677630425 12.7800197601318
4.59317588806152 -0.108103677630425 12.8425197601318
0 -1 0
-4.53067588806152 -0.108103677630425 3.0625
-4.59317588806152 -0.108103677630425 3
4.59317588806152 -0.108103677630425 3
0 -1 0
-4.59317588806152 -0.108103677630425 3
-4.53067588806152 -0.108103677630425 3.0625
-4.59317588806152 -0.108103677630425 12.8425197601318
0 -1 0
-4.59317588806152 0.246062994003296 12.8425197601318
-4.53067588806152 0.246062994003296 12.7800197601318
-4.53067588806152 0.246062994003296 3.0625
0 1 0
-4.53067588806152 0.246062994003296 12.7800197601318
-4.59317588806152 0.246062994003296 12.8425197601318
4.53067588806152 0.246062994003296 12.7800197601318
0 1 0
-4.59317588806152 0.246062994003296 3
-4.53067588806152 0.246062994003296 3.0625
4.53067588806152 0.246062994003296 3.0625
0 1 0
-4.53067588806152 0.246062994003296 3.0625
-4.59317588806152 0.246062994003296 3
-4.59317588806152 0.246062994003296 12.8425197601318
0 1 0
4.53067588806152 0.246062994003296 12.7800197601318
4.59317588806152 0.246062994003296 12.8425197601318
4.53067588806152 0.246062994003296 3.0625
0 1 0
4.59317588806152 0.246062994003296 12.8425197601318
4.53067588806152 0.246062994003296 12.7800197601318
-4.59317588806152 0.246062994003296 12.8425197601318
0 1 0
4.53067588806152 0.246062994003296 3.0625
4.59317588806152 0.246062994003296 3
-4.59317588806152 0.246062994003296 3
0 1 0
4.59317588806152 0.246062994003296 3
4.53067588806152 0.246062994003296 3.0625
4.59317588806152 0.246062994003296 12.8425197601318
0 1 0
4.59317588806152 -0.108103677630425 12.8425197601318
4.59317588806152 0.246062994003296 12.8425197601318
-4.59317588806152 0.246062994003296 12.8425197601318
0 0 1
-4.59317588806152 0.246062994003296 12.8425197601318
-4.59317588806152 -0.108103677630425 12.8425197601318
4.59317588806152 -0.108103677630425 12.8425197601318
0 0 1
-4.59317588806152 -0.108103677630425 12.8425197601318
-4.59317588806152 0.246062994003296 12.8425197601318
-4.59317588806152 0.246062994003296 3
-1 0 0
-4.59317588806152 0.246062994003296 3
-4.59317588806152 -0.108103677630425 3
-4.59317588806152 -0.108103677630425 12.8425197601318
-1 0 0
-4.59317588806152 -0.108103677630425 3
-4.59317588806152 0.246062994003296 3
4.59317588806152 0.246062994003296 3
0 0 -1
4.59317588806152 0.246062994003296 3
4.59317588806152 -0.108103677630425 3
-4.59317588806152 -0.108103677630425 3
0 0 -1
4.59317588806152 -0.108103677630425 3
4.59317588806152 0.246062994003296 3
4.59317588806152 0.246062994003296 12.8425197601318
1 0 -9.02389274415326E-17
4.59317588806152 0.246062994003296 12.8425197601318
4.59317588806152 -0.108103677630425 12.8425197601318
4.59317588806152 -0.108103677630425 3
1 0 -9.02389274415326E-17
4.53067588806152 -0.108103677630425 12.7800197601318
4.53067588806152 0.246062994003296 12.7800197601318
4.53067588806152 0.246062994003296 3.0625
-1 0 0
4.53067588806152 0.246062994003296 3.0625
4.53067588806152 -0.108103677630425 3.0625
4.53067588806152 -0.108103677630425 12.7800197601318
-1 0 0
4.53067588806152 -0.108103677630425 3.0625
4.53067588806152 0.246062994003296 3.0625
-4.53067588806152 0.246062994003296 3.0625
0 0 1
-4.53067588806152 0.246062994003296 3.0625
-4.53067588806152 -0.108103677630425 3.0625
4.53067588806152 -0.108103677630425 3.0625
0 0 1
-4.53067588806152 -0.108103677630425 3.0625
-4.53067588806152 0.246062994003296 3.0625
-4.53067588806152 0.246062994003296 12.7800197601318
1 0 0
-4.53067588806152 0.246062994003296 12.7800197601318
-4.53067588806152 -0.108103677630425 12.7800197601318
-4.53067588806152 -0.108103677630425 3.0625
1 0 0
-4.53067588806152 -0.108103677630425 12.7800197601318
-4.53067588806152 0.246062994003296 12.7800197601318
4.53067588806152 0.246062994003296 12.7800197601318
0 0 -1
4.53067588806152 0.246062994003296 12.7800197601318
4.53067588806152 -0.108103677630425 12.7800197601318
-4.53067588806152 -0.108103677630425 12.7800197601318
0 0 -1
[HEADER]
354832,2800 x 3000mm 2,6
426.612345637138 204.385129689222 -14.7782152230971
1
-1.57467900726635E-15 -1 0
1 -1.57467900726635E-15 0
0 0 1
[HEADER]
354878,2800 x 3000mm 2,6
426.612345637138 226.038672996309 -14.7782152230971
1
-1.57467900726635E-15 -1 0
1 -1.57467900726635E-15 0
0 0 1
[HEADER]
354901,2800 x 3000mm 2,6
426.612345637138 236.537360660351 -14.7782152230971
1
-1.57467900726635E-15 -1 0
1 -1.57467900726635E-15 0
0 0 1
[HEADER]
354918,2800 x 3000mm 2,6
426.612345637138 247.692216303395 -14.7782152230971
1
-1.57467900726635E-15 -1 0
1 -1.57467900726635E-15 0
0 0 1
[HEADER]
354944,2800 x 3000mm 2,6
426.612345637138 258.190903967437 -14.7782152230971
1
1.57467900726635E-15 1 0
-1 1.57467900726635E-15 0
0 0 1
[HEADER]
354982,2800 x 3000mm 2,6
426.612345637138 269.345759610482 -14.7782152230971
1
-1.57467900726635E-15 -1 0
1 -1.57467900726635E-15 0
0 0 1
[HEADER]
355028,2800 x 3000mm 2,6
426.612345637138 279.844447274524 -14.7782152230971
1
1.57467900726635E-15 1 0
-1 1.57467900726635E-15 0
0 0 1
[HEADER]
355077,2800 x 3000mm 2,6
426.612345637138 290.671218928067 -14.7782152230971
1
1.57467900726635E-15 1 0
-1 1.57467900726635E-15 0
0 0 1
[HEADER]
355112,2800 x 3000mm 2,6
426.612345637138 301.853607921855 -14.7782152230971
1
-1.57467900726635E-15 -1 0
1 -1.57467900726635E-15 0
0 0 1
[HEADER]
355349,1830 x 1220mm,6
402.859064871873 149.16331920691 -11.8110236220472
1
-2.69317592320626E-15 -1 0
1 -2.69317592320626E-15 0
0 0 1
[HEADER]
355384,1830 x 1220mm,6
402.859064871873 143.585891385388 -11.8110236220472
1
-2.69317592320626E-15 -1 0
1 -2.69317592320626E-15 0
0 0 1
[HEADER]
355435,1830 x 1220mm,6
402.859064871873 138.008463563866 -11.8110236220472
1
-2.69317592320626E-15 -1 0
1 -2.69317592320626E-15 0
0 0 1
[HEADER]
355530,1830 x 1220mm,6
406.467988756387 134.290451678766 -11.8110236220472
1
1 -3.32260691947474E-15 0
3.32260691947474E-15 1 0
0 0 1
[HEADER]
355598,1830 x 1220mm,6
413.029668546414 134.290451678766 -11.8110236220472
1
1 -3.32260691947474E-15 0
3.32260691947474E-15 1 0
0 0 1
[HEADER]
355674,1830 x 1220mm,6
419.263264346939 134.290451678766 -11.8110236220472
1
1 -3.32260691947474E-15 0
3.32260691947474E-15 1 0
0 0 1
[HEADER]
355713,1830 x 1220mm,6
424.912258221705 134.290451678766 -11.8110236220472
1
1 -3.32260691947474E-15 0
3.32260691947474E-15 1 0
0 0 1
[HEADER]
355787,1830 x 1220mm,6
428.52118210622 137.89937556328 -11.8110236220472
1
-2.69317592320626E-15 -1 0
1 -2.69317592320626E-15 0
0 0 1
[HEADER]
355842,1830 x 1220mm,6
428.52118210622 143.804887374304 -11.8110236220472
1
-2.69317592320626E-15 -1 0
1 -2.69317592320626E-15 0
0 0 1
[HEADER]
355901,1830 x 1220mm,6
428.52118210622 149.819487185913 -11.8110236220472
1
-2.69317592320626E-15 -1 0
1 -2.69317592320626E-15 0
0 0 1
[HEADER]
423367,1830 x 1220mm 2,902
364.555259025532 151.131823143918 -11.8110236220472
1
-2.97439898176386E-15 -1 0
1 -2.97439898176386E-15 0
0 0 1
-3.07250666618347 -0.0143536748364568 7.69849061965942
-0.0729166641831398 -0.0143536748364568 7.69849061965942
-0.0729166641831398 -0.0143536748364568 0.241141736507416
0 1 0
-0.0729166641831398 -0.0143536748364568 0.241141736507416
-3.07250666618347 -0.0143536748364568 0.241141736507416
-3.07250666618347 -0.0143536748364568 7.69849061965942
0 1 0
-0.0729166641831398 -0.0560203418135643 0.241141736507416
-0.0729166641831398 -0.0560203418135643 7.69849061965942
-3.07250666618347 -0.0560203418135643 7.69849061965942
0 -1 0
-3.07250666618347 -0.0560203418135643 7.69849061965942
-3.07250666618347 -0.0560203418135643 0.241141736507416
-0.0729166641831398 -0.0560203418135643 0.241141736507416
0 -1 0
-3.07250666618347 -0.0143536748364568 0.241141736507416
-3.07250666618347 -0.0560203418135643 0.241141736507416
-3.07250666618347 -0.0560203418135643 7.69849061965942
-1 0 0
-3.07250666618347 -0.0560203418135643 7.69849061965942
-3.07250666618347 -0.0143536748364568 7.69849061965942
-3.07250666618347 -0.0143536748364568 0.241141736507416
-1 0 0
-3.07250666618347 -0.0143536748364568 7.69849061965942
-3.07250666618347 -0.0560203418135643 7.69849061965942
-0.0729166641831398 -0.0560203418135643 7.69849061965942
0 0 1
-0.0729166641831398 -0.0560203418135643 7.69849061965942
-0.0729166641831398 -0.0143536748364568 7.69849061965942
-3.07250666618347 -0.0143536748364568 7.69849061965942
0 0 1
-0.0729166641831398 -0.0143536748364568 7.69849061965942
-0.0729166641831398 -0.0560203418135643 7.69849061965942
-0.0729166641831398 -0.0560203418135643 0.241141736507416
1 0 0
-0.0729166641831398 -0.0560203418135643 0.241141736507416
-0.0729166641831398 -0.0143536748364568 0.241141736507416
-0.0729166641831398 -0.0143536748364568 7.69849061965942
1 0 0
-0.0729166641831398 -0.0143536748364568 0.241141736507416
-0.0729166641831398 -0.0560203418135643 0.241141736507416
-3.07250666618347 -0.0560203418135643 0.241141736507416
0 0 -1
-3.07250666618347 -0.0560203418135643 0.241141736507416
-3.07250666618347 -0.0143536748364568 0.241141736507416
-0.0729166641831398 -0.0143536748364568 0.241141736507416
0 0 -1
-3.21833992004395 0.0377296581864357 7.84432411193848
-3.07250666618347 0.0377296581864357 7.69849061965942
-3.07250666618347 0.0377296581864357 0.241141736507416
0 1 0
-3.07250666618347 0.0377296581864357 7.69849061965942
-3.21833992004395 0.0377296581864357 7.84432411193848
-0.0729166641831398 0.0377296581864357 7.69849061965942
0 1 0
-3.21833992004395 0.0377296581864357 0.0953084006905556
-3.07250666618347 0.0377296581864357 0.241141736507416
-0.0729166641831398 0.0377296581864357 0.241141736507416
0 1 0
-3.07250666618347 0.0377296581864357 0.241141736507416
-3.21833992004395 0.0377296581864357 0.0953084006905556
-3.21833992004395 0.0377296581864357 7.84432411193848
0 1 0
-0.0729166641831398 0.0377296581864357 7.69849061965942
0.0729166641831398 0.0377296581864357 7.84432411193848
-0.0729166641831398 0.0377296581864357 0.241141736507416
0 1 0
0.0729166641831398 0.0377296581864357 7.84432411193848
-0.0729166641831398 0.0377296581864357 7.69849061965942
-3.21833992004395 0.0377296581864357 7.84432411193848
0 1 0
-0.0729166641831398 0.0377296581864357 0.241141736507416
0.0729166641831398 0.0377296581864357 0.0953084006905556
-3.21833992004395 0.0377296581864357 0.0953084006905556
0 1 0
0.0729166641831398 0.0377296581864357 0.0953084006905556
-0.0729166641831398 0.0377296581864357 0.241141736507416
0.0729166641831398 0.0377296581864357 7.84432411193848
0 1 0
0.0729166641831398 -0.108103677630425 7.84432411193848
-0.0729166641831398 -0.108103677630425 7.69849061965942
-0.0729166641831398 -0.108103677630425 0.241141736507416
0 -1 0
-0.0729166641831398 -0.108103677630425 7.69849061965942
0.0729166641831398 -0.108103677630425 7.84432411193848
-3.07250666618347 -0.108103677630425 7.69849061965942
0 -1 0
0.0729166641831398 -0.108103677630425 0.0953084006905556
-0.0729166641831398 -0.108103677630425 0.241141736507416
-3.07250666618347 -0.108103677630425 0.241141736507416
0 -1 0
-0.0729166641831398 -0.108103677630425 0.241141736507416
0.0729166641831398 -0.108103677630425 0.0953084006905556
0.0729166641831398 -0.108103677630425 7.84432411193848
0 -1 0
-3.07250666618347 -0.108103677630425 7.69849061965942
-3.21833992004395 -0.108103677630425 7.84432411193848
-3.07250666618347 -0.108103677630425 0.241141736507416
0 -1 0
-3.21833992004395 -0.108103677630425 7.84432411193848
-3.07250666618347 -0.108103677630425 7.69849061965942
0.0729166641831398 -0.108103677630425 7.84432411193848
0 -1 0
-3.07250666618347 -0.108103677630425 0.241141736507416
-3.21833992004395 -0.108103677630425 0.0953084006905556
0.0729166641831398 -0.108103677630425 0.0953084006905556
0 -1 0
-3.21833992004395 -0.108103677630425 0.0953084006905556
-3.07250666618347 -0.108103677630425 0.241141736507416
-3.21833992004395 -0.108103677630425 7.84432411193848
0 -1 0
-3.21833992004395 0.0377296581864357 7.84432411193848
-3.21833992004395 -0.108103677630425 7.84432411193848
0.0729166641831398 -0.108103677630425 7.84432411193848
0 0 1
0.0729166641831398 -0.108103677630425 7.84432411193848
0.0729166641831398 0.0377296581864357 7.84432411193848
-3.21833992004395 0.0377296581864357 7.84432411193848
0 0 1
0.0729166641831398 0.0377296581864357 7.84432411193848
0.0729166641831398 -0.108103677630425 7.84432411193848
0.0729166641831398 -0.108103677630425 0.0953084006905556
1 0 0
0.0729166641831398 -0.108103677630425 0.0953084006905556
0.0729166641831398 0.0377296581864357 0.0953084006905556
0.0729166641831398 0.0377296581864357 7.84432411193848
1 0 0
0.0729166641831398 0.0377296581864357 0.0953084006905556
0.0729166641831398 -0.108103677630425 0.0953084006905556
-3.21833992004395 -0.108103677630425 0.0953084006905556
0 0 -1
-3.21833992004395 -0.108103677630425 0.0953084006905556
-3.21833992004395 0.0377296581864357 0.0953084006905556
0.0729166641831398 0.0377296581864357 0.0953084006905556
0 0 -1
-3.21833992004395 0.0377296581864357 0.0953084006905556
-3.21833992004395 -0.108103677630425 0.0953084006905556
-3.21833992004395 -0.108103677630425 7.84432411193848
-1 0 0
-3.21833992004395 -0.108103677630425 7.84432411193848
-3.21833992004395 0.0377296581864357 7.84432411193848
-3.21833992004395 0.0377296581864357 0.0953084006905556
-1 0 0
-3.07250666618347 0.0377296581864357 7.69849061965942
-3.07250666618347 -0.108103677630425 7.69849061965942
-3.07250666618347 -0.108103677630425 0.241141736507416
1 0 0
-3.07250666618347 -0.108103677630425 0.241141736507416
-3.07250666618347 0.0377296581864357 0.241141736507416
-3.07250666618347 0.0377296581864357 7.69849061965942
1 0 0
-3.07250666618347 0.0377296581864357 0.241141736507416
-3.07250666618347 -0.108103677630425 0.241141736507416
-0.0729166641831398 -0.108103677630425 0.241141736507416
-1.48049975294413E-16 0 1
-0.0729166641831398 -0.108103677630425 0.241141736507416
-0.0729166641831398 0.0377296581864357 0.241141736507416
-3.07250666618347 0.0377296581864357 0.241141736507416
-1.48049975294413E-16 0 1
-0.0729166641831398 0.0377296581864357 0.241141736507416
-0.0729166641831398 -0.108103677630425 0.241141736507416
-0.0729166641831398 -0.108103677630425 7.69849061965942
-1 0 0
-0.0729166641831398 -0.108103677630425 7.69849061965942
-0.0729166641831398 0.0377296581864357 7.69849061965942
-0.0729166641831398 0.0377296581864357 0.241141736507416
-1 0 0
-0.0729166641831398 0.0377296581864357 7.69849061965942
-0.0729166641831398 -0.108103677630425 7.69849061965942
-3.07250666618347 -0.108103677630425 7.69849061965942
0 0 -1
-3.07250666618347 -0.108103677630425 7.69849061965942
-3.07250666618347 0.0377296581864357 7.69849061965942
-0.0729166641831398 0.0377296581864357 7.69849061965942
0 0 -1
3.51000666618347 0.350229650735855 0.0953084006905556
3.51000666618347 0.350229650735855 0.0328084006905556
-3.51000666618347 0.350229650735855 0.0328084006905556
0 1 0
-3.51000666618347 0.350229650735855 0.0328084006905556
-3.51000666618347 0.350229650735855 0.0953084006905556
3.51000666618347 0.350229650735855 0.0953084006905556
0 1 0
-3.51000666618347 0.246062994003296 0.0328084006905556
3.51000666618347 0.246062994003296 0.0328084006905556
3.51000666618347 0.246062994003296 0.0953084006905556
0 -1 0
3.51000666618347 0.246062994003296 0.0953084006905556
-3.51000666618347 0.246062994003296 0.0953084006905556
-3.51000666618347 0.246062994003296 0.0328084006905556
0 -1 0
-3.51000666618347 0.350229650735855 0.0953084006905556
-3.51000666618347 0.246062994003296 0.0953084006905556
3.51000666618347 0.246062994003296 0.0953084006905556
0 0 1
3.51000666618347 0.246062994003296 0.0953084006905556
3.51000666618347 0.350229650735855 0.0953084006905556
-3.51000666618347 0.350229650735855 0.0953084006905556
0 0 1
3.51000666618347 0.350229650735855 0.0953084006905556
3.51000666618347 0.246062994003296 0.0953084006905556
3.51000666618347 0.246062994003296 0.0328084006905556
1 0 0
3.51000666618347 0.246062994003296 0.0328084006905556
3.51000666618347 0.350229650735855 0.0328084006905556
3.51000666618347 0.350229650735855 0.0953084006905556
1 0 0
3.51000666618347 0.350229650735855 0.0328084006905556
3.51000666618347 0.246062994003296 0.0328084006905556
-3.51000666618347 0.246062994003296 0.0328084006905556
0 0 -1
-3.51000666618347 0.246062994003296 0.0328084006905556
-3.51000666618347 0.350229650735855 0.0328084006905556
3.51000666618347 0.350229650735855 0.0328084006905556
0 0 -1
-3.51000666618347 0.350229650735855 0.0328084006905556
-3.51000666618347 0.246062994003296 0.0328084006905556
-3.51000666618347 0.246062994003296 0.0953084006905556
-1 0 0
-3.51000666618347 0.246062994003296 0.0953084006905556
-3.51000666618347 0.350229650735855 0.0953084006905556
-3.51000666618347 0.350229650735855 0.0328084006905556
-1 0 0
3.51000666618347 0.308562994003296 8.13599109649658
3.21833992004395 0.308562994003296 7.84432411193848
-3.21833992004395 0.308562994003296 7.84432411193848
0 1 0
3.21833992004395 0.308562994003296 7.84432411193848
3.51000666618347 0.308562994003296 8.13599109649658
3.51000666618347 0.308562994003296 0.0953084006905556
0 1 0
-3.51000666618347 0.308562994003296 8.13599109649658
-3.21833992004395 0.308562994003296 7.84432411193848
-3.51000666618347 0.308562994003296 0.0953084006905556
0 1 0
-3.21833992004395 0.308562994003296 7.84432411193848
-3.51000666618347 0.308562994003296 8.13599109649658
3.51000666618347 0.308562994003296 8.13599109649658
0 1 0
3.51000666618347 0.308562994003296 0.0953084006905556
3.21833992004395 0.308562994003296 0.0953084006905556
3.21833992004395 0.308562994003296 7.84432411193848
0 1 0
-3.21833992004395 0.308562994003296 0.0953084006905556
-3.51000666618347 0.308562994003296 0.0953084006905556
-3.21833992004395 0.308562994003296 7.84432411193848
0 1 0
3.21833992004395 0.246062994003296 0.0953084006905556
3.51000666618347 0.246062994003296 0.0953084006905556
3.21833992004395 0.246062994003296 7.84432411193848
0 -1 0
-3.51000666618347 0.246062994003296 0.0953084006905556
-3.21833992004395 0.246062994003296 0.0953084006905556
-3.21833992004395 0.246062994003296 7.84432411193848
0 -1 0
3.21833992004395 0.246062994003296 7.84432411193848
3.51000666618347 0.246062994003296 8.13599109649658
-3.21833992004395 0.246062994003296 7.84432411193848
0 -1 0
3.51000666618347 0.246062994003296 8.13599109649658
3.21833992004395 0.246062994003296 7.84432411193848
3.51000666618347 0.246062994003296 0.0953084006905556
0 -1 0
-3.21833992004395 0.246062994003296 7.84432411193848
-3.51000666618347 0.246062994003296 8.13599109649658
-3.51000666618347 0.246062994003296 0.0953084006905556
0 -1 0
-3.51000666618347 0.246062994003296 8.13599109649658
-3.21833992004395 0.246062994003296 7.84432411193848
3.51000666618347 0.246062994003296 8.13599109649658
0 -1 0
-3.21833992004395 0.308562994003296 7.84432411193848
-3.21833992004395 0.246062994003296 7.84432411193848
-3.21833992004395 0.246062994003296 0.0953084006905556
1 0 0
-3.21833992004395 0.246062994003296 0.0953084006905556
-3.21833992004395 0.308562994003296 0.0953084006905556
-3.21833992004395 0.308562994003296 7.84432411193848
1 0 0
-3.21833992004395 0.308562994003296 0.0953084006905556
-3.21833992004395 0.246062994003296 0.0953084006905556
-3.51000666618347 0.246062994003296 0.0953084006905556
0 0 -1
-3.51000666618347 0.246062994003296 0.0953084006905556
-3.51000666618347 0.308562994003296 0.0953084006905556
-3.21833992004395 0.308562994003296 0.0953084006905556
0 0 -1
-3.51000666618347 0.308562994003296 0.0953084006905556
-3.51000666618347 0.246062994003296 0.0953084006905556
-3.51000666618347 0.246062994003296 8.13599109649658
-1 0 0
-3.51000666618347 0.246062994003296 8.13599109649658
-3.51000666618347 0.308562994003296 8.13599109649658
-3.51000666618347 0.308562994003296 0.0953084006905556
-1 0 0
-3.51000666618347 0.308562994003296 8.13599109649658
-3.51000666618347 0.246062994003296 8.13599109649658
3.51000666618347 0.246062994003296 8.13599109649658
0 0 1
3.51000666618347 0.246062994003296 8.13599109649658
3.51000666618347 0.308562994003296 8.13599109649658
-3.51000666618347 0.308562994003296 8.13599109649658
0 0 1
3.51000666618347 0.308562994003296 8.13599109649658
3.51000666618347 0.246062994003296 8.13599109649658
3.51000666618347 0.246062994003296 0.0953084006905556
1 0 0
3.51000666618347 0.246062994003296 0.0953084006905556
3.51000666618347 0.308562994003296 0.0953084006905556
3.51000666618347 0.308562994003296 8.13599109649658
1 0 0
3.51000666618347 0.308562994003296 0.0953084006905556
3.51000666618347 0.246062994003296 0.0953084006905556
3.21833992004395 0.246062994003296 0.0953084006905556
-3.04518315325769E-15 0 -1
3.21833992004395 0.246062994003296 0.0953084006905556
3.21833992004395 0.308562994003296 0.0953084006905556
3.51000666618347 0.308562994003296 0.0953084006905556
-3.04518315325769E-15 0 -1
3.21833992004395 0.308562994003296 0.0953084006905556
3.21833992004395 0.246062994003296 0.0953084006905556
3.21833992004395 0.246062994003296 7.84432411193848
-1 0 0
3.21833992004395 0.246062994003296 7.84432411193848
3.21833992004395 0.308562994003296 7.84432411193848
3.21833992004395 0.308562994003296 0.0953084006905556
-1 0 0
3.21833992004395 0.308562994003296 7.84432411193848
3.21833992004395 0.246062994003296 7.84432411193848
-3.21833992004395 0.246062994003296 7.84432411193848
0 0 -1
-3.21833992004395 0.246062994003296 7.84432411193848
-3.21833992004395 0.308562994003296 7.84432411193848
3.21833992004395 0.308562994003296 7.84432411193848
0 0 -1
-3.46833992004395 -0.308562994003296 8.09432411193848
-3.17667317390442 -0.308562994003296 7.80265760421753
3.17667317390442 -0.308562994003296 7.80265760421753
0 -1 0
-3.17667317390442 -0.308562994003296 7.80265760421753
-3.46833992004395 -0.308562994003296 8.09432411193848
-3.17667317390442 -0.308562994003296 0.136975064873695
0 -1 0
3.46833992004395 -0.308562994003296 8.09432411193848
3.17667317390442 -0.308562994003296 7.80265760421753
3.17667317390442 -0.308562994003296 0.136975064873695
0 -1 0
3.17667317390442 -0.308562994003296 7.80265760421753
3.46833992004395 -0.308562994003296 8.09432411193848
-3.46833992004395 -0.308562994003296 8.09432411193848
0 -1 0
-3.17667317390442 -0.308562994003296 0.136975064873695
-3.46833992004395 -0.308562994003296 -0.154691606760025
3.17667317390442 -0.308562994003296 0.136975064873695
0 -1 0
-3.46833992004395 -0.308562994003296 -0.154691606760025
-3.17667317390442 -0.308562994003296 0.136975064873695
-3.46833992004395 -0.308562994003296 8.09432411193848
0 -1 0
3.17667317390442 -0.308562994003296 0.136975064873695
3.46833992004395 -0.308562994003296 -0.154691606760025
3.46833992004395 -0.308562994003296 8.09432411193848
0 -1 0
3.46833992004395 -0.308562994003296 -0.154691606760025
3.17667317390442 -0.308562994003296 0.136975064873695
-3.46833992004395 -0.308562994003296 -0.154691606760025
0 -1 0
-3.46833992004395 -0.246062994003296 -0.154691606760025
-3.17667317390442 -0.246062994003296 0.136975064873695
3.17667317390442 -0.246062994003296 0.136975064873695
0 1 0
-3.17667317390442 -0.246062994003296 0.136975064873695
-3.46833992004395 -0.246062994003296 -0.154691606760025
-3.17667317390442 -0.246062994003296 7.80265760421753
0 1 0
3.46833992004395 -0.246062994003296 -0.154691606760025
3.17667317390442 -0.246062994003296 0.136975064873695
3.17667317390442 -0.246062994003296 7.80265760421753
0 1 0
3.17667317390442 -0.246062994003296 0.136975064873695
3.46833992004395 -0.246062994003296 -0.154691606760025
-3.46833992004395 -0.246062994003296 -0.154691606760025
0 1 0
-3.17667317390442 -0.246062994003296 7.80265760421753
-3.46833992004395 -0.246062994003296 8.09432411193848
3.17667317390442 -0.246062994003296 7.80265760421753
0 1 0
-3.46833992004395 -0.246062994003296 8.09432411193848
-3.17667317390442 -0.246062994003296 7.80265760421753
-3.46833992004395 -0.246062994003296 -0.154691606760025
0 1 0
3.17667317390442 -0.246062994003296 7.80265760421753
3.46833992004395 -0.246062994003296 8.09432411193848
3.46833992004395 -0.246062994003296 -0.154691606760025
0 1 0
3.46833992004395 -0.246062994003296 8.09432411193848
3.17667317390442 -0.246062994003296 7.80265760421753
-3.46833992004395 -0.246062994003296 8.09432411193848
0 1 0
3.17667317390442 -0.308562994003296 7.80265760421753
3.17667317390442 -0.246062994003296 7.80265760421753
3.17667317390442 -0.246062994003296 0.136975064873695
-1 0 0
3.17667317390442 -0.246062994003296 0.136975064873695
3.17667317390442 -0.308562994003296 0.136975064873695
3.17667317390442 -0.308562994003296 7.80265760421753
-1 0 0
3.17667317390442 -0.308562994003296 0.136975064873695
3.17667317390442 -0.246062994003296 0.136975064873695
-3.17667317390442 -0.246062994003296 0.136975064873695
0 0 1
-3.17667317390442 -0.246062994003296 0.136975064873695
-3.17667317390442 -0.308562994003296 0.136975064873695
3.17667317390442 -0.308562994003296 0.136975064873695
0 0 1
-3.17667317390442 -0.308562994003296 0.136975064873695
-3.17667317390442 -0.246062994003296 0.136975064873695
-3.17667317390442 -0.246062994003296 7.80265760421753
1 0 0
-3.17667317390442 -0.246062994003296 7.80265760421753
-3.17667317390442 -0.308562994003296 7.80265760421753
-3.17667317390442 -0.308562994003296 0.136975064873695
1 0 0
-3.17667317390442 -0.308562994003296 7.80265760421753
-3.17667317390442 -0.246062994003296 7.80265760421753
3.17667317390442 -0.246062994003296 7.80265760421753
0 0 -1
3.17667317390442 -0.246062994003296 7.80265760421753
3.17667317390442 -0.308562994003296 7.80265760421753
-3.17667317390442 -0.308562994003296 7.80265760421753
0 0 -1
3.46833992004395 -0.308562994003296 8.09432411193848
3.46833992004395 -0.246062994003296 8.09432411193848
-3.46833992004395 -0.246062994003296 8.09432411193848
0 0 1
-3.46833992004395 -0.246062994003296 8.09432411193848
-3.46833992004395 -0.308562994003296 8.09432411193848
3.46833992004395 -0.308562994003296 8.09432411193848
0 0 1
-3.46833992004395 -0.308562994003296 8.09432411193848
-3.46833992004395 -0.246062994003296 8.09432411193848
-3.46833992004395 -0.246062994003296 -0.154691606760025
-1 0 0
-3.46833992004395 -0.246062994003296 -0.154691606760025
-3.46833992004395 -0.308562994003296 -0.154691606760025
-3.46833992004395 -0.308562994003296 8.09432411193848
-1 0 0
-3.46833992004395 -0.308562994003296 -0.154691606760025
-3.46833992004395 -0.246062994003296 -0.154691606760025
3.46833992004395 -0.246062994003296 -0.154691606760025
1.28040856228822E-16 0 -1
3.46833992004395 -0.246062994003296 -0.154691606760025
3.46833992004395 -0.308562994003296 -0.154691606760025
-3.46833992004395 -0.308562994003296 -0.154691606760025
1.28040856228822E-16 0 -1
3.46833992004395 -0.308562994003296 -0.154691606760025
3.46833992004395 -0.246062994003296 -0.154691606760025
3.46833992004395 -0.246062994003296 8.09432411193848
1 0 0
3.46833992004395 -0.246062994003296 8.09432411193848
3.46833992004395 -0.308562994003296 8.09432411193848
3.46833992004395 -0.308562994003296 -0.154691606760025
1 0 0
0.0729166641831398 0.0898129940032959 7.69849061965942
0.0729166641831398 0.0898129940032959 0.241141736507416
3.07250666618347 0.0898129940032959 0.241141736507416
0 -1 0
3.07250666618347 0.0898129940032959 0.241141736507416
3.07250666618347 0.0898129940032959 7.69849061965942
0.0729166641831398 0.0898129940032959 7.69849061965942
0 -1 0
3.07250666618347 0.131479665637016 0.241141736507416
0.0729166641831398 0.131479665637016 0.241141736507416
0.0729166641831398 0.131479665637016 7.69849061965942
0 1 0
0.0729166641831398 0.131479665637016 7.69849061965942
3.07250666618347 0.131479665637016 7.69849061965942
3.07250666618347 0.131479665637016 0.241141736507416
0 1 0
3.07250666618347 0.0898129940032959 7.69849061965942
3.07250666618347 0.131479665637016 7.69849061965942
0.0729166641831398 0.131479665637016 7.69849061965942
0 0 1
0.0729166641831398 0.131479665637016 7.69849061965942
0.0729166641831398 0.0898129940032959 7.69849061965942
3.07250666618347 0.0898129940032959 7.69849061965942
0 0 1
0.0729166641831398 0.0898129940032959 7.69849061965942
0.0729166641831398 0.131479665637016 7.69849061965942
0.0729166641831398 0.131479665637016 0.241141736507416
-1 0 0
0.0729166641831398 0.131479665637016 0.241141736507416
0.0729166641831398 0.0898129940032959 0.241141736507416
0.0729166641831398 0.0898129940032959 7.69849061965942
-1 0 0
0.0729166641831398 0.0898129940032959 0.241141736507416
0.0729166641831398 0.131479665637016 0.241141736507416
3.07250666618347 0.131479665637016 0.241141736507416
1.48049975294413E-16 0 -1
3.07250666618347 0.131479665637016 0.241141736507416
3.07250666618347 0.0898129940032959 0.241141736507416
0.0729166641831398 0.0898129940032959 0.241141736507416
1.48049975294413E-16 0 -1
3.07250666618347 0.0898129940032959 0.241141736507416
3.07250666618347 0.131479665637016 0.241141736507416
3.07250666618347 0.131479665637016 7.69849061965942
1 0 0
3.07250666618347 0.131479665637016 7.69849061965942
3.07250666618347 0.0898129940032959 7.69849061965942
3.07250666618347 0.0898129940032959 0.241141736507416
1 0 0
-0.0729166641831398 0.183562994003296 7.84432411193848
0.0729166641831398 0.183562994003296 7.69849061965942
0.0729166641831398 0.183562994003296 0.241141736507416
0 1 0
0.0729166641831398 0.183562994003296 7.69849061965942
-0.0729166641831398 0.183562994003296 7.84432411193848
3.07250666618347 0.183562994003296 7.69849061965942
0 1 0
-0.0729166641831398 0.183562994003296 0.0953084006905556
0.0729166641831398 0.183562994003296 0.241141736507416
3.07250666618347 0.183562994003296 0.241141736507416
0 1 0
0.0729166641831398 0.183562994003296 0.241141736507416
-0.0729166641831398 0.183562994003296 0.0953084006905556
-0.0729166641831398 0.183562994003296 7.84432411193848
0 1 0
3.07250666618347 0.183562994003296 7.69849061965942
3.21833992004395 0.183562994003296 7.84432411193848
3.07250666618347 0.183562994003296 0.241141736507416
0 1 0
3.21833992004395 0.183562994003296 7.84432411193848
3.07250666618347 0.183562994003296 7.69849061965942
-0.0729166641831398 0.183562994003296 7.84432411193848
0 1 0
3.07250666618347 0.183562994003296 0.241141736507416
3.21833992004395 0.183562994003296 0.0953084006905556
-0.0729166641831398 0.183562994003296 0.0953084006905556
0 1 0
3.21833992004395 0.183562994003296 0.0953084006905556
3.07250666618347 0.183562994003296 0.241141736507416
3.21833992004395 0.183562994003296 7.84432411193848
0 1 0
3.21833992004395 0.0377296581864357 7.84432411193848
3.07250666618347 0.0377296581864357 7.69849061965942
3.07250666618347 0.0377296581864357 0.241141736507416
0 -1 0
3.07250666618347 0.0377296581864357 7.69849061965942
3.21833992004395 0.0377296581864357 7.84432411193848
0.0729166641831398 0.0377296581864357 7.69849061965942
0 -1 0
3.21833992004395 0.0377296581864357 0.0953084006905556
3.07250666618347 0.0377296581864357 0.241141736507416
0.0729166641831398 0.0377296581864357 0.241141736507416
0 -1 0
3.07250666618347 0.0377296581864357 0.241141736507416
3.21833992004395 0.0377296581864357 0.0953084006905556
3.21833992004395 0.0377296581864357 7.84432411193848
0 -1 0
0.0729166641831398 0.0377296581864357 7.69849061965942
-0.0729166641831398 0.0377296581864357 7.84432411193848
0.0729166641831398 0.0377296581864357 0.241141736507416
0 -1 0
-0.0729166641831398 0.0377296581864357 7.84432411193848
0.0729166641831398 0.0377296581864357 7.69849061965942
3.21833992004395 0.0377296581864357 7.84432411193848
0 -1 0
0.0729166641831398 0.0377296581864357 0.241141736507416
-0.0729166641831398 0.0377296581864357 0.0953084006905556
3.21833992004395 0.0377296581864357 0.0953084006905556
0 -1 0
-0.0729166641831398 0.0377296581864357 0.0953084006905556
0.0729166641831398 0.0377296581864357 0.241141736507416
-0.0729166641831398 0.0377296581864357 7.84432411193848
0 -1 0
-0.0729166641831398 0.183562994003296 7.84432411193848
-0.0729166641831398 0.0377296581864357 7.84432411193848
3.21833992004395 0.0377296581864357 7.84432411193848
0 0 1
3.21833992004395 0.0377296581864357 7.84432411193848
3.21833992004395 0.183562994003296 7.84432411193848
-0.0729166641831398 0.183562994003296 7.84432411193848
0 0 1
3.21833992004395 0.183562994003296 7.84432411193848
3.21833992004395 0.0377296581864357 7.84432411193848
3.21833992004395 0.0377296581864357 0.0953084006905556
1 0 0
3.21833992004395 0.0377296581864357 0.0953084006905556
3.21833992004395 0.183562994003296 0.0953084006905556
3.21833992004395 0.183562994003296 7.84432411193848
1 0 0
3.21833992004395 0.183562994003296 0.0953084006905556
3.21833992004395 0.0377296581864357 0.0953084006905556
-0.0729166641831398 0.0377296581864357 0.0953084006905556
0 0 -1
-0.0729166641831398 0.0377296581864357 0.0953084006905556
-0.0729166641831398 0.183562994003296 0.0953084006905556
3.21833992004395 0.183562994003296 0.0953084006905556
0 0 -1
-0.0729166641831398 0.183562994003296 0.0953084006905556
-0.0729166641831398 0.0377296581864357 0.0953084006905556
-0.0729166641831398 0.0377296581864357 7.84432411193848
-1 0 0
-0.0729166641831398 0.0377296581864357 7.84432411193848
-0.0729166641831398 0.183562994003296 7.84432411193848
-0.0729166641831398 0.183562994003296 0.0953084006905556
-1 0 0
0.0729166641831398 0.183562994003296 7.69849061965942
0.0729166641831398 0.0377296581864357 7.69849061965942
0.0729166641831398 0.0377296581864357 0.241141736507416
1 0 0
0.0729166641831398 0.0377296581864357 0.241141736507416
0.0729166641831398 0.183562994003296 0.241141736507416
0.0729166641831398 0.183562994003296 7.69849061965942
1 0 0
0.0729166641831398 0.183562994003296 0.241141736507416
0.0729166641831398 0.0377296581864357 0.241141736507416
3.07250666618347 0.0377296581864357 0.241141736507416
1.48049975294413E-16 0 1
3.07250666618347 0.0377296581864357 0.241141736507416
3.07250666618347 0.183562994003296 0.241141736507416
0.0729166641831398 0.183562994003296 0.241141736507416
1.48049975294413E-16 0 1
3.07250666618347 0.183562994003296 0.241141736507416
3.07250666618347 0.0377296581864357 0.241141736507416
3.07250666618347 0.0377296581864357 7.69849061965942
-1 0 0
3.07250666618347 0.0377296581864357 7.69849061965942
3.07250666618347 0.183562994003296 7.69849061965942
3.07250666618347 0.183562994003296 0.241141736507416
-1 0 0
3.07250666618347 0.183562994003296 7.69849061965942
3.07250666618347 0.0377296581864357 7.69849061965942
0.0729166641831398 0.0377296581864357 7.69849061965942
0 0 -1
0.0729166641831398 0.0377296581864357 7.69849061965942
0.0729166641831398 0.183562994003296 7.69849061965942
3.07250666618347 0.183562994003296 7.69849061965942
0 0 -1
-3.28083992004395 -0.108103677630425 7.90682411193848
-3.17667317390442 -0.108103677630425 7.80265760421753
-3.17667317390442 -0.108103677630425 0.136975064873695
0 1 0
-3.17667317390442 -0.108103677630425 7.80265760421753
-3.28083992004395 -0.108103677630425 7.90682411193848
3.17667317390442 -0.108103677630425 7.80265760421753
0 1 0
-3.28083992004395 -0.108103677630425 0.0328084006905556
-3.17667317390442 -0.108103677630425 0.136975064873695
3.17667317390442 -0.108103677630425 0.136975064873695
0 1 0
-3.17667317390442 -0.108103677630425 0.136975064873695
-3.28083992004395 -0.108103677630425 0.0328084006905556
-3.28083992004395 -0.108103677630425 7.90682411193848
0 1 0
3.17667317390442 -0.108103677630425 7.80265760421753
3.28083992004395 -0.108103677630425 7.90682411193848
3.17667317390442 -0.108103677630425 0.136975064873695
0 1 0
3.28083992004395 -0.108103677630425 7.90682411193848
3.17667317390442 -0.108103677630425 7.80265760421753
-3.28083992004395 -0.108103677630425 7.90682411193848
0 1 0
3.17667317390442 -0.108103677630425 0.136975064873695
3.28083992004395 -0.108103677630425 0.0328084006905556
-3.28083992004395 -0.108103677630425 0.0328084006905556
0 1 0
3.28083992004395 -0.108103677630425 0.0328084006905556
3.17667317390442 -0.108103677630425 0.136975064873695
3.28083992004395 -0.108103677630425 7.90682411193848
0 1 0
3.28083992004395 -0.246062994003296 7.90682411193848
3.17667317390442 -0.246062994003296 7.80265760421753
3.17667317390442 -0.246062994003296 0.136975064873695
0 -1 0
3.17667317390442 -0.246062994003296 7.80265760421753
3.28083992004395 -0.246062994003296 7.90682411193848
-3.17667317390442 -0.246062994003296 7.80265760421753
0 -1 0
3.28083992004395 -0.246062994003296 0.0328084006905556
3.17667317390442 -0.246062994003296 0.136975064873695
-3.17667317390442 -0.246062994003296 0.136975064873695
0 -1 0
3.17667317390442 -0.246062994003296 0.136975064873695
3.28083992004395 -0.246062994003296 0.0328084006905556
3.28083992004395 -0.246062994003296 7.90682411193848
0 -1 0
-3.17667317390442 -0.246062994003296 7.80265760421753
-3.28083992004395 -0.246062994003296 7.90682411193848
-3.17667317390442 -0.246062994003296 0.136975064873695
0 -1 0
-3.28083992004395 -0.246062994003296 7.90682411193848
-3.17667317390442 -0.246062994003296 7.80265760421753
3.28083992004395 -0.246062994003296 7.90682411193848
0 -1 0
-3.17667317390442 -0.246062994003296 0.136975064873695
-3.28083992004395 -0.246062994003296 0.0328084006905556
3.28083992004395 -0.246062994003296 0.0328084006905556
0 -1 0
-3.28083992004395 -0.246062994003296 0.0328084006905556
-3.17667317390442 -0.246062994003296 0.136975064873695
-3.28083992004395 -0.246062994003296 7.90682411193848
0 -1 0
-3.28083992004395 -0.108103677630425 7.90682411193848
-3.28083992004395 -0.246062994003296 7.90682411193848
3.28083992004395 -0.246062994003296 7.90682411193848
0 0 1
3.28083992004395 -0.246062994003296 7.90682411193848
3.28083992004395 -0.108103677630425 7.90682411193848
-3.28083992004395 -0.108103677630425 7.90682411193848
0 0 1
3.28083992004395 -0.108103677630425 7.90682411193848
3.28083992004395 -0.246062994003296 7.90682411193848
3.28083992004395 -0.246062994003296 0.0328084006905556
1 0 0
3.28083992004395 -0.246062994003296 0.0328084006905556
3.28083992004395 -0.108103677630425 0.0328084006905556
3.28083992004395 -0.108103677630425 7.90682411193848
1 0 0
3.28083992004395 -0.108103677630425 0.0328084006905556
3.28083992004395 -0.246062994003296 0.0328084006905556
-3.28083992004395 -0.246062994003296 0.0328084006905556
0 0 -1
-3.28083992004395 -0.246062994003296 0.0328084006905556
-3.28083992004395 -0.108103677630425 0.0328084006905556
3.28083992004395 -0.108103677630425 0.0328084006905556
0 0 -1
-3.28083992004395 -0.108103677630425 0.0328084006905556
-3.28083992004395 -0.246062994003296 0.0328084006905556
-3.28083992004395 -0.246062994003296 7.90682411193848
-1 0 0
-3.28083992004395 -0.246062994003296 7.90682411193848
-3.28083992004395 -0.108103677630425 7.90682411193848
-3.28083992004395 -0.108103677630425 0.0328084006905556
-1 0 0
-3.17667317390442 -0.108103677630425 7.80265760421753
-3.17667317390442 -0.246062994003296 7.80265760421753
-3.17667317390442 -0.246062994003296 0.136975064873695
1 0 0
-3.17667317390442 -0.246062994003296 0.136975064873695
-3.17667317390442 -0.108103677630425 0.136975064873695
-3.17667317390442 -0.108103677630425 7.80265760421753
1 0 0
-3.17667317390442 -0.108103677630425 0.136975064873695
-3.17667317390442 -0.246062994003296 0.136975064873695
3.17667317390442 -0.246062994003296 0.136975064873695
0 0 1
3.17667317390442 -0.246062994003296 0.136975064873695
3.17667317390442 -0.108103677630425 0.136975064873695
-3.17667317390442 -0.108103677630425 0.136975064873695
0 0 1
3.17667317390442 -0.108103677630425 0.136975064873695
3.17667317390442 -0.246062994003296 0.136975064873695
3.17667317390442 -0.246062994003296 7.80265760421753
-1 0 0
3.17667317390442 -0.246062994003296 7.80265760421753
3.17667317390442 -0.108103677630425 7.80265760421753
3.17667317390442 -0.108103677630425 0.136975064873695
-1 0 0
3.17667317390442 -0.108103677630425 7.80265760421753
3.17667317390442 -0.246062994003296 7.80265760421753
-3.17667317390442 -0.246062994003296 7.80265760421753
0 0 -1
-3.17667317390442 -0.246062994003296 7.80265760421753
-3.17667317390442 -0.108103677630425 7.80265760421753
3.17667317390442 -0.108103677630425 7.80265760421753
0 0 -1
3.28083992004395 -0.108103677630425 7.90682411193848
3.21833992004395 -0.108103677630425 7.84432411193848
3.21833992004395 -0.108103677630425 0.0953084006905556
0 -1 0
3.21833992004395 -0.108103677630425 7.84432411193848
3.28083992004395 -0.108103677630425 7.90682411193848
-3.21833992004395 -0.108103677630425 7.84432411193848
0 -1 0
3.28083992004395 -0.108103677630425 0.0328084006905556
3.21833992004395 -0.108103677630425 0.0953084006905556
-3.21833992004395 -0.108103677630425 0.0953084006905556
0 -1 0
3.21833992004395 -0.108103677630425 0.0953084006905556
3.28083992004395 -0.108103677630425 0.0328084006905556
3.28083992004395 -0.108103677630425 7.90682411193848
0 -1 0
-3.21833992004395 -0.108103677630425 7.84432411193848
-3.28083992004395 -0.108103677630425 7.90682411193848
-3.21833992004395 -0.108103677630425 0.0953084006905556
0 -1 0
-3.28083992004395 -0.108103677630425 7.90682411193848
-3.21833992004395 -0.108103677630425 7.84432411193848
3.28083992004395 -0.108103677630425 7.90682411193848
0 -1 0
-3.21833992004395 -0.108103677630425 0.0953084006905556
-3.28083992004395 -0.108103677630425 0.0328084006905556
3.28083992004395 -0.108103677630425 0.0328084006905556
0 -1 0
-3.28083992004395 -0.108103677630425 0.0328084006905556
-3.21833992004395 -0.108103677630425 0.0953084006905556
-3.28083992004395 -0.108103677630425 7.90682411193848
0 -1 0
-3.28083992004395 0.246062994003296 7.90682411193848
-3.21833992004395 0.246062994003296 7.84432411193848
-3.21833992004395 0.246062994003296 0.0953084006905556
0 1 0
-3.21833992004395 0.246062994003296 7.84432411193848
-3.28083992004395 0.246062994003296 7.90682411193848
3.21833992004395 0.246062994003296 7.84432411193848
0 1 0
-3.28083992004395 0.246062994003296 0.0328084006905556
-3.21833992004395 0.246062994003296 0.0953084006905556
3.21833992004395 0.246062994003296 0.0953084006905556
0 1 0
-3.21833992004395 0.246062994003296 0.0953084006905556
-3.28083992004395 0.246062994003296 0.0328084006905556
-3.28083992004395 0.246062994003296 7.90682411193848
0 1 0
3.21833992004395 0.246062994003296 7.84432411193848
3.28083992004395 0.246062994003296 7.90682411193848
3.21833992004395 0.246062994003296 0.0953084006905556
0 1 0
3.28083992004395 0.246062994003296 7.90682411193848
3.21833992004395 0.246062994003296 7.84432411193848
-3.28083992004395 0.246062994003296 7.90682411193848
0 1 0
3.21833992004395 0.246062994003296 0.0953084006905556
3.28083992004395 0.246062994003296 0.0328084006905556
-3.28083992004395 0.246062994003296 0.0328084006905556
0 1 0
3.28083992004395 0.246062994003296 0.0328084006905556
3.21833992004395 0.246062994003296 0.0953084006905556
3.28083992004395 0.246062994003296 7.90682411193848
0 1 0
3.28083992004395 -0.108103677630425 7.90682411193848
3.28083992004395 0.246062994003296 7.90682411193848
-3.28083992004395 0.246062994003296 7.90682411193848
0 0 1
-3.28083992004395 0.246062994003296 7.90682411193848
-3.28083992004395 -0.108103677630425 7.90682411193848
3.28083992004395 -0.108103677630425 7.90682411193848
0 0 1
-3.28083992004395 -0.108103677630425 7.90682411193848
-3.28083992004395 0.246062994003296 7.90682411193848
-3.28083992004395 0.246062994003296 0.0328084006905556
-1 0 0
-3.28083992004395 0.246062994003296 0.0328084006905556
-3.28083992004395 -0.108103677630425 0.0328084006905556
-3.28083992004395 -0.108103677630425 7.90682411193848
-1 0 0
-3.28083992004395 -0.108103677630425 0.0328084006905556
-3.28083992004395 0.246062994003296 0.0328084006905556
3.28083992004395 0.246062994003296 0.0328084006905556
0 0 -1
3.28083992004395 0.246062994003296 0.0328084006905556
3.28083992004395 -0.108103677630425 0.0328084006905556
-3.28083992004395 -0.108103677630425 0.0328084006905556
0 0 -1
3.28083992004395 -0.108103677630425 0.0328084006905556
3.28083992004395 0.246062994003296 0.0328084006905556
3.28083992004395 0.246062994003296 7.90682411193848
1 0 -5.63993296509578E-17
3.28083992004395 0.246062994003296 7.90682411193848
3.28083992004395 -0.108103677630425 7.90682411193848
3.28083992004395 -0.108103677630425 0.0328084006905556
1 0 -5.63993296509578E-17
3.21833992004395 -0.108103677630425 7.84432411193848
3.21833992004395 0.246062994003296 7.84432411193848
3.21833992004395 0.246062994003296 0.0953084006905556
-1 0 0
3.21833992004395 0.246062994003296 0.0953084006905556
3.21833992004395 -0.108103677630425 0.0953084006905556
3.21833992004395 -0.108103677630425 7.84432411193848
-1 0 0
3.21833992004395 -0.108103677630425 0.0953084006905556
3.21833992004395 0.246062994003296 0.0953084006905556
-3.21833992004395 0.246062994003296 0.0953084006905556
0 0 1
-3.21833992004395 0.246062994003296 0.0953084006905556
-3.21833992004395 -0.108103677630425 0.0953084006905556
3.21833992004395 -0.108103677630425 0.0953084006905556
0 0 1
-3.21833992004395 -0.108103677630425 0.0953084006905556
-3.21833992004395 0.246062994003296 0.0953084006905556
-3.21833992004395 0.246062994003296 7.84432411193848
1 0 0
-3.21833992004395 0.246062994003296 7.84432411193848
-3.21833992004395 -0.108103677630425 7.84432411193848
-3.21833992004395 -0.108103677630425 0.0953084006905556
1 0 0
-3.21833992004395 -0.108103677630425 7.84432411193848
-3.21833992004395 0.246062994003296 7.84432411193848
3.21833992004395 0.246062994003296 7.84432411193848
0 0 -1
3.21833992004395 0.246062994003296 7.84432411193848
3.21833992004395 -0.108103677630425 7.84432411193848
-3.21833992004395 -0.108103677630425 7.84432411193848
0 0 -1
[HEADER]
423394,1830 x 1220mm 2,6
364.555259025532 141.207282461504 -11.8110236220472
1
-2.97439898176386E-15 -1 0
1 -2.97439898176386E-15 0
0 0 1
[HEADER]
423478,1830 x 1220mm 2,6
385.716676348368 141.207282461504 -11.8110236220472
1
-2.97439898176386E-15 -1 0
1 -2.97439898176386E-15 0
0 0 1
[HEADER]
423613,1830 x 1220mm 3,902
368.492266899548 155.396915007436 -11.8110236220472
1
-1 2.68618202616642E-15 0
-2.68618202616642E-15 -1 0
0 0 1
-2.74442267417908 -0.0143536748364568 7.69849061965942
-0.0729166641831398 -0.0143536748364568 7.69849061965942
-0.0729166641831398 -0.0143536748364568 0.241141736507416
0 1 0
-0.0729166641831398 -0.0143536748364568 0.241141736507416
-2.74442267417908 -0.0143536748364568 0.241141736507416
-2.74442267417908 -0.0143536748364568 7.69849061965942
0 1 0
-0.0729166641831398 -0.0560203418135643 0.241141736507416
-0.0729166641831398 -0.0560203418135643 7.69849061965942
-2.74442267417908 -0.0560203418135643 7.69849061965942
0 -1 0
-2.74442267417908 -0.0560203418135643 7.69849061965942
-2.74442267417908 -0.0560203418135643 0.241141736507416
-0.0729166641831398 -0.0560203418135643 0.241141736507416
0 -1 0
-2.74442267417908 -0.0143536748364568 0.241141736507416
-2.74442267417908 -0.0560203418135643 0.241141736507416
-2.74442267417908 -0.0560203418135643 7.69849061965942
-1 0 0
-2.74442267417908 -0.0560203418135643 7.69849061965942
-2.74442267417908 -0.0143536748364568 7.69849061965942
-2.74442267417908 -0.0143536748364568 0.241141736507416
-1 0 0
-2.74442267417908 -0.0143536748364568 7.69849061965942
-2.74442267417908 -0.0560203418135643 7.69849061965942
-0.0729166641831398 -0.0560203418135643 7.69849061965942
0 0 1
-0.0729166641831398 -0.0560203418135643 7.69849061965942
-0.0729166641831398 -0.0143536748364568 7.69849061965942
-2.74442267417908 -0.0143536748364568 7.69849061965942
0 0 1
-0.0729166641831398 -0.0143536748364568 7.69849061965942
-0.0729166641831398 -0.0560203418135643 7.69849061965942
-0.0729166641831398 -0.0560203418135643 0.241141736507416
1 0 0
-0.0729166641831398 -0.0560203418135643 0.241141736507416
-0.0729166641831398 -0.0143536748364568 0.241141736507416
-0.0729166641831398 -0.0143536748364568 7.69849061965942
1 0 0
-0.0729166641831398 -0.0143536748364568 0.241141736507416
-0.0729166641831398 -0.0560203418135643 0.241141736507416
-2.74442267417908 -0.0560203418135643 0.241141736507416
0 0 -1
-2.74442267417908 -0.0560203418135643 0.241141736507416
-2.74442267417908 -0.0143536748364568 0.241141736507416
-0.0729166641831398 -0.0143536748364568 0.241141736507416
0 0 -1
-2.89025592803955 0.0377296581864357 7.84432411193848
-2.74442267417908 0.0377296581864357 7.69849061965942
-2.74442267417908 0.0377296581864357 0.241141736507416
0 1 0
-2.74442267417908 0.0377296581864357 7.69849061965942
-2.89025592803955 0.0377296581864357 7.84432411193848
-0.0729166641831398 0.0377296581864357 7.69849061965942
0 1 0
-2.89025592803955 0.0377296581864357 0.0953084006905556
-2.74442267417908 0.0377296581864357 0.241141736507416
-0.0729166641831398 0.0377296581864357 0.241141736507416
0 1 0
-2.74442267417908 0.0377296581864357 0.241141736507416
-2.89025592803955 0.0377296581864357 0.0953084006905556
-2.89025592803955 0.0377296581864357 7.84432411193848
0 1 0
-0.0729166641831398 0.0377296581864357 7.69849061965942
0.0729166641831398 0.0377296581864357 7.84432411193848
-0.0729166641831398 0.0377296581864357 0.241141736507416
0 1 0
0.0729166641831398 0.0377296581864357 7.84432411193848
-0.0729166641831398 0.0377296581864357 7.69849061965942
-2.89025592803955 0.0377296581864357 7.84432411193848
0 1 0
-0.0729166641831398 0.0377296581864357 0.241141736507416
0.0729166641831398 0.0377296581864357 0.0953084006905556
-2.89025592803955 0.0377296581864357 0.0953084006905556
0 1 0
0.0729166641831398 0.0377296581864357 0.0953084006905556
-0.0729166641831398 0.0377296581864357 0.241141736507416
0.0729166641831398 0.0377296581864357 7.84432411193848
0 1 0
0.0729166641831398 -0.108103677630425 7.84432411193848
-0.0729166641831398 -0.108103677630425 7.69849061965942
-0.0729166641831398 -0.108103677630425 0.241141736507416
0 -1 0
-0.0729166641831398 -0.108103677630425 7.69849061965942
0.0729166641831398 -0.108103677630425 7.84432411193848
-2.74442267417908 -0.108103677630425 7.69849061965942
0 -1 0
0.0729166641831398 -0.108103677630425 0.0953084006905556
-0.0729166641831398 -0.108103677630425 0.241141736507416
-2.74442267417908 -0.108103677630425 0.241141736507416
0 -1 0
-0.0729166641831398 -0.108103677630425 0.241141736507416
0.0729166641831398 -0.108103677630425 0.0953084006905556
0.0729166641831398 -0.108103677630425 7.84432411193848
0 -1 0
-2.74442267417908 -0.108103677630425 7.69849061965942
-2.89025592803955 -0.108103677630425 7.84432411193848
-2.74442267417908 -0.108103677630425 0.241141736507416
0 -1 0
-2.89025592803955 -0.108103677630425 7.84432411193848
-2.74442267417908 -0.108103677630425 7.69849061965942
0.0729166641831398 -0.108103677630425 7.84432411193848
0 -1 0
-2.74442267417908 -0.108103677630425 0.241141736507416
-2.89025592803955 -0.108103677630425 0.0953084006905556
0.0729166641831398 -0.108103677630425 0.0953084006905556
0 -1 0
-2.89025592803955 -0.108103677630425 0.0953084006905556
-2.74442267417908 -0.108103677630425 0.241141736507416
-2.89025592803955 -0.108103677630425 7.84432411193848
0 -1 0
-2.89025592803955 0.0377296581864357 7.84432411193848
-2.89025592803955 -0.108103677630425 7.84432411193848
0.0729166641831398 -0.108103677630425 7.84432411193848
0 0 1
0.0729166641831398 -0.108103677630425 7.84432411193848
0.0729166641831398 0.0377296581864357 7.84432411193848
-2.89025592803955 0.0377296581864357 7.84432411193848
0 0 1
0.0729166641831398 0.0377296581864357 7.84432411193848
0.0729166641831398 -0.108103677630425 7.84432411193848
0.0729166641831398 -0.108103677630425 0.0953084006905556
1 0 0
0.0729166641831398 -0.108103677630425 0.0953084006905556
0.0729166641831398 0.0377296581864357 0.0953084006905556
0.0729166641831398 0.0377296581864357 7.84432411193848
1 0 0
0.0729166641831398 0.0377296581864357 0.0953084006905556
0.0729166641831398 -0.108103677630425 0.0953084006905556
-2.89025592803955 -0.108103677630425 0.0953084006905556
0 0 -1
-2.89025592803955 -0.108103677630425 0.0953084006905556
-2.89025592803955 0.0377296581864357 0.0953084006905556
0.0729166641831398 0.0377296581864357 0.0953084006905556
0 0 -1
-2.89025592803955 0.0377296581864357 0.0953084006905556
-2.89025592803955 -0.108103677630425 0.0953084006905556
-2.89025592803955 -0.108103677630425 7.84432411193848
-1 0 0
-2.89025592803955 -0.108103677630425 7.84432411193848
-2.89025592803955 0.0377296581864357 7.84432411193848
-2.89025592803955 0.0377296581864357 0.0953084006905556
-1 0 0
-2.74442267417908 0.0377296581864357 7.69849061965942
-2.74442267417908 -0.108103677630425 7.69849061965942
-2.74442267417908 -0.108103677630425 0.241141736507416
1 0 0
-2.74442267417908 -0.108103677630425 0.241141736507416
-2.74442267417908 0.0377296581864357 0.241141736507416
-2.74442267417908 0.0377296581864357 7.69849061965942
1 0 0
-2.74442267417908 0.0377296581864357 0.241141736507416
-2.74442267417908 -0.108103677630425 0.241141736507416
-0.0729166641831398 -0.108103677630425 0.241141736507416
-1.66231790442172E-16 0 1
-0.0729166641831398 -0.108103677630425 0.241141736507416
-0.0729166641831398 0.0377296581864357 0.241141736507416
-2.74442267417908 0.0377296581864357 0.241141736507416
-1.66231790442172E-16 0 1
-0.0729166641831398 0.0377296581864357 0.241141736507416
-0.0729166641831398 -0.108103677630425 0.241141736507416
-0.0729166641831398 -0.108103677630425 7.69849061965942
-1 0 0
-0.0729166641831398 -0.108103677630425 7.69849061965942
-0.0729166641831398 0.0377296581864357 7.69849061965942
-0.0729166641831398 0.0377296581864357 0.241141736507416
-1 0 0
-0.0729166641831398 0.0377296581864357 7.69849061965942
-0.0729166641831398 -0.108103677630425 7.69849061965942
-2.74442267417908 -0.108103677630425 7.69849061965942
0 0 -1
-2.74442267417908 -0.108103677630425 7.69849061965942
-2.74442267417908 0.0377296581864357 7.69849061965942
-0.0729166641831398 0.0377296581864357 7.69849061965942
0 0 -1
3.18192267417908 0.350229650735855 0.0953084006905556
3.18192267417908 0.350229650735855 0.0328084006905556
-3.18192267417908 0.350229650735855 0.0328084006905556
0 1 0
-3.18192267417908 0.350229650735855 0.0328084006905556
-3.18192267417908 0.350229650735855 0.0953084006905556
3.18192267417908 0.350229650735855 0.0953084006905556
0 1 0
-3.18192267417908 0.246062994003296 0.0328084006905556
3.18192267417908 0.246062994003296 0.0328084006905556
3.18192267417908 0.246062994003296 0.0953084006905556
0 -1 0
3.18192267417908 0.246062994003296 0.0953084006905556
-3.18192267417908 0.246062994003296 0.0953084006905556
-3.18192267417908 0.246062994003296 0.0328084006905556
0 -1 0
-3.18192267417908 0.350229650735855 0.0953084006905556
-3.18192267417908 0.246062994003296 0.0953084006905556
3.18192267417908 0.246062994003296 0.0953084006905556
0 0 1
3.18192267417908 0.246062994003296 0.0953084006905556
3.18192267417908 0.350229650735855 0.0953084006905556
-3.18192267417908 0.350229650735855 0.0953084006905556
0 0 1
3.18192267417908 0.350229650735855 0.0953084006905556
3.18192267417908 0.246062994003296 0.0953084006905556
3.18192267417908 0.246062994003296 0.0328084006905556
1 0 0
3.18192267417908 0.246062994003296 0.0328084006905556
3.18192267417908 0.350229650735855 0.0328084006905556
3.18192267417908 0.350229650735855 0.0953084006905556
1 0 0
3.18192267417908 0.350229650735855 0.0328084006905556
3.18192267417908 0.246062994003296 0.0328084006905556
-3.18192267417908 0.246062994003296 0.0328084006905556
0 0 -1
-3.18192267417908 0.246062994003296 0.0328084006905556
-3.18192267417908 0.350229650735855 0.0328084006905556
3.18192267417908 0.350229650735855 0.0328084006905556
0 0 -1
-3.18192267417908 0.350229650735855 0.0328084006905556
-3.18192267417908 0.246062994003296 0.0328084006905556
-3.18192267417908 0.246062994003296 0.0953084006905556
-1 0 0
-3.18192267417908 0.246062994003296 0.0953084006905556
-3.18192267417908 0.350229650735855 0.0953084006905556
-3.18192267417908 0.350229650735855 0.0328084006905556
-1 0 0
3.18192267417908 0.308562994003296 8.13599109649658
2.89025592803955 0.308562994003296 7.84432411193848
-2.89025592803955 0.308562994003296 7.84432411193848
0 1 0
2.89025592803955 0.308562994003296 7.84432411193848
3.18192267417908 0.308562994003296 8.13599109649658
3.18192267417908 0.308562994003296 0.0953084006905556
0 1 0
-3.18192267417908 0.308562994003296 8.13599109649658
-2.89025592803955 0.308562994003296 7.84432411193848
-3.18192267417908 0.308562994003296 0.0953084006905556
0 1 0
-2.89025592803955 0.308562994003296 7.84432411193848
-3.18192267417908 0.308562994003296 8.13599109649658
3.18192267417908 0.308562994003296 8.13599109649658
0 1 0
3.18192267417908 0.308562994003296 0.0953084006905556
2.89025592803955 0.308562994003296 0.0953084006905556
2.89025592803955 0.308562994003296 7.84432411193848
0 1 0
-2.89025592803955 0.308562994003296 0.0953084006905556
-3.18192267417908 0.308562994003296 0.0953084006905556
-2.89025592803955 0.308562994003296 7.84432411193848
0 1 0
2.89025592803955 0.246062994003296 0.0953084006905556
3.18192267417908 0.246062994003296 0.0953084006905556
2.89025592803955 0.246062994003296 7.84432411193848
0 -1 0
-3.18192267417908 0.246062994003296 0.0953084006905556
-2.89025592803955 0.246062994003296 0.0953084006905556
-2.89025592803955 0.246062994003296 7.84432411193848
0 -1 0
2.89025592803955 0.246062994003296 7.84432411193848
3.18192267417908 0.246062994003296 8.13599109649658
-2.89025592803955 0.246062994003296 7.84432411193848
0 -1 0
3.18192267417908 0.246062994003296 8.13599109649658
2.89025592803955 0.246062994003296 7.84432411193848
3.18192267417908 0.246062994003296 0.0953084006905556
0 -1 0
-2.89025592803955 0.246062994003296 7.84432411193848
-3.18192267417908 0.246062994003296 8.13599109649658
-3.18192267417908 0.246062994003296 0.0953084006905556
0 -1 0
-3.18192267417908 0.246062994003296 8.13599109649658
-2.89025592803955 0.246062994003296 7.84432411193848
3.18192267417908 0.246062994003296 8.13599109649658
0 -1 0
-2.89025592803955 0.308562994003296 7.84432411193848
-2.89025592803955 0.246062994003296 7.84432411193848
-2.89025592803955 0.246062994003296 0.0953084006905556
1 0 0
-2.89025592803955 0.246062994003296 0.0953084006905556
-2.89025592803955 0.308562994003296 0.0953084006905556
-2.89025592803955 0.308562994003296 7.84432411193848
1 0 0
-2.89025592803955 0.308562994003296 0.0953084006905556
-2.89025592803955 0.246062994003296 0.0953084006905556
-3.18192267417908 0.246062994003296 0.0953084006905556
0 0 -1
-3.18192267417908 0.246062994003296 0.0953084006905556
-3.18192267417908 0.308562994003296 0.0953084006905556
-2.89025592803955 0.308562994003296 0.0953084006905556
0 0 -1
-3.18192267417908 0.308562994003296 0.0953084006905556
-3.18192267417908 0.246062994003296 0.0953084006905556
-3.18192267417908 0.246062994003296 8.13599109649658
-1 0 0
-3.18192267417908 0.246062994003296 8.13599109649658
-3.18192267417908 0.308562994003296 8.13599109649658
-3.18192267417908 0.308562994003296 0.0953084006905556
-1 0 0
-3.18192267417908 0.308562994003296 8.13599109649658
-3.18192267417908 0.246062994003296 8.13599109649658
3.18192267417908 0.246062994003296 8.13599109649658
0 0 1
3.18192267417908 0.246062994003296 8.13599109649658
3.18192267417908 0.308562994003296 8.13599109649658
-3.18192267417908 0.308562994003296 8.13599109649658
0 0 1
3.18192267417908 0.308562994003296 8.13599109649658
3.18192267417908 0.246062994003296 8.13599109649658
3.18192267417908 0.246062994003296 0.0953084006905556
1 0 0
3.18192267417908 0.246062994003296 0.0953084006905556
3.18192267417908 0.308562994003296 0.0953084006905556
3.18192267417908 0.308562994003296 8.13599109649658
1 0 0
3.18192267417908 0.308562994003296 0.0953084006905556
3.18192267417908 0.246062994003296 0.0953084006905556
2.89025592803955 0.246062994003296 0.0953084006905556
-3.04518315325771E-15 0 -1
2.89025592803955 0.246062994003296 0.0953084006905556
2.89025592803955 0.308562994003296 0.0953084006905556
3.18192267417908 0.308562994003296 0.0953084006905556
-3.04518315325771E-15 0 -1
2.89025592803955 0.308562994003296 0.0953084006905556
2.89025592803955 0.246062994003296 0.0953084006905556
2.89025592803955 0.246062994003296 7.84432411193848
-1 0 0
2.89025592803955 0.246062994003296 7.84432411193848
2.89025592803955 0.308562994003296 7.84432411193848
2.89025592803955 0.308562994003296 0.0953084006905556
-1 0 0
2.89025592803955 0.308562994003296 7.84432411193848
2.89025592803955 0.246062994003296 7.84432411193848
-2.89025592803955 0.246062994003296 7.84432411193848
0 0 -1
-2.89025592803955 0.246062994003296 7.84432411193848
-2.89025592803955 0.308562994003296 7.84432411193848
2.89025592803955 0.308562994003296 7.84432411193848
0 0 -1
-3.14025592803955 -0.308562994003296 8.09432411193848
-2.84858918190002 -0.308562994003296 7.80265760421753
2.84858918190002 -0.308562994003296 7.80265760421753
0 -1 0
-2.84858918190002 -0.308562994003296 7.80265760421753
-3.14025592803955 -0.308562994003296 8.09432411193848
-2.84858918190002 -0.308562994003296 0.136975064873695
0 -1 0
3.14025592803955 -0.308562994003296 8.09432411193848
2.84858918190002 -0.308562994003296 7.80265760421753
2.84858918190002 -0.308562994003296 0.136975064873695
0 -1 0
2.84858918190002 -0.308562994003296 7.80265760421753
3.14025592803955 -0.308562994003296 8.09432411193848
-3.14025592803955 -0.308562994003296 8.09432411193848
0 -1 0
-2.84858918190002 -0.308562994003296 0.136975064873695
-3.14025592803955 -0.308562994003296 -0.154691606760025
2.84858918190002 -0.308562994003296 0.136975064873695
0 -1 0
-3.14025592803955 -0.308562994003296 -0.154691606760025
-2.84858918190002 -0.308562994003296 0.136975064873695
-3.14025592803955 -0.308562994003296 8.09432411193848
0 -1 0
2.84858918190002 -0.308562994003296 0.136975064873695
3.14025592803955 -0.308562994003296 -0.154691606760025
3.14025592803955 -0.308562994003296 8.09432411193848
0 -1 0
3.14025592803955 -0.308562994003296 -0.154691606760025
2.84858918190002 -0.308562994003296 0.136975064873695
-3.14025592803955 -0.308562994003296 -0.154691606760025
0 -1 0
-3.14025592803955 -0.246062994003296 -0.154691606760025
-2.84858918190002 -0.246062994003296 0.136975064873695
2.84858918190002 -0.246062994003296 0.136975064873695
0 1 0
-2.84858918190002 -0.246062994003296 0.136975064873695
-3.14025592803955 -0.246062994003296 -0.154691606760025
-2.84858918190002 -0.246062994003296 7.80265760421753
0 1 0
3.14025592803955 -0.246062994003296 -0.154691606760025
2.84858918190002 -0.246062994003296 0.136975064873695
2.84858918190002 -0.246062994003296 7.80265760421753
0 1 0
2.84858918190002 -0.246062994003296 0.136975064873695
3.14025592803955 -0.246062994003296 -0.154691606760025
-3.14025592803955 -0.246062994003296 -0.154691606760025
0 1 0
-2.84858918190002 -0.246062994003296 7.80265760421753
-3.14025592803955 -0.246062994003296 8.09432411193848
2.84858918190002 -0.246062994003296 7.80265760421753
0 1 0
-3.14025592803955 -0.246062994003296 8.09432411193848
-2.84858918190002 -0.246062994003296 7.80265760421753
-3.14025592803955 -0.246062994003296 -0.154691606760025
0 1 0
2.84858918190002 -0.246062994003296 7.80265760421753
3.14025592803955 -0.246062994003296 8.09432411193848
3.14025592803955 -0.246062994003296 -0.154691606760025
0 1 0
3.14025592803955 -0.246062994003296 8.09432411193848
2.84858918190002 -0.246062994003296 7.80265760421753
-3.14025592803955 -0.246062994003296 8.09432411193848
0 1 0
2.84858918190002 -0.308562994003296 7.80265760421753
2.84858918190002 -0.246062994003296 7.80265760421753
2.84858918190002 -0.246062994003296 0.136975064873695
-1 0 0
2.84858918190002 -0.246062994003296 0.136975064873695
2.84858918190002 -0.308562994003296 0.136975064873695
2.84858918190002 -0.308562994003296 7.80265760421753
-1 0 0
2.84858918190002 -0.308562994003296 0.136975064873695
2.84858918190002 -0.246062994003296 0.136975064873695
-2.84858918190002 -0.246062994003296 0.136975064873695
0 0 1
-2.84858918190002 -0.246062994003296 0.136975064873695
-2.84858918190002 -0.308562994003296 0.136975064873695
2.84858918190002 -0.308562994003296 0.136975064873695
0 0 1
-2.84858918190002 -0.308562994003296 0.136975064873695
-2.84858918190002 -0.246062994003296 0.136975064873695
-2.84858918190002 -0.246062994003296 7.80265760421753
1 0 0
-2.84858918190002 -0.246062994003296 7.80265760421753
-2.84858918190002 -0.308562994003296 7.80265760421753
-2.84858918190002 -0.308562994003296 0.136975064873695
1 0 0
-2.84858918190002 -0.308562994003296 7.80265760421753
-2.84858918190002 -0.246062994003296 7.80265760421753
2.84858918190002 -0.246062994003296 7.80265760421753
0 0 -1
2.84858918190002 -0.246062994003296 7.80265760421753
2.84858918190002 -0.308562994003296 7.80265760421753
-2.84858918190002 -0.308562994003296 7.80265760421753
0 0 -1
3.14025592803955 -0.308562994003296 8.09432411193848
3.14025592803955 -0.246062994003296 8.09432411193848
-3.14025592803955 -0.246062994003296 8.09432411193848
0 0 1
-3.14025592803955 -0.246062994003296 8.09432411193848
-3.14025592803955 -0.308562994003296 8.09432411193848
3.14025592803955 -0.308562994003296 8.09432411193848
0 0 1
-3.14025592803955 -0.308562994003296 8.09432411193848
-3.14025592803955 -0.246062994003296 8.09432411193848
-3.14025592803955 -0.246062994003296 -0.154691606760025
-1 0 0
-3.14025592803955 -0.246062994003296 -0.154691606760025
-3.14025592803955 -0.308562994003296 -0.154691606760025
-3.14025592803955 -0.308562994003296 8.09432411193848
-1 0 0
-3.14025592803955 -0.308562994003296 -0.154691606760025
-3.14025592803955 -0.246062994003296 -0.154691606760025
3.14025592803955 -0.246062994003296 -0.154691606760025
1.41418159287781E-16 0 -1
3.14025592803955 -0.246062994003296 -0.154691606760025
3.14025592803955 -0.308562994003296 -0.154691606760025
-3.14025592803955 -0.308562994003296 -0.154691606760025
1.41418159287781E-16 0 -1
3.14025592803955 -0.308562994003296 -0.154691606760025
3.14025592803955 -0.246062994003296 -0.154691606760025
3.14025592803955 -0.246062994003296 8.09432411193848
1 0 -5.38354178746766E-17
3.14025592803955 -0.246062994003296 8.09432411193848
3.14025592803955 -0.308562994003296 8.09432411193848
3.14025592803955 -0.308562994003296 -0.154691606760025
1 0 -5.38354178746766E-17
0.0729166641831398 0.0898129940032959 7.69849061965942
0.0729166641831398 0.0898129940032959 0.241141736507416
2.74442267417908 0.0898129940032959 0.241141736507416
0 -1 0
2.74442267417908 0.0898129940032959 0.241141736507416
2.74442267417908 0.0898129940032959 7.69849061965942
0.0729166641831398 0.0898129940032959 7.69849061965942
0 -1 0
2.74442267417908 0.131479665637016 0.241141736507416
0.0729166641831398 0.131479665637016 0.241141736507416
0.0729166641831398 0.131479665637016 7.69849061965942
0 1 0
0.0729166641831398 0.131479665637016 7.69849061965942
2.74442267417908 0.131479665637016 7.69849061965942
2.74442267417908 0.131479665637016 0.241141736507416
0 1 0
2.74442267417908 0.0898129940032959 7.69849061965942
2.74442267417908 0.131479665637016 7.69849061965942
0.0729166641831398 0.131479665637016 7.69849061965942
0 0 1
0.0729166641831398 0.131479665637016 7.69849061965942
0.0729166641831398 0.0898129940032959 7.69849061965942
2.74442267417908 0.0898129940032959 7.69849061965942
0 0 1
0.0729166641831398 0.0898129940032959 7.69849061965942
0.0729166641831398 0.131479665637016 7.69849061965942
0.0729166641831398 0.131479665637016 0.241141736507416
-1 0 0
0.0729166641831398 0.131479665637016 0.241141736507416
0.0729166641831398 0.0898129940032959 0.241141736507416
0.0729166641831398 0.0898129940032959 7.69849061965942
-1 0 0
0.0729166641831398 0.0898129940032959 0.241141736507416
0.0729166641831398 0.131479665637016 0.241141736507416
2.74442267417908 0.131479665637016 0.241141736507416
1.66231790442172E-16 0 -1
2.74442267417908 0.131479665637016 0.241141736507416
2.74442267417908 0.0898129940032959 0.241141736507416
0.0729166641831398 0.0898129940032959 0.241141736507416
1.66231790442172E-16 0 -1
2.74442267417908 0.0898129940032959 0.241141736507416
2.74442267417908 0.131479665637016 0.241141736507416
2.74442267417908 0.131479665637016 7.69849061965942
1 0 0
2.74442267417908 0.131479665637016 7.69849061965942
2.74442267417908 0.0898129940032959 7.69849061965942
2.74442267417908 0.0898129940032959 0.241141736507416
1 0 0
-0.0729166641831398 0.183562994003296 7.84432411193848
0.0729166641831398 0.183562994003296 7.69849061965942
0.0729166641831398 0.183562994003296 0.241141736507416
0 1 0
0.0729166641831398 0.183562994003296 7.69849061965942
-0.0729166641831398 0.183562994003296 7.84432411193848
2.74442267417908 0.183562994003296 7.69849061965942
0 1 0
-0.0729166641831398 0.183562994003296 0.0953084006905556
0.0729166641831398 0.183562994003296 0.241141736507416
2.74442267417908 0.183562994003296 0.241141736507416
0 1 0
0.0729166641831398 0.183562994003296 0.241141736507416
-0.0729166641831398 0.183562994003296 0.0953084006905556
-0.0729166641831398 0.183562994003296 7.84432411193848
0 1 0
2.74442267417908 0.183562994003296 7.69849061965942
2.89025592803955 0.183562994003296 7.84432411193848
2.74442267417908 0.183562994003296 0.241141736507416
0 1 0
2.89025592803955 0.183562994003296 7.84432411193848
2.74442267417908 0.183562994003296 7.69849061965942
-0.0729166641831398 0.183562994003296 7.84432411193848
0 1 0
2.74442267417908 0.183562994003296 0.241141736507416
2.89025592803955 0.183562994003296 0.0953084006905556
-0.0729166641831398 0.183562994003296 0.0953084006905556
0 1 0
2.89025592803955 0.183562994003296 0.0953084006905556
2.74442267417908 0.183562994003296 0.241141736507416
2.89025592803955 0.183562994003296 7.84432411193848
0 1 0
2.89025592803955 0.0377296581864357 7.84432411193848
2.74442267417908 0.0377296581864357 7.69849061965942
2.74442267417908 0.0377296581864357 0.241141736507416
0 -1 0
2.74442267417908 0.0377296581864357 7.69849061965942
2.89025592803955 0.0377296581864357 7.84432411193848
0.0729166641831398 0.0377296581864357 7.69849061965942
0 -1 0
2.89025592803955 0.0377296581864357 0.0953084006905556
2.74442267417908 0.0377296581864357 0.241141736507416
0.0729166641831398 0.0377296581864357 0.241141736507416
0 -1 0
2.74442267417908 0.0377296581864357 0.241141736507416
2.89025592803955 0.0377296581864357 0.0953084006905556
2.89025592803955 0.0377296581864357 7.84432411193848
0 -1 0
0.0729166641831398 0.0377296581864357 7.69849061965942
-0.0729166641831398 0.0377296581864357 7.84432411193848
0.0729166641831398 0.0377296581864357 0.241141736507416
0 -1 0
-0.0729166641831398 0.0377296581864357 7.84432411193848
0.0729166641831398 0.0377296581864357 7.69849061965942
2.89025592803955 0.0377296581864357 7.84432411193848
0 -1 0
0.0729166641831398 0.0377296581864357 0.241141736507416
-0.0729166641831398 0.0377296581864357 0.0953084006905556
2.89025592803955 0.0377296581864357 0.0953084006905556
0 -1 0
-0.0729166641831398 0.0377296581864357 0.0953084006905556
0.0729166641831398 0.0377296581864357 0.241141736507416
-0.0729166641831398 0.0377296581864357 7.84432411193848
0 -1 0
-0.0729166641831398 0.183562994003296 7.84432411193848
-0.0729166641831398 0.0377296581864357 7.84432411193848
2.89025592803955 0.0377296581864357 7.84432411193848
0 0 1
2.89025592803955 0.0377296581864357 7.84432411193848
2.89025592803955 0.183562994003296 7.84432411193848
-0.0729166641831398 0.183562994003296 7.84432411193848
0 0 1
2.89025592803955 0.183562994003296 7.84432411193848
2.89025592803955 0.0377296581864357 7.84432411193848
2.89025592803955 0.0377296581864357 0.0953084006905556
1 0 0
2.89025592803955 0.0377296581864357 0.0953084006905556
2.89025592803955 0.183562994003296 0.0953084006905556
2.89025592803955 0.183562994003296 7.84432411193848
1 0 0
2.89025592803955 0.183562994003296 0.0953084006905556
2.89025592803955 0.0377296581864357 0.0953084006905556
-0.0729166641831398 0.0377296581864357 0.0953084006905556
0 0 -1
-0.0729166641831398 0.0377296581864357 0.0953084006905556
-0.0729166641831398 0.183562994003296 0.0953084006905556
2.89025592803955 0.183562994003296 0.0953084006905556
0 0 -1
-0.0729166641831398 0.183562994003296 0.0953084006905556
-0.0729166641831398 0.0377296581864357 0.0953084006905556
-0.0729166641831398 0.0377296581864357 7.84432411193848
-1 0 0
-0.0729166641831398 0.0377296581864357 7.84432411193848
-0.0729166641831398 0.183562994003296 7.84432411193848
-0.0729166641831398 0.183562994003296 0.0953084006905556
-1 0 0
0.0729166641831398 0.183562994003296 7.69849061965942
0.0729166641831398 0.0377296581864357 7.69849061965942
0.0729166641831398 0.0377296581864357 0.241141736507416
1 0 0
0.0729166641831398 0.0377296581864357 0.241141736507416
0.0729166641831398 0.183562994003296 0.241141736507416
0.0729166641831398 0.183562994003296 7.69849061965942
1 0 0
0.0729166641831398 0.183562994003296 0.241141736507416
0.0729166641831398 0.0377296581864357 0.241141736507416
2.74442267417908 0.0377296581864357 0.241141736507416
1.66231790442172E-16 0 1
2.74442267417908 0.0377296581864357 0.241141736507416
2.74442267417908 0.183562994003296 0.241141736507416
0.0729166641831398 0.183562994003296 0.241141736507416
1.66231790442172E-16 0 1
2.74442267417908 0.183562994003296 0.241141736507416
2.74442267417908 0.0377296581864357 0.241141736507416
2.74442267417908 0.0377296581864357 7.69849061965942
-1 0 0
2.74442267417908 0.0377296581864357 7.69849061965942
2.74442267417908 0.183562994003296 7.69849061965942
2.74442267417908 0.183562994003296 0.241141736507416
-1 0 0
2.74442267417908 0.183562994003296 7.69849061965942
2.74442267417908 0.0377296581864357 7.69849061965942
0.0729166641831398 0.0377296581864357 7.69849061965942
0 0 -1
0.0729166641831398 0.0377296581864357 7.69849061965942
0.0729166641831398 0.183562994003296 7.69849061965942
2.74442267417908 0.183562994003296 7.69849061965942
0 0 -1
-2.95275592803955 -0.108103677630425 7.90682411193848
-2.84858918190002 -0.108103677630425 7.80265760421753
-2.84858918190002 -0.108103677630425 0.136975064873695
0 1 0
-2.84858918190002 -0.108103677630425 7.80265760421753
-2.95275592803955 -0.108103677630425 7.90682411193848
2.84858918190002 -0.108103677630425 7.80265760421753
0 1 0
-2.95275592803955 -0.108103677630425 0.0328084006905556
-2.84858918190002 -0.108103677630425 0.136975064873695
2.84858918190002 -0.108103677630425 0.136975064873695
0 1 0
-2.84858918190002 -0.108103677630425 0.136975064873695
-2.95275592803955 -0.108103677630425 0.0328084006905556
-2.95275592803955 -0.108103677630425 7.90682411193848
0 1 0
2.84858918190002 -0.108103677630425 7.80265760421753
2.95275592803955 -0.108103677630425 7.90682411193848
2.84858918190002 -0.108103677630425 0.136975064873695
0 1 0
2.95275592803955 -0.108103677630425 7.90682411193848
2.84858918190002 -0.108103677630425 7.80265760421753
-2.95275592803955 -0.108103677630425 7.90682411193848
0 1 0
2.84858918190002 -0.108103677630425 0.136975064873695
2.95275592803955 -0.108103677630425 0.0328084006905556
-2.95275592803955 -0.108103677630425 0.0328084006905556
0 1 0
2.95275592803955 -0.108103677630425 0.0328084006905556
2.84858918190002 -0.108103677630425 0.136975064873695
2.95275592803955 -0.108103677630425 7.90682411193848
0 1 0
2.95275592803955 -0.246062994003296 7.90682411193848
2.84858918190002 -0.246062994003296 7.80265760421753
2.84858918190002 -0.246062994003296 0.136975064873695
0 -1 0
2.84858918190002 -0.246062994003296 7.80265760421753
2.95275592803955 -0.246062994003296 7.90682411193848
-2.84858918190002 -0.246062994003296 7.80265760421753
0 -1 0
2.95275592803955 -0.246062994003296 0.0328084006905556
2.84858918190002 -0.246062994003296 0.136975064873695
-2.84858918190002 -0.246062994003296 0.136975064873695
0 -1 0
2.84858918190002 -0.246062994003296 0.136975064873695
2.95275592803955 -0.246062994003296 0.0328084006905556
2.95275592803955 -0.246062994003296 7.90682411193848
0 -1 0
-2.84858918190002 -0.246062994003296 7.80265760421753
-2.95275592803955 -0.246062994003296 7.90682411193848
-2.84858918190002 -0.246062994003296 0.136975064873695
0 -1 0
-2.95275592803955 -0.246062994003296 7.90682411193848
-2.84858918190002 -0.246062994003296 7.80265760421753
2.95275592803955 -0.246062994003296 7.90682411193848
0 -1 0
-2.84858918190002 -0.246062994003296 0.136975064873695
-2.95275592803955 -0.246062994003296 0.0328084006905556
2.95275592803955 -0.246062994003296 0.0328084006905556
0 -1 0
-2.95275592803955 -0.246062994003296 0.0328084006905556
-2.84858918190002 -0.246062994003296 0.136975064873695
-2.95275592803955 -0.246062994003296 7.90682411193848
0 -1 0
-2.95275592803955 -0.108103677630425 7.90682411193848
-2.95275592803955 -0.246062994003296 7.90682411193848
2.95275592803955 -0.246062994003296 7.90682411193848
0 0 1
2.95275592803955 -0.246062994003296 7.90682411193848
2.95275592803955 -0.108103677630425 7.90682411193848
-2.95275592803955 -0.108103677630425 7.90682411193848
0 0 1
2.95275592803955 -0.108103677630425 7.90682411193848
2.95275592803955 -0.246062994003296 7.90682411193848
2.95275592803955 -0.246062994003296 0.0328084006905556
1 0 0
2.95275592803955 -0.246062994003296 0.0328084006905556
2.95275592803955 -0.108103677630425 0.0328084006905556
2.95275592803955 -0.108103677630425 7.90682411193848
1 0 0
2.95275592803955 -0.108103677630425 0.0328084006905556
2.95275592803955 -0.246062994003296 0.0328084006905556
-2.95275592803955 -0.246062994003296 0.0328084006905556
0 0 -1
-2.95275592803955 -0.246062994003296 0.0328084006905556
-2.95275592803955 -0.108103677630425 0.0328084006905556
2.95275592803955 -0.108103677630425 0.0328084006905556
0 0 -1
-2.95275592803955 -0.108103677630425 0.0328084006905556
-2.95275592803955 -0.246062994003296 0.0328084006905556
-2.95275592803955 -0.246062994003296 7.90682411193848
-1 0 0
-2.95275592803955 -0.246062994003296 7.90682411193848
-2.95275592803955 -0.108103677630425 7.90682411193848
-2.95275592803955 -0.108103677630425 0.0328084006905556
-1 0 0
-2.84858918190002 -0.108103677630425 7.80265760421753
-2.84858918190002 -0.246062994003296 7.80265760421753
-2.84858918190002 -0.246062994003296 0.136975064873695
1 0 0
-2.84858918190002 -0.246062994003296 0.136975064873695
-2.84858918190002 -0.108103677630425 0.136975064873695
-2.84858918190002 -0.108103677630425 7.80265760421753
1 0 0
-2.84858918190002 -0.108103677630425 0.136975064873695
-2.84858918190002 -0.246062994003296 0.136975064873695
2.84858918190002 -0.246062994003296 0.136975064873695
0 0 1
2.84858918190002 -0.246062994003296 0.136975064873695
2.84858918190002 -0.108103677630425 0.136975064873695
-2.84858918190002 -0.108103677630425 0.136975064873695
0 0 1
2.84858918190002 -0.108103677630425 0.136975064873695
2.84858918190002 -0.246062994003296 0.136975064873695
2.84858918190002 -0.246062994003296 7.80265760421753
-1 0 0
2.84858918190002 -0.246062994003296 7.80265760421753
2.84858918190002 -0.108103677630425 7.80265760421753
2.84858918190002 -0.108103677630425 0.136975064873695
-1 0 0
2.84858918190002 -0.108103677630425 7.80265760421753
2.84858918190002 -0.246062994003296 7.80265760421753
-2.84858918190002 -0.246062994003296 7.80265760421753
0 0 -1
-2.84858918190002 -0.246062994003296 7.80265760421753
-2.84858918190002 -0.108103677630425 7.80265760421753
2.84858918190002 -0.108103677630425 7.80265760421753
0 0 -1
2.95275592803955 -0.108103677630425 7.90682411193848
2.89025592803955 -0.108103677630425 7.84432411193848
2.89025592803955 -0.108103677630425 0.0953084006905556
0 -1 0
2.89025592803955 -0.108103677630425 7.84432411193848
2.95275592803955 -0.108103677630425 7.90682411193848
-2.89025592803955 -0.108103677630425 7.84432411193848
0 -1 0
2.95275592803955 -0.108103677630425 0.0328084006905556
2.89025592803955 -0.108103677630425 0.0953084006905556
-2.89025592803955 -0.108103677630425 0.0953084006905556
0 -1 0
2.89025592803955 -0.108103677630425 0.0953084006905556
2.95275592803955 -0.108103677630425 0.0328084006905556
2.95275592803955 -0.108103677630425 7.90682411193848
0 -1 0
-2.89025592803955 -0.108103677630425 7.84432411193848
-2.95275592803955 -0.108103677630425 7.90682411193848
-2.89025592803955 -0.108103677630425 0.0953084006905556
0 -1 0
-2.95275592803955 -0.108103677630425 7.90682411193848
-2.89025592803955 -0.108103677630425 7.84432411193848
2.95275592803955 -0.108103677630425 7.90682411193848
0 -1 0
-2.89025592803955 -0.108103677630425 0.0953084006905556
-2.95275592803955 -0.108103677630425 0.0328084006905556
2.95275592803955 -0.108103677630425 0.0328084006905556
0 -1 0
-2.95275592803955 -0.108103677630425 0.0328084006905556
-2.89025592803955 -0.108103677630425 0.0953084006905556
-2.95275592803955 -0.108103677630425 7.90682411193848
0 -1 0
-2.95275592803955 0.246062994003296 7.90682411193848
-2.89025592803955 0.246062994003296 7.84432411193848
-2.89025592803955 0.246062994003296 0.0953084006905556
0 1 0
-2.89025592803955 0.246062994003296 7.84432411193848
-2.95275592803955 0.246062994003296 7.90682411193848
2.89025592803955 0.246062994003296 7.84432411193848
0 1 0
-2.95275592803955 0.246062994003296 0.0328084006905556
-2.89025592803955 0.246062994003296 0.0953084006905556
2.89025592803955 0.246062994003296 0.0953084006905556
0 1 0
-2.89025592803955 0.246062994003296 0.0953084006905556
-2.95275592803955 0.246062994003296 0.0328084006905556
-2.95275592803955 0.246062994003296 7.90682411193848
0 1 0
2.89025592803955 0.246062994003296 7.84432411193848
2.95275592803955 0.246062994003296 7.90682411193848
2.89025592803955 0.246062994003296 0.0953084006905556
0 1 0
2.95275592803955 0.246062994003296 7.90682411193848
2.89025592803955 0.246062994003296 7.84432411193848
-2.95275592803955 0.246062994003296 7.90682411193848
0 1 0
2.89025592803955 0.246062994003296 0.0953084006905556
2.95275592803955 0.246062994003296 0.0328084006905556
-2.95275592803955 0.246062994003296 0.0328084006905556
0 1 0
2.95275592803955 0.246062994003296 0.0328084006905556
2.89025592803955 0.246062994003296 0.0953084006905556
2.95275592803955 0.246062994003296 7.90682411193848
0 1 0
2.95275592803955 -0.108103677630425 7.90682411193848
2.95275592803955 0.246062994003296 7.90682411193848
-2.95275592803955 0.246062994003296 7.90682411193848
0 0 1
-2.95275592803955 0.246062994003296 7.90682411193848
-2.95275592803955 -0.108103677630425 7.90682411193848
2.95275592803955 -0.108103677630425 7.90682411193848
0 0 1
-2.95275592803955 -0.108103677630425 7.90682411193848
-2.95275592803955 0.246062994003296 7.90682411193848
-2.95275592803955 0.246062994003296 0.0328084006905556
-1 0 0
-2.95275592803955 0.246062994003296 0.0328084006905556
-2.95275592803955 -0.108103677630425 0.0328084006905556
-2.95275592803955 -0.108103677630425 7.90682411193848
-1 0 0
-2.95275592803955 -0.108103677630425 0.0328084006905556
-2.95275592803955 0.246062994003296 0.0328084006905556
2.95275592803955 0.246062994003296 0.0328084006905556
0 0 -1
2.95275592803955 0.246062994003296 0.0328084006905556
2.95275592803955 -0.108103677630425 0.0328084006905556
-2.95275592803955 -0.108103677630425 0.0328084006905556
0 0 -1
2.95275592803955 -0.108103677630425 0.0328084006905556
2.95275592803955 0.246062994003296 0.0328084006905556
2.95275592803955 0.246062994003296 7.90682411193848
1 0 -5.63993296509578E-17
2.95275592803955 0.246062994003296 7.90682411193848
2.95275592803955 -0.108103677630425 7.90682411193848
2.95275592803955 -0.108103677630425 0.0328084006905556
1 0 -5.63993296509578E-17
2.89025592803955 -0.108103677630425 7.84432411193848
2.89025592803955 0.246062994003296 7.84432411193848
2.89025592803955 0.246062994003296 0.0953084006905556
-1 0 0
2.89025592803955 0.246062994003296 0.0953084006905556
2.89025592803955 -0.108103677630425 0.0953084006905556
2.89025592803955 -0.108103677630425 7.84432411193848
-1 0 0
2.89025592803955 -0.108103677630425 0.0953084006905556
2.89025592803955 0.246062994003296 0.0953084006905556
-2.89025592803955 0.246062994003296 0.0953084006905556
0 0 1
-2.89025592803955 0.246062994003296 0.0953084006905556
-2.89025592803955 -0.108103677630425 0.0953084006905556
2.89025592803955 -0.108103677630425 0.0953084006905556
0 0 1
-2.89025592803955 -0.108103677630425 0.0953084006905556
-2.89025592803955 0.246062994003296 0.0953084006905556
-2.89025592803955 0.246062994003296 7.84432411193848
1 0 0
-2.89025592803955 0.246062994003296 7.84432411193848
-2.89025592803955 -0.108103677630425 7.84432411193848
-2.89025592803955 -0.108103677630425 0.0953084006905556
1 0 0
-2.89025592803955 -0.108103677630425 7.84432411193848
-2.89025592803955 0.246062994003296 7.84432411193848
2.89025592803955 0.246062994003296 7.84432411193848
0 0 -1
2.89025592803955 0.246062994003296 7.84432411193848
2.89025592803955 -0.108103677630425 7.84432411193848
-2.89025592803955 -0.108103677630425 7.84432411193848
0 0 -1
[HEADER]
423639,1830 x 1220mm 3,6
375.053946689574 155.396915007435 -11.8110236220472
1
-1 2.68618202616642E-15 0
-2.68618202616642E-15 -1 0
0 0 1
[HEADER]
423657,1830 x 1220mm 3,6
381.779668474352 155.396915007435 -11.8110236220472
1
-1 2.68618202616642E-15 0
-2.68618202616642E-15 -1 0
0 0 1
[LEVEL]
3F BIMS plan
[HEADER]
432977,1830 x 1220mm 3,902
260.142529366741 128.477623669886 24.9343832020997
1
-1 3.18524774704407E-15 0
-3.18524774704407E-15 -1 0
0 0 1
-2.74442267417908 0.0676673203706741 7.69849061965942
-0.0729166641831398 0.0676673203706741 7.69849061965942
-0.0729166641831398 0.0676673203706741 0.241141736507416
0 1 0
-0.0729166641831398 0.0676673203706741 0.241141736507416
-2.74442267417908 0.0676673203706741 0.241141736507416
-2.74442267417908 0.0676673203706741 7.69849061965942
0 1 0
-0.0729166641831398 0.0260006561875343 0.241141736507416
-0.0729166641831398 0.0260006561875343 7.69849061965942
-2.74442267417908 0.0260006561875343 7.69849061965942
0 -1 0
-2.74442267417908 0.0260006561875343 7.69849061965942
-2.74442267417908 0.0260006561875343 0.241141736507416
-0.0729166641831398 0.0260006561875343 0.241141736507416
0 -1 0
-2.74442267417908 0.0676673203706741 0.241141736507416
-2.74442267417908 0.0260006561875343 0.241141736507416
-2.74442267417908 0.0260006561875343 7.69849061965942
-1 0 0
-2.74442267417908 0.0260006561875343 7.69849061965942
-2.74442267417908 0.0676673203706741 7.69849061965942
-2.74442267417908 0.0676673203706741 0.241141736507416
-1 0 0
-2.74442267417908 0.0676673203706741 7.69849061965942
-2.74442267417908 0.0260006561875343 7.69849061965942
-0.0729166641831398 0.0260006561875343 7.69849061965942
0 0 1
-0.0729166641831398 0.0260006561875343 7.69849061965942
-0.0729166641831398 0.0676673203706741 7.69849061965942
-2.74442267417908 0.0676673203706741 7.69849061965942
0 0 1
-0.0729166641831398 0.0676673203706741 7.69849061965942
-0.0729166641831398 0.0260006561875343 7.69849061965942
-0.0729166641831398 0.0260006561875343 0.241141736507416
1 0 0
-0.0729166641831398 0.0260006561875343 0.241141736507416
-0.0729166641831398 0.0676673203706741 0.241141736507416
-0.0729166641831398 0.0676673203706741 7.69849061965942
1 0 0
-0.0729166641831398 0.0676673203706741 0.241141736507416
-0.0729166641831398 0.0260006561875343 0.241141736507416
-2.74442267417908 0.0260006561875343 0.241141736507416
0 0 -1
-2.74442267417908 0.0260006561875343 0.241141736507416
-2.74442267417908 0.0676673203706741 0.241141736507416
-0.0729166641831398 0.0676673203706741 0.241141736507416
0 0 -1
-2.89025592803955 0.119750656187534 7.84432411193848
-2.74442267417908 0.119750656187534 7.69849061965942
-2.74442267417908 0.119750656187534 0.241141736507416
0 1 0
-2.74442267417908 0.119750656187534 7.69849061965942
-2.89025592803955 0.119750656187534 7.84432411193848
-0.0729166641831398 0.119750656187534 7.69849061965942
0 1 0
-2.89025592803955 0.119750656187534 0.0953084006905556
-2.74442267417908 0.119750656187534 0.241141736507416
-0.0729166641831398 0.119750656187534 0.241141736507416
0 1 0
-2.74442267417908 0.119750656187534 0.241141736507416
-2.89025592803955 0.119750656187534 0.0953084006905556
-2.89025592803955 0.119750656187534 7.84432411193848
0 1 0
-0.0729166641831398 0.119750656187534 7.69849061965942
0.0729166641831398 0.119750656187534 7.84432411193848
-0.0729166641831398 0.119750656187534 0.241141736507416
0 1 0
0.0729166641831398 0.119750656187534 7.84432411193848
-0.0729166641831398 0.119750656187534 7.69849061965942
-2.89025592803955 0.119750656187534 7.84432411193848
0 1 0
-0.0729166641831398 0.119750656187534 0.241141736507416
0.0729166641831398 0.119750656187534 0.0953084006905556
-2.89025592803955 0.119750656187534 0.0953084006905556
0 1 0
0.0729166641831398 0.119750656187534 0.0953084006905556
-0.0729166641831398 0.119750656187534 0.241141736507416
0.0729166641831398 0.119750656187534 7.84432411193848
0 1 0
0.0729166641831398 -0.0260826777666807 7.84432411193848
-0.0729166641831398 -0.0260826777666807 7.69849061965942
-0.0729166641831398 -0.0260826777666807 0.241141736507416
0 -1 0
-0.0729166641831398 -0.0260826777666807 7.69849061965942
0.0729166641831398 -0.0260826777666807 7.84432411193848
-2.74442267417908 -0.0260826777666807 7.69849061965942
0 -1 0
0.0729166641831398 -0.0260826777666807 0.0953084006905556
-0.0729166641831398 -0.0260826777666807 0.241141736507416
-2.74442267417908 -0.0260826777666807 0.241141736507416
0 -1 0
-0.0729166641831398 -0.0260826777666807 0.241141736507416
0.0729166641831398 -0.0260826777666807 0.0953084006905556
0.0729166641831398 -0.0260826777666807 7.84432411193848
0 -1 0
-2.74442267417908 -0.0260826777666807 7.69849061965942
-2.89025592803955 -0.0260826777666807 7.84432411193848
-2.74442267417908 -0.0260826777666807 0.241141736507416
0 -1 0
-2.89025592803955 -0.0260826777666807 7.84432411193848
-2.74442267417908 -0.0260826777666807 7.69849061965942
0.0729166641831398 -0.0260826777666807 7.84432411193848
0 -1 0
-2.74442267417908 -0.0260826777666807 0.241141736507416
-2.89025592803955 -0.0260826777666807 0.0953084006905556
0.0729166641831398 -0.0260826777666807 0.0953084006905556
0 -1 0
-2.89025592803955 -0.0260826777666807 0.0953084006905556
-2.74442267417908 -0.0260826777666807 0.241141736507416
-2.89025592803955 -0.0260826777666807 7.84432411193848
0 -1 0
-2.89025592803955 0.119750656187534 7.84432411193848
-2.89025592803955 -0.0260826777666807 7.84432411193848
0.0729166641831398 -0.0260826777666807 7.84432411193848
0 0 1
0.0729166641831398 -0.0260826777666807 7.84432411193848
0.0729166641831398 0.119750656187534 7.84432411193848
-2.89025592803955 0.119750656187534 7.84432411193848
0 0 1
0.0729166641831398 0.119750656187534 7.84432411193848
0.0729166641831398 -0.0260826777666807 7.84432411193848
0.0729166641831398 -0.0260826777666807 0.0953084006905556
1 0 0
0.0729166641831398 -0.0260826777666807 0.0953084006905556
0.0729166641831398 0.119750656187534 0.0953084006905556
0.0729166641831398 0.119750656187534 7.84432411193848
1 0 0
0.0729166641831398 0.119750656187534 0.0953084006905556
0.0729166641831398 -0.0260826777666807 0.0953084006905556
-2.89025592803955 -0.0260826777666807 0.0953084006905556
0 0 -1
-2.89025592803955 -0.0260826777666807 0.0953084006905556
-2.89025592803955 0.119750656187534 0.0953084006905556
0.0729166641831398 0.119750656187534 0.0953084006905556
0 0 -1
-2.89025592803955 0.119750656187534 0.0953084006905556
-2.89025592803955 -0.0260826777666807 0.0953084006905556
-2.89025592803955 -0.0260826777666807 7.84432411193848
-1 0 0
-2.89025592803955 -0.0260826777666807 7.84432411193848
-2.89025592803955 0.119750656187534 7.84432411193848
-2.89025592803955 0.119750656187534 0.0953084006905556
-1 0 0
-2.74442267417908 0.119750656187534 7.69849061965942
-2.74442267417908 -0.0260826777666807 7.69849061965942
-2.74442267417908 -0.0260826777666807 0.241141736507416
1 0 0
-2.74442267417908 -0.0260826777666807 0.241141736507416
-2.74442267417908 0.119750656187534 0.241141736507416
-2.74442267417908 0.119750656187534 7.69849061965942
1 0 0
-2.74442267417908 0.119750656187534 0.241141736507416
-2.74442267417908 -0.0260826777666807 0.241141736507416
-0.0729166641831398 -0.0260826777666807 0.241141736507416
-1.66231790442172E-16 0 1
-0.0729166641831398 -0.0260826777666807 0.241141736507416
-0.0729166641831398 0.119750656187534 0.241141736507416
-2.74442267417908 0.119750656187534 0.241141736507416
-1.66231790442172E-16 0 1
-0.0729166641831398 0.119750656187534 0.241141736507416
-0.0729166641831398 -0.0260826777666807 0.241141736507416
-0.0729166641831398 -0.0260826777666807 7.69849061965942
-1 0 0
-0.0729166641831398 -0.0260826777666807 7.69849061965942
-0.0729166641831398 0.119750656187534 7.69849061965942
-0.0729166641831398 0.119750656187534 0.241141736507416
-1 0 0
-0.0729166641831398 0.119750656187534 7.69849061965942
-0.0729166641831398 -0.0260826777666807 7.69849061965942
-2.74442267417908 -0.0260826777666807 7.69849061965942
0 0 -1
-2.74442267417908 -0.0260826777666807 7.69849061965942
-2.74442267417908 0.119750656187534 7.69849061965942
-0.0729166641831398 0.119750656187534 7.69849061965942
0 0 -1
3.18192267417908 0.432250648736954 0.0953084006905556
3.18192267417908 0.432250648736954 0.0328084006905556
-3.18192267417908 0.432250648736954 0.0328084006905556
0 1 0
-3.18192267417908 0.432250648736954 0.0328084006905556
-3.18192267417908 0.432250648736954 0.0953084006905556
3.18192267417908 0.432250648736954 0.0953084006905556
0 1 0
-3.18192267417908 0.328083992004395 0.0328084006905556
3.18192267417908 0.328083992004395 0.0328084006905556
3.18192267417908 0.328083992004395 0.0953084006905556
0 -1 0
3.18192267417908 0.328083992004395 0.0953084006905556
-3.18192267417908 0.328083992004395 0.0953084006905556
-3.18192267417908 0.328083992004395 0.0328084006905556
0 -1 0
-3.18192267417908 0.432250648736954 0.0953084006905556
-3.18192267417908 0.328083992004395 0.0953084006905556
3.18192267417908 0.328083992004395 0.0953084006905556
0 0 1
3.18192267417908 0.328083992004395 0.0953084006905556
3.18192267417908 0.432250648736954 0.0953084006905556
-3.18192267417908 0.432250648736954 0.0953084006905556
0 0 1
3.18192267417908 0.432250648736954 0.0953084006905556
3.18192267417908 0.328083992004395 0.0953084006905556
3.18192267417908 0.328083992004395 0.0328084006905556
1 0 0
3.18192267417908 0.328083992004395 0.0328084006905556
3.18192267417908 0.432250648736954 0.0328084006905556
3.18192267417908 0.432250648736954 0.0953084006905556
1 0 0
3.18192267417908 0.432250648736954 0.0328084006905556
3.18192267417908 0.328083992004395 0.0328084006905556
-3.18192267417908 0.328083992004395 0.0328084006905556
0 0 -1
-3.18192267417908 0.328083992004395 0.0328084006905556
-3.18192267417908 0.432250648736954 0.0328084006905556
3.18192267417908 0.432250648736954 0.0328084006905556
0 0 -1
-3.18192267417908 0.432250648736954 0.0328084006905556
-3.18192267417908 0.328083992004395 0.0328084006905556
-3.18192267417908 0.328083992004395 0.0953084006905556
-1 0 0
-3.18192267417908 0.328083992004395 0.0953084006905556
-3.18192267417908 0.432250648736954 0.0953084006905556
-3.18192267417908 0.432250648736954 0.0328084006905556
-1 0 0
3.18192267417908 0.390583992004395 8.13599109649658
2.89025592803955 0.390583992004395 7.84432411193848
-2.89025592803955 0.390583992004395 7.84432411193848
0 1 0
2.89025592803955 0.390583992004395 7.84432411193848
3.18192267417908 0.390583992004395 8.13599109649658
3.18192267417908 0.390583992004395 0.0953084006905556
0 1 0
-3.18192267417908 0.390583992004395 8.13599109649658
-2.89025592803955 0.390583992004395 7.84432411193848
-3.18192267417908 0.390583992004395 0.0953084006905556
0 1 0
-2.89025592803955 0.390583992004395 7.84432411193848
-3.18192267417908 0.390583992004395 8.13599109649658
3.18192267417908 0.390583992004395 8.13599109649658
0 1 0
3.18192267417908 0.390583992004395 0.0953084006905556
2.89025592803955 0.390583992004395 0.0953084006905556
2.89025592803955 0.390583992004395 7.84432411193848
0 1 0
-2.89025592803955 0.390583992004395 0.0953084006905556
-3.18192267417908 0.390583992004395 0.0953084006905556
-2.89025592803955 0.390583992004395 7.84432411193848
0 1 0
2.89025592803955 0.328083992004395 0.0953084006905556
3.18192267417908 0.328083992004395 0.0953084006905556
2.89025592803955 0.328083992004395 7.84432411193848
0 -1 0
-3.18192267417908 0.328083992004395 0.0953084006905556
-2.89025592803955 0.328083992004395 0.0953084006905556
-2.89025592803955 0.328083992004395 7.84432411193848
0 -1 0
2.89025592803955 0.328083992004395 7.84432411193848
3.18192267417908 0.328083992004395 8.13599109649658
-2.89025592803955 0.328083992004395 7.84432411193848
0 -1 0
3.18192267417908 0.328083992004395 8.13599109649658
2.89025592803955 0.328083992004395 7.84432411193848
3.18192267417908 0.328083992004395 0.0953084006905556
0 -1 0
-2.89025592803955 0.328083992004395 7.84432411193848
-3.18192267417908 0.328083992004395 8.13599109649658
-3.18192267417908 0.328083992004395 0.0953084006905556
0 -1 0
-3.18192267417908 0.328083992004395 8.13599109649658
-2.89025592803955 0.328083992004395 7.84432411193848
3.18192267417908 0.328083992004395 8.13599109649658
0 -1 0
-2.89025592803955 0.390583992004395 7.84432411193848
-2.89025592803955 0.328083992004395 7.84432411193848
-2.89025592803955 0.328083992004395 0.0953084006905556
1 0 0
-2.89025592803955 0.328083992004395 0.0953084006905556
-2.89025592803955 0.390583992004395 0.0953084006905556
-2.89025592803955 0.390583992004395 7.84432411193848
1 0 0
-2.89025592803955 0.390583992004395 0.0953084006905556
-2.89025592803955 0.328083992004395 0.0953084006905556
-3.18192267417908 0.328083992004395 0.0953084006905556
0 0 -1
-3.18192267417908 0.328083992004395 0.0953084006905556
-3.18192267417908 0.390583992004395 0.0953084006905556
-2.89025592803955 0.390583992004395 0.0953084006905556
0 0 -1
-3.18192267417908 0.390583992004395 0.0953084006905556
-3.18192267417908 0.328083992004395 0.0953084006905556
-3.18192267417908 0.328083992004395 8.13599109649658
-1 0 0
-3.18192267417908 0.328083992004395 8.13599109649658
-3.18192267417908 0.390583992004395 8.13599109649658
-3.18192267417908 0.390583992004395 0.0953084006905556
-1 0 0
-3.18192267417908 0.390583992004395 8.13599109649658
-3.18192267417908 0.328083992004395 8.13599109649658
3.18192267417908 0.328083992004395 8.13599109649658
0 0 1
3.18192267417908 0.328083992004395 8.13599109649658
3.18192267417908 0.390583992004395 8.13599109649658
-3.18192267417908 0.390583992004395 8.13599109649658
0 0 1
3.18192267417908 0.390583992004395 8.13599109649658
3.18192267417908 0.328083992004395 8.13599109649658
3.18192267417908 0.328083992004395 0.0953084006905556
1 0 0
3.18192267417908 0.328083992004395 0.0953084006905556
3.18192267417908 0.390583992004395 0.0953084006905556
3.18192267417908 0.390583992004395 8.13599109649658
1 0 0
3.18192267417908 0.390583992004395 0.0953084006905556
3.18192267417908 0.328083992004395 0.0953084006905556
2.89025592803955 0.328083992004395 0.0953084006905556
-3.04518315325771E-15 0 -1
2.89025592803955 0.328083992004395 0.0953084006905556
2.89025592803955 0.390583992004395 0.0953084006905556
3.18192267417908 0.390583992004395 0.0953084006905556
-3.04518315325771E-15 0 -1
2.89025592803955 0.390583992004395 0.0953084006905556
2.89025592803955 0.328083992004395 0.0953084006905556
2.89025592803955 0.328083992004395 7.84432411193848
-1 0 0
2.89025592803955 0.328083992004395 7.84432411193848
2.89025592803955 0.390583992004395 7.84432411193848
2.89025592803955 0.390583992004395 0.0953084006905556
-1 0 0
2.89025592803955 0.390583992004395 7.84432411193848
2.89025592803955 0.328083992004395 7.84432411193848
-2.89025592803955 0.328083992004395 7.84432411193848
0 0 -1
-2.89025592803955 0.328083992004395 7.84432411193848
-2.89025592803955 0.390583992004395 7.84432411193848
2.89025592803955 0.390583992004395 7.84432411193848
0 0 -1
-3.14025592803955 -0.390583992004395 8.09432411193848
-2.84858918190002 -0.390583992004395 7.80265760421753
2.84858918190002 -0.390583992004395 7.80265760421753
0 -1 0
-2.84858918190002 -0.390583992004395 7.80265760421753
-3.14025592803955 -0.390583992004395 8.09432411193848
-2.84858918190002 -0.390583992004395 0.136975064873695
0 -1 0
3.14025592803955 -0.390583992004395 8.09432411193848
2.84858918190002 -0.390583992004395 7.80265760421753
2.84858918190002 -0.390583992004395 0.136975064873695
0 -1 0
2.84858918190002 -0.390583992004395 7.80265760421753
3.14025592803955 -0.390583992004395 8.09432411193848
-3.14025592803955 -0.390583992004395 8.09432411193848
0 -1 0
-2.84858918190002 -0.390583992004395 0.136975064873695
-3.14025592803955 -0.390583992004395 -0.154691606760025
2.84858918190002 -0.390583992004395 0.136975064873695
0 -1 0
-3.14025592803955 -0.390583992004395 -0.154691606760025
-2.84858918190002 -0.390583992004395 0.136975064873695
-3.14025592803955 -0.390583992004395 8.09432411193848
0 -1 0
2.84858918190002 -0.390583992004395 0.136975064873695
3.14025592803955 -0.390583992004395 -0.154691606760025
3.14025592803955 -0.390583992004395 8.09432411193848
0 -1 0
3.14025592803955 -0.390583992004395 -0.154691606760025
2.84858918190002 -0.390583992004395 0.136975064873695
-3.14025592803955 -0.390583992004395 -0.154691606760025
0 -1 0
-3.14025592803955 -0.328083992004395 -0.154691606760025
-2.84858918190002 -0.328083992004395 0.136975064873695
2.84858918190002 -0.328083992004395 0.136975064873695
0 1 0
-2.84858918190002 -0.328083992004395 0.136975064873695
-3.14025592803955 -0.328083992004395 -0.154691606760025
-2.84858918190002 -0.328083992004395 7.80265760421753
0 1 0
3.14025592803955 -0.328083992004395 -0.154691606760025
2.84858918190002 -0.328083992004395 0.136975064873695
2.84858918190002 -0.328083992004395 7.80265760421753
0 1 0
2.84858918190002 -0.328083992004395 0.136975064873695
3.14025592803955 -0.328083992004395 -0.154691606760025
-3.14025592803955 -0.328083992004395 -0.154691606760025
0 1 0
-2.84858918190002 -0.328083992004395 7.80265760421753
-3.14025592803955 -0.328083992004395 8.09432411193848
2.84858918190002 -0.328083992004395 7.80265760421753
0 1 0
-3.14025592803955 -0.328083992004395 8.09432411193848
-2.84858918190002 -0.328083992004395 7.80265760421753
-3.14025592803955 -0.328083992004395 -0.154691606760025
0 1 0
2.84858918190002 -0.328083992004395 7.80265760421753
3.14025592803955 -0.328083992004395 8.09432411193848
3.14025592803955 -0.328083992004395 -0.154691606760025
0 1 0
3.14025592803955 -0.328083992004395 8.09432411193848
2.84858918190002 -0.328083992004395 7.80265760421753
-3.14025592803955 -0.328083992004395 8.09432411193848
0 1 0
2.84858918190002 -0.390583992004395 7.80265760421753
2.84858918190002 -0.328083992004395 7.80265760421753
2.84858918190002 -0.328083992004395 0.136975064873695
-1 0 0
2.84858918190002 -0.328083992004395 0.136975064873695
2.84858918190002 -0.390583992004395 0.136975064873695
2.84858918190002 -0.390583992004395 7.80265760421753
-1 0 0
2.84858918190002 -0.390583992004395 0.136975064873695
2.84858918190002 -0.328083992004395 0.136975064873695
-2.84858918190002 -0.328083992004395 0.136975064873695
0 0 1
-2.84858918190002 -0.328083992004395 0.136975064873695
-2.84858918190002 -0.390583992004395 0.136975064873695
2.84858918190002 -0.390583992004395 0.136975064873695
0 0 1
-2.84858918190002 -0.390583992004395 0.136975064873695
-2.84858918190002 -0.328083992004395 0.136975064873695
-2.84858918190002 -0.328083992004395 7.80265760421753
1 0 0
-2.84858918190002 -0.328083992004395 7.80265760421753
-2.84858918190002 -0.390583992004395 7.80265760421753
-2.84858918190002 -0.390583992004395 0.136975064873695
1 0 0
-2.84858918190002 -0.390583992004395 7.80265760421753
-2.84858918190002 -0.328083992004395 7.80265760421753
2.84858918190002 -0.328083992004395 7.80265760421753
0 0 -1
2.84858918190002 -0.328083992004395 7.80265760421753
2.84858918190002 -0.390583992004395 7.80265760421753
-2.84858918190002 -0.390583992004395 7.80265760421753
0 0 -1
3.14025592803955 -0.390583992004395 8.09432411193848
3.14025592803955 -0.328083992004395 8.09432411193848
-3.14025592803955 -0.328083992004395 8.09432411193848
0 0 1
-3.14025592803955 -0.328083992004395 8.09432411193848
-3.14025592803955 -0.390583992004395 8.09432411193848
3.14025592803955 -0.390583992004395 8.09432411193848
0 0 1
-3.14025592803955 -0.390583992004395 8.09432411193848
-3.14025592803955 -0.328083992004395 8.09432411193848
-3.14025592803955 -0.328083992004395 -0.154691606760025
-1 0 0
-3.14025592803955 -0.328083992004395 -0.154691606760025
-3.14025592803955 -0.390583992004395 -0.154691606760025
-3.14025592803955 -0.390583992004395 8.09432411193848
-1 0 0
-3.14025592803955 -0.390583992004395 -0.154691606760025
-3.14025592803955 -0.328083992004395 -0.154691606760025
3.14025592803955 -0.328083992004395 -0.154691606760025
1.41418159287781E-16 0 -1
3.14025592803955 -0.328083992004395 -0.154691606760025
3.14025592803955 -0.390583992004395 -0.154691606760025
-3.14025592803955 -0.390583992004395 -0.154691606760025
1.41418159287781E-16 0 -1
3.14025592803955 -0.390583992004395 -0.154691606760025
3.14025592803955 -0.328083992004395 -0.154691606760025
3.14025592803955 -0.328083992004395 8.09432411193848
1 0 -5.38354178746766E-17
3.14025592803955 -0.328083992004395 8.09432411193848
3.14025592803955 -0.390583992004395 8.09432411193848
3.14025592803955 -0.390583992004395 -0.154691606760025
1 0 -5.38354178746766E-17
0.0729166641831398 0.171833992004395 7.69849061965942
0.0729166641831398 0.171833992004395 0.241141736507416
2.74442267417908 0.171833992004395 0.241141736507416
0 -1 0
2.74442267417908 0.171833992004395 0.241141736507416
2.74442267417908 0.171833992004395 7.69849061965942
0.0729166641831398 0.171833992004395 7.69849061965942
0 -1 0
2.74442267417908 0.213500648736954 0.241141736507416
0.0729166641831398 0.213500648736954 0.241141736507416
0.0729166641831398 0.213500648736954 7.69849061965942
0 1 0
0.0729166641831398 0.213500648736954 7.69849061965942
2.74442267417908 0.213500648736954 7.69849061965942
2.74442267417908 0.213500648736954 0.241141736507416
0 1 0
2.74442267417908 0.171833992004395 7.69849061965942
2.74442267417908 0.213500648736954 7.69849061965942
0.0729166641831398 0.213500648736954 7.69849061965942
0 0 1
0.0729166641831398 0.213500648736954 7.69849061965942
0.0729166641831398 0.171833992004395 7.69849061965942
2.74442267417908 0.171833992004395 7.69849061965942
0 0 1
0.0729166641831398 0.171833992004395 7.69849061965942
0.0729166641831398 0.213500648736954 7.69849061965942
0.0729166641831398 0.213500648736954 0.241141736507416
-1 0 0
0.0729166641831398 0.213500648736954 0.241141736507416
0.0729166641831398 0.171833992004395 0.241141736507416
0.0729166641831398 0.171833992004395 7.69849061965942
-1 0 0
0.0729166641831398 0.171833992004395 0.241141736507416
0.0729166641831398 0.213500648736954 0.241141736507416
2.74442267417908 0.213500648736954 0.241141736507416
1.66231790442172E-16 0 -1
2.74442267417908 0.213500648736954 0.241141736507416
2.74442267417908 0.171833992004395 0.241141736507416
0.0729166641831398 0.171833992004395 0.241141736507416
1.66231790442172E-16 0 -1
2.74442267417908 0.171833992004395 0.241141736507416
2.74442267417908 0.213500648736954 0.241141736507416
2.74442267417908 0.213500648736954 7.69849061965942
1 0 0
2.74442267417908 0.213500648736954 7.69849061965942
2.74442267417908 0.171833992004395 7.69849061965942
2.74442267417908 0.171833992004395 0.241141736507416
1 0 0
-0.0729166641831398 0.265583992004395 7.84432411193848
0.0729166641831398 0.265583992004395 7.69849061965942
0.0729166641831398 0.265583992004395 0.241141736507416
0 1 0
0.0729166641831398 0.265583992004395 7.69849061965942
-0.0729166641831398 0.265583992004395 7.84432411193848
2.74442267417908 0.265583992004395 7.69849061965942
0 1 0
-0.0729166641831398 0.265583992004395 0.0953084006905556
0.0729166641831398 0.265583992004395 0.241141736507416
2.74442267417908 0.265583992004395 0.241141736507416
0 1 0
0.0729166641831398 0.265583992004395 0.241141736507416
-0.0729166641831398 0.265583992004395 0.0953084006905556
-0.0729166641831398 0.265583992004395 7.84432411193848
0 1 0
2.74442267417908 0.265583992004395 7.69849061965942
2.89025592803955 0.265583992004395 7.84432411193848
2.74442267417908 0.265583992004395 0.241141736507416
0 1 0
2.89025592803955 0.265583992004395 7.84432411193848
2.74442267417908 0.265583992004395 7.69849061965942
-0.0729166641831398 0.265583992004395 7.84432411193848
0 1 0
2.74442267417908 0.265583992004395 0.241141736507416
2.89025592803955 0.265583992004395 0.0953084006905556
-0.0729166641831398 0.265583992004395 0.0953084006905556
0 1 0
2.89025592803955 0.265583992004395 0.0953084006905556
2.74442267417908 0.265583992004395 0.241141736507416
2.89025592803955 0.265583992004395 7.84432411193848
0 1 0
2.89025592803955 0.119750656187534 7.84432411193848
2.74442267417908 0.119750656187534 7.69849061965942
2.74442267417908 0.119750656187534 0.241141736507416
0 -1 0
2.74442267417908 0.119750656187534 7.69849061965942
2.89025592803955 0.119750656187534 7.84432411193848
0.0729166641831398 0.119750656187534 7.69849061965942
0 -1 0
2.89025592803955 0.119750656187534 0.0953084006905556
2.74442267417908 0.119750656187534 0.241141736507416
0.0729166641831398 0.119750656187534 0.241141736507416
0 -1 0
2.74442267417908 0.119750656187534 0.241141736507416
2.89025592803955 0.119750656187534 0.0953084006905556
2.89025592803955 0.119750656187534 7.84432411193848
0 -1 0
0.0729166641831398 0.119750656187534 7.69849061965942
-0.0729166641831398 0.119750656187534 7.84432411193848
0.0729166641831398 0.119750656187534 0.241141736507416
0 -1 0
-0.0729166641831398 0.119750656187534 7.84432411193848
0.0729166641831398 0.119750656187534 7.69849061965942
2.89025592803955 0.119750656187534 7.84432411193848
0 -1 0
0.0729166641831398 0.119750656187534 0.241141736507416
-0.0729166641831398 0.119750656187534 0.0953084006905556
2.89025592803955 0.119750656187534 0.0953084006905556
0 -1 0
-0.0729166641831398 0.119750656187534 0.0953084006905556
0.0729166641831398 0.119750656187534 0.241141736507416
-0.0729166641831398 0.119750656187534 7.84432411193848
0 -1 0
-0.0729166641831398 0.265583992004395 7.84432411193848
-0.0729166641831398 0.119750656187534 7.84432411193848
2.89025592803955 0.119750656187534 7.84432411193848
0 0 1
2.89025592803955 0.119750656187534 7.84432411193848
2.89025592803955 0.265583992004395 7.84432411193848
-0.0729166641831398 0.265583992004395 7.84432411193848
0 0 1
2.89025592803955 0.265583992004395 7.84432411193848
2.89025592803955 0.119750656187534 7.84432411193848
2.89025592803955 0.119750656187534 0.0953084006905556
1 0 0
2.89025592803955 0.119750656187534 0.0953084006905556
2.89025592803955 0.265583992004395 0.0953084006905556
2.89025592803955 0.265583992004395 7.84432411193848
1 0 0
2.89025592803955 0.265583992004395 0.0953084006905556
2.89025592803955 0.119750656187534 0.0953084006905556
-0.0729166641831398 0.119750656187534 0.0953084006905556
0 0 -1
-0.0729166641831398 0.119750656187534 0.0953084006905556
-0.0729166641831398 0.265583992004395 0.0953084006905556
2.89025592803955 0.265583992004395 0.0953084006905556
0 0 -1
-0.0729166641831398 0.265583992004395 0.0953084006905556
-0.0729166641831398 0.119750656187534 0.0953084006905556
-0.0729166641831398 0.119750656187534 7.84432411193848
-1 0 0
-0.0729166641831398 0.119750656187534 7.84432411193848
-0.0729166641831398 0.265583992004395 7.84432411193848
-0.0729166641831398 0.265583992004395 0.0953084006905556
-1 0 0
0.0729166641831398 0.265583992004395 7.69849061965942
0.0729166641831398 0.119750656187534 7.69849061965942
0.0729166641831398 0.119750656187534 0.241141736507416
1 0 0
0.0729166641831398 0.119750656187534 0.241141736507416
0.0729166641831398 0.265583992004395 0.241141736507416
0.0729166641831398 0.265583992004395 7.69849061965942
1 0 0
0.0729166641831398 0.265583992004395 0.241141736507416
0.0729166641831398 0.119750656187534 0.241141736507416
2.74442267417908 0.119750656187534 0.241141736507416
1.66231790442172E-16 0 1
2.74442267417908 0.119750656187534 0.241141736507416
2.74442267417908 0.265583992004395 0.241141736507416
0.0729166641831398 0.265583992004395 0.241141736507416
1.66231790442172E-16 0 1
2.74442267417908 0.265583992004395 0.241141736507416
2.74442267417908 0.119750656187534 0.241141736507416
2.74442267417908 0.119750656187534 7.69849061965942
-1 0 0
2.74442267417908 0.119750656187534 7.69849061965942
2.74442267417908 0.265583992004395 7.69849061965942
2.74442267417908 0.265583992004395 0.241141736507416
-1 0 0
2.74442267417908 0.265583992004395 7.69849061965942
2.74442267417908 0.119750656187534 7.69849061965942
0.0729166641831398 0.119750656187534 7.69849061965942
0 0 -1
0.0729166641831398 0.119750656187534 7.69849061965942
0.0729166641831398 0.265583992004395 7.69849061965942
2.74442267417908 0.265583992004395 7.69849061965942
0 0 -1
-2.95275592803955 -0.0260826777666807 7.90682411193848
-2.84858918190002 -0.0260826777666807 7.80265760421753
-2.84858918190002 -0.0260826777666807 0.136975064873695
0 1 0
-2.84858918190002 -0.0260826777666807 7.80265760421753
-2.95275592803955 -0.0260826777666807 7.90682411193848
2.84858918190002 -0.0260826777666807 7.80265760421753
0 1 0
-2.95275592803955 -0.0260826777666807 0.0328084006905556
-2.84858918190002 -0.0260826777666807 0.136975064873695
2.84858918190002 -0.0260826777666807 0.136975064873695
0 1 0
-2.84858918190002 -0.0260826777666807 0.136975064873695
-2.95275592803955 -0.0260826777666807 0.0328084006905556
-2.95275592803955 -0.0260826777666807 7.90682411193848
0 1 0
2.84858918190002 -0.0260826777666807 7.80265760421753
2.95275592803955 -0.0260826777666807 7.90682411193848
2.84858918190002 -0.0260826777666807 0.136975064873695
0 1 0
2.95275592803955 -0.0260826777666807 7.90682411193848
2.84858918190002 -0.0260826777666807 7.80265760421753
-2.95275592803955 -0.0260826777666807 7.90682411193848
0 1 0
2.84858918190002 -0.0260826777666807 0.136975064873695
2.95275592803955 -0.0260826777666807 0.0328084006905556
-2.95275592803955 -0.0260826777666807 0.0328084006905556
0 1 0
2.95275592803955 -0.0260826777666807 0.0328084006905556
2.84858918190002 -0.0260826777666807 0.136975064873695
2.95275592803955 -0.0260826777666807 7.90682411193848
0 1 0
2.95275592803955 -0.328083992004395 7.90682411193848
2.84858918190002 -0.328083992004395 7.80265760421753
2.84858918190002 -0.328083992004395 0.136975064873695
0 -1 0
2.84858918190002 -0.328083992004395 7.80265760421753
2.95275592803955 -0.328083992004395 7.90682411193848
-2.84858918190002 -0.328083992004395 7.80265760421753
0 -1 0
2.95275592803955 -0.328083992004395 0.0328084006905556
2.84858918190002 -0.328083992004395 0.136975064873695
-2.84858918190002 -0.328083992004395 0.136975064873695
0 -1 0
2.84858918190002 -0.328083992004395 0.136975064873695
2.95275592803955 -0.328083992004395 0.0328084006905556
2.95275592803955 -0.328083992004395 7.90682411193848
0 -1 0
-2.84858918190002 -0.328083992004395 7.80265760421753
-2.95275592803955 -0.328083992004395 7.90682411193848
-2.84858918190002 -0.328083992004395 0.136975064873695
0 -1 0
-2.95275592803955 -0.328083992004395 7.90682411193848
-2.84858918190002 -0.328083992004395 7.80265760421753
2.95275592803955 -0.328083992004395 7.90682411193848
0 -1 0
-2.84858918190002 -0.328083992004395 0.136975064873695
-2.95275592803955 -0.328083992004395 0.0328084006905556
2.95275592803955 -0.328083992004395 0.0328084006905556
0 -1 0
-2.95275592803955 -0.328083992004395 0.0328084006905556
-2.84858918190002 -0.328083992004395 0.136975064873695
-2.95275592803955 -0.328083992004395 7.90682411193848
0 -1 0
-2.95275592803955 -0.0260826777666807 7.90682411193848
-2.95275592803955 -0.328083992004395 7.90682411193848
2.95275592803955 -0.328083992004395 7.90682411193848
0 0 1
2.95275592803955 -0.328083992004395 7.90682411193848
2.95275592803955 -0.0260826777666807 7.90682411193848
-2.95275592803955 -0.0260826777666807 7.90682411193848
0 0 1
2.95275592803955 -0.0260826777666807 7.90682411193848
2.95275592803955 -0.328083992004395 7.90682411193848
2.95275592803955 -0.328083992004395 0.0328084006905556
1 0 0
2.95275592803955 -0.328083992004395 0.0328084006905556
2.95275592803955 -0.0260826777666807 0.0328084006905556
2.95275592803955 -0.0260826777666807 7.90682411193848
1 0 0
2.95275592803955 -0.0260826777666807 0.0328084006905556
2.95275592803955 -0.328083992004395 0.0328084006905556
-2.95275592803955 -0.328083992004395 0.0328084006905556
0 0 -1
-2.95275592803955 -0.328083992004395 0.0328084006905556
-2.95275592803955 -0.0260826777666807 0.0328084006905556
2.95275592803955 -0.0260826777666807 0.0328084006905556
0 0 -1
-2.95275592803955 -0.0260826777666807 0.0328084006905556
-2.95275592803955 -0.328083992004395 0.0328084006905556
-2.95275592803955 -0.328083992004395 7.90682411193848
-1 0 0
-2.95275592803955 -0.328083992004395 7.90682411193848
-2.95275592803955 -0.0260826777666807 7.90682411193848
-2.95275592803955 -0.0260826777666807 0.0328084006905556
-1 0 0
-2.84858918190002 -0.0260826777666807 7.80265760421753
-2.84858918190002 -0.328083992004395 7.80265760421753
-2.84858918190002 -0.328083992004395 0.136975064873695
1 0 0
-2.84858918190002 -0.328083992004395 0.136975064873695
-2.84858918190002 -0.0260826777666807 0.136975064873695
-2.84858918190002 -0.0260826777666807 7.80265760421753
1 0 0
-2.84858918190002 -0.0260826777666807 0.136975064873695
-2.84858918190002 -0.328083992004395 0.136975064873695
2.84858918190002 -0.328083992004395 0.136975064873695
0 0 1
2.84858918190002 -0.328083992004395 0.136975064873695
2.84858918190002 -0.0260826777666807 0.136975064873695
-2.84858918190002 -0.0260826777666807 0.136975064873695
0 0 1
2.84858918190002 -0.0260826777666807 0.136975064873695
2.84858918190002 -0.328083992004395 0.136975064873695
2.84858918190002 -0.328083992004395 7.80265760421753
-1 0 0
2.84858918190002 -0.328083992004395 7.80265760421753
2.84858918190002 -0.0260826777666807 7.80265760421753
2.84858918190002 -0.0260826777666807 0.136975064873695
-1 0 0
2.84858918190002 -0.0260826777666807 7.80265760421753
2.84858918190002 -0.328083992004395 7.80265760421753
-2.84858918190002 -0.328083992004395 7.80265760421753
0 0 -1
-2.84858918190002 -0.328083992004395 7.80265760421753
-2.84858918190002 -0.0260826777666807 7.80265760421753
2.84858918190002 -0.0260826777666807 7.80265760421753
0 0 -1
2.95275592803955 -0.0260826777666807 7.90682411193848
2.89025592803955 -0.0260826777666807 7.84432411193848
2.89025592803955 -0.0260826777666807 0.0953084006905556
0 -1 0
2.89025592803955 -0.0260826777666807 7.84432411193848
2.95275592803955 -0.0260826777666807 7.90682411193848
-2.89025592803955 -0.0260826777666807 7.84432411193848
0 -1 0
2.95275592803955 -0.0260826777666807 0.0328084006905556
2.89025592803955 -0.0260826777666807 0.0953084006905556
-2.89025592803955 -0.0260826777666807 0.0953084006905556
0 -1 0
2.89025592803955 -0.0260826777666807 0.0953084006905556
2.95275592803955 -0.0260826777666807 0.0328084006905556
2.95275592803955 -0.0260826777666807 7.90682411193848
0 -1 0
-2.89025592803955 -0.0260826777666807 7.84432411193848
-2.95275592803955 -0.0260826777666807 7.90682411193848
-2.89025592803955 -0.0260826777666807 0.0953084006905556
0 -1 0
-2.95275592803955 -0.0260826777666807 7.90682411193848
-2.89025592803955 -0.0260826777666807 7.84432411193848
2.95275592803955 -0.0260826777666807 7.90682411193848
0 -1 0
-2.89025592803955 -0.0260826777666807 0.0953084006905556
-2.95275592803955 -0.0260826777666807 0.0328084006905556
2.95275592803955 -0.0260826777666807 0.0328084006905556
0 -1 0
-2.95275592803955 -0.0260826777666807 0.0328084006905556
-2.89025592803955 -0.0260826777666807 0.0953084006905556
-2.95275592803955 -0.0260826777666807 7.90682411193848
0 -1 0
-2.95275592803955 0.328083992004395 7.90682411193848
-2.89025592803955 0.328083992004395 7.84432411193848
-2.89025592803955 0.328083992004395 0.0953084006905556
0 1 0
-2.89025592803955 0.328083992004395 7.84432411193848
-2.95275592803955 0.328083992004395 7.90682411193848
2.89025592803955 0.328083992004395 7.84432411193848
0 1 0
-2.95275592803955 0.328083992004395 0.0328084006905556
-2.89025592803955 0.328083992004395 0.0953084006905556
2.89025592803955 0.328083992004395 0.0953084006905556
0 1 0
-2.89025592803955 0.328083992004395 0.0953084006905556
-2.95275592803955 0.328083992004395 0.0328084006905556
-2.95275592803955 0.328083992004395 7.90682411193848
0 1 0
2.89025592803955 0.328083992004395 7.84432411193848
2.95275592803955 0.328083992004395 7.90682411193848
2.89025592803955 0.328083992004395 0.0953084006905556
0 1 0
2.95275592803955 0.328083992004395 7.90682411193848
2.89025592803955 0.328083992004395 7.84432411193848
-2.95275592803955 0.328083992004395 7.90682411193848
0 1 0
2.89025592803955 0.328083992004395 0.0953084006905556
2.95275592803955 0.328083992004395 0.0328084006905556
-2.95275592803955 0.328083992004395 0.0328084006905556
0 1 0
2.95275592803955 0.328083992004395 0.0328084006905556
2.89025592803955 0.328083992004395 0.0953084006905556
2.95275592803955 0.328083992004395 7.90682411193848
0 1 0
2.95275592803955 -0.0260826777666807 7.90682411193848
2.95275592803955 0.328083992004395 7.90682411193848
-2.95275592803955 0.328083992004395 7.90682411193848
0 0 1
-2.95275592803955 0.328083992004395 7.90682411193848
-2.95275592803955 -0.0260826777666807 7.90682411193848
2.95275592803955 -0.0260826777666807 7.90682411193848
0 0 1
-2.95275592803955 -0.0260826777666807 7.90682411193848
-2.95275592803955 0.328083992004395 7.90682411193848
-2.95275592803955 0.328083992004395 0.0328084006905556
-1 0 0
-2.95275592803955 0.328083992004395 0.0328084006905556
-2.95275592803955 -0.0260826777666807 0.0328084006905556
-2.95275592803955 -0.0260826777666807 7.90682411193848
-1 0 0
-2.95275592803955 -0.0260826777666807 0.0328084006905556
-2.95275592803955 0.328083992004395 0.0328084006905556
2.95275592803955 0.328083992004395 0.0328084006905556
0 0 -1
2.95275592803955 0.328083992004395 0.0328084006905556
2.95275592803955 -0.0260826777666807 0.0328084006905556
-2.95275592803955 -0.0260826777666807 0.0328084006905556
0 0 -1
2.95275592803955 -0.0260826777666807 0.0328084006905556
2.95275592803955 0.328083992004395 0.0328084006905556
2.95275592803955 0.328083992004395 7.90682411193848
1 0 -5.63993296509578E-17
2.95275592803955 0.328083992004395 7.90682411193848
2.95275592803955 -0.0260826777666807 7.90682411193848
2.95275592803955 -0.0260826777666807 0.0328084006905556
1 0 -5.63993296509578E-17
2.89025592803955 -0.0260826777666807 7.84432411193848
2.89025592803955 0.328083992004395 7.84432411193848
2.89025592803955 0.328083992004395 0.0953084006905556
-1 0 0
2.89025592803955 0.328083992004395 0.0953084006905556
2.89025592803955 -0.0260826777666807 0.0953084006905556
2.89025592803955 -0.0260826777666807 7.84432411193848
-1 0 0
2.89025592803955 -0.0260826777666807 0.0953084006905556
2.89025592803955 0.328083992004395 0.0953084006905556
-2.89025592803955 0.328083992004395 0.0953084006905556
0 0 1
-2.89025592803955 0.328083992004395 0.0953084006905556
-2.89025592803955 -0.0260826777666807 0.0953084006905556
2.89025592803955 -0.0260826777666807 0.0953084006905556
0 0 1
-2.89025592803955 -0.0260826777666807 0.0953084006905556
-2.89025592803955 0.328083992004395 0.0953084006905556
-2.89025592803955 0.328083992004395 7.84432411193848
1 0 0
-2.89025592803955 0.328083992004395 7.84432411193848
-2.89025592803955 -0.0260826777666807 7.84432411193848
-2.89025592803955 -0.0260826777666807 0.0953084006905556
1 0 0
-2.89025592803955 -0.0260826777666807 7.84432411193848
-2.89025592803955 0.328083992004395 7.84432411193848
2.89025592803955 0.328083992004395 7.84432411193848
0 0 -1
2.89025592803955 0.328083992004395 7.84432411193848
2.89025592803955 -0.0260826777666807 7.84432411193848
-2.89025592803955 -0.0260826777666807 7.84432411193848
0 0 -1
[HEADER]
432978,1830 x 1220mm 3,6
266.704209156767 128.477623669886 24.9343832020997
1
-1 3.18524774704407E-15 0
-3.18524774704407E-15 -1 0
0 0 1
[HEADER]
432979,1830 x 1220mm 3,6
273.347909944168 128.477623669886 24.9343832020997
1
-1 3.18524774704407E-15 0
-3.18524774704407E-15 -1 0
0 0 1
[HEADER]
432980,1830 x 1220mm 3,6
280.893841702698 128.477623669886 24.9343832020997
1
-1 3.18524774704407E-15 0
-3.18524774704407E-15 -1 0
0 0 1
[HEADER]
432981,1830 x 1220mm 3,6
287.455521492725 128.477623669886 24.9343832020997
1
-1 3.18524774704407E-15 0
-3.18524774704407E-15 -1 0
0 0 1
[HEADER]
432982,1830 x 1220mm 3,6
294.017201282751 128.477623669886 24.9343832020997
1
-1 3.18524774704407E-15 0
-3.18524774704407E-15 -1 0
0 0 1
[HEADER]
432983,1830 x 1220mm 3,6
300.906965062279 128.477623669886 24.9343832020997
1
-1 3.18524774704407E-15 0
-3.18524774704407E-15 -1 0
0 0 1
[HEADER]
432984,1830 x 1220mm 3,6
307.468644852305 128.477623669886 24.9343832020997
1
-1 3.18524774704407E-15 0
-3.18524774704407E-15 -1 0
0 0 1
[HEADER]
432985,1830 x 1220mm 3,6
313.661230154142 128.477623669886 24.9343832020997
1
-1 3.18524774704407E-15 0
-3.18524774704407E-15 -1 0
0 0 1
[HEADER]
432986,1830 x 1220mm 3,6
255.877437503224 124.212531806369 24.9343832020997
1
1.83019796497081E-15 1 0
-1 1.83019796497081E-15 0
0 0 1
[HEADER]
432987,1830 x 1220mm 3,6
255.877437503224 117.650852016343 24.9343832020997
1
1.83019796497081E-15 1 0
-1 1.83019796497081E-15 0
0 0 1
[HEADER]
432988,1830 x 1220mm 3,6
255.877437503224 111.089172226317 24.9343832020997
1
-1.83019796497081E-15 -1 0
1 -1.83019796497081E-15 0
0 0 1
[HEADER]
432989,1830 x 1220mm 3,6
255.877437503224 104.52749243629 24.9343832020997
1
-1.83019796497081E-15 -1 0
1 -1.83019796497081E-15 0
0 0 1
[HEADER]
432990,1830 x 1220mm 3,6
255.877437503224 97.9658126462642 24.9343832020997
1
1.83019796497081E-15 1 0
-1 1.83019796497081E-15 0
0 0 1
[HEADER]
432991,1830 x 1220mm 3,6
255.877437503224 91.4041328562379 24.9343832020997
1
-1.83019796497081E-15 -1 0
1 -1.83019796497081E-15 0
0 0 1
[HEADER]
432992,1830 x 1220mm 3,6
255.877437503224 84.8588572656863 24.9343832020997
1
-1.83019796497081E-15 -1 0
1 -1.83019796497081E-15 0
0 0 1
[HEADER]
432993,1830 x 1220mm 3,6
259.486361387738 81.2499333811719 24.9343832020997
1
-1 3.18524774704407E-15 0
-3.18524774704407E-15 -1 0
0 0 1
[HEADER]
432994,1830 x 1220mm 3,6
266.048041177764 81.2499333811718 24.9343832020997
1
-1 3.18524774704407E-15 0
-3.18524774704407E-15 -1 0
0 0 1
[HEADER]
432995,1830 x 1220mm 3,6
272.609720967791 81.2499333811718 24.9343832020997
1
-1 3.18524774704407E-15 0
-3.18524774704407E-15 -1 0
0 0 1
[HEADER]
432996,1830 x 1220mm 3,6
281.139904694825 81.2499333811718 24.9343832020997
1
-1 3.18524774704407E-15 0
-3.18524774704407E-15 -1 0
0 0 1
[HEADER]
432997,1830 x 1220mm 3,6
287.701584484851 81.2499333811718 24.9343832020997
1
-1 3.18524774704407E-15 0
-3.18524774704407E-15 -1 0
0 0 1
[HEADER]
432998,1830 x 1220mm 3,6
294.263264274877 81.2499333811717 24.9343832020997
1
-1 3.18524774704407E-15 0
-3.18524774704407E-15 -1 0
0 0 1
[HEADER]
432999,1830 x 1220mm 3,6
300.824944064903 81.2499333811717 24.9343832020997
1
-1 3.18524774704407E-15 0
-3.18524774704407E-15 -1 0
0 0 1
[HEADER]
433000,1830 x 1220mm 3,6
307.714707844431 81.2499333811717 24.9343832020997
1
-1 3.18524774704407E-15 0
-3.18524774704407E-15 -1 0
0 0 1
[HEADER]
433001,1830 x 1220mm 3,6
314.604471623959 81.2499333811717 24.9343832020997
1
-1 3.18524774704407E-15 0
-3.18524774704407E-15 -1 0
0 0 1
[HEADER]
433002,1830 x 1220mm 3,6
321.166151413985 81.2499333811717 24.9343832020997
1
-1 3.18524774704407E-15 0
-3.18524774704407E-15 -1 0
0 0 1
[HEADER]
433003,1830 x 1220mm 3,6
327.727831204011 81.2499333811716 24.9343832020997
1
-1 3.18524774704407E-15 0
-3.18524774704407E-15 -1 0
0 0 1
[HEADER]
433004,1830 x 1220mm 3,6
334.730349973391 81.2499333811716 24.9343832020997
1
-1 3.18524774704407E-15 0
-3.18524774704407E-15 -1 0
0 0 1
[HEADER]
433005,1830 x 1220mm 3,6
366.7698259557 81.2499333811715 24.9343832020997
1
1 -3.18524774704407E-15 0
3.18524774704407E-15 1 0
0 0 1
[HEADER]
433006,1830 x 1220mm 3,6
373.331505745727 81.2499333811715 24.9343832020997
1
-1 3.18524774704407E-15 0
-3.18524774704407E-15 -1 0
0 0 1
[HEADER]
433007,1830 x 1220mm 3,6
379.654399304464 81.2499333811715 24.9343832020997
1
1 -3.18524774704407E-15 0
3.18524774704407E-15 1 0
0 0 1
[HEADER]
433008,1830 x 1220mm 3,6
389.914300737217 81.2499333811714 24.9343832020997
1
1 -3.18524774704407E-15 0
3.18524774704407E-15 1 0
0 0 1
[HEADER]
433009,1830 x 1220mm 3,6
396.475980527243 81.2499333811714 24.9343832020997
1
-1 3.18524774704407E-15 0
-3.18524774704407E-15 -1 0
0 0 1
[HEADER]
433010,1830 x 1220mm 3,6
402.973894196136 81.2499333811714 24.9343832020997
1
-1 3.18524774704407E-15 0
-3.18524774704407E-15 -1 0
0 0 1
[HEADER]
433011,1830 x 1220mm 3,6
407.567070049154 85.8431092341898 24.9343832020997
1
-1.20360361714304E-15 -1 0
1 -1.20360361714304E-15 0
0 0 1
[HEADER]
433012,1830 x 1220mm 3,6
407.567070049154 92.404789024216 24.9343832020997
1
-1.20360361714304E-15 -1 0
1 -1.20360361714304E-15 0
0 0 1
[HEADER]
433013,1830 x 1220mm 3,6
407.567070049154 99.2125318063684 24.9343832020997
1
1.20360361714304E-15 1 0
-1 1.20360361714304E-15 0
0 0 1
[HEADER]
433014,1830 x 1220mm 3,6
407.567070049154 107.742715533403 24.9343832020997
1
1.20360361714304E-15 1 0
-1 1.20360361714304E-15 0
0 0 1
[HEADER]
433015,1830 x 1220mm 3,6
407.567070049154 114.304395323429 24.9343832020997
1
1.20360361714304E-15 1 0
-1 1.20360361714304E-15 0
0 0 1
[HEADER]
433016,1830 x 1220mm 3,6
407.567070049154 121.391009496657 24.9343832020997
1
-1.20360361714304E-15 -1 0
1 -1.20360361714304E-15 0
0 0 1
[HEADER]
433017,1830 x 1220mm 3,6
402.645810206634 128.477623669886 24.9343832020997
1
-1 3.18524774704407E-15 0
-3.18524774704407E-15 -1 0
0 0 1
[HEADER]
433018,1830 x 1220mm 3,6
395.756046427107 128.477623669886 24.9343832020997
1
1 -3.18524774704407E-15 0
3.18524774704407E-15 1 0
0 0 1
[HEADER]
433019,1830 x 1220mm 3,6
389.194366637081 128.477623669886 24.9343832020997
1
1 -3.18524774704407E-15 0
3.18524774704407E-15 1 0
0 0 1
[HEADER]
433020,1830 x 1220mm 3,6
382.304602857553 128.477623669886 24.9343832020997
1
1 -3.18524774704407E-15 0
3.18524774704407E-15 1 0
0 0 1
[HEADER]
433021,1830 x 1220mm 3,6
375.414839078025 128.477623669886 24.9343832020997
1
1 -3.18524774704407E-15 0
3.18524774704407E-15 1 0
0 0 1
[HEADER]
433022,1830 x 1220mm 3,6
368.525075298498 128.477623669886 24.9343832020997
1
1 -3.18524774704407E-15 0
3.18524774704407E-15 1 0
0 0 1
[HEADER]
433023,1830 x 1220mm 3,6
361.63531151897 128.477623669886 24.9343832020997
1
1 -3.18524774704407E-15 0
3.18524774704407E-15 1 0
0 0 1
[HEADER]
433024,1830 x 1220mm 3,6
355.073631728944 128.477623669886 24.9343832020997
1
1 -3.18524774704407E-15 0
3.18524774704407E-15 1 0
0 0 1
[HEADER]
433025,1830 x 1220mm 3,6
323.790823329996 128.477623669886 24.9343832020997
1
1 -3.18524774704407E-15 0
3.18524774704407E-15 1 0
0 0 1
[HEADER]
433026,1830 x 1220mm 3,6
336.89777871057 128.477623669886 24.9343832020997
1
1 -3.18524774704407E-15 0
3.18524774704407E-15 1 0
0 0 1
