[LEVEL]
1F
-23.884126663208 14.5471076965332 0.328083992004395
-23.884126663208 14.5424089431763 0.328083992004395
-23.884126663208 14.5424089431763 0.656167984008789
-1 1.57190389736864E-15 0
-23.884126663208 14.5471076965332 0.328083992004395
-23.884126663208 14.5424089431763 0.656167984008789
-23.884126663208 14.5471076965332 11.1548557281494
-1 1.57190389736864E-15 0
-23.884126663208 14.5471076965332 11.1548557281494
-23.884126663208 14.5424089431763 0.656167984008789
-23.884126663208 9.62584781646729 7.87401580810547
-1 1.57190389736864E-15 0
-23.884126663208 9.62584781646729 3.28083992004395
-23.884126663208 14.5424089431763 0.656167984008789
-23.884126663208 12.5739049911499 0.656167984008789
-1 1.57190389736864E-15 0
-23.884126663208 9.62584781646729 3.28083992004395
-23.884126663208 12.5739049911499 0.656167984008789
-23.884126663208 0.439496368169785 3.28083992004395
-1 1.57190389736864E-15 0
-23.884126663208 9.62584781646729 7.87401580810547
-23.884126663208 14.5424089431763 0.656167984008789
-23.884126663208 9.62584781646729 3.28083992004395
-1 1.57190389736864E-15 0
-23.884126663208 0.439496368169785 7.87401580810547
-23.884126663208 0.439496368169785 3.28083992004395
-23.884126663208 -3.83029460906982 0.656167984008789
-1 1.57190389736864E-15 0
-23.884126663208 -5.4707145690918 11.1548557281494
-23.884126663208 -3.83029460906982 0.656167984008789
-23.884126663208 -5.4707145690918 0.656167984008789
-1 1.57190389736864E-15 0
-23.884126663208 0.439496368169785 7.87401580810547
-23.884126663208 -5.4707145690918 11.1548557281494
-23.884126663208 14.5471076965332 11.1548557281494
-1 1.57190389736864E-15 0
-23.884126663208 -5.4707145690918 11.1548557281494
-23.884126663208 0.439496368169785 7.87401580810547
-23.884126663208 -3.83029460906982 0.656167984008789
-1 1.57190389736864E-15 0
-23.884126663208 0.439496368169785 7.87401580810547
-23.884126663208 14.5471076965332 11.1548557281494
-23.884126663208 9.62584781646729 7.87401580810547
-1 1.57190389736864E-15 0
-23.884126663208 0.439496368169785 3.28083992004395
-23.884126663208 12.5739049911499 0.656167984008789
-23.884126663208 -3.83029460906982 0.656167984008789
-1 1.57190389736864E-15 0
-23.2279586791992 -5.4707145690918 0.656167984008789
-23.2279586791992 0.439496368169785 3.28083992004395
-23.2279586791992 0.439496368169785 7.87401580810547
1 -1.57190389736864E-15 0
-23.2279586791992 -5.4707145690918 0.656167984008789
-23.2279586791992 14.5424089431763 0.656167984008789
-23.2279586791992 0.439496368169785 3.28083992004395
1 -1.57190389736864E-15 0
-23.2279586791992 -5.4707145690918 0.656167984008789
-23.2279586791992 0.439496368169785 7.87401580810547
-23.2279586791992 -5.1426305770874 11.1548557281494
1 -1.57190389736864E-15 0
-23.2279586791992 -5.4707145690918 11.1548557281494
-23.2279586791992 -5.4707145690918 0.656167984008789
-23.2279586791992 -5.1426305770874 11.1548557281494
1 -1.57190389736864E-15 0
-23.2279586791992 12.9066877365112 11.1548557281494
-23.2279586791992 -5.1426305770874 11.1548557281494
-23.2279586791992 0.439496368169785 7.87401580810547
1 -1.57190389736864E-15 0
-23.2279586791992 14.2190237045288 7.87401580810547
-23.2279586791992 12.9066877365112 11.1548557281494
-23.2279586791992 9.62584781646729 7.87401580810547
1 -1.57190389736864E-15 0
-23.2279586791992 9.62584781646729 7.87401580810547
-23.2279586791992 12.9066877365112 11.1548557281494
-23.2279586791992 0.439496368169785 7.87401580810547
1 -1.57190389736864E-15 0
-23.2279586791992 9.62584781646729 7.87401580810547
-23.2279586791992 9.62584781646729 3.28083992004395
-23.2279586791992 14.2190237045288 7.87401580810547
1 -1.57190389736864E-15 0
-23.2279586791992 14.5424089431763 0.656167984008789
-23.2279586791992 14.5424089431763 0.328083992004395
-23.2279586791992 14.5471076965332 0.328083992004395
1 -1.57190389736864E-15 0
-23.2279586791992 14.5424089431763 0.656167984008789
-23.2279586791992 14.2190237045288 3.28083992004395
-23.2279586791992 9.62584781646729 3.28083992004395
1 -1.57190389736864E-15 0
-23.2279586791992 14.5471076965332 0.328083992004395
-23.2279586791992 14.5471076965332 3.28083992004395
-23.2279586791992 14.5424089431763 0.656167984008789
1 -1.57190389736864E-15 0
-23.2279586791992 14.5424089431763 0.656167984008789
-23.2279586791992 14.5471076965332 3.28083992004395
-23.2279586791992 14.2190237045288 3.28083992004395
1 -1.57190389736864E-15 0
-23.2279586791992 14.2190237045288 3.28083992004395
-23.2279586791992 14.2190237045288 7.87401580810547
-23.2279586791992 9.62584781646729 3.28083992004395
1 -1.57190389736864E-15 0
-23.2279586791992 14.2190237045288 11.1548557281494
-23.2279586791992 14.5471076965332 7.87401580810547
-23.2279586791992 14.5471076965332 11.1548557281494
1 -1.57190389736864E-15 0
-23.2279586791992 14.5471076965332 7.87401580810547
-23.2279586791992 14.2190237045288 11.1548557281494
-23.2279586791992 14.2190237045288 7.87401580810547
1 -1.57190389736864E-15 0
-23.2279586791992 14.2190237045288 7.87401580810547
-23.2279586791992 14.2190237045288 11.1548557281494
-23.2279586791992 12.9066877365112 11.1548557281494
1 -1.57190389736864E-15 0
-23.2279586791992 0.439496368169785 3.28083992004395
-23.2279586791992 14.5424089431763 0.656167984008789
-23.2279586791992 9.62584781646729 3.28083992004395
1 -1.57190389736864E-15 0
-23.2279586791992 14.5471076965332 0.328083992004395
-23.2279586791992 14.5424089431763 0.328083992004395
-23.884126663208 14.5424089431763 0.328083992004395
0 0 -1
-23.884126663208 14.5424089431763 0.328083992004395
-23.884126663208 14.5471076965332 0.328083992004395
-23.2279586791992 14.5471076965332 0.328083992004395
0 0 -1
-23.884126663208 -5.4707145690918 11.1548557281494
-23.884126663208 -5.4707145690918 0.656167984008789
-23.2279586791992 -5.4707145690918 0.656167984008789
2.70716782324598E-15 -1 0
-23.2279586791992 -5.4707145690918 0.656167984008789
-23.2279586791992 -5.4707145690918 11.1548557281494
-23.884126663208 -5.4707145690918 11.1548557281494
2.70716782324598E-15 -1 0
-23.884126663208 14.5471076965332 11.1548557281494
-23.884126663208 -5.4707145690918 11.1548557281494
-23.2279586791992 12.9066877365112 11.1548557281494
0 0 1
-23.2279586791992 12.9066877365112 11.1548557281494
-23.884126663208 -5.4707145690918 11.1548557281494
-23.2279586791992 -5.1426305770874 11.1548557281494
0 0 1
-23.884126663208 14.5471076965332 11.1548557281494
-23.2279586791992 12.9066877365112 11.1548557281494
-23.2279586791992 14.2190237045288 11.1548557281494
0 0 1
-23.2279586791992 -5.4707145690918 11.1548557281494
-23.2279586791992 -5.1426305770874 11.1548557281494
-23.884126663208 -5.4707145690918 11.1548557281494
0 0 1
-23.2279586791992 14.2190237045288 11.1548557281494
-23.2279586791992 14.5471076965332 11.1548557281494
-23.884126663208 14.5471076965332 11.1548557281494
0 0 1
-23.2279586791992 14.5471076965332 3.28083992004395
-23.2279586791992 14.5471076965332 0.328083992004395
-23.396354675293 14.5471076965332 3.28083992004395
3.17656950436677E-15 1 0
-23.2279586791992 14.5471076965332 11.1548557281494
-23.2279586791992 14.5471076965332 7.87401580810547
-23.396354675293 14.5471076965332 7.87401580810547
3.17656950436677E-15 1 0
-23.396354675293 14.5471076965332 3.28083992004395
-23.884126663208 14.5471076965332 0.328083992004395
-23.396354675293 14.5471076965332 7.87401580810547
3.17656950436677E-15 1 0
-23.884126663208 14.5471076965332 0.328083992004395
-23.396354675293 14.5471076965332 3.28083992004395
-23.2279586791992 14.5471076965332 0.328083992004395
3.17656950436677E-15 1 0
-23.396354675293 14.5471076965332 7.87401580810547
-23.884126663208 14.5471076965332 11.1548557281494
-23.2279586791992 14.5471076965332 11.1548557281494
3.17656950436677E-15 1 0
-23.884126663208 14.5471076965332 11.1548557281494
-23.396354675293 14.5471076965332 7.87401580810547
-23.884126663208 14.5471076965332 0.328083992004395
3.17656950436677E-15 1 0
-23.884126663208 9.62584781646729 3.28083992004395
-23.2279586791992 9.62584781646729 3.28083992004395
-23.2279586791992 9.62584781646729 7.87401580810547
-2.70716782324598E-15 -1 0
-23.2279586791992 9.62584781646729 7.87401580810547
-23.884126663208 9.62584781646729 7.87401580810547
-23.884126663208 9.62584781646729 3.28083992004395
-2.70716782324598E-15 -1 0
-23.2279586791992 9.62584781646729 7.87401580810547
-23.2279586791992 0.439496368169785 7.87401580810547
-23.884126663208 0.439496368169785 7.87401580810547
0 0 -1
-23.884126663208 0.439496368169785 7.87401580810547
-23.884126663208 9.62584781646729 7.87401580810547
-23.2279586791992 9.62584781646729 7.87401580810547
0 0 -1
-23.884126663208 9.62584781646729 3.28083992004395
-23.884126663208 0.439496368169785 3.28083992004395
-23.2279586791992 0.439496368169785 3.28083992004395
0 0 1
-23.2279586791992 0.439496368169785 3.28083992004395
-23.2279586791992 9.62584781646729 3.28083992004395
-23.884126663208 9.62584781646729 3.28083992004395
0 0 1
-23.884126663208 0.439496368169785 7.87401580810547
-23.2279586791992 0.439496368169785 7.87401580810547
-23.2279586791992 0.439496368169785 3.28083992004395
0 1 0
-23.2279586791992 0.439496368169785 3.28083992004395
-23.884126663208 0.439496368169785 3.28083992004395
-23.884126663208 0.439496368169785 7.87401580810547
0 1 0
-23.396354675293 14.2190237045288 7.87401580810547
-23.2279586791992 14.2190237045288 7.87401580810547
-23.2279586791992 14.2190237045288 3.28083992004395
3.17656950436677E-15 1 0
-23.2279586791992 14.2190237045288 3.28083992004395
-23.396354675293 14.2190237045288 3.28083992004395
-23.396354675293 14.2190237045288 7.87401580810547
3.17656950436677E-15 1 0
-23.396354675293 14.5471076965332 7.87401580810547
-23.2279586791992 14.5471076965332 7.87401580810547
-23.2279586791992 14.2190237045288 7.87401580810547
0 0 -1
-23.2279586791992 14.2190237045288 7.87401580810547
-23.396354675293 14.2190237045288 7.87401580810547
-23.396354675293 14.5471076965332 7.87401580810547
0 0 -1
-23.396354675293 14.2190237045288 3.28083992004395
-23.396354675293 14.5471076965332 3.28083992004395
-23.396354675293 14.5471076965332 7.87401580810547
1 0 0
-23.396354675293 14.5471076965332 7.87401580810547
-23.396354675293 14.2190237045288 7.87401580810547
-23.396354675293 14.2190237045288 3.28083992004395
1 0 0
-23.396354675293 14.2190237045288 3.28083992004395
-23.2279586791992 14.2190237045288 3.28083992004395
-23.2279586791992 14.5471076965332 3.28083992004395
0 0 1
-23.2279586791992 14.5471076965332 3.28083992004395
-23.396354675293 14.5471076965332 3.28083992004395
-23.396354675293 14.2190237045288 3.28083992004395
0 0 1
-23.884126663208 12.5739049911499 0.656167984008789
-23.884126663208 14.5424089431763 0.656167984008789
-23.2279586791992 14.5424089431763 0.656167984008789
0 0 -1
-23.2279586791992 -5.4707145690918 0.656167984008789
-23.884126663208 12.5739049911499 0.656167984008789
-23.2279586791992 14.5424089431763 0.656167984008789
0 0 -1
-23.2279586791992 -5.4707145690918 0.656167984008789
-23.884126663208 -5.4707145690918 0.656167984008789
-23.884126663208 -3.83029460906982 0.656167984008789
0 0 -1
-23.884126663208 12.5739049911499 0.656167984008789
-23.2279586791992 -5.4707145690918 0.656167984008789
-23.884126663208 -3.83029460906982 0.656167984008789
0 0 -1
-23.884126663208 14.5424089431763 0.656167984008789
-23.884126663208 14.5424089431763 0.328083992004395
-23.2279586791992 14.5424089431763 0.328083992004395
0 -1 0
-23.2279586791992 14.5424089431763 0.328083992004395
-23.2279586791992 14.5424089431763 0.656167984008789
-23.884126663208 14.5424089431763 0.656167984008789
0 -1 0
-3.8710036277771 -5.79879856109619 0.656167984008789
-15.6820268630981 -5.79879856109619 0.656167984008789
-3.8710036277771 -5.79879856109619 0.328083992004395
-3.21933470872491E-15 -1 0
-23.2279586791992 -5.79879856109619 0.656167984008789
-15.6820268630981 -5.79879856109619 0.656167984008789
-23.2279586791992 -5.79879856109619 11.1548557281494
-3.21933470872491E-15 -1 0
-23.2279586791992 -5.79879856109619 11.1548557281494
-15.6820268630981 -5.79879856109619 0.656167984008789
-14.0416069030762 -5.79879856109619 11.1548557281494
-3.21933470872491E-15 -1 0
-13.3854389190674 -5.79879856109619 11.1548557281494
-3.8710036277771 -5.79879856109619 0.656167984008789
8.26810359954834 -5.79879856109619 7.21784782409668
-3.21933470872491E-15 -1 0
-13.3854389190674 -5.79879856109619 11.1548557281494
-14.0416069030762 -5.79879856109619 11.1548557281494
-15.6820268630981 -5.79879856109619 0.656167984008789
-3.21933470872491E-15 -1 0
-3.8710036277771 -5.79879856109619 0.656167984008789
-13.3854389190674 -5.79879856109619 11.1548557281494
-15.6820268630981 -5.79879856109619 0.656167984008789
-3.21933470872491E-15 -1 0
-15.6820268630981 -5.79879856109619 0.656167984008789
-15.6820268630981 -5.79879856109619 0.328083992004395
-3.8710036277771 -5.79879856109619 0.328083992004395
-3.21933470872491E-15 -1 0
-3.8710036277771 -5.79879856109619 0.656167984008789
13.1893634796143 -5.79879856109619 0.656167984008789
8.26810359954834 -5.79879856109619 4.26509189605713
-3.21933470872491E-15 -1 0
12.2051115036011 -5.79879856109619 4.26509189605713
13.1893634796143 -5.79879856109619 0.656167984008789
12.2051115036011 -5.79879856109619 7.21784782409668
-3.21933470872491E-15 -1 0
8.26810359954834 -5.79879856109619 4.26509189605713
13.1893634796143 -5.79879856109619 0.656167984008789
12.2051115036011 -5.79879856109619 4.26509189605713
-3.21933470872491E-15 -1 0
8.26810359954834 -5.79879856109619 7.21784782409668
-3.8710036277771 -5.79879856109619 0.656167984008789
8.26810359954834 -5.79879856109619 4.26509189605713
-3.21933470872491E-15 -1 0
12.2051115036011 -5.79879856109619 7.21784782409668
13.1893634796143 -5.79879856109619 11.1548557281494
8.26810359954834 -5.79879856109619 7.21784782409668
-3.21933470872491E-15 -1 0
13.1893634796143 -5.79879856109619 11.1548557281494
12.2051115036011 -5.79879856109619 7.21784782409668
13.1893634796143 -5.79879856109619 0.656167984008789
-3.21933470872491E-15 -1 0
13.1893634796143 -5.79879856109619 11.1548557281494
-13.3854389190674 -5.79879856109619 11.1548557281494
8.26810359954834 -5.79879856109619 7.21784782409668
-3.21933470872491E-15 -1 0
13.1893634796143 -5.1426305770874 0.656167984008789
12.2051115036011 -5.1426305770874 4.26509189605713
12.2051115036011 -5.1426305770874 7.21784782409668
3.21933470872491E-15 1 0
12.2051115036011 -5.1426305770874 4.26509189605713
13.1893634796143 -5.1426305770874 0.656167984008789
8.26810359954834 -5.1426305770874 4.26509189605713
3.21933470872491E-15 1 0
13.1893634796143 -5.1426305770874 0.656167984008789
12.2051115036011 -5.1426305770874 7.21784782409668
13.1893634796143 -5.1426305770874 11.1548557281494
3.21933470872491E-15 1 0
2.1985502243042 -5.1426305770874 11.1548557281494
8.26810359954834 -5.1426305770874 4.26509189605713
-2.55866765975952 -5.1426305770874 0.656167984008789
3.21933470872491E-15 1 0
2.1985502243042 -5.1426305770874 11.1548557281494
8.26810359954834 -5.1426305770874 7.21784782409668
8.26810359954834 -5.1426305770874 4.26509189605713
3.21933470872491E-15 1 0
-2.55866765975952 -5.1426305770874 0.656167984008789
-3.21483564376831 -5.1426305770874 0.656167984008789
-2.55866765975952 -5.1426305770874 11.1548557281494
3.21933470872491E-15 1 0
-2.55866765975952 -5.1426305770874 0.656167984008789
8.26810359954834 -5.1426305770874 4.26509189605713
13.1893634796143 -5.1426305770874 0.656167984008789
3.21933470872491E-15 1 0
12.2051115036011 -5.1426305770874 7.21784782409668
8.26810359954834 -5.1426305770874 7.21784782409668
13.1893634796143 -5.1426305770874 11.1548557281494
3.21933470872491E-15 1 0
8.26810359954834 -5.1426305770874 7.21784782409668
6.79172611236572 -5.1426305770874 11.1548557281494
7.11981010437012 -5.1426305770874 11.1548557281494
3.21933470872491E-15 1 0
7.11981010437012 -5.1426305770874 11.1548557281494
13.1893634796143 -5.1426305770874 11.1548557281494
8.26810359954834 -5.1426305770874 7.21784782409668
3.21933470872491E-15 1 0
-2.55866765975952 -5.1426305770874 11.1548557281494
1.8704662322998 -5.1426305770874 11.1548557281494
-2.55866765975952 -5.1426305770874 0.656167984008789
3.21933470872491E-15 1 0
6.79172611236572 -5.1426305770874 11.1548557281494
8.26810359954834 -5.1426305770874 7.21784782409668
2.1985502243042 -5.1426305770874 11.1548557281494
3.21933470872491E-15 1 0
-2.55866765975952 -5.1426305770874 0.656167984008789
1.8704662322998 -5.1426305770874 11.1548557281494
2.1985502243042 -5.1426305770874 11.1548557281494
3.21933470872491E-15 1 0
-3.21483564376831 -5.1426305770874 0.656167984008789
-3.21483564376831 -5.1426305770874 11.1548557281494
-2.55866765975952 -5.1426305770874 11.1548557281494
3.21933470872491E-15 1 0
-3.21483564376831 -5.1426305770874 0.656167984008789
-3.8710036277771 -5.1426305770874 0.656167984008789
-3.21483564376831 -5.1426305770874 11.1548557281494
3.21933470872491E-15 1 0
-6.16759157180786 -5.1426305770874 11.1548557281494
-5.51142358779907 -5.1426305770874 0.328083992004395
-6.16759157180786 -5.1426305770874 0.328083992004395
3.21933470872491E-15 1 0
-3.8710036277771 -5.1426305770874 0.656167984008789
-3.8710036277771 -5.1426305770874 0.328083992004395
-5.51142358779907 -5.1426305770874 0.328083992004395
3.21933470872491E-15 1 0
-15.6820268630981 -5.1426305770874 0.656167984008789
-14.0416069030762 -5.1426305770874 0.328083992004395
-15.6820268630981 -5.1426305770874 0.328083992004395
3.21933470872491E-15 1 0
-6.16759157180786 -5.1426305770874 0.328083992004395
-13.3854389190674 -5.1426305770874 0.328083992004395
-13.3854389190674 -5.1426305770874 11.1548557281494
3.21933470872491E-15 1 0
-14.0416069030762 -5.1426305770874 0.328083992004395
-13.3854389190674 -5.1426305770874 11.1548557281494
-13.3854389190674 -5.1426305770874 0.328083992004395
3.21933470872491E-15 1 0
-5.51142358779907 -5.1426305770874 0.328083992004395
-5.51142358779907 -5.1426305770874 11.1548557281494
-3.8710036277771 -5.1426305770874 0.656167984008789
3.21933470872491E-15 1 0
-5.51142358779907 -5.1426305770874 0.328083992004395
-6.16759157180786 -5.1426305770874 11.1548557281494
-5.51142358779907 -5.1426305770874 11.1548557281494
3.21933470872491E-15 1 0
-3.8710036277771 -5.1426305770874 0.656167984008789
-5.51142358779907 -5.1426305770874 11.1548557281494
-3.21483564376831 -5.1426305770874 11.1548557281494
3.21933470872491E-15 1 0
-14.0416069030762 -5.1426305770874 0.328083992004395
-14.0416069030762 -5.1426305770874 11.1548557281494
-13.3854389190674 -5.1426305770874 11.1548557281494
3.21933470872491E-15 1 0
-13.3854389190674 -5.1426305770874 11.1548557281494
-6.16759157180786 -5.1426305770874 11.1548557281494
-6.16759157180786 -5.1426305770874 0.328083992004395
3.21933470872491E-15 1 0
-23.2279586791992 -5.1426305770874 11.1548557281494
-14.0416069030762 -5.1426305770874 11.1548557281494
-15.6820268630981 -5.1426305770874 0.656167984008789
3.21933470872491E-15 1 0
-15.6820268630981 -5.1426305770874 0.656167984008789
-23.2279586791992 -5.1426305770874 0.656167984008789
-23.2279586791992 -5.1426305770874 11.1548557281494
3.21933470872491E-15 1 0
-14.0416069030762 -5.1426305770874 11.1548557281494
-14.0416069030762 -5.1426305770874 0.328083992004395
-15.6820268630981 -5.1426305770874 0.656167984008789
3.21933470872491E-15 1 0
-15.6820268630981 -5.79879856109619 0.328083992004395
-13.3854389190674 -5.1426305770874 0.328083992004395
-3.8710036277771 -5.79879856109619 0.328083992004395
0 0 -1
-13.3854389190674 -5.1426305770874 0.328083992004395
-15.6820268630981 -5.79879856109619 0.328083992004395
-14.0416069030762 -5.1426305770874 0.328083992004395
0 0 -1
-3.8710036277771 -5.79879856109619 0.328083992004395
-6.16759157180786 -5.1426305770874 0.328083992004395
-5.51142358779907 -5.1426305770874 0.328083992004395
0 0 -1
-6.16759157180786 -5.1426305770874 0.328083992004395
-3.8710036277771 -5.79879856109619 0.328083992004395
-13.3854389190674 -5.1426305770874 0.328083992004395
0 0 -1
-15.6820268630981 -5.1426305770874 0.328083992004395
-14.0416069030762 -5.1426305770874 0.328083992004395
-15.6820268630981 -5.79879856109619 0.328083992004395
0 0 -1
-5.51142358779907 -5.1426305770874 0.328083992004395
-3.8710036277771 -5.1426305770874 0.328083992004395
-3.8710036277771 -5.79879856109619 0.328083992004395
0 0 -1
13.1893634796143 -5.79879856109619 11.1548557281494
13.1893634796143 -5.79879856109619 0.656167984008789
13.1893634796143 -5.1426305770874 0.656167984008789
1 5.41433564649196E-15 0
13.1893634796143 -5.1426305770874 0.656167984008789
13.1893634796143 -5.1426305770874 11.1548557281494
13.1893634796143 -5.79879856109619 11.1548557281494
1 5.41433564649196E-15 0
-5.51142358779907 -5.1426305770874 11.1548557281494
-13.3854389190674 -5.79879856109619 11.1548557281494
-3.21483564376831 -5.1426305770874 11.1548557281494
0 0 1
-2.55866765975952 -5.1426305770874 11.1548557281494
-3.21483564376831 -5.1426305770874 11.1548557281494
-13.3854389190674 -5.79879856109619 11.1548557281494
0 0 1
-13.3854389190674 -5.79879856109619 11.1548557281494
13.1893634796143 -5.79879856109619 11.1548557281494
1.8704662322998 -5.1426305770874 11.1548557281494
0 0 1
-13.3854389190674 -5.79879856109619 11.1548557281494
-5.51142358779907 -5.1426305770874 11.1548557281494
-6.16759157180786 -5.1426305770874 11.1548557281494
0 0 1
-23.2279586791992 -5.79879856109619 11.1548557281494
-14.0416069030762 -5.79879856109619 11.1548557281494
-23.2279586791992 -5.4707145690918 11.1548557281494
0 0 1
-13.3854389190674 -5.79879856109619 11.1548557281494
-13.3854389190674 -5.1426305770874 11.1548557281494
-14.0416069030762 -5.79879856109619 11.1548557281494
0 0 1
-23.2279586791992 -5.4707145690918 11.1548557281494
-14.0416069030762 -5.79879856109619 11.1548557281494
-14.0416069030762 -5.1426305770874 11.1548557281494
0 0 1
-13.3854389190674 -5.1426305770874 11.1548557281494
-13.3854389190674 -5.79879856109619 11.1548557281494
-6.16759157180786 -5.1426305770874 11.1548557281494
0 0 1
2.1985502243042 -5.1426305770874 11.1548557281494
13.1893634796143 -5.79879856109619 11.1548557281494
6.79172611236572 -5.1426305770874 11.1548557281494
0 0 1
7.11981010437012 -5.1426305770874 11.1548557281494
6.79172611236572 -5.1426305770874 11.1548557281494
13.1893634796143 -5.79879856109619 11.1548557281494
0 0 1
2.1985502243042 -5.1426305770874 11.1548557281494
1.8704662322998 -5.1426305770874 11.1548557281494
13.1893634796143 -5.79879856109619 11.1548557281494
0 0 1
-2.55866765975952 -5.1426305770874 11.1548557281494
-13.3854389190674 -5.79879856109619 11.1548557281494
1.8704662322998 -5.1426305770874 11.1548557281494
0 0 1
-23.2279586791992 -5.1426305770874 11.1548557281494
-23.2279586791992 -5.4707145690918 11.1548557281494
-14.0416069030762 -5.1426305770874 11.1548557281494
0 0 1
-14.0416069030762 -5.79879856109619 11.1548557281494
-13.3854389190674 -5.1426305770874 11.1548557281494
-14.0416069030762 -5.1426305770874 11.1548557281494
0 0 1
7.11981010437012 -5.1426305770874 11.1548557281494
13.1893634796143 -5.79879856109619 11.1548557281494
13.1893634796143 -5.1426305770874 11.1548557281494
0 0 1
-23.2279586791992 -5.4707145690918 0.656167984008789
-23.2279586791992 -5.79879856109619 11.1548557281494
-23.2279586791992 -5.4707145690918 11.1548557281494
-1 2.70716782324616E-15 0
-23.2279586791992 -5.79879856109619 0.656167984008789
-23.2279586791992 -5.79879856109619 11.1548557281494
-23.2279586791992 -5.4707145690918 0.656167984008789
-1 2.70716782324616E-15 0
-23.2279586791992 -5.1426305770874 11.1548557281494
-23.2279586791992 -5.1426305770874 0.656167984008789
-23.2279586791992 -5.4707145690918 0.656167984008789
-1 2.70716782324616E-15 0
-23.2279586791992 -5.4707145690918 11.1548557281494
-23.2279586791992 -5.1426305770874 11.1548557281494
-23.2279586791992 -5.4707145690918 0.656167984008789
-1 2.70716782324616E-15 0
12.2051115036011 -5.1426305770874 4.26509189605713
12.2051115036011 -5.79879856109619 4.26509189605713
12.2051115036011 -5.79879856109619 7.21784782409668
-1 5.41433564649196E-15 0
12.2051115036011 -5.79879856109619 7.21784782409668
12.2051115036011 -5.1426305770874 7.21784782409668
12.2051115036011 -5.1426305770874 4.26509189605713
-1 5.41433564649196E-15 0
12.2051115036011 -5.1426305770874 7.21784782409668
12.2051115036011 -5.79879856109619 7.21784782409668
8.26810359954834 -5.79879856109619 7.21784782409668
0 0 -1
8.26810359954834 -5.79879856109619 7.21784782409668
8.26810359954834 -5.1426305770874 7.21784782409668
12.2051115036011 -5.1426305770874 7.21784782409668
0 0 -1
8.26810359954834 -5.1426305770874 7.21784782409668
8.26810359954834 -5.79879856109619 7.21784782409668
8.26810359954834 -5.79879856109619 4.26509189605713
1 -5.41433564649196E-15 0
8.26810359954834 -5.79879856109619 4.26509189605713
8.26810359954834 -5.1426305770874 4.26509189605713
8.26810359954834 -5.1426305770874 7.21784782409668
1 -5.41433564649196E-15 0
8.26810359954834 -5.1426305770874 4.26509189605713
8.26810359954834 -5.79879856109619 4.26509189605713
12.2051115036011 -5.79879856109619 4.26509189605713
0 0 1
12.2051115036011 -5.79879856109619 4.26509189605713
12.2051115036011 -5.1426305770874 4.26509189605713
8.26810359954834 -5.1426305770874 4.26509189605713
0 0 1
-2.55866765975952 -5.1426305770874 0.656167984008789
13.1893634796143 -5.1426305770874 0.656167984008789
13.1893634796143 -5.79879856109619 0.656167984008789
0 0 -1
-3.21483564376831 -5.1426305770874 0.656167984008789
-2.55866765975952 -5.1426305770874 0.656167984008789
-3.8710036277771 -5.79879856109619 0.656167984008789
0 0 -1
-2.55866765975952 -5.1426305770874 0.656167984008789
13.1893634796143 -5.79879856109619 0.656167984008789
-3.8710036277771 -5.79879856109619 0.656167984008789
0 0 -1
-3.8710036277771 -5.1426305770874 0.656167984008789
-3.21483564376831 -5.1426305770874 0.656167984008789
-3.8710036277771 -5.79879856109619 0.656167984008789
0 0 -1
-23.2279586791992 -5.4707145690918 0.656167984008789
-23.2279586791992 -5.1426305770874 0.656167984008789
-15.6820268630981 -5.1426305770874 0.656167984008789
0 0 -1
-15.6820268630981 -5.79879856109619 0.656167984008789
-23.2279586791992 -5.79879856109619 0.656167984008789
-23.2279586791992 -5.4707145690918 0.656167984008789
0 0 -1
-15.6820268630981 -5.1426305770874 0.656167984008789
-15.6820268630981 -5.79879856109619 0.656167984008789
-23.2279586791992 -5.4707145690918 0.656167984008789
0 0 -1
-3.8710036277771 -5.79879856109619 0.656167984008789
-3.8710036277771 -5.79879856109619 0.328083992004395
-3.8710036277771 -5.1426305770874 0.328083992004395
1 0 0
-3.8710036277771 -5.1426305770874 0.328083992004395
-3.8710036277771 -5.1426305770874 0.656167984008789
-3.8710036277771 -5.79879856109619 0.656167984008789
1 0 0
-15.6820268630981 -5.1426305770874 0.656167984008789
-15.6820268630981 -5.1426305770874 0.328083992004395
-15.6820268630981 -5.79879856109619 0.328083992004395
-1 0 0
-15.6820268630981 -5.79879856109619 0.328083992004395
-15.6820268630981 -5.79879856109619 0.656167984008789
-15.6820268630981 -5.1426305770874 0.656167984008789
-1 0 0
-13.3854389190674 2.07521724700928 0.328083992004395
-13.3854389190674 2.56734323501587 0.328083992004395
-13.3854389190674 2.07521724700928 11.1548557281494
1 -1.57507946079765E-15 0
-13.3854389190674 -5.1426305770874 0.328083992004395
-13.3854389190674 2.07521724700928 0.328083992004395
-13.3854389190674 2.07521724700928 11.1548557281494
1 -1.57507946079765E-15 0
-13.3854389190674 -5.1426305770874 11.1548557281494
-13.3854389190674 -5.1426305770874 0.328083992004395
-13.3854389190674 2.07521724700928 11.1548557281494
1 -1.57507946079765E-15 0
-13.3854389190674 2.56734323501587 11.1548557281494
-13.3854389190674 4.37180519104004 0.656167984008789
-13.3854389190674 9.95393180847168 7.21784782409668
1 -1.57507946079765E-15 0
-13.3854389190674 2.56734323501587 11.1548557281494
-13.3854389190674 2.07521724700928 11.1548557281494
-13.3854389190674 2.56734323501587 0.328083992004395
1 -1.57507946079765E-15 0
-13.3854389190674 4.37180519104004 0.656167984008789
-13.3854389190674 2.56734323501587 11.1548557281494
-13.3854389190674 2.56734323501587 0.328083992004395
1 -1.57507946079765E-15 0
-13.3854389190674 2.56734323501587 0.328083992004395
-13.3854389190674 4.37180519104004 0.328083992004395
-13.3854389190674 4.37180519104004 0.656167984008789
1 -1.57507946079765E-15 0
-13.3854389190674 9.95393180847168 0.656167984008789
-13.3854389190674 9.95393180847168 7.21784782409668
-13.3854389190674 4.37180519104004 0.656167984008789
1 -1.57507946079765E-15 0
-13.3854389190674 9.95393180847168 7.21784782409668
-13.3854389190674 6.832435131073 11.1548557281494
-13.3854389190674 2.56734323501587 11.1548557281494
1 -1.57507946079765E-15 0
-13.3854389190674 6.832435131073 11.1548557281494
-13.3854389190674 9.95393180847168 7.21784782409668
-13.3854389190674 7.48860311508179 11.1548557281494
1 -1.57507946079765E-15 0
-13.3854389190674 12.9019889831543 11.1548557281494
-13.3854389190674 7.48860311508179 11.1548557281494
-13.3854389190674 9.95393180847168 7.21784782409668
1 -1.57507946079765E-15 0
-13.3854389190674 12.9019889831543 7.21784782409668
-13.3854389190674 12.9019889831543 11.1548557281494
-13.3854389190674 9.95393180847168 7.21784782409668
1 -1.57507946079765E-15 0
-14.0416069030762 9.95393180847168 7.21784782409668
-14.0416069030762 9.95393180847168 0.656167984008789
-14.0416069030762 4.37180519104004 0.656167984008789
-1 1.57507946079765E-15 0
-14.0416069030762 12.9019889831543 11.1548557281494
-14.0416069030762 12.9019889831543 7.21784782409668
-14.0416069030762 9.95393180847168 7.21784782409668
-1 1.57507946079765E-15 0
-14.0416069030762 9.95393180847168 7.21784782409668
-14.0416069030762 -5.1426305770874 11.1548557281494
-14.0416069030762 12.9019889831543 11.1548557281494
-1 1.57507946079765E-15 0
-14.0416069030762 4.37180519104004 0.328083992004395
-14.0416069030762 -5.1426305770874 0.328083992004395
-14.0416069030762 4.37180519104004 0.656167984008789
-1 1.57507946079765E-15 0
-14.0416069030762 4.37180519104004 0.656167984008789
-14.0416069030762 -5.1426305770874 11.1548557281494
-14.0416069030762 9.95393180847168 7.21784782409668
-1 1.57507946079765E-15 0
-14.0416069030762 -5.1426305770874 11.1548557281494
-14.0416069030762 4.37180519104004 0.656167984008789
-14.0416069030762 -5.1426305770874 0.328083992004395
-1 1.57507946079765E-15 0
-13.3854389190674 4.37180519104004 0.328083992004395
-13.3854389190674 2.56734323501587 0.328083992004395
-14.0416069030762 4.37180519104004 0.328083992004395
0 0 -1
-13.3854389190674 2.07521724700928 0.328083992004395
-14.0416069030762 -5.1426305770874 0.328083992004395
-14.0416069030762 4.37180519104004 0.328083992004395
0 0 -1
-14.0416069030762 -5.1426305770874 0.328083992004395
-13.3854389190674 2.07521724700928 0.328083992004395
-13.3854389190674 -5.1426305770874 0.328083992004395
0 0 -1
-13.3854389190674 2.07521724700928 0.328083992004395
-14.0416069030762 4.37180519104004 0.328083992004395
-13.3854389190674 2.56734323501587 0.328083992004395
0 0 -1
-13.3854389190674 12.9019889831543 11.1548557281494
-13.3854389190674 12.9019889831543 7.21784782409668
-14.0416069030762 12.9019889831543 7.21784782409668
2.70716782324598E-15 1 0
-14.0416069030762 12.9019889831543 7.21784782409668
-14.0416069030762 12.9019889831543 11.1548557281494
-13.3854389190674 12.9019889831543 11.1548557281494
2.70716782324598E-15 1 0
-13.3854389190674 6.832435131073 11.1548557281494
-13.3854389190674 7.48860311508179 11.1548557281494
-14.0416069030762 12.9019889831543 11.1548557281494
0 0 1
-13.3854389190674 7.48860311508179 11.1548557281494
-13.3854389190674 12.9019889831543 11.1548557281494
-14.0416069030762 12.9019889831543 11.1548557281494
0 0 1
-13.3854389190674 2.56734323501587 11.1548557281494
-14.0416069030762 12.9019889831543 11.1548557281494
-14.0416069030762 -5.1426305770874 11.1548557281494
0 0 1
-14.0416069030762 12.9019889831543 11.1548557281494
-13.3854389190674 2.56734323501587 11.1548557281494
-13.3854389190674 6.832435131073 11.1548557281494
0 0 1
-13.3854389190674 2.07521724700928 11.1548557281494
-14.0416069030762 -5.1426305770874 11.1548557281494
-13.3854389190674 -5.1426305770874 11.1548557281494
0 0 1
-14.0416069030762 -5.1426305770874 11.1548557281494
-13.3854389190674 2.07521724700928 11.1548557281494
-13.3854389190674 2.56734323501587 11.1548557281494
0 0 1
-13.3854389190674 -5.1426305770874 11.1548557281494
-14.0416069030762 -5.1426305770874 11.1548557281494
-14.0416069030762 -5.1426305770874 0.328083992004395
-3.21933470872491E-15 -1 0
-14.0416069030762 -5.1426305770874 0.328083992004395
-13.3854389190674 -5.1426305770874 0.328083992004395
-13.3854389190674 -5.1426305770874 11.1548557281494
-3.21933470872491E-15 -1 0
-13.3854389190674 9.95393180847168 7.21784782409668
-13.3854389190674 9.95393180847168 0.656167984008789
-14.0416069030762 9.95393180847168 0.656167984008789
1.59872115546023E-15 1 0
-14.0416069030762 9.95393180847168 0.656167984008789
-14.0416069030762 9.95393180847168 7.21784782409668
-13.3854389190674 9.95393180847168 7.21784782409668
1.59872115546023E-15 1 0
-14.0416069030762 9.95393180847168 7.21784782409668
-14.0416069030762 12.9019889831543 7.21784782409668
-13.3854389190674 12.9019889831543 7.21784782409668
0 0 -1
-13.3854389190674 12.9019889831543 7.21784782409668
-13.3854389190674 9.95393180847168 7.21784782409668
-14.0416069030762 9.95393180847168 7.21784782409668
0 0 -1
-14.0416069030762 4.37180519104004 0.656167984008789
-14.0416069030762 9.95393180847168 0.656167984008789
-13.3854389190674 9.95393180847168 0.656167984008789
0 0 -1
-13.3854389190674 9.95393180847168 0.656167984008789
-13.3854389190674 4.37180519104004 0.656167984008789
-14.0416069030762 4.37180519104004 0.656167984008789
0 0 -1
-13.3854389190674 4.37180519104004 0.656167984008789
-13.3854389190674 4.37180519104004 0.328083992004395
-14.0416069030762 4.37180519104004 0.328083992004395
0 1 0
-14.0416069030762 4.37180519104004 0.328083992004395
-14.0416069030762 4.37180519104004 0.656167984008789
-13.3854389190674 4.37180519104004 0.656167984008789
0 1 0
-2.55866765975952 -5.1426305770874 0.656167984008789
-2.55866765975952 6.06799936294556 7.21784782409668
-2.55866765975952 -2.35391664505005 11.1548557281494
1 -1.62634680305249E-15 0
-2.55866765975952 6.06799936294556 7.21784782409668
-2.55866765975952 -5.1426305770874 0.656167984008789
-2.55866765975952 6.06799936294556 0.656167984008789
1 -1.62634680305249E-15 0
-2.55866765975952 -5.1426305770874 0.656167984008789
-2.55866765975952 -2.68200063705444 11.1548557281494
-2.55866765975952 -5.1426305770874 11.1548557281494
1 -1.62634680305249E-15 0
-2.55866765975952 -2.68200063705444 11.1548557281494
-2.55866765975952 -5.1426305770874 0.656167984008789
-2.55866765975952 -2.35391664505005 11.1548557281494
1 -1.62634680305249E-15 0
-2.55866765975952 6.06799936294556 7.21784782409668
-2.55866765975952 12.8970069885254 11.1548557281494
-2.55866765975952 -2.35391664505005 11.1548557281494
1 -1.62634680305249E-15 0
-2.55866765975952 9.02075481414795 0.656167984008789
-2.55866765975952 12.8970069885254 0.656167984008789
-2.55866765975952 9.02075481414795 7.21784782409668
1 -1.62634680305249E-15 0
-2.55866765975952 9.02075481414795 7.21784782409668
-2.55866765975952 12.8970069885254 0.656167984008789
-2.55866765975952 12.8970069885254 11.1548557281494
1 -1.62634680305249E-15 0
-2.55866765975952 9.02075481414795 7.21784782409668
-2.55866765975952 12.8970069885254 11.1548557281494
-2.55866765975952 6.06799936294556 7.21784782409668
1 -1.62634680305249E-15 0
-3.21483564376831 12.8970069885254 0.656167984008789
-3.21483564376831 9.02075481414795 0.656167984008789
-3.21483564376831 9.02075481414795 7.21784782409668
-1 1.62634680305249E-15 0
-3.21483564376831 12.8970069885254 0.656167984008789
-3.21483564376831 9.02075481414795 7.21784782409668
-3.21483564376831 12.8970069885254 11.1548557281494
-1 1.62634680305249E-15 0
-3.21483564376831 12.8970069885254 11.1548557281494
-3.21483564376831 9.02075481414795 7.21784782409668
-3.21483564376831 2.56734323501587 11.1548557281494
-1 1.62634680305249E-15 0
-3.21483564376831 6.06799936294556 7.21784782409668
-3.21483564376831 -5.1426305770874 0.656167984008789
-3.21483564376831 2.07521724700928 11.1548557281494
-1 1.62634680305249E-15 0
-3.21483564376831 -5.1426305770874 0.656167984008789
-3.21483564376831 6.06799936294556 7.21784782409668
-3.21483564376831 6.06799936294556 0.656167984008789
-1 1.62634680305249E-15 0
-3.21483564376831 2.07521724700928 11.1548557281494
-3.21483564376831 2.56734323501587 11.1548557281494
-3.21483564376831 6.06799936294556 7.21784782409668
-1 1.62634680305249E-15 0
-3.21483564376831 -5.1426305770874 11.1548557281494
-3.21483564376831 2.07521724700928 11.1548557281494
-3.21483564376831 -5.1426305770874 0.656167984008789
-1 1.62634680305249E-15 0
-3.21483564376831 6.06799936294556 7.21784782409668
-3.21483564376831 2.56734323501587 11.1548557281494
-3.21483564376831 9.02075481414795 7.21784782409668
-1 1.62634680305249E-15 0
-2.55866765975952 12.8970069885254 11.1548557281494
-2.55866765975952 12.8970069885254 0.656167984008789
-3.21483564376831 12.8970069885254 0.656167984008789
2.70716782324598E-15 1 0
-3.21483564376831 12.8970069885254 0.656167984008789
-3.21483564376831 12.8970069885254 11.1548557281494
-2.55866765975952 12.8970069885254 11.1548557281494
2.70716782324598E-15 1 0
-2.55866765975952 -2.35391664505005 11.1548557281494
-2.55866765975952 12.8970069885254 11.1548557281494
-3.21483564376831 2.56734323501587 11.1548557281494
0 0 1
-3.21483564376831 -5.1426305770874 11.1548557281494
-2.55866765975952 -5.1426305770874 11.1548557281494
-2.55866765975952 -2.68200063705444 11.1548557281494
0 0 1
-2.55866765975952 -2.68200063705444 11.1548557281494
-2.55866765975952 -2.35391664505005 11.1548557281494
-3.21483564376831 -5.1426305770874 11.1548557281494
0 0 1
-3.21483564376831 12.8970069885254 11.1548557281494
-3.21483564376831 2.56734323501587 11.1548557281494
-2.55866765975952 12.8970069885254 11.1548557281494
0 0 1
-3.21483564376831 -5.1426305770874 11.1548557281494
-2.55866765975952 -2.35391664505005 11.1548557281494
-3.21483564376831 2.07521724700928 11.1548557281494
0 0 1
-3.21483564376831 2.07521724700928 11.1548557281494
-2.55866765975952 -2.35391664505005 11.1548557281494
-3.21483564376831 2.56734323501587 11.1548557281494
0 0 1
-3.21483564376831 -5.1426305770874 11.1548557281494
-3.21483564376831 -5.1426305770874 0.656167984008789
-2.55866765975952 -5.1426305770874 0.656167984008789
-3.21933470872491E-15 -1 0
-2.55866765975952 -5.1426305770874 0.656167984008789
-2.55866765975952 -5.1426305770874 11.1548557281494
-3.21483564376831 -5.1426305770874 11.1548557281494
-3.21933470872491E-15 -1 0
-2.55866765975952 6.06799936294556 7.21784782409668
-2.55866765975952 6.06799936294556 0.656167984008789
-3.21483564376831 6.06799936294556 0.656167984008789
1.59872115546023E-15 1 0
-3.21483564376831 6.06799936294556 0.656167984008789
-3.21483564376831 6.06799936294556 7.21784782409668
-2.55866765975952 6.06799936294556 7.21784782409668
1.59872115546023E-15 1 0
-3.21483564376831 6.06799936294556 7.21784782409668
-3.21483564376831 9.02075481414795 7.21784782409668
-2.55866765975952 9.02075481414795 7.21784782409668
0 0 -1
-2.55866765975952 9.02075481414795 7.21784782409668
-2.55866765975952 6.06799936294556 7.21784782409668
-3.21483564376831 6.06799936294556 7.21784782409668
0 0 -1
-3.21483564376831 9.02075481414795 7.21784782409668
-3.21483564376831 9.02075481414795 0.656167984008789
-2.55866765975952 9.02075481414795 0.656167984008789
-1.59872115546023E-15 -1 0
-2.55866765975952 9.02075481414795 0.656167984008789
-2.55866765975952 9.02075481414795 7.21784782409668
-3.21483564376831 9.02075481414795 7.21784782409668
-1.59872115546023E-15 -1 0
-2.55866765975952 9.02075481414795 0.656167984008789
-3.21483564376831 12.8970069885254 0.656167984008789
-2.55866765975952 12.8970069885254 0.656167984008789
0 0 -1
-3.21483564376831 12.8970069885254 0.656167984008789
-2.55866765975952 9.02075481414795 0.656167984008789
-3.21483564376831 9.02075481414795 0.656167984008789
0 0 -1
-3.21483564376831 -5.1426305770874 0.656167984008789
-3.21483564376831 6.06799936294556 0.656167984008789
-2.55866765975952 6.06799936294556 0.656167984008789
0 0 -1
-2.55866765975952 6.06799936294556 0.656167984008789
-2.55866765975952 -5.1426305770874 0.656167984008789
-3.21483564376831 -5.1426305770874 0.656167984008789
0 0 -1
29.593563079834 12.8916311264038 11.1548557281494
29.593563079834 12.8916311264038 0.656167984008789
29.593563079834 -4.46194410324097 0.656167984008789
-1 1.63780139590236E-15 0
29.593563079834 -4.46194410324097 0.656167984008789
29.593563079834 -4.46194410324097 11.1548557281494
29.593563079834 12.8916311264038 11.1548557281494
-1 1.63780139590236E-15 0
30.2497310638428 -4.46194410324097 11.1548557281494
30.2497310638428 -4.46194410324097 0.656167984008789
30.2497310638428 -3.83029460906982 0.656167984008789
1 -1.63780139590236E-15 0
30.2497310638428 -3.83029460906982 0.656167984008789
30.2497310638428 12.8916311264038 0.656167984008789
30.2497310638428 12.8916311264038 11.1548557281494
1 -1.63780139590236E-15 0
30.2497310638428 -3.83029460906982 0.656167984008789
30.2497310638428 12.8916311264038 11.1548557281494
30.2497310638428 -4.46194410324097 11.1548557281494
1 -1.63780139590236E-15 0
29.593563079834 -4.46194410324097 11.1548557281494
29.593563079834 -4.46194410324097 0.656167984008789
30.2497310638428 -4.46194410324097 0.656167984008789
-2.70716782324598E-15 -1 0
30.2497310638428 -4.46194410324097 0.656167984008789
30.2497310638428 -4.46194410324097 11.1548557281494
29.593563079834 -4.46194410324097 11.1548557281494
-2.70716782324598E-15 -1 0
29.593563079834 -4.46194410324097 11.1548557281494
30.2497310638428 -4.46194410324097 11.1548557281494
30.2497310638428 12.8916311264038 11.1548557281494
0 0 1
30.2497310638428 12.8916311264038 11.1548557281494
29.593563079834 12.8916311264038 11.1548557281494
29.593563079834 -4.46194410324097 11.1548557281494
0 0 1
30.2497310638428 12.8916311264038 11.1548557281494
30.2497310638428 12.8916311264038 0.656167984008789
29.593563079834 12.8916311264038 0.656167984008789
2.70716782324598E-15 1 0
29.593563079834 12.8916311264038 0.656167984008789
29.593563079834 12.8916311264038 11.1548557281494
30.2497310638428 12.8916311264038 11.1548557281494
2.70716782324598E-15 1 0
30.2497310638428 -3.83029460906982 0.656167984008789
29.593563079834 12.8916311264038 0.656167984008789
30.2497310638428 12.8916311264038 0.656167984008789
0 0 -1
30.2497310638428 -4.46194410324097 0.656167984008789
29.593563079834 -4.46194410324097 0.656167984008789
30.2497310638428 -3.83029460906982 0.656167984008789
0 0 -1
29.593563079834 12.8916311264038 0.656167984008789
30.2497310638428 -3.83029460906982 0.656167984008789
29.593563079834 -4.46194410324097 0.656167984008789
0 0 -1
-5.51142358779907 2.07521724700928 0.328083992004395
-5.51142358779907 2.07521724700928 11.1548557281494
-5.51142358779907 -5.1426305770874 11.1548557281494
1 -1.60949333313767E-15 0
-5.51142358779907 -5.1426305770874 11.1548557281494
-5.51142358779907 -5.1426305770874 0.328083992004395
-5.51142358779907 2.07521724700928 0.328083992004395
1 -1.60949333313767E-15 0
-6.16759157180786 -5.1426305770874 11.1548557281494
-6.16759157180786 2.07521724700928 11.1548557281494
-6.16759157180786 2.07521724700928 0.328083992004395
-1 1.60949333313767E-15 0
-6.16759157180786 2.07521724700928 0.328083992004395
-6.16759157180786 -5.1426305770874 0.328083992004395
-6.16759157180786 -5.1426305770874 11.1548557281494
-1 1.60949333313767E-15 0
-5.51142358779907 -5.1426305770874 0.328083992004395
-6.16759157180786 -5.1426305770874 0.328083992004395
-6.16759157180786 2.07521724700928 0.328083992004395
0 0 -1
-6.16759157180786 2.07521724700928 0.328083992004395
-5.51142358779907 2.07521724700928 0.328083992004395
-5.51142358779907 -5.1426305770874 0.328083992004395
0 0 -1
-5.51142358779907 2.07521724700928 11.1548557281494
-6.16759157180786 2.07521724700928 11.1548557281494
-6.16759157180786 -5.1426305770874 11.1548557281494
0 0 1
-6.16759157180786 -5.1426305770874 11.1548557281494
-5.51142358779907 -5.1426305770874 11.1548557281494
-5.51142358779907 2.07521724700928 11.1548557281494
0 0 1
-5.51142358779907 -5.1426305770874 11.1548557281494
-6.16759157180786 -5.1426305770874 11.1548557281494
-6.16759157180786 -5.1426305770874 0.328083992004395
-3.21933470872491E-15 -1 0
-6.16759157180786 -5.1426305770874 0.328083992004395
-5.51142358779907 -5.1426305770874 0.328083992004395
-5.51142358779907 -5.1426305770874 11.1548557281494
-3.21933470872491E-15 -1 0
-5.51142358779907 2.07521724700928 0.328083992004395
-6.16759157180786 2.07521724700928 0.328083992004395
-6.16759157180786 2.07521724700928 11.1548557281494
-4.69652599638904E-14 1 0
-6.16759157180786 2.07521724700928 11.1548557281494
-5.51142358779907 2.07521724700928 11.1548557281494
-5.51142358779907 2.07521724700928 0.328083992004395
-4.69652599638904E-14 1 0
-13.3854389190674 2.07521724700928 0.328083992004395
-11.254861831665 2.07521724700928 0.328083992004395
-11.254861831665 2.07521724700928 7.49475049972534
4.69652599638904E-14 -1 0
-11.254861831665 2.07521724700928 11.1548557281494
-13.3854389190674 2.07521724700928 11.1548557281494
-11.254861831665 2.07521724700928 7.49475049972534
4.69652599638904E-14 -1 0
-11.254861831665 2.07521724700928 11.1548557281494
-11.254861831665 2.07521724700928 7.49475049972534
-6.92152833938599 2.07521724700928 11.1548557281494
4.69652599638904E-14 -1 0
-13.3854389190674 2.07521724700928 11.1548557281494
-13.3854389190674 2.07521724700928 0.328083992004395
-11.254861831665 2.07521724700928 7.49475049972534
4.69652599638904E-14 -1 0
-6.92152833938599 2.07521724700928 11.1548557281494
-11.254861831665 2.07521724700928 7.49475049972534
-6.92152833938599 2.07521724700928 7.49475049972534
4.69652599638904E-14 -1 0
-6.92152833938599 2.07521724700928 0.328083992004395
-6.16759157180786 2.07521724700928 0.328083992004395
-6.92152833938599 2.07521724700928 7.49475049972534
4.69652599638904E-14 -1 0
-3.21483564376831 2.07521724700928 0.328083992004395
-3.21483564376831 2.07521724700928 11.1548557281494
-6.92152833938599 2.07521724700928 7.49475049972534
4.69652599638904E-14 -1 0
-6.92152833938599 2.07521724700928 7.49475049972534
-5.51142358779907 2.07521724700928 0.328083992004395
-3.21483564376831 2.07521724700928 0.328083992004395
4.69652599638904E-14 -1 0
-6.92152833938599 2.07521724700928 11.1548557281494
-6.92152833938599 2.07521724700928 7.49475049972534
-6.16759157180786 2.07521724700928 11.1548557281494
4.69652599638904E-14 -1 0
-5.51142358779907 2.07521724700928 11.1548557281494
-6.92152833938599 2.07521724700928 7.49475049972534
-3.21483564376831 2.07521724700928 11.1548557281494
4.69652599638904E-14 -1 0
-6.92152833938599 2.07521724700928 7.49475049972534
-5.51142358779907 2.07521724700928 11.1548557281494
-6.16759157180786 2.07521724700928 11.1548557281494
4.69652599638904E-14 -1 0
-6.16759157180786 2.07521724700928 0.328083992004395
-5.51142358779907 2.07521724700928 0.328083992004395
-6.92152833938599 2.07521724700928 7.49475049972534
4.69652599638904E-14 -1 0
-3.21483564376831 2.56734323501587 0.328083992004395
-6.92152833938599 2.56734323501587 0.328083992004395
-6.92152833938599 2.56734323501587 7.49475049972534
-4.69652599638904E-14 1 0
-6.92152833938599 2.56734323501587 11.1548557281494
-3.21483564376831 2.56734323501587 11.1548557281494
-6.92152833938599 2.56734323501587 7.49475049972534
-4.69652599638904E-14 1 0
-6.92152833938599 2.56734323501587 7.49475049972534
-11.254861831665 2.56734323501587 7.49475049972534
-6.92152833938599 2.56734323501587 11.1548557281494
-4.69652599638904E-14 1 0
-3.21483564376831 2.56734323501587 11.1548557281494
-3.21483564376831 2.56734323501587 0.328083992004395
-6.92152833938599 2.56734323501587 7.49475049972534
-4.69652599638904E-14 1 0
-6.92152833938599 2.56734323501587 11.1548557281494
-11.254861831665 2.56734323501587 7.49475049972534
-11.254861831665 2.56734323501587 11.1548557281494
-4.69652599638904E-14 1 0
-11.254861831665 2.56734323501587 0.328083992004395
-11.5809774398804 2.56734323501587 0.328083992004395
-11.254861831665 2.56734323501587 7.49475049972534
-4.69652599638904E-14 1 0
-12.2371454238892 2.56734323501587 0.328083992004395
-13.3854389190674 2.56734323501587 0.328083992004395
-11.254861831665 2.56734323501587 7.49475049972534
-4.69652599638904E-14 1 0
-13.3854389190674 2.56734323501587 0.328083992004395
-13.3854389190674 2.56734323501587 11.1548557281494
-11.254861831665 2.56734323501587 7.49475049972534
-4.69652599638904E-14 1 0
-11.254861831665 2.56734323501587 11.1548557281494
-11.254861831665 2.56734323501587 7.49475049972534
-11.5809774398804 2.56734323501587 11.1548557281494
-4.69652599638904E-14 1 0
-11.5809774398804 2.56734323501587 11.1548557281494
-11.254861831665 2.56734323501587 7.49475049972534
-12.2371454238892 2.56734323501587 11.1548557281494
-4.69652599638904E-14 1 0
-13.3854389190674 2.56734323501587 11.1548557281494
-12.2371454238892 2.56734323501587 11.1548557281494
-11.254861831665 2.56734323501587 7.49475049972534
-4.69652599638904E-14 1 0
-11.5809774398804 2.56734323501587 0.328083992004395
-12.2371454238892 2.56734323501587 0.328083992004395
-11.254861831665 2.56734323501587 7.49475049972534
-4.69652599638904E-14 1 0
-11.254861831665 2.07521724700928 0.328083992004395
-11.5809774398804 2.56734323501587 0.328083992004395
-11.254861831665 2.56734323501587 0.328083992004395
0 0 -1
-12.2371454238892 2.56734323501587 0.328083992004395
-11.254861831665 2.07521724700928 0.328083992004395
-13.3854389190674 2.07521724700928 0.328083992004395
0 0 -1
-11.254861831665 2.07521724700928 0.328083992004395
-12.2371454238892 2.56734323501587 0.328083992004395
-11.5809774398804 2.56734323501587 0.328083992004395
0 0 -1
-12.2371454238892 2.56734323501587 0.328083992004395
-13.3854389190674 2.07521724700928 0.328083992004395
-13.3854389190674 2.56734323501587 0.328083992004395
0 0 -1
-3.21483564376831 2.56734323501587 0.328083992004395
-3.21483564376831 2.07521724700928 0.328083992004395
-5.51142358779907 2.07521724700928 0.328083992004395
0 0 -1
-6.92152833938599 2.56734323501587 0.328083992004395
-5.51142358779907 2.07521724700928 0.328083992004395
-6.16759157180786 2.07521724700928 0.328083992004395
0 0 -1
-6.92152833938599 2.56734323501587 0.328083992004395
-3.21483564376831 2.56734323501587 0.328083992004395
-5.51142358779907 2.07521724700928 0.328083992004395
0 0 -1
-6.92152833938599 2.56734323501587 0.328083992004395
-6.16759157180786 2.07521724700928 0.328083992004395
-6.92152833938599 2.07521724700928 0.328083992004395
0 0 -1
-6.16759157180786 2.07521724700928 11.1548557281494
-6.92152833938599 2.56734323501587 11.1548557281494
-6.92152833938599 2.07521724700928 11.1548557281494
0 0 1
-5.51142358779907 2.07521724700928 11.1548557281494
-6.92152833938599 2.56734323501587 11.1548557281494
-6.16759157180786 2.07521724700928 11.1548557281494
0 0 1
-12.2371454238892 2.56734323501587 11.1548557281494
-13.3854389190674 2.07521724700928 11.1548557281494
-11.254861831665 2.07521724700928 11.1548557281494
0 0 1
-11.254861831665 2.56734323501587 11.1548557281494
-11.254861831665 2.07521724700928 11.1548557281494
-6.92152833938599 2.07521724700928 11.1548557281494
0 0 1
-5.51142358779907 2.07521724700928 11.1548557281494
-3.21483564376831 2.07521724700928 11.1548557281494
-3.21483564376831 2.56734323501587 11.1548557281494
0 0 1
-3.21483564376831 2.56734323501587 11.1548557281494
-6.92152833938599 2.56734323501587 11.1548557281494
-5.51142358779907 2.07521724700928 11.1548557281494
0 0 1
-11.254861831665 2.07521724700928 11.1548557281494
-11.254861831665 2.56734323501587 11.1548557281494
-11.5809774398804 2.56734323501587 11.1548557281494
0 0 1
-13.3854389190674 2.56734323501587 11.1548557281494
-13.3854389190674 2.07521724700928 11.1548557281494
-12.2371454238892 2.56734323501587 11.1548557281494
0 0 1
-11.254861831665 2.07521724700928 11.1548557281494
-11.5809774398804 2.56734323501587 11.1548557281494
-12.2371454238892 2.56734323501587 11.1548557281494
0 0 1
-11.254861831665 2.56734323501587 11.1548557281494
-6.92152833938599 2.07521724700928 11.1548557281494
-6.92152833938599 2.56734323501587 11.1548557281494
0 0 1
-13.3854389190674 2.07521724700928 11.1548557281494
-13.3854389190674 2.56734323501587 11.1548557281494
-13.3854389190674 2.56734323501587 0.328083992004395
-1 1.57507946079765E-15 0
-13.3854389190674 2.56734323501587 0.328083992004395
-13.3854389190674 2.07521724700928 0.328083992004395
-13.3854389190674 2.07521724700928 11.1548557281494
-1 1.57507946079765E-15 0
-3.21483564376831 2.07521724700928 0.328083992004395
-3.21483564376831 2.56734323501587 0.328083992004395
-3.21483564376831 2.56734323501587 11.1548557281494
1 -1.62634680305249E-15 0
-3.21483564376831 2.56734323501587 11.1548557281494
-3.21483564376831 2.07521724700928 11.1548557281494
-3.21483564376831 2.07521724700928 0.328083992004395
1 -1.62634680305249E-15 0
-6.92152833938599 2.56734323501587 7.49475049972534
-6.92152833938599 2.56734323501587 0.328083992004395
-6.92152833938599 2.07521724700928 0.328083992004395
-1 -5.15904927991086E-14 -6.12303176911189E-17
-6.92152833938599 2.07521724700928 0.328083992004395
-6.92152833938599 2.07521724700928 7.49475049972534
-6.92152833938599 2.56734323501587 7.49475049972534
-1 -5.15904927991086E-14 -6.12303176911189E-17
-11.254861831665 2.07521724700928 7.49475049972534
-11.254861831665 2.07521724700928 0.328083992004395
-11.254861831665 2.56734323501587 0.328083992004395
1 5.15904927991086E-14 6.12303176911189E-17
-11.254861831665 2.56734323501587 0.328083992004395
-11.254861831665 2.56734323501587 7.49475049972534
-11.254861831665 2.07521724700928 7.49475049972534
1 5.15904927991086E-14 6.12303176911189E-17
-6.92152833938599 2.07521724700928 7.49475049972534
-11.254861831665 2.07521724700928 7.49475049972534
-11.254861831665 2.56734323501587 7.49475049972534
0 0 -1
-11.254861831665 2.56734323501587 7.49475049972534
-6.92152833938599 2.56734323501587 7.49475049972534
-6.92152833938599 2.07521724700928 7.49475049972534
0 0 -1
-13.3854389190674 6.832435131073 11.1548557281494
-13.3854389190674 6.832435131073 0.328083992004395
-12.2371454238892 6.832435131073 0.328083992004395
-3.44548632049849E-15 -1 0
-13.3854389190674 6.832435131073 11.1548557281494
-12.2371454238892 6.832435131073 0.328083992004395
-12.2371454238892 6.832435131073 11.1548557281494
-3.44548632049849E-15 -1 0
-12.2371454238892 6.832435131073 0.328083992004395
-11.5809774398804 6.832435131073 11.1548557281494
-12.2371454238892 6.832435131073 11.1548557281494
-3.44548632049849E-15 -1 0
-11.5809774398804 6.832435131073 11.1548557281494
-12.2371454238892 6.832435131073 0.328083992004395
-11.5809774398804 6.832435131073 0.328083992004395
-3.44548632049849E-15 -1 0
-13.3854389190674 7.48860311508179 11.1548557281494
-11.5809774398804 7.48860311508179 11.1548557281494
-11.5809774398804 7.48860311508179 0.328083992004395
3.44548632049849E-15 1 0
-11.5809774398804 7.48860311508179 0.328083992004395
-13.3854389190674 7.48860311508179 0.328083992004395
-13.3854389190674 7.48860311508179 11.1548557281494
3.44548632049849E-15 1 0
-12.2371454238892 6.832435131073 0.328083992004395
-13.3854389190674 7.48860311508179 0.328083992004395
-11.5809774398804 7.48860311508179 0.328083992004395
0 0 -1
-13.3854389190674 7.48860311508179 0.328083992004395
-12.2371454238892 6.832435131073 0.328083992004395
-13.3854389190674 6.832435131073 0.328083992004395
0 0 -1
-12.2371454238892 6.832435131073 0.328083992004395
-11.5809774398804 7.48860311508179 0.328083992004395
-11.5809774398804 6.832435131073 0.328083992004395
0 0 -1
-12.2371454238892 6.832435131073 11.1548557281494
-11.5809774398804 7.48860311508179 11.1548557281494
-13.3854389190674 7.48860311508179 11.1548557281494
0 0 1
-11.5809774398804 7.48860311508179 11.1548557281494
-12.2371454238892 6.832435131073 11.1548557281494
-11.5809774398804 6.832435131073 11.1548557281494
0 0 1
-12.2371454238892 6.832435131073 11.1548557281494
-13.3854389190674 7.48860311508179 11.1548557281494
-13.3854389190674 6.832435131073 11.1548557281494
0 0 1
-13.3854389190674 6.832435131073 11.1548557281494
-13.3854389190674 7.48860311508179 11.1548557281494
-13.3854389190674 7.48860311508179 0.328083992004395
-1 1.57507946079765E-15 0
-13.3854389190674 7.48860311508179 0.328083992004395
-13.3854389190674 6.832435131073 0.328083992004395
-13.3854389190674 6.832435131073 11.1548557281494
-1 1.57507946079765E-15 0
-11.5809774398804 6.832435131073 0.328083992004395
-11.5809774398804 7.48860311508179 0.328083992004395
-11.5809774398804 7.48860311508179 11.1548557281494
1 -1.44382283906442E-15 0
-11.5809774398804 7.48860311508179 11.1548557281494
-11.5809774398804 6.832435131073 11.1548557281494
-11.5809774398804 6.832435131073 0.328083992004395
1 -1.44382283906442E-15 0
-12.2371454238892 6.832435131073 0.328083992004395
-12.2371454238892 6.07784175872803 0.328083992004395
-12.2371454238892 6.07784175872803 5.24934387207031
-1 1.44382283906442E-15 0
-12.2371454238892 6.832435131073 11.1548557281494
-12.2371454238892 6.07784175872803 5.24934387207031
-12.2371454238892 3.61721181869507 5.24934387207031
-1 1.44382283906442E-15 0
-12.2371454238892 6.07784175872803 5.24934387207031
-12.2371454238892 6.832435131073 11.1548557281494
-12.2371454238892 6.832435131073 0.328083992004395
-1 1.44382283906442E-15 0
-12.2371454238892 3.61721181869507 0.328083992004395
-12.2371454238892 2.56734323501587 0.328083992004395
-12.2371454238892 3.61721181869507 5.24934387207031
-1 1.44382283906442E-15 0
-12.2371454238892 3.61721181869507 5.24934387207031
-12.2371454238892 2.56734323501587 11.1548557281494
-12.2371454238892 6.832435131073 11.1548557281494
-1 1.44382283906442E-15 0
-12.2371454238892 2.56734323501587 11.1548557281494
-12.2371454238892 3.61721181869507 5.24934387207031
-12.2371454238892 2.56734323501587 0.328083992004395
-1 1.44382283906442E-15 0
-11.5809774398804 2.56734323501587 0.328083992004395
-11.5809774398804 3.61721181869507 0.328083992004395
-11.5809774398804 3.61721181869507 5.24934387207031
1 -1.44382283906442E-15 0
-11.5809774398804 2.56734323501587 11.1548557281494
-11.5809774398804 3.61721181869507 5.24934387207031
-11.5809774398804 6.832435131073 11.1548557281494
1 -1.44382283906442E-15 0
-11.5809774398804 3.61721181869507 5.24934387207031
-11.5809774398804 2.56734323501587 11.1548557281494
-11.5809774398804 2.56734323501587 0.328083992004395
1 -1.44382283906442E-15 0
-11.5809774398804 6.07784175872803 0.328083992004395
-11.5809774398804 6.832435131073 0.328083992004395
-11.5809774398804 6.07784175872803 5.24934387207031
1 -1.44382283906442E-15 0
-11.5809774398804 6.07784175872803 5.24934387207031
-11.5809774398804 6.832435131073 11.1548557281494
-11.5809774398804 3.61721181869507 5.24934387207031
1 -1.44382283906442E-15 0
-11.5809774398804 6.832435131073 11.1548557281494
-11.5809774398804 6.07784175872803 5.24934387207031
-11.5809774398804 6.832435131073 0.328083992004395
1 -1.44382283906442E-15 0
-12.2371454238892 6.07784175872803 0.328083992004395
-12.2371454238892 6.832435131073 0.328083992004395
-11.5809774398804 6.832435131073 0.328083992004395
0 0 -1
-11.5809774398804 6.832435131073 0.328083992004395
-11.5809774398804 6.07784175872803 0.328083992004395
-12.2371454238892 6.07784175872803 0.328083992004395
0 0 -1
-12.2371454238892 2.56734323501587 0.328083992004395
-12.2371454238892 3.61721181869507 0.328083992004395
-11.5809774398804 2.56734323501587 0.328083992004395
0 0 -1
-11.5809774398804 3.61721181869507 0.328083992004395
-11.5809774398804 2.56734323501587 0.328083992004395
-12.2371454238892 3.61721181869507 0.328083992004395
0 0 -1
-12.2371454238892 2.56734323501587 11.1548557281494
-11.5809774398804 2.56734323501587 11.1548557281494
-11.5809774398804 6.832435131073 11.1548557281494
0 0 1
-11.5809774398804 6.832435131073 11.1548557281494
-12.2371454238892 6.832435131073 11.1548557281494
-12.2371454238892 2.56734323501587 11.1548557281494
0 0 1
-12.2371454238892 6.832435131073 11.1548557281494
-11.5809774398804 6.832435131073 11.1548557281494
-11.5809774398804 6.832435131073 0.328083992004395
3.44548632049849E-15 1 0
-11.5809774398804 6.832435131073 0.328083992004395
-12.2371454238892 6.832435131073 0.328083992004395
-12.2371454238892 6.832435131073 11.1548557281494
3.44548632049849E-15 1 0
-12.2371454238892 2.56734323501587 0.328083992004395
-11.5809774398804 2.56734323501587 0.328083992004395
-11.5809774398804 2.56734323501587 11.1548557281494
4.69652599638904E-14 -1 0
-11.5809774398804 2.56734323501587 11.1548557281494
-12.2371454238892 2.56734323501587 11.1548557281494
-12.2371454238892 2.56734323501587 0.328083992004395
4.69652599638904E-14 -1 0
-11.5809774398804 3.61721181869507 5.24934387207031
-11.5809774398804 3.61721181869507 0.328083992004395
-12.2371454238892 3.61721181869507 0.328083992004395
1.46549439250521E-15 1 0
-12.2371454238892 3.61721181869507 0.328083992004395
-12.2371454238892 3.61721181869507 5.24934387207031
-11.5809774398804 3.61721181869507 5.24934387207031
1.46549439250521E-15 1 0
-12.2371454238892 3.61721181869507 5.24934387207031
-12.2371454238892 6.07784175872803 5.24934387207031
-11.5809774398804 6.07784175872803 5.24934387207031
0 0 -1
-11.5809774398804 6.07784175872803 5.24934387207031
-11.5809774398804 3.61721181869507 5.24934387207031
-12.2371454238892 3.61721181869507 5.24934387207031
0 0 -1
-12.2371454238892 6.07784175872803 5.24934387207031
-12.2371454238892 6.07784175872803 0.328083992004395
-11.5809774398804 6.07784175872803 0.328083992004395
-1.4210854715202E-15 -1 0
-11.5809774398804 6.07784175872803 0.328083992004395
-11.5809774398804 6.07784175872803 5.24934387207031
-12.2371454238892 6.07784175872803 5.24934387207031
-1.4210854715202E-15 -1 0
-23.884126663208 -5.4707145690918 0.328083992004395
-23.884126663208 -7.11113452911377 0
-23.884126663208 -7.11113452911377 11.1548557281494
-1 2.70716782324616E-15 0
-23.884126663208 -7.11113452911377 0
-23.884126663208 -5.4707145690918 0.328083992004395
-23.884126663208 -5.4707145690918 -1.32348898008484E-23
-1 2.70716782324616E-15 0
-23.884126663208 -5.4707145690918 0.328083992004395
-23.884126663208 -7.11113452911377 11.1548557281494
-23.884126663208 -5.4707145690918 11.1548557281494
-1 2.70716782324616E-15 0
-23.2279586791992 -5.79879856109619 11.1548557281494
-23.2279586791992 -7.11113452911377 11.1548557281494
-23.2279586791992 -5.4707145690918 0.328083992004395
1 -2.70716782324616E-15 0
-23.2279586791992 -5.4707145690918 0.328083992004395
-23.2279586791992 -7.11113452911377 11.1548557281494
-23.2279586791992 -7.11113452911377 -1.32348898008484E-23
1 -2.70716782324616E-15 0
-23.2279586791992 -5.4707145690918 0
-23.2279586791992 -5.4707145690918 0.328083992004395
-23.2279586791992 -7.11113452911377 -1.32348898008484E-23
1 -2.70716782324616E-15 0
-23.2279586791992 -5.4707145690918 0.328083992004395
-23.2279586791992 -5.4707145690918 11.1548557281494
-23.2279586791992 -5.79879856109619 11.1548557281494
1 -2.70716782324616E-15 0
-23.884126663208 -5.4707145690918 0
-23.2279586791992 -5.4707145690918 0
-23.2279586791992 -7.11113452911377 0
0 0 -1
-23.2279586791992 -7.11113452911377 0
-23.884126663208 -7.11113452911377 0
-23.884126663208 -5.4707145690918 0
0 0 -1
-23.884126663208 -7.11113452911377 0
-23.2279586791992 -7.11113452911377 0
-23.2279586791992 -7.11113452911377 11.1548557281494
-2.70716782324598E-15 -1 0
-23.2279586791992 -7.11113452911377 11.1548557281494
-23.884126663208 -7.11113452911377 11.1548557281494
-23.884126663208 -7.11113452911377 0
-2.70716782324598E-15 -1 0
-23.884126663208 -5.4707145690918 11.1548557281494
-23.884126663208 -7.11113452911377 11.1548557281494
-23.2279586791992 -5.79879856109619 11.1548557281494
0 0 1
-23.2279586791992 -7.11113452911377 11.1548557281494
-23.2279586791992 -5.79879856109619 11.1548557281494
-23.884126663208 -7.11113452911377 11.1548557281494
0 0 1
-23.2279586791992 -5.79879856109619 11.1548557281494
-23.2279586791992 -5.4707145690918 11.1548557281494
-23.884126663208 -5.4707145690918 11.1548557281494
0 0 1
-23.884126663208 -5.4707145690918 0.328083992004395
-23.884126663208 -5.4707145690918 11.1548557281494
-23.2279586791992 -5.4707145690918 11.1548557281494
2.70716782324598E-15 1 0
-23.884126663208 -5.4707145690918 0
-23.884126663208 -5.4707145690918 0.328083992004395
-23.2279586791992 -5.4707145690918 0.328083992004395
2.70716782324598E-15 1 0
-23.2279586791992 -5.4707145690918 11.1548557281494
-23.2279586791992 -5.4707145690918 0.328083992004395
-23.884126663208 -5.4707145690918 0.328083992004395
2.70716782324598E-15 1 0
-23.2279586791992 -5.4707145690918 0.328083992004395
-23.2279586791992 -5.4707145690918 0
-23.884126663208 -5.4707145690918 0
2.70716782324598E-15 1 0
-14.0416069030762 -7.11113452911377 0
-14.0416069030762 -7.11113452911377 11.1548557281494
-14.0416069030762 -5.79879856109619 11.1548557281494
-1 1.35358391162327E-15 0
-14.0416069030762 -5.79879856109619 11.1548557281494
-14.0416069030762 -5.79879856109619 0
-14.0416069030762 -7.11113452911377 0
-1 1.35358391162327E-15 0
-13.3854389190674 -5.79879856109619 11.1548557281494
-13.3854389190674 -7.11113452911377 11.1548557281494
-13.3854389190674 -7.11113452911377 0
1 -1.35358391162327E-15 0
-13.3854389190674 -7.11113452911377 0
-13.3854389190674 -5.79879856109619 0
-13.3854389190674 -5.79879856109619 11.1548557281494
1 -1.35358391162327E-15 0
-14.0416069030762 -5.79879856109619 0
-13.3854389190674 -5.79879856109619 0
-13.3854389190674 -7.11113452911377 0
0 0 -1
-13.3854389190674 -7.11113452911377 0
-14.0416069030762 -7.11113452911377 0
-14.0416069030762 -5.79879856109619 0
0 0 -1
-14.0416069030762 -7.11113452911377 0
-13.3854389190674 -7.11113452911377 0
-13.3854389190674 -7.11113452911377 11.1548557281494
-1.35358391162299E-15 -1 0
-13.3854389190674 -7.11113452911377 11.1548557281494
-14.0416069030762 -7.11113452911377 11.1548557281494
-14.0416069030762 -7.11113452911377 0
-1.35358391162299E-15 -1 0
-14.0416069030762 -7.11113452911377 11.1548557281494
-13.3854389190674 -7.11113452911377 11.1548557281494
-13.3854389190674 -5.79879856109619 11.1548557281494
0 0 1
-13.3854389190674 -5.79879856109619 11.1548557281494
-14.0416069030762 -5.79879856109619 11.1548557281494
-14.0416069030762 -7.11113452911377 11.1548557281494
0 0 1
-14.0416069030762 -5.79879856109619 11.1548557281494
-13.3854389190674 -5.79879856109619 11.1548557281494
-13.3854389190674 -5.79879856109619 0
3.21933470872491E-15 1 0
-13.3854389190674 -5.79879856109619 0
-14.0416069030762 -5.79879856109619 0
-14.0416069030762 -5.79879856109619 11.1548557281494
3.21933470872491E-15 1 0
-2.55866765975952 -2.68200063705444 0.328083992004395
-1.75486183166504 -2.68200063705444 0.328083992004395
-1.75486183166504 -2.68200063705444 5.24934387207031
-3.21189402757999E-15 -1 0
0.705768048763275 -2.68200063705444 0.328083992004395
1.8704662322998 -2.68200063705444 0.328083992004395
0.705768048763275 -2.68200063705444 5.24934387207031
-3.21189402757999E-15 -1 0
-2.55866765975952 -2.68200063705444 11.1548557281494
-1.75486183166504 -2.68200063705444 5.24934387207031
0.705768048763275 -2.68200063705444 5.24934387207031
-3.21189402757999E-15 -1 0
-1.75486183166504 -2.68200063705444 5.24934387207031
-2.55866765975952 -2.68200063705444 11.1548557281494
-2.55866765975952 -2.68200063705444 0.328083992004395
-3.21189402757999E-15 -1 0
1.8704662322998 -2.68200063705444 11.1548557281494
3.16639804840088 -2.68200063705444 5.24934387207031
2.1985502243042 -2.68200063705444 11.1548557281494
-3.21189402757999E-15 -1 0
0.705768048763275 -2.68200063705444 5.24934387207031
3.16639804840088 -2.68200063705444 5.24934387207031
1.8704662322998 -2.68200063705444 11.1548557281494
-3.21189402757999E-15 -1 0
0.705768048763275 -2.68200063705444 5.24934387207031
1.8704662322998 -2.68200063705444 11.1548557281494
-2.55866765975952 -2.68200063705444 11.1548557281494
-3.21189402757999E-15 -1 0
0.705768048763275 -2.68200063705444 5.24934387207031
1.8704662322998 -2.68200063705444 0.328083992004395
3.16639804840088 -2.68200063705444 5.24934387207031
-3.21189402757999E-15 -1 0
5.62702798843384 -2.68200063705444 0.328083992004395
6.79172611236572 -2.68200063705444 0.328083992004395
5.62702798843384 -2.68200063705444 5.24934387207031
-3.21189402757999E-15 -1 0
5.62702798843384 -2.68200063705444 5.24934387207031
6.79172611236572 -2.68200063705444 0.328083992004395
7.11981010437012 -2.68200063705444 0.328083992004395
-3.21189402757999E-15 -1 0
2.1985502243042 -2.68200063705444 0.328083992004395
3.16639804840088 -2.68200063705444 5.24934387207031
1.8704662322998 -2.68200063705444 0.328083992004395
-3.21189402757999E-15 -1 0
2.1985502243042 -2.68200063705444 0.328083992004395
3.16639804840088 -2.68200063705444 0.328083992004395
3.16639804840088 -2.68200063705444 5.24934387207031
-3.21189402757999E-15 -1 0
5.62702798843384 -2.68200063705444 5.24934387207031
7.11981010437012 -2.68200063705444 11.1548557281494
6.79172611236572 -2.68200063705444 11.1548557281494
-3.21189402757999E-15 -1 0
7.11981010437012 -2.68200063705444 11.1548557281494
5.62702798843384 -2.68200063705444 5.24934387207031
7.11981010437012 -2.68200063705444 0.328083992004395
-3.21189402757999E-15 -1 0
6.79172611236572 -2.68200063705444 11.1548557281494
2.1985502243042 -2.68200063705444 11.1548557281494
5.62702798843384 -2.68200063705444 5.24934387207031
-3.21189402757999E-15 -1 0
5.62702798843384 -2.68200063705444 5.24934387207031
2.1985502243042 -2.68200063705444 11.1548557281494
3.16639804840088 -2.68200063705444 5.24934387207031
-3.21189402757999E-15 -1 0
7.11981010437012 -2.35391664505005 0.328083992004395
5.62702798843384 -2.35391664505005 0.328083992004395
5.62702798843384 -2.35391664505005 5.24934387207031
3.21189402757999E-15 1 0
7.11981010437012 -2.35391664505005 11.1548557281494
5.62702798843384 -2.35391664505005 5.24934387207031
3.16639804840088 -2.35391664505005 5.24934387207031
3.21189402757999E-15 1 0
5.62702798843384 -2.35391664505005 5.24934387207031
7.11981010437012 -2.35391664505005 11.1548557281494
7.11981010437012 -2.35391664505005 0.328083992004395
3.21189402757999E-15 1 0
7.11981010437012 -2.35391664505005 11.1548557281494
3.16639804840088 -2.35391664505005 5.24934387207031
-2.55866765975952 -2.35391664505005 11.1548557281494
3.21189402757999E-15 1 0
3.16639804840088 -2.35391664505005 0.328083992004395
0.705768048763275 -2.35391664505005 5.24934387207031
3.16639804840088 -2.35391664505005 5.24934387207031
3.21189402757999E-15 1 0
-1.75486183166504 -2.35391664505005 0.328083992004395
-2.55866765975952 -2.35391664505005 0.328083992004395
-1.75486183166504 -2.35391664505005 5.24934387207031
3.21189402757999E-15 1 0
0.705768048763275 -2.35391664505005 5.24934387207031
-1.75486183166504 -2.35391664505005 5.24934387207031
-2.55866765975952 -2.35391664505005 11.1548557281494
3.21189402757999E-15 1 0
-2.55866765975952 -2.35391664505005 11.1548557281494
-1.75486183166504 -2.35391664505005 5.24934387207031
-2.55866765975952 -2.35391664505005 0.328083992004395
3.21189402757999E-15 1 0
0.705768048763275 -2.35391664505005 5.24934387207031
-2.55866765975952 -2.35391664505005 11.1548557281494
3.16639804840088 -2.35391664505005 5.24934387207031
3.21189402757999E-15 1 0
0.705768048763275 -2.35391664505005 0.328083992004395
0.705768048763275 -2.35391664505005 5.24934387207031
3.16639804840088 -2.35391664505005 0.328083992004395
3.21189402757999E-15 1 0
-1.75486183166504 -2.68200063705444 0.328083992004395
-2.55866765975952 -2.68200063705444 0.328083992004395
-1.75486183166504 -2.35391664505005 0.328083992004395
0 0 -1
-2.55866765975952 -2.35391664505005 0.328083992004395
-1.75486183166504 -2.35391664505005 0.328083992004395
-2.55866765975952 -2.68200063705444 0.328083992004395
0 0 -1
7.11981010437012 -2.68200063705444 0.328083992004395
6.79172611236572 -2.68200063705444 0.328083992004395
7.11981010437012 -2.35391664505005 0.328083992004395
0 0 -1
5.62702798843384 -2.35391664505005 0.328083992004395
7.11981010437012 -2.35391664505005 0.328083992004395
6.79172611236572 -2.68200063705444 0.328083992004395
0 0 -1
5.62702798843384 -2.35391664505005 0.328083992004395
6.79172611236572 -2.68200063705444 0.328083992004395
5.62702798843384 -2.68200063705444 0.328083992004395
0 0 -1
1.8704662322998 -2.68200063705444 0.328083992004395
0.705768048763275 -2.68200063705444 0.328083992004395
0.705768048763275 -2.35391664505005 0.328083992004395
0 0 -1
1.8704662322998 -2.68200063705444 0.328083992004395
3.16639804840088 -2.35391664505005 0.328083992004395
2.1985502243042 -2.68200063705444 0.328083992004395
0 0 -1
3.16639804840088 -2.35391664505005 0.328083992004395
1.8704662322998 -2.68200063705444 0.328083992004395
0.705768048763275 -2.35391664505005 0.328083992004395
0 0 -1
2.1985502243042 -2.68200063705444 0.328083992004395
3.16639804840088 -2.35391664505005 0.328083992004395
3.16639804840088 -2.68200063705444 0.328083992004395
0 0 -1
6.79172611236572 -2.68200063705444 11.1548557281494
7.11981010437012 -2.68200063705444 11.1548557281494
7.11981010437012 -2.35391664505005 11.1548557281494
0 0 1
2.1985502243042 -2.68200063705444 11.1548557281494
7.11981010437012 -2.35391664505005 11.1548557281494
-2.55866765975952 -2.35391664505005 11.1548557281494
0 0 1
7.11981010437012 -2.35391664505005 11.1548557281494
2.1985502243042 -2.68200063705444 11.1548557281494
6.79172611236572 -2.68200063705444 11.1548557281494
0 0 1
1.8704662322998 -2.68200063705444 11.1548557281494
-2.55866765975952 -2.35391664505005 11.1548557281494
-2.55866765975952 -2.68200063705444 11.1548557281494
0 0 1
-2.55866765975952 -2.35391664505005 11.1548557281494
1.8704662322998 -2.68200063705444 11.1548557281494
2.1985502243042 -2.68200063705444 11.1548557281494
0 0 1
-2.55866765975952 -2.68200063705444 11.1548557281494
-2.55866765975952 -2.35391664505005 11.1548557281494
-2.55866765975952 -2.35391664505005 0.328083992004395
-1 1.62634680305249E-15 0
-2.55866765975952 -2.35391664505005 0.328083992004395
-2.55866765975952 -2.68200063705444 0.328083992004395
-2.55866765975952 -2.68200063705444 11.1548557281494
-1 1.62634680305249E-15 0
7.11981010437012 -2.68200063705444 0.328083992004395
7.11981010437012 -2.35391664505005 0.328083992004395
7.11981010437012 -2.35391664505005 11.1548557281494
1 -1.59245166073288E-15 0
7.11981010437012 -2.35391664505005 11.1548557281494
7.11981010437012 -2.68200063705444 11.1548557281494
7.11981010437012 -2.68200063705444 0.328083992004395
1 -1.59245166073288E-15 0
0.705768048763275 -2.68200063705444 5.24934387207031
0.705768048763275 -2.35391664505005 5.24934387207031
0.705768048763275 -2.35391664505005 0.328083992004395
-1 3.2085445411667E-15 0
0.705768048763275 -2.35391664505005 0.328083992004395
0.705768048763275 -2.68200063705444 0.328083992004395
0.705768048763275 -2.68200063705444 5.24934387207031
-1 3.2085445411667E-15 0
-1.75486183166504 -2.68200063705444 5.24934387207031
-1.75486183166504 -2.35391664505005 5.24934387207031
0.705768048763275 -2.35391664505005 5.24934387207031
0 0 -1
0.705768048763275 -2.35391664505005 5.24934387207031
0.705768048763275 -2.68200063705444 5.24934387207031
-1.75486183166504 -2.68200063705444 5.24934387207031
0 0 -1
-1.75486183166504 -2.68200063705444 0.328083992004395
-1.75486183166504 -2.35391664505005 0.328083992004395
-1.75486183166504 -2.35391664505005 5.24934387207031
1 -3.19744231092045E-15 0
-1.75486183166504 -2.35391664505005 5.24934387207031
-1.75486183166504 -2.68200063705444 5.24934387207031
-1.75486183166504 -2.68200063705444 0.328083992004395
1 -3.19744231092045E-15 0
5.62702798843384 -2.35391664505005 5.24934387207031
5.62702798843384 -2.35391664505005 0.328083992004395
5.62702798843384 -2.68200063705444 0.328083992004395
-1 3.19744231092045E-15 0
5.62702798843384 -2.68200063705444 0.328083992004395
5.62702798843384 -2.68200063705444 5.24934387207031
5.62702798843384 -2.35391664505005 5.24934387207031
-1 3.19744231092045E-15 0
5.62702798843384 -2.68200063705444 5.24934387207031
3.16639804840088 -2.68200063705444 5.24934387207031
3.16639804840088 -2.35391664505005 5.24934387207031
0 0 -1
3.16639804840088 -2.35391664505005 5.24934387207031
5.62702798843384 -2.35391664505005 5.24934387207031
5.62702798843384 -2.68200063705444 5.24934387207031
0 0 -1
3.16639804840088 -2.68200063705444 5.24934387207031
3.16639804840088 -2.68200063705444 0.328083992004395
3.16639804840088 -2.35391664505005 0.328083992004395
1 -3.19744231092045E-15 0
3.16639804840088 -2.35391664505005 0.328083992004395
3.16639804840088 -2.35391664505005 5.24934387207031
3.16639804840088 -2.68200063705444 5.24934387207031
1 -3.19744231092045E-15 0
6.79172611236572 -5.1426305770874 0.328083992004395
6.79172611236572 -5.1426305770874 11.1548557281494
6.79172611236572 -2.68200063705444 11.1548557281494
-1 1.59245166073288E-15 0
6.79172611236572 -2.68200063705444 11.1548557281494
6.79172611236572 -2.68200063705444 0.328083992004395
6.79172611236572 -5.1426305770874 0.328083992004395
-1 1.59245166073288E-15 0
7.11981010437012 -2.68200063705444 11.1548557281494
7.11981010437012 -5.1426305770874 11.1548557281494
7.11981010437012 -5.1426305770874 0.328083992004395
1 -1.59245166073288E-15 0
7.11981010437012 -5.1426305770874 0.328083992004395
7.11981010437012 -2.68200063705444 0.328083992004395
7.11981010437012 -2.68200063705444 11.1548557281494
1 -1.59245166073288E-15 0
6.79172611236572 -2.68200063705444 0.328083992004395
7.11981010437012 -2.68200063705444 0.328083992004395
7.11981010437012 -5.1426305770874 0.328083992004395
0 0 -1
7.11981010437012 -5.1426305770874 0.328083992004395
6.79172611236572 -5.1426305770874 0.328083992004395
6.79172611236572 -2.68200063705444 0.328083992004395
0 0 -1
6.79172611236572 -5.1426305770874 11.1548557281494
7.11981010437012 -5.1426305770874 11.1548557281494
7.11981010437012 -2.68200063705444 11.1548557281494
0 0 1
7.11981010437012 -2.68200063705444 11.1548557281494
6.79172611236572 -2.68200063705444 11.1548557281494
6.79172611236572 -5.1426305770874 11.1548557281494
0 0 1
6.79172611236572 -2.68200063705444 11.1548557281494
7.11981010437012 -2.68200063705444 11.1548557281494
7.11981010437012 -2.68200063705444 0.328083992004395
3.21189402757999E-15 1 0
7.11981010437012 -2.68200063705444 0.328083992004395
6.79172611236572 -2.68200063705444 0.328083992004395
6.79172611236572 -2.68200063705444 11.1548557281494
3.21189402757999E-15 1 0
6.79172611236572 -5.1426305770874 0.328083992004395
7.11981010437012 -5.1426305770874 0.328083992004395
7.11981010437012 -5.1426305770874 11.1548557281494
-3.21933470872491E-15 -1 0
7.11981010437012 -5.1426305770874 11.1548557281494
6.79172611236572 -5.1426305770874 11.1548557281494
6.79172611236572 -5.1426305770874 0.328083992004395
-3.21933470872491E-15 -1 0
1.8704662322998 -5.1426305770874 0.328083992004395
1.8704662322998 -5.1426305770874 11.1548557281494
1.8704662322998 -2.68200063705444 11.1548557281494
-1 1.62430069394912E-15 0
1.8704662322998 -2.68200063705444 11.1548557281494
1.8704662322998 -2.68200063705444 0.328083992004395
1.8704662322998 -5.1426305770874 0.328083992004395
-1 1.62430069394912E-15 0
2.1985502243042 -2.68200063705444 11.1548557281494
2.1985502243042 -5.1426305770874 11.1548557281494
2.1985502243042 -5.1426305770874 0.328083992004395
1 -1.62430069394912E-15 0
2.1985502243042 -5.1426305770874 0.328083992004395
2.1985502243042 -2.68200063705444 0.328083992004395
2.1985502243042 -2.68200063705444 11.1548557281494
1 -1.62430069394912E-15 0
1.8704662322998 -2.68200063705444 0.328083992004395
2.1985502243042 -2.68200063705444 0.328083992004395
2.1985502243042 -5.1426305770874 0.328083992004395
0 0 -1
2.1985502243042 -5.1426305770874 0.328083992004395
1.8704662322998 -5.1426305770874 0.328083992004395
1.8704662322998 -2.68200063705444 0.328083992004395
0 0 -1
1.8704662322998 -5.1426305770874 11.1548557281494
2.1985502243042 -5.1426305770874 11.1548557281494
2.1985502243042 -2.68200063705444 11.1548557281494
0 0 1
2.1985502243042 -2.68200063705444 11.1548557281494
1.8704662322998 -2.68200063705444 11.1548557281494
1.8704662322998 -5.1426305770874 11.1548557281494
0 0 1
1.8704662322998 -5.1426305770874 0.328083992004395
2.1985502243042 -5.1426305770874 0.328083992004395
2.1985502243042 -5.1426305770874 11.1548557281494
-3.21933470872491E-15 -1 0
2.1985502243042 -5.1426305770874 11.1548557281494
1.8704662322998 -5.1426305770874 11.1548557281494
1.8704662322998 -5.1426305770874 0.328083992004395
-3.21933470872491E-15 -1 0
1.8704662322998 -2.68200063705444 11.1548557281494
2.1985502243042 -2.68200063705444 11.1548557281494
2.1985502243042 -2.68200063705444 0.328083992004395
3.21189402757999E-15 1 0
2.1985502243042 -2.68200063705444 0.328083992004395
1.8704662322998 -2.68200063705444 0.328083992004395
1.8704662322998 -2.68200063705444 11.1548557281494
3.21189402757999E-15 1 0
18.4387073516846 -5.79879856109619 0.656167984008789
23.0318832397461 -5.79879856109619 0.656167984008789
23.0318832397461 -5.79879856109619 7.54593181610107
-3.20429139430232E-15 -1 0
18.4387073516846 -5.79879856109619 11.1548557281494
23.0318832397461 -5.79879856109619 7.54593181610107
29.0030117034912 -5.79879856109619 11.1548557281494
-3.20429139430232E-15 -1 0
23.0318832397461 -5.79879856109619 7.54593181610107
18.4387073516846 -5.79879856109619 11.1548557281494
18.4387073516846 -5.79879856109619 0.656167984008789
-3.20429139430232E-15 -1 0
28.9373950958252 -5.79879856109619 0.656167984008789
29.0030117034912 -5.79879856109619 0.656167984008789
28.9373950958252 -5.79879856109619 7.54593181610107
-3.20429139430232E-15 -1 0
28.9373950958252 -5.79879856109619 7.54593181610107
29.0030117034912 -5.79879856109619 11.1548557281494
23.0318832397461 -5.79879856109619 7.54593181610107
-3.20429139430232E-15 -1 0
29.0030117034912 -5.79879856109619 11.1548557281494
28.9373950958252 -5.79879856109619 7.54593181610107
29.0030117034912 -5.79879856109619 0.656167984008789
-3.20429139430232E-15 -1 0
28.9373950958252 -5.1426305770874 7.54593181610107
29.0030117034912 -5.1426305770874 11.1548557281494
29.0030117034912 -5.1426305770874 0.656167984008789
3.20429139430232E-15 1 0
28.9373950958252 -5.1426305770874 7.54593181610107
28.9373950958252 -5.1426305770874 11.1548557281494
29.0030117034912 -5.1426305770874 11.1548557281494
3.20429139430232E-15 1 0
29.0030117034912 -5.1426305770874 0.656167984008789
28.9373950958252 -5.1426305770874 0.656167984008789
28.9373950958252 -5.1426305770874 7.54593181610107
3.20429139430232E-15 1 0
23.0318832397461 -5.1426305770874 0.656167984008789
18.4387073516846 -5.1426305770874 0.656167984008789
23.0318832397461 -5.1426305770874 7.54593181610107
3.20429139430232E-15 1 0
23.0318832397461 -5.1426305770874 7.54593181610107
18.4387073516846 -5.1426305770874 11.1548557281494
28.9373950958252 -5.1426305770874 11.1548557281494
3.20429139430232E-15 1 0
18.4387073516846 -5.1426305770874 11.1548557281494
23.0318832397461 -5.1426305770874 7.54593181610107
18.4387073516846 -5.1426305770874 0.656167984008789
3.20429139430232E-15 1 0
23.0318832397461 -5.1426305770874 7.54593181610107
28.9373950958252 -5.1426305770874 11.1548557281494
28.9373950958252 -5.1426305770874 7.54593181610107
3.20429139430232E-15 1 0
29.0030117034912 -5.77428007125854 11.1548557281494
29.0030117034912 -5.79879856109619 11.1548557281494
29.0030117034912 -5.77428007125854 0.656167984008789
1 -5.41433564649196E-15 0
29.0030117034912 -5.77428007125854 0.656167984008789
29.0030117034912 -5.79879856109619 11.1548557281494
29.0030117034912 -5.79879856109619 0.656167984008789
1 -5.41433564649196E-15 0
29.0030117034912 -5.77428007125854 0.656167984008789
29.0030117034912 -5.1426305770874 0.656167984008789
29.0030117034912 -5.1426305770874 11.1548557281494
1 -5.41433564649196E-15 0
29.0030117034912 -5.77428007125854 0.656167984008789
29.0030117034912 -5.1426305770874 11.1548557281494
29.0030117034912 -5.77428007125854 11.1548557281494
1 -5.41433564649196E-15 0
28.9373950958252 -5.1426305770874 11.1548557281494
18.4387073516846 -5.79879856109619 11.1548557281494
29.0030117034912 -5.79879856109619 11.1548557281494
0 0 1
28.9373950958252 -5.1426305770874 11.1548557281494
29.0030117034912 -5.79879856109619 11.1548557281494
29.0030117034912 -5.77428007125854 11.1548557281494
0 0 1
29.0030117034912 -5.1426305770874 11.1548557281494
28.9373950958252 -5.1426305770874 11.1548557281494
29.0030117034912 -5.77428007125854 11.1548557281494
0 0 1
28.9373950958252 -5.1426305770874 11.1548557281494
18.4387073516846 -5.1426305770874 11.1548557281494
18.4387073516846 -5.79879856109619 11.1548557281494
0 0 1
18.4387073516846 -5.1426305770874 11.1548557281494
18.4387073516846 -5.1426305770874 0.656167984008789
18.4387073516846 -5.79879856109619 0.656167984008789
-1 5.41433564649196E-15 0
18.4387073516846 -5.79879856109619 0.656167984008789
18.4387073516846 -5.79879856109619 11.1548557281494
18.4387073516846 -5.1426305770874 11.1548557281494
-1 5.41433564649196E-15 0
28.9373950958252 -5.1426305770874 7.54593181610107
28.9373950958252 -5.1426305770874 0.656167984008789
28.9373950958252 -5.79879856109619 0.656167984008789
-1 3.19744231092045E-15 0
28.9373950958252 -5.79879856109619 0.656167984008789
28.9373950958252 -5.79879856109619 7.54593181610107
28.9373950958252 -5.1426305770874 7.54593181610107
-1 3.19744231092045E-15 0
28.9373950958252 -5.79879856109619 7.54593181610107
23.0318832397461 -5.79879856109619 7.54593181610107
23.0318832397461 -5.1426305770874 7.54593181610107
0 0 -1
23.0318832397461 -5.1426305770874 7.54593181610107
28.9373950958252 -5.1426305770874 7.54593181610107
28.9373950958252 -5.79879856109619 7.54593181610107
0 0 -1
23.0318832397461 -5.79879856109619 7.54593181610107
23.0318832397461 -5.79879856109619 0.656167984008789
23.0318832397461 -5.1426305770874 0.656167984008789
1 -3.19744231092045E-15 0
23.0318832397461 -5.1426305770874 0.656167984008789
23.0318832397461 -5.1426305770874 7.54593181610107
23.0318832397461 -5.79879856109619 7.54593181610107
1 -3.19744231092045E-15 0
23.0318832397461 -5.79879856109619 0.656167984008789
18.4387073516846 -5.79879856109619 0.656167984008789
18.4387073516846 -5.1426305770874 0.656167984008789
0 0 -1
18.4387073516846 -5.1426305770874 0.656167984008789
23.0318832397461 -5.1426305770874 0.656167984008789
23.0318832397461 -5.79879856109619 0.656167984008789
0 0 -1
29.0030117034912 -5.77428007125854 0.656167984008789
28.9373950958252 -5.79879856109619 0.656167984008789
28.9373950958252 -5.1426305770874 0.656167984008789
0 0 -1
28.9373950958252 -5.79879856109619 0.656167984008789
29.0030117034912 -5.77428007125854 0.656167984008789
29.0030117034912 -5.79879856109619 0.656167984008789
0 0 -1
28.9373950958252 -5.1426305770874 0.656167984008789
29.0030117034912 -5.1426305770874 0.656167984008789
29.0030117034912 -5.77428007125854 0.656167984008789
0 0 -1
-23.2279586791992 14.2190237045288 3.28083992004395
-23.2279586791992 14.2190237045288 0.328083992004395
-22.2437076568604 14.2190237045288 0.328083992004395
-3.17656950436677E-15 -1 0
-22.2437076568604 14.2190237045288 0.328083992004395
-19.7559947967529 14.2190237045288 3.28083992004395
-21.5932655334473 14.2190237045288 3.28083992004395
-3.17656950436677E-15 -1 0
-19.7559947967529 14.2190237045288 3.28083992004395
-22.2437076568604 14.2190237045288 0.328083992004395
-17.9187240600586 14.2190237045288 3.28083992004395
-3.17656950436677E-15 -1 0
-22.2437076568604 14.2190237045288 0.328083992004395
-21.5932655334473 14.2190237045288 3.28083992004395
-23.2279586791992 14.2190237045288 3.28083992004395
-3.17656950436677E-15 -1 0
-23.2279586791992 14.2190237045288 11.1548557281494
-23.2279586791992 14.2190237045288 7.87401580810547
-22.2437076568604 14.2190237045288 11.1548557281494
-3.17656950436677E-15 -1 0
-22.2437076568604 14.2190237045288 11.1548557281494
-23.2279586791992 14.2190237045288 7.87401580810547
-21.5932655334473 14.2190237045288 7.87401580810547
-3.17656950436677E-15 -1 0
-19.7559947967529 14.2190237045288 7.87401580810547
-17.9187240600586 14.2190237045288 7.87401580810547
-22.2437076568604 14.2190237045288 11.1548557281494
-3.17656950436677E-15 -1 0
-19.7559947967529 14.2190237045288 7.87401580810547
-22.2437076568604 14.2190237045288 11.1548557281494
-21.5932655334473 14.2190237045288 7.87401580810547
-3.17656950436677E-15 -1 0
-22.2437076568604 14.2190237045288 11.1548557281494
-17.9187240600586 14.2190237045288 7.87401580810547
-14.1072244644165 14.2190237045288 11.1548557281494
-3.17656950436677E-15 -1 0
-14.2441835403442 14.2190237045288 3.28083992004395
-16.0814552307129 14.2190237045288 3.28083992004395
-14.1072244644165 14.2190237045288 0.328083992004395
-3.17656950436677E-15 -1 0
-14.2100028991699 14.2190237045288 3.28083992004395
-14.1072244644165 14.2190237045288 0.328083992004395
-13.7135229110718 14.2190237045288 0.328083992004395
-3.17656950436677E-15 -1 0
-14.1072244644165 14.2190237045288 0.328083992004395
-14.2100028991699 14.2190237045288 3.28083992004395
-14.2441835403442 14.2190237045288 3.28083992004395
-3.17656950436677E-15 -1 0
-14.2100028991699 14.2190237045288 3.28083992004395
-13.7135229110718 14.2190237045288 0.328083992004395
-14.2100028991699 14.2190237045288 7.87401580810547
-3.17656950436677E-15 -1 0
-16.0814552307129 14.2190237045288 3.28083992004395
-17.9187240600586 14.2190237045288 3.28083992004395
-14.1072244644165 14.2190237045288 0.328083992004395
-3.17656950436677E-15 -1 0
-16.0814552307129 14.2190237045288 7.87401580810547
-14.2441835403442 14.2190237045288 7.87401580810547
-14.1072244644165 14.2190237045288 11.1548557281494
-3.17656950436677E-15 -1 0
-14.2100028991699 14.2190237045288 7.87401580810547
-13.7135229110718 14.2190237045288 11.1548557281494
-14.1072244644165 14.2190237045288 11.1548557281494
-3.17656950436677E-15 -1 0
-13.7135229110718 14.2190237045288 11.1548557281494
-14.2100028991699 14.2190237045288 7.87401580810547
-13.7135229110718 14.2190237045288 0.328083992004395
-3.17656950436677E-15 -1 0
-14.2100028991699 14.2190237045288 7.87401580810547
-14.1072244644165 14.2190237045288 11.1548557281494
-14.2441835403442 14.2190237045288 7.87401580810547
-3.17656950436677E-15 -1 0
-16.0814552307129 14.2190237045288 7.87401580810547
-14.1072244644165 14.2190237045288 11.1548557281494
-17.9187240600586 14.2190237045288 7.87401580810547
-3.17656950436677E-15 -1 0
-14.1072244644165 14.2190237045288 0.328083992004395
-17.9187240600586 14.2190237045288 3.28083992004395
-22.2437076568604 14.2190237045288 0.328083992004395
-3.17656950436677E-15 -1 0
-13.7135229110718 14.5471076965332 0.328083992004395
-14.2100028991699 14.5471076965332 3.28083992004395
-14.2100028991699 14.5471076965332 7.87401580810547
3.17656950436677E-15 1 0
-14.2100028991699 14.5471076965332 3.28083992004395
-13.7135229110718 14.5471076965332 0.328083992004395
-14.2441835403442 14.5471076965332 3.28083992004395
3.17656950436677E-15 1 0
-16.0814552307129 14.5471076965332 3.28083992004395
-14.2441835403442 14.5471076965332 3.28083992004395
-13.7135229110718 14.5471076965332 0.328083992004395
3.17656950436677E-15 1 0
-13.7135229110718 14.5471076965332 0.328083992004395
-17.9187240600586 14.5471076965332 3.28083992004395
-16.0814552307129 14.5471076965332 3.28083992004395
3.17656950436677E-15 1 0
-13.7135229110718 14.5471076965332 11.1548557281494
-14.2100028991699 14.5471076965332 7.87401580810547
-14.2441835403442 14.5471076965332 7.87401580810547
3.17656950436677E-15 1 0
-14.2100028991699 14.5471076965332 7.87401580810547
-13.7135229110718 14.5471076965332 11.1548557281494
-13.7135229110718 14.5471076965332 0.328083992004395
3.17656950436677E-15 1 0
-14.2441835403442 14.5471076965332 7.87401580810547
-16.0814552307129 14.5471076965332 7.87401580810547
-13.7135229110718 14.5471076965332 11.1548557281494
3.17656950436677E-15 1 0
-13.7135229110718 14.5471076965332 11.1548557281494
-16.0814552307129 14.5471076965332 7.87401580810547
-17.9187240600586 14.5471076965332 7.87401580810547
3.17656950436677E-15 1 0
-13.7135229110718 14.5471076965332 0.328083992004395
-23.2279586791992 14.5471076965332 0.328083992004395
-17.9187240600586 14.5471076965332 3.28083992004395
3.17656950436677E-15 1 0
-21.5932655334473 14.5471076965332 3.28083992004395
-19.7559947967529 14.5471076965332 3.28083992004395
-23.2279586791992 14.5471076965332 0.328083992004395
3.17656950436677E-15 1 0
-23.2279586791992 14.5471076965332 0.328083992004395
-23.2279586791992 14.5471076965332 3.28083992004395
-21.5932655334473 14.5471076965332 3.28083992004395
3.17656950436677E-15 1 0
-19.7559947967529 14.5471076965332 3.28083992004395
-17.9187240600586 14.5471076965332 3.28083992004395
-23.2279586791992 14.5471076965332 0.328083992004395
3.17656950436677E-15 1 0
-17.9187240600586 14.5471076965332 7.87401580810547
-19.7559947967529 14.5471076965332 7.87401580810547
-23.2279586791992 14.5471076965332 11.1548557281494
3.17656950436677E-15 1 0
-21.5932655334473 14.5471076965332 7.87401580810547
-23.2279586791992 14.5471076965332 7.87401580810547
-23.2279586791992 14.5471076965332 11.1548557281494
3.17656950436677E-15 1 0
-21.5932655334473 14.5471076965332 7.87401580810547
-23.2279586791992 14.5471076965332 11.1548557281494
-19.7559947967529 14.5471076965332 7.87401580810547
3.17656950436677E-15 1 0
-17.9187240600586 14.5471076965332 7.87401580810547
-23.2279586791992 14.5471076965332 11.1548557281494
-13.7135229110718 14.5471076965332 11.1548557281494
3.17656950436677E-15 1 0
-13.7135229110718 14.2190237045288 0.328083992004395
-14.1072244644165 14.2190237045288 0.328083992004395
-13.7135229110718 14.5424089431763 0.328083992004395
0 0 -1
-22.2437076568604 14.2190237045288 0.328083992004395
-23.2279586791992 14.5471076965332 0.328083992004395
-13.7135229110718 14.5471076965332 0.328083992004395
0 0 -1
-23.2279586791992 14.5471076965332 0.328083992004395
-22.2437076568604 14.2190237045288 0.328083992004395
-23.2279586791992 14.2190237045288 0.328083992004395
0 0 -1
-13.7135229110718 14.5424089431763 0.328083992004395
-14.1072244644165 14.2190237045288 0.328083992004395
-13.7135229110718 14.5471076965332 0.328083992004395
0 0 -1
-13.7135229110718 14.5471076965332 0.328083992004395
-14.1072244644165 14.2190237045288 0.328083992004395
-22.2437076568604 14.2190237045288 0.328083992004395
0 0 -1
-13.7135229110718 14.2190237045288 11.1548557281494
-13.7135229110718 14.2190237045288 0.328083992004395
-13.7135229110718 14.5424089431763 0.328083992004395
1 -5.41433564649196E-15 0
-13.7135229110718 14.2190237045288 11.1548557281494
-13.7135229110718 14.5424089431763 0.328083992004395
-13.7135229110718 14.5424089431763 11.1548557281494
1 -5.41433564649196E-15 0
-13.7135229110718 14.5424089431763 0.328083992004395
-13.7135229110718 14.5471076965332 11.1548557281494
-13.7135229110718 14.5424089431763 11.1548557281494
1 -5.41433564649196E-15 0
-13.7135229110718 14.5471076965332 11.1548557281494
-13.7135229110718 14.5424089431763 0.328083992004395
-13.7135229110718 14.5471076965332 0.328083992004395
1 -5.41433564649196E-15 0
-14.1072244644165 14.2190237045288 11.1548557281494
-13.7135229110718 14.2190237045288 11.1548557281494
-13.7135229110718 14.5424089431763 11.1548557281494
0 0 1
-13.7135229110718 14.5471076965332 11.1548557281494
-22.2437076568604 14.2190237045288 11.1548557281494
-14.1072244644165 14.2190237045288 11.1548557281494
0 0 1
-22.2437076568604 14.2190237045288 11.1548557281494
-23.2279586791992 14.5471076965332 11.1548557281494
-23.2279586791992 14.2190237045288 11.1548557281494
0 0 1
-23.2279586791992 14.5471076965332 11.1548557281494
-22.2437076568604 14.2190237045288 11.1548557281494
-13.7135229110718 14.5471076965332 11.1548557281494
0 0 1
-13.7135229110718 14.5471076965332 11.1548557281494
-14.1072244644165 14.2190237045288 11.1548557281494
-13.7135229110718 14.5424089431763 11.1548557281494
0 0 1
-23.2279586791992 14.5471076965332 7.87401580810547
-23.2279586791992 14.2190237045288 7.87401580810547
-23.2279586791992 14.2190237045288 11.1548557281494
-1 1.57190389736864E-15 0
-23.2279586791992 14.2190237045288 11.1548557281494
-23.2279586791992 14.5471076965332 11.1548557281494
-23.2279586791992 14.5471076965332 7.87401580810547
-1 1.57190389736864E-15 0
-23.2279586791992 14.5471076965332 3.28083992004395
-23.2279586791992 14.2190237045288 0.328083992004395
-23.2279586791992 14.2190237045288 3.28083992004395
-1 1.57190389736864E-15 0
-23.2279586791992 14.2190237045288 0.328083992004395
-23.2279586791992 14.5471076965332 3.28083992004395
-23.2279586791992 14.5471076965332 0.328083992004395
-1 1.57190389736864E-15 0
-14.2100028991699 14.2190237045288 3.28083992004395
-14.2100028991699 14.2190237045288 7.87401580810547
-14.2100028991699 14.5471076965332 7.87401580810547
-1 3.19744231092045E-15 0
-14.2100028991699 14.5471076965332 7.87401580810547
-14.2100028991699 14.5471076965332 3.28083992004395
-14.2100028991699 14.2190237045288 3.28083992004395
-1 3.19744231092045E-15 0
-17.9187240600586 14.2190237045288 7.87401580810547
-17.9187240600586 14.5471076965332 7.87401580810547
-16.0814552307129 14.2190237045288 7.87401580810547
0 0 -1
-16.0814552307129 14.2190237045288 7.87401580810547
-16.0814552307129 14.5471076965332 7.87401580810547
-14.2441835403442 14.2190237045288 7.87401580810547
0 0 -1
-21.5932655334473 14.2190237045288 7.87401580810547
-23.2279586791992 14.2190237045288 7.87401580810547
-21.5932655334473 14.5471076965332 7.87401580810547
0 0 -1
-19.7559947967529 14.5471076965332 7.87401580810547
-17.9187240600586 14.2190237045288 7.87401580810547
-19.7559947967529 14.2190237045288 7.87401580810547
0 0 -1
-19.7559947967529 14.2190237045288 7.87401580810547
-21.5932655334473 14.2190237045288 7.87401580810547
-19.7559947967529 14.5471076965332 7.87401580810547
0 0 -1
-14.2441835403442 14.5471076965332 7.87401580810547
-14.2100028991699 14.2190237045288 7.87401580810547
-14.2441835403442 14.2190237045288 7.87401580810547
0 0 -1
-16.0814552307129 14.5471076965332 7.87401580810547
-14.2441835403442 14.5471076965332 7.87401580810547
-14.2441835403442 14.2190237045288 7.87401580810547
0 0 -1
-17.9187240600586 14.5471076965332 7.87401580810547
-16.0814552307129 14.5471076965332 7.87401580810547
-16.0814552307129 14.2190237045288 7.87401580810547
0 0 -1
-17.9187240600586 14.2190237045288 7.87401580810547
-19.7559947967529 14.5471076965332 7.87401580810547
-17.9187240600586 14.5471076965332 7.87401580810547
0 0 -1
-21.5932655334473 14.5471076965332 7.87401580810547
-23.2279586791992 14.2190237045288 7.87401580810547
-23.2279586791992 14.5471076965332 7.87401580810547
0 0 -1
-19.7559947967529 14.5471076965332 7.87401580810547
-21.5932655334473 14.2190237045288 7.87401580810547
-21.5932655334473 14.5471076965332 7.87401580810547
0 0 -1
-14.2100028991699 14.5471076965332 7.87401580810547
-14.2100028991699 14.2190237045288 7.87401580810547
-14.2441835403442 14.5471076965332 7.87401580810547
0 0 -1
-19.7559947967529 14.2190237045288 3.28083992004395
-19.7559947967529 14.5471076965332 3.28083992004395
-21.5932655334473 14.2190237045288 3.28083992004395
0 0 1
-23.2279586791992 14.2190237045288 3.28083992004395
-21.5932655334473 14.2190237045288 3.28083992004395
-21.5932655334473 14.5471076965332 3.28083992004395
0 0 1
-14.2441835403442 14.2190237045288 3.28083992004395
-14.2100028991699 14.2190237045288 3.28083992004395
-14.2441835403442 14.5471076965332 3.28083992004395
0 0 1
-16.0814552307129 14.5471076965332 3.28083992004395
-16.0814552307129 14.2190237045288 3.28083992004395
-14.2441835403442 14.2190237045288 3.28083992004395
0 0 1
-16.0814552307129 14.2190237045288 3.28083992004395
-17.9187240600586 14.5471076965332 3.28083992004395
-17.9187240600586 14.2190237045288 3.28083992004395
0 0 1
-17.9187240600586 14.2190237045288 3.28083992004395
-19.7559947967529 14.5471076965332 3.28083992004395
-19.7559947967529 14.2190237045288 3.28083992004395
0 0 1
-19.7559947967529 14.5471076965332 3.28083992004395
-21.5932655334473 14.5471076965332 3.28083992004395
-21.5932655334473 14.2190237045288 3.28083992004395
0 0 1
-23.2279586791992 14.5471076965332 3.28083992004395
-23.2279586791992 14.2190237045288 3.28083992004395
-21.5932655334473 14.5471076965332 3.28083992004395
0 0 1
-14.2441835403442 14.2190237045288 3.28083992004395
-14.2441835403442 14.5471076965332 3.28083992004395
-16.0814552307129 14.5471076965332 3.28083992004395
0 0 1
-14.2441835403442 14.5471076965332 3.28083992004395
-14.2100028991699 14.2190237045288 3.28083992004395
-14.2100028991699 14.5471076965332 3.28083992004395
0 0 1
-16.0814552307129 14.5471076965332 3.28083992004395
-17.9187240600586 14.5471076965332 3.28083992004395
-16.0814552307129 14.2190237045288 3.28083992004395
0 0 1
-17.9187240600586 14.2190237045288 3.28083992004395
-17.9187240600586 14.5471076965332 3.28083992004395
-19.7559947967529 14.5471076965332 3.28083992004395
0 0 1
-13.057354927063 14.2143249511719 7.87401580810547
-14.1072244644165 14.2143249511719 11.1548557281494
-14.1072244644165 14.2143249511719 0.328083992004395
-3.21476179010493E-15 -1 0
-14.1072244644165 14.2143249511719 11.1548557281494
-13.057354927063 14.2143249511719 7.87401580810547
-13.3854389190674 14.2143249511719 11.1548557281494
-3.21476179010493E-15 -1 0
-13.3854389190674 14.2143249511719 0.328083992004395
-13.057354927063 14.2143249511719 7.87401580810547
-14.1072244644165 14.2143249511719 0.328083992004395
-3.21476179010493E-15 -1 0
-13.057354927063 14.2143249511719 7.87401580810547
-13.3854389190674 14.2143249511719 0.328083992004395
-13.057354927063 14.2143249511719 0.328083992004395
-3.21476179010493E-15 -1 0
-13.057354927063 14.2143249511719 7.87401580810547
-3.21450591087341 14.2143249511719 7.87401580810547
-3.21450591087341 14.2143249511719 11.1548557281494
-3.21476179010493E-15 -1 0
-3.21450591087341 14.2143249511719 11.1548557281494
-2.88675165176392 14.2143249511719 7.87401580810547
-2.88675165176392 14.2143249511719 11.1548557281494
-3.21476179010493E-15 -1 0
-2.88675165176392 14.2143249511719 7.87401580810547
-3.21450591087341 14.2143249511719 11.1548557281494
-3.21450591087341 14.2143249511719 7.87401580810547
-3.21476179010493E-15 -1 0
-13.057354927063 14.2143249511719 7.87401580810547
-3.21450591087341 14.2143249511719 11.1548557281494
-13.3854389190674 14.2143249511719 11.1548557281494
-3.21476179010493E-15 -1 0
-2.88675165176392 14.5424089431763 11.1548557281494
-2.88675165176392 14.5424089431763 7.87401580810547
-13.057354927063 14.5424089431763 7.87401580810547
3.21476179010493E-15 1 0
-2.88675165176392 14.5424089431763 11.1548557281494
-13.057354927063 14.5424089431763 7.87401580810547
-13.7135229110718 14.5424089431763 11.1548557281494
3.21476179010493E-15 1 0
-13.7135229110718 14.5424089431763 0.328083992004395
-13.7135229110718 14.5424089431763 11.1548557281494
-13.057354927063 14.5424089431763 7.87401580810547
3.21476179010493E-15 1 0
-13.7135229110718 14.5424089431763 0.328083992004395
-13.057354927063 14.5424089431763 7.87401580810547
-13.057354927063 14.5424089431763 0.328083992004395
3.21476179010493E-15 1 0
-13.3854389190674 14.2143249511719 0.328083992004395
-14.1072244644165 14.2143249511719 0.328083992004395
-13.7135229110718 14.2190237045288 0.328083992004395
0 0 -1
-13.057354927063 14.2143249511719 0.328083992004395
-13.3854389190674 14.2143249511719 0.328083992004395
-13.057354927063 14.5424089431763 0.328083992004395
0 0 -1
-13.7135229110718 14.5424089431763 0.328083992004395
-13.3854389190674 14.2143249511719 0.328083992004395
-13.7135229110718 14.2190237045288 0.328083992004395
0 0 -1
-13.3854389190674 14.2143249511719 0.328083992004395
-13.7135229110718 14.5424089431763 0.328083992004395
-13.057354927063 14.5424089431763 0.328083992004395
0 0 -1
-14.1072244644165 14.2190237045288 0.328083992004395
-13.7135229110718 14.2190237045288 0.328083992004395
-14.1072244644165 14.2143249511719 0.328083992004395
0 0 -1
-2.88675165176392 14.2143249511719 11.1548557281494
-2.88675165176392 14.2143249511719 7.87401580810547
-2.88675165176392 14.5374269485474 7.87401580810547
1 0 0
-2.88675165176392 14.2143249511719 11.1548557281494
-2.88675165176392 14.5374269485474 7.87401580810547
-2.88675165176392 14.5374269485474 11.1548557281494
1 0 0
-2.88675165176392 14.5374269485474 7.87401580810547
-2.88675165176392 14.5424089431763 11.1548557281494
-2.88675165176392 14.5374269485474 11.1548557281494
1 0 0
-2.88675165176392 14.5424089431763 11.1548557281494
-2.88675165176392 14.5374269485474 7.87401580810547
-2.88675165176392 14.5424089431763 7.87401580810547
1 0 0
-3.21450591087341 14.2143249511719 11.1548557281494
-2.88675165176392 14.2143249511719 11.1548557281494
-2.88675165176392 14.5374269485474 11.1548557281494
0 0 1
-14.1072244644165 14.2143249511719 11.1548557281494
-13.3854389190674 14.2143249511719 11.1548557281494
-13.7135229110718 14.2190237045288 11.1548557281494
0 0 1
-3.21450591087341 14.2143249511719 11.1548557281494
-2.88675165176392 14.5424089431763 11.1548557281494
-13.3854389190674 14.2143249511719 11.1548557281494
0 0 1
-2.88675165176392 14.5424089431763 11.1548557281494
-13.7135229110718 14.5424089431763 11.1548557281494
-13.3854389190674 14.2143249511719 11.1548557281494
0 0 1
-13.7135229110718 14.2190237045288 11.1548557281494
-14.1072244644165 14.2190237045288 11.1548557281494
-14.1072244644165 14.2143249511719 11.1548557281494
0 0 1
-13.7135229110718 14.2190237045288 11.1548557281494
-13.3854389190674 14.2143249511719 11.1548557281494
-13.7135229110718 14.5424089431763 11.1548557281494
0 0 1
-3.21450591087341 14.2143249511719 11.1548557281494
-2.88675165176392 14.5374269485474 11.1548557281494
-2.88675165176392 14.5424089431763 11.1548557281494
0 0 1
-14.1072244644165 14.2143249511719 11.1548557281494
-14.1072244644165 14.2190237045288 11.1548557281494
-14.1072244644165 14.2190237045288 0.328083992004395
-1 5.41433564649196E-15 0
-14.1072244644165 14.2190237045288 0.328083992004395
-14.1072244644165 14.2143249511719 0.328083992004395
-14.1072244644165 14.2143249511719 11.1548557281494
-1 5.41433564649196E-15 0
-2.88675165176392 14.5374269485474 7.87401580810547
-2.88675165176392 14.2143249511719 7.87401580810547
-3.21450591087341 14.2143249511719 7.87401580810547
0 0 -1
-13.057354927063 14.5424089431763 7.87401580810547
-3.21450591087341 14.2143249511719 7.87401580810547
-13.057354927063 14.2143249511719 7.87401580810547
0 0 -1
-3.21450591087341 14.2143249511719 7.87401580810547
-13.057354927063 14.5424089431763 7.87401580810547
-2.88675165176392 14.5424089431763 7.87401580810547
0 0 -1
-2.88675165176392 14.5374269485474 7.87401580810547
-3.21450591087341 14.2143249511719 7.87401580810547
-2.88675165176392 14.5424089431763 7.87401580810547
0 0 -1
-13.057354927063 14.2143249511719 7.87401580810547
-13.057354927063 14.2143249511719 0.328083992004395
-13.057354927063 14.5424089431763 0.328083992004395
1 -3.19744231092045E-15 0
-13.057354927063 14.5424089431763 0.328083992004395
-13.057354927063 14.5424089431763 7.87401580810547
-13.057354927063 14.2143249511719 7.87401580810547
1 -3.19744231092045E-15 0
-13.7135229110718 14.2190237045288 0.328083992004395
-14.1072244644165 14.2190237045288 0.328083992004395
-14.1072244644165 14.2190237045288 11.1548557281494
3.17656950436677E-15 1 0
-14.1072244644165 14.2190237045288 11.1548557281494
-13.7135229110718 14.2190237045288 11.1548557281494
-13.7135229110718 14.2190237045288 0.328083992004395
3.17656950436677E-15 1 0
-13.7135229110718 14.2190237045288 11.1548557281494
-13.7135229110718 14.5424089431763 11.1548557281494
-13.7135229110718 14.5424089431763 0.328083992004395
-1 5.41433564649196E-15 0
-13.7135229110718 14.5424089431763 0.328083992004395
-13.7135229110718 14.2190237045288 0.328083992004395
-13.7135229110718 14.2190237045288 11.1548557281494
-1 5.41433564649196E-15 0
[LEVEL]
2F
-23.884126663208 -5.4707145690918 11.1548557281494
-23.884126663208 -5.4707145690918 21.9816265106201
-23.884126663208 0.434797197580338 21.9816265106201
-1 1.70979020415518E-15 0
-23.884126663208 0.434797197580338 21.9816265106201
-23.884126663208 0.434797197580338 11.1548557281494
-23.884126663208 -5.4707145690918 11.1548557281494
-1 1.70979020415518E-15 0
-23.2279586791992 -5.1426305770874 21.9816265106201
-23.2279586791992 -5.4707145690918 21.9816265106201
-23.2279586791992 -5.1426305770874 11.1548557281494
1 -1.70979020415518E-15 0
-23.2279586791992 -5.1426305770874 11.1548557281494
-23.2279586791992 -5.4707145690918 21.9816265106201
-23.2279586791992 -5.4707145690918 11.1548557281494
1 -1.70979020415518E-15 0
-23.2279586791992 -5.1426305770874 11.1548557281494
-23.2279586791992 0.434797197580338 11.1548557281494
-23.2279586791992 0.434797197580338 21.9816265106201
1 -1.70979020415518E-15 0
-23.2279586791992 -5.1426305770874 11.1548557281494
-23.2279586791992 0.434797197580338 21.9816265106201
-23.2279586791992 -5.1426305770874 21.9816265106201
1 -1.70979020415518E-15 0
-23.884126663208 -5.4707145690918 11.1548557281494
-23.884126663208 0.434797197580338 11.1548557281494
-23.2279586791992 -5.1426305770874 11.1548557281494
0 0 -1
-23.2279586791992 0.434797197580338 11.1548557281494
-23.2279586791992 -5.1426305770874 11.1548557281494
-23.884126663208 0.434797197580338 11.1548557281494
0 0 -1
-23.2279586791992 -5.1426305770874 11.1548557281494
-23.2279586791992 -5.4707145690918 11.1548557281494
-23.884126663208 -5.4707145690918 11.1548557281494
0 0 -1
-23.884126663208 -5.4707145690918 11.1548557281494
-23.2279586791992 -5.4707145690918 11.1548557281494
-23.2279586791992 -5.4707145690918 21.9816265106201
-1.35358391162299E-15 -1 0
-23.2279586791992 -5.4707145690918 21.9816265106201
-23.884126663208 -5.4707145690918 21.9816265106201
-23.884126663208 -5.4707145690918 11.1548557281494
-1.35358391162299E-15 -1 0
-23.884126663208 0.434797197580338 21.9816265106201
-23.884126663208 -5.4707145690918 21.9816265106201
-23.2279586791992 -5.1426305770874 21.9816265106201
0 0 1
-23.2279586791992 -5.4707145690918 21.9816265106201
-23.2279586791992 -5.1426305770874 21.9816265106201
-23.884126663208 -5.4707145690918 21.9816265106201
0 0 1
-23.2279586791992 -5.1426305770874 21.9816265106201
-23.2279586791992 0.434797197580338 21.9816265106201
-23.884126663208 0.434797197580338 21.9816265106201
0 0 1
-23.884126663208 0.434797197580338 21.9816265106201
-23.2279586791992 0.434797197580338 21.9816265106201
-23.2279586791992 0.434797197580338 11.1548557281494
1.69197988952874E-15 1 0
-23.2279586791992 0.434797197580338 11.1548557281494
-23.884126663208 0.434797197580338 11.1548557281494
-23.884126663208 0.434797197580338 21.9816265106201
1.69197988952874E-15 1 0
-14.0416069030762 -5.79879856109619 21.9816265106201
-23.2279586791992 -5.79879856109619 11.1548557281494
-14.0416069030762 -5.79879856109619 11.1548557281494
-3.23498041771529E-15 -1 0
-13.3854389190674 -5.79879856109619 21.9816265106201
-14.0416069030762 -5.79879856109619 11.1548557281494
-13.3854389190674 -5.79879856109619 11.1548557281494
-3.23498041771529E-15 -1 0
-23.2279586791992 -5.79879856109619 21.9816265106201
-23.2279586791992 -5.79879856109619 11.1548557281494
-14.0416069030762 -5.79879856109619 21.9816265106201
-3.23498041771529E-15 -1 0
-13.3854389190674 -5.79879856109619 21.9816265106201
12.2049903869629 -5.79879856109619 11.1548557281494
14.5016994476318 -5.79879856109619 18.0446186065674
-3.23498041771529E-15 -1 0
-13.3854389190674 -5.79879856109619 21.9816265106201
-14.0416069030762 -5.79879856109619 21.9816265106201
-14.0416069030762 -5.79879856109619 11.1548557281494
-3.23498041771529E-15 -1 0
14.5016994476318 -5.79879856109619 18.0446186065674
12.2049903869629 -5.79879856109619 11.1548557281494
12.6971158981323 -5.79879856109619 11.1548557281494
-3.23498041771529E-15 -1 0
-13.3854389190674 -5.79879856109619 21.9816265106201
14.5016994476318 -5.79879856109619 18.0446186065674
28.9373950958252 -5.79879856109619 21.9816265106201
-3.23498041771529E-15 -1 0
12.2049903869629 -5.79879856109619 11.1548557281494
-13.3854389190674 -5.79879856109619 21.9816265106201
-13.3854389190674 -5.79879856109619 11.1548557281494
-3.23498041771529E-15 -1 0
12.6971158981323 -5.79879856109619 11.1548557281494
14.5016994476318 -5.79879856109619 11.1548557281494
14.5016994476318 -5.79879856109619 18.0446186065674
-3.23498041771529E-15 -1 0
17.4544563293457 -5.79879856109619 18.0446186065674
17.4544563293457 -5.79879856109619 11.1548557281494
20.8173561096191 -5.79879856109619 11.1548557281494
-3.23498041771529E-15 -1 0
23.0318832397461 -5.79879856109619 18.0446186065674
20.8173561096191 -5.79879856109619 11.1548557281494
21.3094825744629 -5.79879856109619 11.1548557281494
-3.23498041771529E-15 -1 0
23.0318832397461 -5.79879856109619 18.0446186065674
21.3094825744629 -5.79879856109619 11.1548557281494
23.0318832397461 -5.79879856109619 11.1548557281494
-3.23498041771529E-15 -1 0
23.0318832397461 -5.79879856109619 18.0446186065674
28.9373950958252 -5.79879856109619 18.0446186065674
28.9373950958252 -5.79879856109619 21.9816265106201
-3.23498041771529E-15 -1 0
17.4544563293457 -5.79879856109619 18.0446186065674
20.8173561096191 -5.79879856109619 11.1548557281494
23.0318832397461 -5.79879856109619 18.0446186065674
-3.23498041771529E-15 -1 0
23.0318832397461 -5.79879856109619 18.0446186065674
28.9373950958252 -5.79879856109619 21.9816265106201
17.4544563293457 -5.79879856109619 18.0446186065674
-3.23498041771529E-15 -1 0
17.4544563293457 -5.79879856109619 18.0446186065674
28.9373950958252 -5.79879856109619 21.9816265106201
14.5016994476318 -5.79879856109619 18.0446186065674
-3.23498041771529E-15 -1 0
23.0318832397461 -5.1426305770874 18.0446186065674
23.0318832397461 -5.1426305770874 11.1548557281494
17.4544563293457 -5.1426305770874 11.1548557281494
3.23498041771529E-15 1 0
14.5016994476318 -5.1426305770874 18.0446186065674
14.5016994476318 -5.1426305770874 11.1548557281494
13.1893634796143 -5.1426305770874 11.1548557281494
3.23498041771529E-15 1 0
14.5016994476318 -5.1426305770874 18.0446186065674
7.11981010437012 -5.1426305770874 11.1548557281494
7.11981010437012 -5.1426305770874 21.9816265106201
3.23498041771529E-15 1 0
6.79172611236572 -5.1426305770874 21.9816265106201
7.11981010437012 -5.1426305770874 11.1548557281494
6.79172611236572 -5.1426305770874 11.1548557281494
3.23498041771529E-15 1 0
7.11981010437012 -5.1426305770874 11.1548557281494
14.5016994476318 -5.1426305770874 18.0446186065674
13.1893634796143 -5.1426305770874 11.1548557281494
3.23498041771529E-15 1 0
6.79172611236572 -5.1426305770874 21.9816265106201
6.79172611236572 -5.1426305770874 11.1548557281494
2.1985502243042 -5.1426305770874 11.1548557281494
3.23498041771529E-15 1 0
28.9373950958252 -5.1426305770874 21.9816265106201
23.0318832397461 -5.1426305770874 18.0446186065674
14.5016994476318 -5.1426305770874 21.9816265106201
3.23498041771529E-15 1 0
28.9373950958252 -5.1426305770874 21.9816265106201
28.9373950958252 -5.1426305770874 18.0446186065674
23.0318832397461 -5.1426305770874 18.0446186065674
3.23498041771529E-15 1 0
23.0318832397461 -5.1426305770874 18.0446186065674
17.4544563293457 -5.1426305770874 18.0446186065674
14.5016994476318 -5.1426305770874 21.9816265106201
3.23498041771529E-15 1 0
23.0318832397461 -5.1426305770874 18.0446186065674
17.4544563293457 -5.1426305770874 11.1548557281494
17.4544563293457 -5.1426305770874 18.0446186065674
3.23498041771529E-15 1 0
14.5016994476318 -5.1426305770874 21.9816265106201
14.5016994476318 -5.1426305770874 18.0446186065674
13.1893634796143 -5.1426305770874 21.9816265106201
3.23498041771529E-15 1 0
17.4544563293457 -5.1426305770874 18.0446186065674
14.5016994476318 -5.1426305770874 18.0446186065674
14.5016994476318 -5.1426305770874 21.9816265106201
3.23498041771529E-15 1 0
7.11981010437012 -5.1426305770874 21.9816265106201
13.1893634796143 -5.1426305770874 21.9816265106201
14.5016994476318 -5.1426305770874 18.0446186065674
3.23498041771529E-15 1 0
7.11981010437012 -5.1426305770874 11.1548557281494
6.79172611236572 -5.1426305770874 21.9816265106201
7.11981010437012 -5.1426305770874 21.9816265106201
3.23498041771529E-15 1 0
2.1985502243042 -5.1426305770874 11.1548557281494
2.1985502243042 -5.1426305770874 21.9816265106201
6.79172611236572 -5.1426305770874 21.9816265106201
3.23498041771529E-15 1 0
-2.55866765975952 -5.1426305770874 11.1548557281494
-3.21483564376831 -5.1426305770874 11.1548557281494
-2.55866765975952 -5.1426305770874 21.9816265106201
3.23498041771529E-15 1 0
-2.55866765975952 -5.1426305770874 11.1548557281494
-2.55866765975952 -5.1426305770874 21.9816265106201
1.8704662322998 -5.1426305770874 11.1548557281494
3.23498041771529E-15 1 0
-5.51134347915649 -5.1426305770874 11.1548557281494
-3.21483564376831 -5.1426305770874 21.9816265106201
-3.21483564376831 -5.1426305770874 11.1548557281494
3.23498041771529E-15 1 0
-13.3854389190674 -5.1426305770874 11.1548557281494
-14.0416069030762 -5.1426305770874 11.1548557281494
-13.3854389190674 -5.1426305770874 21.9816265106201
3.23498041771529E-15 1 0
-13.3854389190674 -5.1426305770874 11.1548557281494
-6.16751146316528 -5.1426305770874 21.9816265106201
-6.16751146316528 -5.1426305770874 11.1548557281494
3.23498041771529E-15 1 0
-5.51134347915649 -5.1426305770874 21.9816265106201
-5.51134347915649 -5.1426305770874 11.1548557281494
-6.16751146316528 -5.1426305770874 11.1548557281494
3.23498041771529E-15 1 0
-14.0416069030762 -5.1426305770874 21.9816265106201
-14.0416069030762 -5.1426305770874 11.1548557281494
-23.2279586791992 -5.1426305770874 11.1548557281494
3.23498041771529E-15 1 0
2.1985502243042 -5.1426305770874 21.9816265106201
2.1985502243042 -5.1426305770874 11.1548557281494
1.8704662322998 -5.1426305770874 21.9816265106201
3.23498041771529E-15 1 0
-2.55866765975952 -5.1426305770874 21.9816265106201
-3.21483564376831 -5.1426305770874 11.1548557281494
-3.21483564376831 -5.1426305770874 21.9816265106201
3.23498041771529E-15 1 0
1.8704662322998 -5.1426305770874 11.1548557281494
-2.55866765975952 -5.1426305770874 21.9816265106201
1.8704662322998 -5.1426305770874 21.9816265106201
3.23498041771529E-15 1 0
-5.51134347915649 -5.1426305770874 11.1548557281494
-5.51134347915649 -5.1426305770874 21.9816265106201
-3.21483564376831 -5.1426305770874 21.9816265106201
3.23498041771529E-15 1 0
-5.51134347915649 -5.1426305770874 21.9816265106201
-6.16751146316528 -5.1426305770874 11.1548557281494
-6.16751146316528 -5.1426305770874 21.9816265106201
3.23498041771529E-15 1 0
-6.16751146316528 -5.1426305770874 21.9816265106201
-13.3854389190674 -5.1426305770874 11.1548557281494
-13.3854389190674 -5.1426305770874 21.9816265106201
3.23498041771529E-15 1 0
-14.0416069030762 -5.1426305770874 21.9816265106201
-13.3854389190674 -5.1426305770874 21.9816265106201
-14.0416069030762 -5.1426305770874 11.1548557281494
3.23498041771529E-15 1 0
-23.2279586791992 -5.1426305770874 11.1548557281494
-23.2279586791992 -5.1426305770874 21.9816265106201
-14.0416069030762 -5.1426305770874 21.9816265106201
3.23498041771529E-15 1 0
1.8704662322998 -5.1426305770874 21.9816265106201
2.1985502243042 -5.1426305770874 11.1548557281494
1.8704662322998 -5.1426305770874 11.1548557281494
3.23498041771529E-15 1 0
-14.0416069030762 -5.79879856109619 11.1548557281494
-23.2279586791992 -5.79879856109619 11.1548557281494
-23.2279586791992 -5.4707145690918 11.1548557281494
0 0 -1
-13.3854389190674 -5.79879856109619 11.1548557281494
-3.21483564376831 -5.1426305770874 11.1548557281494
-2.55866765975952 -5.1426305770874 11.1548557281494
0 0 -1
-14.0416069030762 -5.79879856109619 11.1548557281494
-14.0416069030762 -5.1426305770874 11.1548557281494
-13.3854389190674 -5.79879856109619 11.1548557281494
0 0 -1
-14.0416069030762 -5.1426305770874 11.1548557281494
-14.0416069030762 -5.79879856109619 11.1548557281494
-23.2279586791992 -5.4707145690918 11.1548557281494
0 0 -1
-13.3854389190674 -5.79879856109619 11.1548557281494
-2.55866765975952 -5.1426305770874 11.1548557281494
12.2049903869629 -5.79879856109619 11.1548557281494
0 0 -1
13.1893634796143 -5.1426305770874 11.1548557281494
14.5016994476318 -5.79879856109619 11.1548557281494
12.6971158981323 -5.79879856109619 11.1548557281494
0 0 -1
12.2049903869629 -5.79879856109619 11.1548557281494
1.8704662322998 -5.1426305770874 11.1548557281494
2.1985502243042 -5.1426305770874 11.1548557281494
0 0 -1
1.8704662322998 -5.1426305770874 11.1548557281494
12.2049903869629 -5.79879856109619 11.1548557281494
-2.55866765975952 -5.1426305770874 11.1548557281494
0 0 -1
12.6971158981323 -5.79879856109619 11.1548557281494
12.2049903869629 -5.79879856109619 11.1548557281494
13.1893634796143 -5.1426305770874 11.1548557281494
0 0 -1
2.1985502243042 -5.1426305770874 11.1548557281494
6.79172611236572 -5.1426305770874 11.1548557281494
12.2049903869629 -5.79879856109619 11.1548557281494
0 0 -1
-5.51134347915649 -5.1426305770874 11.1548557281494
-13.3854389190674 -5.79879856109619 11.1548557281494
-6.16751146316528 -5.1426305770874 11.1548557281494
0 0 -1
-13.3854389190674 -5.79879856109619 11.1548557281494
-13.3854389190674 -5.1426305770874 11.1548557281494
-6.16751146316528 -5.1426305770874 11.1548557281494
0 0 -1
-13.3854389190674 -5.1426305770874 11.1548557281494
-13.3854389190674 -5.79879856109619 11.1548557281494
-14.0416069030762 -5.1426305770874 11.1548557281494
0 0 -1
-3.21483564376831 -5.1426305770874 11.1548557281494
-13.3854389190674 -5.79879856109619 11.1548557281494
-5.51134347915649 -5.1426305770874 11.1548557281494
0 0 -1
12.2049903869629 -5.79879856109619 11.1548557281494
6.79172611236572 -5.1426305770874 11.1548557281494
7.11981010437012 -5.1426305770874 11.1548557281494
0 0 -1
14.5016994476318 -5.1426305770874 11.1548557281494
14.5016994476318 -5.79879856109619 11.1548557281494
13.1893634796143 -5.1426305770874 11.1548557281494
0 0 -1
12.2049903869629 -5.79879856109619 11.1548557281494
7.11981010437012 -5.1426305770874 11.1548557281494
13.1893634796143 -5.1426305770874 11.1548557281494
0 0 -1
-14.0416069030762 -5.1426305770874 11.1548557281494
-23.2279586791992 -5.4707145690918 11.1548557281494
-23.2279586791992 -5.1426305770874 11.1548557281494
0 0 -1
23.0318832397461 -5.1426305770874 11.1548557281494
23.0318832397461 -5.79879856109619 11.1548557281494
21.3094825744629 -5.79879856109619 11.1548557281494
0 0 -1
23.0318832397461 -5.1426305770874 11.1548557281494
21.3094825744629 -5.79879856109619 11.1548557281494
20.8173561096191 -5.79879856109619 11.1548557281494
0 0 -1
17.4544563293457 -5.1426305770874 11.1548557281494
23.0318832397461 -5.1426305770874 11.1548557281494
20.8173561096191 -5.79879856109619 11.1548557281494
0 0 -1
17.4544563293457 -5.1426305770874 11.1548557281494
20.8173561096191 -5.79879856109619 11.1548557281494
17.4544563293457 -5.79879856109619 11.1548557281494
0 0 -1
28.9373950958252 -5.79879856109619 21.9816265106201
28.9373950958252 -5.79879856109619 18.0446186065674
28.9373950958252 -5.1426305770874 18.0446186065674
1 -5.41433564649196E-15 0
28.9373950958252 -5.1426305770874 18.0446186065674
28.9373950958252 -5.1426305770874 21.9816265106201
28.9373950958252 -5.79879856109619 21.9816265106201
1 -5.41433564649196E-15 0
-13.3854389190674 -5.79879856109619 21.9816265106201
6.79172611236572 -5.1426305770874 21.9816265106201
2.1985502243042 -5.1426305770874 21.9816265106201
0 0 1
7.11981010437012 -5.1426305770874 21.9816265106201
6.79172611236572 -5.1426305770874 21.9816265106201
-13.3854389190674 -5.79879856109619 21.9816265106201
0 0 1
28.9373950958252 -5.79879856109619 21.9816265106201
7.11981010437012 -5.1426305770874 21.9816265106201
-13.3854389190674 -5.79879856109619 21.9816265106201
0 0 1
28.9373950958252 -5.79879856109619 21.9816265106201
13.1893634796143 -5.1426305770874 21.9816265106201
7.11981010437012 -5.1426305770874 21.9816265106201
0 0 1
-23.2279586791992 -5.79879856109619 21.9816265106201
-14.0416069030762 -5.79879856109619 21.9816265106201
-23.2279586791992 -5.4707145690918 21.9816265106201
0 0 1
-14.0416069030762 -5.1426305770874 21.9816265106201
-14.0416069030762 -5.79879856109619 21.9816265106201
-13.3854389190674 -5.79879856109619 21.9816265106201
0 0 1
1.8704662322998 -5.1426305770874 21.9816265106201
-13.3854389190674 -5.79879856109619 21.9816265106201
2.1985502243042 -5.1426305770874 21.9816265106201
0 0 1
-2.55866765975952 -5.1426305770874 21.9816265106201
-13.3854389190674 -5.79879856109619 21.9816265106201
1.8704662322998 -5.1426305770874 21.9816265106201
0 0 1
-14.0416069030762 -5.79879856109619 21.9816265106201
-14.0416069030762 -5.1426305770874 21.9816265106201
-23.2279586791992 -5.4707145690918 21.9816265106201
0 0 1
-3.21483564376831 -5.1426305770874 21.9816265106201
-5.51134347915649 -5.1426305770874 21.9816265106201
-13.3854389190674 -5.79879856109619 21.9816265106201
0 0 1
28.9373950958252 -5.79879856109619 21.9816265106201
14.5016994476318 -5.1426305770874 21.9816265106201
13.1893634796143 -5.1426305770874 21.9816265106201
0 0 1
28.9373950958252 -5.1426305770874 21.9816265106201
14.5016994476318 -5.1426305770874 21.9816265106201
28.9373950958252 -5.79879856109619 21.9816265106201
0 0 1
-13.3854389190674 -5.1426305770874 21.9816265106201
-13.3854389190674 -5.79879856109619 21.9816265106201
-6.16751146316528 -5.1426305770874 21.9816265106201
0 0 1
-23.2279586791992 -5.4707145690918 21.9816265106201
-14.0416069030762 -5.1426305770874 21.9816265106201
-23.2279586791992 -5.1426305770874 21.9816265106201
0 0 1
-13.3854389190674 -5.1426305770874 21.9816265106201
-14.0416069030762 -5.1426305770874 21.9816265106201
-13.3854389190674 -5.79879856109619 21.9816265106201
0 0 1
-6.16751146316528 -5.1426305770874 21.9816265106201
-13.3854389190674 -5.79879856109619 21.9816265106201
-5.51134347915649 -5.1426305770874 21.9816265106201
0 0 1
-13.3854389190674 -5.79879856109619 21.9816265106201
-2.55866765975952 -5.1426305770874 21.9816265106201
-3.21483564376831 -5.1426305770874 21.9816265106201
0 0 1
-23.2279586791992 -5.4707145690918 11.1548557281494
-23.2279586791992 -5.79879856109619 11.1548557281494
-23.2279586791992 -5.79879856109619 21.9816265106201
-1 2.70716782324847E-15 0
-23.2279586791992 -5.4707145690918 21.9816265106201
-23.2279586791992 -5.4707145690918 11.1548557281494
-23.2279586791992 -5.79879856109619 21.9816265106201
-1 2.70716782324847E-15 0
-23.2279586791992 -5.4707145690918 21.9816265106201
-23.2279586791992 -5.1426305770874 21.9816265106201
-23.2279586791992 -5.4707145690918 11.1548557281494
-1 2.70716782324847E-15 0
-23.2279586791992 -5.1426305770874 11.1548557281494
-23.2279586791992 -5.4707145690918 11.1548557281494
-23.2279586791992 -5.1426305770874 21.9816265106201
-1 2.70716782324847E-15 0
17.4544563293457 -5.1426305770874 18.0446186065674
17.4544563293457 -5.1426305770874 11.1548557281494
17.4544563293457 -5.79879856109619 11.1548557281494
-1 3.19744231092045E-15 0
17.4544563293457 -5.79879856109619 11.1548557281494
17.4544563293457 -5.79879856109619 18.0446186065674
17.4544563293457 -5.1426305770874 18.0446186065674
-1 3.19744231092045E-15 0
17.4544563293457 -5.79879856109619 18.0446186065674
14.5016994476318 -5.79879856109619 18.0446186065674
14.5016994476318 -5.1426305770874 18.0446186065674
0 0 -1
14.5016994476318 -5.1426305770874 18.0446186065674
17.4544563293457 -5.1426305770874 18.0446186065674
17.4544563293457 -5.79879856109619 18.0446186065674
0 0 -1
14.5016994476318 -5.79879856109619 18.0446186065674
14.5016994476318 -5.79879856109619 11.1548557281494
14.5016994476318 -5.1426305770874 11.1548557281494
1 -3.19744231092045E-15 0
14.5016994476318 -5.1426305770874 11.1548557281494
14.5016994476318 -5.1426305770874 18.0446186065674
14.5016994476318 -5.79879856109619 18.0446186065674
1 -3.19744231092045E-15 0
23.0318832397461 -5.1426305770874 18.0446186065674
28.9373950958252 -5.1426305770874 18.0446186065674
28.9373950958252 -5.79879856109619 18.0446186065674
0 0 -1
28.9373950958252 -5.79879856109619 18.0446186065674
23.0318832397461 -5.79879856109619 18.0446186065674
23.0318832397461 -5.1426305770874 18.0446186065674
0 0 -1
23.0318832397461 -5.79879856109619 18.0446186065674
23.0318832397461 -5.79879856109619 11.1548557281494
23.0318832397461 -5.1426305770874 11.1548557281494
1 -3.19744231092045E-15 0
23.0318832397461 -5.1426305770874 11.1548557281494
23.0318832397461 -5.1426305770874 18.0446186065674
23.0318832397461 -5.79879856109619 18.0446186065674
1 -3.19744231092045E-15 0
13.845531463623 -4.48646259307861 11.1548557281494
13.845531463623 6.10550689697266 11.1548557281494
13.845531463623 6.10550689697266 18.0446186065674
1 -1.63451642158245E-15 0
13.845531463623 -4.48646259307861 21.9816265106201
13.845531463623 6.10550689697266 18.0446186065674
13.845531463623 12.9019889831543 21.9816265106201
1 -1.63451642158245E-15 0
13.845531463623 6.10550689697266 18.0446186065674
13.845531463623 -4.48646259307861 21.9816265106201
13.845531463623 -4.48646259307861 11.1548557281494
1 -1.63451642158245E-15 0
13.845531463623 9.05826282501221 11.1548557281494
13.845531463623 12.9019889831543 11.1548557281494
13.845531463623 9.05826282501221 18.0446186065674
1 -1.63451642158245E-15 0
13.845531463623 9.05826282501221 18.0446186065674
13.845531463623 12.9019889831543 21.9816265106201
13.845531463623 6.10550689697266 18.0446186065674
1 -1.63451642158245E-15 0
13.845531463623 12.9019889831543 21.9816265106201
13.845531463623 9.05826282501221 18.0446186065674
13.845531463623 12.9019889831543 11.1548557281494
1 -1.63451642158245E-15 0
13.1893634796143 12.9019889831543 11.1548557281494
13.1893634796143 9.05826282501221 11.1548557281494
13.1893634796143 9.05826282501221 18.0446186065674
-1 1.63451642158245E-15 0
13.1893634796143 12.9019889831543 21.9816265106201
13.1893634796143 9.05826282501221 18.0446186065674
13.1893634796143 6.10550689697266 18.0446186065674
-1 1.63451642158245E-15 0
13.1893634796143 9.05826282501221 18.0446186065674
13.1893634796143 12.9019889831543 21.9816265106201
13.1893634796143 12.9019889831543 11.1548557281494
-1 1.63451642158245E-15 0
13.1893634796143 6.10550689697266 11.1548557281494
13.1893634796143 -4.48646259307861 11.1548557281494
13.1893634796143 6.10550689697266 18.0446186065674
-1 1.63451642158245E-15 0
13.1893634796143 6.10550689697266 18.0446186065674
13.1893634796143 -4.48646259307861 21.9816265106201
13.1893634796143 12.9019889831543 21.9816265106201
-1 1.63451642158245E-15 0
13.1893634796143 -4.48646259307861 21.9816265106201
13.1893634796143 6.10550689697266 18.0446186065674
13.1893634796143 -4.48646259307861 11.1548557281494
-1 1.63451642158245E-15 0
13.845531463623 12.9019889831543 11.1548557281494
13.845531463623 9.05826282501221 11.1548557281494
13.1893634796143 12.9019889831543 11.1548557281494
0 0 -1
13.1893634796143 9.05826282501221 11.1548557281494
13.1893634796143 12.9019889831543 11.1548557281494
13.845531463623 9.05826282501221 11.1548557281494
0 0 -1
13.845531463623 6.10550689697266 11.1548557281494
13.845531463623 -4.48646259307861 11.1548557281494
13.1893634796143 -4.48646259307861 11.1548557281494
0 0 -1
13.1893634796143 -4.48646259307861 11.1548557281494
13.1893634796143 6.10550689697266 11.1548557281494
13.845531463623 6.10550689697266 11.1548557281494
0 0 -1
13.845531463623 12.9019889831543 11.1548557281494
13.1893634796143 12.9019889831543 11.1548557281494
13.1893634796143 12.9019889831543 21.9816265106201
8.12150346973795E-15 1 0
13.1893634796143 12.9019889831543 21.9816265106201
13.845531463623 12.9019889831543 21.9816265106201
13.845531463623 12.9019889831543 11.1548557281494
8.12150346973795E-15 1 0
13.845531463623 12.9019889831543 21.9816265106201
13.1893634796143 12.9019889831543 21.9816265106201
13.1893634796143 -4.48646259307861 21.9816265106201
0 0 1
13.1893634796143 -4.48646259307861 21.9816265106201
13.845531463623 -4.48646259307861 21.9816265106201
13.845531463623 12.9019889831543 21.9816265106201
0 0 1
13.845531463623 -4.48646259307861 21.9816265106201
13.1893634796143 -4.48646259307861 21.9816265106201
13.1893634796143 -4.48646259307861 11.1548557281494
-1.35358391162299E-15 -1 0
13.1893634796143 -4.48646259307861 11.1548557281494
13.845531463623 -4.48646259307861 11.1548557281494
13.845531463623 -4.48646259307861 21.9816265106201
-1.35358391162299E-15 -1 0
13.845531463623 6.10550689697266 18.0446186065674
13.845531463623 6.10550689697266 11.1548557281494
13.1893634796143 6.10550689697266 11.1548557281494
1.59872115546023E-15 1 0
13.1893634796143 6.10550689697266 11.1548557281494
13.1893634796143 6.10550689697266 18.0446186065674
13.845531463623 6.10550689697266 18.0446186065674
1.59872115546023E-15 1 0
13.1893634796143 6.10550689697266 18.0446186065674
13.1893634796143 9.05826282501221 18.0446186065674
13.845531463623 9.05826282501221 18.0446186065674
0 0 -1
13.845531463623 9.05826282501221 18.0446186065674
13.845531463623 6.10550689697266 18.0446186065674
13.1893634796143 6.10550689697266 18.0446186065674
0 0 -1
13.1893634796143 9.05826282501221 18.0446186065674
13.1893634796143 9.05826282501221 11.1548557281494
13.845531463623 9.05826282501221 11.1548557281494
-1.59872115546023E-15 -1 0
13.845531463623 9.05826282501221 11.1548557281494
13.845531463623 9.05826282501221 18.0446186065674
13.1893634796143 9.05826282501221 18.0446186065674
-1.59872115546023E-15 -1 0
-2.55866765975952 -2.68200063705444 21.9816265106201
-2.55866765975952 -5.1426305770874 11.1548557281494
-2.55866765975952 -2.68200063705444 11.1548557281494
1 -1.6243006939476E-15 0
-2.55866765975952 -2.35391664505005 21.9816265106201
-2.55866765975952 -2.68200063705444 11.1548557281494
-2.55866765975952 -2.35391664505005 11.1548557281494
1 -1.6243006939476E-15 0
-2.55866765975952 -5.1426305770874 11.1548557281494
-2.55866765975952 -2.68200063705444 21.9816265106201
-2.55866765975952 -5.1426305770874 21.9816265106201
1 -1.6243006939476E-15 0
-2.55866765975952 -2.68200063705444 21.9816265106201
-2.55866765975952 -2.68200063705444 11.1548557281494
-2.55866765975952 -2.35391664505005 21.9816265106201
1 -1.6243006939476E-15 0
-2.55866765975952 -2.35391664505005 11.1548557281494
-2.55866765975952 6.04503345489502 18.0446186065674
-2.55866765975952 -2.35391664505005 21.9816265106201
1 -1.6243006939476E-15 0
-2.55866765975952 8.99778938293457 18.0446186065674
-2.55866765975952 8.99778938293457 11.1548557281494
-2.55866765975952 12.9019889831543 11.1548557281494
1 -1.6243006939476E-15 0
-2.55866765975952 6.04503345489502 18.0446186065674
-2.55866765975952 8.99778938293457 18.0446186065674
-2.55866765975952 12.9019889831543 21.9816265106201
1 -1.6243006939476E-15 0
-2.55866765975952 12.9019889831543 21.9816265106201
-2.55866765975952 8.99778938293457 18.0446186065674
-2.55866765975952 12.9019889831543 11.1548557281494
1 -1.6243006939476E-15 0
-2.55866765975952 6.04503345489502 18.0446186065674
-2.55866765975952 12.9019889831543 21.9816265106201
-2.55866765975952 -2.35391664505005 21.9816265106201
1 -1.6243006939476E-15 0
-2.55866765975952 6.04503345489502 11.1548557281494
-2.55866765975952 6.04503345489502 18.0446186065674
-2.55866765975952 -2.35391664505005 11.1548557281494
1 -1.6243006939476E-15 0
-3.21483564376831 8.99778938293457 18.0446186065674
-3.21483564376831 12.9019889831543 11.1548557281494
-3.21483564376831 8.99778938293457 11.1548557281494
-1 1.6243006939476E-15 0
-3.21483564376831 2.56734323501587 21.9816265106201
-3.21483564376831 12.9019889831543 21.9816265106201
-3.21483564376831 8.99778938293457 18.0446186065674
-1 1.6243006939476E-15 0
-3.21483564376831 8.99778938293457 18.0446186065674
-3.21483564376831 12.9019889831543 21.9816265106201
-3.21483564376831 12.9019889831543 11.1548557281494
-1 1.6243006939476E-15 0
-3.21483564376831 2.56734323501587 21.9816265106201
-3.21483564376831 8.99778938293457 18.0446186065674
-3.21483564376831 6.04503345489502 18.0446186065674
-1 1.6243006939476E-15 0
-3.21483564376831 6.04503345489502 11.1548557281494
-3.21483564376831 2.56734323501587 11.1548557281494
-3.21483564376831 6.04503345489502 18.0446186065674
-1 1.6243006939476E-15 0
-3.21483564376831 1.91117513179779 11.1548557281494
-3.21483564376831 -5.1426305770874 11.1548557281494
-3.21483564376831 1.91117513179779 21.9816265106201
-1 1.6243006939476E-15 0
-3.21483564376831 1.91117513179779 11.1548557281494
-3.21483564376831 1.91117513179779 21.9816265106201
-3.21483564376831 6.04503345489502 18.0446186065674
-1 1.6243006939476E-15 0
-3.21483564376831 2.56734323501587 21.9816265106201
-3.21483564376831 6.04503345489502 18.0446186065674
-3.21483564376831 1.91117513179779 21.9816265106201
-1 1.6243006939476E-15 0
-3.21483564376831 -5.1426305770874 21.9816265106201
-3.21483564376831 1.91117513179779 21.9816265106201
-3.21483564376831 -5.1426305770874 11.1548557281494
-1 1.6243006939476E-15 0
-3.21483564376831 6.04503345489502 18.0446186065674
-3.21483564376831 2.56734323501587 11.1548557281494
-3.21483564376831 1.91117513179779 11.1548557281494
-1 1.6243006939476E-15 0
-2.55866765975952 -2.35391664505005 11.1548557281494
-2.55866765975952 -2.68200063705444 11.1548557281494
-3.21483564376831 -5.1426305770874 11.1548557281494
0 0 -1
-3.21483564376831 1.91117513179779 11.1548557281494
-2.55866765975952 6.04503345489502 11.1548557281494
-2.55866765975952 -2.35391664505005 11.1548557281494
0 0 -1
-3.21483564376831 -5.1426305770874 11.1548557281494
-2.55866765975952 -2.68200063705444 11.1548557281494
-2.55866765975952 -5.1426305770874 11.1548557281494
0 0 -1
-3.21483564376831 1.91117513179779 11.1548557281494
-3.21483564376831 2.56734323501587 11.1548557281494
-2.55866765975952 6.04503345489502 11.1548557281494
0 0 -1
-3.21483564376831 2.56734323501587 11.1548557281494
-3.21483564376831 6.04503345489502 11.1548557281494
-2.55866765975952 6.04503345489502 11.1548557281494
0 0 -1
-3.21483564376831 1.91117513179779 11.1548557281494
-2.55866765975952 -2.35391664505005 11.1548557281494
-3.21483564376831 -5.1426305770874 11.1548557281494
0 0 -1
-2.55866765975952 12.9019889831543 11.1548557281494
-2.55866765975952 8.99778938293457 11.1548557281494
-3.21483564376831 8.99778938293457 11.1548557281494
0 0 -1
-3.21483564376831 8.99778938293457 11.1548557281494
-3.21483564376831 12.9019889831543 11.1548557281494
-2.55866765975952 12.9019889831543 11.1548557281494
0 0 -1
-2.55866765975952 12.9019889831543 11.1548557281494
-3.21483564376831 12.9019889831543 11.1548557281494
-3.21483564376831 12.9019889831543 21.9816265106201
2.70716782324598E-15 1 0
-3.21483564376831 12.9019889831543 21.9816265106201
-2.55866765975952 12.9019889831543 21.9816265106201
-2.55866765975952 12.9019889831543 11.1548557281494
2.70716782324598E-15 1 0
-2.55866765975952 -2.35391664505005 21.9816265106201
-2.55866765975952 12.9019889831543 21.9816265106201
-3.21483564376831 2.56734323501587 21.9816265106201
0 0 1
-3.21483564376831 -5.1426305770874 21.9816265106201
-2.55866765975952 -5.1426305770874 21.9816265106201
-2.55866765975952 -2.68200063705444 21.9816265106201
0 0 1
-2.55866765975952 -2.68200063705444 21.9816265106201
-2.55866765975952 -2.35391664505005 21.9816265106201
-3.21483564376831 -5.1426305770874 21.9816265106201
0 0 1
-3.21483564376831 12.9019889831543 21.9816265106201
-3.21483564376831 2.56734323501587 21.9816265106201
-2.55866765975952 12.9019889831543 21.9816265106201
0 0 1
-3.21483564376831 -5.1426305770874 21.9816265106201
-2.55866765975952 -2.35391664505005 21.9816265106201
-3.21483564376831 1.91117513179779 21.9816265106201
0 0 1
-3.21483564376831 1.91117513179779 21.9816265106201
-2.55866765975952 -2.35391664505005 21.9816265106201
-3.21483564376831 2.56734323501587 21.9816265106201
0 0 1
-2.55866765975952 -5.1426305770874 21.9816265106201
-3.21483564376831 -5.1426305770874 21.9816265106201
-3.21483564376831 -5.1426305770874 11.1548557281494
-3.23498041771529E-15 -1 0
-3.21483564376831 -5.1426305770874 11.1548557281494
-2.55866765975952 -5.1426305770874 11.1548557281494
-2.55866765975952 -5.1426305770874 21.9816265106201
-3.23498041771529E-15 -1 0
-2.55866765975952 6.04503345489502 18.0446186065674
-2.55866765975952 6.04503345489502 11.1548557281494
-3.21483564376831 6.04503345489502 11.1548557281494
1.59872115546023E-15 1 0
-3.21483564376831 6.04503345489502 11.1548557281494
-3.21483564376831 6.04503345489502 18.0446186065674
-2.55866765975952 6.04503345489502 18.0446186065674
1.59872115546023E-15 1 0
-3.21483564376831 6.04503345489502 18.0446186065674
-3.21483564376831 8.99778938293457 18.0446186065674
-2.55866765975952 8.99778938293457 18.0446186065674
0 0 -1
-2.55866765975952 8.99778938293457 18.0446186065674
-2.55866765975952 6.04503345489502 18.0446186065674
-3.21483564376831 6.04503345489502 18.0446186065674
0 0 -1
-3.21483564376831 8.99778938293457 18.0446186065674
-3.21483564376831 8.99778938293457 11.1548557281494
-2.55866765975952 8.99778938293457 11.1548557281494
-1.59872115546023E-15 -1 0
-2.55866765975952 8.99778938293457 11.1548557281494
-2.55866765975952 8.99778938293457 18.0446186065674
-3.21483564376831 8.99778938293457 18.0446186065674
-1.59872115546023E-15 -1 0
-5.51134347915649 1.91117513179779 11.1548557281494
-5.51134347915649 1.91117513179779 21.9816265106201
-5.51134347915649 -5.1426305770874 21.9816265106201
1 -1.61278083086996E-15 0
-5.51134347915649 -5.1426305770874 21.9816265106201
-5.51134347915649 -5.1426305770874 11.1548557281494
-5.51134347915649 1.91117513179779 11.1548557281494
1 -1.61278083086996E-15 0
-6.16751146316528 -5.1426305770874 21.9816265106201
-6.16751146316528 1.91117513179779 21.9816265106201
-6.16751146316528 1.91117513179779 11.1548557281494
-1 1.61278083086996E-15 0
-6.16751146316528 1.91117513179779 11.1548557281494
-6.16751146316528 -5.1426305770874 11.1548557281494
-6.16751146316528 -5.1426305770874 21.9816265106201
-1 1.61278083086996E-15 0
-5.51134347915649 -5.1426305770874 11.1548557281494
-6.16751146316528 -5.1426305770874 11.1548557281494
-6.16751146316528 1.91117513179779 11.1548557281494
0 0 -1
-6.16751146316528 1.91117513179779 11.1548557281494
-5.51134347915649 1.91117513179779 11.1548557281494
-5.51134347915649 -5.1426305770874 11.1548557281494
0 0 -1
-5.51134347915649 1.91117513179779 21.9816265106201
-6.16751146316528 1.91117513179779 21.9816265106201
-6.16751146316528 -5.1426305770874 21.9816265106201
0 0 1
-6.16751146316528 -5.1426305770874 21.9816265106201
-5.51134347915649 -5.1426305770874 21.9816265106201
-5.51134347915649 1.91117513179779 21.9816265106201
0 0 1
-5.51134347915649 -5.1426305770874 21.9816265106201
-6.16751146316528 -5.1426305770874 21.9816265106201
-6.16751146316528 -5.1426305770874 11.1548557281494
-3.23498041771529E-15 -1 0
-6.16751146316528 -5.1426305770874 11.1548557281494
-5.51134347915649 -5.1426305770874 11.1548557281494
-5.51134347915649 -5.1426305770874 21.9816265106201
-3.23498041771529E-15 -1 0
-5.51134347915649 1.91117513179779 11.1548557281494
-6.16751146316528 1.91117513179779 11.1548557281494
-6.16751146316528 1.91117513179779 21.9816265106201
3.24039784903684E-15 1 0
-6.16751146316528 1.91117513179779 21.9816265106201
-5.51134347915649 1.91117513179779 21.9816265106201
-5.51134347915649 1.91117513179779 11.1548557281494
3.24039784903684E-15 1 0
-3.21483564376831 2.56734323501587 11.1548557281494
-11.5809774398804 2.56734323501587 11.1548557281494
-3.21483564376831 2.56734323501587 21.9816265106201
3.24039784903684E-15 1 0
-11.5809774398804 2.56734323501587 21.9816265106201
-3.21483564376831 2.56734323501587 21.9816265106201
-11.5809774398804 2.56734323501587 11.1548557281494
3.24039784903684E-15 1 0
-11.5809774398804 2.56734323501587 11.1548557281494
-11.9090614318848 2.56734323501587 21.9816265106201
-11.5809774398804 2.56734323501587 21.9816265106201
3.24039784903684E-15 1 0
-11.9090614318848 2.56734323501587 11.1548557281494
-13.3854389190674 2.56734323501587 11.1548557281494
-11.9090614318848 2.56734323501587 21.9816265106201
3.24039784903684E-15 1 0
-13.3854389190674 2.56734323501587 21.9816265106201
-11.9090614318848 2.56734323501587 21.9816265106201
-13.3854389190674 2.56734323501587 11.1548557281494
3.24039784903684E-15 1 0
-11.9090614318848 2.56734323501587 11.1548557281494
-11.9090614318848 2.56734323501587 21.9816265106201
-11.5809774398804 2.56734323501587 11.1548557281494
3.24039784903684E-15 1 0
-13.3854389190674 1.91117513179779 11.1548557281494
-6.16751146316528 1.91117513179779 11.1548557281494
-13.3854389190674 1.91117513179779 21.9816265106201
-3.24039784903684E-15 -1 0
-6.16751146316528 1.91117513179779 21.9816265106201
-13.3854389190674 1.91117513179779 21.9816265106201
-6.16751146316528 1.91117513179779 11.1548557281494
-3.24039784903684E-15 -1 0
-6.16751146316528 1.91117513179779 11.1548557281494
-5.51134347915649 1.91117513179779 21.9816265106201
-6.16751146316528 1.91117513179779 21.9816265106201
-3.24039784903684E-15 -1 0
-5.51134347915649 1.91117513179779 11.1548557281494
-3.21483564376831 1.91117513179779 11.1548557281494
-3.21483564376831 1.91117513179779 21.9816265106201
-3.24039784903684E-15 -1 0
-3.21483564376831 1.91117513179779 21.9816265106201
-5.51134347915649 1.91117513179779 21.9816265106201
-5.51134347915649 1.91117513179779 11.1548557281494
-3.24039784903684E-15 -1 0
-5.51134347915649 1.91117513179779 11.1548557281494
-5.51134347915649 1.91117513179779 21.9816265106201
-6.16751146316528 1.91117513179779 11.1548557281494
-3.24039784903684E-15 -1 0
-11.5809774398804 2.56734323501587 11.1548557281494
-3.21483564376831 2.56734323501587 11.1548557281494
-6.16751146316528 1.91117513179779 11.1548557281494
0 0 -1
-13.3854389190674 1.91117513179779 11.1548557281494
-13.3854389190674 2.56734323501587 11.1548557281494
-11.9090614318848 2.56734323501587 11.1548557281494
0 0 -1
-11.9090614318848 2.56734323501587 11.1548557281494
-11.5809774398804 2.56734323501587 11.1548557281494
-13.3854389190674 1.91117513179779 11.1548557281494
0 0 -1
-5.51134347915649 1.91117513179779 11.1548557281494
-6.16751146316528 1.91117513179779 11.1548557281494
-3.21483564376831 2.56734323501587 11.1548557281494
0 0 -1
-6.16751146316528 1.91117513179779 11.1548557281494
-13.3854389190674 1.91117513179779 11.1548557281494
-11.5809774398804 2.56734323501587 11.1548557281494
0 0 -1
-5.51134347915649 1.91117513179779 11.1548557281494
-3.21483564376831 2.56734323501587 11.1548557281494
-3.21483564376831 1.91117513179779 11.1548557281494
0 0 -1
-11.5809774398804 2.56734323501587 21.9816265106201
-11.9090614318848 2.56734323501587 21.9816265106201
-13.3854389190674 1.91117513179779 21.9816265106201
0 0 1
-3.21483564376831 2.56734323501587 21.9816265106201
-11.5809774398804 2.56734323501587 21.9816265106201
-6.16751146316528 1.91117513179779 21.9816265106201
0 0 1
-11.9090614318848 2.56734323501587 21.9816265106201
-13.3854389190674 2.56734323501587 21.9816265106201
-13.3854389190674 1.91117513179779 21.9816265106201
0 0 1
-13.3854389190674 1.91117513179779 21.9816265106201
-6.16751146316528 1.91117513179779 21.9816265106201
-11.5809774398804 2.56734323501587 21.9816265106201
0 0 1
-3.21483564376831 1.91117513179779 21.9816265106201
-3.21483564376831 2.56734323501587 21.9816265106201
-5.51134347915649 1.91117513179779 21.9816265106201
0 0 1
-5.51134347915649 1.91117513179779 21.9816265106201
-3.21483564376831 2.56734323501587 21.9816265106201
-6.16751146316528 1.91117513179779 21.9816265106201
0 0 1
-3.21483564376831 2.56734323501587 21.9816265106201
-3.21483564376831 1.91117513179779 21.9816265106201
-3.21483564376831 1.91117513179779 11.1548557281494
1 -1.6243006939476E-15 0
-3.21483564376831 1.91117513179779 11.1548557281494
-3.21483564376831 2.56734323501587 11.1548557281494
-3.21483564376831 2.56734323501587 21.9816265106201
1 -1.6243006939476E-15 0
-13.3854389190674 2.56734323501587 11.1548557281494
-13.3854389190674 1.91117513179779 11.1548557281494
-13.3854389190674 1.91117513179779 21.9816265106201
-1 1.61480185948008E-15 0
-13.3854389190674 1.91117513179779 21.9816265106201
-13.3854389190674 2.56734323501587 21.9816265106201
-13.3854389190674 2.56734323501587 11.1548557281494
-1 1.61480185948008E-15 0
-13.3854389190674 -5.1426305770874 11.1548557281494
-13.3854389190674 1.91117513179779 11.1548557281494
-13.3854389190674 1.91117513179779 21.9816265106201
1 -1.61480185948008E-15 0
-13.3854389190674 -5.1426305770874 21.9816265106201
-13.3854389190674 -5.1426305770874 11.1548557281494
-13.3854389190674 1.91117513179779 21.9816265106201
1 -1.61480185948008E-15 0
-13.3854389190674 9.94923305511475 18.0446186065674
-13.3854389190674 2.56734323501587 21.9816265106201
-13.3854389190674 2.56734323501587 11.1548557281494
1 -1.61480185948008E-15 0
-13.3854389190674 2.56734323501587 11.1548557281494
-13.3854389190674 2.56734323501587 21.9816265106201
-13.3854389190674 1.91117513179779 21.9816265106201
1 -1.61480185948008E-15 0
-13.3854389190674 1.91117513179779 11.1548557281494
-13.3854389190674 2.56734323501587 11.1548557281494
-13.3854389190674 1.91117513179779 21.9816265106201
1 -1.61480185948008E-15 0
-13.3854389190674 2.56734323501587 11.1548557281494
-13.3854389190674 7.16089010238647 11.1548557281494
-13.3854389190674 9.94923305511475 18.0446186065674
1 -1.61480185948008E-15 0
-13.3854389190674 7.48897409439087 11.1548557281494
-13.3854389190674 9.94923305511475 11.1548557281494
-13.3854389190674 9.94923305511475 18.0446186065674
1 -1.61480185948008E-15 0
-13.3854389190674 9.94923305511475 18.0446186065674
-13.3854389190674 7.16089010238647 21.9816265106201
-13.3854389190674 2.56734323501587 21.9816265106201
1 -1.61480185948008E-15 0
-13.3854389190674 7.16089010238647 21.9816265106201
-13.3854389190674 9.94923305511475 18.0446186065674
-13.3854389190674 7.48897409439087 21.9816265106201
1 -1.61480185948008E-15 0
-13.3854389190674 12.9019889831543 21.9816265106201
-13.3854389190674 7.48897409439087 21.9816265106201
-13.3854389190674 9.94923305511475 18.0446186065674
1 -1.61480185948008E-15 0
-13.3854389190674 12.9019889831543 18.0446186065674
-13.3854389190674 12.9019889831543 21.9816265106201
-13.3854389190674 9.94923305511475 18.0446186065674
1 -1.61480185948008E-15 0
-13.3854389190674 9.94923305511475 18.0446186065674
-13.3854389190674 7.16089010238647 11.1548557281494
-13.3854389190674 7.48897409439087 11.1548557281494
1 -1.61480185948008E-15 0
-14.0416069030762 9.94923305511475 18.0446186065674
-14.0416069030762 12.9019889831543 21.9816265106201
-14.0416069030762 12.9019889831543 18.0446186065674
-1 1.61480185948008E-15 0
-14.0416069030762 9.94923305511475 18.0446186065674
-14.0416069030762 -5.1426305770874 11.1548557281494
-14.0416069030762 -5.1426305770874 21.9816265106201
-1 1.61480185948008E-15 0
-14.0416069030762 -5.1426305770874 11.1548557281494
-14.0416069030762 9.94923305511475 18.0446186065674
-14.0416069030762 9.94923305511475 11.1548557281494
-1 1.61480185948008E-15 0
-14.0416069030762 9.94923305511475 18.0446186065674
-14.0416069030762 -5.1426305770874 21.9816265106201
-14.0416069030762 12.9019889831543 21.9816265106201
-1 1.61480185948008E-15 0
-14.0416069030762 9.94923305511475 11.1548557281494
-13.3854389190674 9.94923305511475 11.1548557281494
-13.3854389190674 7.48897409439087 11.1548557281494
0 0 -1
-13.3854389190674 7.48897409439087 11.1548557281494
-13.3854389190674 7.16089010238647 11.1548557281494
-14.0416069030762 9.94923305511475 11.1548557281494
0 0 -1
-13.3854389190674 1.91117513179779 11.1548557281494
-14.0416069030762 -5.1426305770874 11.1548557281494
-13.3854389190674 2.56734323501587 11.1548557281494
0 0 -1
-14.0416069030762 -5.1426305770874 11.1548557281494
-13.3854389190674 1.91117513179779 11.1548557281494
-13.3854389190674 -5.1426305770874 11.1548557281494
0 0 -1
-13.3854389190674 2.56734323501587 11.1548557281494
-14.0416069030762 9.94923305511475 11.1548557281494
-13.3854389190674 7.16089010238647 11.1548557281494
0 0 -1
-14.0416069030762 9.94923305511475 11.1548557281494
-13.3854389190674 2.56734323501587 11.1548557281494
-14.0416069030762 -5.1426305770874 11.1548557281494
0 0 -1
-13.3854389190674 12.9019889831543 21.9816265106201
-13.3854389190674 12.9019889831543 18.0446186065674
-14.0416069030762 12.9019889831543 18.0446186065674
8.12150346973795E-15 1 0
-14.0416069030762 12.9019889831543 18.0446186065674
-14.0416069030762 12.9019889831543 21.9816265106201
-13.3854389190674 12.9019889831543 21.9816265106201
8.12150346973795E-15 1 0
-13.3854389190674 7.16089010238647 21.9816265106201
-13.3854389190674 7.48897409439087 21.9816265106201
-14.0416069030762 12.9019889831543 21.9816265106201
0 0 1
-13.3854389190674 7.48897409439087 21.9816265106201
-13.3854389190674 12.9019889831543 21.9816265106201
-14.0416069030762 12.9019889831543 21.9816265106201
0 0 1
-13.3854389190674 2.56734323501587 21.9816265106201
-14.0416069030762 12.9019889831543 21.9816265106201
-14.0416069030762 -5.1426305770874 21.9816265106201
0 0 1
-14.0416069030762 12.9019889831543 21.9816265106201
-13.3854389190674 2.56734323501587 21.9816265106201
-13.3854389190674 7.16089010238647 21.9816265106201
0 0 1
-13.3854389190674 1.91117513179779 21.9816265106201
-14.0416069030762 -5.1426305770874 21.9816265106201
-13.3854389190674 -5.1426305770874 21.9816265106201
0 0 1
-14.0416069030762 -5.1426305770874 21.9816265106201
-13.3854389190674 1.91117513179779 21.9816265106201
-13.3854389190674 2.56734323501587 21.9816265106201
0 0 1
-13.3854389190674 -5.1426305770874 21.9816265106201
-14.0416069030762 -5.1426305770874 21.9816265106201
-14.0416069030762 -5.1426305770874 11.1548557281494
-3.23498041771529E-15 -1 0
-14.0416069030762 -5.1426305770874 11.1548557281494
-13.3854389190674 -5.1426305770874 11.1548557281494
-13.3854389190674 -5.1426305770874 21.9816265106201
-3.23498041771529E-15 -1 0
-13.3854389190674 9.94923305511475 18.0446186065674
-13.3854389190674 9.94923305511475 11.1548557281494
-14.0416069030762 9.94923305511475 11.1548557281494
1.59872115546023E-15 1 0
-14.0416069030762 9.94923305511475 11.1548557281494
-14.0416069030762 9.94923305511475 18.0446186065674
-13.3854389190674 9.94923305511475 18.0446186065674
1.59872115546023E-15 1 0
-14.0416069030762 9.94923305511475 18.0446186065674
-14.0416069030762 12.9019889831543 18.0446186065674
-13.3854389190674 12.9019889831543 18.0446186065674
0 0 -1
-13.3854389190674 12.9019889831543 18.0446186065674
-13.3854389190674 9.94923305511475 18.0446186065674
-14.0416069030762 9.94923305511475 18.0446186065674
0 0 -1
-23.884126663208 -7.11113452911377 11.1548557281494
-23.884126663208 -7.11113452911377 21.9816265106201
-23.884126663208 -5.4707145690918 21.9816265106201
-1 2.70716782324847E-15 0
-23.884126663208 -5.4707145690918 21.9816265106201
-23.884126663208 -5.4707145690918 11.1548557281494
-23.884126663208 -7.11113452911377 11.1548557281494
-1 2.70716782324847E-15 0
-23.2279586791992 -7.11113452911377 21.9816265106201
-23.2279586791992 -7.11113452911377 11.1548557281494
-23.2279586791992 -5.79879856109619 11.1548557281494
1 -2.70716782324847E-15 0
-23.2279586791992 -7.11113452911377 21.9816265106201
-23.2279586791992 -5.79879856109619 11.1548557281494
-23.2279586791992 -5.79879856109619 21.9816265106201
1 -2.70716782324847E-15 0
-23.2279586791992 -5.79879856109619 11.1548557281494
-23.2279586791992 -5.4707145690918 21.9816265106201
-23.2279586791992 -5.79879856109619 21.9816265106201
1 -2.70716782324847E-15 0
-23.2279586791992 -5.4707145690918 21.9816265106201
-23.2279586791992 -5.79879856109619 11.1548557281494
-23.2279586791992 -5.4707145690918 11.1548557281494
1 -2.70716782324847E-15 0
-23.884126663208 -7.11113452911377 11.1548557281494
-23.884126663208 -5.4707145690918 11.1548557281494
-23.2279586791992 -5.79879856109619 11.1548557281494
0 0 -1
-23.2279586791992 -5.4707145690918 11.1548557281494
-23.2279586791992 -5.79879856109619 11.1548557281494
-23.884126663208 -5.4707145690918 11.1548557281494
0 0 -1
-23.2279586791992 -5.79879856109619 11.1548557281494
-23.2279586791992 -7.11113452911377 11.1548557281494
-23.884126663208 -7.11113452911377 11.1548557281494
0 0 -1
-23.884126663208 -7.11113452911377 11.1548557281494
-23.2279586791992 -7.11113452911377 11.1548557281494
-23.2279586791992 -7.11113452911377 21.9816265106201
-2.70716782324598E-15 -1 0
-23.2279586791992 -7.11113452911377 21.9816265106201
-23.884126663208 -7.11113452911377 21.9816265106201
-23.884126663208 -7.11113452911377 11.1548557281494
-2.70716782324598E-15 -1 0
-23.884126663208 -5.4707145690918 21.9816265106201
-23.884126663208 -7.11113452911377 21.9816265106201
-23.2279586791992 -5.79879856109619 21.9816265106201
0 0 1
-23.2279586791992 -7.11113452911377 21.9816265106201
-23.2279586791992 -5.79879856109619 21.9816265106201
-23.884126663208 -7.11113452911377 21.9816265106201
0 0 1
-23.2279586791992 -5.79879856109619 21.9816265106201
-23.2279586791992 -5.4707145690918 21.9816265106201
-23.884126663208 -5.4707145690918 21.9816265106201
0 0 1
-23.884126663208 -5.4707145690918 21.9816265106201
-23.2279586791992 -5.4707145690918 21.9816265106201
-23.2279586791992 -5.4707145690918 11.1548557281494
2.70716782324598E-15 1 0
-23.2279586791992 -5.4707145690918 11.1548557281494
-23.884126663208 -5.4707145690918 11.1548557281494
-23.884126663208 -5.4707145690918 21.9816265106201
2.70716782324598E-15 1 0
-14.0416069030762 -7.11113452911377 11.1548557281494
-14.0416069030762 -7.11113452911377 21.9816265106201
-14.0416069030762 -5.79879856109619 21.9816265106201
-1 1.35358391162311E-15 0
-14.0416069030762 -5.79879856109619 21.9816265106201
-14.0416069030762 -5.79879856109619 11.1548557281494
-14.0416069030762 -7.11113452911377 11.1548557281494
-1 1.35358391162311E-15 0
-13.3854389190674 -5.79879856109619 21.9816265106201
-13.3854389190674 -7.11113452911377 21.9816265106201
-13.3854389190674 -7.11113452911377 11.1548557281494
1 -1.35358391162311E-15 0
-13.3854389190674 -7.11113452911377 11.1548557281494
-13.3854389190674 -5.79879856109619 11.1548557281494
-13.3854389190674 -5.79879856109619 21.9816265106201
1 -1.35358391162311E-15 0
-14.0416069030762 -5.79879856109619 11.1548557281494
-13.3854389190674 -5.79879856109619 11.1548557281494
-13.3854389190674 -7.11113452911377 11.1548557281494
0 0 -1
-13.3854389190674 -7.11113452911377 11.1548557281494
-14.0416069030762 -7.11113452911377 11.1548557281494
-14.0416069030762 -5.79879856109619 11.1548557281494
0 0 -1
-14.0416069030762 -7.11113452911377 11.1548557281494
-13.3854389190674 -7.11113452911377 11.1548557281494
-13.3854389190674 -7.11113452911377 21.9816265106201
-1.35358391162299E-15 -1 0
-13.3854389190674 -7.11113452911377 21.9816265106201
-14.0416069030762 -7.11113452911377 21.9816265106201
-14.0416069030762 -7.11113452911377 11.1548557281494
-1.35358391162299E-15 -1 0
-14.0416069030762 -7.11113452911377 21.9816265106201
-13.3854389190674 -7.11113452911377 21.9816265106201
-13.3854389190674 -5.79879856109619 21.9816265106201
0 0 1
-13.3854389190674 -5.79879856109619 21.9816265106201
-14.0416069030762 -5.79879856109619 21.9816265106201
-14.0416069030762 -7.11113452911377 21.9816265106201
0 0 1
-14.0416069030762 -5.79879856109619 21.9816265106201
-13.3854389190674 -5.79879856109619 21.9816265106201
-13.3854389190674 -5.79879856109619 11.1548557281494
3.23498041771529E-15 1 0
-13.3854389190674 -5.79879856109619 11.1548557281494
-14.0416069030762 -5.79879856109619 11.1548557281494
-14.0416069030762 -5.79879856109619 21.9816265106201
3.23498041771529E-15 1 0
-13.3854389190674 7.16089010238647 21.9816265106201
-13.3854389190674 7.16089010238647 11.1548557281494
-11.9090614318848 7.16089010238647 11.1548557281494
-3.44548632049675E-15 -1 0
-13.3854389190674 7.16089010238647 21.9816265106201
-11.9090614318848 7.16089010238647 11.1548557281494
-11.9090614318848 7.16089010238647 21.9816265106201
-3.44548632049675E-15 -1 0
-11.9090614318848 7.16089010238647 11.1548557281494
-11.5809774398804 7.16089010238647 21.9816265106201
-11.9090614318848 7.16089010238647 21.9816265106201
-3.44548632049675E-15 -1 0
-11.5809774398804 7.16089010238647 21.9816265106201
-11.9090614318848 7.16089010238647 11.1548557281494
-11.5809774398804 7.16089010238647 11.1548557281494
-3.44548632049675E-15 -1 0
-13.3854389190674 7.48897409439087 21.9816265106201
-11.5809774398804 7.48897409439087 21.9816265106201
-11.5809774398804 7.48897409439087 11.1548557281494
3.44548632049675E-15 1 0
-11.5809774398804 7.48897409439087 11.1548557281494
-13.3854389190674 7.48897409439087 11.1548557281494
-13.3854389190674 7.48897409439087 21.9816265106201
3.44548632049675E-15 1 0
-11.9090614318848 7.16089010238647 11.1548557281494
-13.3854389190674 7.48897409439087 11.1548557281494
-11.5809774398804 7.48897409439087 11.1548557281494
0 0 -1
-13.3854389190674 7.48897409439087 11.1548557281494
-11.9090614318848 7.16089010238647 11.1548557281494
-13.3854389190674 7.16089010238647 11.1548557281494
0 0 -1
-11.9090614318848 7.16089010238647 11.1548557281494
-11.5809774398804 7.48897409439087 11.1548557281494
-11.5809774398804 7.16089010238647 11.1548557281494
0 0 -1
-11.9090614318848 7.16089010238647 21.9816265106201
-11.5809774398804 7.48897409439087 21.9816265106201
-13.3854389190674 7.48897409439087 21.9816265106201
0 0 1
-11.5809774398804 7.48897409439087 21.9816265106201
-11.9090614318848 7.16089010238647 21.9816265106201
-11.5809774398804 7.16089010238647 21.9816265106201
0 0 1
-11.9090614318848 7.16089010238647 21.9816265106201
-13.3854389190674 7.48897409439087 21.9816265106201
-13.3854389190674 7.16089010238647 21.9816265106201
0 0 1
-13.3854389190674 7.16089010238647 21.9816265106201
-13.3854389190674 7.48897409439087 21.9816265106201
-13.3854389190674 7.48897409439087 11.1548557281494
-1 1.61480185948008E-15 0
-13.3854389190674 7.48897409439087 11.1548557281494
-13.3854389190674 7.16089010238647 11.1548557281494
-13.3854389190674 7.16089010238647 21.9816265106201
-1 1.61480185948008E-15 0
-11.5809774398804 7.16089010238647 11.1548557281494
-11.5809774398804 7.48897409439087 11.1548557281494
-11.5809774398804 7.48897409439087 21.9816265106201
1 -1.54682811124742E-15 0
-11.5809774398804 7.48897409439087 21.9816265106201
-11.5809774398804 7.16089010238647 21.9816265106201
-11.5809774398804 7.16089010238647 11.1548557281494
1 -1.54682811124742E-15 0
-11.9090614318848 7.16089010238647 11.1548557281494
-11.9090614318848 6.17663812637329 11.1548557281494
-11.9090614318848 6.17663812637329 18.0446186065674
-1 1.54682811124742E-15 0
-11.9090614318848 7.16089010238647 21.9816265106201
-11.9090614318848 6.17663812637329 18.0446186065674
-11.9090614318848 3.71600794792175 18.0446186065674
-1 1.54682811124742E-15 0
-11.9090614318848 6.17663812637329 18.0446186065674
-11.9090614318848 7.16089010238647 21.9816265106201
-11.9090614318848 7.16089010238647 11.1548557281494
-1 1.54682811124742E-15 0
-11.9090614318848 3.71600794792175 11.1548557281494
-11.9090614318848 2.56734323501587 11.1548557281494
-11.9090614318848 3.71600794792175 18.0446186065674
-1 1.54682811124742E-15 0
-11.9090614318848 3.71600794792175 18.0446186065674
-11.9090614318848 2.56734323501587 21.9816265106201
-11.9090614318848 7.16089010238647 21.9816265106201
-1 1.54682811124742E-15 0
-11.9090614318848 2.56734323501587 21.9816265106201
-11.9090614318848 3.71600794792175 18.0446186065674
-11.9090614318848 2.56734323501587 11.1548557281494
-1 1.54682811124742E-15 0
-11.5809774398804 2.56734323501587 11.1548557281494
-11.5809774398804 3.71600794792175 11.1548557281494
-11.5809774398804 3.71600794792175 18.0446186065674
1 -1.54682811124742E-15 0
-11.5809774398804 2.56734323501587 21.9816265106201
-11.5809774398804 3.71600794792175 18.0446186065674
-11.5809774398804 7.16089010238647 21.9816265106201
1 -1.54682811124742E-15 0
-11.5809774398804 3.71600794792175 18.0446186065674
-11.5809774398804 2.56734323501587 21.9816265106201
-11.5809774398804 2.56734323501587 11.1548557281494
1 -1.54682811124742E-15 0
-11.5809774398804 6.17663812637329 11.1548557281494
-11.5809774398804 7.16089010238647 11.1548557281494
-11.5809774398804 6.17663812637329 18.0446186065674
1 -1.54682811124742E-15 0
-11.5809774398804 6.17663812637329 18.0446186065674
-11.5809774398804 7.16089010238647 21.9816265106201
-11.5809774398804 3.71600794792175 18.0446186065674
1 -1.54682811124742E-15 0
-11.5809774398804 7.16089010238647 21.9816265106201
-11.5809774398804 6.17663812637329 18.0446186065674
-11.5809774398804 7.16089010238647 11.1548557281494
1 -1.54682811124742E-15 0
-11.9090614318848 6.17663812637329 11.1548557281494
-11.9090614318848 7.16089010238647 11.1548557281494
-11.5809774398804 7.16089010238647 11.1548557281494
0 0 -1
-11.5809774398804 7.16089010238647 11.1548557281494
-11.5809774398804 6.17663812637329 11.1548557281494
-11.9090614318848 6.17663812637329 11.1548557281494
0 0 -1
-11.9090614318848 2.56734323501587 11.1548557281494
-11.9090614318848 3.71600794792175 11.1548557281494
-11.5809774398804 2.56734323501587 11.1548557281494
0 0 -1
-11.5809774398804 3.71600794792175 11.1548557281494
-11.5809774398804 2.56734323501587 11.1548557281494
-11.9090614318848 3.71600794792175 11.1548557281494
0 0 -1
-11.9090614318848 2.56734323501587 21.9816265106201
-11.5809774398804 2.56734323501587 21.9816265106201
-11.5809774398804 7.16089010238647 21.9816265106201
0 0 1
-11.5809774398804 7.16089010238647 21.9816265106201
-11.9090614318848 7.16089010238647 21.9816265106201
-11.9090614318848 2.56734323501587 21.9816265106201
0 0 1
-11.9090614318848 7.16089010238647 21.9816265106201
-11.5809774398804 7.16089010238647 21.9816265106201
-11.5809774398804 7.16089010238647 11.1548557281494
3.44548632049675E-15 1 0
-11.5809774398804 7.16089010238647 11.1548557281494
-11.9090614318848 7.16089010238647 11.1548557281494
-11.9090614318848 7.16089010238647 21.9816265106201
3.44548632049675E-15 1 0
-11.9090614318848 2.56734323501587 11.1548557281494
-11.5809774398804 2.56734323501587 11.1548557281494
-11.5809774398804 2.56734323501587 21.9816265106201
-3.24039784903684E-15 -1 0
-11.5809774398804 2.56734323501587 21.9816265106201
-11.9090614318848 2.56734323501587 21.9816265106201
-11.9090614318848 2.56734323501587 11.1548557281494
-3.24039784903684E-15 -1 0
-11.9090614318848 6.17663812637329 18.0446186065674
-11.9090614318848 6.17663812637329 11.1548557281494
-11.5809774398804 6.17663812637329 11.1548557281494
-1.50990331349021E-15 -1 0
-11.5809774398804 6.17663812637329 11.1548557281494
-11.5809774398804 6.17663812637329 18.0446186065674
-11.9090614318848 6.17663812637329 18.0446186065674
-1.50990331349021E-15 -1 0
-11.5809774398804 6.17663812637329 18.0446186065674
-11.5809774398804 3.71600794792175 18.0446186065674
-11.9090614318848 3.71600794792175 18.0446186065674
0 0 -1
-11.9090614318848 3.71600794792175 18.0446186065674
-11.9090614318848 6.17663812637329 18.0446186065674
-11.5809774398804 6.17663812637329 18.0446186065674
0 0 -1
-11.5809774398804 3.71600794792175 18.0446186065674
-11.5809774398804 3.71600794792175 11.1548557281494
-11.9090614318848 3.71600794792175 11.1548557281494
1.55431223447522E-15 1 0
-11.9090614318848 3.71600794792175 11.1548557281494
-11.9090614318848 3.71600794792175 18.0446186065674
-11.5809774398804 3.71600794792175 18.0446186065674
1.55431223447522E-15 1 0
1.8704662322998 -2.68200063705444 11.1548557281494
2.1985502243042 -2.68200063705444 11.1548557281494
1.8704662322998 -2.68200063705444 21.9816265106201
-3.24677222044671E-15 -1 0
-2.55866765975952 -2.68200063705444 11.1548557281494
1.8704662322998 -2.68200063705444 11.1548557281494
-2.55866765975952 -2.68200063705444 21.9816265106201
-3.24677222044671E-15 -1 0
1.8704662322998 -2.68200063705444 21.9816265106201
-2.55866765975952 -2.68200063705444 21.9816265106201
1.8704662322998 -2.68200063705444 11.1548557281494
-3.24677222044671E-15 -1 0
2.1985502243042 -2.68200063705444 21.9816265106201
1.8704662322998 -2.68200063705444 21.9816265106201
2.1985502243042 -2.68200063705444 11.1548557281494
-3.24677222044671E-15 -1 0
2.1985502243042 -2.68200063705444 11.1548557281494
6.79172611236572 -2.68200063705444 21.9816265106201
2.1985502243042 -2.68200063705444 21.9816265106201
-3.24677222044671E-15 -1 0
6.79172611236572 -2.68200063705444 21.9816265106201
6.79172611236572 -2.68200063705444 11.1548557281494
7.11981010437012 -2.68200063705444 11.1548557281494
-3.24677222044671E-15 -1 0
7.11981010437012 -2.68200063705444 21.9816265106201
7.11981010437012 -2.68200063705444 11.1548557281494
7.15261840820313 -2.68200063705444 11.1548557281494
-3.24677222044671E-15 -1 0
7.11981010437012 -2.68200063705444 11.1548557281494
7.11981010437012 -2.68200063705444 21.9816265106201
6.79172611236572 -2.68200063705444 21.9816265106201
-3.24677222044671E-15 -1 0
7.11981010437012 -2.68200063705444 21.9816265106201
7.15261840820313 -2.68200063705444 11.1548557281494
7.15261840820313 -2.68200063705444 21.9816265106201
-3.24677222044671E-15 -1 0
6.79172611236572 -2.68200063705444 11.1548557281494
6.79172611236572 -2.68200063705444 21.9816265106201
2.1985502243042 -2.68200063705444 11.1548557281494
-3.24677222044671E-15 -1 0
-2.55866765975952 -2.35391664505005 21.9816265106201
7.15261840820313 -2.35391664505005 21.9816265106201
7.15261840820313 -2.35391664505005 11.1548557281494
3.24677222044671E-15 1 0
7.15261840820313 -2.35391664505005 11.1548557281494
-2.55866765975952 -2.35391664505005 11.1548557281494
-2.55866765975952 -2.35391664505005 21.9816265106201
3.24677222044671E-15 1 0
7.15261840820313 -2.35391664505005 11.1548557281494
7.15261840820313 -2.68200063705444 11.1548557281494
7.11981010437012 -2.68200063705444 11.1548557281494
0 0 -1
7.11981010437012 -2.68200063705444 11.1548557281494
6.79172611236572 -2.68200063705444 11.1548557281494
7.15261840820313 -2.35391664505005 11.1548557281494
0 0 -1
1.8704662322998 -2.68200063705444 11.1548557281494
-2.55866765975952 -2.35391664505005 11.1548557281494
2.1985502243042 -2.68200063705444 11.1548557281494
0 0 -1
-2.55866765975952 -2.35391664505005 11.1548557281494
1.8704662322998 -2.68200063705444 11.1548557281494
-2.55866765975952 -2.68200063705444 11.1548557281494
0 0 -1
2.1985502243042 -2.68200063705444 11.1548557281494
7.15261840820313 -2.35391664505005 11.1548557281494
6.79172611236572 -2.68200063705444 11.1548557281494
0 0 -1
7.15261840820313 -2.35391664505005 11.1548557281494
2.1985502243042 -2.68200063705444 11.1548557281494
-2.55866765975952 -2.35391664505005 11.1548557281494
0 0 -1
7.15261840820313 -2.68200063705444 11.1548557281494
7.15261840820313 -2.35391664505005 11.1548557281494
7.15261840820313 -2.35391664505005 21.9816265106201
1 -2.70716782324598E-15 0
7.15261840820313 -2.35391664505005 21.9816265106201
7.15261840820313 -2.68200063705444 21.9816265106201
7.15261840820313 -2.68200063705444 11.1548557281494
1 -2.70716782324598E-15 0
6.79172611236572 -2.68200063705444 21.9816265106201
7.11981010437012 -2.68200063705444 21.9816265106201
7.15261840820313 -2.35391664505005 21.9816265106201
0 0 1
7.11981010437012 -2.68200063705444 21.9816265106201
7.15261840820313 -2.68200063705444 21.9816265106201
7.15261840820313 -2.35391664505005 21.9816265106201
0 0 1
2.1985502243042 -2.68200063705444 21.9816265106201
7.15261840820313 -2.35391664505005 21.9816265106201
-2.55866765975952 -2.35391664505005 21.9816265106201
0 0 1
7.15261840820313 -2.35391664505005 21.9816265106201
2.1985502243042 -2.68200063705444 21.9816265106201
6.79172611236572 -2.68200063705444 21.9816265106201
0 0 1
1.8704662322998 -2.68200063705444 21.9816265106201
-2.55866765975952 -2.35391664505005 21.9816265106201
-2.55866765975952 -2.68200063705444 21.9816265106201
0 0 1
-2.55866765975952 -2.35391664505005 21.9816265106201
1.8704662322998 -2.68200063705444 21.9816265106201
2.1985502243042 -2.68200063705444 21.9816265106201
0 0 1
-2.55866765975952 -2.68200063705444 21.9816265106201
-2.55866765975952 -2.35391664505005 21.9816265106201
-2.55866765975952 -2.35391664505005 11.1548557281494
-1 1.6243006939476E-15 0
-2.55866765975952 -2.35391664505005 11.1548557281494
-2.55866765975952 -2.68200063705444 11.1548557281494
-2.55866765975952 -2.68200063705444 21.9816265106201
-1 1.6243006939476E-15 0
6.79172611236572 -5.1426305770874 11.1548557281494
6.79172611236572 -5.1426305770874 21.9816265106201
6.79172611236572 -2.68200063705444 21.9816265106201
-1 1.44382283906492E-15 0
6.79172611236572 -2.68200063705444 21.9816265106201
6.79172611236572 -2.68200063705444 11.1548557281494
6.79172611236572 -5.1426305770874 11.1548557281494
-1 1.44382283906492E-15 0
7.11981010437012 -2.68200063705444 21.9816265106201
7.11981010437012 -5.1426305770874 21.9816265106201
7.11981010437012 -5.1426305770874 11.1548557281494
1 -1.44382283906492E-15 0
7.11981010437012 -5.1426305770874 11.1548557281494
7.11981010437012 -2.68200063705444 11.1548557281494
7.11981010437012 -2.68200063705444 21.9816265106201
1 -1.44382283906492E-15 0
6.79172611236572 -2.68200063705444 11.1548557281494
7.11981010437012 -2.68200063705444 11.1548557281494
7.11981010437012 -5.1426305770874 11.1548557281494
0 0 -1
7.11981010437012 -5.1426305770874 11.1548557281494
6.79172611236572 -5.1426305770874 11.1548557281494
6.79172611236572 -2.68200063705444 11.1548557281494
0 0 -1
6.79172611236572 -5.1426305770874 21.9816265106201
7.11981010437012 -5.1426305770874 21.9816265106201
7.11981010437012 -2.68200063705444 21.9816265106201
0 0 1
7.11981010437012 -2.68200063705444 21.9816265106201
6.79172611236572 -2.68200063705444 21.9816265106201
6.79172611236572 -5.1426305770874 21.9816265106201
0 0 1
6.79172611236572 -5.1426305770874 11.1548557281494
7.11981010437012 -5.1426305770874 11.1548557281494
7.11981010437012 -5.1426305770874 21.9816265106201
-3.23498041771529E-15 -1 0
7.11981010437012 -5.1426305770874 21.9816265106201
6.79172611236572 -5.1426305770874 21.9816265106201
6.79172611236572 -5.1426305770874 11.1548557281494
-3.23498041771529E-15 -1 0
6.79172611236572 -2.68200063705444 21.9816265106201
7.11981010437012 -2.68200063705444 21.9816265106201
7.11981010437012 -2.68200063705444 11.1548557281494
3.24677222044671E-15 1 0
7.11981010437012 -2.68200063705444 11.1548557281494
6.79172611236572 -2.68200063705444 11.1548557281494
6.79172611236572 -2.68200063705444 21.9816265106201
3.24677222044671E-15 1 0
1.8704662322998 -5.1426305770874 11.1548557281494
1.8704662322998 -5.1426305770874 21.9816265106201
1.8704662322998 -2.68200063705444 21.9816265106201
-1 1.62430069394773E-15 0
1.8704662322998 -2.68200063705444 21.9816265106201
1.8704662322998 -2.68200063705444 11.1548557281494
1.8704662322998 -5.1426305770874 11.1548557281494
-1 1.62430069394773E-15 0
2.1985502243042 -2.68200063705444 21.9816265106201
2.1985502243042 -5.1426305770874 21.9816265106201
2.1985502243042 -5.1426305770874 11.1548557281494
1 -1.62430069394773E-15 0
2.1985502243042 -5.1426305770874 11.1548557281494
2.1985502243042 -2.68200063705444 11.1548557281494
2.1985502243042 -2.68200063705444 21.9816265106201
1 -1.62430069394773E-15 0
1.8704662322998 -2.68200063705444 11.1548557281494
2.1985502243042 -2.68200063705444 11.1548557281494
2.1985502243042 -5.1426305770874 11.1548557281494
0 0 -1
2.1985502243042 -5.1426305770874 11.1548557281494
1.8704662322998 -5.1426305770874 11.1548557281494
1.8704662322998 -2.68200063705444 11.1548557281494
0 0 -1
1.8704662322998 -5.1426305770874 21.9816265106201
2.1985502243042 -5.1426305770874 21.9816265106201
2.1985502243042 -2.68200063705444 21.9816265106201
0 0 1
2.1985502243042 -2.68200063705444 21.9816265106201
1.8704662322998 -2.68200063705444 21.9816265106201
1.8704662322998 -5.1426305770874 21.9816265106201
0 0 1
1.8704662322998 -5.1426305770874 11.1548557281494
2.1985502243042 -5.1426305770874 11.1548557281494
2.1985502243042 -5.1426305770874 21.9816265106201
-3.23498041771529E-15 -1 0
2.1985502243042 -5.1426305770874 21.9816265106201
1.8704662322998 -5.1426305770874 21.9816265106201
1.8704662322998 -5.1426305770874 11.1548557281494
-3.23498041771529E-15 -1 0
1.8704662322998 -2.68200063705444 21.9816265106201
2.1985502243042 -2.68200063705444 21.9816265106201
2.1985502243042 -2.68200063705444 11.1548557281494
3.24677222044671E-15 1 0
2.1985502243042 -2.68200063705444 11.1548557281494
1.8704662322998 -2.68200063705444 11.1548557281494
1.8704662322998 -2.68200063705444 21.9816265106201
3.24677222044671E-15 1 0
30.2497310638428 -5.0801305770874 11.1548557281494
30.2497310638428 2.40330123901367 13.1233596801758
30.2497310638428 2.40330123901367 15.1233596801758
1 -1.63451642158249E-15 0
30.2497310638428 2.40330123901367 13.1233596801758
30.2497310638428 -5.0801305770874 11.1548557281494
30.2497310638428 12.9644889831543 11.1548557281494
1 -1.63451642158249E-15 0
30.2497310638428 -5.0801305770874 21.9816265106201
30.2497310638428 2.40330123901367 15.1233596801758
30.2497310638428 12.9644889831543 21.9816265106201
1 -1.63451642158249E-15 0
30.2497310638428 2.40330123901367 15.1233596801758
30.2497310638428 -5.0801305770874 21.9816265106201
30.2497310638428 -5.0801305770874 11.1548557281494
1 -1.63451642158249E-15 0
30.2497310638428 6.34030914306641 13.1233596801758
30.2497310638428 12.9644889831543 11.1548557281494
30.2497310638428 6.34030914306641 15.1233596801758
1 -1.63451642158249E-15 0
30.2497310638428 12.9644889831543 11.1548557281494
30.2497310638428 6.34030914306641 13.1233596801758
30.2497310638428 2.40330123901367 13.1233596801758
1 -1.63451642158249E-15 0
30.2497310638428 6.34030914306641 15.1233596801758
30.2497310638428 12.9644889831543 21.9816265106201
30.2497310638428 2.40330123901367 15.1233596801758
1 -1.63451642158249E-15 0
30.2497310638428 12.9644889831543 21.9816265106201
30.2497310638428 6.34030914306641 15.1233596801758
30.2497310638428 12.9644889831543 11.1548557281494
1 -1.63451642158249E-15 0
29.593563079834 12.9019889831543 21.9816265106201
29.593563079834 12.9644889831543 11.1548557281494
29.593563079834 12.9019889831543 11.1548557281494
-1 1.63451642158249E-15 0
29.593563079834 6.34030914306641 13.1233596801758
29.593563079834 12.9019889831543 11.1548557281494
29.593563079834 2.40330123901367 13.1233596801758
-1 1.63451642158249E-15 0
29.593563079834 6.34030914306641 15.1233596801758
29.593563079834 12.9019889831543 11.1548557281494
29.593563079834 6.34030914306641 13.1233596801758
-1 1.63451642158249E-15 0
29.593563079834 12.9644889831543 11.1548557281494
29.593563079834 12.9019889831543 21.9816265106201
29.593563079834 12.9644889831543 21.9816265106201
-1 1.63451642158249E-15 0
29.593563079834 12.9019889831543 21.9816265106201
29.593563079834 12.9019889831543 11.1548557281494
29.593563079834 6.34030914306641 15.1233596801758
-1 1.63451642158249E-15 0
29.593563079834 12.9019889831543 21.9816265106201
29.593563079834 6.34030914306641 15.1233596801758
29.593563079834 2.40330123901367 15.1233596801758
-1 1.63451642158249E-15 0
29.593563079834 2.40330123901367 15.1233596801758
29.593563079834 2.40330123901367 13.1233596801758
29.593563079834 -4.48646259307861 11.1548557281494
-1 1.63451642158249E-15 0
29.593563079834 -4.48646259307861 11.1548557281494
29.593563079834 2.40330123901367 13.1233596801758
29.593563079834 12.9019889831543 11.1548557281494
-1 1.63451642158249E-15 0
29.593563079834 -4.48646259307861 21.9816265106201
29.593563079834 -4.48646259307861 11.1548557281494
29.593563079834 -5.0801305770874 11.1548557281494
-1 1.63451642158249E-15 0
29.593563079834 -4.48646259307861 11.1548557281494
29.593563079834 -4.48646259307861 21.9816265106201
29.593563079834 2.40330123901367 15.1233596801758
-1 1.63451642158249E-15 0
29.593563079834 -4.48646259307861 21.9816265106201
29.593563079834 -5.0801305770874 11.1548557281494
29.593563079834 -5.0801305770874 21.9816265106201
-1 1.63451642158249E-15 0
29.593563079834 2.40330123901367 15.1233596801758
29.593563079834 -4.48646259307861 21.9816265106201
29.593563079834 12.9019889831543 21.9816265106201
-1 1.63451642158249E-15 0
30.2497310638428 12.9644889831543 11.1548557281494
30.2497310638428 -5.0801305770874 11.1548557281494
29.593563079834 -4.48646259307861 11.1548557281494
0 0 -1
29.593563079834 -4.48646259307861 11.1548557281494
30.2497310638428 -5.0801305770874 11.1548557281494
29.593563079834 -5.0801305770874 11.1548557281494
0 0 -1
30.2497310638428 12.9644889831543 11.1548557281494
29.593563079834 -4.48646259307861 11.1548557281494
29.593563079834 12.9019889831543 11.1548557281494
0 0 -1
29.593563079834 12.9019889831543 11.1548557281494
29.593563079834 12.9644889831543 11.1548557281494
30.2497310638428 12.9644889831543 11.1548557281494
0 0 -1
30.2497310638428 12.9644889831543 11.1548557281494
29.593563079834 12.9644889831543 11.1548557281494
29.593563079834 12.9644889831543 21.9816265106201
2.70716782324598E-15 1 0
29.593563079834 12.9644889831543 21.9816265106201
30.2497310638428 12.9644889831543 21.9816265106201
30.2497310638428 12.9644889831543 11.1548557281494
2.70716782324598E-15 1 0
30.2497310638428 -5.0801305770874 21.9816265106201
30.2497310638428 12.9644889831543 21.9816265106201
29.593563079834 -4.48646259307861 21.9816265106201
0 0 1
29.593563079834 -4.48646259307861 21.9816265106201
30.2497310638428 12.9644889831543 21.9816265106201
29.593563079834 12.9019889831543 21.9816265106201
0 0 1
30.2497310638428 -5.0801305770874 21.9816265106201
29.593563079834 -4.48646259307861 21.9816265106201
29.593563079834 -5.0801305770874 21.9816265106201
0 0 1
29.593563079834 12.9644889831543 21.9816265106201
29.593563079834 12.9019889831543 21.9816265106201
30.2497310638428 12.9644889831543 21.9816265106201
0 0 1
30.2497310638428 -5.0801305770874 21.9816265106201
29.593563079834 -5.0801305770874 21.9816265106201
29.593563079834 -5.0801305770874 11.1548557281494
-1.35358391162299E-15 -1 0
29.593563079834 -5.0801305770874 11.1548557281494
30.2497310638428 -5.0801305770874 11.1548557281494
30.2497310638428 -5.0801305770874 21.9816265106201
-1.35358391162299E-15 -1 0
30.2497310638428 6.34030914306641 15.1233596801758
29.593563079834 6.34030914306641 15.1233596801758
29.593563079834 6.34030914306641 13.1233596801758
-6.76791955811495E-15 -1 0
29.593563079834 6.34030914306641 13.1233596801758
30.2497310638428 6.34030914306641 13.1233596801758
30.2497310638428 6.34030914306641 15.1233596801758
-6.76791955811495E-15 -1 0
30.2497310638428 6.34030914306641 13.1233596801758
29.593563079834 6.34030914306641 13.1233596801758
29.593563079834 2.40330123901367 13.1233596801758
0 0 1
29.593563079834 2.40330123901367 13.1233596801758
30.2497310638428 2.40330123901367 13.1233596801758
30.2497310638428 6.34030914306641 13.1233596801758
0 0 1
30.2497310638428 2.40330123901367 13.1233596801758
29.593563079834 2.40330123901367 13.1233596801758
29.593563079834 2.40330123901367 15.1233596801758
4.06075173486897E-15 1 0
29.593563079834 2.40330123901367 15.1233596801758
30.2497310638428 2.40330123901367 15.1233596801758
30.2497310638428 2.40330123901367 13.1233596801758
4.06075173486897E-15 1 0
30.2497310638428 2.40330123901367 15.1233596801758
29.593563079834 2.40330123901367 15.1233596801758
29.593563079834 6.34030914306641 15.1233596801758
0 0 -1
29.593563079834 6.34030914306641 15.1233596801758
30.2497310638428 6.34030914306641 15.1233596801758
30.2497310638428 2.40330123901367 15.1233596801758
0 0 -1
12.2049903869629 -10.3919038772583 11.1548557281494
12.2049903869629 -10.3919038772583 15.4199476242065
12.2049903869629 -5.79879856109619 15.4199476242065
-1 1.54697689804015E-15 0
12.2049903869629 -5.79879856109619 15.4199476242065
12.2049903869629 -5.79879856109619 11.1548557281494
12.2049903869629 -10.3919038772583 11.1548557281494
-1 1.54697689804015E-15 0
12.6971158981323 -10.3919038772583 15.4199476242065
12.6971158981323 -10.3919038772583 11.1548557281494
12.6971158981323 -9.89977741241455 15.4199476242065
1 -1.54697689804015E-15 0
12.6971158981323 -9.89977741241455 15.4199476242065
12.6971158981323 -10.3919038772583 11.1548557281494
12.6971158981323 -9.89977741241455 11.1548557281494
1 -1.54697689804015E-15 0
12.6971158981323 -9.89977741241455 11.1548557281494
12.6971158981323 -5.79879856109619 11.1548557281494
12.6971158981323 -5.79879856109619 15.4199476242065
1 -1.54697689804015E-15 0
12.6971158981323 -9.89977741241455 11.1548557281494
12.6971158981323 -5.79879856109619 15.4199476242065
12.6971158981323 -9.89977741241455 15.4199476242065
1 -1.54697689804015E-15 0
12.2049903869629 -10.3919038772583 11.1548557281494
12.2049903869629 -5.79879856109619 11.1548557281494
12.6971158981323 -9.89977741241455 11.1548557281494
0 0 -1
12.6971158981323 -5.79879856109619 11.1548557281494
12.6971158981323 -9.89977741241455 11.1548557281494
12.2049903869629 -5.79879856109619 11.1548557281494
0 0 -1
12.6971158981323 -9.89977741241455 11.1548557281494
12.6971158981323 -10.3919038772583 11.1548557281494
12.2049903869629 -10.3919038772583 11.1548557281494
0 0 -1
12.2049903869629 -5.79879856109619 15.4199476242065
12.2049903869629 -10.3919038772583 15.4199476242065
12.6971158981323 -9.89977741241455 15.4199476242065
0 0 1
12.6971158981323 -10.3919038772583 15.4199476242065
12.6971158981323 -9.89977741241455 15.4199476242065
12.2049903869629 -10.3919038772583 15.4199476242065
0 0 1
12.6971158981323 -9.89977741241455 15.4199476242065
12.6971158981323 -5.79879856109619 15.4199476242065
12.2049903869629 -5.79879856109619 15.4199476242065
0 0 1
12.2049903869629 -5.79879856109619 15.4199476242065
12.6971158981323 -5.79879856109619 15.4199476242065
12.6971158981323 -5.79879856109619 11.1548557281494
3.23498041771529E-15 1 0
12.6971158981323 -5.79879856109619 11.1548557281494
12.2049903869629 -5.79879856109619 11.1548557281494
12.2049903869629 -5.79879856109619 15.4199476242065
3.23498041771529E-15 1 0
12.2049903869629 -10.3919038772583 11.1548557281494
12.6971158981323 -10.3919038772583 11.1548557281494
12.6971158981323 -10.3919038772583 15.4199476242065
-3.31683147702237E-15 -1 0
12.6971158981323 -10.3919038772583 15.4199476242065
12.2049903869629 -10.3919038772583 15.4199476242065
12.2049903869629 -10.3919038772583 11.1548557281494
-3.31683147702237E-15 -1 0
21.3094825744629 -10.3919038772583 11.1548557281494
21.3094825744629 -10.3919038772583 15.4199476242065
12.6971158981323 -10.3919038772583 15.4199476242065
-3.31683147702237E-15 -1 0
12.6971158981323 -10.3919038772583 15.4199476242065
12.6971158981323 -10.3919038772583 11.1548557281494
21.3094825744629 -10.3919038772583 11.1548557281494
-3.31683147702237E-15 -1 0
21.3094825744629 -9.89977741241455 15.4199476242065
21.3094825744629 -9.89977741241455 11.1548557281494
20.8173561096191 -9.89977741241455 15.4199476242065
3.31683147702237E-15 1 0
20.8173561096191 -9.89977741241455 15.4199476242065
21.3094825744629 -9.89977741241455 11.1548557281494
20.8173561096191 -9.89977741241455 11.1548557281494
3.31683147702237E-15 1 0
20.8173561096191 -9.89977741241455 11.1548557281494
12.6971158981323 -9.89977741241455 11.1548557281494
12.6971158981323 -9.89977741241455 15.4199476242065
3.31683147702237E-15 1 0
20.8173561096191 -9.89977741241455 11.1548557281494
12.6971158981323 -9.89977741241455 15.4199476242065
20.8173561096191 -9.89977741241455 15.4199476242065
3.31683147702237E-15 1 0
21.3094825744629 -10.3919038772583 11.1548557281494
12.6971158981323 -10.3919038772583 11.1548557281494
20.8173561096191 -9.89977741241455 11.1548557281494
0 0 -1
12.6971158981323 -9.89977741241455 11.1548557281494
20.8173561096191 -9.89977741241455 11.1548557281494
12.6971158981323 -10.3919038772583 11.1548557281494
0 0 -1
20.8173561096191 -9.89977741241455 11.1548557281494
21.3094825744629 -9.89977741241455 11.1548557281494
21.3094825744629 -10.3919038772583 11.1548557281494
0 0 -1
12.6971158981323 -10.3919038772583 15.4199476242065
21.3094825744629 -10.3919038772583 15.4199476242065
20.8173561096191 -9.89977741241455 15.4199476242065
0 0 1
21.3094825744629 -9.89977741241455 15.4199476242065
20.8173561096191 -9.89977741241455 15.4199476242065
21.3094825744629 -10.3919038772583 15.4199476242065
0 0 1
20.8173561096191 -9.89977741241455 15.4199476242065
12.6971158981323 -9.89977741241455 15.4199476242065
12.6971158981323 -10.3919038772583 15.4199476242065
0 0 1
12.6971158981323 -10.3919038772583 15.4199476242065
12.6971158981323 -9.89977741241455 15.4199476242065
12.6971158981323 -9.89977741241455 11.1548557281494
-1 1.54697689804015E-15 0
12.6971158981323 -9.89977741241455 11.1548557281494
12.6971158981323 -10.3919038772583 11.1548557281494
12.6971158981323 -10.3919038772583 15.4199476242065
-1 1.54697689804015E-15 0
21.3094825744629 -10.3919038772583 11.1548557281494
21.3094825744629 -9.89977741241455 11.1548557281494
21.3094825744629 -9.89977741241455 15.4199476242065
1 -1.54697689804015E-15 0
21.3094825744629 -9.89977741241455 15.4199476242065
21.3094825744629 -10.3919038772583 15.4199476242065
21.3094825744629 -10.3919038772583 11.1548557281494
1 -1.54697689804015E-15 0
21.3094825744629 -5.79879856109619 11.1548557281494
21.3094825744629 -5.79879856109619 15.4199476242065
21.3094825744629 -9.89977741241455 15.4199476242065
1 -1.54697689804015E-15 0
21.3094825744629 -9.89977741241455 15.4199476242065
21.3094825744629 -9.89977741241455 11.1548557281494
21.3094825744629 -5.79879856109619 11.1548557281494
1 -1.54697689804015E-15 0
20.8173561096191 -9.89977741241455 15.4199476242065
20.8173561096191 -5.79879856109619 15.4199476242065
20.8173561096191 -5.79879856109619 11.1548557281494
-1 1.54697689804015E-15 0
20.8173561096191 -5.79879856109619 11.1548557281494
20.8173561096191 -9.89977741241455 11.1548557281494
20.8173561096191 -9.89977741241455 15.4199476242065
-1 1.54697689804015E-15 0
21.3094825744629 -9.89977741241455 11.1548557281494
20.8173561096191 -9.89977741241455 11.1548557281494
20.8173561096191 -5.79879856109619 11.1548557281494
0 0 -1
20.8173561096191 -5.79879856109619 11.1548557281494
21.3094825744629 -5.79879856109619 11.1548557281494
21.3094825744629 -9.89977741241455 11.1548557281494
0 0 -1
21.3094825744629 -5.79879856109619 15.4199476242065
20.8173561096191 -5.79879856109619 15.4199476242065
20.8173561096191 -9.89977741241455 15.4199476242065
0 0 1
20.8173561096191 -9.89977741241455 15.4199476242065
21.3094825744629 -9.89977741241455 15.4199476242065
21.3094825744629 -5.79879856109619 15.4199476242065
0 0 1
21.3094825744629 -9.89977741241455 15.4199476242065
20.8173561096191 -9.89977741241455 15.4199476242065
20.8173561096191 -9.89977741241455 11.1548557281494
-3.31683147702237E-15 -1 0
20.8173561096191 -9.89977741241455 11.1548557281494
21.3094825744629 -9.89977741241455 11.1548557281494
21.3094825744629 -9.89977741241455 15.4199476242065
-3.31683147702237E-15 -1 0
21.3094825744629 -5.79879856109619 11.1548557281494
20.8173561096191 -5.79879856109619 11.1548557281494
20.8173561096191 -5.79879856109619 15.4199476242065
3.23498041771529E-15 1 0
20.8173561096191 -5.79879856109619 15.4199476242065
21.3094825744629 -5.79879856109619 15.4199476242065
21.3094825744629 -5.79879856109619 11.1548557281494
3.23498041771529E-15 1 0
[LEVEL]
3F
-23.884126663208 -5.4707145690918 21.9816265106201
-23.884126663208 -5.4707145690918 32.8083992004395
-23.884126663208 0.434797197580338 32.8083992004395
-1 1.70979020415518E-15 0
-23.884126663208 0.434797197580338 32.8083992004395
-23.884126663208 0.434797197580338 21.9816265106201
-23.884126663208 -5.4707145690918 21.9816265106201
-1 1.70979020415518E-15 0
-23.2279586791992 -5.1426305770874 32.8083992004395
-23.2279586791992 -5.4707145690918 32.8083992004395
-23.2279586791992 -5.1426305770874 21.9816265106201
1 -1.70979020415518E-15 0
-23.2279586791992 -5.1426305770874 21.9816265106201
-23.2279586791992 -5.4707145690918 32.8083992004395
-23.2279586791992 -5.4707145690918 21.9816265106201
1 -1.70979020415518E-15 0
-23.2279586791992 -5.1426305770874 21.9816265106201
-23.2279586791992 0.434797197580338 21.9816265106201
-23.2279586791992 0.434797197580338 32.8083992004395
1 -1.70979020415518E-15 0
-23.2279586791992 -5.1426305770874 21.9816265106201
-23.2279586791992 0.434797197580338 32.8083992004395
-23.2279586791992 -5.1426305770874 32.8083992004395
1 -1.70979020415518E-15 0
-23.884126663208 -5.4707145690918 21.9816265106201
-23.884126663208 0.434797197580338 21.9816265106201
-23.2279586791992 -5.1426305770874 21.9816265106201
0 0 -1
-23.2279586791992 0.434797197580338 21.9816265106201
-23.2279586791992 -5.1426305770874 21.9816265106201
-23.884126663208 0.434797197580338 21.9816265106201
0 0 -1
-23.2279586791992 -5.1426305770874 21.9816265106201
-23.2279586791992 -5.4707145690918 21.9816265106201
-23.884126663208 -5.4707145690918 21.9816265106201
0 0 -1
-23.884126663208 -5.4707145690918 21.9816265106201
-23.2279586791992 -5.4707145690918 21.9816265106201
-23.2279586791992 -5.4707145690918 32.8083992004395
-1.35358391162299E-15 -1 0
-23.2279586791992 -5.4707145690918 32.8083992004395
-23.884126663208 -5.4707145690918 32.8083992004395
-23.884126663208 -5.4707145690918 21.9816265106201
-1.35358391162299E-15 -1 0
-23.884126663208 0.434797197580338 32.8083992004395
-23.884126663208 -5.4707145690918 32.8083992004395
-23.2279586791992 -5.1426305770874 32.8083992004395
0 0 1
-23.2279586791992 -5.4707145690918 32.8083992004395
-23.2279586791992 -5.1426305770874 32.8083992004395
-23.884126663208 -5.4707145690918 32.8083992004395
0 0 1
-23.2279586791992 -5.1426305770874 32.8083992004395
-23.2279586791992 0.434797197580338 32.8083992004395
-23.884126663208 0.434797197580338 32.8083992004395
0 0 1
-23.884126663208 0.434797197580338 32.8083992004395
-23.2279586791992 0.434797197580338 32.8083992004395
-23.2279586791992 0.434797197580338 21.9816265106201
1.69197988952874E-15 1 0
-23.2279586791992 0.434797197580338 21.9816265106201
-23.884126663208 0.434797197580338 21.9816265106201
-23.884126663208 0.434797197580338 32.8083992004395
1.69197988952874E-15 1 0
-14.0416069030762 -5.79879856109619 32.8083992004395
-23.2279586791992 -5.79879856109619 21.9816265106201
-14.0416069030762 -5.79879856109619 21.9816265106201
-3.23498041771529E-15 -1 0
-13.3854389190674 -5.79879856109619 32.8083992004395
-14.0416069030762 -5.79879856109619 21.9816265106201
-13.3854389190674 -5.79879856109619 21.9816265106201
-3.23498041771529E-15 -1 0
-23.2279586791992 -5.79879856109619 32.8083992004395
-23.2279586791992 -5.79879856109619 21.9816265106201
-14.0416069030762 -5.79879856109619 32.8083992004395
-3.23498041771529E-15 -1 0
-13.3854389190674 -5.79879856109619 32.8083992004395
14.5111474990845 -5.79879856109619 28.8713912963867
28.9373950958252 -5.79879856109619 32.8083992004395
-3.23498041771529E-15 -1 0
-13.3854389190674 -5.79879856109619 32.8083992004395
-14.0416069030762 -5.79879856109619 32.8083992004395
-14.0416069030762 -5.79879856109619 21.9816265106201
-3.23498041771529E-15 -1 0
14.5111474990845 -5.79879856109619 28.8713912963867
-13.3854389190674 -5.79879856109619 32.8083992004395
-13.3854389190674 -5.79879856109619 21.9816265106201
-3.23498041771529E-15 -1 0
-13.3854389190674 -5.79879856109619 21.9816265106201
14.5111474990845 -5.79879856109619 21.9816265106201
14.5111474990845 -5.79879856109619 28.8713912963867
-3.23498041771529E-15 -1 0
23.0413303375244 -5.79879856109619 28.8713912963867
17.463903427124 -5.79879856109619 21.9816265106201
23.0413303375244 -5.79879856109619 21.9816265106201
-3.23498041771529E-15 -1 0
17.463903427124 -5.79879856109619 28.8713912963867
23.0413303375244 -5.79879856109619 28.8713912963867
28.9373950958252 -5.79879856109619 32.8083992004395
-3.23498041771529E-15 -1 0
17.463903427124 -5.79879856109619 28.8713912963867
17.463903427124 -5.79879856109619 21.9816265106201
23.0413303375244 -5.79879856109619 28.8713912963867
-3.23498041771529E-15 -1 0
28.9373950958252 -5.79879856109619 28.8713912963867
28.9373950958252 -5.79879856109619 32.8083992004395
23.0413303375244 -5.79879856109619 28.8713912963867
-3.23498041771529E-15 -1 0
17.463903427124 -5.79879856109619 28.8713912963867
28.9373950958252 -5.79879856109619 32.8083992004395
14.5111474990845 -5.79879856109619 28.8713912963867
-3.23498041771529E-15 -1 0
17.463903427124 -5.1426305770874 21.9816265106201
23.0413303375244 -5.1426305770874 28.8713912963867
23.0413303375244 -5.1426305770874 21.9816265106201
3.23498041771529E-15 1 0
14.5111474990845 -5.1426305770874 21.9816265106201
14.5016994476318 -5.1426305770874 21.9816265106201
14.5111474990845 -5.1426305770874 28.8713912963867
3.23498041771529E-15 1 0
14.5111474990845 -5.1426305770874 28.8713912963867
13.1893634796143 -5.1426305770874 21.9816265106201
7.11981010437012 -5.1426305770874 21.9816265106201
3.23498041771529E-15 1 0
6.79172611236572 -5.1426305770874 21.9816265106201
6.79172611236572 -5.1426305770874 32.8083992004395
7.11981010437012 -5.1426305770874 21.9816265106201
3.23498041771529E-15 1 0
14.5016994476318 -5.1426305770874 21.9816265106201
13.1893634796143 -5.1426305770874 21.9816265106201
14.5111474990845 -5.1426305770874 28.8713912963867
3.23498041771529E-15 1 0
6.79172611236572 -5.1426305770874 32.8083992004395
6.79172611236572 -5.1426305770874 21.9816265106201
2.1985502243042 -5.1426305770874 21.9816265106201
3.23498041771529E-15 1 0
28.9373950958252 -5.1426305770874 32.8083992004395
23.0413303375244 -5.1426305770874 28.8713912963867
14.5016994476318 -5.1426305770874 32.8083992004395
3.23498041771529E-15 1 0
17.463903427124 -5.1426305770874 28.8713912963867
23.0413303375244 -5.1426305770874 28.8713912963867
17.463903427124 -5.1426305770874 21.9816265106201
3.23498041771529E-15 1 0
28.9373950958252 -5.1426305770874 32.8083992004395
28.9373950958252 -5.1426305770874 28.8713912963867
23.0413303375244 -5.1426305770874 28.8713912963867
3.23498041771529E-15 1 0
23.0413303375244 -5.1426305770874 28.8713912963867
17.463903427124 -5.1426305770874 28.8713912963867
14.5016994476318 -5.1426305770874 32.8083992004395
3.23498041771529E-15 1 0
7.11981010437012 -5.1426305770874 21.9816265106201
7.11981010437012 -5.1426305770874 32.8083992004395
14.5111474990845 -5.1426305770874 28.8713912963867
3.23498041771529E-15 1 0
7.11981010437012 -5.1426305770874 32.8083992004395
7.11981010437012 -5.1426305770874 21.9816265106201
6.79172611236572 -5.1426305770874 32.8083992004395
3.23498041771529E-15 1 0
14.5111474990845 -5.1426305770874 28.8713912963867
13.1893634796143 -5.1426305770874 32.8083992004395
14.5016994476318 -5.1426305770874 32.8083992004395
3.23498041771529E-15 1 0
13.1893634796143 -5.1426305770874 32.8083992004395
14.5111474990845 -5.1426305770874 28.8713912963867
7.11981010437012 -5.1426305770874 32.8083992004395
3.23498041771529E-15 1 0
14.5111474990845 -5.1426305770874 28.8713912963867
14.5016994476318 -5.1426305770874 32.8083992004395
17.463903427124 -5.1426305770874 28.8713912963867
3.23498041771529E-15 1 0
2.1985502243042 -5.1426305770874 21.9816265106201
2.1985502243042 -5.1426305770874 32.8083992004395
6.79172611236572 -5.1426305770874 32.8083992004395
3.23498041771529E-15 1 0
-2.55866765975952 -5.1426305770874 21.9816265106201
-3.21483564376831 -5.1426305770874 21.9816265106201
-2.55866765975952 -5.1426305770874 32.8083992004395
3.23498041771529E-15 1 0
-2.55866765975952 -5.1426305770874 21.9816265106201
-2.55866765975952 -5.1426305770874 32.8083992004395
1.8704662322998 -5.1426305770874 21.9816265106201
3.23498041771529E-15 1 0
-5.51134347915649 -5.1426305770874 21.9816265106201
-3.21483564376831 -5.1426305770874 32.8083992004395
-3.21483564376831 -5.1426305770874 21.9816265106201
3.23498041771529E-15 1 0
-13.3854389190674 -5.1426305770874 21.9816265106201
-14.0416069030762 -5.1426305770874 21.9816265106201
-13.3854389190674 -5.1426305770874 32.8083992004395
3.23498041771529E-15 1 0
-13.3854389190674 -5.1426305770874 21.9816265106201
-6.16751146316528 -5.1426305770874 32.8083992004395
-6.16751146316528 -5.1426305770874 21.9816265106201
3.23498041771529E-15 1 0
-5.51134347915649 -5.1426305770874 32.8083992004395
-5.51134347915649 -5.1426305770874 21.9816265106201
-6.16751146316528 -5.1426305770874 21.9816265106201
3.23498041771529E-15 1 0
-14.0416069030762 -5.1426305770874 32.8083992004395
-14.0416069030762 -5.1426305770874 21.9816265106201
-23.2279586791992 -5.1426305770874 21.9816265106201
3.23498041771529E-15 1 0
2.1985502243042 -5.1426305770874 32.8083992004395
2.1985502243042 -5.1426305770874 21.9816265106201
1.8704662322998 -5.1426305770874 32.8083992004395
3.23498041771529E-15 1 0
-2.55866765975952 -5.1426305770874 32.8083992004395
-3.21483564376831 -5.1426305770874 21.9816265106201
-3.21483564376831 -5.1426305770874 32.8083992004395
3.23498041771529E-15 1 0
1.8704662322998 -5.1426305770874 21.9816265106201
-2.55866765975952 -5.1426305770874 32.8083992004395
1.8704662322998 -5.1426305770874 32.8083992004395
3.23498041771529E-15 1 0
-5.51134347915649 -5.1426305770874 21.9816265106201
-5.51134347915649 -5.1426305770874 32.8083992004395
-3.21483564376831 -5.1426305770874 32.8083992004395
3.23498041771529E-15 1 0
-5.51134347915649 -5.1426305770874 32.8083992004395
-6.16751146316528 -5.1426305770874 21.9816265106201
-6.16751146316528 -5.1426305770874 32.8083992004395
3.23498041771529E-15 1 0
-6.16751146316528 -5.1426305770874 32.8083992004395
-13.3854389190674 -5.1426305770874 21.9816265106201
-13.3854389190674 -5.1426305770874 32.8083992004395
3.23498041771529E-15 1 0
-14.0416069030762 -5.1426305770874 32.8083992004395
-13.3854389190674 -5.1426305770874 32.8083992004395
-14.0416069030762 -5.1426305770874 21.9816265106201
3.23498041771529E-15 1 0
-23.2279586791992 -5.1426305770874 21.9816265106201
-23.2279586791992 -5.1426305770874 32.8083992004395
-14.0416069030762 -5.1426305770874 32.8083992004395
3.23498041771529E-15 1 0
1.8704662322998 -5.1426305770874 32.8083992004395
2.1985502243042 -5.1426305770874 21.9816265106201
1.8704662322998 -5.1426305770874 21.9816265106201
3.23498041771529E-15 1 0
-14.0416069030762 -5.79879856109619 21.9816265106201
-23.2279586791992 -5.79879856109619 21.9816265106201
-23.2279586791992 -5.4707145690918 21.9816265106201
0 0 -1
-14.0416069030762 -5.79879856109619 21.9816265106201
-14.0416069030762 -5.1426305770874 21.9816265106201
-13.3854389190674 -5.79879856109619 21.9816265106201
0 0 -1
-13.3854389190674 -5.79879856109619 21.9816265106201
-5.51134347915649 -5.1426305770874 21.9816265106201
-3.21483564376831 -5.1426305770874 21.9816265106201
0 0 -1
14.5111474990845 -5.79879856109619 21.9816265106201
1.8704662322998 -5.1426305770874 21.9816265106201
2.1985502243042 -5.1426305770874 21.9816265106201
0 0 -1
14.5111474990845 -5.79879856109619 21.9816265106201
-13.3854389190674 -5.79879856109619 21.9816265106201
1.8704662322998 -5.1426305770874 21.9816265106201
0 0 -1
1.8704662322998 -5.1426305770874 21.9816265106201
-13.3854389190674 -5.79879856109619 21.9816265106201
-2.55866765975952 -5.1426305770874 21.9816265106201
0 0 -1
-13.3854389190674 -5.79879856109619 21.9816265106201
-3.21483564376831 -5.1426305770874 21.9816265106201
-2.55866765975952 -5.1426305770874 21.9816265106201
0 0 -1
14.5111474990845 -5.79879856109619 21.9816265106201
2.1985502243042 -5.1426305770874 21.9816265106201
6.79172611236572 -5.1426305770874 21.9816265106201
0 0 -1
-14.0416069030762 -5.79879856109619 21.9816265106201
-23.2279586791992 -5.4707145690918 21.9816265106201
-14.0416069030762 -5.1426305770874 21.9816265106201
0 0 -1
-5.51134347915649 -5.1426305770874 21.9816265106201
-13.3854389190674 -5.79879856109619 21.9816265106201
-6.16751146316528 -5.1426305770874 21.9816265106201
0 0 -1
-13.3854389190674 -5.1426305770874 21.9816265106201
-6.16751146316528 -5.1426305770874 21.9816265106201
-13.3854389190674 -5.79879856109619 21.9816265106201
0 0 -1
-13.3854389190674 -5.79879856109619 21.9816265106201
-14.0416069030762 -5.1426305770874 21.9816265106201
-13.3854389190674 -5.1426305770874 21.9816265106201
0 0 -1
-23.2279586791992 -5.4707145690918 21.9816265106201
-23.2279586791992 -5.1426305770874 21.9816265106201
-14.0416069030762 -5.1426305770874 21.9816265106201
0 0 -1
7.11981010437012 -5.1426305770874 21.9816265106201
13.1893634796143 -5.1426305770874 21.9816265106201
14.5111474990845 -5.79879856109619 21.9816265106201
0 0 -1
14.5111474990845 -5.1426305770874 21.9816265106201
14.5111474990845 -5.79879856109619 21.9816265106201
14.5016994476318 -5.1426305770874 21.9816265106201
0 0 -1
14.5111474990845 -5.79879856109619 21.9816265106201
13.1893634796143 -5.1426305770874 21.9816265106201
14.5016994476318 -5.1426305770874 21.9816265106201
0 0 -1
6.79172611236572 -5.1426305770874 21.9816265106201
7.11981010437012 -5.1426305770874 21.9816265106201
14.5111474990845 -5.79879856109619 21.9816265106201
0 0 -1
23.0413303375244 -5.79879856109619 21.9816265106201
17.463903427124 -5.79879856109619 21.9816265106201
17.463903427124 -5.1426305770874 21.9816265106201
0 0 -1
17.463903427124 -5.1426305770874 21.9816265106201
23.0413303375244 -5.1426305770874 21.9816265106201
23.0413303375244 -5.79879856109619 21.9816265106201
0 0 -1
28.9373950958252 -5.79879856109619 32.8083992004395
28.9373950958252 -5.79879856109619 28.8713912963867
28.9373950958252 -5.1426305770874 28.8713912963867
1 -5.41433564649196E-15 0
28.9373950958252 -5.1426305770874 28.8713912963867
28.9373950958252 -5.1426305770874 32.8083992004395
28.9373950958252 -5.79879856109619 32.8083992004395
1 -5.41433564649196E-15 0
-13.3854389190674 -5.79879856109619 32.8083992004395
6.79172611236572 -5.1426305770874 32.8083992004395
2.1985502243042 -5.1426305770874 32.8083992004395
0 0 1
7.11981010437012 -5.1426305770874 32.8083992004395
6.79172611236572 -5.1426305770874 32.8083992004395
-13.3854389190674 -5.79879856109619 32.8083992004395
0 0 1
28.9373950958252 -5.79879856109619 32.8083992004395
7.11981010437012 -5.1426305770874 32.8083992004395
-13.3854389190674 -5.79879856109619 32.8083992004395
0 0 1
28.9373950958252 -5.79879856109619 32.8083992004395
13.1893634796143 -5.1426305770874 32.8083992004395
7.11981010437012 -5.1426305770874 32.8083992004395
0 0 1
-23.2279586791992 -5.79879856109619 32.8083992004395
-14.0416069030762 -5.79879856109619 32.8083992004395
-23.2279586791992 -5.4707145690918 32.8083992004395
0 0 1
-14.0416069030762 -5.1426305770874 32.8083992004395
-14.0416069030762 -5.79879856109619 32.8083992004395
-13.3854389190674 -5.79879856109619 32.8083992004395
0 0 1
1.8704662322998 -5.1426305770874 32.8083992004395
-13.3854389190674 -5.79879856109619 32.8083992004395
2.1985502243042 -5.1426305770874 32.8083992004395
0 0 1
-2.55866765975952 -5.1426305770874 32.8083992004395
-13.3854389190674 -5.79879856109619 32.8083992004395
1.8704662322998 -5.1426305770874 32.8083992004395
0 0 1
-14.0416069030762 -5.79879856109619 32.8083992004395
-14.0416069030762 -5.1426305770874 32.8083992004395
-23.2279586791992 -5.4707145690918 32.8083992004395
0 0 1
-3.21483564376831 -5.1426305770874 32.8083992004395
-5.51134347915649 -5.1426305770874 32.8083992004395
-13.3854389190674 -5.79879856109619 32.8083992004395
0 0 1
28.9373950958252 -5.79879856109619 32.8083992004395
14.5016994476318 -5.1426305770874 32.8083992004395
13.1893634796143 -5.1426305770874 32.8083992004395
0 0 1
28.9373950958252 -5.1426305770874 32.8083992004395
14.5016994476318 -5.1426305770874 32.8083992004395
28.9373950958252 -5.79879856109619 32.8083992004395
0 0 1
-13.3854389190674 -5.1426305770874 32.8083992004395
-13.3854389190674 -5.79879856109619 32.8083992004395
-6.16751146316528 -5.1426305770874 32.8083992004395
0 0 1
-23.2279586791992 -5.4707145690918 32.8083992004395
-14.0416069030762 -5.1426305770874 32.8083992004395
-23.2279586791992 -5.1426305770874 32.8083992004395
0 0 1
-13.3854389190674 -5.1426305770874 32.8083992004395
-14.0416069030762 -5.1426305770874 32.8083992004395
-13.3854389190674 -5.79879856109619 32.8083992004395
0 0 1
-6.16751146316528 -5.1426305770874 32.8083992004395
-13.3854389190674 -5.79879856109619 32.8083992004395
-5.51134347915649 -5.1426305770874 32.8083992004395
0 0 1
-13.3854389190674 -5.79879856109619 32.8083992004395
-2.55866765975952 -5.1426305770874 32.8083992004395
-3.21483564376831 -5.1426305770874 32.8083992004395
0 0 1
-23.2279586791992 -5.4707145690918 21.9816265106201
-23.2279586791992 -5.79879856109619 21.9816265106201
-23.2279586791992 -5.79879856109619 32.8083992004395
-1 2.70716782324847E-15 0
-23.2279586791992 -5.4707145690918 32.8083992004395
-23.2279586791992 -5.4707145690918 21.9816265106201
-23.2279586791992 -5.79879856109619 32.8083992004395
-1 2.70716782324847E-15 0
-23.2279586791992 -5.4707145690918 32.8083992004395
-23.2279586791992 -5.1426305770874 32.8083992004395
-23.2279586791992 -5.4707145690918 21.9816265106201
-1 2.70716782324847E-15 0
-23.2279586791992 -5.1426305770874 21.9816265106201
-23.2279586791992 -5.4707145690918 21.9816265106201
-23.2279586791992 -5.1426305770874 32.8083992004395
-1 2.70716782324847E-15 0
23.0413303375244 -5.1426305770874 28.8713912963867
28.9373950958252 -5.1426305770874 28.8713912963867
28.9373950958252 -5.79879856109619 28.8713912963867
0 0 -1
28.9373950958252 -5.79879856109619 28.8713912963867
23.0413303375244 -5.79879856109619 28.8713912963867
23.0413303375244 -5.1426305770874 28.8713912963867
0 0 -1
23.0413303375244 -5.79879856109619 28.8713912963867
23.0413303375244 -5.79879856109619 21.9816265106201
23.0413303375244 -5.1426305770874 21.9816265106201
1 -3.19744231092045E-15 0
23.0413303375244 -5.1426305770874 21.9816265106201
23.0413303375244 -5.1426305770874 28.8713912963867
23.0413303375244 -5.79879856109619 28.8713912963867
1 -3.19744231092045E-15 0
17.463903427124 -5.1426305770874 28.8713912963867
17.463903427124 -5.1426305770874 21.9816265106201
17.463903427124 -5.79879856109619 21.9816265106201
-1 3.19744231092045E-15 0
17.463903427124 -5.79879856109619 21.9816265106201
17.463903427124 -5.79879856109619 28.8713912963867
17.463903427124 -5.1426305770874 28.8713912963867
-1 3.19744231092045E-15 0
17.463903427124 -5.79879856109619 28.8713912963867
14.5111474990845 -5.79879856109619 28.8713912963867
14.5111474990845 -5.1426305770874 28.8713912963867
0 0 -1
14.5111474990845 -5.1426305770874 28.8713912963867
17.463903427124 -5.1426305770874 28.8713912963867
17.463903427124 -5.79879856109619 28.8713912963867
0 0 -1
14.5111474990845 -5.79879856109619 28.8713912963867
14.5111474990845 -5.79879856109619 21.9816265106201
14.5111474990845 -5.1426305770874 21.9816265106201
1 -3.19744231092045E-15 0
14.5111474990845 -5.1426305770874 21.9816265106201
14.5111474990845 -5.1426305770874 28.8713912963867
14.5111474990845 -5.79879856109619 28.8713912963867
1 -3.19744231092045E-15 0
13.845531463623 -4.48646259307861 21.9816265106201
13.845531463623 6.11575603485107 21.9816265106201
13.845531463623 6.11575603485107 28.8713912963867
1 -1.63451642158245E-15 0
13.845531463623 -4.48646259307861 32.8083992004395
13.845531463623 6.11575603485107 28.8713912963867
13.845531463623 12.9019889831543 32.8083992004395
1 -1.63451642158245E-15 0
13.845531463623 6.11575603485107 28.8713912963867
13.845531463623 -4.48646259307861 32.8083992004395
13.845531463623 -4.48646259307861 21.9816265106201
1 -1.63451642158245E-15 0
13.845531463623 9.06851196289063 21.9816265106201
13.845531463623 12.9019889831543 21.9816265106201
13.845531463623 9.06851196289063 28.8713912963867
1 -1.63451642158245E-15 0
13.845531463623 9.06851196289063 28.8713912963867
13.845531463623 12.9019889831543 32.8083992004395
13.845531463623 6.11575603485107 28.8713912963867
1 -1.63451642158245E-15 0
13.845531463623 12.9019889831543 32.8083992004395
13.845531463623 9.06851196289063 28.8713912963867
13.845531463623 12.9019889831543 21.9816265106201
1 -1.63451642158245E-15 0
13.1893634796143 12.9019889831543 21.9816265106201
13.1893634796143 9.06851196289063 21.9816265106201
13.1893634796143 9.06851196289063 28.8713912963867
-1 1.63451642158245E-15 0
13.1893634796143 12.9019889831543 32.8083992004395
13.1893634796143 9.06851196289063 28.8713912963867
13.1893634796143 6.11575603485107 28.8713912963867
-1 1.63451642158245E-15 0
13.1893634796143 9.06851196289063 28.8713912963867
13.1893634796143 12.9019889831543 32.8083992004395
13.1893634796143 12.9019889831543 21.9816265106201
-1 1.63451642158245E-15 0
13.1893634796143 6.11575603485107 21.9816265106201
13.1893634796143 -4.48646259307861 21.9816265106201
13.1893634796143 6.11575603485107 28.8713912963867
-1 1.63451642158245E-15 0
13.1893634796143 6.11575603485107 28.8713912963867
13.1893634796143 -4.48646259307861 32.8083992004395
13.1893634796143 12.9019889831543 32.8083992004395
-1 1.63451642158245E-15 0
13.1893634796143 -4.48646259307861 32.8083992004395
13.1893634796143 6.11575603485107 28.8713912963867
13.1893634796143 -4.48646259307861 21.9816265106201
-1 1.63451642158245E-15 0
13.845531463623 12.9019889831543 21.9816265106201
13.845531463623 9.06851196289063 21.9816265106201
13.1893634796143 12.9019889831543 21.9816265106201
0 0 -1
13.1893634796143 9.06851196289063 21.9816265106201
13.1893634796143 12.9019889831543 21.9816265106201
13.845531463623 9.06851196289063 21.9816265106201
0 0 -1
13.845531463623 6.11575603485107 21.9816265106201
13.845531463623 -4.48646259307861 21.9816265106201
13.1893634796143 6.11575603485107 21.9816265106201
0 0 -1
13.1893634796143 -4.48646259307861 21.9816265106201
13.1893634796143 6.11575603485107 21.9816265106201
13.845531463623 -4.48646259307861 21.9816265106201
0 0 -1
13.845531463623 12.9019889831543 21.9816265106201
13.1893634796143 12.9019889831543 21.9816265106201
13.1893634796143 12.9019889831543 32.8083992004395
0 1 0
13.1893634796143 12.9019889831543 32.8083992004395
13.845531463623 12.9019889831543 32.8083992004395
13.845531463623 12.9019889831543 21.9816265106201
0 1 0
13.845531463623 12.9019889831543 32.8083992004395
13.1893634796143 12.9019889831543 32.8083992004395
13.1893634796143 -4.48646259307861 32.8083992004395
0 0 1
13.1893634796143 -4.48646259307861 32.8083992004395
13.845531463623 -4.48646259307861 32.8083992004395
13.845531463623 12.9019889831543 32.8083992004395
0 0 1
13.845531463623 -4.48646259307861 32.8083992004395
13.1893634796143 -4.48646259307861 32.8083992004395
13.1893634796143 -4.48646259307861 21.9816265106201
-1.35358391162299E-15 -1 0
13.1893634796143 -4.48646259307861 21.9816265106201
13.845531463623 -4.48646259307861 21.9816265106201
13.845531463623 -4.48646259307861 32.8083992004395
-1.35358391162299E-15 -1 0
13.845531463623 6.11575603485107 28.8713912963867
13.845531463623 6.11575603485107 21.9816265106201
13.1893634796143 6.11575603485107 21.9816265106201
1.59872115546023E-15 1 0
13.1893634796143 6.11575603485107 21.9816265106201
13.1893634796143 6.11575603485107 28.8713912963867
13.845531463623 6.11575603485107 28.8713912963867
1.59872115546023E-15 1 0
13.1893634796143 6.11575603485107 28.8713912963867
13.1893634796143 9.06851196289063 28.8713912963867
13.845531463623 9.06851196289063 28.8713912963867
0 0 -1
13.845531463623 9.06851196289063 28.8713912963867
13.845531463623 6.11575603485107 28.8713912963867
13.1893634796143 6.11575603485107 28.8713912963867
0 0 -1
13.1893634796143 9.06851196289063 28.8713912963867
13.1893634796143 9.06851196289063 21.9816265106201
13.845531463623 9.06851196289063 21.9816265106201
-1.59872115546023E-15 -1 0
13.845531463623 9.06851196289063 21.9816265106201
13.845531463623 9.06851196289063 28.8713912963867
13.1893634796143 9.06851196289063 28.8713912963867
-1.59872115546023E-15 -1 0
-2.55866765975952 -2.68200063705444 32.8083992004395
-2.55866765975952 -5.1426305770874 21.9816265106201
-2.55866765975952 -2.68200063705444 21.9816265106201
1 -1.6243006939476E-15 0
-2.55866765975952 -2.35391664505005 32.8083992004395
-2.55866765975952 -2.68200063705444 21.9816265106201
-2.55866765975952 -2.35391664505005 21.9816265106201
1 -1.6243006939476E-15 0
-2.55866765975952 -5.1426305770874 21.9816265106201
-2.55866765975952 -2.68200063705444 32.8083992004395
-2.55866765975952 -5.1426305770874 32.8083992004395
1 -1.6243006939476E-15 0
-2.55866765975952 -2.68200063705444 32.8083992004395
-2.55866765975952 -2.68200063705444 21.9816265106201
-2.55866765975952 -2.35391664505005 32.8083992004395
1 -1.6243006939476E-15 0
-2.55866765975952 -2.35391664505005 21.9816265106201
-2.55866765975952 6.05528259277344 28.8713912963867
-2.55866765975952 -2.35391664505005 32.8083992004395
1 -1.6243006939476E-15 0
-2.55866765975952 9.00803852081299 28.8713912963867
-2.55866765975952 9.00803852081299 21.9816265106201
-2.55866765975952 12.9019889831543 21.9816265106201
1 -1.6243006939476E-15 0
-2.55866765975952 6.05528259277344 28.8713912963867
-2.55866765975952 9.00803852081299 28.8713912963867
-2.55866765975952 12.9019889831543 32.8083992004395
1 -1.6243006939476E-15 0
-2.55866765975952 12.9019889831543 32.8083992004395
-2.55866765975952 9.00803852081299 28.8713912963867
-2.55866765975952 12.9019889831543 21.9816265106201
1 -1.6243006939476E-15 0
-2.55866765975952 6.05528259277344 28.8713912963867
-2.55866765975952 12.9019889831543 32.8083992004395
-2.55866765975952 -2.35391664505005 32.8083992004395
1 -1.6243006939476E-15 0
-2.55866765975952 6.05528259277344 21.9816265106201
-2.55866765975952 6.05528259277344 28.8713912963867
-2.55866765975952 -2.35391664505005 21.9816265106201
1 -1.6243006939476E-15 0
-3.21483564376831 9.00803852081299 28.8713912963867
-3.21483564376831 12.9019889831543 21.9816265106201
-3.21483564376831 9.00803852081299 21.9816265106201
-1 1.6243006939476E-15 0
-3.21483564376831 2.56734323501587 32.8083992004395
-3.21483564376831 12.9019889831543 32.8083992004395
-3.21483564376831 9.00803852081299 28.8713912963867
-1 1.6243006939476E-15 0
-3.21483564376831 9.00803852081299 28.8713912963867
-3.21483564376831 12.9019889831543 32.8083992004395
-3.21483564376831 12.9019889831543 21.9816265106201
-1 1.6243006939476E-15 0
-3.21483564376831 2.56734323501587 32.8083992004395
-3.21483564376831 9.00803852081299 28.8713912963867
-3.21483564376831 6.05528259277344 28.8713912963867
-1 1.6243006939476E-15 0
-3.21483564376831 6.05528259277344 21.9816265106201
-3.21483564376831 2.56734323501587 21.9816265106201
-3.21483564376831 6.05528259277344 28.8713912963867
-1 1.6243006939476E-15 0
-3.21483564376831 1.91117513179779 21.9816265106201
-3.21483564376831 -5.1426305770874 21.9816265106201
-3.21483564376831 1.91117513179779 32.8083992004395
-1 1.6243006939476E-15 0
-3.21483564376831 1.91117513179779 21.9816265106201
-3.21483564376831 1.91117513179779 32.8083992004395
-3.21483564376831 6.05528259277344 28.8713912963867
-1 1.6243006939476E-15 0
-3.21483564376831 2.56734323501587 32.8083992004395
-3.21483564376831 6.05528259277344 28.8713912963867
-3.21483564376831 1.91117513179779 32.8083992004395
-1 1.6243006939476E-15 0
-3.21483564376831 -5.1426305770874 32.8083992004395
-3.21483564376831 1.91117513179779 32.8083992004395
-3.21483564376831 -5.1426305770874 21.9816265106201
-1 1.6243006939476E-15 0
-3.21483564376831 6.05528259277344 28.8713912963867
-3.21483564376831 2.56734323501587 21.9816265106201
-3.21483564376831 1.91117513179779 21.9816265106201
-1 1.6243006939476E-15 0
-2.55866765975952 -2.35391664505005 21.9816265106201
-2.55866765975952 -2.68200063705444 21.9816265106201
-3.21483564376831 -5.1426305770874 21.9816265106201
0 0 -1
-3.21483564376831 1.91117513179779 21.9816265106201
-2.55866765975952 6.05528259277344 21.9816265106201
-2.55866765975952 -2.35391664505005 21.9816265106201
0 0 -1
-3.21483564376831 -5.1426305770874 21.9816265106201
-2.55866765975952 -2.68200063705444 21.9816265106201
-2.55866765975952 -5.1426305770874 21.9816265106201
0 0 -1
-3.21483564376831 1.91117513179779 21.9816265106201
-3.21483564376831 2.56734323501587 21.9816265106201
-2.55866765975952 6.05528259277344 21.9816265106201
0 0 -1
-3.21483564376831 2.56734323501587 21.9816265106201
-3.21483564376831 6.05528259277344 21.9816265106201
-2.55866765975952 6.05528259277344 21.9816265106201
0 0 -1
-3.21483564376831 1.91117513179779 21.9816265106201
-2.55866765975952 -2.35391664505005 21.9816265106201
-3.21483564376831 -5.1426305770874 21.9816265106201
0 0 -1
-2.55866765975952 12.9019889831543 21.9816265106201
-2.55866765975952 9.00803852081299 21.9816265106201
-3.21483564376831 9.00803852081299 21.9816265106201
0 0 -1
-3.21483564376831 9.00803852081299 21.9816265106201
-3.21483564376831 12.9019889831543 21.9816265106201
-2.55866765975952 12.9019889831543 21.9816265106201
0 0 -1
-2.55866765975952 12.9019889831543 21.9816265106201
-3.21483564376831 12.9019889831543 21.9816265106201
-3.21483564376831 12.9019889831543 32.8083992004395
5.41433564649196E-15 1 0
-3.21483564376831 12.9019889831543 32.8083992004395
-2.55866765975952 12.9019889831543 32.8083992004395
-2.55866765975952 12.9019889831543 21.9816265106201
5.41433564649196E-15 1 0
-2.55866765975952 -2.35391664505005 32.8083992004395
-2.55866765975952 12.9019889831543 32.8083992004395
-3.21483564376831 2.56734323501587 32.8083992004395
0 0 1
-3.21483564376831 -5.1426305770874 32.8083992004395
-2.55866765975952 -5.1426305770874 32.8083992004395
-2.55866765975952 -2.68200063705444 32.8083992004395
0 0 1
-2.55866765975952 -2.68200063705444 32.8083992004395
-2.55866765975952 -2.35391664505005 32.8083992004395
-3.21483564376831 -5.1426305770874 32.8083992004395
0 0 1
-3.21483564376831 12.9019889831543 32.8083992004395
-3.21483564376831 2.56734323501587 32.8083992004395
-2.55866765975952 12.9019889831543 32.8083992004395
0 0 1
-3.21483564376831 -5.1426305770874 32.8083992004395
-2.55866765975952 -2.35391664505005 32.8083992004395
-3.21483564376831 1.91117513179779 32.8083992004395
0 0 1
-3.21483564376831 1.91117513179779 32.8083992004395
-2.55866765975952 -2.35391664505005 32.8083992004395
-3.21483564376831 2.56734323501587 32.8083992004395
0 0 1
-2.55866765975952 -5.1426305770874 32.8083992004395
-3.21483564376831 -5.1426305770874 32.8083992004395
-3.21483564376831 -5.1426305770874 21.9816265106201
-3.23498041771529E-15 -1 0
-3.21483564376831 -5.1426305770874 21.9816265106201
-2.55866765975952 -5.1426305770874 21.9816265106201
-2.55866765975952 -5.1426305770874 32.8083992004395
-3.23498041771529E-15 -1 0
-2.55866765975952 6.05528259277344 28.8713912963867
-2.55866765975952 6.05528259277344 21.9816265106201
-3.21483564376831 6.05528259277344 21.9816265106201
1.59872115546023E-15 1 0
-3.21483564376831 6.05528259277344 21.9816265106201
-3.21483564376831 6.05528259277344 28.8713912963867
-2.55866765975952 6.05528259277344 28.8713912963867
1.59872115546023E-15 1 0
-3.21483564376831 6.05528259277344 28.8713912963867
-3.21483564376831 9.00803852081299 28.8713912963867
-2.55866765975952 9.00803852081299 28.8713912963867
0 0 -1
-2.55866765975952 9.00803852081299 28.8713912963867
-2.55866765975952 6.05528259277344 28.8713912963867
-3.21483564376831 6.05528259277344 28.8713912963867
0 0 -1
-3.21483564376831 9.00803852081299 28.8713912963867
-3.21483564376831 9.00803852081299 21.9816265106201
-2.55866765975952 9.00803852081299 21.9816265106201
-1.59872115546023E-15 -1 0
-2.55866765975952 9.00803852081299 21.9816265106201
-2.55866765975952 9.00803852081299 28.8713912963867
-3.21483564376831 9.00803852081299 28.8713912963867
-1.59872115546023E-15 -1 0
-5.51134347915649 1.91117513179779 21.9816265106201
-5.51134347915649 1.91117513179779 32.8083992004395
-5.51134347915649 -5.1426305770874 32.8083992004395
1 -1.61278083086996E-15 0
-5.51134347915649 -5.1426305770874 32.8083992004395
-5.51134347915649 -5.1426305770874 21.9816265106201
-5.51134347915649 1.91117513179779 21.9816265106201
1 -1.61278083086996E-15 0
-6.16751146316528 -5.1426305770874 32.8083992004395
-6.16751146316528 1.91117513179779 32.8083992004395
-6.16751146316528 1.91117513179779 21.9816265106201
-1 1.61278083086996E-15 0
-6.16751146316528 1.91117513179779 21.9816265106201
-6.16751146316528 -5.1426305770874 21.9816265106201
-6.16751146316528 -5.1426305770874 32.8083992004395
-1 1.61278083086996E-15 0
-5.51134347915649 -5.1426305770874 21.9816265106201
-6.16751146316528 -5.1426305770874 21.9816265106201
-6.16751146316528 1.91117513179779 21.9816265106201
0 0 -1
-6.16751146316528 1.91117513179779 21.9816265106201
-5.51134347915649 1.91117513179779 21.9816265106201
-5.51134347915649 -5.1426305770874 21.9816265106201
0 0 -1
-5.51134347915649 1.91117513179779 32.8083992004395
-6.16751146316528 1.91117513179779 32.8083992004395
-6.16751146316528 -5.1426305770874 32.8083992004395
0 0 1
-6.16751146316528 -5.1426305770874 32.8083992004395
-5.51134347915649 -5.1426305770874 32.8083992004395
-5.51134347915649 1.91117513179779 32.8083992004395
0 0 1
-5.51134347915649 -5.1426305770874 32.8083992004395
-6.16751146316528 -5.1426305770874 32.8083992004395
-6.16751146316528 -5.1426305770874 21.9816265106201
-3.23498041771529E-15 -1 0
-6.16751146316528 -5.1426305770874 21.9816265106201
-5.51134347915649 -5.1426305770874 21.9816265106201
-5.51134347915649 -5.1426305770874 32.8083992004395
-3.23498041771529E-15 -1 0
-5.51134347915649 1.91117513179779 21.9816265106201
-6.16751146316528 1.91117513179779 21.9816265106201
-6.16751146316528 1.91117513179779 32.8083992004395
3.24039784903684E-15 1 0
-6.16751146316528 1.91117513179779 32.8083992004395
-5.51134347915649 1.91117513179779 32.8083992004395
-5.51134347915649 1.91117513179779 21.9816265106201
3.24039784903684E-15 1 0
-3.21483564376831 2.56734323501587 21.9816265106201
-11.5809774398804 2.56734323501587 21.9816265106201
-3.21483564376831 2.56734323501587 32.8083992004395
3.24039784903684E-15 1 0
-11.5809774398804 2.56734323501587 32.8083992004395
-3.21483564376831 2.56734323501587 32.8083992004395
-11.5809774398804 2.56734323501587 21.9816265106201
3.24039784903684E-15 1 0
-11.5809774398804 2.56734323501587 21.9816265106201
-11.9090614318848 2.56734323501587 32.8083992004395
-11.5809774398804 2.56734323501587 32.8083992004395
3.24039784903684E-15 1 0
-11.9090614318848 2.56734323501587 21.9816265106201
-13.3854389190674 2.56734323501587 21.9816265106201
-11.9090614318848 2.56734323501587 32.8083992004395
3.24039784903684E-15 1 0
-13.3854389190674 2.56734323501587 32.8083992004395
-11.9090614318848 2.56734323501587 32.8083992004395
-13.3854389190674 2.56734323501587 21.9816265106201
3.24039784903684E-15 1 0
-11.9090614318848 2.56734323501587 21.9816265106201
-11.9090614318848 2.56734323501587 32.8083992004395
-11.5809774398804 2.56734323501587 21.9816265106201
3.24039784903684E-15 1 0
-13.3854389190674 1.91117513179779 21.9816265106201
-6.16751146316528 1.91117513179779 21.9816265106201
-13.3854389190674 1.91117513179779 32.8083992004395
-3.24039784903684E-15 -1 0
-6.16751146316528 1.91117513179779 32.8083992004395
-13.3854389190674 1.91117513179779 32.8083992004395
-6.16751146316528 1.91117513179779 21.9816265106201
-3.24039784903684E-15 -1 0
-6.16751146316528 1.91117513179779 21.9816265106201
-5.51134347915649 1.91117513179779 32.8083992004395
-6.16751146316528 1.91117513179779 32.8083992004395
-3.24039784903684E-15 -1 0
-5.51134347915649 1.91117513179779 21.9816265106201
-3.21483564376831 1.91117513179779 21.9816265106201
-3.21483564376831 1.91117513179779 32.8083992004395
-3.24039784903684E-15 -1 0
-3.21483564376831 1.91117513179779 32.8083992004395
-5.51134347915649 1.91117513179779 32.8083992004395
-5.51134347915649 1.91117513179779 21.9816265106201
-3.24039784903684E-15 -1 0
-5.51134347915649 1.91117513179779 21.9816265106201
-5.51134347915649 1.91117513179779 32.8083992004395
-6.16751146316528 1.91117513179779 21.9816265106201
-3.24039784903684E-15 -1 0
-11.5809774398804 2.56734323501587 21.9816265106201
-3.21483564376831 2.56734323501587 21.9816265106201
-6.16751146316528 1.91117513179779 21.9816265106201
0 0 -1
-13.3854389190674 1.91117513179779 21.9816265106201
-13.3854389190674 2.56734323501587 21.9816265106201
-11.9090614318848 2.56734323501587 21.9816265106201
0 0 -1
-11.9090614318848 2.56734323501587 21.9816265106201
-11.5809774398804 2.56734323501587 21.9816265106201
-13.3854389190674 1.91117513179779 21.9816265106201
0 0 -1
-5.51134347915649 1.91117513179779 21.9816265106201
-6.16751146316528 1.91117513179779 21.9816265106201
-3.21483564376831 2.56734323501587 21.9816265106201
0 0 -1
-6.16751146316528 1.91117513179779 21.9816265106201
-13.3854389190674 1.91117513179779 21.9816265106201
-11.5809774398804 2.56734323501587 21.9816265106201
0 0 -1
-5.51134347915649 1.91117513179779 21.9816265106201
-3.21483564376831 2.56734323501587 21.9816265106201
-3.21483564376831 1.91117513179779 21.9816265106201
0 0 -1
-11.5809774398804 2.56734323501587 32.8083992004395
-11.9090614318848 2.56734323501587 32.8083992004395
-13.3854389190674 1.91117513179779 32.8083992004395
0 0 1
-3.21483564376831 2.56734323501587 32.8083992004395
-11.5809774398804 2.56734323501587 32.8083992004395
-6.16751146316528 1.91117513179779 32.8083992004395
0 0 1
-11.9090614318848 2.56734323501587 32.8083992004395
-13.3854389190674 2.56734323501587 32.8083992004395
-13.3854389190674 1.91117513179779 32.8083992004395
0 0 1
-13.3854389190674 1.91117513179779 32.8083992004395
-6.16751146316528 1.91117513179779 32.8083992004395
-11.5809774398804 2.56734323501587 32.8083992004395
0 0 1
-3.21483564376831 1.91117513179779 32.8083992004395
-3.21483564376831 2.56734323501587 32.8083992004395
-5.51134347915649 1.91117513179779 32.8083992004395
0 0 1
-5.51134347915649 1.91117513179779 32.8083992004395
-3.21483564376831 2.56734323501587 32.8083992004395
-6.16751146316528 1.91117513179779 32.8083992004395
0 0 1
-3.21483564376831 2.56734323501587 32.8083992004395
-3.21483564376831 1.91117513179779 32.8083992004395
-3.21483564376831 1.91117513179779 21.9816265106201
1 -1.6243006939476E-15 0
-3.21483564376831 1.91117513179779 21.9816265106201
-3.21483564376831 2.56734323501587 21.9816265106201
-3.21483564376831 2.56734323501587 32.8083992004395
1 -1.6243006939476E-15 0
-13.3854389190674 2.56734323501587 21.9816265106201
-13.3854389190674 1.91117513179779 21.9816265106201
-13.3854389190674 1.91117513179779 32.8083992004395
-1 1.61480185948008E-15 0
-13.3854389190674 1.91117513179779 32.8083992004395
-13.3854389190674 2.56734323501587 32.8083992004395
-13.3854389190674 2.56734323501587 21.9816265106201
-1 1.61480185948008E-15 0
-13.3854389190674 -5.1426305770874 21.9816265106201
-13.3854389190674 1.91117513179779 21.9816265106201
-13.3854389190674 1.91117513179779 32.8083992004395
1 -1.61480185948008E-15 0
-13.3854389190674 -5.1426305770874 32.8083992004395
-13.3854389190674 -5.1426305770874 21.9816265106201
-13.3854389190674 1.91117513179779 32.8083992004395
1 -1.61480185948008E-15 0
-13.3854389190674 9.95948219299316 28.8713912963867
-13.3854389190674 2.56734323501587 32.8083992004395
-13.3854389190674 2.56734323501587 21.9816265106201
1 -1.61480185948008E-15 0
-13.3854389190674 2.56734323501587 21.9816265106201
-13.3854389190674 2.56734323501587 32.8083992004395
-13.3854389190674 1.91117513179779 32.8083992004395
1 -1.61480185948008E-15 0
-13.3854389190674 1.91117513179779 21.9816265106201
-13.3854389190674 2.56734323501587 21.9816265106201
-13.3854389190674 1.91117513179779 32.8083992004395
1 -1.61480185948008E-15 0
-13.3854389190674 2.56734323501587 21.9816265106201
-13.3854389190674 7.16089010238647 21.9816265106201
-13.3854389190674 9.95948219299316 28.8713912963867
1 -1.61480185948008E-15 0
-13.3854389190674 7.48897409439087 21.9816265106201
-13.3854389190674 9.95948219299316 21.9816265106201
-13.3854389190674 9.95948219299316 28.8713912963867
1 -1.61480185948008E-15 0
-13.3854389190674 9.95948219299316 28.8713912963867
-13.3854389190674 7.16089010238647 32.8083992004395
-13.3854389190674 2.56734323501587 32.8083992004395
1 -1.61480185948008E-15 0
-13.3854389190674 7.16089010238647 32.8083992004395
-13.3854389190674 9.95948219299316 28.8713912963867
-13.3854389190674 7.48897409439087 32.8083992004395
1 -1.61480185948008E-15 0
-13.3854389190674 12.9019889831543 32.8083992004395
-13.3854389190674 7.48897409439087 32.8083992004395
-13.3854389190674 9.95948219299316 28.8713912963867
1 -1.61480185948008E-15 0
-13.3854389190674 12.9019889831543 28.8713912963867
-13.3854389190674 12.9019889831543 32.8083992004395
-13.3854389190674 9.95948219299316 28.8713912963867
1 -1.61480185948008E-15 0
-13.3854389190674 9.95948219299316 28.8713912963867
-13.3854389190674 7.16089010238647 21.9816265106201
-13.3854389190674 7.48897409439087 21.9816265106201
1 -1.61480185948008E-15 0
-14.0416069030762 9.95948219299316 28.8713912963867
-14.0416069030762 12.9019889831543 32.8083992004395
-14.0416069030762 12.9019889831543 28.8713912963867
-1 1.61480185948008E-15 0
-14.0416069030762 9.95948219299316 28.8713912963867
-14.0416069030762 -5.1426305770874 21.9816265106201
-14.0416069030762 -5.1426305770874 32.8083992004395
-1 1.61480185948008E-15 0
-14.0416069030762 -5.1426305770874 21.9816265106201
-14.0416069030762 9.95948219299316 28.8713912963867
-14.0416069030762 9.95948219299316 21.9816265106201
-1 1.61480185948008E-15 0
-14.0416069030762 9.95948219299316 28.8713912963867
-14.0416069030762 -5.1426305770874 32.8083992004395
-14.0416069030762 12.9019889831543 32.8083992004395
-1 1.61480185948008E-15 0
-14.0416069030762 9.95948219299316 21.9816265106201
-13.3854389190674 9.95948219299316 21.9816265106201
-13.3854389190674 7.48897409439087 21.9816265106201
0 0 -1
-13.3854389190674 7.48897409439087 21.9816265106201
-13.3854389190674 7.16089010238647 21.9816265106201
-14.0416069030762 9.95948219299316 21.9816265106201
0 0 -1
-13.3854389190674 1.91117513179779 21.9816265106201
-14.0416069030762 -5.1426305770874 21.9816265106201
-13.3854389190674 2.56734323501587 21.9816265106201
0 0 -1
-14.0416069030762 -5.1426305770874 21.9816265106201
-13.3854389190674 1.91117513179779 21.9816265106201
-13.3854389190674 -5.1426305770874 21.9816265106201
0 0 -1
-13.3854389190674 2.56734323501587 21.9816265106201
-14.0416069030762 9.95948219299316 21.9816265106201
-13.3854389190674 7.16089010238647 21.9816265106201
0 0 -1
-14.0416069030762 9.95948219299316 21.9816265106201
-13.3854389190674 2.56734323501587 21.9816265106201
-14.0416069030762 -5.1426305770874 21.9816265106201
0 0 -1
-13.3854389190674 12.9019889831543 32.8083992004395
-13.3854389190674 12.9019889831543 28.8713912963867
-14.0416069030762 12.9019889831543 28.8713912963867
0 1 0
-14.0416069030762 12.9019889831543 28.8713912963867
-14.0416069030762 12.9019889831543 32.8083992004395
-13.3854389190674 12.9019889831543 32.8083992004395
0 1 0
-13.3854389190674 7.16089010238647 32.8083992004395
-13.3854389190674 7.48897409439087 32.8083992004395
-14.0416069030762 12.9019889831543 32.8083992004395
0 0 1
-13.3854389190674 7.48897409439087 32.8083992004395
-13.3854389190674 12.9019889831543 32.8083992004395
-14.0416069030762 12.9019889831543 32.8083992004395
0 0 1
-13.3854389190674 2.56734323501587 32.8083992004395
-14.0416069030762 12.9019889831543 32.8083992004395
-14.0416069030762 -5.1426305770874 32.8083992004395
0 0 1
-14.0416069030762 12.9019889831543 32.8083992004395
-13.3854389190674 2.56734323501587 32.8083992004395
-13.3854389190674 7.16089010238647 32.8083992004395
0 0 1
-13.3854389190674 1.91117513179779 32.8083992004395
-14.0416069030762 -5.1426305770874 32.8083992004395
-13.3854389190674 -5.1426305770874 32.8083992004395
0 0 1
-14.0416069030762 -5.1426305770874 32.8083992004395
-13.3854389190674 1.91117513179779 32.8083992004395
-13.3854389190674 2.56734323501587 32.8083992004395
0 0 1
-13.3854389190674 -5.1426305770874 32.8083992004395
-14.0416069030762 -5.1426305770874 32.8083992004395
-14.0416069030762 -5.1426305770874 21.9816265106201
-3.23498041771529E-15 -1 0
-14.0416069030762 -5.1426305770874 21.9816265106201
-13.3854389190674 -5.1426305770874 21.9816265106201
-13.3854389190674 -5.1426305770874 32.8083992004395
-3.23498041771529E-15 -1 0
-13.3854389190674 9.95948219299316 28.8713912963867
-13.3854389190674 9.95948219299316 21.9816265106201
-14.0416069030762 9.95948219299316 21.9816265106201
1.59872115546023E-15 1 0
-14.0416069030762 9.95948219299316 21.9816265106201
-14.0416069030762 9.95948219299316 28.8713912963867
-13.3854389190674 9.95948219299316 28.8713912963867
1.59872115546023E-15 1 0
-14.0416069030762 9.95948219299316 28.8713912963867
-14.0416069030762 12.9019889831543 28.8713912963867
-13.3854389190674 12.9019889831543 28.8713912963867
0 0 -1
-13.3854389190674 12.9019889831543 28.8713912963867
-13.3854389190674 9.95948219299316 28.8713912963867
-14.0416069030762 9.95948219299316 28.8713912963867
0 0 -1
-23.884126663208 -7.11113452911377 21.9816265106201
-23.884126663208 -7.11113452911377 32.8083992004395
-23.884126663208 -5.4707145690918 32.8083992004395
-1 2.70716782324847E-15 0
-23.884126663208 -5.4707145690918 32.8083992004395
-23.884126663208 -5.4707145690918 21.9816265106201
-23.884126663208 -7.11113452911377 21.9816265106201
-1 2.70716782324847E-15 0
-23.2279586791992 -7.11113452911377 32.8083992004395
-23.2279586791992 -7.11113452911377 21.9816265106201
-23.2279586791992 -5.79879856109619 21.9816265106201
1 -2.70716782324847E-15 0
-23.2279586791992 -7.11113452911377 32.8083992004395
-23.2279586791992 -5.79879856109619 21.9816265106201
-23.2279586791992 -5.79879856109619 32.8083992004395
1 -2.70716782324847E-15 0
-23.2279586791992 -5.79879856109619 21.9816265106201
-23.2279586791992 -5.4707145690918 32.8083992004395
-23.2279586791992 -5.79879856109619 32.8083992004395
1 -2.70716782324847E-15 0
-23.2279586791992 -5.4707145690918 32.8083992004395
-23.2279586791992 -5.79879856109619 21.9816265106201
-23.2279586791992 -5.4707145690918 21.9816265106201
1 -2.70716782324847E-15 0
-23.884126663208 -7.11113452911377 21.9816265106201
-23.884126663208 -5.4707145690918 21.9816265106201
-23.2279586791992 -5.79879856109619 21.9816265106201
0 0 -1
-23.2279586791992 -5.4707145690918 21.9816265106201
-23.2279586791992 -5.79879856109619 21.9816265106201
-23.884126663208 -5.4707145690918 21.9816265106201
0 0 -1
-23.2279586791992 -5.79879856109619 21.9816265106201
-23.2279586791992 -7.11113452911377 21.9816265106201
-23.884126663208 -7.11113452911377 21.9816265106201
0 0 -1
-23.884126663208 -7.11113452911377 21.9816265106201
-23.2279586791992 -7.11113452911377 21.9816265106201
-23.2279586791992 -7.11113452911377 32.8083992004395
-2.70716782324598E-15 -1 0
-23.2279586791992 -7.11113452911377 32.8083992004395
-23.884126663208 -7.11113452911377 32.8083992004395
-23.884126663208 -7.11113452911377 21.9816265106201
-2.70716782324598E-15 -1 0
-23.884126663208 -5.4707145690918 32.8083992004395
-23.884126663208 -7.11113452911377 32.8083992004395
-23.2279586791992 -5.79879856109619 32.8083992004395
0 0 1
-23.2279586791992 -7.11113452911377 32.8083992004395
-23.2279586791992 -5.79879856109619 32.8083992004395
-23.884126663208 -7.11113452911377 32.8083992004395
0 0 1
-23.2279586791992 -5.79879856109619 32.8083992004395
-23.2279586791992 -5.4707145690918 32.8083992004395
-23.884126663208 -5.4707145690918 32.8083992004395
0 0 1
-23.884126663208 -5.4707145690918 32.8083992004395
-23.2279586791992 -5.4707145690918 32.8083992004395
-23.2279586791992 -5.4707145690918 21.9816265106201
2.70716782324598E-15 1 0
-23.2279586791992 -5.4707145690918 21.9816265106201
-23.884126663208 -5.4707145690918 21.9816265106201
-23.884126663208 -5.4707145690918 32.8083992004395
2.70716782324598E-15 1 0
-14.0416069030762 -7.11113452911377 21.9816265106201
-14.0416069030762 -7.11113452911377 32.8083992004395
-14.0416069030762 -5.79879856109619 32.8083992004395
-1 1.35358391162311E-15 0
-14.0416069030762 -5.79879856109619 32.8083992004395
-14.0416069030762 -5.79879856109619 21.9816265106201
-14.0416069030762 -7.11113452911377 21.9816265106201
-1 1.35358391162311E-15 0
-13.3854389190674 -5.79879856109619 32.8083992004395
-13.3854389190674 -7.11113452911377 32.8083992004395
-13.3854389190674 -7.11113452911377 21.9816265106201
1 -1.35358391162311E-15 0
-13.3854389190674 -7.11113452911377 21.9816265106201
-13.3854389190674 -5.79879856109619 21.9816265106201
-13.3854389190674 -5.79879856109619 32.8083992004395
1 -1.35358391162311E-15 0
-14.0416069030762 -5.79879856109619 21.9816265106201
-13.3854389190674 -5.79879856109619 21.9816265106201
-13.3854389190674 -7.11113452911377 21.9816265106201
0 0 -1
-13.3854389190674 -7.11113452911377 21.9816265106201
-14.0416069030762 -7.11113452911377 21.9816265106201
-14.0416069030762 -5.79879856109619 21.9816265106201
0 0 -1
-14.0416069030762 -7.11113452911377 21.9816265106201
-13.3854389190674 -7.11113452911377 21.9816265106201
-13.3854389190674 -7.11113452911377 32.8083992004395
-1.35358391162299E-15 -1 0
-13.3854389190674 -7.11113452911377 32.8083992004395
-14.0416069030762 -7.11113452911377 32.8083992004395
-14.0416069030762 -7.11113452911377 21.9816265106201
-1.35358391162299E-15 -1 0
-14.0416069030762 -7.11113452911377 32.8083992004395
-13.3854389190674 -7.11113452911377 32.8083992004395
-13.3854389190674 -5.79879856109619 32.8083992004395
0 0 1
-13.3854389190674 -5.79879856109619 32.8083992004395
-14.0416069030762 -5.79879856109619 32.8083992004395
-14.0416069030762 -7.11113452911377 32.8083992004395
0 0 1
-14.0416069030762 -5.79879856109619 32.8083992004395
-13.3854389190674 -5.79879856109619 32.8083992004395
-13.3854389190674 -5.79879856109619 21.9816265106201
3.23498041771529E-15 1 0
-13.3854389190674 -5.79879856109619 21.9816265106201
-14.0416069030762 -5.79879856109619 21.9816265106201
-14.0416069030762 -5.79879856109619 32.8083992004395
3.23498041771529E-15 1 0
-13.3854389190674 7.16089010238647 32.8083992004395
-13.3854389190674 7.16089010238647 21.9816265106201
-11.9090614318848 7.16089010238647 21.9816265106201
-3.44548632049675E-15 -1 0
-13.3854389190674 7.16089010238647 32.8083992004395
-11.9090614318848 7.16089010238647 21.9816265106201
-11.9090614318848 7.16089010238647 32.8083992004395
-3.44548632049675E-15 -1 0
-11.9090614318848 7.16089010238647 21.9816265106201
-11.5809774398804 7.16089010238647 32.8083992004395
-11.9090614318848 7.16089010238647 32.8083992004395
-3.44548632049675E-15 -1 0
-11.5809774398804 7.16089010238647 32.8083992004395
-11.9090614318848 7.16089010238647 21.9816265106201
-11.5809774398804 7.16089010238647 21.9816265106201
-3.44548632049675E-15 -1 0
-13.3854389190674 7.48897409439087 32.8083992004395
-11.5809774398804 7.48897409439087 32.8083992004395
-11.5809774398804 7.48897409439087 21.9816265106201
3.44548632049675E-15 1 0
-11.5809774398804 7.48897409439087 21.9816265106201
-13.3854389190674 7.48897409439087 21.9816265106201
-13.3854389190674 7.48897409439087 32.8083992004395
3.44548632049675E-15 1 0
-11.9090614318848 7.16089010238647 21.9816265106201
-13.3854389190674 7.48897409439087 21.9816265106201
-11.5809774398804 7.48897409439087 21.9816265106201
0 0 -1
-13.3854389190674 7.48897409439087 21.9816265106201
-11.9090614318848 7.16089010238647 21.9816265106201
-13.3854389190674 7.16089010238647 21.9816265106201
0 0 -1
-11.9090614318848 7.16089010238647 21.9816265106201
-11.5809774398804 7.48897409439087 21.9816265106201
-11.5809774398804 7.16089010238647 21.9816265106201
0 0 -1
-11.9090614318848 7.16089010238647 32.8083992004395
-11.5809774398804 7.48897409439087 32.8083992004395
-13.3854389190674 7.48897409439087 32.8083992004395
0 0 1
-11.5809774398804 7.48897409439087 32.8083992004395
-11.9090614318848 7.16089010238647 32.8083992004395
-11.5809774398804 7.16089010238647 32.8083992004395
0 0 1
-11.9090614318848 7.16089010238647 32.8083992004395
-13.3854389190674 7.48897409439087 32.8083992004395
-13.3854389190674 7.16089010238647 32.8083992004395
0 0 1
-13.3854389190674 7.16089010238647 32.8083992004395
-13.3854389190674 7.48897409439087 32.8083992004395
-13.3854389190674 7.48897409439087 21.9816265106201
-1 1.61480185948008E-15 0
-13.3854389190674 7.48897409439087 21.9816265106201
-13.3854389190674 7.16089010238647 21.9816265106201
-13.3854389190674 7.16089010238647 32.8083992004395
-1 1.61480185948008E-15 0
-11.5809774398804 7.16089010238647 21.9816265106201
-11.5809774398804 7.48897409439087 21.9816265106201
-11.5809774398804 7.48897409439087 32.8083992004395
1 -1.54682811124742E-15 0
-11.5809774398804 7.48897409439087 32.8083992004395
-11.5809774398804 7.16089010238647 32.8083992004395
-11.5809774398804 7.16089010238647 21.9816265106201
1 -1.54682811124742E-15 0
-11.9090614318848 7.16089010238647 21.9816265106201
-11.9090614318848 6.18688678741455 21.9816265106201
-11.9090614318848 6.18688678741455 28.8713912963867
-1 1.54682811124742E-15 0
-11.9090614318848 7.16089010238647 32.8083992004395
-11.9090614318848 6.18688678741455 28.8713912963867
-11.9090614318848 3.72625708580017 28.8713912963867
-1 1.54682811124742E-15 0
-11.9090614318848 6.18688678741455 28.8713912963867
-11.9090614318848 7.16089010238647 32.8083992004395
-11.9090614318848 7.16089010238647 21.9816265106201
-1 1.54682811124742E-15 0
-11.9090614318848 3.72625708580017 21.9816265106201
-11.9090614318848 2.56734323501587 21.9816265106201
-11.9090614318848 3.72625708580017 28.8713912963867
-1 1.54682811124742E-15 0
-11.9090614318848 3.72625708580017 28.8713912963867
-11.9090614318848 2.56734323501587 32.8083992004395
-11.9090614318848 7.16089010238647 32.8083992004395
-1 1.54682811124742E-15 0
-11.9090614318848 2.56734323501587 32.8083992004395
-11.9090614318848 3.72625708580017 28.8713912963867
-11.9090614318848 2.56734323501587 21.9816265106201
-1 1.54682811124742E-15 0
-11.5809774398804 2.56734323501587 21.9816265106201
-11.5809774398804 3.72625708580017 21.9816265106201
-11.5809774398804 3.72625708580017 28.8713912963867
1 -1.54682811124742E-15 0
-11.5809774398804 2.56734323501587 32.8083992004395
-11.5809774398804 3.72625708580017 28.8713912963867
-11.5809774398804 7.16089010238647 32.8083992004395
1 -1.54682811124742E-15 0
-11.5809774398804 3.72625708580017 28.8713912963867
-11.5809774398804 2.56734323501587 32.8083992004395
-11.5809774398804 2.56734323501587 21.9816265106201
1 -1.54682811124742E-15 0
-11.5809774398804 6.18688678741455 21.9816265106201
-11.5809774398804 7.16089010238647 21.9816265106201
-11.5809774398804 6.18688678741455 28.8713912963867
1 -1.54682811124742E-15 0
-11.5809774398804 6.18688678741455 28.8713912963867
-11.5809774398804 7.16089010238647 32.8083992004395
-11.5809774398804 3.72625708580017 28.8713912963867
1 -1.54682811124742E-15 0
-11.5809774398804 7.16089010238647 32.8083992004395
-11.5809774398804 6.18688678741455 28.8713912963867
-11.5809774398804 7.16089010238647 21.9816265106201
1 -1.54682811124742E-15 0
-11.9090614318848 6.18688678741455 21.9816265106201
-11.9090614318848 7.16089010238647 21.9816265106201
-11.5809774398804 7.16089010238647 21.9816265106201
0 0 -1
-11.5809774398804 7.16089010238647 21.9816265106201
-11.5809774398804 6.18688678741455 21.9816265106201
-11.9090614318848 6.18688678741455 21.9816265106201
0 0 -1
-11.9090614318848 2.56734323501587 21.9816265106201
-11.9090614318848 3.72625708580017 21.9816265106201
-11.5809774398804 2.56734323501587 21.9816265106201
0 0 -1
-11.5809774398804 3.72625708580017 21.9816265106201
-11.5809774398804 2.56734323501587 21.9816265106201
-11.9090614318848 3.72625708580017 21.9816265106201
0 0 -1
-11.9090614318848 2.56734323501587 32.8083992004395
-11.5809774398804 2.56734323501587 32.8083992004395
-11.5809774398804 7.16089010238647 32.8083992004395
0 0 1
-11.5809774398804 7.16089010238647 32.8083992004395
-11.9090614318848 7.16089010238647 32.8083992004395
-11.9090614318848 2.56734323501587 32.8083992004395
0 0 1
-11.9090614318848 7.16089010238647 32.8083992004395
-11.5809774398804 7.16089010238647 32.8083992004395
-11.5809774398804 7.16089010238647 21.9816265106201
3.44548632049675E-15 1 0
-11.5809774398804 7.16089010238647 21.9816265106201
-11.9090614318848 7.16089010238647 21.9816265106201
-11.9090614318848 7.16089010238647 32.8083992004395
3.44548632049675E-15 1 0
-11.9090614318848 2.56734323501587 21.9816265106201
-11.5809774398804 2.56734323501587 21.9816265106201
-11.5809774398804 2.56734323501587 32.8083992004395
-3.24039784903684E-15 -1 0
-11.5809774398804 2.56734323501587 32.8083992004395
-11.9090614318848 2.56734323501587 32.8083992004395
-11.9090614318848 2.56734323501587 21.9816265106201
-3.24039784903684E-15 -1 0
-11.9090614318848 6.18688678741455 28.8713912963867
-11.9090614318848 6.18688678741455 21.9816265106201
-11.5809774398804 6.18688678741455 21.9816265106201
-1.50990331349021E-15 -1 0
-11.5809774398804 6.18688678741455 21.9816265106201
-11.5809774398804 6.18688678741455 28.8713912963867
-11.9090614318848 6.18688678741455 28.8713912963867
-1.50990331349021E-15 -1 0
-11.5809774398804 6.18688678741455 28.8713912963867
-11.5809774398804 3.72625708580017 28.8713912963867
-11.9090614318848 3.72625708580017 28.8713912963867
0 0 -1
-11.9090614318848 3.72625708580017 28.8713912963867
-11.9090614318848 6.18688678741455 28.8713912963867
-11.5809774398804 6.18688678741455 28.8713912963867
0 0 -1
-11.5809774398804 3.72625708580017 28.8713912963867
-11.5809774398804 3.72625708580017 21.9816265106201
-11.9090614318848 3.72625708580017 21.9816265106201
1.55431223447522E-15 1 0
-11.9090614318848 3.72625708580017 21.9816265106201
-11.9090614318848 3.72625708580017 28.8713912963867
-11.5809774398804 3.72625708580017 28.8713912963867
1.55431223447522E-15 1 0
1.8704662322998 -2.68200063705444 21.9816265106201
2.1985502243042 -2.68200063705444 21.9816265106201
1.8704662322998 -2.68200063705444 32.8083992004395
-3.24677222044671E-15 -1 0
-2.55866765975952 -2.68200063705444 21.9816265106201
1.8704662322998 -2.68200063705444 21.9816265106201
-2.55866765975952 -2.68200063705444 32.8083992004395
-3.24677222044671E-15 -1 0
1.8704662322998 -2.68200063705444 32.8083992004395
-2.55866765975952 -2.68200063705444 32.8083992004395
1.8704662322998 -2.68200063705444 21.9816265106201
-3.24677222044671E-15 -1 0
2.1985502243042 -2.68200063705444 32.8083992004395
1.8704662322998 -2.68200063705444 32.8083992004395
2.1985502243042 -2.68200063705444 21.9816265106201
-3.24677222044671E-15 -1 0
2.1985502243042 -2.68200063705444 21.9816265106201
6.79172611236572 -2.68200063705444 32.8083992004395
2.1985502243042 -2.68200063705444 32.8083992004395
-3.24677222044671E-15 -1 0
6.79172611236572 -2.68200063705444 32.8083992004395
6.79172611236572 -2.68200063705444 21.9816265106201
7.11981010437012 -2.68200063705444 21.9816265106201
-3.24677222044671E-15 -1 0
7.11981010437012 -2.68200063705444 32.8083992004395
7.11981010437012 -2.68200063705444 21.9816265106201
7.15261840820313 -2.68200063705444 21.9816265106201
-3.24677222044671E-15 -1 0
7.11981010437012 -2.68200063705444 21.9816265106201
7.11981010437012 -2.68200063705444 32.8083992004395
6.79172611236572 -2.68200063705444 32.8083992004395
-3.24677222044671E-15 -1 0
7.11981010437012 -2.68200063705444 32.8083992004395
7.15261840820313 -2.68200063705444 21.9816265106201
7.15261840820313 -2.68200063705444 32.8083992004395
-3.24677222044671E-15 -1 0
6.79172611236572 -2.68200063705444 21.9816265106201
6.79172611236572 -2.68200063705444 32.8083992004395
2.1985502243042 -2.68200063705444 21.9816265106201
-3.24677222044671E-15 -1 0
-2.55866765975952 -2.35391664505005 32.8083992004395
7.15261840820313 -2.35391664505005 32.8083992004395
7.15261840820313 -2.35391664505005 21.9816265106201
3.24677222044671E-15 1 0
7.15261840820313 -2.35391664505005 21.9816265106201
-2.55866765975952 -2.35391664505005 21.9816265106201
-2.55866765975952 -2.35391664505005 32.8083992004395
3.24677222044671E-15 1 0
7.15261840820313 -2.35391664505005 21.9816265106201
7.15261840820313 -2.68200063705444 21.9816265106201
7.11981010437012 -2.68200063705444 21.9816265106201
0 0 -1
7.11981010437012 -2.68200063705444 21.9816265106201
6.79172611236572 -2.68200063705444 21.9816265106201
7.15261840820313 -2.35391664505005 21.9816265106201
0 0 -1
1.8704662322998 -2.68200063705444 21.9816265106201
-2.55866765975952 -2.35391664505005 21.9816265106201
2.1985502243042 -2.68200063705444 21.9816265106201
0 0 -1
-2.55866765975952 -2.35391664505005 21.9816265106201
1.8704662322998 -2.68200063705444 21.9816265106201
-2.55866765975952 -2.68200063705444 21.9816265106201
0 0 -1
2.1985502243042 -2.68200063705444 21.9816265106201
7.15261840820313 -2.35391664505005 21.9816265106201
6.79172611236572 -2.68200063705444 21.9816265106201
0 0 -1
7.15261840820313 -2.35391664505005 21.9816265106201
2.1985502243042 -2.68200063705444 21.9816265106201
-2.55866765975952 -2.35391664505005 21.9816265106201
0 0 -1
7.15261840820313 -2.68200063705444 21.9816265106201
7.15261840820313 -2.35391664505005 21.9816265106201
7.15261840820313 -2.35391664505005 32.8083992004395
1 0 0
7.15261840820313 -2.35391664505005 32.8083992004395
7.15261840820313 -2.68200063705444 32.8083992004395
7.15261840820313 -2.68200063705444 21.9816265106201
1 0 0
6.79172611236572 -2.68200063705444 32.8083992004395
7.11981010437012 -2.68200063705444 32.8083992004395
7.15261840820313 -2.35391664505005 32.8083992004395
0 0 1
7.11981010437012 -2.68200063705444 32.8083992004395
7.15261840820313 -2.68200063705444 32.8083992004395
7.15261840820313 -2.35391664505005 32.8083992004395
0 0 1
2.1985502243042 -2.68200063705444 32.8083992004395
7.15261840820313 -2.35391664505005 32.8083992004395
-2.55866765975952 -2.35391664505005 32.8083992004395
0 0 1
7.15261840820313 -2.35391664505005 32.8083992004395
2.1985502243042 -2.68200063705444 32.8083992004395
6.79172611236572 -2.68200063705444 32.8083992004395
0 0 1
1.8704662322998 -2.68200063705444 32.8083992004395
-2.55866765975952 -2.35391664505005 32.8083992004395
-2.55866765975952 -2.68200063705444 32.8083992004395
0 0 1
-2.55866765975952 -2.35391664505005 32.8083992004395
1.8704662322998 -2.68200063705444 32.8083992004395
2.1985502243042 -2.68200063705444 32.8083992004395
0 0 1
-2.55866765975952 -2.68200063705444 32.8083992004395
-2.55866765975952 -2.35391664505005 32.8083992004395
-2.55866765975952 -2.35391664505005 21.9816265106201
-1 1.6243006939476E-15 0
-2.55866765975952 -2.35391664505005 21.9816265106201
-2.55866765975952 -2.68200063705444 21.9816265106201
-2.55866765975952 -2.68200063705444 32.8083992004395
-1 1.6243006939476E-15 0
6.79172611236572 -5.1426305770874 21.9816265106201
6.79172611236572 -5.1426305770874 32.8083992004395
6.79172611236572 -2.68200063705444 32.8083992004395
-1 1.44382283906492E-15 0
6.79172611236572 -2.68200063705444 32.8083992004395
6.79172611236572 -2.68200063705444 21.9816265106201
6.79172611236572 -5.1426305770874 21.9816265106201
-1 1.44382283906492E-15 0
7.11981010437012 -2.68200063705444 32.8083992004395
7.11981010437012 -5.1426305770874 32.8083992004395
7.11981010437012 -5.1426305770874 21.9816265106201
1 -1.44382283906492E-15 0
7.11981010437012 -5.1426305770874 21.9816265106201
7.11981010437012 -2.68200063705444 21.9816265106201
7.11981010437012 -2.68200063705444 32.8083992004395
1 -1.44382283906492E-15 0
6.79172611236572 -2.68200063705444 21.9816265106201
7.11981010437012 -2.68200063705444 21.9816265106201
7.11981010437012 -5.1426305770874 21.9816265106201
0 0 -1
7.11981010437012 -5.1426305770874 21.9816265106201
6.79172611236572 -5.1426305770874 21.9816265106201
6.79172611236572 -2.68200063705444 21.9816265106201
0 0 -1
6.79172611236572 -5.1426305770874 32.8083992004395
7.11981010437012 -5.1426305770874 32.8083992004395
7.11981010437012 -2.68200063705444 32.8083992004395
0 0 1
7.11981010437012 -2.68200063705444 32.8083992004395
6.79172611236572 -2.68200063705444 32.8083992004395
6.79172611236572 -5.1426305770874 32.8083992004395
0 0 1
6.79172611236572 -5.1426305770874 21.9816265106201
7.11981010437012 -5.1426305770874 21.9816265106201
7.11981010437012 -5.1426305770874 32.8083992004395
-3.23498041771529E-15 -1 0
7.11981010437012 -5.1426305770874 32.8083992004395
6.79172611236572 -5.1426305770874 32.8083992004395
6.79172611236572 -5.1426305770874 21.9816265106201
-3.23498041771529E-15 -1 0
6.79172611236572 -2.68200063705444 32.8083992004395
7.11981010437012 -2.68200063705444 32.8083992004395
7.11981010437012 -2.68200063705444 21.9816265106201
3.24677222044671E-15 1 0
7.11981010437012 -2.68200063705444 21.9816265106201
6.79172611236572 -2.68200063705444 21.9816265106201
6.79172611236572 -2.68200063705444 32.8083992004395
3.24677222044671E-15 1 0
1.8704662322998 -5.1426305770874 21.9816265106201
1.8704662322998 -5.1426305770874 32.8083992004395
1.8704662322998 -2.68200063705444 32.8083992004395
-1 1.62430069394773E-15 0
1.8704662322998 -2.68200063705444 32.8083992004395
1.8704662322998 -2.68200063705444 21.9816265106201
1.8704662322998 -5.1426305770874 21.9816265106201
-1 1.62430069394773E-15 0
2.1985502243042 -2.68200063705444 32.8083992004395
2.1985502243042 -5.1426305770874 32.8083992004395
2.1985502243042 -5.1426305770874 21.9816265106201
1 -1.62430069394773E-15 0
2.1985502243042 -5.1426305770874 21.9816265106201
2.1985502243042 -2.68200063705444 21.9816265106201
2.1985502243042 -2.68200063705444 32.8083992004395
1 -1.62430069394773E-15 0
1.8704662322998 -2.68200063705444 21.9816265106201
2.1985502243042 -2.68200063705444 21.9816265106201
2.1985502243042 -5.1426305770874 21.9816265106201
0 0 -1
2.1985502243042 -5.1426305770874 21.9816265106201
1.8704662322998 -5.1426305770874 21.9816265106201
1.8704662322998 -2.68200063705444 21.9816265106201
0 0 -1
1.8704662322998 -5.1426305770874 32.8083992004395
2.1985502243042 -5.1426305770874 32.8083992004395
2.1985502243042 -2.68200063705444 32.8083992004395
0 0 1
2.1985502243042 -2.68200063705444 32.8083992004395
1.8704662322998 -2.68200063705444 32.8083992004395
1.8704662322998 -5.1426305770874 32.8083992004395
0 0 1
1.8704662322998 -5.1426305770874 21.9816265106201
2.1985502243042 -5.1426305770874 21.9816265106201
2.1985502243042 -5.1426305770874 32.8083992004395
-3.23498041771529E-15 -1 0
2.1985502243042 -5.1426305770874 32.8083992004395
1.8704662322998 -5.1426305770874 32.8083992004395
1.8704662322998 -5.1426305770874 21.9816265106201
-3.23498041771529E-15 -1 0
1.8704662322998 -2.68200063705444 32.8083992004395
2.1985502243042 -2.68200063705444 32.8083992004395
2.1985502243042 -2.68200063705444 21.9816265106201
3.24677222044671E-15 1 0
2.1985502243042 -2.68200063705444 21.9816265106201
1.8704662322998 -2.68200063705444 21.9816265106201
1.8704662322998 -2.68200063705444 32.8083992004395
3.24677222044671E-15 1 0
30.2497310638428 -4.86375904083252 21.9816265106201
30.2497310638428 2.41355013847351 23.9501304626465
30.2497310638428 2.41355013847351 25.9501304626465
1 -1.63451642158249E-15 0
30.2497310638428 2.41355013847351 23.9501304626465
30.2497310638428 -4.86375904083252 21.9816265106201
30.2497310638428 13.3284978866577 21.9816265106201
1 -1.63451642158249E-15 0
30.2497310638428 -4.86375904083252 32.8083992004395
30.2497310638428 2.41355013847351 25.9501304626465
30.2497310638428 13.3284978866577 32.8083992004395
1 -1.63451642158249E-15 0
30.2497310638428 2.41355013847351 25.9501304626465
30.2497310638428 -4.86375904083252 32.8083992004395
30.2497310638428 -4.86375904083252 21.9816265106201
1 -1.63451642158249E-15 0
30.2497310638428 6.35055780410767 23.9501304626465
30.2497310638428 13.3284978866577 21.9816265106201
30.2497310638428 6.35055780410767 25.9501304626465
1 -1.63451642158249E-15 0
30.2497310638428 13.3284978866577 21.9816265106201
30.2497310638428 6.35055780410767 23.9501304626465
30.2497310638428 2.41355013847351 23.9501304626465
1 -1.63451642158249E-15 0
30.2497310638428 6.35055780410767 25.9501304626465
30.2497310638428 13.3284978866577 32.8083992004395
30.2497310638428 2.41355013847351 25.9501304626465
1 -1.63451642158249E-15 0
30.2497310638428 13.3284978866577 32.8083992004395
30.2497310638428 6.35055780410767 25.9501304626465
30.2497310638428 13.3284978866577 21.9816265106201
1 -1.63451642158249E-15 0
29.593563079834 12.9019889831543 32.8083992004395
29.593563079834 13.3284978866577 21.9816265106201
29.593563079834 12.9019889831543 21.9816265106201
-1 1.63451642158249E-15 0
29.593563079834 6.35055780410767 23.9501304626465
29.593563079834 12.9019889831543 21.9816265106201
29.593563079834 2.41355013847351 23.9501304626465
-1 1.63451642158249E-15 0
29.593563079834 6.35055780410767 25.9501304626465
29.593563079834 12.9019889831543 21.9816265106201
29.593563079834 6.35055780410767 23.9501304626465
-1 1.63451642158249E-15 0
29.593563079834 13.3284978866577 21.9816265106201
29.593563079834 12.9019889831543 32.8083992004395
29.593563079834 13.3284978866577 32.8083992004395
-1 1.63451642158249E-15 0
29.593563079834 12.9019889831543 32.8083992004395
29.593563079834 12.9019889831543 21.9816265106201
29.593563079834 6.35055780410767 25.9501304626465
-1 1.63451642158249E-15 0
29.593563079834 12.9019889831543 32.8083992004395
29.593563079834 6.35055780410767 25.9501304626465
29.593563079834 2.41355013847351 25.9501304626465
-1 1.63451642158249E-15 0
29.593563079834 2.41355013847351 25.9501304626465
29.593563079834 2.41355013847351 23.9501304626465
29.593563079834 -4.48646259307861 21.9816265106201
-1 1.63451642158249E-15 0
29.593563079834 -4.48646259307861 21.9816265106201
29.593563079834 2.41355013847351 23.9501304626465
29.593563079834 12.9019889831543 21.9816265106201
-1 1.63451642158249E-15 0
29.593563079834 -4.48646259307861 32.8083992004395
29.593563079834 -4.48646259307861 21.9816265106201
29.593563079834 -4.86375904083252 21.9816265106201
-1 1.63451642158249E-15 0
29.593563079834 -4.48646259307861 21.9816265106201
29.593563079834 -4.48646259307861 32.8083992004395
29.593563079834 2.41355013847351 25.9501304626465
-1 1.63451642158249E-15 0
29.593563079834 -4.48646259307861 32.8083992004395
29.593563079834 -4.86375904083252 21.9816265106201
29.593563079834 -4.86375904083252 32.8083992004395
-1 1.63451642158249E-15 0
29.593563079834 2.41355013847351 25.9501304626465
29.593563079834 -4.48646259307861 32.8083992004395
29.593563079834 12.9019889831543 32.8083992004395
-1 1.63451642158249E-15 0
30.2497310638428 13.3284978866577 21.9816265106201
30.2497310638428 -4.86375904083252 21.9816265106201
29.593563079834 12.9019889831543 21.9816265106201
0 0 -1
29.593563079834 12.9019889831543 21.9816265106201
30.2497310638428 -4.86375904083252 21.9816265106201
29.593563079834 -4.48646259307861 21.9816265106201
0 0 -1
30.2497310638428 13.3284978866577 21.9816265106201
29.593563079834 12.9019889831543 21.9816265106201
29.593563079834 13.3284978866577 21.9816265106201
0 0 -1
29.593563079834 -4.86375904083252 21.9816265106201
29.593563079834 -4.48646259307861 21.9816265106201
30.2497310638428 -4.86375904083252 21.9816265106201
0 0 -1
30.2497310638428 13.3284978866577 21.9816265106201
29.593563079834 13.3284978866577 21.9816265106201
29.593563079834 13.3284978866577 32.8083992004395
0 1 0
29.593563079834 13.3284978866577 32.8083992004395
30.2497310638428 13.3284978866577 32.8083992004395
30.2497310638428 13.3284978866577 21.9816265106201
0 1 0
30.2497310638428 -4.86375904083252 32.8083992004395
30.2497310638428 13.3284978866577 32.8083992004395
29.593563079834 12.9019889831543 32.8083992004395
0 0 1
29.593563079834 12.9019889831543 32.8083992004395
30.2497310638428 13.3284978866577 32.8083992004395
29.593563079834 13.3284978866577 32.8083992004395
0 0 1
30.2497310638428 -4.86375904083252 32.8083992004395
29.593563079834 12.9019889831543 32.8083992004395
29.593563079834 -4.48646259307861 32.8083992004395
0 0 1
29.593563079834 -4.48646259307861 32.8083992004395
29.593563079834 -4.86375904083252 32.8083992004395
30.2497310638428 -4.86375904083252 32.8083992004395
0 0 1
30.2497310638428 -4.86375904083252 32.8083992004395
29.593563079834 -4.86375904083252 32.8083992004395
29.593563079834 -4.86375904083252 21.9816265106201
-1.35358391162299E-15 -1 0
29.593563079834 -4.86375904083252 21.9816265106201
30.2497310638428 -4.86375904083252 21.9816265106201
30.2497310638428 -4.86375904083252 32.8083992004395
-1.35358391162299E-15 -1 0
30.2497310638428 6.35055780410767 25.9501304626465
29.593563079834 6.35055780410767 25.9501304626465
29.593563079834 6.35055780410767 23.9501304626465
-6.76791955811495E-15 -1 0
29.593563079834 6.35055780410767 23.9501304626465
30.2497310638428 6.35055780410767 23.9501304626465
30.2497310638428 6.35055780410767 25.9501304626465
-6.76791955811495E-15 -1 0
30.2497310638428 6.35055780410767 23.9501304626465
29.593563079834 6.35055780410767 23.9501304626465
29.593563079834 2.41355013847351 23.9501304626465
0 0 1
29.593563079834 2.41355013847351 23.9501304626465
30.2497310638428 2.41355013847351 23.9501304626465
30.2497310638428 6.35055780410767 23.9501304626465
0 0 1
30.2497310638428 2.41355013847351 23.9501304626465
29.593563079834 2.41355013847351 23.9501304626465
29.593563079834 2.41355013847351 25.9501304626465
4.06075173486897E-15 1 0
29.593563079834 2.41355013847351 25.9501304626465
30.2497310638428 2.41355013847351 25.9501304626465
30.2497310638428 2.41355013847351 23.9501304626465
4.06075173486897E-15 1 0
30.2497310638428 2.41355013847351 25.9501304626465
29.593563079834 2.41355013847351 25.9501304626465
29.593563079834 6.35055780410767 25.9501304626465
0 0 -1
29.593563079834 6.35055780410767 25.9501304626465
30.2497310638428 6.35055780410767 25.9501304626465
30.2497310638428 2.41355013847351 25.9501304626465
0 0 -1
12.2003030776978 -5.79879856109619 20.9973754882813
12.2003030776978 -10.3989067077637 20.9973754882813
12.2003030776978 -10.3989067077637 25.2624664306641
-1 1.54697689804015E-15 0
12.2003030776978 -10.3989067077637 25.2624664306641
12.2003030776978 -5.79879856109619 25.2624664306641
12.2003030776978 -5.79879856109619 20.9973754882813
-1 1.54697689804015E-15 0
12.6924285888672 -10.3989067077637 25.2624664306641
12.6924285888672 -10.3989067077637 20.9973754882813
12.6924285888672 -9.90678024291992 25.2624664306641
1 -1.54697689804015E-15 0
12.6924285888672 -9.90678024291992 25.2624664306641
12.6924285888672 -10.3989067077637 20.9973754882813
12.6924285888672 -9.90678024291992 20.9973754882813
1 -1.54697689804015E-15 0
12.6924285888672 -9.90678024291992 20.9973754882813
12.6924285888672 -5.79879856109619 20.9973754882813
12.6924285888672 -5.79879856109619 25.2624664306641
1 -1.54697689804015E-15 0
12.6924285888672 -9.90678024291992 20.9973754882813
12.6924285888672 -5.79879856109619 25.2624664306641
12.6924285888672 -9.90678024291992 25.2624664306641
1 -1.54697689804015E-15 0
12.2003030776978 -10.3989067077637 20.9973754882813
12.2003030776978 -5.79879856109619 20.9973754882813
12.6924285888672 -9.90678024291992 20.9973754882813
0 0 -1
12.6924285888672 -5.79879856109619 20.9973754882813
12.6924285888672 -9.90678024291992 20.9973754882813
12.2003030776978 -5.79879856109619 20.9973754882813
0 0 -1
12.6924285888672 -9.90678024291992 20.9973754882813
12.6924285888672 -10.3989067077637 20.9973754882813
12.2003030776978 -10.3989067077637 20.9973754882813
0 0 -1
12.2003030776978 -5.79879856109619 25.2624664306641
12.2003030776978 -10.3989067077637 25.2624664306641
12.6924285888672 -9.90678024291992 25.2624664306641
0 0 1
12.6924285888672 -10.3989067077637 25.2624664306641
12.6924285888672 -9.90678024291992 25.2624664306641
12.2003030776978 -10.3989067077637 25.2624664306641
0 0 1
12.6924285888672 -9.90678024291992 25.2624664306641
12.6924285888672 -5.79879856109619 25.2624664306641
12.2003030776978 -5.79879856109619 25.2624664306641
0 0 1
12.2003030776978 -10.3989067077637 20.9973754882813
12.6924285888672 -10.3989067077637 20.9973754882813
12.6924285888672 -10.3989067077637 25.2624664306641
-3.31683147702237E-15 -1 0
12.6924285888672 -10.3989067077637 25.2624664306641
12.2003030776978 -10.3989067077637 25.2624664306641
12.2003030776978 -10.3989067077637 20.9973754882813
-3.31683147702237E-15 -1 0
12.6924285888672 -5.79879856109619 25.2624664306641
12.6924285888672 -5.79879856109619 20.9973754882813
12.2003030776978 -5.79879856109619 20.9973754882813
3.23498041771529E-15 1 0
12.2003030776978 -5.79879856109619 20.9973754882813
12.2003030776978 -5.79879856109619 25.2624664306641
12.6924285888672 -5.79879856109619 25.2624664306641
3.23498041771529E-15 1 0
21.3047943115234 -10.3989067077637 20.9973754882813
21.3047943115234 -10.3989067077637 25.2624664306641
12.6924285888672 -10.3989067077637 25.2624664306641
-3.31683147702237E-15 -1 0
12.6924285888672 -10.3989067077637 25.2624664306641
12.6924285888672 -10.3989067077637 20.9973754882813
21.3047943115234 -10.3989067077637 20.9973754882813
-3.31683147702237E-15 -1 0
21.3047943115234 -9.90678024291992 25.2624664306641
21.3047943115234 -9.90678024291992 20.9973754882813
20.8126697540283 -9.90678024291992 25.2624664306641
3.31683147702237E-15 1 0
20.8126697540283 -9.90678024291992 25.2624664306641
21.3047943115234 -9.90678024291992 20.9973754882813
20.8126697540283 -9.90678024291992 20.9973754882813
3.31683147702237E-15 1 0
20.8126697540283 -9.90678024291992 20.9973754882813
12.6924285888672 -9.90678024291992 20.9973754882813
12.6924285888672 -9.90678024291992 25.2624664306641
3.31683147702237E-15 1 0
20.8126697540283 -9.90678024291992 20.9973754882813
12.6924285888672 -9.90678024291992 25.2624664306641
20.8126697540283 -9.90678024291992 25.2624664306641
3.31683147702237E-15 1 0
21.3047943115234 -10.3989067077637 20.9973754882813
12.6924285888672 -10.3989067077637 20.9973754882813
20.8126697540283 -9.90678024291992 20.9973754882813
0 0 -1
12.6924285888672 -9.90678024291992 20.9973754882813
20.8126697540283 -9.90678024291992 20.9973754882813
12.6924285888672 -10.3989067077637 20.9973754882813
0 0 -1
20.8126697540283 -9.90678024291992 20.9973754882813
21.3047943115234 -9.90678024291992 20.9973754882813
21.3047943115234 -10.3989067077637 20.9973754882813
0 0 -1
12.6924285888672 -10.3989067077637 25.2624664306641
21.3047943115234 -10.3989067077637 25.2624664306641
20.8126697540283 -9.90678024291992 25.2624664306641
0 0 1
21.3047943115234 -9.90678024291992 25.2624664306641
20.8126697540283 -9.90678024291992 25.2624664306641
21.3047943115234 -10.3989067077637 25.2624664306641
0 0 1
20.8126697540283 -9.90678024291992 25.2624664306641
12.6924285888672 -9.90678024291992 25.2624664306641
12.6924285888672 -10.3989067077637 25.2624664306641
0 0 1
12.6924285888672 -10.3989067077637 25.2624664306641
12.6924285888672 -9.90678024291992 25.2624664306641
12.6924285888672 -9.90678024291992 20.9973754882813
-1 1.54697689804015E-15 0
12.6924285888672 -9.90678024291992 20.9973754882813
12.6924285888672 -10.3989067077637 20.9973754882813
12.6924285888672 -10.3989067077637 25.2624664306641
-1 1.54697689804015E-15 0
21.3047943115234 -10.3989067077637 20.9973754882813
21.3047943115234 -9.90678024291992 20.9973754882813
21.3047943115234 -9.90678024291992 25.2624664306641
1 -1.54697689804015E-15 0
21.3047943115234 -9.90678024291992 25.2624664306641
21.3047943115234 -10.3989067077637 25.2624664306641
21.3047943115234 -10.3989067077637 20.9973754882813
1 -1.54697689804015E-15 0
21.3047943115234 -5.79879856109619 20.9973754882813
21.3047943115234 -5.79879856109619 25.2624664306641
21.3047943115234 -9.90678024291992 25.2624664306641
1 -1.54697689804015E-15 0
21.3047943115234 -9.90678024291992 25.2624664306641
21.3047943115234 -9.90678024291992 20.9973754882813
21.3047943115234 -5.79879856109619 20.9973754882813
1 -1.54697689804015E-15 0
20.8126697540283 -9.90678024291992 25.2624664306641
20.8126697540283 -5.79879856109619 25.2624664306641
20.8126697540283 -5.79879856109619 20.9973754882813
-1 1.54697689804015E-15 0
20.8126697540283 -5.79879856109619 20.9973754882813
20.8126697540283 -9.90678024291992 20.9973754882813
20.8126697540283 -9.90678024291992 25.2624664306641
-1 1.54697689804015E-15 0
21.3047943115234 -9.90678024291992 20.9973754882813
20.8126697540283 -9.90678024291992 20.9973754882813
20.8126697540283 -5.79879856109619 20.9973754882813
0 0 -1
20.8126697540283 -5.79879856109619 20.9973754882813
21.3047943115234 -5.79879856109619 20.9973754882813
21.3047943115234 -9.90678024291992 20.9973754882813
0 0 -1
21.3047943115234 -5.79879856109619 25.2624664306641
20.8126697540283 -5.79879856109619 25.2624664306641
20.8126697540283 -9.90678024291992 25.2624664306641
0 0 1
20.8126697540283 -9.90678024291992 25.2624664306641
21.3047943115234 -9.90678024291992 25.2624664306641
21.3047943115234 -5.79879856109619 25.2624664306641
0 0 1
21.3047943115234 -9.90678024291992 25.2624664306641
20.8126697540283 -9.90678024291992 25.2624664306641
20.8126697540283 -9.90678024291992 20.9973754882813
-3.31683147702237E-15 -1 0
20.8126697540283 -9.90678024291992 20.9973754882813
21.3047943115234 -9.90678024291992 20.9973754882813
21.3047943115234 -9.90678024291992 25.2624664306641
-3.31683147702237E-15 -1 0
20.8126697540283 -5.79879856109619 20.9973754882813
20.8126697540283 -5.79879856109619 25.2624664306641
21.3047943115234 -5.79879856109619 25.2624664306641
3.23498041771529E-15 1 0
21.3047943115234 -5.79879856109619 25.2624664306641
21.3047943115234 -5.79879856109619 20.9973754882813
20.8126697540283 -5.79879856109619 20.9973754882813
3.23498041771529E-15 1 0
[LEVEL]
4F
-23.884126663208 -5.4707145690918 32.8083992004395
-23.884126663208 -5.4707145690918 43.6351699829102
-23.884126663208 0.434797197580338 43.6351699829102
-1 1.70979020415518E-15 0
-23.884126663208 0.434797197580338 43.6351699829102
-23.884126663208 0.434797197580338 32.8083992004395
-23.884126663208 -5.4707145690918 32.8083992004395
-1 1.70979020415518E-15 0
-23.2279586791992 -5.1426305770874 43.6351699829102
-23.2279586791992 -5.4707145690918 43.6351699829102
-23.2279586791992 -5.1426305770874 32.8083992004395
1 -1.70979020415518E-15 0
-23.2279586791992 -5.1426305770874 32.8083992004395
-23.2279586791992 -5.4707145690918 43.6351699829102
-23.2279586791992 -5.4707145690918 32.8083992004395
1 -1.70979020415518E-15 0
-23.2279586791992 -5.1426305770874 32.8083992004395
-23.2279586791992 0.434797197580338 32.8083992004395
-23.2279586791992 0.434797197580338 43.6351699829102
1 -1.70979020415518E-15 0
-23.2279586791992 -5.1426305770874 32.8083992004395
-23.2279586791992 0.434797197580338 43.6351699829102
-23.2279586791992 -5.1426305770874 43.6351699829102
1 -1.70979020415518E-15 0
-23.884126663208 -5.4707145690918 32.8083992004395
-23.884126663208 0.434797197580338 32.8083992004395
-23.2279586791992 -5.1426305770874 32.8083992004395
0 0 -1
-23.2279586791992 0.434797197580338 32.8083992004395
-23.2279586791992 -5.1426305770874 32.8083992004395
-23.884126663208 0.434797197580338 32.8083992004395
0 0 -1
-23.2279586791992 -5.1426305770874 32.8083992004395
-23.2279586791992 -5.4707145690918 32.8083992004395
-23.884126663208 -5.4707145690918 32.8083992004395
0 0 -1
-23.884126663208 -5.4707145690918 32.8083992004395
-23.2279586791992 -5.4707145690918 32.8083992004395
-23.2279586791992 -5.4707145690918 43.6351699829102
-1.35358391162299E-15 -1 0
-23.2279586791992 -5.4707145690918 43.6351699829102
-23.884126663208 -5.4707145690918 43.6351699829102
-23.884126663208 -5.4707145690918 32.8083992004395
-1.35358391162299E-15 -1 0
-23.884126663208 0.434797197580338 43.6351699829102
-23.884126663208 -5.4707145690918 43.6351699829102
-23.2279586791992 -5.1426305770874 43.6351699829102
0 0 1
-23.2279586791992 -5.4707145690918 43.6351699829102
-23.2279586791992 -5.1426305770874 43.6351699829102
-23.884126663208 -5.4707145690918 43.6351699829102
0 0 1
-23.2279586791992 -5.1426305770874 43.6351699829102
-23.2279586791992 0.434797197580338 43.6351699829102
-23.884126663208 0.434797197580338 43.6351699829102
0 0 1
-23.884126663208 0.434797197580338 43.6351699829102
-23.2279586791992 0.434797197580338 43.6351699829102
-23.2279586791992 0.434797197580338 32.8083992004395
1.69197988952874E-15 1 0
-23.2279586791992 0.434797197580338 32.8083992004395
-23.884126663208 0.434797197580338 32.8083992004395
-23.884126663208 0.434797197580338 43.6351699829102
1.69197988952874E-15 1 0
-14.0416069030762 -5.79879856109619 43.6351699829102
-23.2279586791992 -5.79879856109619 32.8083992004395
-14.0416069030762 -5.79879856109619 32.8083992004395
-3.23498041771529E-15 -1 0
-13.3854389190674 -5.79879856109619 43.6351699829102
-14.0416069030762 -5.79879856109619 32.8083992004395
-13.3854389190674 -5.79879856109619 32.8083992004395
-3.23498041771529E-15 -1 0
-23.2279586791992 -5.79879856109619 43.6351699829102
-23.2279586791992 -5.79879856109619 32.8083992004395
-14.0416069030762 -5.79879856109619 43.6351699829102
-3.23498041771529E-15 -1 0
-13.3854389190674 -5.79879856109619 43.6351699829102
14.5422039031982 -5.79879856109619 39.6981620788574
28.9373950958252 -5.79879856109619 43.6351699829102
-3.23498041771529E-15 -1 0
-13.3854389190674 -5.79879856109619 43.6351699829102
-14.0416069030762 -5.79879856109619 43.6351699829102
-14.0416069030762 -5.79879856109619 32.8083992004395
-3.23498041771529E-15 -1 0
14.5422039031982 -5.79879856109619 39.6981620788574
-13.3854389190674 -5.79879856109619 43.6351699829102
-13.3854389190674 -5.79879856109619 32.8083992004395
-3.23498041771529E-15 -1 0
-13.3854389190674 -5.79879856109619 32.8083992004395
14.5422039031982 -5.79879856109619 32.8083992004395
14.5422039031982 -5.79879856109619 39.6981620788574
-3.23498041771529E-15 -1 0
23.0723876953125 -5.79879856109619 39.6981620788574
17.4949588775635 -5.79879856109619 32.8083992004395
23.0723876953125 -5.79879856109619 32.8083992004395
-3.23498041771529E-15 -1 0
17.4949588775635 -5.79879856109619 39.6981620788574
23.0723876953125 -5.79879856109619 39.6981620788574
28.9373950958252 -5.79879856109619 43.6351699829102
-3.23498041771529E-15 -1 0
17.4949588775635 -5.79879856109619 39.6981620788574
17.4949588775635 -5.79879856109619 32.8083992004395
23.0723876953125 -5.79879856109619 39.6981620788574
-3.23498041771529E-15 -1 0
28.9373950958252 -5.79879856109619 39.6981620788574
28.9373950958252 -5.79879856109619 43.6351699829102
23.0723876953125 -5.79879856109619 39.6981620788574
-3.23498041771529E-15 -1 0
17.4949588775635 -5.79879856109619 39.6981620788574
28.9373950958252 -5.79879856109619 43.6351699829102
14.5422039031982 -5.79879856109619 39.6981620788574
-3.23498041771529E-15 -1 0
17.4949588775635 -5.1426305770874 32.8083992004395
23.0723876953125 -5.1426305770874 39.6981620788574
23.0723876953125 -5.1426305770874 32.8083992004395
3.23498041771529E-15 1 0
14.5422039031982 -5.1426305770874 32.8083992004395
14.5016994476318 -5.1426305770874 32.8083992004395
14.5422039031982 -5.1426305770874 39.6981620788574
3.23498041771529E-15 1 0
14.5422039031982 -5.1426305770874 39.6981620788574
13.1893634796143 -5.1426305770874 32.8083992004395
7.11981010437012 -5.1426305770874 32.8083992004395
3.23498041771529E-15 1 0
6.79172611236572 -5.1426305770874 32.8083992004395
6.79172611236572 -5.1426305770874 43.6351699829102
7.11981010437012 -5.1426305770874 32.8083992004395
3.23498041771529E-15 1 0
14.5016994476318 -5.1426305770874 32.8083992004395
13.1893634796143 -5.1426305770874 32.8083992004395
14.5422039031982 -5.1426305770874 39.6981620788574
3.23498041771529E-15 1 0
6.79172611236572 -5.1426305770874 43.6351699829102
6.79172611236572 -5.1426305770874 32.8083992004395
2.1985502243042 -5.1426305770874 32.8083992004395
3.23498041771529E-15 1 0
28.9373950958252 -5.1426305770874 43.6351699829102
23.0723876953125 -5.1426305770874 39.6981620788574
14.5016994476318 -5.1426305770874 43.6351699829102
3.23498041771529E-15 1 0
17.4949588775635 -5.1426305770874 39.6981620788574
23.0723876953125 -5.1426305770874 39.6981620788574
17.4949588775635 -5.1426305770874 32.8083992004395
3.23498041771529E-15 1 0
28.9373950958252 -5.1426305770874 43.6351699829102
28.9373950958252 -5.1426305770874 39.6981620788574
23.0723876953125 -5.1426305770874 39.6981620788574
3.23498041771529E-15 1 0
23.0723876953125 -5.1426305770874 39.6981620788574
17.4949588775635 -5.1426305770874 39.6981620788574
14.5016994476318 -5.1426305770874 43.6351699829102
3.23498041771529E-15 1 0
7.11981010437012 -5.1426305770874 32.8083992004395
7.11981010437012 -5.1426305770874 43.6351699829102
14.5422039031982 -5.1426305770874 39.6981620788574
3.23498041771529E-15 1 0
7.11981010437012 -5.1426305770874 43.6351699829102
7.11981010437012 -5.1426305770874 32.8083992004395
6.79172611236572 -5.1426305770874 43.6351699829102
3.23498041771529E-15 1 0
14.5422039031982 -5.1426305770874 39.6981620788574
13.1893634796143 -5.1426305770874 43.6351699829102
14.5016994476318 -5.1426305770874 43.6351699829102
3.23498041771529E-15 1 0
13.1893634796143 -5.1426305770874 43.6351699829102
14.5422039031982 -5.1426305770874 39.6981620788574
7.11981010437012 -5.1426305770874 43.6351699829102
3.23498041771529E-15 1 0
14.5422039031982 -5.1426305770874 39.6981620788574
14.5016994476318 -5.1426305770874 43.6351699829102
17.4949588775635 -5.1426305770874 39.6981620788574
3.23498041771529E-15 1 0
2.1985502243042 -5.1426305770874 32.8083992004395
2.1985502243042 -5.1426305770874 43.6351699829102
6.79172611236572 -5.1426305770874 43.6351699829102
3.23498041771529E-15 1 0
-2.55866765975952 -5.1426305770874 32.8083992004395
-3.21483564376831 -5.1426305770874 32.8083992004395
-2.55866765975952 -5.1426305770874 43.6351699829102
3.23498041771529E-15 1 0
-2.55866765975952 -5.1426305770874 32.8083992004395
-2.55866765975952 -5.1426305770874 43.6351699829102
1.8704662322998 -5.1426305770874 32.8083992004395
3.23498041771529E-15 1 0
-5.51134347915649 -5.1426305770874 32.8083992004395
-3.21483564376831 -5.1426305770874 43.6351699829102
-3.21483564376831 -5.1426305770874 32.8083992004395
3.23498041771529E-15 1 0
-13.3854389190674 -5.1426305770874 32.8083992004395
-14.0416069030762 -5.1426305770874 32.8083992004395
-13.3854389190674 -5.1426305770874 43.6351699829102
3.23498041771529E-15 1 0
-13.3854389190674 -5.1426305770874 32.8083992004395
-6.16751146316528 -5.1426305770874 43.6351699829102
-6.16751146316528 -5.1426305770874 32.8083992004395
3.23498041771529E-15 1 0
-5.51134347915649 -5.1426305770874 43.6351699829102
-5.51134347915649 -5.1426305770874 32.8083992004395
-6.16751146316528 -5.1426305770874 32.8083992004395
3.23498041771529E-15 1 0
-14.0416069030762 -5.1426305770874 43.6351699829102
-14.0416069030762 -5.1426305770874 32.8083992004395
-23.2279586791992 -5.1426305770874 32.8083992004395
3.23498041771529E-15 1 0
2.1985502243042 -5.1426305770874 43.6351699829102
2.1985502243042 -5.1426305770874 32.8083992004395
1.8704662322998 -5.1426305770874 43.6351699829102
3.23498041771529E-15 1 0
-2.55866765975952 -5.1426305770874 43.6351699829102
-3.21483564376831 -5.1426305770874 32.8083992004395
-3.21483564376831 -5.1426305770874 43.6351699829102
3.23498041771529E-15 1 0
1.8704662322998 -5.1426305770874 32.8083992004395
-2.55866765975952 -5.1426305770874 43.6351699829102
1.8704662322998 -5.1426305770874 43.6351699829102
3.23498041771529E-15 1 0
-5.51134347915649 -5.1426305770874 32.8083992004395
-5.51134347915649 -5.1426305770874 43.6351699829102
-3.21483564376831 -5.1426305770874 43.6351699829102
3.23498041771529E-15 1 0
-5.51134347915649 -5.1426305770874 43.6351699829102
-6.16751146316528 -5.1426305770874 32.8083992004395
-6.16751146316528 -5.1426305770874 43.6351699829102
3.23498041771529E-15 1 0
-6.16751146316528 -5.1426305770874 43.6351699829102
-13.3854389190674 -5.1426305770874 32.8083992004395
-13.3854389190674 -5.1426305770874 43.6351699829102
3.23498041771529E-15 1 0
-14.0416069030762 -5.1426305770874 43.6351699829102
-13.3854389190674 -5.1426305770874 43.6351699829102
-14.0416069030762 -5.1426305770874 32.8083992004395
3.23498041771529E-15 1 0
-23.2279586791992 -5.1426305770874 32.8083992004395
-23.2279586791992 -5.1426305770874 43.6351699829102
-14.0416069030762 -5.1426305770874 43.6351699829102
3.23498041771529E-15 1 0
1.8704662322998 -5.1426305770874 43.6351699829102
2.1985502243042 -5.1426305770874 32.8083992004395
1.8704662322998 -5.1426305770874 32.8083992004395
3.23498041771529E-15 1 0
-14.0416069030762 -5.79879856109619 32.8083992004395
-23.2279586791992 -5.79879856109619 32.8083992004395
-23.2279586791992 -5.4707145690918 32.8083992004395
0 0 -1
-14.0416069030762 -5.79879856109619 32.8083992004395
-14.0416069030762 -5.1426305770874 32.8083992004395
-13.3854389190674 -5.79879856109619 32.8083992004395
0 0 -1
-13.3854389190674 -5.79879856109619 32.8083992004395
-5.51134347915649 -5.1426305770874 32.8083992004395
-3.21483564376831 -5.1426305770874 32.8083992004395
0 0 -1
14.5422039031982 -5.79879856109619 32.8083992004395
1.8704662322998 -5.1426305770874 32.8083992004395
2.1985502243042 -5.1426305770874 32.8083992004395
0 0 -1
14.5422039031982 -5.79879856109619 32.8083992004395
-13.3854389190674 -5.79879856109619 32.8083992004395
1.8704662322998 -5.1426305770874 32.8083992004395
0 0 -1
1.8704662322998 -5.1426305770874 32.8083992004395
-13.3854389190674 -5.79879856109619 32.8083992004395
-2.55866765975952 -5.1426305770874 32.8083992004395
0 0 -1
-13.3854389190674 -5.79879856109619 32.8083992004395
-3.21483564376831 -5.1426305770874 32.8083992004395
-2.55866765975952 -5.1426305770874 32.8083992004395
0 0 -1
14.5422039031982 -5.79879856109619 32.8083992004395
2.1985502243042 -5.1426305770874 32.8083992004395
6.79172611236572 -5.1426305770874 32.8083992004395
0 0 -1
-14.0416069030762 -5.79879856109619 32.8083992004395
-23.2279586791992 -5.4707145690918 32.8083992004395
-14.0416069030762 -5.1426305770874 32.8083992004395
0 0 -1
-5.51134347915649 -5.1426305770874 32.8083992004395
-13.3854389190674 -5.79879856109619 32.8083992004395
-6.16751146316528 -5.1426305770874 32.8083992004395
0 0 -1
-13.3854389190674 -5.1426305770874 32.8083992004395
-6.16751146316528 -5.1426305770874 32.8083992004395
-13.3854389190674 -5.79879856109619 32.8083992004395
0 0 -1
-13.3854389190674 -5.79879856109619 32.8083992004395
-14.0416069030762 -5.1426305770874 32.8083992004395
-13.3854389190674 -5.1426305770874 32.8083992004395
0 0 -1
-23.2279586791992 -5.4707145690918 32.8083992004395
-23.2279586791992 -5.1426305770874 32.8083992004395
-14.0416069030762 -5.1426305770874 32.8083992004395
0 0 -1
7.11981010437012 -5.1426305770874 32.8083992004395
13.1893634796143 -5.1426305770874 32.8083992004395
14.5422039031982 -5.79879856109619 32.8083992004395
0 0 -1
14.5422039031982 -5.1426305770874 32.8083992004395
14.5422039031982 -5.79879856109619 32.8083992004395
14.5016994476318 -5.1426305770874 32.8083992004395
0 0 -1
14.5422039031982 -5.79879856109619 32.8083992004395
13.1893634796143 -5.1426305770874 32.8083992004395
14.5016994476318 -5.1426305770874 32.8083992004395
0 0 -1
6.79172611236572 -5.1426305770874 32.8083992004395
7.11981010437012 -5.1426305770874 32.8083992004395
14.5422039031982 -5.79879856109619 32.8083992004395
0 0 -1
23.0723876953125 -5.79879856109619 32.8083992004395
17.4949588775635 -5.79879856109619 32.8083992004395
17.4949588775635 -5.1426305770874 32.8083992004395
0 0 -1
17.4949588775635 -5.1426305770874 32.8083992004395
23.0723876953125 -5.1426305770874 32.8083992004395
23.0723876953125 -5.79879856109619 32.8083992004395
0 0 -1
28.9373950958252 -5.79879856109619 43.6351699829102
28.9373950958252 -5.79879856109619 39.6981620788574
28.9373950958252 -5.1426305770874 39.6981620788574
1 -5.41433564649196E-15 0
28.9373950958252 -5.1426305770874 39.6981620788574
28.9373950958252 -5.1426305770874 43.6351699829102
28.9373950958252 -5.79879856109619 43.6351699829102
1 -5.41433564649196E-15 0
-13.3854389190674 -5.79879856109619 43.6351699829102
6.79172611236572 -5.1426305770874 43.6351699829102
2.1985502243042 -5.1426305770874 43.6351699829102
0 0 1
7.11981010437012 -5.1426305770874 43.6351699829102
6.79172611236572 -5.1426305770874 43.6351699829102
-13.3854389190674 -5.79879856109619 43.6351699829102
0 0 1
28.9373950958252 -5.79879856109619 43.6351699829102
7.11981010437012 -5.1426305770874 43.6351699829102
-13.3854389190674 -5.79879856109619 43.6351699829102
0 0 1
28.9373950958252 -5.79879856109619 43.6351699829102
13.1893634796143 -5.1426305770874 43.6351699829102
7.11981010437012 -5.1426305770874 43.6351699829102
0 0 1
-23.2279586791992 -5.79879856109619 43.6351699829102
-14.0416069030762 -5.79879856109619 43.6351699829102
-23.2279586791992 -5.4707145690918 43.6351699829102
0 0 1
-14.0416069030762 -5.1426305770874 43.6351699829102
-14.0416069030762 -5.79879856109619 43.6351699829102
-13.3854389190674 -5.79879856109619 43.6351699829102
0 0 1
1.8704662322998 -5.1426305770874 43.6351699829102
-13.3854389190674 -5.79879856109619 43.6351699829102
2.1985502243042 -5.1426305770874 43.6351699829102
0 0 1
-2.55866765975952 -5.1426305770874 43.6351699829102
-13.3854389190674 -5.79879856109619 43.6351699829102
1.8704662322998 -5.1426305770874 43.6351699829102
0 0 1
-14.0416069030762 -5.79879856109619 43.6351699829102
-14.0416069030762 -5.1426305770874 43.6351699829102
-23.2279586791992 -5.4707145690918 43.6351699829102
0 0 1
-3.21483564376831 -5.1426305770874 43.6351699829102
-5.51134347915649 -5.1426305770874 43.6351699829102
-13.3854389190674 -5.79879856109619 43.6351699829102
0 0 1
28.9373950958252 -5.79879856109619 43.6351699829102
14.5016994476318 -5.1426305770874 43.6351699829102
13.1893634796143 -5.1426305770874 43.6351699829102
0 0 1
28.9373950958252 -5.1426305770874 43.6351699829102
14.5016994476318 -5.1426305770874 43.6351699829102
28.9373950958252 -5.79879856109619 43.6351699829102
0 0 1
-13.3854389190674 -5.1426305770874 43.6351699829102
-13.3854389190674 -5.79879856109619 43.6351699829102
-6.16751146316528 -5.1426305770874 43.6351699829102
0 0 1
-23.2279586791992 -5.4707145690918 43.6351699829102
-14.0416069030762 -5.1426305770874 43.6351699829102
-23.2279586791992 -5.1426305770874 43.6351699829102
0 0 1
-13.3854389190674 -5.1426305770874 43.6351699829102
-14.0416069030762 -5.1426305770874 43.6351699829102
-13.3854389190674 -5.79879856109619 43.6351699829102
0 0 1
-6.16751146316528 -5.1426305770874 43.6351699829102
-13.3854389190674 -5.79879856109619 43.6351699829102
-5.51134347915649 -5.1426305770874 43.6351699829102
0 0 1
-13.3854389190674 -5.79879856109619 43.6351699829102
-2.55866765975952 -5.1426305770874 43.6351699829102
-3.21483564376831 -5.1426305770874 43.6351699829102
0 0 1
-23.2279586791992 -5.4707145690918 32.8083992004395
-23.2279586791992 -5.79879856109619 32.8083992004395
-23.2279586791992 -5.79879856109619 43.6351699829102
-1 2.70716782324847E-15 0
-23.2279586791992 -5.4707145690918 43.6351699829102
-23.2279586791992 -5.4707145690918 32.8083992004395
-23.2279586791992 -5.79879856109619 43.6351699829102
-1 2.70716782324847E-15 0
-23.2279586791992 -5.4707145690918 43.6351699829102
-23.2279586791992 -5.1426305770874 43.6351699829102
-23.2279586791992 -5.4707145690918 32.8083992004395
-1 2.70716782324847E-15 0
-23.2279586791992 -5.1426305770874 32.8083992004395
-23.2279586791992 -5.4707145690918 32.8083992004395
-23.2279586791992 -5.1426305770874 43.6351699829102
-1 2.70716782324847E-15 0
23.0723876953125 -5.1426305770874 39.6981620788574
28.9373950958252 -5.1426305770874 39.6981620788574
28.9373950958252 -5.79879856109619 39.6981620788574
0 0 -1
28.9373950958252 -5.79879856109619 39.6981620788574
23.0723876953125 -5.79879856109619 39.6981620788574
23.0723876953125 -5.1426305770874 39.6981620788574
0 0 -1
23.0723876953125 -5.79879856109619 39.6981620788574
23.0723876953125 -5.79879856109619 32.8083992004395
23.0723876953125 -5.1426305770874 32.8083992004395
1 -3.19744231092045E-15 0
23.0723876953125 -5.1426305770874 32.8083992004395
23.0723876953125 -5.1426305770874 39.6981620788574
23.0723876953125 -5.79879856109619 39.6981620788574
1 -3.19744231092045E-15 0
17.4949588775635 -5.1426305770874 39.6981620788574
17.4949588775635 -5.1426305770874 32.8083992004395
17.4949588775635 -5.79879856109619 32.8083992004395
-1 3.19744231092045E-15 0
17.4949588775635 -5.79879856109619 32.8083992004395
17.4949588775635 -5.79879856109619 39.6981620788574
17.4949588775635 -5.1426305770874 39.6981620788574
-1 3.19744231092045E-15 0
17.4949588775635 -5.79879856109619 39.6981620788574
14.5422039031982 -5.79879856109619 39.6981620788574
14.5422039031982 -5.1426305770874 39.6981620788574
0 0 -1
14.5422039031982 -5.1426305770874 39.6981620788574
17.4949588775635 -5.1426305770874 39.6981620788574
17.4949588775635 -5.79879856109619 39.6981620788574
0 0 -1
14.5422039031982 -5.79879856109619 39.6981620788574
14.5422039031982 -5.79879856109619 32.8083992004395
14.5422039031982 -5.1426305770874 32.8083992004395
1 -3.19744231092045E-15 0
14.5422039031982 -5.1426305770874 32.8083992004395
14.5422039031982 -5.1426305770874 39.6981620788574
14.5422039031982 -5.79879856109619 39.6981620788574
1 -3.19744231092045E-15 0
13.845531463623 -4.48646259307861 32.8083992004395
13.845531463623 6.15910387039185 32.8083992004395
13.845531463623 6.15910387039185 39.6981620788574
1 -1.63451642158245E-15 0
13.845531463623 -4.48646259307861 43.6351699829102
13.845531463623 6.15910387039185 39.6981620788574
13.845531463623 12.9019889831543 43.6351699829102
1 -1.63451642158245E-15 0
13.845531463623 6.15910387039185 39.6981620788574
13.845531463623 -4.48646259307861 43.6351699829102
13.845531463623 -4.48646259307861 32.8083992004395
1 -1.63451642158245E-15 0
13.845531463623 9.11185932159424 32.8083992004395
13.845531463623 12.9019889831543 32.8083992004395
13.845531463623 9.11185932159424 39.6981620788574
1 -1.63451642158245E-15 0
13.845531463623 9.11185932159424 39.6981620788574
13.845531463623 12.9019889831543 43.6351699829102
13.845531463623 6.15910387039185 39.6981620788574
1 -1.63451642158245E-15 0
13.845531463623 12.9019889831543 43.6351699829102
13.845531463623 9.11185932159424 39.6981620788574
13.845531463623 12.9019889831543 32.8083992004395
1 -1.63451642158245E-15 0
13.1893634796143 12.9019889831543 32.8083992004395
13.1893634796143 9.11185932159424 32.8083992004395
13.1893634796143 9.11185932159424 39.6981620788574
-1 1.63451642158245E-15 0
13.1893634796143 12.9019889831543 43.6351699829102
13.1893634796143 9.11185932159424 39.6981620788574
13.1893634796143 6.15910387039185 39.6981620788574
-1 1.63451642158245E-15 0
13.1893634796143 9.11185932159424 39.6981620788574
13.1893634796143 12.9019889831543 43.6351699829102
13.1893634796143 12.9019889831543 32.8083992004395
-1 1.63451642158245E-15 0
13.1893634796143 6.15910387039185 32.8083992004395
13.1893634796143 -4.48646259307861 32.8083992004395
13.1893634796143 6.15910387039185 39.6981620788574
-1 1.63451642158245E-15 0
13.1893634796143 6.15910387039185 39.6981620788574
13.1893634796143 -4.48646259307861 43.6351699829102
13.1893634796143 12.9019889831543 43.6351699829102
-1 1.63451642158245E-15 0
13.1893634796143 -4.48646259307861 43.6351699829102
13.1893634796143 6.15910387039185 39.6981620788574
13.1893634796143 -4.48646259307861 32.8083992004395
-1 1.63451642158245E-15 0
13.845531463623 12.9019889831543 32.8083992004395
13.845531463623 9.11185932159424 32.8083992004395
13.1893634796143 12.9019889831543 32.8083992004395
0 0 -1
13.1893634796143 9.11185932159424 32.8083992004395
13.1893634796143 12.9019889831543 32.8083992004395
13.845531463623 9.11185932159424 32.8083992004395
0 0 -1
13.845531463623 6.15910387039185 32.8083992004395
13.845531463623 -4.48646259307861 32.8083992004395
13.1893634796143 -4.48646259307861 32.8083992004395
0 0 -1
13.1893634796143 -4.48646259307861 32.8083992004395
13.1893634796143 6.15910387039185 32.8083992004395
13.845531463623 6.15910387039185 32.8083992004395
0 0 -1
13.845531463623 12.9019889831543 32.8083992004395
13.1893634796143 12.9019889831543 32.8083992004395
13.1893634796143 12.9019889831543 43.6351699829102
0 1 0
13.1893634796143 12.9019889831543 43.6351699829102
13.845531463623 12.9019889831543 43.6351699829102
13.845531463623 12.9019889831543 32.8083992004395
0 1 0
13.845531463623 12.9019889831543 43.6351699829102
13.1893634796143 12.9019889831543 43.6351699829102
13.1893634796143 -4.48646259307861 43.6351699829102
0 0 1
13.1893634796143 -4.48646259307861 43.6351699829102
13.845531463623 -4.48646259307861 43.6351699829102
13.845531463623 12.9019889831543 43.6351699829102
0 0 1
13.845531463623 -4.48646259307861 43.6351699829102
13.1893634796143 -4.48646259307861 43.6351699829102
13.1893634796143 -4.48646259307861 32.8083992004395
-1.35358391162299E-15 -1 0
13.1893634796143 -4.48646259307861 32.8083992004395
13.845531463623 -4.48646259307861 32.8083992004395
13.845531463623 -4.48646259307861 43.6351699829102
-1.35358391162299E-15 -1 0
13.845531463623 6.15910387039185 39.6981620788574
13.845531463623 6.15910387039185 32.8083992004395
13.1893634796143 6.15910387039185 32.8083992004395
1.59872115546023E-15 1 0
13.1893634796143 6.15910387039185 32.8083992004395
13.1893634796143 6.15910387039185 39.6981620788574
13.845531463623 6.15910387039185 39.6981620788574
1.59872115546023E-15 1 0
13.1893634796143 6.15910387039185 39.6981620788574
13.1893634796143 9.11185932159424 39.6981620788574
13.845531463623 9.11185932159424 39.6981620788574
0 0 -1
13.845531463623 9.11185932159424 39.6981620788574
13.845531463623 6.15910387039185 39.6981620788574
13.1893634796143 6.15910387039185 39.6981620788574
0 0 -1
13.1893634796143 9.11185932159424 39.6981620788574
13.1893634796143 9.11185932159424 32.8083992004395
13.845531463623 9.11185932159424 32.8083992004395
-1.59872115546023E-15 -1 0
13.845531463623 9.11185932159424 32.8083992004395
13.845531463623 9.11185932159424 39.6981620788574
13.1893634796143 9.11185932159424 39.6981620788574
-1.59872115546023E-15 -1 0
-2.55866765975952 -2.68200063705444 43.6351699829102
-2.55866765975952 -5.1426305770874 32.8083992004395
-2.55866765975952 -2.68200063705444 32.8083992004395
1 -1.6243006939476E-15 0
-2.55866765975952 -2.35391664505005 43.6351699829102
-2.55866765975952 -2.68200063705444 32.8083992004395
-2.55866765975952 -2.35391664505005 32.8083992004395
1 -1.6243006939476E-15 0
-2.55866765975952 -5.1426305770874 32.8083992004395
-2.55866765975952 -2.68200063705444 43.6351699829102
-2.55866765975952 -5.1426305770874 43.6351699829102
1 -1.6243006939476E-15 0
-2.55866765975952 -2.68200063705444 43.6351699829102
-2.55866765975952 -2.68200063705444 32.8083992004395
-2.55866765975952 -2.35391664505005 43.6351699829102
1 -1.6243006939476E-15 0
-2.55866765975952 -2.35391664505005 32.8083992004395
-2.55866765975952 6.09863042831421 39.6981620788574
-2.55866765975952 -2.35391664505005 43.6351699829102
1 -1.6243006939476E-15 0
-2.55866765975952 9.0513858795166 39.6981620788574
-2.55866765975952 9.0513858795166 32.8083992004395
-2.55866765975952 12.9019889831543 32.8083992004395
1 -1.6243006939476E-15 0
-2.55866765975952 6.09863042831421 39.6981620788574
-2.55866765975952 9.0513858795166 39.6981620788574
-2.55866765975952 12.9019889831543 43.6351699829102
1 -1.6243006939476E-15 0
-2.55866765975952 12.9019889831543 43.6351699829102
-2.55866765975952 9.0513858795166 39.6981620788574
-2.55866765975952 12.9019889831543 32.8083992004395
1 -1.6243006939476E-15 0
-2.55866765975952 6.09863042831421 39.6981620788574
-2.55866765975952 12.9019889831543 43.6351699829102
-2.55866765975952 -2.35391664505005 43.6351699829102
1 -1.6243006939476E-15 0
-2.55866765975952 6.09863042831421 32.8083992004395
-2.55866765975952 6.09863042831421 39.6981620788574
-2.55866765975952 -2.35391664505005 32.8083992004395
1 -1.6243006939476E-15 0
-3.21483564376831 9.0513858795166 39.6981620788574
-3.21483564376831 12.9019889831543 32.8083992004395
-3.21483564376831 9.0513858795166 32.8083992004395
-1 1.6243006939476E-15 0
-3.21483564376831 2.56734323501587 43.6351699829102
-3.21483564376831 12.9019889831543 43.6351699829102
-3.21483564376831 9.0513858795166 39.6981620788574
-1 1.6243006939476E-15 0
-3.21483564376831 9.0513858795166 39.6981620788574
-3.21483564376831 12.9019889831543 43.6351699829102
-3.21483564376831 12.9019889831543 32.8083992004395
-1 1.6243006939476E-15 0
-3.21483564376831 2.56734323501587 43.6351699829102
-3.21483564376831 9.0513858795166 39.6981620788574
-3.21483564376831 6.09863042831421 39.6981620788574
-1 1.6243006939476E-15 0
-3.21483564376831 6.09863042831421 32.8083992004395
-3.21483564376831 2.56734323501587 32.8083992004395
-3.21483564376831 6.09863042831421 39.6981620788574
-1 1.6243006939476E-15 0
-3.21483564376831 1.91117513179779 32.8083992004395
-3.21483564376831 -5.1426305770874 32.8083992004395
-3.21483564376831 1.91117513179779 43.6351699829102
-1 1.6243006939476E-15 0
-3.21483564376831 1.91117513179779 32.8083992004395
-3.21483564376831 1.91117513179779 43.6351699829102
-3.21483564376831 6.09863042831421 39.6981620788574
-1 1.6243006939476E-15 0
-3.21483564376831 2.56734323501587 43.6351699829102
-3.21483564376831 6.09863042831421 39.6981620788574
-3.21483564376831 1.91117513179779 43.6351699829102
-1 1.6243006939476E-15 0
-3.21483564376831 -5.1426305770874 43.6351699829102
-3.21483564376831 1.91117513179779 43.6351699829102
-3.21483564376831 -5.1426305770874 32.8083992004395
-1 1.6243006939476E-15 0
-3.21483564376831 6.09863042831421 39.6981620788574
-3.21483564376831 2.56734323501587 32.8083992004395
-3.21483564376831 1.91117513179779 32.8083992004395
-1 1.6243006939476E-15 0
-2.55866765975952 -2.35391664505005 32.8083992004395
-2.55866765975952 -2.68200063705444 32.8083992004395
-3.21483564376831 -5.1426305770874 32.8083992004395
0 0 -1
-3.21483564376831 1.91117513179779 32.8083992004395
-2.55866765975952 6.09863042831421 32.8083992004395
-2.55866765975952 -2.35391664505005 32.8083992004395
0 0 -1
-3.21483564376831 -5.1426305770874 32.8083992004395
-2.55866765975952 -2.68200063705444 32.8083992004395
-2.55866765975952 -5.1426305770874 32.8083992004395
0 0 -1
-3.21483564376831 1.91117513179779 32.8083992004395
-3.21483564376831 2.56734323501587 32.8083992004395
-2.55866765975952 6.09863042831421 32.8083992004395
0 0 -1
-3.21483564376831 2.56734323501587 32.8083992004395
-3.21483564376831 6.09863042831421 32.8083992004395
-2.55866765975952 6.09863042831421 32.8083992004395
0 0 -1
-3.21483564376831 1.91117513179779 32.8083992004395
-2.55866765975952 -2.35391664505005 32.8083992004395
-3.21483564376831 -5.1426305770874 32.8083992004395
0 0 -1
-2.55866765975952 12.9019889831543 32.8083992004395
-2.55866765975952 9.0513858795166 32.8083992004395
-3.21483564376831 9.0513858795166 32.8083992004395
0 0 -1
-3.21483564376831 9.0513858795166 32.8083992004395
-3.21483564376831 12.9019889831543 32.8083992004395
-2.55866765975952 12.9019889831543 32.8083992004395
0 0 -1
-2.55866765975952 12.9019889831543 32.8083992004395
-3.21483564376831 12.9019889831543 32.8083992004395
-3.21483564376831 12.9019889831543 43.6351699829102
5.41433564649196E-15 1 0
-3.21483564376831 12.9019889831543 43.6351699829102
-2.55866765975952 12.9019889831543 43.6351699829102
-2.55866765975952 12.9019889831543 32.8083992004395
5.41433564649196E-15 1 0
-2.55866765975952 -2.35391664505005 43.6351699829102
-2.55866765975952 12.9019889831543 43.6351699829102
-3.21483564376831 2.56734323501587 43.6351699829102
0 0 1
-3.21483564376831 -5.1426305770874 43.6351699829102
-2.55866765975952 -5.1426305770874 43.6351699829102
-2.55866765975952 -2.68200063705444 43.6351699829102
0 0 1
-2.55866765975952 -2.68200063705444 43.6351699829102
-2.55866765975952 -2.35391664505005 43.6351699829102
-3.21483564376831 -5.1426305770874 43.6351699829102
0 0 1
-3.21483564376831 12.9019889831543 43.6351699829102
-3.21483564376831 2.56734323501587 43.6351699829102
-2.55866765975952 12.9019889831543 43.6351699829102
0 0 1
-3.21483564376831 -5.1426305770874 43.6351699829102
-2.55866765975952 -2.35391664505005 43.6351699829102
-3.21483564376831 1.91117513179779 43.6351699829102
0 0 1
-3.21483564376831 1.91117513179779 43.6351699829102
-2.55866765975952 -2.35391664505005 43.6351699829102
-3.21483564376831 2.56734323501587 43.6351699829102
0 0 1
-2.55866765975952 -5.1426305770874 43.6351699829102
-3.21483564376831 -5.1426305770874 43.6351699829102
-3.21483564376831 -5.1426305770874 32.8083992004395
-3.23498041771529E-15 -1 0
-3.21483564376831 -5.1426305770874 32.8083992004395
-2.55866765975952 -5.1426305770874 32.8083992004395
-2.55866765975952 -5.1426305770874 43.6351699829102
-3.23498041771529E-15 -1 0
-2.55866765975952 6.09863042831421 39.6981620788574
-2.55866765975952 6.09863042831421 32.8083992004395
-3.21483564376831 6.09863042831421 32.8083992004395
1.59872115546023E-15 1 0
-3.21483564376831 6.09863042831421 32.8083992004395
-3.21483564376831 6.09863042831421 39.6981620788574
-2.55866765975952 6.09863042831421 39.6981620788574
1.59872115546023E-15 1 0
-3.21483564376831 6.09863042831421 39.6981620788574
-3.21483564376831 9.0513858795166 39.6981620788574
-2.55866765975952 9.0513858795166 39.6981620788574
0 0 -1
-2.55866765975952 9.0513858795166 39.6981620788574
-2.55866765975952 6.09863042831421 39.6981620788574
-3.21483564376831 6.09863042831421 39.6981620788574
0 0 -1
-3.21483564376831 9.0513858795166 39.6981620788574
-3.21483564376831 9.0513858795166 32.8083992004395
-2.55866765975952 9.0513858795166 32.8083992004395
-1.59872115546023E-15 -1 0
-2.55866765975952 9.0513858795166 32.8083992004395
-2.55866765975952 9.0513858795166 39.6981620788574
-3.21483564376831 9.0513858795166 39.6981620788574
-1.59872115546023E-15 -1 0
-5.51134347915649 1.91117513179779 32.8083992004395
-5.51134347915649 1.91117513179779 43.6351699829102
-5.51134347915649 -5.1426305770874 43.6351699829102
1 -1.61278083086996E-15 0
-5.51134347915649 -5.1426305770874 43.6351699829102
-5.51134347915649 -5.1426305770874 32.8083992004395
-5.51134347915649 1.91117513179779 32.8083992004395
1 -1.61278083086996E-15 0
-6.16751146316528 -5.1426305770874 43.6351699829102
-6.16751146316528 1.91117513179779 43.6351699829102
-6.16751146316528 1.91117513179779 32.8083992004395
-1 1.61278083086996E-15 0
-6.16751146316528 1.91117513179779 32.8083992004395
-6.16751146316528 -5.1426305770874 32.8083992004395
-6.16751146316528 -5.1426305770874 43.6351699829102
-1 1.61278083086996E-15 0
-5.51134347915649 -5.1426305770874 32.8083992004395
-6.16751146316528 -5.1426305770874 32.8083992004395
-6.16751146316528 1.91117513179779 32.8083992004395
0 0 -1
-6.16751146316528 1.91117513179779 32.8083992004395
-5.51134347915649 1.91117513179779 32.8083992004395
-5.51134347915649 -5.1426305770874 32.8083992004395
0 0 -1
-5.51134347915649 1.91117513179779 43.6351699829102
-6.16751146316528 1.91117513179779 43.6351699829102
-6.16751146316528 -5.1426305770874 43.6351699829102
0 0 1
-6.16751146316528 -5.1426305770874 43.6351699829102
-5.51134347915649 -5.1426305770874 43.6351699829102
-5.51134347915649 1.91117513179779 43.6351699829102
0 0 1
-5.51134347915649 -5.1426305770874 43.6351699829102
-6.16751146316528 -5.1426305770874 43.6351699829102
-6.16751146316528 -5.1426305770874 32.8083992004395
-3.23498041771529E-15 -1 0
-6.16751146316528 -5.1426305770874 32.8083992004395
-5.51134347915649 -5.1426305770874 32.8083992004395
-5.51134347915649 -5.1426305770874 43.6351699829102
-3.23498041771529E-15 -1 0
-5.51134347915649 1.91117513179779 32.8083992004395
-6.16751146316528 1.91117513179779 32.8083992004395
-6.16751146316528 1.91117513179779 43.6351699829102
3.24039784903684E-15 1 0
-6.16751146316528 1.91117513179779 43.6351699829102
-5.51134347915649 1.91117513179779 43.6351699829102
-5.51134347915649 1.91117513179779 32.8083992004395
3.24039784903684E-15 1 0
-3.21483564376831 2.56734323501587 32.8083992004395
-11.5809774398804 2.56734323501587 32.8083992004395
-3.21483564376831 2.56734323501587 43.6351699829102
3.24039784903684E-15 1 0
-11.5809774398804 2.56734323501587 43.6351699829102
-3.21483564376831 2.56734323501587 43.6351699829102
-11.5809774398804 2.56734323501587 32.8083992004395
3.24039784903684E-15 1 0
-11.5809774398804 2.56734323501587 32.8083992004395
-11.9090614318848 2.56734323501587 43.6351699829102
-11.5809774398804 2.56734323501587 43.6351699829102
3.24039784903684E-15 1 0
-11.9090614318848 2.56734323501587 32.8083992004395
-13.3854389190674 2.56734323501587 32.8083992004395
-11.9090614318848 2.56734323501587 43.6351699829102
3.24039784903684E-15 1 0
-13.3854389190674 2.56734323501587 43.6351699829102
-11.9090614318848 2.56734323501587 43.6351699829102
-13.3854389190674 2.56734323501587 32.8083992004395
3.24039784903684E-15 1 0
-11.9090614318848 2.56734323501587 32.8083992004395
-11.9090614318848 2.56734323501587 43.6351699829102
-11.5809774398804 2.56734323501587 32.8083992004395
3.24039784903684E-15 1 0
-13.3854389190674 1.91117513179779 32.8083992004395
-6.16751146316528 1.91117513179779 32.8083992004395
-13.3854389190674 1.91117513179779 43.6351699829102
-3.24039784903684E-15 -1 0
-6.16751146316528 1.91117513179779 43.6351699829102
-13.3854389190674 1.91117513179779 43.6351699829102
-6.16751146316528 1.91117513179779 32.8083992004395
-3.24039784903684E-15 -1 0
-6.16751146316528 1.91117513179779 32.8083992004395
-5.51134347915649 1.91117513179779 43.6351699829102
-6.16751146316528 1.91117513179779 43.6351699829102
-3.24039784903684E-15 -1 0
-5.51134347915649 1.91117513179779 32.8083992004395
-3.21483564376831 1.91117513179779 32.8083992004395
-3.21483564376831 1.91117513179779 43.6351699829102
-3.24039784903684E-15 -1 0
-3.21483564376831 1.91117513179779 43.6351699829102
-5.51134347915649 1.91117513179779 43.6351699829102
-5.51134347915649 1.91117513179779 32.8083992004395
-3.24039784903684E-15 -1 0
-5.51134347915649 1.91117513179779 32.8083992004395
-5.51134347915649 1.91117513179779 43.6351699829102
-6.16751146316528 1.91117513179779 32.8083992004395
-3.24039784903684E-15 -1 0
-11.5809774398804 2.56734323501587 32.8083992004395
-3.21483564376831 2.56734323501587 32.8083992004395
-6.16751146316528 1.91117513179779 32.8083992004395
0 0 -1
-13.3854389190674 1.91117513179779 32.8083992004395
-13.3854389190674 2.56734323501587 32.8083992004395
-11.9090614318848 2.56734323501587 32.8083992004395
0 0 -1
-11.9090614318848 2.56734323501587 32.8083992004395
-11.5809774398804 2.56734323501587 32.8083992004395
-13.3854389190674 1.91117513179779 32.8083992004395
0 0 -1
-5.51134347915649 1.91117513179779 32.8083992004395
-6.16751146316528 1.91117513179779 32.8083992004395
-3.21483564376831 2.56734323501587 32.8083992004395
0 0 -1
-6.16751146316528 1.91117513179779 32.8083992004395
-13.3854389190674 1.91117513179779 32.8083992004395
-11.5809774398804 2.56734323501587 32.8083992004395
0 0 -1
-5.51134347915649 1.91117513179779 32.8083992004395
-3.21483564376831 2.56734323501587 32.8083992004395
-3.21483564376831 1.91117513179779 32.8083992004395
0 0 -1
-11.5809774398804 2.56734323501587 43.6351699829102
-11.9090614318848 2.56734323501587 43.6351699829102
-13.3854389190674 1.91117513179779 43.6351699829102
0 0 1
-3.21483564376831 2.56734323501587 43.6351699829102
-11.5809774398804 2.56734323501587 43.6351699829102
-6.16751146316528 1.91117513179779 43.6351699829102
0 0 1
-11.9090614318848 2.56734323501587 43.6351699829102
-13.3854389190674 2.56734323501587 43.6351699829102
-13.3854389190674 1.91117513179779 43.6351699829102
0 0 1
-13.3854389190674 1.91117513179779 43.6351699829102
-6.16751146316528 1.91117513179779 43.6351699829102
-11.5809774398804 2.56734323501587 43.6351699829102
0 0 1
-3.21483564376831 1.91117513179779 43.6351699829102
-3.21483564376831 2.56734323501587 43.6351699829102
-5.51134347915649 1.91117513179779 43.6351699829102
0 0 1
-5.51134347915649 1.91117513179779 43.6351699829102
-3.21483564376831 2.56734323501587 43.6351699829102
-6.16751146316528 1.91117513179779 43.6351699829102
0 0 1
-3.21483564376831 2.56734323501587 43.6351699829102
-3.21483564376831 1.91117513179779 43.6351699829102
-3.21483564376831 1.91117513179779 32.8083992004395
1 -1.6243006939476E-15 0
-3.21483564376831 1.91117513179779 32.8083992004395
-3.21483564376831 2.56734323501587 32.8083992004395
-3.21483564376831 2.56734323501587 43.6351699829102
1 -1.6243006939476E-15 0
-13.3854389190674 2.56734323501587 32.8083992004395
-13.3854389190674 1.91117513179779 32.8083992004395
-13.3854389190674 1.91117513179779 43.6351699829102
-1 1.61480185948008E-15 0
-13.3854389190674 1.91117513179779 43.6351699829102
-13.3854389190674 2.56734323501587 43.6351699829102
-13.3854389190674 2.56734323501587 32.8083992004395
-1 1.61480185948008E-15 0
-13.3854389190674 -5.1426305770874 32.8083992004395
-13.3854389190674 1.91117513179779 32.8083992004395
-13.3854389190674 1.91117513179779 43.6351699829102
1 -1.61480185948008E-15 0
-13.3854389190674 -5.1426305770874 43.6351699829102
-13.3854389190674 -5.1426305770874 32.8083992004395
-13.3854389190674 1.91117513179779 43.6351699829102
1 -1.61480185948008E-15 0
-13.3854389190674 10.0028295516968 39.6981620788574
-13.3854389190674 2.56734323501587 43.6351699829102
-13.3854389190674 2.56734323501587 32.8083992004395
1 -1.61480185948008E-15 0
-13.3854389190674 2.56734323501587 32.8083992004395
-13.3854389190674 2.56734323501587 43.6351699829102
-13.3854389190674 1.91117513179779 43.6351699829102
1 -1.61480185948008E-15 0
-13.3854389190674 1.91117513179779 32.8083992004395
-13.3854389190674 2.56734323501587 32.8083992004395
-13.3854389190674 1.91117513179779 43.6351699829102
1 -1.61480185948008E-15 0
-13.3854389190674 2.56734323501587 32.8083992004395
-13.3854389190674 7.16089010238647 32.8083992004395
-13.3854389190674 10.0028295516968 39.6981620788574
1 -1.61480185948008E-15 0
-13.3854389190674 7.48897409439087 32.8083992004395
-13.3854389190674 10.0028295516968 32.8083992004395
-13.3854389190674 10.0028295516968 39.6981620788574
1 -1.61480185948008E-15 0
-13.3854389190674 10.0028295516968 39.6981620788574
-13.3854389190674 7.16089010238647 43.6351699829102
-13.3854389190674 2.56734323501587 43.6351699829102
1 -1.61480185948008E-15 0
-13.3854389190674 7.16089010238647 43.6351699829102
-13.3854389190674 10.0028295516968 39.6981620788574
-13.3854389190674 7.48897409439087 43.6351699829102
1 -1.61480185948008E-15 0
-13.3854389190674 12.9019889831543 43.6351699829102
-13.3854389190674 7.48897409439087 43.6351699829102
-13.3854389190674 10.0028295516968 39.6981620788574
1 -1.61480185948008E-15 0
-13.3854389190674 12.9019889831543 39.6981620788574
-13.3854389190674 12.9019889831543 43.6351699829102
-13.3854389190674 10.0028295516968 39.6981620788574
1 -1.61480185948008E-15 0
-13.3854389190674 10.0028295516968 39.6981620788574
-13.3854389190674 7.16089010238647 32.8083992004395
-13.3854389190674 7.48897409439087 32.8083992004395
1 -1.61480185948008E-15 0
-14.0416069030762 10.0028295516968 39.6981620788574
-14.0416069030762 12.9019889831543 43.6351699829102
-14.0416069030762 12.9019889831543 39.6981620788574
-1 1.61480185948008E-15 0
-14.0416069030762 10.0028295516968 39.6981620788574
-14.0416069030762 -5.1426305770874 32.8083992004395
-14.0416069030762 -5.1426305770874 43.6351699829102
-1 1.61480185948008E-15 0
-14.0416069030762 -5.1426305770874 32.8083992004395
-14.0416069030762 10.0028295516968 39.6981620788574
-14.0416069030762 10.0028295516968 32.8083992004395
-1 1.61480185948008E-15 0
-14.0416069030762 10.0028295516968 39.6981620788574
-14.0416069030762 -5.1426305770874 43.6351699829102
-14.0416069030762 12.9019889831543 43.6351699829102
-1 1.61480185948008E-15 0
-14.0416069030762 10.0028295516968 32.8083992004395
-13.3854389190674 10.0028295516968 32.8083992004395
-13.3854389190674 7.48897409439087 32.8083992004395
0 0 -1
-13.3854389190674 7.48897409439087 32.8083992004395
-13.3854389190674 7.16089010238647 32.8083992004395
-14.0416069030762 10.0028295516968 32.8083992004395
0 0 -1
-13.3854389190674 1.91117513179779 32.8083992004395
-14.0416069030762 -5.1426305770874 32.8083992004395
-13.3854389190674 2.56734323501587 32.8083992004395
0 0 -1
-14.0416069030762 -5.1426305770874 32.8083992004395
-13.3854389190674 1.91117513179779 32.8083992004395
-13.3854389190674 -5.1426305770874 32.8083992004395
0 0 -1
-13.3854389190674 2.56734323501587 32.8083992004395
-14.0416069030762 10.0028295516968 32.8083992004395
-13.3854389190674 7.16089010238647 32.8083992004395
0 0 -1
-14.0416069030762 10.0028295516968 32.8083992004395
-13.3854389190674 2.56734323501587 32.8083992004395
-14.0416069030762 -5.1426305770874 32.8083992004395
0 0 -1
-13.3854389190674 12.9019889831543 43.6351699829102
-13.3854389190674 12.9019889831543 39.6981620788574
-14.0416069030762 12.9019889831543 39.6981620788574
0 1 0
-14.0416069030762 12.9019889831543 39.6981620788574
-14.0416069030762 12.9019889831543 43.6351699829102
-13.3854389190674 12.9019889831543 43.6351699829102
0 1 0
-13.3854389190674 7.16089010238647 43.6351699829102
-13.3854389190674 7.48897409439087 43.6351699829102
-14.0416069030762 12.9019889831543 43.6351699829102
0 0 1
-13.3854389190674 7.48897409439087 43.6351699829102
-13.3854389190674 12.9019889831543 43.6351699829102
-14.0416069030762 12.9019889831543 43.6351699829102
0 0 1
-13.3854389190674 2.56734323501587 43.6351699829102
-14.0416069030762 12.9019889831543 43.6351699829102
-14.0416069030762 -5.1426305770874 43.6351699829102
0 0 1
-14.0416069030762 12.9019889831543 43.6351699829102
-13.3854389190674 2.56734323501587 43.6351699829102
-13.3854389190674 7.16089010238647 43.6351699829102
0 0 1
-13.3854389190674 1.91117513179779 43.6351699829102
-14.0416069030762 -5.1426305770874 43.6351699829102
-13.3854389190674 -5.1426305770874 43.6351699829102
0 0 1
-14.0416069030762 -5.1426305770874 43.6351699829102
-13.3854389190674 1.91117513179779 43.6351699829102
-13.3854389190674 2.56734323501587 43.6351699829102
0 0 1
-13.3854389190674 -5.1426305770874 43.6351699829102
-14.0416069030762 -5.1426305770874 43.6351699829102
-14.0416069030762 -5.1426305770874 32.8083992004395
-3.23498041771529E-15 -1 0
-14.0416069030762 -5.1426305770874 32.8083992004395
-13.3854389190674 -5.1426305770874 32.8083992004395
-13.3854389190674 -5.1426305770874 43.6351699829102
-3.23498041771529E-15 -1 0
-13.3854389190674 10.0028295516968 39.6981620788574
-13.3854389190674 10.0028295516968 32.8083992004395
-14.0416069030762 10.0028295516968 32.8083992004395
1.59872115546023E-15 1 0
-14.0416069030762 10.0028295516968 32.8083992004395
-14.0416069030762 10.0028295516968 39.6981620788574
-13.3854389190674 10.0028295516968 39.6981620788574
1.59872115546023E-15 1 0
-14.0416069030762 10.0028295516968 39.6981620788574
-14.0416069030762 12.9019889831543 39.6981620788574
-13.3854389190674 12.9019889831543 39.6981620788574
0 0 -1
-13.3854389190674 12.9019889831543 39.6981620788574
-13.3854389190674 10.0028295516968 39.6981620788574
-14.0416069030762 10.0028295516968 39.6981620788574
0 0 -1
-23.884126663208 -7.11113452911377 32.8083992004395
-23.884126663208 -7.11113452911377 43.6351699829102
-23.884126663208 -5.4707145690918 43.6351699829102
-1 2.70716782324847E-15 0
-23.884126663208 -5.4707145690918 43.6351699829102
-23.884126663208 -5.4707145690918 32.8083992004395
-23.884126663208 -7.11113452911377 32.8083992004395
-1 2.70716782324847E-15 0
-23.2279586791992 -7.11113452911377 43.6351699829102
-23.2279586791992 -7.11113452911377 32.8083992004395
-23.2279586791992 -5.79879856109619 32.8083992004395
1 -2.70716782324847E-15 0
-23.2279586791992 -7.11113452911377 43.6351699829102
-23.2279586791992 -5.79879856109619 32.8083992004395
-23.2279586791992 -5.79879856109619 43.6351699829102
1 -2.70716782324847E-15 0
-23.2279586791992 -5.79879856109619 32.8083992004395
-23.2279586791992 -5.4707145690918 43.6351699829102
-23.2279586791992 -5.79879856109619 43.6351699829102
1 -2.70716782324847E-15 0
-23.2279586791992 -5.4707145690918 43.6351699829102
-23.2279586791992 -5.79879856109619 32.8083992004395
-23.2279586791992 -5.4707145690918 32.8083992004395
1 -2.70716782324847E-15 0
-23.884126663208 -7.11113452911377 32.8083992004395
-23.884126663208 -5.4707145690918 32.8083992004395
-23.2279586791992 -5.79879856109619 32.8083992004395
0 0 -1
-23.2279586791992 -5.4707145690918 32.8083992004395
-23.2279586791992 -5.79879856109619 32.8083992004395
-23.884126663208 -5.4707145690918 32.8083992004395
0 0 -1
-23.2279586791992 -5.79879856109619 32.8083992004395
-23.2279586791992 -7.11113452911377 32.8083992004395
-23.884126663208 -7.11113452911377 32.8083992004395
0 0 -1
-23.884126663208 -7.11113452911377 32.8083992004395
-23.2279586791992 -7.11113452911377 32.8083992004395
-23.2279586791992 -7.11113452911377 43.6351699829102
-2.70716782324598E-15 -1 0
-23.2279586791992 -7.11113452911377 43.6351699829102
-23.884126663208 -7.11113452911377 43.6351699829102
-23.884126663208 -7.11113452911377 32.8083992004395
-2.70716782324598E-15 -1 0
-23.884126663208 -5.4707145690918 43.6351699829102
-23.884126663208 -7.11113452911377 43.6351699829102
-23.2279586791992 -5.79879856109619 43.6351699829102
0 0 1
-23.2279586791992 -7.11113452911377 43.6351699829102
-23.2279586791992 -5.79879856109619 43.6351699829102
-23.884126663208 -7.11113452911377 43.6351699829102
0 0 1
-23.2279586791992 -5.79879856109619 43.6351699829102
-23.2279586791992 -5.4707145690918 43.6351699829102
-23.884126663208 -5.4707145690918 43.6351699829102
0 0 1
-23.884126663208 -5.4707145690918 43.6351699829102
-23.2279586791992 -5.4707145690918 43.6351699829102
-23.2279586791992 -5.4707145690918 32.8083992004395
2.70716782324598E-15 1 0
-23.2279586791992 -5.4707145690918 32.8083992004395
-23.884126663208 -5.4707145690918 32.8083992004395
-23.884126663208 -5.4707145690918 43.6351699829102
2.70716782324598E-15 1 0
-14.0416069030762 -7.11113452911377 32.8083992004395
-14.0416069030762 -7.11113452911377 43.6351699829102
-14.0416069030762 -5.79879856109619 43.6351699829102
-1 1.35358391162311E-15 0
-14.0416069030762 -5.79879856109619 43.6351699829102
-14.0416069030762 -5.79879856109619 32.8083992004395
-14.0416069030762 -7.11113452911377 32.8083992004395
-1 1.35358391162311E-15 0
-13.3854389190674 -5.79879856109619 43.6351699829102
-13.3854389190674 -7.11113452911377 43.6351699829102
-13.3854389190674 -7.11113452911377 32.8083992004395
1 -1.35358391162311E-15 0
-13.3854389190674 -7.11113452911377 32.8083992004395
-13.3854389190674 -5.79879856109619 32.8083992004395
-13.3854389190674 -5.79879856109619 43.6351699829102
1 -1.35358391162311E-15 0
-14.0416069030762 -5.79879856109619 32.8083992004395
-13.3854389190674 -5.79879856109619 32.8083992004395
-13.3854389190674 -7.11113452911377 32.8083992004395
0 0 -1
-13.3854389190674 -7.11113452911377 32.8083992004395
-14.0416069030762 -7.11113452911377 32.8083992004395
-14.0416069030762 -5.79879856109619 32.8083992004395
0 0 -1
-14.0416069030762 -7.11113452911377 32.8083992004395
-13.3854389190674 -7.11113452911377 32.8083992004395
-13.3854389190674 -7.11113452911377 43.6351699829102
-1.35358391162299E-15 -1 0
-13.3854389190674 -7.11113452911377 43.6351699829102
-14.0416069030762 -7.11113452911377 43.6351699829102
-14.0416069030762 -7.11113452911377 32.8083992004395
-1.35358391162299E-15 -1 0
-14.0416069030762 -7.11113452911377 43.6351699829102
-13.3854389190674 -7.11113452911377 43.6351699829102
-13.3854389190674 -5.79879856109619 43.6351699829102
0 0 1
-13.3854389190674 -5.79879856109619 43.6351699829102
-14.0416069030762 -5.79879856109619 43.6351699829102
-14.0416069030762 -7.11113452911377 43.6351699829102
0 0 1
-14.0416069030762 -5.79879856109619 43.6351699829102
-13.3854389190674 -5.79879856109619 43.6351699829102
-13.3854389190674 -5.79879856109619 32.8083992004395
3.23498041771529E-15 1 0
-13.3854389190674 -5.79879856109619 32.8083992004395
-14.0416069030762 -5.79879856109619 32.8083992004395
-14.0416069030762 -5.79879856109619 43.6351699829102
3.23498041771529E-15 1 0
-13.3854389190674 7.16089010238647 43.6351699829102
-13.3854389190674 7.16089010238647 32.8083992004395
-11.9090614318848 7.16089010238647 32.8083992004395
-3.44548632049675E-15 -1 0
-13.3854389190674 7.16089010238647 43.6351699829102
-11.9090614318848 7.16089010238647 32.8083992004395
-11.9090614318848 7.16089010238647 43.6351699829102
-3.44548632049675E-15 -1 0
-11.9090614318848 7.16089010238647 32.8083992004395
-11.5809774398804 7.16089010238647 43.6351699829102
-11.9090614318848 7.16089010238647 43.6351699829102
-3.44548632049675E-15 -1 0
-11.5809774398804 7.16089010238647 43.6351699829102
-11.9090614318848 7.16089010238647 32.8083992004395
-11.5809774398804 7.16089010238647 32.8083992004395
-3.44548632049675E-15 -1 0
-13.3854389190674 7.48897409439087 43.6351699829102
-11.5809774398804 7.48897409439087 43.6351699829102
-11.5809774398804 7.48897409439087 32.8083992004395
3.44548632049675E-15 1 0
-11.5809774398804 7.48897409439087 32.8083992004395
-13.3854389190674 7.48897409439087 32.8083992004395
-13.3854389190674 7.48897409439087 43.6351699829102
3.44548632049675E-15 1 0
-11.9090614318848 7.16089010238647 32.8083992004395
-13.3854389190674 7.48897409439087 32.8083992004395
-11.5809774398804 7.48897409439087 32.8083992004395
0 0 -1
-13.3854389190674 7.48897409439087 32.8083992004395
-11.9090614318848 7.16089010238647 32.8083992004395
-13.3854389190674 7.16089010238647 32.8083992004395
0 0 -1
-11.9090614318848 7.16089010238647 32.8083992004395
-11.5809774398804 7.48897409439087 32.8083992004395
-11.5809774398804 7.16089010238647 32.8083992004395
0 0 -1
-11.9090614318848 7.16089010238647 43.6351699829102
-11.5809774398804 7.48897409439087 43.6351699829102
-13.3854389190674 7.48897409439087 43.6351699829102
0 0 1
-11.5809774398804 7.48897409439087 43.6351699829102
-11.9090614318848 7.16089010238647 43.6351699829102
-11.5809774398804 7.16089010238647 43.6351699829102
0 0 1
-11.9090614318848 7.16089010238647 43.6351699829102
-13.3854389190674 7.48897409439087 43.6351699829102
-13.3854389190674 7.16089010238647 43.6351699829102
0 0 1
-13.3854389190674 7.16089010238647 43.6351699829102
-13.3854389190674 7.48897409439087 43.6351699829102
-13.3854389190674 7.48897409439087 32.8083992004395
-1 1.61480185948008E-15 0
-13.3854389190674 7.48897409439087 32.8083992004395
-13.3854389190674 7.16089010238647 32.8083992004395
-13.3854389190674 7.16089010238647 43.6351699829102
-1 1.61480185948008E-15 0
-11.5809774398804 7.16089010238647 32.8083992004395
-11.5809774398804 7.48897409439087 32.8083992004395
-11.5809774398804 7.48897409439087 43.6351699829102
1 -1.54682811124742E-15 0
-11.5809774398804 7.48897409439087 43.6351699829102
-11.5809774398804 7.16089010238647 43.6351699829102
-11.5809774398804 7.16089010238647 32.8083992004395
1 -1.54682811124742E-15 0
-11.9090614318848 7.16089010238647 32.8083992004395
-11.9090614318848 6.23023462295532 32.8083992004395
-11.9090614318848 6.23023462295532 39.6981620788574
-1 1.54682811124742E-15 0
-11.9090614318848 7.16089010238647 43.6351699829102
-11.9090614318848 6.23023462295532 39.6981620788574
-11.9090614318848 3.76960492134094 39.6981620788574
-1 1.54682811124742E-15 0
-11.9090614318848 6.23023462295532 39.6981620788574
-11.9090614318848 7.16089010238647 43.6351699829102
-11.9090614318848 7.16089010238647 32.8083992004395
-1 1.54682811124742E-15 0
-11.9090614318848 3.76960492134094 32.8083992004395
-11.9090614318848 2.56734323501587 32.8083992004395
-11.9090614318848 3.76960492134094 39.6981620788574
-1 1.54682811124742E-15 0
-11.9090614318848 3.76960492134094 39.6981620788574
-11.9090614318848 2.56734323501587 43.6351699829102
-11.9090614318848 7.16089010238647 43.6351699829102
-1 1.54682811124742E-15 0
-11.9090614318848 2.56734323501587 43.6351699829102
-11.9090614318848 3.76960492134094 39.6981620788574
-11.9090614318848 2.56734323501587 32.8083992004395
-1 1.54682811124742E-15 0
-11.5809774398804 2.56734323501587 32.8083992004395
-11.5809774398804 3.76960492134094 32.8083992004395
-11.5809774398804 3.76960492134094 39.6981620788574
1 -1.54682811124742E-15 0
-11.5809774398804 2.56734323501587 43.6351699829102
-11.5809774398804 3.76960492134094 39.6981620788574
-11.5809774398804 7.16089010238647 43.6351699829102
1 -1.54682811124742E-15 0
-11.5809774398804 3.76960492134094 39.6981620788574
-11.5809774398804 2.56734323501587 43.6351699829102
-11.5809774398804 2.56734323501587 32.8083992004395
1 -1.54682811124742E-15 0
-11.5809774398804 6.23023462295532 32.8083992004395
-11.5809774398804 7.16089010238647 32.8083992004395
-11.5809774398804 6.23023462295532 39.6981620788574
1 -1.54682811124742E-15 0
-11.5809774398804 6.23023462295532 39.6981620788574
-11.5809774398804 7.16089010238647 43.6351699829102
-11.5809774398804 3.76960492134094 39.6981620788574
1 -1.54682811124742E-15 0
-11.5809774398804 7.16089010238647 43.6351699829102
-11.5809774398804 6.23023462295532 39.6981620788574
-11.5809774398804 7.16089010238647 32.8083992004395
1 -1.54682811124742E-15 0
-11.9090614318848 6.23023462295532 32.8083992004395
-11.9090614318848 7.16089010238647 32.8083992004395
-11.5809774398804 7.16089010238647 32.8083992004395
0 0 -1
-11.5809774398804 7.16089010238647 32.8083992004395
-11.5809774398804 6.23023462295532 32.8083992004395
-11.9090614318848 6.23023462295532 32.8083992004395
0 0 -1
-11.9090614318848 2.56734323501587 32.8083992004395
-11.9090614318848 3.76960492134094 32.8083992004395
-11.5809774398804 3.76960492134094 32.8083992004395
0 0 -1
-11.5809774398804 3.76960492134094 32.8083992004395
-11.5809774398804 2.56734323501587 32.8083992004395
-11.9090614318848 2.56734323501587 32.8083992004395
0 0 -1
-11.9090614318848 2.56734323501587 43.6351699829102
-11.5809774398804 2.56734323501587 43.6351699829102
-11.5809774398804 7.16089010238647 43.6351699829102
0 0 1
-11.5809774398804 7.16089010238647 43.6351699829102
-11.9090614318848 7.16089010238647 43.6351699829102
-11.9090614318848 2.56734323501587 43.6351699829102
0 0 1
-11.9090614318848 7.16089010238647 43.6351699829102
-11.5809774398804 7.16089010238647 43.6351699829102
-11.5809774398804 7.16089010238647 32.8083992004395
3.44548632049675E-15 1 0
-11.5809774398804 7.16089010238647 32.8083992004395
-11.9090614318848 7.16089010238647 32.8083992004395
-11.9090614318848 7.16089010238647 43.6351699829102
3.44548632049675E-15 1 0
-11.9090614318848 2.56734323501587 32.8083992004395
-11.5809774398804 2.56734323501587 32.8083992004395
-11.5809774398804 2.56734323501587 43.6351699829102
-3.24039784903684E-15 -1 0
-11.5809774398804 2.56734323501587 43.6351699829102
-11.9090614318848 2.56734323501587 43.6351699829102
-11.9090614318848 2.56734323501587 32.8083992004395
-3.24039784903684E-15 -1 0
-11.9090614318848 6.23023462295532 39.6981620788574
-11.9090614318848 6.23023462295532 32.8083992004395
-11.5809774398804 6.23023462295532 32.8083992004395
-1.50990331349021E-15 -1 0
-11.5809774398804 6.23023462295532 32.8083992004395
-11.5809774398804 6.23023462295532 39.6981620788574
-11.9090614318848 6.23023462295532 39.6981620788574
-1.50990331349021E-15 -1 0
-11.5809774398804 6.23023462295532 39.6981620788574
-11.5809774398804 3.76960492134094 39.6981620788574
-11.9090614318848 3.76960492134094 39.6981620788574
0 0 -1
-11.9090614318848 3.76960492134094 39.6981620788574
-11.9090614318848 6.23023462295532 39.6981620788574
-11.5809774398804 6.23023462295532 39.6981620788574
0 0 -1
-11.5809774398804 3.76960492134094 39.6981620788574
-11.5809774398804 3.76960492134094 32.8083992004395
-11.9090614318848 3.76960492134094 32.8083992004395
1.55431223447522E-15 1 0
-11.9090614318848 3.76960492134094 32.8083992004395
-11.9090614318848 3.76960492134094 39.6981620788574
-11.5809774398804 3.76960492134094 39.6981620788574
1.55431223447522E-15 1 0
1.8704662322998 -2.68200063705444 32.8083992004395
2.1985502243042 -2.68200063705444 32.8083992004395
1.8704662322998 -2.68200063705444 43.6351699829102
-3.24677222044671E-15 -1 0
-2.55866765975952 -2.68200063705444 32.8083992004395
1.8704662322998 -2.68200063705444 32.8083992004395
-2.55866765975952 -2.68200063705444 43.6351699829102
-3.24677222044671E-15 -1 0
1.8704662322998 -2.68200063705444 43.6351699829102
-2.55866765975952 -2.68200063705444 43.6351699829102
1.8704662322998 -2.68200063705444 32.8083992004395
-3.24677222044671E-15 -1 0
2.1985502243042 -2.68200063705444 43.6351699829102
1.8704662322998 -2.68200063705444 43.6351699829102
2.1985502243042 -2.68200063705444 32.8083992004395
-3.24677222044671E-15 -1 0
2.1985502243042 -2.68200063705444 32.8083992004395
6.79172611236572 -2.68200063705444 43.6351699829102
2.1985502243042 -2.68200063705444 43.6351699829102
-3.24677222044671E-15 -1 0
6.79172611236572 -2.68200063705444 43.6351699829102
6.79172611236572 -2.68200063705444 32.8083992004395
7.11981010437012 -2.68200063705444 32.8083992004395
-3.24677222044671E-15 -1 0
7.11981010437012 -2.68200063705444 43.6351699829102
7.11981010437012 -2.68200063705444 32.8083992004395
7.15261840820313 -2.68200063705444 32.8083992004395
-3.24677222044671E-15 -1 0
7.11981010437012 -2.68200063705444 32.8083992004395
7.11981010437012 -2.68200063705444 43.6351699829102
6.79172611236572 -2.68200063705444 43.6351699829102
-3.24677222044671E-15 -1 0
7.11981010437012 -2.68200063705444 43.6351699829102
7.15261840820313 -2.68200063705444 32.8083992004395
7.15261840820313 -2.68200063705444 43.6351699829102
-3.24677222044671E-15 -1 0
6.79172611236572 -2.68200063705444 32.8083992004395
6.79172611236572 -2.68200063705444 43.6351699829102
2.1985502243042 -2.68200063705444 32.8083992004395
-3.24677222044671E-15 -1 0
-2.55866765975952 -2.35391664505005 43.6351699829102
7.15261840820313 -2.35391664505005 43.6351699829102
7.15261840820313 -2.35391664505005 32.8083992004395
3.24677222044671E-15 1 0
7.15261840820313 -2.35391664505005 32.8083992004395
-2.55866765975952 -2.35391664505005 32.8083992004395
-2.55866765975952 -2.35391664505005 43.6351699829102
3.24677222044671E-15 1 0
7.15261840820313 -2.35391664505005 32.8083992004395
7.15261840820313 -2.68200063705444 32.8083992004395
7.11981010437012 -2.68200063705444 32.8083992004395
0 0 -1
7.11981010437012 -2.68200063705444 32.8083992004395
6.79172611236572 -2.68200063705444 32.8083992004395
7.15261840820313 -2.35391664505005 32.8083992004395
0 0 -1
1.8704662322998 -2.68200063705444 32.8083992004395
-2.55866765975952 -2.35391664505005 32.8083992004395
2.1985502243042 -2.68200063705444 32.8083992004395
0 0 -1
-2.55866765975952 -2.35391664505005 32.8083992004395
1.8704662322998 -2.68200063705444 32.8083992004395
-2.55866765975952 -2.68200063705444 32.8083992004395
0 0 -1
2.1985502243042 -2.68200063705444 32.8083992004395
7.15261840820313 -2.35391664505005 32.8083992004395
6.79172611236572 -2.68200063705444 32.8083992004395
0 0 -1
7.15261840820313 -2.35391664505005 32.8083992004395
2.1985502243042 -2.68200063705444 32.8083992004395
-2.55866765975952 -2.35391664505005 32.8083992004395
0 0 -1
7.15261840820313 -2.68200063705444 32.8083992004395
7.15261840820313 -2.35391664505005 32.8083992004395
7.15261840820313 -2.35391664505005 43.6351699829102
1 0 0
7.15261840820313 -2.35391664505005 43.6351699829102
7.15261840820313 -2.68200063705444 43.6351699829102
7.15261840820313 -2.68200063705444 32.8083992004395
1 0 0
6.79172611236572 -2.68200063705444 43.6351699829102
7.11981010437012 -2.68200063705444 43.6351699829102
7.15261840820313 -2.35391664505005 43.6351699829102
0 0 1
7.11981010437012 -2.68200063705444 43.6351699829102
7.15261840820313 -2.68200063705444 43.6351699829102
7.15261840820313 -2.35391664505005 43.6351699829102
0 0 1
2.1985502243042 -2.68200063705444 43.6351699829102
7.15261840820313 -2.35391664505005 43.6351699829102
-2.55866765975952 -2.35391664505005 43.6351699829102
0 0 1
7.15261840820313 -2.35391664505005 43.6351699829102
2.1985502243042 -2.68200063705444 43.6351699829102
6.79172611236572 -2.68200063705444 43.6351699829102
0 0 1
1.8704662322998 -2.68200063705444 43.6351699829102
-2.55866765975952 -2.35391664505005 43.6351699829102
-2.55866765975952 -2.68200063705444 43.6351699829102
0 0 1
-2.55866765975952 -2.35391664505005 43.6351699829102
1.8704662322998 -2.68200063705444 43.6351699829102
2.1985502243042 -2.68200063705444 43.6351699829102
0 0 1
-2.55866765975952 -2.68200063705444 43.6351699829102
-2.55866765975952 -2.35391664505005 43.6351699829102
-2.55866765975952 -2.35391664505005 32.8083992004395
-1 1.6243006939476E-15 0
-2.55866765975952 -2.35391664505005 32.8083992004395
-2.55866765975952 -2.68200063705444 32.8083992004395
-2.55866765975952 -2.68200063705444 43.6351699829102
-1 1.6243006939476E-15 0
6.79172611236572 -5.1426305770874 32.8083992004395
6.79172611236572 -5.1426305770874 43.6351699829102
6.79172611236572 -2.68200063705444 43.6351699829102
-1 1.44382283906492E-15 0
6.79172611236572 -2.68200063705444 43.6351699829102
6.79172611236572 -2.68200063705444 32.8083992004395
6.79172611236572 -5.1426305770874 32.8083992004395
-1 1.44382283906492E-15 0
7.11981010437012 -2.68200063705444 43.6351699829102
7.11981010437012 -5.1426305770874 43.6351699829102
7.11981010437012 -5.1426305770874 32.8083992004395
1 -1.44382283906492E-15 0
7.11981010437012 -5.1426305770874 32.8083992004395
7.11981010437012 -2.68200063705444 32.8083992004395
7.11981010437012 -2.68200063705444 43.6351699829102
1 -1.44382283906492E-15 0
6.79172611236572 -2.68200063705444 32.8083992004395
7.11981010437012 -2.68200063705444 32.8083992004395
7.11981010437012 -5.1426305770874 32.8083992004395
0 0 -1
7.11981010437012 -5.1426305770874 32.8083992004395
6.79172611236572 -5.1426305770874 32.8083992004395
6.79172611236572 -2.68200063705444 32.8083992004395
0 0 -1
6.79172611236572 -5.1426305770874 43.6351699829102
7.11981010437012 -5.1426305770874 43.6351699829102
7.11981010437012 -2.68200063705444 43.6351699829102
0 0 1
7.11981010437012 -2.68200063705444 43.6351699829102
6.79172611236572 -2.68200063705444 43.6351699829102
6.79172611236572 -5.1426305770874 43.6351699829102
0 0 1
6.79172611236572 -5.1426305770874 32.8083992004395
7.11981010437012 -5.1426305770874 32.8083992004395
7.11981010437012 -5.1426305770874 43.6351699829102
-3.23498041771529E-15 -1 0
7.11981010437012 -5.1426305770874 43.6351699829102
6.79172611236572 -5.1426305770874 43.6351699829102
6.79172611236572 -5.1426305770874 32.8083992004395
-3.23498041771529E-15 -1 0
6.79172611236572 -2.68200063705444 43.6351699829102
7.11981010437012 -2.68200063705444 43.6351699829102
7.11981010437012 -2.68200063705444 32.8083992004395
3.24677222044671E-15 1 0
7.11981010437012 -2.68200063705444 32.8083992004395
6.79172611236572 -2.68200063705444 32.8083992004395
6.79172611236572 -2.68200063705444 43.6351699829102
3.24677222044671E-15 1 0
1.8704662322998 -5.1426305770874 32.8083992004395
1.8704662322998 -5.1426305770874 43.6351699829102
1.8704662322998 -2.68200063705444 43.6351699829102
-1 1.62430069394773E-15 0
1.8704662322998 -2.68200063705444 43.6351699829102
1.8704662322998 -2.68200063705444 32.8083992004395
1.8704662322998 -5.1426305770874 32.8083992004395
-1 1.62430069394773E-15 0
2.1985502243042 -2.68200063705444 43.6351699829102
2.1985502243042 -5.1426305770874 43.6351699829102
2.1985502243042 -5.1426305770874 32.8083992004395
1 -1.62430069394773E-15 0
2.1985502243042 -5.1426305770874 32.8083992004395
2.1985502243042 -2.68200063705444 32.8083992004395
2.1985502243042 -2.68200063705444 43.6351699829102
1 -1.62430069394773E-15 0
1.8704662322998 -2.68200063705444 32.8083992004395
2.1985502243042 -2.68200063705444 32.8083992004395
2.1985502243042 -5.1426305770874 32.8083992004395
0 0 -1
2.1985502243042 -5.1426305770874 32.8083992004395
1.8704662322998 -5.1426305770874 32.8083992004395
1.8704662322998 -2.68200063705444 32.8083992004395
0 0 -1
1.8704662322998 -5.1426305770874 43.6351699829102
2.1985502243042 -5.1426305770874 43.6351699829102
2.1985502243042 -2.68200063705444 43.6351699829102
0 0 1
2.1985502243042 -2.68200063705444 43.6351699829102
1.8704662322998 -2.68200063705444 43.6351699829102
1.8704662322998 -5.1426305770874 43.6351699829102
0 0 1
1.8704662322998 -5.1426305770874 32.8083992004395
2.1985502243042 -5.1426305770874 32.8083992004395
2.1985502243042 -5.1426305770874 43.6351699829102
-3.23498041771529E-15 -1 0
2.1985502243042 -5.1426305770874 43.6351699829102
1.8704662322998 -5.1426305770874 43.6351699829102
1.8704662322998 -5.1426305770874 32.8083992004395
-3.23498041771529E-15 -1 0
1.8704662322998 -2.68200063705444 43.6351699829102
2.1985502243042 -2.68200063705444 43.6351699829102
2.1985502243042 -2.68200063705444 32.8083992004395
3.24677222044671E-15 1 0
2.1985502243042 -2.68200063705444 32.8083992004395
1.8704662322998 -2.68200063705444 32.8083992004395
1.8704662322998 -2.68200063705444 43.6351699829102
3.24677222044671E-15 1 0
30.2497310638428 -5.1426305770874 32.8083992004395
30.2497310638428 2.45689797401428 34.7769012451172
30.2497310638428 2.45689797401428 36.7769012451172
1 -1.63451642158249E-15 0
30.2497310638428 2.45689797401428 34.7769012451172
30.2497310638428 -5.1426305770874 32.8083992004395
30.2497310638428 13.8862409591675 32.8083992004395
1 -1.63451642158249E-15 0
30.2497310638428 -5.1426305770874 43.6351699829102
30.2497310638428 2.45689797401428 36.7769012451172
30.2497310638428 13.8862409591675 43.6351699829102
1 -1.63451642158249E-15 0
30.2497310638428 2.45689797401428 36.7769012451172
30.2497310638428 -5.1426305770874 43.6351699829102
30.2497310638428 -5.1426305770874 32.8083992004395
1 -1.63451642158249E-15 0
30.2497310638428 6.39390563964844 34.7769012451172
30.2497310638428 13.8862409591675 32.8083992004395
30.2497310638428 6.39390563964844 36.7769012451172
1 -1.63451642158249E-15 0
30.2497310638428 13.8862409591675 32.8083992004395
30.2497310638428 6.39390563964844 34.7769012451172
30.2497310638428 2.45689797401428 34.7769012451172
1 -1.63451642158249E-15 0
30.2497310638428 6.39390563964844 36.7769012451172
30.2497310638428 13.8862409591675 43.6351699829102
30.2497310638428 2.45689797401428 36.7769012451172
1 -1.63451642158249E-15 0
30.2497310638428 13.8862409591675 43.6351699829102
30.2497310638428 6.39390563964844 36.7769012451172
30.2497310638428 13.8862409591675 32.8083992004395
1 -1.63451642158249E-15 0
29.593563079834 12.9019889831543 43.6351699829102
29.593563079834 13.8862409591675 32.8083992004395
29.593563079834 12.9019889831543 32.8083992004395
-1 1.63451642158249E-15 0
29.593563079834 6.39390563964844 34.7769012451172
29.593563079834 12.9019889831543 32.8083992004395
29.593563079834 2.45689797401428 34.7769012451172
-1 1.63451642158249E-15 0
29.593563079834 6.39390563964844 36.7769012451172
29.593563079834 12.9019889831543 32.8083992004395
29.593563079834 6.39390563964844 34.7769012451172
-1 1.63451642158249E-15 0
29.593563079834 13.8862409591675 32.8083992004395
29.593563079834 12.9019889831543 43.6351699829102
29.593563079834 13.8862409591675 43.6351699829102
-1 1.63451642158249E-15 0
29.593563079834 12.9019889831543 43.6351699829102
29.593563079834 12.9019889831543 32.8083992004395
29.593563079834 6.39390563964844 36.7769012451172
-1 1.63451642158249E-15 0
29.593563079834 12.9019889831543 43.6351699829102
29.593563079834 6.39390563964844 36.7769012451172
29.593563079834 2.45689797401428 36.7769012451172
-1 1.63451642158249E-15 0
29.593563079834 2.45689797401428 36.7769012451172
29.593563079834 2.45689797401428 34.7769012451172
29.593563079834 -4.48646259307861 32.8083992004395
-1 1.63451642158249E-15 0
29.593563079834 -4.48646259307861 32.8083992004395
29.593563079834 2.45689797401428 34.7769012451172
29.593563079834 12.9019889831543 32.8083992004395
-1 1.63451642158249E-15 0
29.593563079834 -4.48646259307861 43.6351699829102
29.593563079834 -4.48646259307861 32.8083992004395
29.593563079834 -5.1426305770874 32.8083992004395
-1 1.63451642158249E-15 0
29.593563079834 -4.48646259307861 32.8083992004395
29.593563079834 -4.48646259307861 43.6351699829102
29.593563079834 2.45689797401428 36.7769012451172
-1 1.63451642158249E-15 0
29.593563079834 -4.48646259307861 43.6351699829102
29.593563079834 -5.1426305770874 32.8083992004395
29.593563079834 -5.1426305770874 43.6351699829102
-1 1.63451642158249E-15 0
29.593563079834 2.45689797401428 36.7769012451172
29.593563079834 -4.48646259307861 43.6351699829102
29.593563079834 12.9019889831543 43.6351699829102
-1 1.63451642158249E-15 0
30.2497310638428 13.8862409591675 32.8083992004395
30.2497310638428 -5.1426305770874 32.8083992004395
29.593563079834 12.9019889831543 32.8083992004395
0 0 -1
29.593563079834 12.9019889831543 32.8083992004395
30.2497310638428 -5.1426305770874 32.8083992004395
29.593563079834 -4.48646259307861 32.8083992004395
0 0 -1
30.2497310638428 13.8862409591675 32.8083992004395
29.593563079834 12.9019889831543 32.8083992004395
29.593563079834 13.8862409591675 32.8083992004395
0 0 -1
29.593563079834 -5.1426305770874 32.8083992004395
29.593563079834 -4.48646259307861 32.8083992004395
30.2497310638428 -5.1426305770874 32.8083992004395
0 0 -1
30.2497310638428 13.8862409591675 32.8083992004395
29.593563079834 13.8862409591675 32.8083992004395
29.593563079834 13.8862409591675 43.6351699829102
5.41433564649196E-15 1 0
29.593563079834 13.8862409591675 43.6351699829102
30.2497310638428 13.8862409591675 43.6351699829102
30.2497310638428 13.8862409591675 32.8083992004395
5.41433564649196E-15 1 0
30.2497310638428 -5.1426305770874 43.6351699829102
30.2497310638428 13.8862409591675 43.6351699829102
29.593563079834 12.9019889831543 43.6351699829102
0 0 1
29.593563079834 12.9019889831543 43.6351699829102
30.2497310638428 13.8862409591675 43.6351699829102
29.593563079834 13.8862409591675 43.6351699829102
0 0 1
30.2497310638428 -5.1426305770874 43.6351699829102
29.593563079834 12.9019889831543 43.6351699829102
29.593563079834 -4.48646259307861 43.6351699829102
0 0 1
29.593563079834 -4.48646259307861 43.6351699829102
29.593563079834 -5.1426305770874 43.6351699829102
30.2497310638428 -5.1426305770874 43.6351699829102
0 0 1
30.2497310638428 -5.1426305770874 43.6351699829102
29.593563079834 -5.1426305770874 43.6351699829102
29.593563079834 -5.1426305770874 32.8083992004395
-1.35358391162299E-15 -1 0
29.593563079834 -5.1426305770874 32.8083992004395
30.2497310638428 -5.1426305770874 32.8083992004395
30.2497310638428 -5.1426305770874 43.6351699829102
-1.35358391162299E-15 -1 0
30.2497310638428 6.39390563964844 36.7769012451172
29.593563079834 6.39390563964844 36.7769012451172
29.593563079834 6.39390563964844 34.7769012451172
-6.76791955811495E-15 -1 0
29.593563079834 6.39390563964844 34.7769012451172
30.2497310638428 6.39390563964844 34.7769012451172
30.2497310638428 6.39390563964844 36.7769012451172
-6.76791955811495E-15 -1 0
30.2497310638428 6.39390563964844 34.7769012451172
29.593563079834 6.39390563964844 34.7769012451172
29.593563079834 2.45689797401428 34.7769012451172
0 0 1
29.593563079834 2.45689797401428 34.7769012451172
30.2497310638428 2.45689797401428 34.7769012451172
30.2497310638428 6.39390563964844 34.7769012451172
0 0 1
30.2497310638428 2.45689797401428 34.7769012451172
29.593563079834 2.45689797401428 34.7769012451172
29.593563079834 2.45689797401428 36.7769012451172
4.06075173486897E-15 1 0
29.593563079834 2.45689797401428 36.7769012451172
30.2497310638428 2.45689797401428 36.7769012451172
30.2497310638428 2.45689797401428 34.7769012451172
4.06075173486897E-15 1 0
30.2497310638428 2.45689797401428 36.7769012451172
29.593563079834 2.45689797401428 36.7769012451172
29.593563079834 6.39390563964844 36.7769012451172
0 0 -1
29.593563079834 6.39390563964844 36.7769012451172
30.2497310638428 6.39390563964844 36.7769012451172
30.2497310638428 2.45689797401428 36.7769012451172
0 0 -1
12.2003030776978 -5.79879856109619 31.824146270752
12.2003030776978 -10.3764314651489 31.824146270752
12.2003030776978 -10.3764314651489 36.0892372131348
-1 1.54697689804015E-15 0
12.2003030776978 -10.3764314651489 36.0892372131348
12.2003030776978 -5.79879856109619 36.0892372131348
12.2003030776978 -5.79879856109619 31.824146270752
-1 1.54697689804015E-15 0
12.6924285888672 -10.3764314651489 36.0892372131348
12.6924285888672 -10.3764314651489 31.824146270752
12.6924285888672 -9.88430595397949 36.0892372131348
1 -1.54697689804015E-15 0
12.6924285888672 -9.88430595397949 36.0892372131348
12.6924285888672 -10.3764314651489 31.824146270752
12.6924285888672 -9.88430595397949 31.824146270752
1 -1.54697689804015E-15 0
12.6924285888672 -9.88430595397949 31.824146270752
12.6924285888672 -5.79879856109619 31.824146270752
12.6924285888672 -5.79879856109619 36.0892372131348
1 -1.54697689804015E-15 0
12.6924285888672 -9.88430595397949 31.824146270752
12.6924285888672 -5.79879856109619 36.0892372131348
12.6924285888672 -9.88430595397949 36.0892372131348
1 -1.54697689804015E-15 0
12.2003030776978 -10.3764314651489 31.824146270752
12.2003030776978 -5.79879856109619 31.824146270752
12.6924285888672 -9.88430595397949 31.824146270752
0 0 -1
12.6924285888672 -5.79879856109619 31.824146270752
12.6924285888672 -9.88430595397949 31.824146270752
12.2003030776978 -5.79879856109619 31.824146270752
0 0 -1
12.6924285888672 -9.88430595397949 31.824146270752
12.6924285888672 -10.3764314651489 31.824146270752
12.2003030776978 -10.3764314651489 31.824146270752
0 0 -1
12.2003030776978 -5.79879856109619 36.0892372131348
12.2003030776978 -10.3764314651489 36.0892372131348
12.6924285888672 -9.88430595397949 36.0892372131348
0 0 1
12.6924285888672 -10.3764314651489 36.0892372131348
12.6924285888672 -9.88430595397949 36.0892372131348
12.2003030776978 -10.3764314651489 36.0892372131348
0 0 1
12.6924285888672 -9.88430595397949 36.0892372131348
12.6924285888672 -5.79879856109619 36.0892372131348
12.2003030776978 -5.79879856109619 36.0892372131348
0 0 1
12.2003030776978 -10.3764314651489 31.824146270752
12.6924285888672 -10.3764314651489 31.824146270752
12.6924285888672 -10.3764314651489 36.0892372131348
-3.31683147702237E-15 -1 0
12.6924285888672 -10.3764314651489 36.0892372131348
12.2003030776978 -10.3764314651489 36.0892372131348
12.2003030776978 -10.3764314651489 31.824146270752
-3.31683147702237E-15 -1 0
12.6924285888672 -5.79879856109619 36.0892372131348
12.6924285888672 -5.79879856109619 31.824146270752
12.2003030776978 -5.79879856109619 31.824146270752
3.23498041771529E-15 1 0
12.2003030776978 -5.79879856109619 31.824146270752
12.2003030776978 -5.79879856109619 36.0892372131348
12.6924285888672 -5.79879856109619 36.0892372131348
3.23498041771529E-15 1 0
21.3047943115234 -10.3764314651489 31.824146270752
21.3047943115234 -10.3764314651489 36.0892372131348
12.6924285888672 -10.3764314651489 36.0892372131348
-3.31683147702237E-15 -1 0
12.6924285888672 -10.3764314651489 36.0892372131348
12.6924285888672 -10.3764314651489 31.824146270752
21.3047943115234 -10.3764314651489 31.824146270752
-3.31683147702237E-15 -1 0
21.3047943115234 -9.88430595397949 36.0892372131348
21.3047943115234 -9.88430595397949 31.824146270752
20.8126697540283 -9.88430595397949 36.0892372131348
3.31683147702237E-15 1 0
20.8126697540283 -9.88430595397949 36.0892372131348
21.3047943115234 -9.88430595397949 31.824146270752
20.8126697540283 -9.88430595397949 31.824146270752
3.31683147702237E-15 1 0
20.8126697540283 -9.88430595397949 31.824146270752
12.6924285888672 -9.88430595397949 31.824146270752
12.6924285888672 -9.88430595397949 36.0892372131348
3.31683147702237E-15 1 0
20.8126697540283 -9.88430595397949 31.824146270752
12.6924285888672 -9.88430595397949 36.0892372131348
20.8126697540283 -9.88430595397949 36.0892372131348
3.31683147702237E-15 1 0
21.3047943115234 -10.3764314651489 31.824146270752
12.6924285888672 -10.3764314651489 31.824146270752
20.8126697540283 -9.88430595397949 31.824146270752
0 0 -1
12.6924285888672 -9.88430595397949 31.824146270752
20.8126697540283 -9.88430595397949 31.824146270752
12.6924285888672 -10.3764314651489 31.824146270752
0 0 -1
20.8126697540283 -9.88430595397949 31.824146270752
21.3047943115234 -9.88430595397949 31.824146270752
21.3047943115234 -10.3764314651489 31.824146270752
0 0 -1
12.6924285888672 -10.3764314651489 36.0892372131348
21.3047943115234 -10.3764314651489 36.0892372131348
20.8126697540283 -9.88430595397949 36.0892372131348
0 0 1
21.3047943115234 -9.88430595397949 36.0892372131348
20.8126697540283 -9.88430595397949 36.0892372131348
21.3047943115234 -10.3764314651489 36.0892372131348
0 0 1
20.8126697540283 -9.88430595397949 36.0892372131348
12.6924285888672 -9.88430595397949 36.0892372131348
12.6924285888672 -10.3764314651489 36.0892372131348
0 0 1
12.6924285888672 -10.3764314651489 36.0892372131348
12.6924285888672 -9.88430595397949 36.0892372131348
12.6924285888672 -9.88430595397949 31.824146270752
-1 1.54697689804015E-15 0
12.6924285888672 -9.88430595397949 31.824146270752
12.6924285888672 -10.3764314651489 31.824146270752
12.6924285888672 -10.3764314651489 36.0892372131348
-1 1.54697689804015E-15 0
21.3047943115234 -10.3764314651489 31.824146270752
21.3047943115234 -9.88430595397949 31.824146270752
21.3047943115234 -9.88430595397949 36.0892372131348
1 -1.54697689804015E-15 0
21.3047943115234 -9.88430595397949 36.0892372131348
21.3047943115234 -10.3764314651489 36.0892372131348
21.3047943115234 -10.3764314651489 31.824146270752
1 -1.54697689804015E-15 0
21.3047943115234 -5.79879856109619 31.824146270752
21.3047943115234 -5.79879856109619 36.0892372131348
21.3047943115234 -9.88430595397949 36.0892372131348
1 -1.54697689804015E-15 0
21.3047943115234 -9.88430595397949 36.0892372131348
21.3047943115234 -9.88430595397949 31.824146270752
21.3047943115234 -5.79879856109619 31.824146270752
1 -1.54697689804015E-15 0
20.8126697540283 -9.88430595397949 36.0892372131348
20.8126697540283 -5.79879856109619 36.0892372131348
20.8126697540283 -5.79879856109619 31.824146270752
-1 1.54697689804015E-15 0
20.8126697540283 -5.79879856109619 31.824146270752
20.8126697540283 -9.88430595397949 31.824146270752
20.8126697540283 -9.88430595397949 36.0892372131348
-1 1.54697689804015E-15 0
21.3047943115234 -9.88430595397949 31.824146270752
20.8126697540283 -9.88430595397949 31.824146270752
20.8126697540283 -5.79879856109619 31.824146270752
0 0 -1
20.8126697540283 -5.79879856109619 31.824146270752
21.3047943115234 -5.79879856109619 31.824146270752
21.3047943115234 -9.88430595397949 31.824146270752
0 0 -1
21.3047943115234 -5.79879856109619 36.0892372131348
20.8126697540283 -5.79879856109619 36.0892372131348
20.8126697540283 -9.88430595397949 36.0892372131348
0 0 1
20.8126697540283 -9.88430595397949 36.0892372131348
21.3047943115234 -9.88430595397949 36.0892372131348
21.3047943115234 -5.79879856109619 36.0892372131348
0 0 1
21.3047943115234 -9.88430595397949 36.0892372131348
20.8126697540283 -9.88430595397949 36.0892372131348
20.8126697540283 -9.88430595397949 31.824146270752
-3.31683147702237E-15 -1 0
20.8126697540283 -9.88430595397949 31.824146270752
21.3047943115234 -9.88430595397949 31.824146270752
21.3047943115234 -9.88430595397949 36.0892372131348
-3.31683147702237E-15 -1 0
20.8126697540283 -5.79879856109619 31.824146270752
20.8126697540283 -5.79879856109619 36.0892372131348
21.3047943115234 -5.79879856109619 36.0892372131348
3.23498041771529E-15 1 0
21.3047943115234 -5.79879856109619 36.0892372131348
21.3047943115234 -5.79879856109619 31.824146270752
20.8126697540283 -5.79879856109619 31.824146270752
3.23498041771529E-15 1 0
[LEVEL]
5F
-23.884126663208 -5.4707145690918 43.6351699829102
-23.884126663208 -5.4707145690918 54.4619407653809
-23.884126663208 0.434797197580338 54.4619407653809
-1 1.70979020415518E-15 0
-23.884126663208 0.434797197580338 54.4619407653809
-23.884126663208 0.434797197580338 43.6351699829102
-23.884126663208 -5.4707145690918 43.6351699829102
-1 1.70979020415518E-15 0
-23.2279586791992 -5.1426305770874 54.4619407653809
-23.2279586791992 -5.4707145690918 54.4619407653809
-23.2279586791992 -5.1426305770874 43.6351699829102
1 -1.70979020415518E-15 0
-23.2279586791992 -5.1426305770874 43.6351699829102
-23.2279586791992 -5.4707145690918 54.4619407653809
-23.2279586791992 -5.4707145690918 43.6351699829102
1 -1.70979020415518E-15 0
-23.2279586791992 -5.1426305770874 43.6351699829102
-23.2279586791992 0.434797197580338 43.6351699829102
-23.2279586791992 0.434797197580338 54.4619407653809
1 -1.70979020415518E-15 0
-23.2279586791992 -5.1426305770874 43.6351699829102
-23.2279586791992 0.434797197580338 54.4619407653809
-23.2279586791992 -5.1426305770874 54.4619407653809
1 -1.70979020415518E-15 0
-23.884126663208 -5.4707145690918 43.6351699829102
-23.884126663208 0.434797197580338 43.6351699829102
-23.2279586791992 -5.1426305770874 43.6351699829102
0 0 -1
-23.2279586791992 0.434797197580338 43.6351699829102
-23.2279586791992 -5.1426305770874 43.6351699829102
-23.884126663208 0.434797197580338 43.6351699829102
0 0 -1
-23.2279586791992 -5.1426305770874 43.6351699829102
-23.2279586791992 -5.4707145690918 43.6351699829102
-23.884126663208 -5.4707145690918 43.6351699829102
0 0 -1
-23.884126663208 -5.4707145690918 43.6351699829102
-23.2279586791992 -5.4707145690918 43.6351699829102
-23.2279586791992 -5.4707145690918 54.4619407653809
-1.35358391162299E-15 -1 0
-23.2279586791992 -5.4707145690918 54.4619407653809
-23.884126663208 -5.4707145690918 54.4619407653809
-23.884126663208 -5.4707145690918 43.6351699829102
-1.35358391162299E-15 -1 0
-23.884126663208 0.434797197580338 54.4619407653809
-23.884126663208 -5.4707145690918 54.4619407653809
-23.2279586791992 -5.1426305770874 54.4619407653809
0 0 1
-23.2279586791992 -5.4707145690918 54.4619407653809
-23.2279586791992 -5.1426305770874 54.4619407653809
-23.884126663208 -5.4707145690918 54.4619407653809
0 0 1
-23.2279586791992 -5.1426305770874 54.4619407653809
-23.2279586791992 0.434797197580338 54.4619407653809
-23.884126663208 0.434797197580338 54.4619407653809
0 0 1
-23.884126663208 0.434797197580338 54.4619407653809
-23.2279586791992 0.434797197580338 54.4619407653809
-23.2279586791992 0.434797197580338 43.6351699829102
1.69197988952874E-15 1 0
-23.2279586791992 0.434797197580338 43.6351699829102
-23.884126663208 0.434797197580338 43.6351699829102
-23.884126663208 0.434797197580338 54.4619407653809
1.69197988952874E-15 1 0
-14.0416069030762 -5.79879856109619 54.4619407653809
-23.2279586791992 -5.79879856109619 43.6351699829102
-14.0416069030762 -5.79879856109619 43.6351699829102
-3.23498041771529E-15 -1 0
-13.3854389190674 -5.79879856109619 43.6351699829102
14.4851055145264 -5.79879856109619 43.6351699829102
14.4851055145264 -5.79879856109619 50.5249328613281
-3.23498041771529E-15 -1 0
-13.3854389190674 -5.79879856109619 54.4619407653809
-14.0416069030762 -5.79879856109619 43.6351699829102
-13.3854389190674 -5.79879856109619 43.6351699829102
-3.23498041771529E-15 -1 0
-23.2279586791992 -5.79879856109619 54.4619407653809
-23.2279586791992 -5.79879856109619 43.6351699829102
-14.0416069030762 -5.79879856109619 54.4619407653809
-3.23498041771529E-15 -1 0
-13.3854389190674 -5.79879856109619 54.4619407653809
14.4851055145264 -5.79879856109619 50.5249328613281
28.9373950958252 -5.79879856109619 54.4619407653809
-3.23498041771529E-15 -1 0
-13.3854389190674 -5.79879856109619 54.4619407653809
-14.0416069030762 -5.79879856109619 54.4619407653809
-14.0416069030762 -5.79879856109619 43.6351699829102
-3.23498041771529E-15 -1 0
14.4851055145264 -5.79879856109619 50.5249328613281
-13.3854389190674 -5.79879856109619 54.4619407653809
-13.3854389190674 -5.79879856109619 43.6351699829102
-3.23498041771529E-15 -1 0
23.0152893066406 -5.79879856109619 50.5249328613281
17.4378623962402 -5.79879856109619 43.6351699829102
23.0152893066406 -5.79879856109619 43.6351699829102
-3.23498041771529E-15 -1 0
28.9208011627197 -5.79879856109619 50.5249328613281
28.9208011627197 -5.79879856109619 43.6351699829102
28.9373950958252 -5.79879856109619 43.6351699829102
-3.23498041771529E-15 -1 0
14.5016994476318 -5.79879856109619 50.5249328613281
17.4378623962402 -5.79879856109619 50.5249328613281
28.9373950958252 -5.79879856109619 54.4619407653809
-3.23498041771529E-15 -1 0
23.0152893066406 -5.79879856109619 50.5249328613281
28.9208011627197 -5.79879856109619 50.5249328613281
28.9373950958252 -5.79879856109619 54.4619407653809
-3.23498041771529E-15 -1 0
17.4378623962402 -5.79879856109619 50.5249328613281
17.4378623962402 -5.79879856109619 43.6351699829102
23.0152893066406 -5.79879856109619 50.5249328613281
-3.23498041771529E-15 -1 0
28.9373950958252 -5.79879856109619 54.4619407653809
28.9208011627197 -5.79879856109619 50.5249328613281
28.9373950958252 -5.79879856109619 43.6351699829102
-3.23498041771529E-15 -1 0
23.0152893066406 -5.79879856109619 50.5249328613281
28.9373950958252 -5.79879856109619 54.4619407653809
17.4378623962402 -5.79879856109619 50.5249328613281
-3.23498041771529E-15 -1 0
14.5016994476318 -5.79879856109619 50.5249328613281
28.9373950958252 -5.79879856109619 54.4619407653809
14.4851055145264 -5.79879856109619 50.5249328613281
-3.23498041771529E-15 -1 0
28.9208011627197 -5.1426305770874 43.6351699829102
28.9208011627197 -5.1426305770874 50.5249328613281
28.9373950958252 -5.1426305770874 43.6351699829102
3.23498041771529E-15 1 0
23.0152893066406 -5.1426305770874 43.6351699829102
17.4378623962402 -5.1426305770874 43.6351699829102
23.0152893066406 -5.1426305770874 50.5249328613281
3.23498041771529E-15 1 0
14.4851055145264 -5.1426305770874 43.6351699829102
13.1893634796143 -5.1426305770874 43.6351699829102
14.4851055145264 -5.1426305770874 50.5249328613281
3.23498041771529E-15 1 0
7.11981010437012 -5.1426305770874 54.4619407653809
14.4851055145264 -5.1426305770874 50.5249328613281
7.11981010437012 -5.1426305770874 43.6351699829102
3.23498041771529E-15 1 0
7.11981010437012 -5.1426305770874 43.6351699829102
14.4851055145264 -5.1426305770874 50.5249328613281
13.1893634796143 -5.1426305770874 43.6351699829102
3.23498041771529E-15 1 0
6.79172611236572 -5.1426305770874 54.4619407653809
7.11981010437012 -5.1426305770874 43.6351699829102
6.79172611236572 -5.1426305770874 43.6351699829102
3.23498041771529E-15 1 0
28.9373950958252 -5.1426305770874 54.4619407653809
23.0152893066406 -5.1426305770874 50.5249328613281
14.5016994476318 -5.1426305770874 54.4619407653809
3.23498041771529E-15 1 0
17.4378623962402 -5.1426305770874 50.5249328613281
23.0152893066406 -5.1426305770874 50.5249328613281
17.4378623962402 -5.1426305770874 43.6351699829102
3.23498041771529E-15 1 0
28.9373950958252 -5.1426305770874 54.4619407653809
28.9208011627197 -5.1426305770874 50.5249328613281
23.0152893066406 -5.1426305770874 50.5249328613281
3.23498041771529E-15 1 0
28.9208011627197 -5.1426305770874 50.5249328613281
28.9373950958252 -5.1426305770874 54.4619407653809
28.9373950958252 -5.1426305770874 43.6351699829102
3.23498041771529E-15 1 0
23.0152893066406 -5.1426305770874 50.5249328613281
17.4378623962402 -5.1426305770874 50.5249328613281
14.5016994476318 -5.1426305770874 54.4619407653809
3.23498041771529E-15 1 0
7.11981010437012 -5.1426305770874 54.4619407653809
13.1893634796143 -5.1426305770874 54.4619407653809
14.4851055145264 -5.1426305770874 50.5249328613281
3.23498041771529E-15 1 0
7.11981010437012 -5.1426305770874 54.4619407653809
7.11981010437012 -5.1426305770874 43.6351699829102
6.79172611236572 -5.1426305770874 54.4619407653809
3.23498041771529E-15 1 0
14.4851055145264 -5.1426305770874 50.5249328613281
14.5016994476318 -5.1426305770874 54.4619407653809
14.5016994476318 -5.1426305770874 50.5249328613281
3.23498041771529E-15 1 0
14.4851055145264 -5.1426305770874 50.5249328613281
13.1893634796143 -5.1426305770874 54.4619407653809
14.5016994476318 -5.1426305770874 54.4619407653809
3.23498041771529E-15 1 0
14.5016994476318 -5.1426305770874 50.5249328613281
14.5016994476318 -5.1426305770874 54.4619407653809
17.4378623962402 -5.1426305770874 50.5249328613281
3.23498041771529E-15 1 0
6.79172611236572 -5.1426305770874 43.6351699829102
2.1985502243042 -5.1426305770874 43.6351699829102
6.79172611236572 -5.1426305770874 54.4619407653809
3.23498041771529E-15 1 0
-2.55866765975952 -5.1426305770874 54.4619407653809
-2.55866765975952 -5.1426305770874 43.6351699829102
-3.21483564376831 -5.1426305770874 43.6351699829102
3.23498041771529E-15 1 0
2.1985502243042 -5.1426305770874 43.6351699829102
1.8704662322998 -5.1426305770874 43.6351699829102
1.8704662322998 -5.1426305770874 54.4619407653809
3.23498041771529E-15 1 0
1.8704662322998 -5.1426305770874 43.6351699829102
-2.55866765975952 -5.1426305770874 43.6351699829102
-2.55866765975952 -5.1426305770874 54.4619407653809
3.23498041771529E-15 1 0
-13.3854389190674 -5.1426305770874 43.6351699829102
-14.0416069030762 -5.1426305770874 43.6351699829102
-13.3854389190674 -5.1426305770874 54.4619407653809
3.23498041771529E-15 1 0
-5.51134347915649 -5.1426305770874 54.4619407653809
-5.51134347915649 -5.1426305770874 43.6351699829102
-6.16751146316528 -5.1426305770874 43.6351699829102
3.23498041771529E-15 1 0
-13.3854389190674 -5.1426305770874 43.6351699829102
-6.16751146316528 -5.1426305770874 54.4619407653809
-6.16751146316528 -5.1426305770874 43.6351699829102
3.23498041771529E-15 1 0
-3.21483564376831 -5.1426305770874 43.6351699829102
-5.51134347915649 -5.1426305770874 43.6351699829102
-3.21483564376831 -5.1426305770874 54.4619407653809
3.23498041771529E-15 1 0
-14.0416069030762 -5.1426305770874 54.4619407653809
-14.0416069030762 -5.1426305770874 43.6351699829102
-23.2279586791992 -5.1426305770874 43.6351699829102
3.23498041771529E-15 1 0
1.8704662322998 -5.1426305770874 54.4619407653809
2.1985502243042 -5.1426305770874 54.4619407653809
2.1985502243042 -5.1426305770874 43.6351699829102
3.23498041771529E-15 1 0
-2.55866765975952 -5.1426305770874 54.4619407653809
-3.21483564376831 -5.1426305770874 43.6351699829102
-3.21483564376831 -5.1426305770874 54.4619407653809
3.23498041771529E-15 1 0
1.8704662322998 -5.1426305770874 43.6351699829102
-2.55866765975952 -5.1426305770874 54.4619407653809
1.8704662322998 -5.1426305770874 54.4619407653809
3.23498041771529E-15 1 0
-5.51134347915649 -5.1426305770874 43.6351699829102
-5.51134347915649 -5.1426305770874 54.4619407653809
-3.21483564376831 -5.1426305770874 54.4619407653809
3.23498041771529E-15 1 0
-5.51134347915649 -5.1426305770874 54.4619407653809
-6.16751146316528 -5.1426305770874 43.6351699829102
-6.16751146316528 -5.1426305770874 54.4619407653809
3.23498041771529E-15 1 0
-6.16751146316528 -5.1426305770874 54.4619407653809
-13.3854389190674 -5.1426305770874 43.6351699829102
-13.3854389190674 -5.1426305770874 54.4619407653809
3.23498041771529E-15 1 0
-14.0416069030762 -5.1426305770874 54.4619407653809
-13.3854389190674 -5.1426305770874 54.4619407653809
-14.0416069030762 -5.1426305770874 43.6351699829102
3.23498041771529E-15 1 0
-23.2279586791992 -5.1426305770874 43.6351699829102
-23.2279586791992 -5.1426305770874 54.4619407653809
-14.0416069030762 -5.1426305770874 54.4619407653809
3.23498041771529E-15 1 0
2.1985502243042 -5.1426305770874 43.6351699829102
2.1985502243042 -5.1426305770874 54.4619407653809
6.79172611236572 -5.1426305770874 54.4619407653809
3.23498041771529E-15 1 0
28.9373950958252 -5.79879856109619 43.6351699829102
28.9208011627197 -5.79879856109619 43.6351699829102
28.9208011627197 -5.1426305770874 43.6351699829102
0 0 -1
28.9208011627197 -5.1426305770874 43.6351699829102
28.9373950958252 -5.1426305770874 43.6351699829102
28.9373950958252 -5.79879856109619 43.6351699829102
0 0 -1
-14.0416069030762 -5.79879856109619 43.6351699829102
-23.2279586791992 -5.79879856109619 43.6351699829102
-23.2279586791992 -5.4707145690918 43.6351699829102
0 0 -1
1.8704662322998 -5.1426305770874 43.6351699829102
-13.3854389190674 -5.79879856109619 43.6351699829102
-2.55866765975952 -5.1426305770874 43.6351699829102
0 0 -1
-14.0416069030762 -5.79879856109619 43.6351699829102
-14.0416069030762 -5.1426305770874 43.6351699829102
-13.3854389190674 -5.79879856109619 43.6351699829102
0 0 -1
14.4851055145264 -5.79879856109619 43.6351699829102
2.1985502243042 -5.1426305770874 43.6351699829102
6.79172611236572 -5.1426305770874 43.6351699829102
0 0 -1
2.1985502243042 -5.1426305770874 43.6351699829102
14.4851055145264 -5.79879856109619 43.6351699829102
1.8704662322998 -5.1426305770874 43.6351699829102
0 0 -1
6.79172611236572 -5.1426305770874 43.6351699829102
7.11981010437012 -5.1426305770874 43.6351699829102
14.4851055145264 -5.79879856109619 43.6351699829102
0 0 -1
14.4851055145264 -5.79879856109619 43.6351699829102
-13.3854389190674 -5.79879856109619 43.6351699829102
1.8704662322998 -5.1426305770874 43.6351699829102
0 0 -1
14.4851055145264 -5.79879856109619 43.6351699829102
7.11981010437012 -5.1426305770874 43.6351699829102
13.1893634796143 -5.1426305770874 43.6351699829102
0 0 -1
-14.0416069030762 -5.1426305770874 43.6351699829102
-14.0416069030762 -5.79879856109619 43.6351699829102
-23.2279586791992 -5.4707145690918 43.6351699829102
0 0 -1
-6.16751146316528 -5.1426305770874 43.6351699829102
-13.3854389190674 -5.79879856109619 43.6351699829102
-13.3854389190674 -5.1426305770874 43.6351699829102
0 0 -1
-14.0416069030762 -5.1426305770874 43.6351699829102
-13.3854389190674 -5.1426305770874 43.6351699829102
-13.3854389190674 -5.79879856109619 43.6351699829102
0 0 -1
-6.16751146316528 -5.1426305770874 43.6351699829102
-5.51134347915649 -5.1426305770874 43.6351699829102
-13.3854389190674 -5.79879856109619 43.6351699829102
0 0 -1
-2.55866765975952 -5.1426305770874 43.6351699829102
-13.3854389190674 -5.79879856109619 43.6351699829102
-3.21483564376831 -5.1426305770874 43.6351699829102
0 0 -1
13.1893634796143 -5.1426305770874 43.6351699829102
14.4851055145264 -5.1426305770874 43.6351699829102
14.4851055145264 -5.79879856109619 43.6351699829102
0 0 -1
-5.51134347915649 -5.1426305770874 43.6351699829102
-3.21483564376831 -5.1426305770874 43.6351699829102
-13.3854389190674 -5.79879856109619 43.6351699829102
0 0 -1
-14.0416069030762 -5.1426305770874 43.6351699829102
-23.2279586791992 -5.4707145690918 43.6351699829102
-23.2279586791992 -5.1426305770874 43.6351699829102
0 0 -1
23.0152893066406 -5.79879856109619 43.6351699829102
17.4378623962402 -5.79879856109619 43.6351699829102
17.4378623962402 -5.1426305770874 43.6351699829102
0 0 -1
17.4378623962402 -5.1426305770874 43.6351699829102
23.0152893066406 -5.1426305770874 43.6351699829102
23.0152893066406 -5.79879856109619 43.6351699829102
0 0 -1
28.9373950958252 -5.79879856109619 43.6351699829102
28.9373950958252 -5.1426305770874 43.6351699829102
28.9373950958252 -5.1426305770874 54.4619407653809
1 -5.41433564649196E-15 0
28.9373950958252 -5.1426305770874 54.4619407653809
28.9373950958252 -5.79879856109619 54.4619407653809
28.9373950958252 -5.79879856109619 43.6351699829102
1 -5.41433564649196E-15 0
-13.3854389190674 -5.79879856109619 54.4619407653809
6.79172611236572 -5.1426305770874 54.4619407653809
2.1985502243042 -5.1426305770874 54.4619407653809
0 0 1
7.11981010437012 -5.1426305770874 54.4619407653809
6.79172611236572 -5.1426305770874 54.4619407653809
-13.3854389190674 -5.79879856109619 54.4619407653809
0 0 1
28.9373950958252 -5.79879856109619 54.4619407653809
7.11981010437012 -5.1426305770874 54.4619407653809
-13.3854389190674 -5.79879856109619 54.4619407653809
0 0 1
28.9373950958252 -5.79879856109619 54.4619407653809
13.1893634796143 -5.1426305770874 54.4619407653809
7.11981010437012 -5.1426305770874 54.4619407653809
0 0 1
-23.2279586791992 -5.79879856109619 54.4619407653809
-14.0416069030762 -5.79879856109619 54.4619407653809
-23.2279586791992 -5.4707145690918 54.4619407653809
0 0 1
-14.0416069030762 -5.1426305770874 54.4619407653809
-14.0416069030762 -5.79879856109619 54.4619407653809
-13.3854389190674 -5.79879856109619 54.4619407653809
0 0 1
1.8704662322998 -5.1426305770874 54.4619407653809
-13.3854389190674 -5.79879856109619 54.4619407653809
2.1985502243042 -5.1426305770874 54.4619407653809
0 0 1
-2.55866765975952 -5.1426305770874 54.4619407653809
-13.3854389190674 -5.79879856109619 54.4619407653809
1.8704662322998 -5.1426305770874 54.4619407653809
0 0 1
-14.0416069030762 -5.79879856109619 54.4619407653809
-14.0416069030762 -5.1426305770874 54.4619407653809
-23.2279586791992 -5.4707145690918 54.4619407653809
0 0 1
-3.21483564376831 -5.1426305770874 54.4619407653809
-5.51134347915649 -5.1426305770874 54.4619407653809
-13.3854389190674 -5.79879856109619 54.4619407653809
0 0 1
28.9373950958252 -5.79879856109619 54.4619407653809
14.5016994476318 -5.1426305770874 54.4619407653809
13.1893634796143 -5.1426305770874 54.4619407653809
0 0 1
28.9373950958252 -5.1426305770874 54.4619407653809
14.5016994476318 -5.1426305770874 54.4619407653809
28.9373950958252 -5.79879856109619 54.4619407653809
0 0 1
-13.3854389190674 -5.1426305770874 54.4619407653809
-13.3854389190674 -5.79879856109619 54.4619407653809
-6.16751146316528 -5.1426305770874 54.4619407653809
0 0 1
-23.2279586791992 -5.4707145690918 54.4619407653809
-14.0416069030762 -5.1426305770874 54.4619407653809
-23.2279586791992 -5.1426305770874 54.4619407653809
0 0 1
-13.3854389190674 -5.1426305770874 54.4619407653809
-14.0416069030762 -5.1426305770874 54.4619407653809
-13.3854389190674 -5.79879856109619 54.4619407653809
0 0 1
-6.16751146316528 -5.1426305770874 54.4619407653809
-13.3854389190674 -5.79879856109619 54.4619407653809
-5.51134347915649 -5.1426305770874 54.4619407653809
0 0 1
-13.3854389190674 -5.79879856109619 54.4619407653809
-2.55866765975952 -5.1426305770874 54.4619407653809
-3.21483564376831 -5.1426305770874 54.4619407653809
0 0 1
-23.2279586791992 -5.4707145690918 43.6351699829102
-23.2279586791992 -5.79879856109619 43.6351699829102
-23.2279586791992 -5.79879856109619 54.4619407653809
-1 2.70716782324847E-15 0
-23.2279586791992 -5.4707145690918 54.4619407653809
-23.2279586791992 -5.4707145690918 43.6351699829102
-23.2279586791992 -5.79879856109619 54.4619407653809
-1 2.70716782324847E-15 0
-23.2279586791992 -5.4707145690918 54.4619407653809
-23.2279586791992 -5.1426305770874 54.4619407653809
-23.2279586791992 -5.4707145690918 43.6351699829102
-1 2.70716782324847E-15 0
-23.2279586791992 -5.1426305770874 43.6351699829102
-23.2279586791992 -5.4707145690918 43.6351699829102
-23.2279586791992 -5.1426305770874 54.4619407653809
-1 2.70716782324847E-15 0
28.9208011627197 -5.1426305770874 50.5249328613281
28.9208011627197 -5.1426305770874 43.6351699829102
28.9208011627197 -5.79879856109619 43.6351699829102
-1 3.19744231092045E-15 0
28.9208011627197 -5.79879856109619 43.6351699829102
28.9208011627197 -5.79879856109619 50.5249328613281
28.9208011627197 -5.1426305770874 50.5249328613281
-1 3.19744231092045E-15 0
28.9208011627197 -5.79879856109619 50.5249328613281
23.0152893066406 -5.79879856109619 50.5249328613281
23.0152893066406 -5.1426305770874 50.5249328613281
0 0 -1
23.0152893066406 -5.1426305770874 50.5249328613281
28.9208011627197 -5.1426305770874 50.5249328613281
28.9208011627197 -5.79879856109619 50.5249328613281
0 0 -1
23.0152893066406 -5.79879856109619 50.5249328613281
23.0152893066406 -5.79879856109619 43.6351699829102
23.0152893066406 -5.1426305770874 43.6351699829102
1 -3.19744231092045E-15 0
23.0152893066406 -5.1426305770874 43.6351699829102
23.0152893066406 -5.1426305770874 50.5249328613281
23.0152893066406 -5.79879856109619 50.5249328613281
1 -3.19744231092045E-15 0
17.4378623962402 -5.1426305770874 50.5249328613281
17.4378623962402 -5.1426305770874 43.6351699829102
17.4378623962402 -5.79879856109619 43.6351699829102
-1 3.19744231092045E-15 0
17.4378623962402 -5.79879856109619 43.6351699829102
17.4378623962402 -5.79879856109619 50.5249328613281
17.4378623962402 -5.1426305770874 50.5249328613281
-1 3.19744231092045E-15 0
17.4378623962402 -5.1426305770874 50.5249328613281
17.4378623962402 -5.79879856109619 50.5249328613281
14.5016994476318 -5.79879856109619 50.5249328613281
0 0 -1
14.5016994476318 -5.1426305770874 50.5249328613281
14.5016994476318 -5.79879856109619 50.5249328613281
14.4851055145264 -5.79879856109619 50.5249328613281
0 0 -1
14.5016994476318 -5.79879856109619 50.5249328613281
14.5016994476318 -5.1426305770874 50.5249328613281
17.4378623962402 -5.1426305770874 50.5249328613281
0 0 -1
14.4851055145264 -5.79879856109619 50.5249328613281
14.4851055145264 -5.1426305770874 50.5249328613281
14.5016994476318 -5.1426305770874 50.5249328613281
0 0 -1
14.4851055145264 -5.79879856109619 50.5249328613281
14.4851055145264 -5.79879856109619 43.6351699829102
14.4851055145264 -5.1426305770874 43.6351699829102
1 -3.19744231092045E-15 0
14.4851055145264 -5.1426305770874 43.6351699829102
14.4851055145264 -5.1426305770874 50.5249328613281
14.4851055145264 -5.79879856109619 50.5249328613281
1 -3.19744231092045E-15 0
13.845531463623 -4.48646259307861 43.6351699829102
13.845531463623 6.1054892539978 43.6351699829102
13.845531463623 6.1054892539978 50.5249328613281
1 -1.63451642158245E-15 0
13.845531463623 -4.48646259307861 54.4619407653809
13.845531463623 6.1054892539978 50.5249328613281
13.845531463623 12.9019889831543 54.4619407653809
1 -1.63451642158245E-15 0
13.845531463623 6.1054892539978 50.5249328613281
13.845531463623 -4.48646259307861 54.4619407653809
13.845531463623 -4.48646259307861 43.6351699829102
1 -1.63451642158245E-15 0
13.845531463623 9.05824565887451 43.6351699829102
13.845531463623 12.9019889831543 43.6351699829102
13.845531463623 9.05824565887451 50.5249328613281
1 -1.63451642158245E-15 0
13.845531463623 9.05824565887451 50.5249328613281
13.845531463623 12.9019889831543 54.4619407653809
13.845531463623 6.1054892539978 50.5249328613281
1 -1.63451642158245E-15 0
13.845531463623 12.9019889831543 54.4619407653809
13.845531463623 9.05824565887451 50.5249328613281
13.845531463623 12.9019889831543 43.6351699829102
1 -1.63451642158245E-15 0
13.1893634796143 12.9019889831543 43.6351699829102
13.1893634796143 9.05824565887451 43.6351699829102
13.1893634796143 9.05824565887451 50.5249328613281
-1 1.63451642158245E-15 0
13.1893634796143 12.9019889831543 54.4619407653809
13.1893634796143 9.05824565887451 50.5249328613281
13.1893634796143 6.1054892539978 50.5249328613281
-1 1.63451642158245E-15 0
13.1893634796143 9.05824565887451 50.5249328613281
13.1893634796143 12.9019889831543 54.4619407653809
13.1893634796143 12.9019889831543 43.6351699829102
-1 1.63451642158245E-15 0
13.1893634796143 6.1054892539978 43.6351699829102
13.1893634796143 -4.48646259307861 43.6351699829102
13.1893634796143 6.1054892539978 50.5249328613281
-1 1.63451642158245E-15 0
13.1893634796143 6.1054892539978 50.5249328613281
13.1893634796143 -4.48646259307861 54.4619407653809
13.1893634796143 12.9019889831543 54.4619407653809
-1 1.63451642158245E-15 0
13.1893634796143 -4.48646259307861 54.4619407653809
13.1893634796143 6.1054892539978 50.5249328613281
13.1893634796143 -4.48646259307861 43.6351699829102
-1 1.63451642158245E-15 0
13.845531463623 12.9019889831543 43.6351699829102
13.845531463623 9.05824565887451 43.6351699829102
13.1893634796143 12.9019889831543 43.6351699829102
0 0 -1
13.1893634796143 9.05824565887451 43.6351699829102
13.1893634796143 12.9019889831543 43.6351699829102
13.845531463623 9.05824565887451 43.6351699829102
0 0 -1
13.845531463623 6.1054892539978 43.6351699829102
13.845531463623 -4.48646259307861 43.6351699829102
13.1893634796143 -4.48646259307861 43.6351699829102
0 0 -1
13.1893634796143 -4.48646259307861 43.6351699829102
13.1893634796143 6.1054892539978 43.6351699829102
13.845531463623 6.1054892539978 43.6351699829102
0 0 -1
13.845531463623 12.9019889831543 43.6351699829102
13.1893634796143 12.9019889831543 43.6351699829102
13.1893634796143 12.9019889831543 54.4619407653809
0 1 0
13.1893634796143 12.9019889831543 54.4619407653809
13.845531463623 12.9019889831543 54.4619407653809
13.845531463623 12.9019889831543 43.6351699829102
0 1 0
13.845531463623 12.9019889831543 54.4619407653809
13.1893634796143 12.9019889831543 54.4619407653809
13.1893634796143 -4.48646259307861 54.4619407653809
0 0 1
13.1893634796143 -4.48646259307861 54.4619407653809
13.845531463623 -4.48646259307861 54.4619407653809
13.845531463623 12.9019889831543 54.4619407653809
0 0 1
13.845531463623 -4.48646259307861 54.4619407653809
13.1893634796143 -4.48646259307861 54.4619407653809
13.1893634796143 -4.48646259307861 43.6351699829102
-1.35358391162299E-15 -1 0
13.1893634796143 -4.48646259307861 43.6351699829102
13.845531463623 -4.48646259307861 43.6351699829102
13.845531463623 -4.48646259307861 54.4619407653809
-1.35358391162299E-15 -1 0
13.845531463623 6.1054892539978 50.5249328613281
13.845531463623 6.1054892539978 43.6351699829102
13.1893634796143 6.1054892539978 43.6351699829102
1.59872115546023E-15 1 0
13.1893634796143 6.1054892539978 43.6351699829102
13.1893634796143 6.1054892539978 50.5249328613281
13.845531463623 6.1054892539978 50.5249328613281
1.59872115546023E-15 1 0
13.1893634796143 6.1054892539978 50.5249328613281
13.1893634796143 9.05824565887451 50.5249328613281
13.845531463623 9.05824565887451 50.5249328613281
0 0 -1
13.845531463623 9.05824565887451 50.5249328613281
13.845531463623 6.1054892539978 50.5249328613281
13.1893634796143 6.1054892539978 50.5249328613281
0 0 -1
13.1893634796143 9.05824565887451 50.5249328613281
13.1893634796143 9.05824565887451 43.6351699829102
13.845531463623 9.05824565887451 43.6351699829102
-1.59872115546023E-15 -1 0
13.845531463623 9.05824565887451 43.6351699829102
13.845531463623 9.05824565887451 50.5249328613281
13.1893634796143 9.05824565887451 50.5249328613281
-1.59872115546023E-15 -1 0
-2.55866765975952 -2.68200063705444 54.4619407653809
-2.55866765975952 -5.1426305770874 43.6351699829102
-2.55866765975952 -2.68200063705444 43.6351699829102
1 -1.6243006939476E-15 0
-2.55866765975952 -2.35391664505005 54.4619407653809
-2.55866765975952 -2.68200063705444 43.6351699829102
-2.55866765975952 -2.35391664505005 43.6351699829102
1 -1.6243006939476E-15 0
-2.55866765975952 -5.1426305770874 43.6351699829102
-2.55866765975952 -2.68200063705444 54.4619407653809
-2.55866765975952 -5.1426305770874 54.4619407653809
1 -1.6243006939476E-15 0
-2.55866765975952 -2.68200063705444 54.4619407653809
-2.55866765975952 -2.68200063705444 43.6351699829102
-2.55866765975952 -2.35391664505005 54.4619407653809
1 -1.6243006939476E-15 0
-2.55866765975952 -2.35391664505005 43.6351699829102
-2.55866765975952 6.04501581192017 50.5249328613281
-2.55866765975952 -2.35391664505005 54.4619407653809
1 -1.6243006939476E-15 0
-2.55866765975952 8.99777221679688 50.5249328613281
-2.55866765975952 8.99777221679688 43.6351699829102
-2.55866765975952 12.9019889831543 43.6351699829102
1 -1.6243006939476E-15 0
-2.55866765975952 6.04501581192017 50.5249328613281
-2.55866765975952 8.99777221679688 50.5249328613281
-2.55866765975952 12.9019889831543 54.4619407653809
1 -1.6243006939476E-15 0
-2.55866765975952 12.9019889831543 54.4619407653809
-2.55866765975952 8.99777221679688 50.5249328613281
-2.55866765975952 12.9019889831543 43.6351699829102
1 -1.6243006939476E-15 0
-2.55866765975952 6.04501581192017 50.5249328613281
-2.55866765975952 12.9019889831543 54.4619407653809
-2.55866765975952 -2.35391664505005 54.4619407653809
1 -1.6243006939476E-15 0
-2.55866765975952 6.04501581192017 43.6351699829102
-2.55866765975952 6.04501581192017 50.5249328613281
-2.55866765975952 -2.35391664505005 43.6351699829102
1 -1.6243006939476E-15 0
-3.21483564376831 8.99777221679688 50.5249328613281
-3.21483564376831 12.9019889831543 43.6351699829102
-3.21483564376831 8.99777221679688 43.6351699829102
-1 1.6243006939476E-15 0
-3.21483564376831 2.56734323501587 54.4619407653809
-3.21483564376831 12.9019889831543 54.4619407653809
-3.21483564376831 8.99777221679688 50.5249328613281
-1 1.6243006939476E-15 0
-3.21483564376831 8.99777221679688 50.5249328613281
-3.21483564376831 12.9019889831543 54.4619407653809
-3.21483564376831 12.9019889831543 43.6351699829102
-1 1.6243006939476E-15 0
-3.21483564376831 2.56734323501587 54.4619407653809
-3.21483564376831 8.99777221679688 50.5249328613281
-3.21483564376831 6.04501581192017 50.5249328613281
-1 1.6243006939476E-15 0
-3.21483564376831 6.04501581192017 43.6351699829102
-3.21483564376831 2.56734323501587 43.6351699829102
-3.21483564376831 6.04501581192017 50.5249328613281
-1 1.6243006939476E-15 0
-3.21483564376831 1.91117513179779 43.6351699829102
-3.21483564376831 -5.1426305770874 43.6351699829102
-3.21483564376831 1.91117513179779 54.4619407653809
-1 1.6243006939476E-15 0
-3.21483564376831 1.91117513179779 43.6351699829102
-3.21483564376831 1.91117513179779 54.4619407653809
-3.21483564376831 6.04501581192017 50.5249328613281
-1 1.6243006939476E-15 0
-3.21483564376831 2.56734323501587 54.4619407653809
-3.21483564376831 6.04501581192017 50.5249328613281
-3.21483564376831 1.91117513179779 54.4619407653809
-1 1.6243006939476E-15 0
-3.21483564376831 -5.1426305770874 54.4619407653809
-3.21483564376831 1.91117513179779 54.4619407653809
-3.21483564376831 -5.1426305770874 43.6351699829102
-1 1.6243006939476E-15 0
-3.21483564376831 6.04501581192017 50.5249328613281
-3.21483564376831 2.56734323501587 43.6351699829102
-3.21483564376831 1.91117513179779 43.6351699829102
-1 1.6243006939476E-15 0
-2.55866765975952 -2.35391664505005 43.6351699829102
-2.55866765975952 -2.68200063705444 43.6351699829102
-3.21483564376831 -5.1426305770874 43.6351699829102
0 0 -1
-3.21483564376831 1.91117513179779 43.6351699829102
-2.55866765975952 6.04501581192017 43.6351699829102
-2.55866765975952 -2.35391664505005 43.6351699829102
0 0 -1
-3.21483564376831 -5.1426305770874 43.6351699829102
-2.55866765975952 -2.68200063705444 43.6351699829102
-2.55866765975952 -5.1426305770874 43.6351699829102
0 0 -1
-3.21483564376831 1.91117513179779 43.6351699829102
-3.21483564376831 2.56734323501587 43.6351699829102
-2.55866765975952 6.04501581192017 43.6351699829102
0 0 -1
-3.21483564376831 2.56734323501587 43.6351699829102
-3.21483564376831 6.04501581192017 43.6351699829102
-2.55866765975952 6.04501581192017 43.6351699829102
0 0 -1
-3.21483564376831 1.91117513179779 43.6351699829102
-2.55866765975952 -2.35391664505005 43.6351699829102
-3.21483564376831 -5.1426305770874 43.6351699829102
0 0 -1
-2.55866765975952 12.9019889831543 43.6351699829102
-2.55866765975952 8.99777221679688 43.6351699829102
-3.21483564376831 8.99777221679688 43.6351699829102
0 0 -1
-3.21483564376831 8.99777221679688 43.6351699829102
-3.21483564376831 12.9019889831543 43.6351699829102
-2.55866765975952 12.9019889831543 43.6351699829102
0 0 -1
-2.55866765975952 12.9019889831543 43.6351699829102
-3.21483564376831 12.9019889831543 43.6351699829102
-3.21483564376831 12.9019889831543 54.4619407653809
5.41433564649196E-15 1 0
-3.21483564376831 12.9019889831543 54.4619407653809
-2.55866765975952 12.9019889831543 54.4619407653809
-2.55866765975952 12.9019889831543 43.6351699829102
5.41433564649196E-15 1 0
-2.55866765975952 -2.35391664505005 54.4619407653809
-2.55866765975952 12.9019889831543 54.4619407653809
-3.21483564376831 2.56734323501587 54.4619407653809
0 0 1
-3.21483564376831 -5.1426305770874 54.4619407653809
-2.55866765975952 -5.1426305770874 54.4619407653809
-2.55866765975952 -2.68200063705444 54.4619407653809
0 0 1
-2.55866765975952 -2.68200063705444 54.4619407653809
-2.55866765975952 -2.35391664505005 54.4619407653809
-3.21483564376831 -5.1426305770874 54.4619407653809
0 0 1
-3.21483564376831 12.9019889831543 54.4619407653809
-3.21483564376831 2.56734323501587 54.4619407653809
-2.55866765975952 12.9019889831543 54.4619407653809
0 0 1
-3.21483564376831 -5.1426305770874 54.4619407653809
-2.55866765975952 -2.35391664505005 54.4619407653809
-3.21483564376831 1.91117513179779 54.4619407653809
0 0 1
-3.21483564376831 1.91117513179779 54.4619407653809
-2.55866765975952 -2.35391664505005 54.4619407653809
-3.21483564376831 2.56734323501587 54.4619407653809
0 0 1
-2.55866765975952 -5.1426305770874 54.4619407653809
-3.21483564376831 -5.1426305770874 54.4619407653809
-3.21483564376831 -5.1426305770874 43.6351699829102
-3.23498041771529E-15 -1 0
-3.21483564376831 -5.1426305770874 43.6351699829102
-2.55866765975952 -5.1426305770874 43.6351699829102
-2.55866765975952 -5.1426305770874 54.4619407653809
-3.23498041771529E-15 -1 0
-2.55866765975952 6.04501581192017 50.5249328613281
-2.55866765975952 6.04501581192017 43.6351699829102
-3.21483564376831 6.04501581192017 43.6351699829102
1.59872115546023E-15 1 0
-3.21483564376831 6.04501581192017 43.6351699829102
-3.21483564376831 6.04501581192017 50.5249328613281
-2.55866765975952 6.04501581192017 50.5249328613281
1.59872115546023E-15 1 0
-3.21483564376831 6.04501581192017 50.5249328613281
-3.21483564376831 8.99777221679688 50.5249328613281
-2.55866765975952 8.99777221679688 50.5249328613281
0 0 -1
-2.55866765975952 8.99777221679688 50.5249328613281
-2.55866765975952 6.04501581192017 50.5249328613281
-3.21483564376831 6.04501581192017 50.5249328613281
0 0 -1
-3.21483564376831 8.99777221679688 50.5249328613281
-3.21483564376831 8.99777221679688 43.6351699829102
-2.55866765975952 8.99777221679688 43.6351699829102
-1.59872115546023E-15 -1 0
-2.55866765975952 8.99777221679688 43.6351699829102
-2.55866765975952 8.99777221679688 50.5249328613281
-3.21483564376831 8.99777221679688 50.5249328613281
-1.59872115546023E-15 -1 0
-5.51134347915649 1.91117513179779 43.6351699829102
-5.51134347915649 1.91117513179779 54.4619407653809
-5.51134347915649 -5.1426305770874 54.4619407653809
1 -1.61278083086996E-15 0
-5.51134347915649 -5.1426305770874 54.4619407653809
-5.51134347915649 -5.1426305770874 43.6351699829102
-5.51134347915649 1.91117513179779 43.6351699829102
1 -1.61278083086996E-15 0
-6.16751146316528 -5.1426305770874 54.4619407653809
-6.16751146316528 1.91117513179779 54.4619407653809
-6.16751146316528 1.91117513179779 43.6351699829102
-1 1.61278083086996E-15 0
-6.16751146316528 1.91117513179779 43.6351699829102
-6.16751146316528 -5.1426305770874 43.6351699829102
-6.16751146316528 -5.1426305770874 54.4619407653809
-1 1.61278083086996E-15 0
-5.51134347915649 -5.1426305770874 43.6351699829102
-6.16751146316528 -5.1426305770874 43.6351699829102
-6.16751146316528 1.91117513179779 43.6351699829102
0 0 -1
-6.16751146316528 1.91117513179779 43.6351699829102
-5.51134347915649 1.91117513179779 43.6351699829102
-5.51134347915649 -5.1426305770874 43.6351699829102
0 0 -1
-5.51134347915649 1.91117513179779 54.4619407653809
-6.16751146316528 1.91117513179779 54.4619407653809
-6.16751146316528 -5.1426305770874 54.4619407653809
0 0 1
-6.16751146316528 -5.1426305770874 54.4619407653809
-5.51134347915649 -5.1426305770874 54.4619407653809
-5.51134347915649 1.91117513179779 54.4619407653809
0 0 1
-5.51134347915649 -5.1426305770874 54.4619407653809
-6.16751146316528 -5.1426305770874 54.4619407653809
-6.16751146316528 -5.1426305770874 43.6351699829102
-3.23498041771529E-15 -1 0
-6.16751146316528 -5.1426305770874 43.6351699829102
-5.51134347915649 -5.1426305770874 43.6351699829102
-5.51134347915649 -5.1426305770874 54.4619407653809
-3.23498041771529E-15 -1 0
-5.51134347915649 1.91117513179779 43.6351699829102
-6.16751146316528 1.91117513179779 43.6351699829102
-6.16751146316528 1.91117513179779 54.4619407653809
3.24039784903684E-15 1 0
-6.16751146316528 1.91117513179779 54.4619407653809
-5.51134347915649 1.91117513179779 54.4619407653809
-5.51134347915649 1.91117513179779 43.6351699829102
3.24039784903684E-15 1 0
-3.21483564376831 2.56734323501587 43.6351699829102
-11.5809774398804 2.56734323501587 43.6351699829102
-3.21483564376831 2.56734323501587 54.4619407653809
3.24039784903684E-15 1 0
-11.5809774398804 2.56734323501587 54.4619407653809
-3.21483564376831 2.56734323501587 54.4619407653809
-11.5809774398804 2.56734323501587 43.6351699829102
3.24039784903684E-15 1 0
-11.5809774398804 2.56734323501587 43.6351699829102
-11.9090614318848 2.56734323501587 54.4619407653809
-11.5809774398804 2.56734323501587 54.4619407653809
3.24039784903684E-15 1 0
-11.9090614318848 2.56734323501587 43.6351699829102
-13.3854389190674 2.56734323501587 43.6351699829102
-11.9090614318848 2.56734323501587 54.4619407653809
3.24039784903684E-15 1 0
-13.3854389190674 2.56734323501587 54.4619407653809
-11.9090614318848 2.56734323501587 54.4619407653809
-13.3854389190674 2.56734323501587 43.6351699829102
3.24039784903684E-15 1 0
-11.9090614318848 2.56734323501587 43.6351699829102
-11.9090614318848 2.56734323501587 54.4619407653809
-11.5809774398804 2.56734323501587 43.6351699829102
3.24039784903684E-15 1 0
-13.3854389190674 1.91117513179779 43.6351699829102
-6.16751146316528 1.91117513179779 43.6351699829102
-13.3854389190674 1.91117513179779 54.4619407653809
-3.24039784903684E-15 -1 0
-6.16751146316528 1.91117513179779 54.4619407653809
-13.3854389190674 1.91117513179779 54.4619407653809
-6.16751146316528 1.91117513179779 43.6351699829102
-3.24039784903684E-15 -1 0
-6.16751146316528 1.91117513179779 43.6351699829102
-5.51134347915649 1.91117513179779 54.4619407653809
-6.16751146316528 1.91117513179779 54.4619407653809
-3.24039784903684E-15 -1 0
-5.51134347915649 1.91117513179779 43.6351699829102
-3.21483564376831 1.91117513179779 43.6351699829102
-3.21483564376831 1.91117513179779 54.4619407653809
-3.24039784903684E-15 -1 0
-3.21483564376831 1.91117513179779 54.4619407653809
-5.51134347915649 1.91117513179779 54.4619407653809
-5.51134347915649 1.91117513179779 43.6351699829102
-3.24039784903684E-15 -1 0
-5.51134347915649 1.91117513179779 43.6351699829102
-5.51134347915649 1.91117513179779 54.4619407653809
-6.16751146316528 1.91117513179779 43.6351699829102
-3.24039784903684E-15 -1 0
-11.5809774398804 2.56734323501587 43.6351699829102
-3.21483564376831 2.56734323501587 43.6351699829102
-6.16751146316528 1.91117513179779 43.6351699829102
0 0 -1
-13.3854389190674 1.91117513179779 43.6351699829102
-13.3854389190674 2.56734323501587 43.6351699829102
-11.9090614318848 2.56734323501587 43.6351699829102
0 0 -1
-11.9090614318848 2.56734323501587 43.6351699829102
-11.5809774398804 2.56734323501587 43.6351699829102
-13.3854389190674 1.91117513179779 43.6351699829102
0 0 -1
-5.51134347915649 1.91117513179779 43.6351699829102
-6.16751146316528 1.91117513179779 43.6351699829102
-3.21483564376831 2.56734323501587 43.6351699829102
0 0 -1
-6.16751146316528 1.91117513179779 43.6351699829102
-13.3854389190674 1.91117513179779 43.6351699829102
-11.5809774398804 2.56734323501587 43.6351699829102
0 0 -1
-5.51134347915649 1.91117513179779 43.6351699829102
-3.21483564376831 2.56734323501587 43.6351699829102
-3.21483564376831 1.91117513179779 43.6351699829102
0 0 -1
-11.5809774398804 2.56734323501587 54.4619407653809
-11.9090614318848 2.56734323501587 54.4619407653809
-13.3854389190674 1.91117513179779 54.4619407653809
0 0 1
-3.21483564376831 2.56734323501587 54.4619407653809
-11.5809774398804 2.56734323501587 54.4619407653809
-6.16751146316528 1.91117513179779 54.4619407653809
0 0 1
-11.9090614318848 2.56734323501587 54.4619407653809
-13.3854389190674 2.56734323501587 54.4619407653809
-13.3854389190674 1.91117513179779 54.4619407653809
0 0 1
-13.3854389190674 1.91117513179779 54.4619407653809
-6.16751146316528 1.91117513179779 54.4619407653809
-11.5809774398804 2.56734323501587 54.4619407653809
0 0 1
-3.21483564376831 1.91117513179779 54.4619407653809
-3.21483564376831 2.56734323501587 54.4619407653809
-5.51134347915649 1.91117513179779 54.4619407653809
0 0 1
-5.51134347915649 1.91117513179779 54.4619407653809
-3.21483564376831 2.56734323501587 54.4619407653809
-6.16751146316528 1.91117513179779 54.4619407653809
0 0 1
-3.21483564376831 2.56734323501587 54.4619407653809
-3.21483564376831 1.91117513179779 54.4619407653809
-3.21483564376831 1.91117513179779 43.6351699829102
1 -1.6243006939476E-15 0
-3.21483564376831 1.91117513179779 43.6351699829102
-3.21483564376831 2.56734323501587 43.6351699829102
-3.21483564376831 2.56734323501587 54.4619407653809
1 -1.6243006939476E-15 0
-13.3854389190674 2.56734323501587 43.6351699829102
-13.3854389190674 1.91117513179779 43.6351699829102
-13.3854389190674 1.91117513179779 54.4619407653809
-1 1.61480185948008E-15 0
-13.3854389190674 1.91117513179779 54.4619407653809
-13.3854389190674 2.56734323501587 54.4619407653809
-13.3854389190674 2.56734323501587 43.6351699829102
-1 1.61480185948008E-15 0
-13.3854389190674 -5.1426305770874 43.6351699829102
-13.3854389190674 1.91117513179779 43.6351699829102
-13.3854389190674 1.91117513179779 54.4619407653809
1 -1.61480185948008E-15 0
-13.3854389190674 -5.1426305770874 54.4619407653809
-13.3854389190674 -5.1426305770874 43.6351699829102
-13.3854389190674 1.91117513179779 54.4619407653809
1 -1.61480185948008E-15 0
-13.3854389190674 9.94921493530273 50.5249328613281
-13.3854389190674 2.56734323501587 54.4619407653809
-13.3854389190674 2.56734323501587 43.6351699829102
1 -1.61480185948008E-15 0
-13.3854389190674 2.56734323501587 43.6351699829102
-13.3854389190674 2.56734323501587 54.4619407653809
-13.3854389190674 1.91117513179779 54.4619407653809
1 -1.61480185948008E-15 0
-13.3854389190674 1.91117513179779 43.6351699829102
-13.3854389190674 2.56734323501587 43.6351699829102
-13.3854389190674 1.91117513179779 54.4619407653809
1 -1.61480185948008E-15 0
-13.3854389190674 2.56734323501587 43.6351699829102
-13.3854389190674 7.16089010238647 43.6351699829102
-13.3854389190674 9.94921493530273 50.5249328613281
1 -1.61480185948008E-15 0
-13.3854389190674 7.48897409439087 43.6351699829102
-13.3854389190674 9.94921493530273 43.6351699829102
-13.3854389190674 9.94921493530273 50.5249328613281
1 -1.61480185948008E-15 0
-13.3854389190674 9.94921493530273 50.5249328613281
-13.3854389190674 7.16089010238647 54.4619407653809
-13.3854389190674 2.56734323501587 54.4619407653809
1 -1.61480185948008E-15 0
-13.3854389190674 7.16089010238647 54.4619407653809
-13.3854389190674 9.94921493530273 50.5249328613281
-13.3854389190674 7.48897409439087 54.4619407653809
1 -1.61480185948008E-15 0
-13.3854389190674 12.9019889831543 54.4619407653809
-13.3854389190674 7.48897409439087 54.4619407653809
-13.3854389190674 9.94921493530273 50.5249328613281
1 -1.61480185948008E-15 0
-13.3854389190674 12.9019889831543 50.5249328613281
-13.3854389190674 12.9019889831543 54.4619407653809
-13.3854389190674 9.94921493530273 50.5249328613281
1 -1.61480185948008E-15 0
-13.3854389190674 9.94921493530273 50.5249328613281
-13.3854389190674 7.16089010238647 43.6351699829102
-13.3854389190674 7.48897409439087 43.6351699829102
1 -1.61480185948008E-15 0
-14.0416069030762 9.94921493530273 50.5249328613281
-14.0416069030762 12.9019889831543 54.4619407653809
-14.0416069030762 12.9019889831543 50.5249328613281
-1 1.61480185948008E-15 0
-14.0416069030762 9.94921493530273 50.5249328613281
-14.0416069030762 -5.1426305770874 43.6351699829102
-14.0416069030762 -5.1426305770874 54.4619407653809
-1 1.61480185948008E-15 0
-14.0416069030762 -5.1426305770874 43.6351699829102
-14.0416069030762 9.94921493530273 50.5249328613281
-14.0416069030762 9.94921493530273 43.6351699829102
-1 1.61480185948008E-15 0
-14.0416069030762 9.94921493530273 50.5249328613281
-14.0416069030762 -5.1426305770874 54.4619407653809
-14.0416069030762 12.9019889831543 54.4619407653809
-1 1.61480185948008E-15 0
-14.0416069030762 9.94921493530273 43.6351699829102
-13.3854389190674 9.94921493530273 43.6351699829102
-13.3854389190674 7.48897409439087 43.6351699829102
0 0 -1
-13.3854389190674 7.48897409439087 43.6351699829102
-13.3854389190674 7.16089010238647 43.6351699829102
-14.0416069030762 9.94921493530273 43.6351699829102
0 0 -1
-13.3854389190674 1.91117513179779 43.6351699829102
-14.0416069030762 -5.1426305770874 43.6351699829102
-13.3854389190674 2.56734323501587 43.6351699829102
0 0 -1
-14.0416069030762 -5.1426305770874 43.6351699829102
-13.3854389190674 1.91117513179779 43.6351699829102
-13.3854389190674 -5.1426305770874 43.6351699829102
0 0 -1
-13.3854389190674 2.56734323501587 43.6351699829102
-14.0416069030762 9.94921493530273 43.6351699829102
-13.3854389190674 7.16089010238647 43.6351699829102
0 0 -1
-14.0416069030762 9.94921493530273 43.6351699829102
-13.3854389190674 2.56734323501587 43.6351699829102
-14.0416069030762 -5.1426305770874 43.6351699829102
0 0 -1
-13.3854389190674 12.9019889831543 54.4619407653809
-13.3854389190674 12.9019889831543 50.5249328613281
-14.0416069030762 12.9019889831543 50.5249328613281
0 1 0
-14.0416069030762 12.9019889831543 50.5249328613281
-14.0416069030762 12.9019889831543 54.4619407653809
-13.3854389190674 12.9019889831543 54.4619407653809
0 1 0
-13.3854389190674 7.16089010238647 54.4619407653809
-13.3854389190674 7.48897409439087 54.4619407653809
-14.0416069030762 12.9019889831543 54.4619407653809
0 0 1
-13.3854389190674 7.48897409439087 54.4619407653809
-13.3854389190674 12.9019889831543 54.4619407653809
-14.0416069030762 12.9019889831543 54.4619407653809
0 0 1
-13.3854389190674 2.56734323501587 54.4619407653809
-14.0416069030762 12.9019889831543 54.4619407653809
-14.0416069030762 -5.1426305770874 54.4619407653809
0 0 1
-14.0416069030762 12.9019889831543 54.4619407653809
-13.3854389190674 2.56734323501587 54.4619407653809
-13.3854389190674 7.16089010238647 54.4619407653809
0 0 1
-13.3854389190674 1.91117513179779 54.4619407653809
-14.0416069030762 -5.1426305770874 54.4619407653809
-13.3854389190674 -5.1426305770874 54.4619407653809
0 0 1
-14.0416069030762 -5.1426305770874 54.4619407653809
-13.3854389190674 1.91117513179779 54.4619407653809
-13.3854389190674 2.56734323501587 54.4619407653809
0 0 1
-13.3854389190674 -5.1426305770874 54.4619407653809
-14.0416069030762 -5.1426305770874 54.4619407653809
-14.0416069030762 -5.1426305770874 43.6351699829102
-3.23498041771529E-15 -1 0
-14.0416069030762 -5.1426305770874 43.6351699829102
-13.3854389190674 -5.1426305770874 43.6351699829102
-13.3854389190674 -5.1426305770874 54.4619407653809
-3.23498041771529E-15 -1 0
-13.3854389190674 9.94921493530273 50.5249328613281
-13.3854389190674 9.94921493530273 43.6351699829102
-14.0416069030762 9.94921493530273 43.6351699829102
1.59872115546023E-15 1 0
-14.0416069030762 9.94921493530273 43.6351699829102
-14.0416069030762 9.94921493530273 50.5249328613281
-13.3854389190674 9.94921493530273 50.5249328613281
1.59872115546023E-15 1 0
-14.0416069030762 9.94921493530273 50.5249328613281
-14.0416069030762 12.9019889831543 50.5249328613281
-13.3854389190674 12.9019889831543 50.5249328613281
0 0 -1
-13.3854389190674 12.9019889831543 50.5249328613281
-13.3854389190674 9.94921493530273 50.5249328613281
-14.0416069030762 9.94921493530273 50.5249328613281
0 0 -1
-23.884126663208 -7.11113452911377 43.6351699829102
-23.884126663208 -7.11113452911377 54.4619407653809
-23.884126663208 -5.4707145690918 54.4619407653809
-1 2.70716782324847E-15 0
-23.884126663208 -5.4707145690918 54.4619407653809
-23.884126663208 -5.4707145690918 43.6351699829102
-23.884126663208 -7.11113452911377 43.6351699829102
-1 2.70716782324847E-15 0
-23.2279586791992 -7.11113452911377 54.4619407653809
-23.2279586791992 -7.11113452911377 43.6351699829102
-23.2279586791992 -5.79879856109619 43.6351699829102
1 -2.70716782324847E-15 0
-23.2279586791992 -7.11113452911377 54.4619407653809
-23.2279586791992 -5.79879856109619 43.6351699829102
-23.2279586791992 -5.79879856109619 54.4619407653809
1 -2.70716782324847E-15 0
-23.2279586791992 -5.79879856109619 43.6351699829102
-23.2279586791992 -5.4707145690918 54.4619407653809
-23.2279586791992 -5.79879856109619 54.4619407653809
1 -2.70716782324847E-15 0
-23.2279586791992 -5.4707145690918 54.4619407653809
-23.2279586791992 -5.79879856109619 43.6351699829102
-23.2279586791992 -5.4707145690918 43.6351699829102
1 -2.70716782324847E-15 0
-23.884126663208 -7.11113452911377 43.6351699829102
-23.884126663208 -5.4707145690918 43.6351699829102
-23.2279586791992 -5.79879856109619 43.6351699829102
0 0 -1
-23.2279586791992 -5.4707145690918 43.6351699829102
-23.2279586791992 -5.79879856109619 43.6351699829102
-23.884126663208 -5.4707145690918 43.6351699829102
0 0 -1
-23.2279586791992 -5.79879856109619 43.6351699829102
-23.2279586791992 -7.11113452911377 43.6351699829102
-23.884126663208 -7.11113452911377 43.6351699829102
0 0 -1
-23.884126663208 -7.11113452911377 43.6351699829102
-23.2279586791992 -7.11113452911377 43.6351699829102
-23.2279586791992 -7.11113452911377 54.4619407653809
-2.70716782324598E-15 -1 0
-23.2279586791992 -7.11113452911377 54.4619407653809
-23.884126663208 -7.11113452911377 54.4619407653809
-23.884126663208 -7.11113452911377 43.6351699829102
-2.70716782324598E-15 -1 0
-23.884126663208 -5.4707145690918 54.4619407653809
-23.884126663208 -7.11113452911377 54.4619407653809
-23.2279586791992 -5.79879856109619 54.4619407653809
0 0 1
-23.2279586791992 -7.11113452911377 54.4619407653809
-23.2279586791992 -5.79879856109619 54.4619407653809
-23.884126663208 -7.11113452911377 54.4619407653809
0 0 1
-23.2279586791992 -5.79879856109619 54.4619407653809
-23.2279586791992 -5.4707145690918 54.4619407653809
-23.884126663208 -5.4707145690918 54.4619407653809
0 0 1
-23.884126663208 -5.4707145690918 54.4619407653809
-23.2279586791992 -5.4707145690918 54.4619407653809
-23.2279586791992 -5.4707145690918 43.6351699829102
2.70716782324598E-15 1 0
-23.2279586791992 -5.4707145690918 43.6351699829102
-23.884126663208 -5.4707145690918 43.6351699829102
-23.884126663208 -5.4707145690918 54.4619407653809
2.70716782324598E-15 1 0
-14.0416069030762 -7.11113452911377 43.6351699829102
-14.0416069030762 -7.11113452911377 54.4619407653809
-14.0416069030762 -5.79879856109619 54.4619407653809
-1 1.35358391162311E-15 0
-14.0416069030762 -5.79879856109619 54.4619407653809
-14.0416069030762 -5.79879856109619 43.6351699829102
-14.0416069030762 -7.11113452911377 43.6351699829102
-1 1.35358391162311E-15 0
-13.3854389190674 -5.79879856109619 54.4619407653809
-13.3854389190674 -7.11113452911377 54.4619407653809
-13.3854389190674 -7.11113452911377 43.6351699829102
1 -1.35358391162311E-15 0
-13.3854389190674 -7.11113452911377 43.6351699829102
-13.3854389190674 -5.79879856109619 43.6351699829102
-13.3854389190674 -5.79879856109619 54.4619407653809
1 -1.35358391162311E-15 0
-14.0416069030762 -5.79879856109619 43.6351699829102
-13.3854389190674 -5.79879856109619 43.6351699829102
-13.3854389190674 -7.11113452911377 43.6351699829102
0 0 -1
-13.3854389190674 -7.11113452911377 43.6351699829102
-14.0416069030762 -7.11113452911377 43.6351699829102
-14.0416069030762 -5.79879856109619 43.6351699829102
0 0 -1
-14.0416069030762 -7.11113452911377 43.6351699829102
-13.3854389190674 -7.11113452911377 43.6351699829102
-13.3854389190674 -7.11113452911377 54.4619407653809
-1.35358391162299E-15 -1 0
-13.3854389190674 -7.11113452911377 54.4619407653809
-14.0416069030762 -7.11113452911377 54.4619407653809
-14.0416069030762 -7.11113452911377 43.6351699829102
-1.35358391162299E-15 -1 0
-14.0416069030762 -7.11113452911377 54.4619407653809
-13.3854389190674 -7.11113452911377 54.4619407653809
-13.3854389190674 -5.79879856109619 54.4619407653809
0 0 1
-13.3854389190674 -5.79879856109619 54.4619407653809
-14.0416069030762 -5.79879856109619 54.4619407653809
-14.0416069030762 -7.11113452911377 54.4619407653809
0 0 1
-14.0416069030762 -5.79879856109619 54.4619407653809
-13.3854389190674 -5.79879856109619 54.4619407653809
-13.3854389190674 -5.79879856109619 43.6351699829102
3.23498041771529E-15 1 0
-13.3854389190674 -5.79879856109619 43.6351699829102
-14.0416069030762 -5.79879856109619 43.6351699829102
-14.0416069030762 -5.79879856109619 54.4619407653809
3.23498041771529E-15 1 0
-13.3854389190674 7.16089010238647 54.4619407653809
-13.3854389190674 7.16089010238647 43.6351699829102
-11.9090614318848 7.16089010238647 43.6351699829102
-3.44548632049675E-15 -1 0
-13.3854389190674 7.16089010238647 54.4619407653809
-11.9090614318848 7.16089010238647 43.6351699829102
-11.9090614318848 7.16089010238647 54.4619407653809
-3.44548632049675E-15 -1 0
-11.9090614318848 7.16089010238647 43.6351699829102
-11.5809774398804 7.16089010238647 54.4619407653809
-11.9090614318848 7.16089010238647 54.4619407653809
-3.44548632049675E-15 -1 0
-11.5809774398804 7.16089010238647 54.4619407653809
-11.9090614318848 7.16089010238647 43.6351699829102
-11.5809774398804 7.16089010238647 43.6351699829102
-3.44548632049675E-15 -1 0
-13.3854389190674 7.48897409439087 54.4619407653809
-11.5809774398804 7.48897409439087 54.4619407653809
-11.5809774398804 7.48897409439087 43.6351699829102
3.44548632049675E-15 1 0
-11.5809774398804 7.48897409439087 43.6351699829102
-13.3854389190674 7.48897409439087 43.6351699829102
-13.3854389190674 7.48897409439087 54.4619407653809
3.44548632049675E-15 1 0
-11.9090614318848 7.16089010238647 43.6351699829102
-13.3854389190674 7.48897409439087 43.6351699829102
-11.5809774398804 7.48897409439087 43.6351699829102
0 0 -1
-13.3854389190674 7.48897409439087 43.6351699829102
-11.9090614318848 7.16089010238647 43.6351699829102
-13.3854389190674 7.16089010238647 43.6351699829102
0 0 -1
-11.9090614318848 7.16089010238647 43.6351699829102
-11.5809774398804 7.48897409439087 43.6351699829102
-11.5809774398804 7.16089010238647 43.6351699829102
0 0 -1
-11.9090614318848 7.16089010238647 54.4619407653809
-11.5809774398804 7.48897409439087 54.4619407653809
-13.3854389190674 7.48897409439087 54.4619407653809
0 0 1
-11.5809774398804 7.48897409439087 54.4619407653809
-11.9090614318848 7.16089010238647 54.4619407653809
-11.5809774398804 7.16089010238647 54.4619407653809
0 0 1
-11.9090614318848 7.16089010238647 54.4619407653809
-13.3854389190674 7.48897409439087 54.4619407653809
-13.3854389190674 7.16089010238647 54.4619407653809
0 0 1
-13.3854389190674 7.16089010238647 54.4619407653809
-13.3854389190674 7.48897409439087 54.4619407653809
-13.3854389190674 7.48897409439087 43.6351699829102
-1 1.61480185948008E-15 0
-13.3854389190674 7.48897409439087 43.6351699829102
-13.3854389190674 7.16089010238647 43.6351699829102
-13.3854389190674 7.16089010238647 54.4619407653809
-1 1.61480185948008E-15 0
-11.5809774398804 7.16089010238647 43.6351699829102
-11.5809774398804 7.48897409439087 43.6351699829102
-11.5809774398804 7.48897409439087 54.4619407653809
1 -1.54682811124742E-15 0
-11.5809774398804 7.48897409439087 54.4619407653809
-11.5809774398804 7.16089010238647 54.4619407653809
-11.5809774398804 7.16089010238647 43.6351699829102
1 -1.54682811124742E-15 0
-11.9090614318848 7.16089010238647 43.6351699829102
-11.9090614318848 6.17662048339844 43.6351699829102
-11.9090614318848 6.17662048339844 50.5249328613281
-1 1.54682811124742E-15 0
-11.9090614318848 7.16089010238647 54.4619407653809
-11.9090614318848 6.17662048339844 50.5249328613281
-11.9090614318848 3.71599054336548 50.5249328613281
-1 1.54682811124742E-15 0
-11.9090614318848 6.17662048339844 50.5249328613281
-11.9090614318848 7.16089010238647 54.4619407653809
-11.9090614318848 7.16089010238647 43.6351699829102
-1 1.54682811124742E-15 0
-11.9090614318848 3.71599054336548 43.6351699829102
-11.9090614318848 2.56734323501587 43.6351699829102
-11.9090614318848 3.71599054336548 50.5249328613281
-1 1.54682811124742E-15 0
-11.9090614318848 3.71599054336548 50.5249328613281
-11.9090614318848 2.56734323501587 54.4619407653809
-11.9090614318848 7.16089010238647 54.4619407653809
-1 1.54682811124742E-15 0
-11.9090614318848 2.56734323501587 54.4619407653809
-11.9090614318848 3.71599054336548 50.5249328613281
-11.9090614318848 2.56734323501587 43.6351699829102
-1 1.54682811124742E-15 0
-11.5809774398804 2.56734323501587 43.6351699829102
-11.5809774398804 3.71599054336548 43.6351699829102
-11.5809774398804 3.71599054336548 50.5249328613281
1 -1.54682811124742E-15 0
-11.5809774398804 2.56734323501587 54.4619407653809
-11.5809774398804 3.71599054336548 50.5249328613281
-11.5809774398804 7.16089010238647 54.4619407653809
1 -1.54682811124742E-15 0
-11.5809774398804 3.71599054336548 50.5249328613281
-11.5809774398804 2.56734323501587 54.4619407653809
-11.5809774398804 2.56734323501587 43.6351699829102
1 -1.54682811124742E-15 0
-11.5809774398804 6.17662048339844 43.6351699829102
-11.5809774398804 7.16089010238647 43.6351699829102
-11.5809774398804 6.17662048339844 50.5249328613281
1 -1.54682811124742E-15 0
-11.5809774398804 6.17662048339844 50.5249328613281
-11.5809774398804 7.16089010238647 54.4619407653809
-11.5809774398804 3.71599054336548 50.5249328613281
1 -1.54682811124742E-15 0
-11.5809774398804 7.16089010238647 54.4619407653809
-11.5809774398804 6.17662048339844 50.5249328613281
-11.5809774398804 7.16089010238647 43.6351699829102
1 -1.54682811124742E-15 0
-11.9090614318848 6.17662048339844 43.6351699829102
-11.9090614318848 7.16089010238647 43.6351699829102
-11.5809774398804 7.16089010238647 43.6351699829102
0 0 -1
-11.5809774398804 7.16089010238647 43.6351699829102
-11.5809774398804 6.17662048339844 43.6351699829102
-11.9090614318848 6.17662048339844 43.6351699829102
0 0 -1
-11.9090614318848 2.56734323501587 43.6351699829102
-11.9090614318848 3.71599054336548 43.6351699829102
-11.5809774398804 3.71599054336548 43.6351699829102
0 0 -1
-11.5809774398804 3.71599054336548 43.6351699829102
-11.5809774398804 2.56734323501587 43.6351699829102
-11.9090614318848 2.56734323501587 43.6351699829102
0 0 -1
-11.9090614318848 2.56734323501587 54.4619407653809
-11.5809774398804 2.56734323501587 54.4619407653809
-11.5809774398804 7.16089010238647 54.4619407653809
0 0 1
-11.5809774398804 7.16089010238647 54.4619407653809
-11.9090614318848 7.16089010238647 54.4619407653809
-11.9090614318848 2.56734323501587 54.4619407653809
0 0 1
-11.9090614318848 7.16089010238647 54.4619407653809
-11.5809774398804 7.16089010238647 54.4619407653809
-11.5809774398804 7.16089010238647 43.6351699829102
3.44548632049675E-15 1 0
-11.5809774398804 7.16089010238647 43.6351699829102
-11.9090614318848 7.16089010238647 43.6351699829102
-11.9090614318848 7.16089010238647 54.4619407653809
3.44548632049675E-15 1 0
-11.9090614318848 2.56734323501587 43.6351699829102
-11.5809774398804 2.56734323501587 43.6351699829102
-11.5809774398804 2.56734323501587 54.4619407653809
-3.24039784903684E-15 -1 0
-11.5809774398804 2.56734323501587 54.4619407653809
-11.9090614318848 2.56734323501587 54.4619407653809
-11.9090614318848 2.56734323501587 43.6351699829102
-3.24039784903684E-15 -1 0
-11.9090614318848 6.17662048339844 50.5249328613281
-11.9090614318848 6.17662048339844 43.6351699829102
-11.5809774398804 6.17662048339844 43.6351699829102
-1.50990331349021E-15 -1 0
-11.5809774398804 6.17662048339844 43.6351699829102
-11.5809774398804 6.17662048339844 50.5249328613281
-11.9090614318848 6.17662048339844 50.5249328613281
-1.50990331349021E-15 -1 0
-11.5809774398804 6.17662048339844 50.5249328613281
-11.5809774398804 3.71599054336548 50.5249328613281
-11.9090614318848 3.71599054336548 50.5249328613281
0 0 -1
-11.9090614318848 3.71599054336548 50.5249328613281
-11.9090614318848 6.17662048339844 50.5249328613281
-11.5809774398804 6.17662048339844 50.5249328613281
0 0 -1
-11.5809774398804 3.71599054336548 50.5249328613281
-11.5809774398804 3.71599054336548 43.6351699829102
-11.9090614318848 3.71599054336548 43.6351699829102
1.55431223447522E-15 1 0
-11.9090614318848 3.71599054336548 43.6351699829102
-11.9090614318848 3.71599054336548 50.5249328613281
-11.5809774398804 3.71599054336548 50.5249328613281
1.55431223447522E-15 1 0
1.8704662322998 -2.68200063705444 43.6351699829102
2.1985502243042 -2.68200063705444 43.6351699829102
1.8704662322998 -2.68200063705444 54.4619407653809
-3.24677222044671E-15 -1 0
-2.55866765975952 -2.68200063705444 43.6351699829102
1.8704662322998 -2.68200063705444 43.6351699829102
-2.55866765975952 -2.68200063705444 54.4619407653809
-3.24677222044671E-15 -1 0
1.8704662322998 -2.68200063705444 54.4619407653809
-2.55866765975952 -2.68200063705444 54.4619407653809
1.8704662322998 -2.68200063705444 43.6351699829102
-3.24677222044671E-15 -1 0
2.1985502243042 -2.68200063705444 54.4619407653809
1.8704662322998 -2.68200063705444 54.4619407653809
2.1985502243042 -2.68200063705444 43.6351699829102
-3.24677222044671E-15 -1 0
2.1985502243042 -2.68200063705444 43.6351699829102
6.79172611236572 -2.68200063705444 54.4619407653809
2.1985502243042 -2.68200063705444 54.4619407653809
-3.24677222044671E-15 -1 0
6.79172611236572 -2.68200063705444 54.4619407653809
6.79172611236572 -2.68200063705444 43.6351699829102
7.11981010437012 -2.68200063705444 43.6351699829102
-3.24677222044671E-15 -1 0
7.11981010437012 -2.68200063705444 54.4619407653809
7.11981010437012 -2.68200063705444 43.6351699829102
7.15261840820313 -2.68200063705444 43.6351699829102
-3.24677222044671E-15 -1 0
7.11981010437012 -2.68200063705444 43.6351699829102
7.11981010437012 -2.68200063705444 54.4619407653809
6.79172611236572 -2.68200063705444 54.4619407653809
-3.24677222044671E-15 -1 0
7.11981010437012 -2.68200063705444 54.4619407653809
7.15261840820313 -2.68200063705444 43.6351699829102
7.15261840820313 -2.68200063705444 54.4619407653809
-3.24677222044671E-15 -1 0
6.79172611236572 -2.68200063705444 43.6351699829102
6.79172611236572 -2.68200063705444 54.4619407653809
2.1985502243042 -2.68200063705444 43.6351699829102
-3.24677222044671E-15 -1 0
-2.55866765975952 -2.35391664505005 54.4619407653809
7.15261840820313 -2.35391664505005 54.4619407653809
7.15261840820313 -2.35391664505005 43.6351699829102
3.24677222044671E-15 1 0
7.15261840820313 -2.35391664505005 43.6351699829102
-2.55866765975952 -2.35391664505005 43.6351699829102
-2.55866765975952 -2.35391664505005 54.4619407653809
3.24677222044671E-15 1 0
7.15261840820313 -2.35391664505005 43.6351699829102
7.15261840820313 -2.68200063705444 43.6351699829102
7.11981010437012 -2.68200063705444 43.6351699829102
0 0 -1
7.11981010437012 -2.68200063705444 43.6351699829102
6.79172611236572 -2.68200063705444 43.6351699829102
7.15261840820313 -2.35391664505005 43.6351699829102
0 0 -1
1.8704662322998 -2.68200063705444 43.6351699829102
-2.55866765975952 -2.35391664505005 43.6351699829102
2.1985502243042 -2.68200063705444 43.6351699829102
0 0 -1
-2.55866765975952 -2.35391664505005 43.6351699829102
1.8704662322998 -2.68200063705444 43.6351699829102
-2.55866765975952 -2.68200063705444 43.6351699829102
0 0 -1
2.1985502243042 -2.68200063705444 43.6351699829102
7.15261840820313 -2.35391664505005 43.6351699829102
6.79172611236572 -2.68200063705444 43.6351699829102
0 0 -1
7.15261840820313 -2.35391664505005 43.6351699829102
2.1985502243042 -2.68200063705444 43.6351699829102
-2.55866765975952 -2.35391664505005 43.6351699829102
0 0 -1
7.15261840820313 -2.68200063705444 43.6351699829102
7.15261840820313 -2.35391664505005 43.6351699829102
7.15261840820313 -2.35391664505005 54.4619407653809
1 0 0
7.15261840820313 -2.35391664505005 54.4619407653809
7.15261840820313 -2.68200063705444 54.4619407653809
7.15261840820313 -2.68200063705444 43.6351699829102
1 0 0
6.79172611236572 -2.68200063705444 54.4619407653809
7.11981010437012 -2.68200063705444 54.4619407653809
7.15261840820313 -2.35391664505005 54.4619407653809
0 0 1
7.11981010437012 -2.68200063705444 54.4619407653809
7.15261840820313 -2.68200063705444 54.4619407653809
7.15261840820313 -2.35391664505005 54.4619407653809
0 0 1
2.1985502243042 -2.68200063705444 54.4619407653809
7.15261840820313 -2.35391664505005 54.4619407653809
-2.55866765975952 -2.35391664505005 54.4619407653809
0 0 1
7.15261840820313 -2.35391664505005 54.4619407653809
2.1985502243042 -2.68200063705444 54.4619407653809
6.79172611236572 -2.68200063705444 54.4619407653809
0 0 1
1.8704662322998 -2.68200063705444 54.4619407653809
-2.55866765975952 -2.35391664505005 54.4619407653809
-2.55866765975952 -2.68200063705444 54.4619407653809
0 0 1
-2.55866765975952 -2.35391664505005 54.4619407653809
1.8704662322998 -2.68200063705444 54.4619407653809
2.1985502243042 -2.68200063705444 54.4619407653809
0 0 1
-2.55866765975952 -2.68200063705444 54.4619407653809
-2.55866765975952 -2.35391664505005 54.4619407653809
-2.55866765975952 -2.35391664505005 43.6351699829102
-1 1.6243006939476E-15 0
-2.55866765975952 -2.35391664505005 43.6351699829102
-2.55866765975952 -2.68200063705444 43.6351699829102
-2.55866765975952 -2.68200063705444 54.4619407653809
-1 1.6243006939476E-15 0
6.79172611236572 -5.1426305770874 43.6351699829102
6.79172611236572 -5.1426305770874 54.4619407653809
6.79172611236572 -2.68200063705444 54.4619407653809
-1 1.44382283906492E-15 0
6.79172611236572 -2.68200063705444 54.4619407653809
6.79172611236572 -2.68200063705444 43.6351699829102
6.79172611236572 -5.1426305770874 43.6351699829102
-1 1.44382283906492E-15 0
7.11981010437012 -2.68200063705444 54.4619407653809
7.11981010437012 -5.1426305770874 54.4619407653809
7.11981010437012 -5.1426305770874 43.6351699829102
1 -1.44382283906492E-15 0
7.11981010437012 -5.1426305770874 43.6351699829102
7.11981010437012 -2.68200063705444 43.6351699829102
7.11981010437012 -2.68200063705444 54.4619407653809
1 -1.44382283906492E-15 0
6.79172611236572 -2.68200063705444 43.6351699829102
7.11981010437012 -2.68200063705444 43.6351699829102
7.11981010437012 -5.1426305770874 43.6351699829102
0 0 -1
7.11981010437012 -5.1426305770874 43.6351699829102
6.79172611236572 -5.1426305770874 43.6351699829102
6.79172611236572 -2.68200063705444 43.6351699829102
0 0 -1
6.79172611236572 -5.1426305770874 54.4619407653809
7.11981010437012 -5.1426305770874 54.4619407653809
7.11981010437012 -2.68200063705444 54.4619407653809
0 0 1
7.11981010437012 -2.68200063705444 54.4619407653809
6.79172611236572 -2.68200063705444 54.4619407653809
6.79172611236572 -5.1426305770874 54.4619407653809
0 0 1
6.79172611236572 -5.1426305770874 43.6351699829102
7.11981010437012 -5.1426305770874 43.6351699829102
7.11981010437012 -5.1426305770874 54.4619407653809
-3.23498041771529E-15 -1 0
7.11981010437012 -5.1426305770874 54.4619407653809
6.79172611236572 -5.1426305770874 54.4619407653809
6.79172611236572 -5.1426305770874 43.6351699829102
-3.23498041771529E-15 -1 0
6.79172611236572 -2.68200063705444 54.4619407653809
7.11981010437012 -2.68200063705444 54.4619407653809
7.11981010437012 -2.68200063705444 43.6351699829102
3.24677222044671E-15 1 0
7.11981010437012 -2.68200063705444 43.6351699829102
6.79172611236572 -2.68200063705444 43.6351699829102
6.79172611236572 -2.68200063705444 54.4619407653809
3.24677222044671E-15 1 0
1.8704662322998 -5.1426305770874 43.6351699829102
1.8704662322998 -5.1426305770874 54.4619407653809
1.8704662322998 -2.68200063705444 54.4619407653809
-1 1.62430069394773E-15 0
1.8704662322998 -2.68200063705444 54.4619407653809
1.8704662322998 -2.68200063705444 43.6351699829102
1.8704662322998 -5.1426305770874 43.6351699829102
-1 1.62430069394773E-15 0
2.1985502243042 -2.68200063705444 54.4619407653809
2.1985502243042 -5.1426305770874 54.4619407653809
2.1985502243042 -5.1426305770874 43.6351699829102
1 -1.62430069394773E-15 0
2.1985502243042 -5.1426305770874 43.6351699829102
2.1985502243042 -2.68200063705444 43.6351699829102
2.1985502243042 -2.68200063705444 54.4619407653809
1 -1.62430069394773E-15 0
1.8704662322998 -2.68200063705444 43.6351699829102
2.1985502243042 -2.68200063705444 43.6351699829102
2.1985502243042 -5.1426305770874 43.6351699829102
0 0 -1
2.1985502243042 -5.1426305770874 43.6351699829102
1.8704662322998 -5.1426305770874 43.6351699829102
1.8704662322998 -2.68200063705444 43.6351699829102
0 0 -1
1.8704662322998 -5.1426305770874 54.4619407653809
2.1985502243042 -5.1426305770874 54.4619407653809
2.1985502243042 -2.68200063705444 54.4619407653809
0 0 1
2.1985502243042 -2.68200063705444 54.4619407653809
1.8704662322998 -2.68200063705444 54.4619407653809
1.8704662322998 -5.1426305770874 54.4619407653809
0 0 1
1.8704662322998 -5.1426305770874 43.6351699829102
2.1985502243042 -5.1426305770874 43.6351699829102
2.1985502243042 -5.1426305770874 54.4619407653809
-3.23498041771529E-15 -1 0
2.1985502243042 -5.1426305770874 54.4619407653809
1.8704662322998 -5.1426305770874 54.4619407653809
1.8704662322998 -5.1426305770874 43.6351699829102
-3.23498041771529E-15 -1 0
1.8704662322998 -2.68200063705444 54.4619407653809
2.1985502243042 -2.68200063705444 54.4619407653809
2.1985502243042 -2.68200063705444 43.6351699829102
3.24677222044671E-15 1 0
2.1985502243042 -2.68200063705444 43.6351699829102
1.8704662322998 -2.68200063705444 43.6351699829102
1.8704662322998 -2.68200063705444 54.4619407653809
3.24677222044671E-15 1 0
30.2497310638428 -4.48646259307861 43.6351699829102
30.2497310638428 2.40328359603882 45.6036758422852
30.2497310638428 2.40328359603882 47.6036758422852
1 -1.63451642158249E-15 0
30.2497310638428 2.40328359603882 45.6036758422852
30.2497310638428 -4.48646259307861 43.6351699829102
30.2497310638428 12.9019889831543 43.6351699829102
1 -1.63451642158249E-15 0
30.2497310638428 -4.48646259307861 54.4619407653809
30.2497310638428 2.40328359603882 47.6036758422852
30.2497310638428 12.9019889831543 54.4619407653809
1 -1.63451642158249E-15 0
30.2497310638428 2.40328359603882 47.6036758422852
30.2497310638428 -4.48646259307861 54.4619407653809
30.2497310638428 -4.48646259307861 43.6351699829102
1 -1.63451642158249E-15 0
30.2497310638428 6.34029150009155 45.6036758422852
30.2497310638428 12.9019889831543 43.6351699829102
30.2497310638428 6.34029150009155 47.6036758422852
1 -1.63451642158249E-15 0
30.2497310638428 12.9019889831543 43.6351699829102
30.2497310638428 6.34029150009155 45.6036758422852
30.2497310638428 2.40328359603882 45.6036758422852
1 -1.63451642158249E-15 0
30.2497310638428 6.34029150009155 47.6036758422852
30.2497310638428 12.9019889831543 54.4619407653809
30.2497310638428 2.40328359603882 47.6036758422852
1 -1.63451642158249E-15 0
30.2497310638428 12.9019889831543 54.4619407653809
30.2497310638428 6.34029150009155 47.6036758422852
30.2497310638428 12.9019889831543 43.6351699829102
1 -1.63451642158249E-15 0
29.593563079834 12.9019889831543 43.6351699829102
29.593563079834 6.34029150009155 45.6036758422852
29.593563079834 6.34029150009155 47.6036758422852
-1 1.63451642158249E-15 0
29.593563079834 6.34029150009155 45.6036758422852
29.593563079834 12.9019889831543 43.6351699829102
29.593563079834 2.40328359603882 45.6036758422852
-1 1.63451642158249E-15 0
29.593563079834 12.9019889831543 54.4619407653809
29.593563079834 6.34029150009155 47.6036758422852
29.593563079834 2.40328359603882 47.6036758422852
-1 1.63451642158249E-15 0
29.593563079834 6.34029150009155 47.6036758422852
29.593563079834 12.9019889831543 54.4619407653809
29.593563079834 12.9019889831543 43.6351699829102
-1 1.63451642158249E-15 0
29.593563079834 2.40328359603882 45.6036758422852
29.593563079834 -4.48646259307861 43.6351699829102
29.593563079834 2.40328359603882 47.6036758422852
-1 1.63451642158249E-15 0
29.593563079834 -4.48646259307861 43.6351699829102
29.593563079834 2.40328359603882 45.6036758422852
29.593563079834 12.9019889831543 43.6351699829102
-1 1.63451642158249E-15 0
29.593563079834 2.40328359603882 47.6036758422852
29.593563079834 -4.48646259307861 54.4619407653809
29.593563079834 12.9019889831543 54.4619407653809
-1 1.63451642158249E-15 0
29.593563079834 -4.48646259307861 54.4619407653809
29.593563079834 2.40328359603882 47.6036758422852
29.593563079834 -4.48646259307861 43.6351699829102
-1 1.63451642158249E-15 0
30.2497310638428 -4.48646259307861 43.6351699829102
29.593563079834 -4.48646259307861 43.6351699829102
29.593563079834 12.9019889831543 43.6351699829102
0 0 -1
29.593563079834 12.9019889831543 43.6351699829102
30.2497310638428 12.9019889831543 43.6351699829102
30.2497310638428 -4.48646259307861 43.6351699829102
0 0 -1
30.2497310638428 12.9019889831543 43.6351699829102
29.593563079834 12.9019889831543 43.6351699829102
29.593563079834 12.9019889831543 54.4619407653809
0 1 0
29.593563079834 12.9019889831543 54.4619407653809
30.2497310638428 12.9019889831543 54.4619407653809
30.2497310638428 12.9019889831543 43.6351699829102
0 1 0
30.2497310638428 12.9019889831543 54.4619407653809
29.593563079834 12.9019889831543 54.4619407653809
29.593563079834 -4.48646259307861 54.4619407653809
0 0 1
29.593563079834 -4.48646259307861 54.4619407653809
30.2497310638428 -4.48646259307861 54.4619407653809
30.2497310638428 12.9019889831543 54.4619407653809
0 0 1
30.2497310638428 -4.48646259307861 54.4619407653809
29.593563079834 -4.48646259307861 54.4619407653809
29.593563079834 -4.48646259307861 43.6351699829102
-1.35358391162299E-15 -1 0
29.593563079834 -4.48646259307861 43.6351699829102
30.2497310638428 -4.48646259307861 43.6351699829102
30.2497310638428 -4.48646259307861 54.4619407653809
-1.35358391162299E-15 -1 0
30.2497310638428 6.34029150009155 47.6036758422852
29.593563079834 6.34029150009155 47.6036758422852
29.593563079834 6.34029150009155 45.6036758422852
-6.76791955811495E-15 -1 0
29.593563079834 6.34029150009155 45.6036758422852
30.2497310638428 6.34029150009155 45.6036758422852
30.2497310638428 6.34029150009155 47.6036758422852
-6.76791955811495E-15 -1 0
30.2497310638428 6.34029150009155 45.6036758422852
29.593563079834 6.34029150009155 45.6036758422852
29.593563079834 2.40328359603882 45.6036758422852
0 0 1
29.593563079834 2.40328359603882 45.6036758422852
30.2497310638428 2.40328359603882 45.6036758422852
30.2497310638428 6.34029150009155 45.6036758422852
0 0 1
30.2497310638428 2.40328359603882 45.6036758422852
29.593563079834 2.40328359603882 45.6036758422852
29.593563079834 2.40328359603882 47.6036758422852
4.06075173486897E-15 1 0
29.593563079834 2.40328359603882 47.6036758422852
30.2497310638428 2.40328359603882 47.6036758422852
30.2497310638428 2.40328359603882 45.6036758422852
4.06075173486897E-15 1 0
30.2497310638428 2.40328359603882 47.6036758422852
29.593563079834 2.40328359603882 47.6036758422852
29.593563079834 6.34029150009155 47.6036758422852
0 0 -1
29.593563079834 6.34029150009155 47.6036758422852
30.2497310638428 6.34029150009155 47.6036758422852
30.2497310638428 2.40328359603882 47.6036758422852
0 0 -1
12.177827835083 -5.79879856109619 42.6509170532227
12.177827835083 -10.3764314651489 42.6509170532227
12.177827835083 -10.3764314651489 46.9160118103027
-1 1.54697689804015E-15 0
12.177827835083 -10.3764314651489 46.9160118103027
12.177827835083 -5.79879856109619 46.9160118103027
12.177827835083 -5.79879856109619 42.6509170532227
-1 1.54697689804015E-15 0
12.6699542999268 -10.3764314651489 46.9160118103027
12.6699542999268 -10.3764314651489 42.6509170532227
12.6699542999268 -9.88430595397949 46.9160118103027
1 -1.54697689804015E-15 0
12.6699542999268 -9.88430595397949 46.9160118103027
12.6699542999268 -10.3764314651489 42.6509170532227
12.6699542999268 -9.88430595397949 42.6509170532227
1 -1.54697689804015E-15 0
12.6699542999268 -9.88430595397949 42.6509170532227
12.6699542999268 -5.79879856109619 42.6509170532227
12.6699542999268 -5.79879856109619 46.9160118103027
1 -1.54697689804015E-15 0
12.6699542999268 -9.88430595397949 42.6509170532227
12.6699542999268 -5.79879856109619 46.9160118103027
12.6699542999268 -9.88430595397949 46.9160118103027
1 -1.54697689804015E-15 0
12.177827835083 -10.3764314651489 42.6509170532227
12.177827835083 -5.79879856109619 42.6509170532227
12.6699542999268 -9.88430595397949 42.6509170532227
0 0 -1
12.6699542999268 -5.79879856109619 42.6509170532227
12.6699542999268 -9.88430595397949 42.6509170532227
12.177827835083 -5.79879856109619 42.6509170532227
0 0 -1
12.6699542999268 -9.88430595397949 42.6509170532227
12.6699542999268 -10.3764314651489 42.6509170532227
12.177827835083 -10.3764314651489 42.6509170532227
0 0 -1
12.177827835083 -5.79879856109619 46.9160118103027
12.177827835083 -10.3764314651489 46.9160118103027
12.6699542999268 -9.88430595397949 46.9160118103027
0 0 1
12.6699542999268 -10.3764314651489 46.9160118103027
12.6699542999268 -9.88430595397949 46.9160118103027
12.177827835083 -10.3764314651489 46.9160118103027
0 0 1
12.6699542999268 -9.88430595397949 46.9160118103027
12.6699542999268 -5.79879856109619 46.9160118103027
12.177827835083 -5.79879856109619 46.9160118103027
0 0 1
12.177827835083 -10.3764314651489 42.6509170532227
12.6699542999268 -10.3764314651489 42.6509170532227
12.6699542999268 -10.3764314651489 46.9160118103027
-3.31683147702237E-15 -1 0
12.6699542999268 -10.3764314651489 46.9160118103027
12.177827835083 -10.3764314651489 46.9160118103027
12.177827835083 -10.3764314651489 42.6509170532227
-3.31683147702237E-15 -1 0
12.6699542999268 -5.79879856109619 46.9160118103027
12.6699542999268 -5.79879856109619 42.6509170532227
12.177827835083 -5.79879856109619 42.6509170532227
3.23498041771529E-15 1 0
12.177827835083 -5.79879856109619 42.6509170532227
12.177827835083 -5.79879856109619 46.9160118103027
12.6699542999268 -5.79879856109619 46.9160118103027
3.23498041771529E-15 1 0
21.282320022583 -10.3764314651489 42.6509170532227
21.282320022583 -10.3764314651489 46.9160118103027
12.6699542999268 -10.3764314651489 46.9160118103027
-3.31683147702237E-15 -1 0
12.6699542999268 -10.3764314651489 46.9160118103027
12.6699542999268 -10.3764314651489 42.6509170532227
21.282320022583 -10.3764314651489 42.6509170532227
-3.31683147702237E-15 -1 0
21.282320022583 -9.88430595397949 46.9160118103027
21.282320022583 -9.88430595397949 42.6509170532227
20.7901935577393 -9.88430595397949 46.9160118103027
3.31683147702237E-15 1 0
20.7901935577393 -9.88430595397949 46.9160118103027
21.282320022583 -9.88430595397949 42.6509170532227
20.7901935577393 -9.88430595397949 42.6509170532227
3.31683147702237E-15 1 0
20.7901935577393 -9.88430595397949 42.6509170532227
12.6699542999268 -9.88430595397949 42.6509170532227
12.6699542999268 -9.88430595397949 46.9160118103027
3.31683147702237E-15 1 0
20.7901935577393 -9.88430595397949 42.6509170532227
12.6699542999268 -9.88430595397949 46.9160118103027
20.7901935577393 -9.88430595397949 46.9160118103027
3.31683147702237E-15 1 0
21.282320022583 -10.3764314651489 42.6509170532227
12.6699542999268 -10.3764314651489 42.6509170532227
20.7901935577393 -9.88430595397949 42.6509170532227
0 0 -1
12.6699542999268 -9.88430595397949 42.6509170532227
20.7901935577393 -9.88430595397949 42.6509170532227
12.6699542999268 -10.3764314651489 42.6509170532227
0 0 -1
20.7901935577393 -9.88430595397949 42.6509170532227
21.282320022583 -9.88430595397949 42.6509170532227
21.282320022583 -10.3764314651489 42.6509170532227
0 0 -1
12.6699542999268 -10.3764314651489 46.9160118103027
21.282320022583 -10.3764314651489 46.9160118103027
20.7901935577393 -9.88430595397949 46.9160118103027
0 0 1
21.282320022583 -9.88430595397949 46.9160118103027
20.7901935577393 -9.88430595397949 46.9160118103027
21.282320022583 -10.3764314651489 46.9160118103027
0 0 1
20.7901935577393 -9.88430595397949 46.9160118103027
12.6699542999268 -9.88430595397949 46.9160118103027
12.6699542999268 -10.3764314651489 46.9160118103027
0 0 1
12.6699542999268 -10.3764314651489 46.9160118103027
12.6699542999268 -9.88430595397949 46.9160118103027
12.6699542999268 -9.88430595397949 42.6509170532227
-1 1.54697689804015E-15 0
12.6699542999268 -9.88430595397949 42.6509170532227
12.6699542999268 -10.3764314651489 42.6509170532227
12.6699542999268 -10.3764314651489 46.9160118103027
-1 1.54697689804015E-15 0
21.282320022583 -10.3764314651489 42.6509170532227
21.282320022583 -9.88430595397949 42.6509170532227
21.282320022583 -9.88430595397949 46.9160118103027
1 -1.54697689804015E-15 0
21.282320022583 -9.88430595397949 46.9160118103027
21.282320022583 -10.3764314651489 46.9160118103027
21.282320022583 -10.3764314651489 42.6509170532227
1 -1.54697689804015E-15 0
21.282320022583 -5.79879856109619 42.6509170532227
21.282320022583 -5.79879856109619 46.9160118103027
21.282320022583 -9.88430595397949 46.9160118103027
1 -1.54697689804015E-15 0
21.282320022583 -9.88430595397949 46.9160118103027
21.282320022583 -9.88430595397949 42.6509170532227
21.282320022583 -5.79879856109619 42.6509170532227
1 -1.54697689804015E-15 0
20.7901935577393 -9.88430595397949 46.9160118103027
20.7901935577393 -5.79879856109619 46.9160118103027
20.7901935577393 -5.79879856109619 42.6509170532227
-1 1.54697689804015E-15 0
20.7901935577393 -5.79879856109619 42.6509170532227
20.7901935577393 -9.88430595397949 42.6509170532227
20.7901935577393 -9.88430595397949 46.9160118103027
-1 1.54697689804015E-15 0
21.282320022583 -9.88430595397949 42.6509170532227
20.7901935577393 -9.88430595397949 42.6509170532227
20.7901935577393 -5.79879856109619 42.6509170532227
0 0 -1
20.7901935577393 -5.79879856109619 42.6509170532227
21.282320022583 -5.79879856109619 42.6509170532227
21.282320022583 -9.88430595397949 42.6509170532227
0 0 -1
21.282320022583 -5.79879856109619 46.9160118103027
20.7901935577393 -5.79879856109619 46.9160118103027
20.7901935577393 -9.88430595397949 46.9160118103027
0 0 1
20.7901935577393 -9.88430595397949 46.9160118103027
21.282320022583 -9.88430595397949 46.9160118103027
21.282320022583 -5.79879856109619 46.9160118103027
0 0 1
21.282320022583 -9.88430595397949 46.9160118103027
20.7901935577393 -9.88430595397949 46.9160118103027
20.7901935577393 -9.88430595397949 42.6509170532227
-3.31683147702237E-15 -1 0
20.7901935577393 -9.88430595397949 42.6509170532227
21.282320022583 -9.88430595397949 42.6509170532227
21.282320022583 -9.88430595397949 46.9160118103027
-3.31683147702237E-15 -1 0
20.7901935577393 -5.79879856109619 42.6509170532227
20.7901935577393 -5.79879856109619 46.9160118103027
21.282320022583 -5.79879856109619 46.9160118103027
3.23498041771529E-15 1 0
21.282320022583 -5.79879856109619 46.9160118103027
21.282320022583 -5.79879856109619 42.6509170532227
20.7901935577393 -5.79879856109619 42.6509170532227
3.23498041771529E-15 1 0
[LEVEL]
6F
-23.884126663208 -5.4707145690918 54.4619407653809
-23.884126663208 -5.4707145690918 65.2887115478516
-23.884126663208 0.434797197580338 65.2887115478516
-1 1.70979020415518E-15 0
-23.884126663208 0.434797197580338 65.2887115478516
-23.884126663208 0.434797197580338 54.4619407653809
-23.884126663208 -5.4707145690918 54.4619407653809
-1 1.70979020415518E-15 0
-23.2279586791992 -5.1426305770874 65.2887115478516
-23.2279586791992 -5.4707145690918 65.2887115478516
-23.2279586791992 -5.1426305770874 54.4619407653809
1 -1.70979020415518E-15 0
-23.2279586791992 -5.1426305770874 54.4619407653809
-23.2279586791992 -5.4707145690918 65.2887115478516
-23.2279586791992 -5.4707145690918 54.4619407653809
1 -1.70979020415518E-15 0
-23.2279586791992 -5.1426305770874 54.4619407653809
-23.2279586791992 0.434797197580338 54.4619407653809
-23.2279586791992 0.434797197580338 65.2887115478516
1 -1.70979020415518E-15 0
-23.2279586791992 -5.1426305770874 54.4619407653809
-23.2279586791992 0.434797197580338 65.2887115478516
-23.2279586791992 -5.1426305770874 65.2887115478516
1 -1.70979020415518E-15 0
-23.884126663208 -5.4707145690918 54.4619407653809
-23.884126663208 0.434797197580338 54.4619407653809
-23.2279586791992 -5.1426305770874 54.4619407653809
0 0 -1
-23.2279586791992 0.434797197580338 54.4619407653809
-23.2279586791992 -5.1426305770874 54.4619407653809
-23.884126663208 0.434797197580338 54.4619407653809
0 0 -1
-23.2279586791992 -5.1426305770874 54.4619407653809
-23.2279586791992 -5.4707145690918 54.4619407653809
-23.884126663208 -5.4707145690918 54.4619407653809
0 0 -1
-23.884126663208 -5.4707145690918 54.4619407653809
-23.2279586791992 -5.4707145690918 54.4619407653809
-23.2279586791992 -5.4707145690918 65.2887115478516
-1.35358391162299E-15 -1 0
-23.2279586791992 -5.4707145690918 65.2887115478516
-23.884126663208 -5.4707145690918 65.2887115478516
-23.884126663208 -5.4707145690918 54.4619407653809
-1.35358391162299E-15 -1 0
-23.884126663208 0.434797197580338 65.2887115478516
-23.884126663208 -5.4707145690918 65.2887115478516
-23.2279586791992 -5.1426305770874 65.2887115478516
0 0 1
-23.2279586791992 -5.4707145690918 65.2887115478516
-23.2279586791992 -5.1426305770874 65.2887115478516
-23.884126663208 -5.4707145690918 65.2887115478516
0 0 1
-23.2279586791992 -5.1426305770874 65.2887115478516
-23.2279586791992 0.434797197580338 65.2887115478516
-23.884126663208 0.434797197580338 65.2887115478516
0 0 1
-23.884126663208 0.434797197580338 65.2887115478516
-23.2279586791992 0.434797197580338 65.2887115478516
-23.2279586791992 0.434797197580338 54.4619407653809
1.69197988952874E-15 1 0
-23.2279586791992 0.434797197580338 54.4619407653809
-23.884126663208 0.434797197580338 54.4619407653809
-23.884126663208 0.434797197580338 65.2887115478516
1.69197988952874E-15 1 0
-14.0416069030762 -5.79879856109619 65.2887115478516
-23.2279586791992 -5.79879856109619 54.4619407653809
-14.0416069030762 -5.79879856109619 54.4619407653809
-3.23498041771529E-15 -1 0
-13.3854389190674 -5.79879856109619 65.2887115478516
-14.0416069030762 -5.79879856109619 54.4619407653809
-13.3854389190674 -5.79879856109619 54.4619407653809
-3.23498041771529E-15 -1 0
-23.2279586791992 -5.79879856109619 65.2887115478516
-23.2279586791992 -5.79879856109619 54.4619407653809
-14.0416069030762 -5.79879856109619 65.2887115478516
-3.23498041771529E-15 -1 0
-13.3854389190674 -5.79879856109619 65.2887115478516
14.5142116546631 -5.79879856109619 61.3517074584961
28.9373950958252 -5.79879856109619 65.2887115478516
-3.23498041771529E-15 -1 0
-13.3854389190674 -5.79879856109619 65.2887115478516
-14.0416069030762 -5.79879856109619 65.2887115478516
-14.0416069030762 -5.79879856109619 54.4619407653809
-3.23498041771529E-15 -1 0
14.5142116546631 -5.79879856109619 61.3517074584961
-13.3854389190674 -5.79879856109619 65.2887115478516
-13.3854389190674 -5.79879856109619 54.4619407653809
-3.23498041771529E-15 -1 0
-13.3854389190674 -5.79879856109619 54.4619407653809
14.5142116546631 -5.79879856109619 54.4619407653809
14.5142116546631 -5.79879856109619 61.3517074584961
-3.23498041771529E-15 -1 0
23.0443954467773 -5.79879856109619 61.3517074584961
17.4669666290283 -5.79879856109619 54.4619407653809
23.0443954467773 -5.79879856109619 54.4619407653809
-3.23498041771529E-15 -1 0
17.4669666290283 -5.79879856109619 61.3517074584961
23.0443954467773 -5.79879856109619 61.3517074584961
28.9373950958252 -5.79879856109619 65.2887115478516
-3.23498041771529E-15 -1 0
17.4669666290283 -5.79879856109619 61.3517074584961
17.4669666290283 -5.79879856109619 54.4619407653809
23.0443954467773 -5.79879856109619 61.3517074584961
-3.23498041771529E-15 -1 0
28.9373950958252 -5.79879856109619 61.3517074584961
28.9373950958252 -5.79879856109619 65.2887115478516
23.0443954467773 -5.79879856109619 61.3517074584961
-3.23498041771529E-15 -1 0
17.4669666290283 -5.79879856109619 61.3517074584961
28.9373950958252 -5.79879856109619 65.2887115478516
14.5142116546631 -5.79879856109619 61.3517074584961
-3.23498041771529E-15 -1 0
17.4669666290283 -5.1426305770874 54.4619407653809
23.0443954467773 -5.1426305770874 61.3517074584961
23.0443954467773 -5.1426305770874 54.4619407653809
3.23498041771529E-15 1 0
14.5142116546631 -5.1426305770874 61.3517074584961
14.5016994476318 -5.1426305770874 54.4619407653809
13.1893634796143 -5.1426305770874 54.4619407653809
3.23498041771529E-15 1 0
13.1893634796143 -5.1426305770874 54.4619407653809
7.11981010437012 -5.1426305770874 54.4619407653809
14.5142116546631 -5.1426305770874 61.3517074584961
3.23498041771529E-15 1 0
14.5142116546631 -5.1426305770874 54.4619407653809
14.5016994476318 -5.1426305770874 54.4619407653809
14.5142116546631 -5.1426305770874 61.3517074584961
3.23498041771529E-15 1 0
6.79172611236572 -5.1426305770874 54.4619407653809
2.1985502243042 -5.1426305770874 65.2887115478516
7.11981010437012 -5.1426305770874 54.4619407653809
3.23498041771529E-15 1 0
23.0443954467773 -5.1426305770874 61.3517074584961
17.4669666290283 -5.1426305770874 61.3517074584961
28.9373950958252 -5.1426305770874 65.2887115478516
3.23498041771529E-15 1 0
17.4669666290283 -5.1426305770874 61.3517074584961
23.0443954467773 -5.1426305770874 61.3517074584961
17.4669666290283 -5.1426305770874 54.4619407653809
3.23498041771529E-15 1 0
28.9373950958252 -5.1426305770874 65.2887115478516
28.9373950958252 -5.1426305770874 61.3517074584961
23.0443954467773 -5.1426305770874 61.3517074584961
3.23498041771529E-15 1 0
17.4669666290283 -5.1426305770874 61.3517074584961
14.5142116546631 -5.1426305770874 61.3517074584961
28.9373950958252 -5.1426305770874 65.2887115478516
3.23498041771529E-15 1 0
2.1985502243042 -5.1426305770874 65.2887115478516
2.1985502243042 -5.1426305770874 54.4619407653809
1.8704662322998 -5.1426305770874 65.2887115478516
3.23498041771529E-15 1 0
14.5142116546631 -5.1426305770874 61.3517074584961
2.1985502243042 -5.1426305770874 65.2887115478516
28.9373950958252 -5.1426305770874 65.2887115478516
3.23498041771529E-15 1 0
14.5142116546631 -5.1426305770874 61.3517074584961
7.11981010437012 -5.1426305770874 54.4619407653809
2.1985502243042 -5.1426305770874 65.2887115478516
3.23498041771529E-15 1 0
2.1985502243042 -5.1426305770874 54.4619407653809
1.8704662322998 -5.1426305770874 54.4619407653809
1.8704662322998 -5.1426305770874 65.2887115478516
3.23498041771529E-15 1 0
6.79172611236572 -5.1426305770874 54.4619407653809
2.1985502243042 -5.1426305770874 54.4619407653809
2.1985502243042 -5.1426305770874 65.2887115478516
3.23498041771529E-15 1 0
-2.55866765975952 -5.1426305770874 65.2887115478516
-2.55866765975952 -5.1426305770874 54.4619407653809
-3.21483564376831 -5.1426305770874 54.4619407653809
3.23498041771529E-15 1 0
-5.51134347915649 -5.1426305770874 54.4619407653809
-3.21483564376831 -5.1426305770874 65.2887115478516
-3.21483564376831 -5.1426305770874 54.4619407653809
3.23498041771529E-15 1 0
-13.3854389190674 -5.1426305770874 54.4619407653809
-14.0416069030762 -5.1426305770874 54.4619407653809
-13.3854389190674 -5.1426305770874 65.2887115478516
3.23498041771529E-15 1 0
-6.16751146316528 -5.1426305770874 65.2887115478516
-6.16751146316528 -5.1426305770874 54.4619407653809
-13.3854389190674 -5.1426305770874 54.4619407653809
3.23498041771529E-15 1 0
-5.51134347915649 -5.1426305770874 65.2887115478516
-5.51134347915649 -5.1426305770874 54.4619407653809
-6.16751146316528 -5.1426305770874 54.4619407653809
3.23498041771529E-15 1 0
-14.0416069030762 -5.1426305770874 65.2887115478516
-14.0416069030762 -5.1426305770874 54.4619407653809
-23.2279586791992 -5.1426305770874 54.4619407653809
3.23498041771529E-15 1 0
-5.51134347915649 -5.1426305770874 54.4619407653809
-5.51134347915649 -5.1426305770874 65.2887115478516
-3.21483564376831 -5.1426305770874 65.2887115478516
3.23498041771529E-15 1 0
-3.21483564376831 -5.1426305770874 65.2887115478516
-2.55866765975952 -5.1426305770874 65.2887115478516
-3.21483564376831 -5.1426305770874 54.4619407653809
3.23498041771529E-15 1 0
1.8704662322998 -5.1426305770874 54.4619407653809
-2.55866765975952 -5.1426305770874 65.2887115478516
1.8704662322998 -5.1426305770874 65.2887115478516
3.23498041771529E-15 1 0
-6.16751146316528 -5.1426305770874 54.4619407653809
-6.16751146316528 -5.1426305770874 65.2887115478516
-5.51134347915649 -5.1426305770874 65.2887115478516
3.23498041771529E-15 1 0
-13.3854389190674 -5.1426305770874 65.2887115478516
-6.16751146316528 -5.1426305770874 65.2887115478516
-13.3854389190674 -5.1426305770874 54.4619407653809
3.23498041771529E-15 1 0
-14.0416069030762 -5.1426305770874 65.2887115478516
-13.3854389190674 -5.1426305770874 65.2887115478516
-14.0416069030762 -5.1426305770874 54.4619407653809
3.23498041771529E-15 1 0
-23.2279586791992 -5.1426305770874 54.4619407653809
-23.2279586791992 -5.1426305770874 65.2887115478516
-14.0416069030762 -5.1426305770874 65.2887115478516
3.23498041771529E-15 1 0
-2.55866765975952 -5.1426305770874 65.2887115478516
1.8704662322998 -5.1426305770874 54.4619407653809
-2.55866765975952 -5.1426305770874 54.4619407653809
3.23498041771529E-15 1 0
-14.0416069030762 -5.79879856109619 54.4619407653809
-23.2279586791992 -5.79879856109619 54.4619407653809
-23.2279586791992 -5.4707145690918 54.4619407653809
0 0 -1
-14.0416069030762 -5.79879856109619 54.4619407653809
-14.0416069030762 -5.1426305770874 54.4619407653809
-13.3854389190674 -5.79879856109619 54.4619407653809
0 0 -1
-13.3854389190674 -5.79879856109619 54.4619407653809
-5.51134347915649 -5.1426305770874 54.4619407653809
-3.21483564376831 -5.1426305770874 54.4619407653809
0 0 -1
14.5142116546631 -5.79879856109619 54.4619407653809
1.8704662322998 -5.1426305770874 54.4619407653809
2.1985502243042 -5.1426305770874 54.4619407653809
0 0 -1
14.5142116546631 -5.79879856109619 54.4619407653809
-13.3854389190674 -5.79879856109619 54.4619407653809
1.8704662322998 -5.1426305770874 54.4619407653809
0 0 -1
1.8704662322998 -5.1426305770874 54.4619407653809
-13.3854389190674 -5.79879856109619 54.4619407653809
-2.55866765975952 -5.1426305770874 54.4619407653809
0 0 -1
-13.3854389190674 -5.79879856109619 54.4619407653809
-3.21483564376831 -5.1426305770874 54.4619407653809
-2.55866765975952 -5.1426305770874 54.4619407653809
0 0 -1
14.5142116546631 -5.79879856109619 54.4619407653809
2.1985502243042 -5.1426305770874 54.4619407653809
6.79172611236572 -5.1426305770874 54.4619407653809
0 0 -1
-14.0416069030762 -5.79879856109619 54.4619407653809
-23.2279586791992 -5.4707145690918 54.4619407653809
-14.0416069030762 -5.1426305770874 54.4619407653809
0 0 -1
-5.51134347915649 -5.1426305770874 54.4619407653809
-13.3854389190674 -5.79879856109619 54.4619407653809
-6.16751146316528 -5.1426305770874 54.4619407653809
0 0 -1
-13.3854389190674 -5.1426305770874 54.4619407653809
-6.16751146316528 -5.1426305770874 54.4619407653809
-13.3854389190674 -5.79879856109619 54.4619407653809
0 0 -1
-13.3854389190674 -5.79879856109619 54.4619407653809
-14.0416069030762 -5.1426305770874 54.4619407653809
-13.3854389190674 -5.1426305770874 54.4619407653809
0 0 -1
-23.2279586791992 -5.4707145690918 54.4619407653809
-23.2279586791992 -5.1426305770874 54.4619407653809
-14.0416069030762 -5.1426305770874 54.4619407653809
0 0 -1
7.11981010437012 -5.1426305770874 54.4619407653809
13.1893634796143 -5.1426305770874 54.4619407653809
14.5142116546631 -5.79879856109619 54.4619407653809
0 0 -1
14.5142116546631 -5.1426305770874 54.4619407653809
14.5142116546631 -5.79879856109619 54.4619407653809
14.5016994476318 -5.1426305770874 54.4619407653809
0 0 -1
14.5142116546631 -5.79879856109619 54.4619407653809
13.1893634796143 -5.1426305770874 54.4619407653809
14.5016994476318 -5.1426305770874 54.4619407653809
0 0 -1
6.79172611236572 -5.1426305770874 54.4619407653809
7.11981010437012 -5.1426305770874 54.4619407653809
14.5142116546631 -5.79879856109619 54.4619407653809
0 0 -1
23.0443954467773 -5.79879856109619 54.4619407653809
17.4669666290283 -5.79879856109619 54.4619407653809
17.4669666290283 -5.1426305770874 54.4619407653809
0 0 -1
17.4669666290283 -5.1426305770874 54.4619407653809
23.0443954467773 -5.1426305770874 54.4619407653809
23.0443954467773 -5.79879856109619 54.4619407653809
0 0 -1
28.9373950958252 -5.79879856109619 65.2887115478516
28.9373950958252 -5.79879856109619 61.3517074584961
28.9373950958252 -5.1426305770874 61.3517074584961
1 -5.41433564649196E-15 0
28.9373950958252 -5.1426305770874 61.3517074584961
28.9373950958252 -5.1426305770874 65.2887115478516
28.9373950958252 -5.79879856109619 65.2887115478516
1 -5.41433564649196E-15 0
-13.3854389190674 -5.79879856109619 65.2887115478516
28.9373950958252 -5.79879856109619 65.2887115478516
2.1985502243042 -5.1426305770874 65.2887115478516
0 0 1
2.1985502243042 -5.1426305770874 65.2887115478516
28.9373950958252 -5.79879856109619 65.2887115478516
28.9373950958252 -5.1426305770874 65.2887115478516
0 0 1
-13.3854389190674 -5.79879856109619 65.2887115478516
2.1985502243042 -5.1426305770874 65.2887115478516
1.8704662322998 -5.1426305770874 65.2887115478516
0 0 1
-23.2279586791992 -5.79879856109619 65.2887115478516
-14.0416069030762 -5.79879856109619 65.2887115478516
-23.2279586791992 -5.4707145690918 65.2887115478516
0 0 1
-14.0416069030762 -5.79879856109619 65.2887115478516
-14.0416069030762 -5.1426305770874 65.2887115478516
-23.2279586791992 -5.4707145690918 65.2887115478516
0 0 1
-13.3854389190674 -5.79879856109619 65.2887115478516
-14.0416069030762 -5.1426305770874 65.2887115478516
-14.0416069030762 -5.79879856109619 65.2887115478516
0 0 1
-13.3854389190674 -5.79879856109619 65.2887115478516
1.8704662322998 -5.1426305770874 65.2887115478516
-2.55866765975952 -5.1426305770874 65.2887115478516
0 0 1
-3.21483564376831 -5.1426305770874 65.2887115478516
-5.51134347915649 -5.1426305770874 65.2887115478516
-13.3854389190674 -5.79879856109619 65.2887115478516
0 0 1
-5.51134347915649 -5.1426305770874 65.2887115478516
-6.16751146316528 -5.1426305770874 65.2887115478516
-13.3854389190674 -5.79879856109619 65.2887115478516
0 0 1
-14.0416069030762 -5.1426305770874 65.2887115478516
-13.3854389190674 -5.79879856109619 65.2887115478516
-13.3854389190674 -5.1426305770874 65.2887115478516
0 0 1
-23.2279586791992 -5.4707145690918 65.2887115478516
-14.0416069030762 -5.1426305770874 65.2887115478516
-23.2279586791992 -5.1426305770874 65.2887115478516
0 0 1
-6.16751146316528 -5.1426305770874 65.2887115478516
-13.3854389190674 -5.1426305770874 65.2887115478516
-13.3854389190674 -5.79879856109619 65.2887115478516
0 0 1
-13.3854389190674 -5.79879856109619 65.2887115478516
-2.55866765975952 -5.1426305770874 65.2887115478516
-3.21483564376831 -5.1426305770874 65.2887115478516
0 0 1
-23.2279586791992 -5.4707145690918 54.4619407653809
-23.2279586791992 -5.79879856109619 54.4619407653809
-23.2279586791992 -5.79879856109619 65.2887115478516
-1 2.70716782324847E-15 0
-23.2279586791992 -5.4707145690918 65.2887115478516
-23.2279586791992 -5.4707145690918 54.4619407653809
-23.2279586791992 -5.79879856109619 65.2887115478516
-1 2.70716782324847E-15 0
-23.2279586791992 -5.4707145690918 65.2887115478516
-23.2279586791992 -5.1426305770874 65.2887115478516
-23.2279586791992 -5.4707145690918 54.4619407653809
-1 2.70716782324847E-15 0
-23.2279586791992 -5.1426305770874 54.4619407653809
-23.2279586791992 -5.4707145690918 54.4619407653809
-23.2279586791992 -5.1426305770874 65.2887115478516
-1 2.70716782324847E-15 0
23.0443954467773 -5.1426305770874 61.3517074584961
28.9373950958252 -5.1426305770874 61.3517074584961
28.9373950958252 -5.79879856109619 61.3517074584961
0 0 -1
28.9373950958252 -5.79879856109619 61.3517074584961
23.0443954467773 -5.79879856109619 61.3517074584961
23.0443954467773 -5.1426305770874 61.3517074584961
0 0 -1
23.0443954467773 -5.79879856109619 61.3517074584961
23.0443954467773 -5.79879856109619 54.4619407653809
23.0443954467773 -5.1426305770874 54.4619407653809
1 -3.19744231092045E-15 0
23.0443954467773 -5.1426305770874 54.4619407653809
23.0443954467773 -5.1426305770874 61.3517074584961
23.0443954467773 -5.79879856109619 61.3517074584961
1 -3.19744231092045E-15 0
17.4669666290283 -5.1426305770874 61.3517074584961
17.4669666290283 -5.1426305770874 54.4619407653809
17.4669666290283 -5.79879856109619 54.4619407653809
-1 3.19744231092045E-15 0
17.4669666290283 -5.79879856109619 54.4619407653809
17.4669666290283 -5.79879856109619 61.3517074584961
17.4669666290283 -5.1426305770874 61.3517074584961
-1 3.19744231092045E-15 0
17.4669666290283 -5.79879856109619 61.3517074584961
14.5142116546631 -5.79879856109619 61.3517074584961
14.5142116546631 -5.1426305770874 61.3517074584961
0 0 -1
14.5142116546631 -5.1426305770874 61.3517074584961
17.4669666290283 -5.1426305770874 61.3517074584961
17.4669666290283 -5.79879856109619 61.3517074584961
0 0 -1
14.5142116546631 -5.79879856109619 61.3517074584961
14.5142116546631 -5.79879856109619 54.4619407653809
14.5142116546631 -5.1426305770874 54.4619407653809
1 -3.19744231092045E-15 0
14.5142116546631 -5.1426305770874 54.4619407653809
14.5142116546631 -5.1426305770874 61.3517074584961
14.5142116546631 -5.79879856109619 61.3517074584961
1 -3.19744231092045E-15 0
13.845531463623 -4.48646259307861 54.4619407653809
13.845531463623 6.1270694732666 54.4619407653809
13.845531463623 6.1270694732666 61.3517074584961
1 -1.63451642158245E-15 0
13.845531463623 -4.48646259307861 64.3044586181641
13.845531463623 6.1270694732666 61.3517074584961
13.845531463623 12.9019889831543 64.3044586181641
1 -1.63451642158245E-15 0
13.845531463623 6.1270694732666 61.3517074584961
13.845531463623 -4.48646259307861 64.3044586181641
13.845531463623 -4.48646259307861 54.4619407653809
1 -1.63451642158245E-15 0
13.845531463623 9.07982540130615 54.4619407653809
13.845531463623 12.9019889831543 54.4619407653809
13.845531463623 9.07982540130615 61.3517074584961
1 -1.63451642158245E-15 0
13.845531463623 9.07982540130615 61.3517074584961
13.845531463623 12.9019889831543 64.3044586181641
13.845531463623 6.1270694732666 61.3517074584961
1 -1.63451642158245E-15 0
13.845531463623 12.9019889831543 64.3044586181641
13.845531463623 9.07982540130615 61.3517074584961
13.845531463623 12.9019889831543 54.4619407653809
1 -1.63451642158245E-15 0
13.1893634796143 12.9019889831543 54.4619407653809
13.1893634796143 9.07982540130615 54.4619407653809
13.1893634796143 9.07982540130615 61.3517074584961
-1 1.63451642158245E-15 0
13.1893634796143 12.9019889831543 64.3044586181641
13.1893634796143 9.07982540130615 61.3517074584961
13.1893634796143 6.1270694732666 61.3517074584961
-1 1.63451642158245E-15 0
13.1893634796143 9.07982540130615 61.3517074584961
13.1893634796143 12.9019889831543 64.3044586181641
13.1893634796143 12.9019889831543 54.4619407653809
-1 1.63451642158245E-15 0
13.1893634796143 6.1270694732666 54.4619407653809
13.1893634796143 -4.48646259307861 54.4619407653809
13.1893634796143 6.1270694732666 61.3517074584961
-1 1.63451642158245E-15 0
13.1893634796143 6.1270694732666 61.3517074584961
13.1893634796143 -4.48646259307861 64.3044586181641
13.1893634796143 12.9019889831543 64.3044586181641
-1 1.63451642158245E-15 0
13.1893634796143 -4.48646259307861 64.3044586181641
13.1893634796143 6.1270694732666 61.3517074584961
13.1893634796143 -4.48646259307861 54.4619407653809
-1 1.63451642158245E-15 0
13.845531463623 12.9019889831543 54.4619407653809
13.845531463623 9.07982540130615 54.4619407653809
13.1893634796143 9.07982540130615 54.4619407653809
0 0 -1
13.1893634796143 9.07982540130615 54.4619407653809
13.1893634796143 12.9019889831543 54.4619407653809
13.845531463623 12.9019889831543 54.4619407653809
0 0 -1
13.845531463623 6.1270694732666 54.4619407653809
13.845531463623 -4.48646259307861 54.4619407653809
13.1893634796143 -4.48646259307861 54.4619407653809
0 0 -1
13.1893634796143 -4.48646259307861 54.4619407653809
13.1893634796143 6.1270694732666 54.4619407653809
13.845531463623 6.1270694732666 54.4619407653809
0 0 -1
13.1893634796143 12.9019889831543 54.4619407653809
13.1893634796143 12.9019889831543 64.3044586181641
13.845531463623 12.9019889831543 64.3044586181641
0 1 0
13.845531463623 12.9019889831543 64.3044586181641
13.845531463623 12.9019889831543 54.4619407653809
13.1893634796143 12.9019889831543 54.4619407653809
0 1 0
13.845531463623 -4.48646259307861 54.4619407653809
13.845531463623 -4.48646259307861 64.3044586181641
13.1893634796143 -4.48646259307861 64.3044586181641
-1.35358391162299E-15 -1 0
13.1893634796143 -4.48646259307861 64.3044586181641
13.1893634796143 -4.48646259307861 54.4619407653809
13.845531463623 -4.48646259307861 54.4619407653809
-1.35358391162299E-15 -1 0
13.845531463623 6.1270694732666 61.3517074584961
13.845531463623 6.1270694732666 54.4619407653809
13.1893634796143 6.1270694732666 54.4619407653809
1.59872115546023E-15 1 0
13.1893634796143 6.1270694732666 54.4619407653809
13.1893634796143 6.1270694732666 61.3517074584961
13.845531463623 6.1270694732666 61.3517074584961
1.59872115546023E-15 1 0
13.1893634796143 6.1270694732666 61.3517074584961
13.1893634796143 9.07982540130615 61.3517074584961
13.845531463623 9.07982540130615 61.3517074584961
0 0 -1
13.845531463623 9.07982540130615 61.3517074584961
13.845531463623 6.1270694732666 61.3517074584961
13.1893634796143 6.1270694732666 61.3517074584961
0 0 -1
13.1893634796143 9.07982540130615 61.3517074584961
13.1893634796143 9.07982540130615 54.4619407653809
13.845531463623 9.07982540130615 54.4619407653809
-1.59872115546023E-15 -1 0
13.845531463623 9.07982540130615 54.4619407653809
13.845531463623 9.07982540130615 61.3517074584961
13.1893634796143 9.07982540130615 61.3517074584961
-1.59872115546023E-15 -1 0
13.845531463623 12.9019889831543 64.3044586181641
13.1893634796143 12.9019889831543 64.3044586181641
13.1893634796143 -4.48646259307861 64.3044586181641
0 0 1
13.1893634796143 -4.48646259307861 64.3044586181641
13.845531463623 -4.48646259307861 64.3044586181641
13.845531463623 12.9019889831543 64.3044586181641
0 0 1
-2.55866765975952 -2.68200063705444 65.2887115478516
-2.55866765975952 -5.1426305770874 54.4619407653809
-2.55866765975952 -2.68200063705444 54.4619407653809
1 -1.6243006939476E-15 0
-2.55866765975952 -2.35391664505005 65.2887115478516
-2.55866765975952 -2.68200063705444 54.4619407653809
-2.55866765975952 -2.35391664505005 54.4619407653809
1 -1.6243006939476E-15 0
-2.55866765975952 -5.1426305770874 65.2887115478516
-2.55866765975952 -5.1426305770874 54.4619407653809
-2.55866765975952 -2.68200063705444 65.2887115478516
1 -1.6243006939476E-15 0
-2.55866765975952 -2.35391664505005 65.2887115478516
-2.55866765975952 6.06659603118896 61.3517074584961
-2.55866765975952 8.96498107910156 65.2887115478516
1 -1.6243006939476E-15 0
-2.55866765975952 -2.35391664505005 65.2887115478516
-2.55866765975952 -2.68200063705444 65.2887115478516
-2.55866765975952 -2.68200063705444 54.4619407653809
1 -1.6243006939476E-15 0
-2.55866765975952 6.06659603118896 61.3517074584961
-2.55866765975952 -2.35391664505005 65.2887115478516
-2.55866765975952 -2.35391664505005 54.4619407653809
1 -1.6243006939476E-15 0
-2.55866765975952 -2.35391664505005 54.4619407653809
-2.55866765975952 6.06659603118896 54.4619407653809
-2.55866765975952 6.06659603118896 61.3517074584961
1 -1.6243006939476E-15 0
-2.55866765975952 9.01935195922852 61.3517074584961
-2.55866765975952 9.01935195922852 54.4619407653809
-2.55866765975952 12.9019889831543 54.4619407653809
1 -1.6243006939476E-15 0
-2.55866765975952 8.96498107910156 65.2887115478516
-2.55866765975952 6.06659603118896 61.3517074584961
-2.55866765975952 8.96498107910156 64.3044586181641
1 -1.6243006939476E-15 0
-2.55866765975952 9.01935195922852 61.3517074584961
-2.55866765975952 12.9019889831543 64.3044586181641
-2.55866765975952 8.96498107910156 64.3044586181641
1 -1.6243006939476E-15 0
-2.55866765975952 12.9019889831543 64.3044586181641
-2.55866765975952 9.01935195922852 61.3517074584961
-2.55866765975952 12.9019889831543 54.4619407653809
1 -1.6243006939476E-15 0
-2.55866765975952 6.06659603118896 61.3517074584961
-2.55866765975952 9.01935195922852 61.3517074584961
-2.55866765975952 8.96498107910156 64.3044586181641
1 -1.6243006939476E-15 0
-3.21483564376831 12.9019889831543 54.4619407653809
-3.21483564376831 9.01935195922852 54.4619407653809
-3.21483564376831 9.01935195922852 61.3517074584961
-1 1.6243006939476E-15 0
-3.21483564376831 6.06659603118896 61.3517074584961
-3.21483564376831 8.96498107910156 64.3044586181641
-3.21483564376831 9.01935195922852 61.3517074584961
-1 1.6243006939476E-15 0
-3.21483564376831 12.9019889831543 54.4619407653809
-3.21483564376831 9.01935195922852 61.3517074584961
-3.21483564376831 12.9019889831543 64.3044586181641
-1 1.6243006939476E-15 0
-3.21483564376831 8.96498107910156 64.3044586181641
-3.21483564376831 8.30881309509277 65.2887115478516
-3.21483564376831 8.96498107910156 65.2887115478516
-1 1.6243006939476E-15 0
-3.21483564376831 6.06659603118896 61.3517074584961
-3.21483564376831 8.30881309509277 65.2887115478516
-3.21483564376831 8.96498107910156 64.3044586181641
-1 1.6243006939476E-15 0
-3.21483564376831 12.9019889831543 64.3044586181641
-3.21483564376831 9.01935195922852 61.3517074584961
-3.21483564376831 8.96498107910156 64.3044586181641
-1 1.6243006939476E-15 0
-3.21483564376831 6.06659603118896 54.4619407653809
-3.21483564376831 2.56734323501587 54.4619407653809
-3.21483564376831 6.06659603118896 61.3517074584961
-1 1.6243006939476E-15 0
-3.21483564376831 1.91117513179779 54.4619407653809
-3.21483564376831 -5.1426305770874 54.4619407653809
-3.21483564376831 1.91117513179779 65.2887115478516
-1 1.6243006939476E-15 0
-3.21483564376831 2.56734323501587 54.4619407653809
-3.21483564376831 1.91117513179779 54.4619407653809
-3.21483564376831 6.06659603118896 61.3517074584961
-1 1.6243006939476E-15 0
-3.21483564376831 6.06659603118896 61.3517074584961
-3.21483564376831 2.56734323501587 65.2887115478516
-3.21483564376831 8.30881309509277 65.2887115478516
-1 1.6243006939476E-15 0
-3.21483564376831 2.56734323501587 65.2887115478516
-3.21483564376831 6.06659603118896 61.3517074584961
-3.21483564376831 1.91117513179779 65.2887115478516
-1 1.6243006939476E-15 0
-3.21483564376831 1.91117513179779 65.2887115478516
-3.21483564376831 6.06659603118896 61.3517074584961
-3.21483564376831 1.91117513179779 54.4619407653809
-1 1.6243006939476E-15 0
-3.21483564376831 -5.1426305770874 54.4619407653809
-3.21483564376831 -5.1426305770874 65.2887115478516
-3.21483564376831 1.91117513179779 65.2887115478516
-1 1.6243006939476E-15 0
-2.55866765975952 -2.35391664505005 54.4619407653809
-2.55866765975952 -2.68200063705444 54.4619407653809
-3.21483564376831 -5.1426305770874 54.4619407653809
0 0 -1
-3.21483564376831 1.91117513179779 54.4619407653809
-2.55866765975952 6.06659603118896 54.4619407653809
-2.55866765975952 -2.35391664505005 54.4619407653809
0 0 -1
-3.21483564376831 -5.1426305770874 54.4619407653809
-2.55866765975952 -2.68200063705444 54.4619407653809
-2.55866765975952 -5.1426305770874 54.4619407653809
0 0 -1
-3.21483564376831 1.91117513179779 54.4619407653809
-3.21483564376831 2.56734323501587 54.4619407653809
-2.55866765975952 6.06659603118896 54.4619407653809
0 0 -1
-3.21483564376831 2.56734323501587 54.4619407653809
-3.21483564376831 6.06659603118896 54.4619407653809
-2.55866765975952 6.06659603118896 54.4619407653809
0 0 -1
-3.21483564376831 1.91117513179779 54.4619407653809
-2.55866765975952 -2.35391664505005 54.4619407653809
-3.21483564376831 -5.1426305770874 54.4619407653809
0 0 -1
-2.55866765975952 12.9019889831543 54.4619407653809
-2.55866765975952 9.01935195922852 54.4619407653809
-3.21483564376831 9.01935195922852 54.4619407653809
0 0 -1
-3.21483564376831 9.01935195922852 54.4619407653809
-3.21483564376831 12.9019889831543 54.4619407653809
-2.55866765975952 12.9019889831543 54.4619407653809
0 0 -1
-3.21483564376831 12.9019889831543 54.4619407653809
-3.21483564376831 12.9019889831543 64.3044586181641
-2.55866765975952 12.9019889831543 64.3044586181641
5.41433564649196E-15 1 0
-2.55866765975952 12.9019889831543 64.3044586181641
-2.55866765975952 12.9019889831543 54.4619407653809
-3.21483564376831 12.9019889831543 54.4619407653809
5.41433564649196E-15 1 0
-2.55866765975952 -2.35391664505005 65.2887115478516
-2.55866765975952 8.96498107910156 65.2887115478516
-3.21483564376831 2.56734323501587 65.2887115478516
0 0 1
-3.21483564376831 -5.1426305770874 65.2887115478516
-2.55866765975952 -5.1426305770874 65.2887115478516
-2.55866765975952 -2.68200063705444 65.2887115478516
0 0 1
-2.55866765975952 -2.68200063705444 65.2887115478516
-2.55866765975952 -2.35391664505005 65.2887115478516
-3.21483564376831 -5.1426305770874 65.2887115478516
0 0 1
-3.21483564376831 2.56734323501587 65.2887115478516
-2.55866765975952 8.96498107910156 65.2887115478516
-3.21483564376831 8.30881309509277 65.2887115478516
0 0 1
-3.21483564376831 1.91117513179779 65.2887115478516
-2.55866765975952 -2.35391664505005 65.2887115478516
-3.21483564376831 2.56734323501587 65.2887115478516
0 0 1
-3.21483564376831 1.91117513179779 65.2887115478516
-3.21483564376831 -5.1426305770874 65.2887115478516
-2.55866765975952 -2.35391664505005 65.2887115478516
0 0 1
-3.21483564376831 8.30881309509277 65.2887115478516
-2.55866765975952 8.96498107910156 65.2887115478516
-3.21483564376831 8.96498107910156 65.2887115478516
0 0 1
-2.55866765975952 -5.1426305770874 65.2887115478516
-3.21483564376831 -5.1426305770874 65.2887115478516
-3.21483564376831 -5.1426305770874 54.4619407653809
-3.23498041771529E-15 -1 0
-3.21483564376831 -5.1426305770874 54.4619407653809
-2.55866765975952 -5.1426305770874 54.4619407653809
-2.55866765975952 -5.1426305770874 65.2887115478516
-3.23498041771529E-15 -1 0
-2.55866765975952 6.06659603118896 61.3517074584961
-2.55866765975952 6.06659603118896 54.4619407653809
-3.21483564376831 6.06659603118896 54.4619407653809
1.59872115546023E-15 1 0
-3.21483564376831 6.06659603118896 54.4619407653809
-3.21483564376831 6.06659603118896 61.3517074584961
-2.55866765975952 6.06659603118896 61.3517074584961
1.59872115546023E-15 1 0
-3.21483564376831 6.06659603118896 61.3517074584961
-3.21483564376831 9.01935195922852 61.3517074584961
-2.55866765975952 9.01935195922852 61.3517074584961
0 0 -1
-2.55866765975952 9.01935195922852 61.3517074584961
-2.55866765975952 6.06659603118896 61.3517074584961
-3.21483564376831 6.06659603118896 61.3517074584961
0 0 -1
-3.21483564376831 9.01935195922852 61.3517074584961
-3.21483564376831 9.01935195922852 54.4619407653809
-2.55866765975952 9.01935195922852 54.4619407653809
-1.59872115546023E-15 -1 0
-2.55866765975952 9.01935195922852 54.4619407653809
-2.55866765975952 9.01935195922852 61.3517074584961
-3.21483564376831 9.01935195922852 61.3517074584961
-1.59872115546023E-15 -1 0
-2.55866765975952 8.96498107910156 64.3044586181641
-2.55866765975952 12.9019889831543 64.3044586181641
-3.21483564376831 12.9019889831543 64.3044586181641
0 0 1
-3.21483564376831 12.9019889831543 64.3044586181641
-3.21483564376831 8.96498107910156 64.3044586181641
-2.55866765975952 8.96498107910156 64.3044586181641
0 0 1
-3.21483564376831 8.96498107910156 64.3044586181641
-3.21483564376831 8.96498107910156 65.2887115478516
-2.55866765975952 8.96498107910156 65.2887115478516
3.28141554332899E-15 1 0
-2.55866765975952 8.96498107910156 65.2887115478516
-2.55866765975952 8.96498107910156 64.3044586181641
-3.21483564376831 8.96498107910156 64.3044586181641
3.28141554332899E-15 1 0
-5.51134347915649 1.91117513179779 54.4619407653809
-5.51134347915649 1.91117513179779 65.2887115478516
-5.51134347915649 -5.1426305770874 65.2887115478516
1 -1.61278083086996E-15 0
-5.51134347915649 -5.1426305770874 65.2887115478516
-5.51134347915649 -5.1426305770874 54.4619407653809
-5.51134347915649 1.91117513179779 54.4619407653809
1 -1.61278083086996E-15 0
-6.16751146316528 -5.1426305770874 65.2887115478516
-6.16751146316528 1.91117513179779 65.2887115478516
-6.16751146316528 1.91117513179779 54.4619407653809
-1 1.61278083086996E-15 0
-6.16751146316528 1.91117513179779 54.4619407653809
-6.16751146316528 -5.1426305770874 54.4619407653809
-6.16751146316528 -5.1426305770874 65.2887115478516
-1 1.61278083086996E-15 0
-5.51134347915649 -5.1426305770874 54.4619407653809
-6.16751146316528 -5.1426305770874 54.4619407653809
-6.16751146316528 1.91117513179779 54.4619407653809
0 0 -1
-6.16751146316528 1.91117513179779 54.4619407653809
-5.51134347915649 1.91117513179779 54.4619407653809
-5.51134347915649 -5.1426305770874 54.4619407653809
0 0 -1
-5.51134347915649 1.91117513179779 65.2887115478516
-6.16751146316528 1.91117513179779 65.2887115478516
-6.16751146316528 -5.1426305770874 65.2887115478516
0 0 1
-6.16751146316528 -5.1426305770874 65.2887115478516
-5.51134347915649 -5.1426305770874 65.2887115478516
-5.51134347915649 1.91117513179779 65.2887115478516
0 0 1
-5.51134347915649 -5.1426305770874 65.2887115478516
-6.16751146316528 -5.1426305770874 65.2887115478516
-6.16751146316528 -5.1426305770874 54.4619407653809
-3.23498041771529E-15 -1 0
-6.16751146316528 -5.1426305770874 54.4619407653809
-5.51134347915649 -5.1426305770874 54.4619407653809
-5.51134347915649 -5.1426305770874 65.2887115478516
-3.23498041771529E-15 -1 0
-5.51134347915649 1.91117513179779 54.4619407653809
-6.16751146316528 1.91117513179779 54.4619407653809
-6.16751146316528 1.91117513179779 65.2887115478516
3.24039784903684E-15 1 0
-6.16751146316528 1.91117513179779 65.2887115478516
-5.51134347915649 1.91117513179779 65.2887115478516
-5.51134347915649 1.91117513179779 54.4619407653809
3.24039784903684E-15 1 0
-3.21483564376831 2.56734323501587 54.4619407653809
-11.5809774398804 2.56734323501587 54.4619407653809
-3.21483564376831 2.56734323501587 65.2887115478516
3.24039784903684E-15 1 0
-11.5809774398804 2.56734323501587 65.2887115478516
-3.21483564376831 2.56734323501587 65.2887115478516
-11.5809774398804 2.56734323501587 54.4619407653809
3.24039784903684E-15 1 0
-11.5809774398804 2.56734323501587 54.4619407653809
-11.9090614318848 2.56734323501587 65.2887115478516
-11.5809774398804 2.56734323501587 65.2887115478516
3.24039784903684E-15 1 0
-11.9090614318848 2.56734323501587 54.4619407653809
-13.3854389190674 2.56734323501587 54.4619407653809
-11.9090614318848 2.56734323501587 65.2887115478516
3.24039784903684E-15 1 0
-13.3854389190674 2.56734323501587 65.2887115478516
-11.9090614318848 2.56734323501587 65.2887115478516
-13.3854389190674 2.56734323501587 54.4619407653809
3.24039784903684E-15 1 0
-11.9090614318848 2.56734323501587 54.4619407653809
-11.9090614318848 2.56734323501587 65.2887115478516
-11.5809774398804 2.56734323501587 54.4619407653809
3.24039784903684E-15 1 0
-13.3854389190674 1.91117513179779 54.4619407653809
-6.16751146316528 1.91117513179779 54.4619407653809
-13.3854389190674 1.91117513179779 65.2887115478516
-3.24039784903684E-15 -1 0
-6.16751146316528 1.91117513179779 65.2887115478516
-13.3854389190674 1.91117513179779 65.2887115478516
-6.16751146316528 1.91117513179779 54.4619407653809
-3.24039784903684E-15 -1 0
-6.16751146316528 1.91117513179779 54.4619407653809
-5.51134347915649 1.91117513179779 65.2887115478516
-6.16751146316528 1.91117513179779 65.2887115478516
-3.24039784903684E-15 -1 0
-5.51134347915649 1.91117513179779 54.4619407653809
-3.21483564376831 1.91117513179779 54.4619407653809
-3.21483564376831 1.91117513179779 65.2887115478516
-3.24039784903684E-15 -1 0
-3.21483564376831 1.91117513179779 65.2887115478516
-5.51134347915649 1.91117513179779 65.2887115478516
-5.51134347915649 1.91117513179779 54.4619407653809
-3.24039784903684E-15 -1 0
-5.51134347915649 1.91117513179779 54.4619407653809
-5.51134347915649 1.91117513179779 65.2887115478516
-6.16751146316528 1.91117513179779 54.4619407653809
-3.24039784903684E-15 -1 0
-11.5809774398804 2.56734323501587 54.4619407653809
-3.21483564376831 2.56734323501587 54.4619407653809
-6.16751146316528 1.91117513179779 54.4619407653809
0 0 -1
-13.3854389190674 1.91117513179779 54.4619407653809
-13.3854389190674 2.56734323501587 54.4619407653809
-11.9090614318848 2.56734323501587 54.4619407653809
0 0 -1
-11.9090614318848 2.56734323501587 54.4619407653809
-11.5809774398804 2.56734323501587 54.4619407653809
-13.3854389190674 1.91117513179779 54.4619407653809
0 0 -1
-5.51134347915649 1.91117513179779 54.4619407653809
-6.16751146316528 1.91117513179779 54.4619407653809
-3.21483564376831 2.56734323501587 54.4619407653809
0 0 -1
-6.16751146316528 1.91117513179779 54.4619407653809
-13.3854389190674 1.91117513179779 54.4619407653809
-11.5809774398804 2.56734323501587 54.4619407653809
0 0 -1
-5.51134347915649 1.91117513179779 54.4619407653809
-3.21483564376831 2.56734323501587 54.4619407653809
-3.21483564376831 1.91117513179779 54.4619407653809
0 0 -1
-11.5809774398804 2.56734323501587 65.2887115478516
-11.9090614318848 2.56734323501587 65.2887115478516
-13.3854389190674 1.91117513179779 65.2887115478516
0 0 1
-3.21483564376831 2.56734323501587 65.2887115478516
-11.5809774398804 2.56734323501587 65.2887115478516
-6.16751146316528 1.91117513179779 65.2887115478516
0 0 1
-11.9090614318848 2.56734323501587 65.2887115478516
-13.3854389190674 2.56734323501587 65.2887115478516
-13.3854389190674 1.91117513179779 65.2887115478516
0 0 1
-13.3854389190674 1.91117513179779 65.2887115478516
-6.16751146316528 1.91117513179779 65.2887115478516
-11.5809774398804 2.56734323501587 65.2887115478516
0 0 1
-3.21483564376831 1.91117513179779 65.2887115478516
-3.21483564376831 2.56734323501587 65.2887115478516
-5.51134347915649 1.91117513179779 65.2887115478516
0 0 1
-5.51134347915649 1.91117513179779 65.2887115478516
-3.21483564376831 2.56734323501587 65.2887115478516
-6.16751146316528 1.91117513179779 65.2887115478516
0 0 1
-3.21483564376831 2.56734323501587 65.2887115478516
-3.21483564376831 1.91117513179779 65.2887115478516
-3.21483564376831 1.91117513179779 54.4619407653809
1 -1.6243006939476E-15 0
-3.21483564376831 1.91117513179779 54.4619407653809
-3.21483564376831 2.56734323501587 54.4619407653809
-3.21483564376831 2.56734323501587 65.2887115478516
1 -1.6243006939476E-15 0
-13.3854389190674 2.56734323501587 54.4619407653809
-13.3854389190674 1.91117513179779 54.4619407653809
-13.3854389190674 1.91117513179779 65.2887115478516
-1 1.61480185948008E-15 0
-13.3854389190674 1.91117513179779 65.2887115478516
-13.3854389190674 2.56734323501587 65.2887115478516
-13.3854389190674 2.56734323501587 54.4619407653809
-1 1.61480185948008E-15 0
-13.3854389190674 -5.1426305770874 54.4619407653809
-13.3854389190674 1.91117513179779 54.4619407653809
-13.3854389190674 1.91117513179779 65.2887115478516
1 -1.61480185948008E-15 0
-13.3854389190674 -5.1426305770874 65.2887115478516
-13.3854389190674 -5.1426305770874 54.4619407653809
-13.3854389190674 1.91117513179779 65.2887115478516
1 -1.61480185948008E-15 0
-13.3854389190674 9.97079563140869 61.3517074584961
-13.3854389190674 2.56734323501587 65.2887115478516
-13.3854389190674 2.56734323501587 54.4619407653809
1 -1.61480185948008E-15 0
-13.3854389190674 2.56734323501587 54.4619407653809
-13.3854389190674 2.56734323501587 65.2887115478516
-13.3854389190674 1.91117513179779 65.2887115478516
1 -1.61480185948008E-15 0
-13.3854389190674 1.91117513179779 54.4619407653809
-13.3854389190674 2.56734323501587 54.4619407653809
-13.3854389190674 1.91117513179779 65.2887115478516
1 -1.61480185948008E-15 0
-13.3854389190674 2.56734323501587 54.4619407653809
-13.3854389190674 7.16089010238647 54.4619407653809
-13.3854389190674 9.97079563140869 61.3517074584961
1 -1.61480185948008E-15 0
-13.3854389190674 7.48897409439087 54.4619407653809
-13.3854389190674 9.97079563140869 54.4619407653809
-13.3854389190674 9.97079563140869 61.3517074584961
1 -1.61480185948008E-15 0
-13.3854389190674 9.97079563140869 61.3517074584961
-13.3854389190674 7.16089010238647 65.2887115478516
-13.3854389190674 2.56734323501587 65.2887115478516
1 -1.61480185948008E-15 0
-13.3854389190674 7.16089010238647 65.2887115478516
-13.3854389190674 9.97079563140869 61.3517074584961
-13.3854389190674 7.48897409439087 65.2887115478516
1 -1.61480185948008E-15 0
-13.3854389190674 12.9019889831543 65.2887115478516
-13.3854389190674 7.48897409439087 65.2887115478516
-13.3854389190674 9.97079563140869 61.3517074584961
1 -1.61480185948008E-15 0
-13.3854389190674 12.9019889831543 61.3517074584961
-13.3854389190674 12.9019889831543 65.2887115478516
-13.3854389190674 9.97079563140869 61.3517074584961
1 -1.61480185948008E-15 0
-13.3854389190674 9.97079563140869 61.3517074584961
-13.3854389190674 7.16089010238647 54.4619407653809
-13.3854389190674 7.48897409439087 54.4619407653809
1 -1.61480185948008E-15 0
-14.0416069030762 9.97079563140869 61.3517074584961
-14.0416069030762 12.9019889831543 65.2887115478516
-14.0416069030762 12.9019889831543 61.3517074584961
-1 1.61480185948008E-15 0
-14.0416069030762 9.97079563140869 61.3517074584961
-14.0416069030762 -5.1426305770874 54.4619407653809
-14.0416069030762 -5.1426305770874 65.2887115478516
-1 1.61480185948008E-15 0
-14.0416069030762 -5.1426305770874 54.4619407653809
-14.0416069030762 9.97079563140869 61.3517074584961
-14.0416069030762 9.97079563140869 54.4619407653809
-1 1.61480185948008E-15 0
-14.0416069030762 9.97079563140869 61.3517074584961
-14.0416069030762 -5.1426305770874 65.2887115478516
-14.0416069030762 12.9019889831543 65.2887115478516
-1 1.61480185948008E-15 0
-14.0416069030762 9.97079563140869 54.4619407653809
-13.3854389190674 9.97079563140869 54.4619407653809
-13.3854389190674 7.48897409439087 54.4619407653809
0 0 -1
-13.3854389190674 7.48897409439087 54.4619407653809
-13.3854389190674 7.16089010238647 54.4619407653809
-14.0416069030762 9.97079563140869 54.4619407653809
0 0 -1
-13.3854389190674 1.91117513179779 54.4619407653809
-14.0416069030762 -5.1426305770874 54.4619407653809
-13.3854389190674 2.56734323501587 54.4619407653809
0 0 -1
-14.0416069030762 -5.1426305770874 54.4619407653809
-13.3854389190674 1.91117513179779 54.4619407653809
-13.3854389190674 -5.1426305770874 54.4619407653809
0 0 -1
-13.3854389190674 2.56734323501587 54.4619407653809
-14.0416069030762 9.97079563140869 54.4619407653809
-13.3854389190674 7.16089010238647 54.4619407653809
0 0 -1
-14.0416069030762 9.97079563140869 54.4619407653809
-13.3854389190674 2.56734323501587 54.4619407653809
-14.0416069030762 -5.1426305770874 54.4619407653809
0 0 -1
-13.3854389190674 12.9019889831543 65.2887115478516
-13.3854389190674 12.9019889831543 61.3517074584961
-14.0416069030762 12.9019889831543 61.3517074584961
0 1 0
-14.0416069030762 12.9019889831543 61.3517074584961
-14.0416069030762 12.9019889831543 65.2887115478516
-13.3854389190674 12.9019889831543 65.2887115478516
0 1 0
-13.3854389190674 7.16089010238647 65.2887115478516
-13.3854389190674 7.48897409439087 65.2887115478516
-14.0416069030762 12.9019889831543 65.2887115478516
0 0 1
-13.3854389190674 7.48897409439087 65.2887115478516
-13.3854389190674 12.9019889831543 65.2887115478516
-14.0416069030762 12.9019889831543 65.2887115478516
0 0 1
-13.3854389190674 2.56734323501587 65.2887115478516
-14.0416069030762 12.9019889831543 65.2887115478516
-14.0416069030762 -5.1426305770874 65.2887115478516
0 0 1
-14.0416069030762 12.9019889831543 65.2887115478516
-13.3854389190674 2.56734323501587 65.2887115478516
-13.3854389190674 7.16089010238647 65.2887115478516
0 0 1
-13.3854389190674 1.91117513179779 65.2887115478516
-14.0416069030762 -5.1426305770874 65.2887115478516
-13.3854389190674 -5.1426305770874 65.2887115478516
0 0 1
-14.0416069030762 -5.1426305770874 65.2887115478516
-13.3854389190674 1.91117513179779 65.2887115478516
-13.3854389190674 2.56734323501587 65.2887115478516
0 0 1
-13.3854389190674 -5.1426305770874 65.2887115478516
-14.0416069030762 -5.1426305770874 65.2887115478516
-14.0416069030762 -5.1426305770874 54.4619407653809
-3.23498041771529E-15 -1 0
-14.0416069030762 -5.1426305770874 54.4619407653809
-13.3854389190674 -5.1426305770874 54.4619407653809
-13.3854389190674 -5.1426305770874 65.2887115478516
-3.23498041771529E-15 -1 0
-13.3854389190674 9.97079563140869 61.3517074584961
-13.3854389190674 9.97079563140869 54.4619407653809
-14.0416069030762 9.97079563140869 54.4619407653809
1.59872115546023E-15 1 0
-14.0416069030762 9.97079563140869 54.4619407653809
-14.0416069030762 9.97079563140869 61.3517074584961
-13.3854389190674 9.97079563140869 61.3517074584961
1.59872115546023E-15 1 0
-14.0416069030762 9.97079563140869 61.3517074584961
-14.0416069030762 12.9019889831543 61.3517074584961
-13.3854389190674 12.9019889831543 61.3517074584961
0 0 -1
-13.3854389190674 12.9019889831543 61.3517074584961
-13.3854389190674 9.97079563140869 61.3517074584961
-14.0416069030762 9.97079563140869 61.3517074584961
0 0 -1
-23.884126663208 -7.11113452911377 54.4619407653809
-23.884126663208 -7.11113452911377 65.2887115478516
-23.884126663208 -5.4707145690918 65.2887115478516
-1 2.70716782324847E-15 0
-23.884126663208 -5.4707145690918 65.2887115478516
-23.884126663208 -5.4707145690918 54.4619407653809
-23.884126663208 -7.11113452911377 54.4619407653809
-1 2.70716782324847E-15 0
-23.2279586791992 -7.11113452911377 65.2887115478516
-23.2279586791992 -7.11113452911377 54.4619407653809
-23.2279586791992 -5.79879856109619 54.4619407653809
1 -2.70716782324847E-15 0
-23.2279586791992 -7.11113452911377 65.2887115478516
-23.2279586791992 -5.79879856109619 54.4619407653809
-23.2279586791992 -5.79879856109619 65.2887115478516
1 -2.70716782324847E-15 0
-23.2279586791992 -5.79879856109619 54.4619407653809
-23.2279586791992 -5.4707145690918 65.2887115478516
-23.2279586791992 -5.79879856109619 65.2887115478516
1 -2.70716782324847E-15 0
-23.2279586791992 -5.4707145690918 65.2887115478516
-23.2279586791992 -5.79879856109619 54.4619407653809
-23.2279586791992 -5.4707145690918 54.4619407653809
1 -2.70716782324847E-15 0
-23.884126663208 -7.11113452911377 54.4619407653809
-23.884126663208 -5.4707145690918 54.4619407653809
-23.2279586791992 -5.79879856109619 54.4619407653809
0 0 -1
-23.2279586791992 -5.4707145690918 54.4619407653809
-23.2279586791992 -5.79879856109619 54.4619407653809
-23.884126663208 -5.4707145690918 54.4619407653809
0 0 -1
-23.2279586791992 -5.79879856109619 54.4619407653809
-23.2279586791992 -7.11113452911377 54.4619407653809
-23.884126663208 -7.11113452911377 54.4619407653809
0 0 -1
-23.884126663208 -7.11113452911377 54.4619407653809
-23.2279586791992 -7.11113452911377 54.4619407653809
-23.2279586791992 -7.11113452911377 65.2887115478516
-2.70716782324598E-15 -1 0
-23.2279586791992 -7.11113452911377 65.2887115478516
-23.884126663208 -7.11113452911377 65.2887115478516
-23.884126663208 -7.11113452911377 54.4619407653809
-2.70716782324598E-15 -1 0
-23.884126663208 -5.4707145690918 65.2887115478516
-23.884126663208 -7.11113452911377 65.2887115478516
-23.2279586791992 -5.79879856109619 65.2887115478516
0 0 1
-23.2279586791992 -7.11113452911377 65.2887115478516
-23.2279586791992 -5.79879856109619 65.2887115478516
-23.884126663208 -7.11113452911377 65.2887115478516
0 0 1
-23.2279586791992 -5.79879856109619 65.2887115478516
-23.2279586791992 -5.4707145690918 65.2887115478516
-23.884126663208 -5.4707145690918 65.2887115478516
0 0 1
-23.884126663208 -5.4707145690918 65.2887115478516
-23.2279586791992 -5.4707145690918 65.2887115478516
-23.2279586791992 -5.4707145690918 54.4619407653809
2.70716782324598E-15 1 0
-23.2279586791992 -5.4707145690918 54.4619407653809
-23.884126663208 -5.4707145690918 54.4619407653809
-23.884126663208 -5.4707145690918 65.2887115478516
2.70716782324598E-15 1 0
-14.0416069030762 -7.11113452911377 54.4619407653809
-14.0416069030762 -7.11113452911377 65.2887115478516
-14.0416069030762 -5.79879856109619 65.2887115478516
-1 1.35358391162311E-15 0
-14.0416069030762 -5.79879856109619 65.2887115478516
-14.0416069030762 -5.79879856109619 54.4619407653809
-14.0416069030762 -7.11113452911377 54.4619407653809
-1 1.35358391162311E-15 0
-13.3854389190674 -5.79879856109619 65.2887115478516
-13.3854389190674 -7.11113452911377 65.2887115478516
-13.3854389190674 -7.11113452911377 54.4619407653809
1 -1.35358391162311E-15 0
-13.3854389190674 -7.11113452911377 54.4619407653809
-13.3854389190674 -5.79879856109619 54.4619407653809
-13.3854389190674 -5.79879856109619 65.2887115478516
1 -1.35358391162311E-15 0
-14.0416069030762 -5.79879856109619 54.4619407653809
-13.3854389190674 -5.79879856109619 54.4619407653809
-13.3854389190674 -7.11113452911377 54.4619407653809
0 0 -1
-13.3854389190674 -7.11113452911377 54.4619407653809
-14.0416069030762 -7.11113452911377 54.4619407653809
-14.0416069030762 -5.79879856109619 54.4619407653809
0 0 -1
-14.0416069030762 -7.11113452911377 54.4619407653809
-13.3854389190674 -7.11113452911377 54.4619407653809
-13.3854389190674 -7.11113452911377 65.2887115478516
-1.35358391162299E-15 -1 0
-13.3854389190674 -7.11113452911377 65.2887115478516
-14.0416069030762 -7.11113452911377 65.2887115478516
-14.0416069030762 -7.11113452911377 54.4619407653809
-1.35358391162299E-15 -1 0
-14.0416069030762 -7.11113452911377 65.2887115478516
-13.3854389190674 -7.11113452911377 65.2887115478516
-13.3854389190674 -5.79879856109619 65.2887115478516
0 0 1
-13.3854389190674 -5.79879856109619 65.2887115478516
-14.0416069030762 -5.79879856109619 65.2887115478516
-14.0416069030762 -7.11113452911377 65.2887115478516
0 0 1
-14.0416069030762 -5.79879856109619 65.2887115478516
-13.3854389190674 -5.79879856109619 65.2887115478516
-13.3854389190674 -5.79879856109619 54.4619407653809
3.23498041771529E-15 1 0
-13.3854389190674 -5.79879856109619 54.4619407653809
-14.0416069030762 -5.79879856109619 54.4619407653809
-14.0416069030762 -5.79879856109619 65.2887115478516
3.23498041771529E-15 1 0
-13.3854389190674 7.16089010238647 65.2887115478516
-13.3854389190674 7.16089010238647 54.4619407653809
-11.9090614318848 7.16089010238647 54.4619407653809
-3.44548632049675E-15 -1 0
-13.3854389190674 7.16089010238647 65.2887115478516
-11.9090614318848 7.16089010238647 54.4619407653809
-11.9090614318848 7.16089010238647 65.2887115478516
-3.44548632049675E-15 -1 0
-11.9090614318848 7.16089010238647 54.4619407653809
-11.5809774398804 7.16089010238647 65.2887115478516
-11.9090614318848 7.16089010238647 65.2887115478516
-3.44548632049675E-15 -1 0
-11.5809774398804 7.16089010238647 65.2887115478516
-11.9090614318848 7.16089010238647 54.4619407653809
-11.5809774398804 7.16089010238647 54.4619407653809
-3.44548632049675E-15 -1 0
-13.3854389190674 7.48897409439087 65.2887115478516
-11.5809774398804 7.48897409439087 65.2887115478516
-11.5809774398804 7.48897409439087 54.4619407653809
3.44548632049675E-15 1 0
-11.5809774398804 7.48897409439087 54.4619407653809
-13.3854389190674 7.48897409439087 54.4619407653809
-13.3854389190674 7.48897409439087 65.2887115478516
3.44548632049675E-15 1 0
-11.9090614318848 7.16089010238647 54.4619407653809
-13.3854389190674 7.48897409439087 54.4619407653809
-11.5809774398804 7.48897409439087 54.4619407653809
0 0 -1
-13.3854389190674 7.48897409439087 54.4619407653809
-11.9090614318848 7.16089010238647 54.4619407653809
-13.3854389190674 7.16089010238647 54.4619407653809
0 0 -1
-11.9090614318848 7.16089010238647 54.4619407653809
-11.5809774398804 7.48897409439087 54.4619407653809
-11.5809774398804 7.16089010238647 54.4619407653809
0 0 -1
-11.9090614318848 7.16089010238647 65.2887115478516
-11.5809774398804 7.48897409439087 65.2887115478516
-13.3854389190674 7.48897409439087 65.2887115478516
0 0 1
-11.5809774398804 7.48897409439087 65.2887115478516
-11.9090614318848 7.16089010238647 65.2887115478516
-11.5809774398804 7.16089010238647 65.2887115478516
0 0 1
-11.9090614318848 7.16089010238647 65.2887115478516
-13.3854389190674 7.48897409439087 65.2887115478516
-13.3854389190674 7.16089010238647 65.2887115478516
0 0 1
-13.3854389190674 7.16089010238647 65.2887115478516
-13.3854389190674 7.48897409439087 65.2887115478516
-13.3854389190674 7.48897409439087 54.4619407653809
-1 1.61480185948008E-15 0
-13.3854389190674 7.48897409439087 54.4619407653809
-13.3854389190674 7.16089010238647 54.4619407653809
-13.3854389190674 7.16089010238647 65.2887115478516
-1 1.61480185948008E-15 0
-11.5809774398804 7.16089010238647 54.4619407653809
-11.5809774398804 7.48897409439087 54.4619407653809
-11.5809774398804 7.48897409439087 65.2887115478516
1 -1.54682811124742E-15 0
-11.5809774398804 7.48897409439087 65.2887115478516
-11.5809774398804 7.16089010238647 65.2887115478516
-11.5809774398804 7.16089010238647 54.4619407653809
1 -1.54682811124742E-15 0
-11.9090614318848 7.16089010238647 54.4619407653809
-11.9090614318848 6.19820022583008 54.4619407653809
-11.9090614318848 6.19820022583008 61.3517074584961
-1 1.54682811124742E-15 0
-11.9090614318848 7.16089010238647 65.2887115478516
-11.9090614318848 6.19820022583008 61.3517074584961
-11.9090614318848 3.7375705242157 61.3517074584961
-1 1.54682811124742E-15 0
-11.9090614318848 6.19820022583008 61.3517074584961
-11.9090614318848 7.16089010238647 65.2887115478516
-11.9090614318848 7.16089010238647 54.4619407653809
-1 1.54682811124742E-15 0
-11.9090614318848 3.7375705242157 54.4619407653809
-11.9090614318848 2.56734323501587 54.4619407653809
-11.9090614318848 3.7375705242157 61.3517074584961
-1 1.54682811124742E-15 0
-11.9090614318848 3.7375705242157 61.3517074584961
-11.9090614318848 2.56734323501587 65.2887115478516
-11.9090614318848 7.16089010238647 65.2887115478516
-1 1.54682811124742E-15 0
-11.9090614318848 2.56734323501587 65.2887115478516
-11.9090614318848 3.7375705242157 61.3517074584961
-11.9090614318848 2.56734323501587 54.4619407653809
-1 1.54682811124742E-15 0
-11.5809774398804 2.56734323501587 54.4619407653809
-11.5809774398804 3.7375705242157 54.4619407653809
-11.5809774398804 3.7375705242157 61.3517074584961
1 -1.54682811124742E-15 0
-11.5809774398804 2.56734323501587 65.2887115478516
-11.5809774398804 3.7375705242157 61.3517074584961
-11.5809774398804 7.16089010238647 65.2887115478516
1 -1.54682811124742E-15 0
-11.5809774398804 3.7375705242157 61.3517074584961
-11.5809774398804 2.56734323501587 65.2887115478516
-11.5809774398804 2.56734323501587 54.4619407653809
1 -1.54682811124742E-15 0
-11.5809774398804 6.19820022583008 54.4619407653809
-11.5809774398804 7.16089010238647 54.4619407653809
-11.5809774398804 6.19820022583008 61.3517074584961
1 -1.54682811124742E-15 0
-11.5809774398804 6.19820022583008 61.3517074584961
-11.5809774398804 7.16089010238647 65.2887115478516
-11.5809774398804 3.7375705242157 61.3517074584961
1 -1.54682811124742E-15 0
-11.5809774398804 7.16089010238647 65.2887115478516
-11.5809774398804 6.19820022583008 61.3517074584961
-11.5809774398804 7.16089010238647 54.4619407653809
1 -1.54682811124742E-15 0
-11.9090614318848 6.19820022583008 54.4619407653809
-11.9090614318848 7.16089010238647 54.4619407653809
-11.5809774398804 7.16089010238647 54.4619407653809
0 0 -1
-11.5809774398804 7.16089010238647 54.4619407653809
-11.5809774398804 6.19820022583008 54.4619407653809
-11.9090614318848 6.19820022583008 54.4619407653809
0 0 -1
-11.9090614318848 2.56734323501587 54.4619407653809
-11.9090614318848 3.7375705242157 54.4619407653809
-11.5809774398804 2.56734323501587 54.4619407653809
0 0 -1
-11.5809774398804 3.7375705242157 54.4619407653809
-11.5809774398804 2.56734323501587 54.4619407653809
-11.9090614318848 3.7375705242157 54.4619407653809
0 0 -1
-11.9090614318848 2.56734323501587 65.2887115478516
-11.5809774398804 2.56734323501587 65.2887115478516
-11.5809774398804 7.16089010238647 65.2887115478516
0 0 1
-11.5809774398804 7.16089010238647 65.2887115478516
-11.9090614318848 7.16089010238647 65.2887115478516
-11.9090614318848 2.56734323501587 65.2887115478516
0 0 1
-11.9090614318848 7.16089010238647 65.2887115478516
-11.5809774398804 7.16089010238647 65.2887115478516
-11.5809774398804 7.16089010238647 54.4619407653809
3.44548632049675E-15 1 0
-11.5809774398804 7.16089010238647 54.4619407653809
-11.9090614318848 7.16089010238647 54.4619407653809
-11.9090614318848 7.16089010238647 65.2887115478516
3.44548632049675E-15 1 0
-11.9090614318848 2.56734323501587 54.4619407653809
-11.5809774398804 2.56734323501587 54.4619407653809
-11.5809774398804 2.56734323501587 65.2887115478516
-3.24039784903684E-15 -1 0
-11.5809774398804 2.56734323501587 65.2887115478516
-11.9090614318848 2.56734323501587 65.2887115478516
-11.9090614318848 2.56734323501587 54.4619407653809
-3.24039784903684E-15 -1 0
-11.9090614318848 6.19820022583008 61.3517074584961
-11.9090614318848 6.19820022583008 54.4619407653809
-11.5809774398804 6.19820022583008 54.4619407653809
-1.50990331349021E-15 -1 0
-11.5809774398804 6.19820022583008 54.4619407653809
-11.5809774398804 6.19820022583008 61.3517074584961
-11.9090614318848 6.19820022583008 61.3517074584961
-1.50990331349021E-15 -1 0
-11.5809774398804 6.19820022583008 61.3517074584961
-11.5809774398804 3.7375705242157 61.3517074584961
-11.9090614318848 3.7375705242157 61.3517074584961
0 0 -1
-11.9090614318848 3.7375705242157 61.3517074584961
-11.9090614318848 6.19820022583008 61.3517074584961
-11.5809774398804 6.19820022583008 61.3517074584961
0 0 -1
-11.5809774398804 3.7375705242157 61.3517074584961
-11.5809774398804 3.7375705242157 54.4619407653809
-11.9090614318848 3.7375705242157 54.4619407653809
1.55431223447522E-15 1 0
-11.9090614318848 3.7375705242157 54.4619407653809
-11.9090614318848 3.7375705242157 61.3517074584961
-11.5809774398804 3.7375705242157 61.3517074584961
1.55431223447522E-15 1 0
1.8704662322998 -2.68200063705444 54.4619407653809
2.1985502243042 -2.68200063705444 64.3044586181641
-2.55866765975952 -2.68200063705444 54.4619407653809
-3.24677222044671E-15 -1 0
-2.55866765975952 -2.68200063705444 65.2887115478516
-2.55866765975952 -2.68200063705444 54.4619407653809
2.1985502243042 -2.68200063705444 64.3044586181641
-3.24677222044671E-15 -1 0
2.1985502243042 -2.68200063705444 64.3044586181641
1.8704662322998 -2.68200063705444 65.2887115478516
-2.55866765975952 -2.68200063705444 65.2887115478516
-3.24677222044671E-15 -1 0
2.1985502243042 -2.68200063705444 64.3044586181641
2.1985502243042 -2.68200063705444 65.2887115478516
1.8704662322998 -2.68200063705444 65.2887115478516
-3.24677222044671E-15 -1 0
2.1985502243042 -2.68200063705444 64.3044586181641
1.8704662322998 -2.68200063705444 54.4619407653809
2.1985502243042 -2.68200063705444 54.4619407653809
-3.24677222044671E-15 -1 0
7.11981010437012 -2.68200063705444 64.3044586181641
6.79172611236572 -2.68200063705444 54.4619407653809
7.11981010437012 -2.68200063705444 54.4619407653809
-3.24677222044671E-15 -1 0
7.15261840820313 -2.68200063705444 64.3044586181641
7.11981010437012 -2.68200063705444 54.4619407653809
7.15261840820313 -2.68200063705444 54.4619407653809
-3.24677222044671E-15 -1 0
6.79172611236572 -2.68200063705444 64.3044586181641
2.1985502243042 -2.68200063705444 64.3044586181641
6.79172611236572 -2.68200063705444 54.4619407653809
-3.24677222044671E-15 -1 0
7.11981010437012 -2.68200063705444 64.3044586181641
6.79172611236572 -2.68200063705444 64.3044586181641
6.79172611236572 -2.68200063705444 54.4619407653809
-3.24677222044671E-15 -1 0
7.11981010437012 -2.68200063705444 54.4619407653809
7.15261840820313 -2.68200063705444 64.3044586181641
7.11981010437012 -2.68200063705444 64.3044586181641
-3.24677222044671E-15 -1 0
6.79172611236572 -2.68200063705444 54.4619407653809
2.1985502243042 -2.68200063705444 64.3044586181641
2.1985502243042 -2.68200063705444 54.4619407653809
-3.24677222044671E-15 -1 0
7.15261840820313 -2.35391664505005 54.4619407653809
2.1985502243042 -2.35391664505005 64.3044586181641
7.15261840820313 -2.35391664505005 64.3044586181641
3.24677222044671E-15 1 0
2.1985502243042 -2.35391664505005 64.3044586181641
7.15261840820313 -2.35391664505005 54.4619407653809
-2.55866765975952 -2.35391664505005 54.4619407653809
3.24677222044671E-15 1 0
-2.55866765975952 -2.35391664505005 64.3044586181641
2.1985502243042 -2.35391664505005 65.2887115478516
2.1985502243042 -2.35391664505005 64.3044586181641
3.24677222044671E-15 1 0
-2.55866765975952 -2.35391664505005 65.2887115478516
2.1985502243042 -2.35391664505005 65.2887115478516
-2.55866765975952 -2.35391664505005 64.3044586181641
3.24677222044671E-15 1 0
-2.55866765975952 -2.35391664505005 64.3044586181641
2.1985502243042 -2.35391664505005 64.3044586181641
-2.55866765975952 -2.35391664505005 54.4619407653809
3.24677222044671E-15 1 0
7.15261840820313 -2.35391664505005 54.4619407653809
7.15261840820313 -2.68200063705444 54.4619407653809
7.11981010437012 -2.68200063705444 54.4619407653809
0 0 -1
7.11981010437012 -2.68200063705444 54.4619407653809
6.79172611236572 -2.68200063705444 54.4619407653809
7.15261840820313 -2.35391664505005 54.4619407653809
0 0 -1
1.8704662322998 -2.68200063705444 54.4619407653809
-2.55866765975952 -2.35391664505005 54.4619407653809
2.1985502243042 -2.68200063705444 54.4619407653809
0 0 -1
-2.55866765975952 -2.35391664505005 54.4619407653809
1.8704662322998 -2.68200063705444 54.4619407653809
-2.55866765975952 -2.68200063705444 54.4619407653809
0 0 -1
2.1985502243042 -2.68200063705444 54.4619407653809
7.15261840820313 -2.35391664505005 54.4619407653809
6.79172611236572 -2.68200063705444 54.4619407653809
0 0 -1
7.15261840820313 -2.35391664505005 54.4619407653809
2.1985502243042 -2.68200063705444 54.4619407653809
-2.55866765975952 -2.35391664505005 54.4619407653809
0 0 -1
7.15261840820313 -2.35391664505005 54.4619407653809
7.15261840820313 -2.35391664505005 64.3044586181641
7.15261840820313 -2.68200063705444 64.3044586181641
1 0 0
7.15261840820313 -2.68200063705444 64.3044586181641
7.15261840820313 -2.68200063705444 54.4619407653809
7.15261840820313 -2.35391664505005 54.4619407653809
1 0 0
1.8704662322998 -2.68200063705444 65.2887115478516
2.1985502243042 -2.35391664505005 65.2887115478516
-2.55866765975952 -2.35391664505005 65.2887115478516
0 0 1
2.1985502243042 -2.35391664505005 65.2887115478516
1.8704662322998 -2.68200063705444 65.2887115478516
2.1985502243042 -2.68200063705444 65.2887115478516
0 0 1
1.8704662322998 -2.68200063705444 65.2887115478516
-2.55866765975952 -2.35391664505005 65.2887115478516
-2.55866765975952 -2.68200063705444 65.2887115478516
0 0 1
-2.55866765975952 -2.35391664505005 64.3044586181641
-2.55866765975952 -2.68200063705444 54.4619407653809
-2.55866765975952 -2.68200063705444 65.2887115478516
-1 1.6243006939476E-15 0
-2.55866765975952 -2.68200063705444 54.4619407653809
-2.55866765975952 -2.35391664505005 64.3044586181641
-2.55866765975952 -2.35391664505005 54.4619407653809
-1 1.6243006939476E-15 0
-2.55866765975952 -2.68200063705444 65.2887115478516
-2.55866765975952 -2.35391664505005 65.2887115478516
-2.55866765975952 -2.35391664505005 64.3044586181641
-1 1.6243006939476E-15 0
7.15261840820313 -2.35391664505005 64.3044586181641
7.11981010437012 -2.68200063705444 64.3044586181641
7.15261840820313 -2.68200063705444 64.3044586181641
0 0 1
7.15261840820313 -2.35391664505005 64.3044586181641
2.1985502243042 -2.35391664505005 64.3044586181641
6.79172611236572 -2.68200063705444 64.3044586181641
0 0 1
2.1985502243042 -2.68200063705444 64.3044586181641
6.79172611236572 -2.68200063705444 64.3044586181641
2.1985502243042 -2.35391664505005 64.3044586181641
0 0 1
7.11981010437012 -2.68200063705444 64.3044586181641
7.15261840820313 -2.35391664505005 64.3044586181641
6.79172611236572 -2.68200063705444 64.3044586181641
0 0 1
2.1985502243042 -2.35391664505005 64.3044586181641
2.1985502243042 -2.35391664505005 65.2887115478516
2.1985502243042 -2.68200063705444 65.2887115478516
1 0 0
2.1985502243042 -2.68200063705444 65.2887115478516
2.1985502243042 -2.68200063705444 64.3044586181641
2.1985502243042 -2.35391664505005 64.3044586181641
1 0 0
6.79172611236572 -5.1426305770874 54.4619407653809
6.79172611236572 -5.1426305770874 64.3044586181641
6.79172611236572 -2.68200063705444 64.3044586181641
-1 1.44382283906492E-15 0
6.79172611236572 -2.68200063705444 64.3044586181641
6.79172611236572 -2.68200063705444 54.4619407653809
6.79172611236572 -5.1426305770874 54.4619407653809
-1 1.44382283906492E-15 0
7.11981010437012 -2.68200063705444 54.4619407653809
7.11981010437012 -2.68200063705444 64.3044586181641
7.11981010437012 -5.1426305770874 64.3044586181641
1 -1.44382283906492E-15 0
7.11981010437012 -5.1426305770874 64.3044586181641
7.11981010437012 -5.1426305770874 54.4619407653809
7.11981010437012 -2.68200063705444 54.4619407653809
1 -1.44382283906492E-15 0
6.79172611236572 -2.68200063705444 54.4619407653809
7.11981010437012 -2.68200063705444 54.4619407653809
7.11981010437012 -5.1426305770874 54.4619407653809
0 0 -1
7.11981010437012 -5.1426305770874 54.4619407653809
6.79172611236572 -5.1426305770874 54.4619407653809
6.79172611236572 -2.68200063705444 54.4619407653809
0 0 -1
7.11981010437012 -5.1426305770874 54.4619407653809
7.11981010437012 -5.1426305770874 64.3044586181641
6.79172611236572 -5.1426305770874 64.3044586181641
-3.23498041771529E-15 -1 0
6.79172611236572 -5.1426305770874 64.3044586181641
6.79172611236572 -5.1426305770874 54.4619407653809
7.11981010437012 -5.1426305770874 54.4619407653809
-3.23498041771529E-15 -1 0
6.79172611236572 -2.68200063705444 54.4619407653809
6.79172611236572 -2.68200063705444 64.3044586181641
7.11981010437012 -2.68200063705444 64.3044586181641
3.24677222044671E-15 1 0
7.11981010437012 -2.68200063705444 64.3044586181641
7.11981010437012 -2.68200063705444 54.4619407653809
6.79172611236572 -2.68200063705444 54.4619407653809
3.24677222044671E-15 1 0
6.79172611236572 -5.1426305770874 64.3044586181641
7.11981010437012 -5.1426305770874 64.3044586181641
7.11981010437012 -2.68200063705444 64.3044586181641
0 0 1
7.11981010437012 -2.68200063705444 64.3044586181641
6.79172611236572 -2.68200063705444 64.3044586181641
6.79172611236572 -5.1426305770874 64.3044586181641
0 0 1
1.8704662322998 -5.1426305770874 54.4619407653809
1.8704662322998 -5.1426305770874 65.2887115478516
1.8704662322998 -2.68200063705444 65.2887115478516
-1 1.62430069394773E-15 0
1.8704662322998 -2.68200063705444 65.2887115478516
1.8704662322998 -2.68200063705444 54.4619407653809
1.8704662322998 -5.1426305770874 54.4619407653809
-1 1.62430069394773E-15 0
2.1985502243042 -2.68200063705444 65.2887115478516
2.1985502243042 -5.1426305770874 65.2887115478516
2.1985502243042 -5.1426305770874 54.4619407653809
1 -1.62430069394773E-15 0
2.1985502243042 -5.1426305770874 54.4619407653809
2.1985502243042 -2.68200063705444 54.4619407653809
2.1985502243042 -2.68200063705444 65.2887115478516
1 -1.62430069394773E-15 0
1.8704662322998 -2.68200063705444 54.4619407653809
2.1985502243042 -2.68200063705444 54.4619407653809
2.1985502243042 -5.1426305770874 54.4619407653809
0 0 -1
2.1985502243042 -5.1426305770874 54.4619407653809
1.8704662322998 -5.1426305770874 54.4619407653809
1.8704662322998 -2.68200063705444 54.4619407653809
0 0 -1
1.8704662322998 -5.1426305770874 65.2887115478516
2.1985502243042 -5.1426305770874 65.2887115478516
2.1985502243042 -2.68200063705444 65.2887115478516
0 0 1
2.1985502243042 -2.68200063705444 65.2887115478516
1.8704662322998 -2.68200063705444 65.2887115478516
1.8704662322998 -5.1426305770874 65.2887115478516
0 0 1
1.8704662322998 -5.1426305770874 54.4619407653809
2.1985502243042 -5.1426305770874 54.4619407653809
2.1985502243042 -5.1426305770874 65.2887115478516
-3.23498041771529E-15 -1 0
2.1985502243042 -5.1426305770874 65.2887115478516
1.8704662322998 -5.1426305770874 65.2887115478516
1.8704662322998 -5.1426305770874 54.4619407653809
-3.23498041771529E-15 -1 0
1.8704662322998 -2.68200063705444 65.2887115478516
2.1985502243042 -2.68200063705444 65.2887115478516
2.1985502243042 -2.68200063705444 54.4619407653809
3.24677222044671E-15 1 0
2.1985502243042 -2.68200063705444 54.4619407653809
1.8704662322998 -2.68200063705444 54.4619407653809
1.8704662322998 -2.68200063705444 65.2887115478516
3.24677222044671E-15 1 0
30.2497310638428 -4.48646259307861 54.4619407653809
30.2497310638428 2.42486357688904 56.4304466247559
30.2497310638428 2.42486357688904 58.4304466247559
1 -1.63451642158249E-15 0
30.2497310638428 2.42486357688904 56.4304466247559
30.2497310638428 -4.48646259307861 54.4619407653809
30.2497310638428 12.9019889831543 54.4619407653809
1 -1.63451642158249E-15 0
30.2497310638428 -4.48646259307861 65.2887115478516
30.2497310638428 2.42486357688904 58.4304466247559
30.2497310638428 12.9019889831543 65.2887115478516
1 -1.63451642158249E-15 0
30.2497310638428 2.42486357688904 58.4304466247559
30.2497310638428 -4.48646259307861 65.2887115478516
30.2497310638428 -4.48646259307861 54.4619407653809
1 -1.63451642158249E-15 0
30.2497310638428 6.36187124252319 56.4304466247559
30.2497310638428 12.9019889831543 54.4619407653809
30.2497310638428 6.36187124252319 58.4304466247559
1 -1.63451642158249E-15 0
30.2497310638428 12.9019889831543 54.4619407653809
30.2497310638428 6.36187124252319 56.4304466247559
30.2497310638428 2.42486357688904 56.4304466247559
1 -1.63451642158249E-15 0
30.2497310638428 6.36187124252319 58.4304466247559
30.2497310638428 12.9019889831543 65.2887115478516
30.2497310638428 2.42486357688904 58.4304466247559
1 -1.63451642158249E-15 0
30.2497310638428 12.9019889831543 65.2887115478516
30.2497310638428 6.36187124252319 58.4304466247559
30.2497310638428 12.9019889831543 54.4619407653809
1 -1.63451642158249E-15 0
29.593563079834 12.9019889831543 54.4619407653809
29.593563079834 6.36187124252319 56.4304466247559
29.593563079834 6.36187124252319 58.4304466247559
-1 1.63451642158249E-15 0
29.593563079834 6.36187124252319 56.4304466247559
29.593563079834 12.9019889831543 54.4619407653809
29.593563079834 2.42486357688904 56.4304466247559
-1 1.63451642158249E-15 0
29.593563079834 12.9019889831543 65.2887115478516
29.593563079834 6.36187124252319 58.4304466247559
29.593563079834 2.42486357688904 58.4304466247559
-1 1.63451642158249E-15 0
29.593563079834 6.36187124252319 58.4304466247559
29.593563079834 12.9019889831543 65.2887115478516
29.593563079834 12.9019889831543 54.4619407653809
-1 1.63451642158249E-15 0
29.593563079834 2.42486357688904 56.4304466247559
29.593563079834 -4.48646259307861 54.4619407653809
29.593563079834 2.42486357688904 58.4304466247559
-1 1.63451642158249E-15 0
29.593563079834 -4.48646259307861 54.4619407653809
29.593563079834 2.42486357688904 56.4304466247559
29.593563079834 12.9019889831543 54.4619407653809
-1 1.63451642158249E-15 0
29.593563079834 2.42486357688904 58.4304466247559
29.593563079834 -4.48646259307861 65.2887115478516
29.593563079834 12.9019889831543 65.2887115478516
-1 1.63451642158249E-15 0
29.593563079834 -4.48646259307861 65.2887115478516
29.593563079834 2.42486357688904 58.4304466247559
29.593563079834 -4.48646259307861 54.4619407653809
-1 1.63451642158249E-15 0
30.2497310638428 -4.48646259307861 54.4619407653809
29.593563079834 -4.48646259307861 54.4619407653809
29.593563079834 12.9019889831543 54.4619407653809
0 0 -1
29.593563079834 12.9019889831543 54.4619407653809
30.2497310638428 12.9019889831543 54.4619407653809
30.2497310638428 -4.48646259307861 54.4619407653809
0 0 -1
30.2497310638428 12.9019889831543 54.4619407653809
29.593563079834 12.9019889831543 54.4619407653809
29.593563079834 12.9019889831543 65.2887115478516
0 1 0
29.593563079834 12.9019889831543 65.2887115478516
30.2497310638428 12.9019889831543 65.2887115478516
30.2497310638428 12.9019889831543 54.4619407653809
0 1 0
30.2497310638428 12.9019889831543 65.2887115478516
29.593563079834 12.9019889831543 65.2887115478516
29.593563079834 -4.48646259307861 65.2887115478516
0 0 1
29.593563079834 -4.48646259307861 65.2887115478516
30.2497310638428 -4.48646259307861 65.2887115478516
30.2497310638428 12.9019889831543 65.2887115478516
0 0 1
30.2497310638428 -4.48646259307861 65.2887115478516
29.593563079834 -4.48646259307861 65.2887115478516
29.593563079834 -4.48646259307861 54.4619407653809
-1.35358391162299E-15 -1 0
29.593563079834 -4.48646259307861 54.4619407653809
30.2497310638428 -4.48646259307861 54.4619407653809
30.2497310638428 -4.48646259307861 65.2887115478516
-1.35358391162299E-15 -1 0
30.2497310638428 6.36187124252319 58.4304466247559
29.593563079834 6.36187124252319 58.4304466247559
29.593563079834 6.36187124252319 56.4304466247559
-6.76791955811495E-15 -1 0
29.593563079834 6.36187124252319 56.4304466247559
30.2497310638428 6.36187124252319 56.4304466247559
30.2497310638428 6.36187124252319 58.4304466247559
-6.76791955811495E-15 -1 0
30.2497310638428 6.36187124252319 56.4304466247559
29.593563079834 6.36187124252319 56.4304466247559
29.593563079834 2.42486357688904 56.4304466247559
0 0 1
29.593563079834 2.42486357688904 56.4304466247559
30.2497310638428 2.42486357688904 56.4304466247559
30.2497310638428 6.36187124252319 56.4304466247559
0 0 1
30.2497310638428 2.42486357688904 56.4304466247559
29.593563079834 2.42486357688904 56.4304466247559
29.593563079834 2.42486357688904 58.4304466247559
4.06075173486897E-15 1 0
29.593563079834 2.42486357688904 58.4304466247559
30.2497310638428 2.42486357688904 58.4304466247559
30.2497310638428 2.42486357688904 56.4304466247559
4.06075173486897E-15 1 0
30.2497310638428 2.42486357688904 58.4304466247559
29.593563079834 2.42486357688904 58.4304466247559
29.593563079834 6.36187124252319 58.4304466247559
0 0 -1
29.593563079834 6.36187124252319 58.4304466247559
30.2497310638428 6.36187124252319 58.4304466247559
30.2497310638428 2.42486357688904 58.4304466247559
0 0 -1
12.177827835083 -5.79879856109619 53.4776916503906
12.177827835083 -10.3764314651489 53.4776916503906
12.177827835083 -10.3764314651489 57.7427825927734
-1 1.54697689804015E-15 0
12.177827835083 -10.3764314651489 57.7427825927734
12.177827835083 -5.79879856109619 57.7427825927734
12.177827835083 -5.79879856109619 53.4776916503906
-1 1.54697689804015E-15 0
12.6699542999268 -10.3764314651489 57.7427825927734
12.6699542999268 -10.3764314651489 53.4776916503906
12.6699542999268 -9.88430595397949 57.7427825927734
1 -1.54697689804015E-15 0
12.6699542999268 -9.88430595397949 57.7427825927734
12.6699542999268 -10.3764314651489 53.4776916503906
12.6699542999268 -9.88430595397949 53.4776916503906
1 -1.54697689804015E-15 0
12.6699542999268 -9.88430595397949 53.4776916503906
12.6699542999268 -5.79879856109619 53.4776916503906
12.6699542999268 -5.79879856109619 57.7427825927734
1 -1.54697689804015E-15 0
12.6699542999268 -9.88430595397949 53.4776916503906
12.6699542999268 -5.79879856109619 57.7427825927734
12.6699542999268 -9.88430595397949 57.7427825927734
1 -1.54697689804015E-15 0
12.177827835083 -10.3764314651489 53.4776916503906
12.177827835083 -5.79879856109619 53.4776916503906
12.6699542999268 -9.88430595397949 53.4776916503906
0 0 -1
12.6699542999268 -5.79879856109619 53.4776916503906
12.6699542999268 -9.88430595397949 53.4776916503906
12.177827835083 -5.79879856109619 53.4776916503906
0 0 -1
12.6699542999268 -9.88430595397949 53.4776916503906
12.6699542999268 -10.3764314651489 53.4776916503906
12.177827835083 -10.3764314651489 53.4776916503906
0 0 -1
12.177827835083 -5.79879856109619 57.7427825927734
12.177827835083 -10.3764314651489 57.7427825927734
12.6699542999268 -9.88430595397949 57.7427825927734
0 0 1
12.6699542999268 -10.3764314651489 57.7427825927734
12.6699542999268 -9.88430595397949 57.7427825927734
12.177827835083 -10.3764314651489 57.7427825927734
0 0 1
12.6699542999268 -9.88430595397949 57.7427825927734
12.6699542999268 -5.79879856109619 57.7427825927734
12.177827835083 -5.79879856109619 57.7427825927734
0 0 1
12.177827835083 -10.3764314651489 53.4776916503906
12.6699542999268 -10.3764314651489 53.4776916503906
12.6699542999268 -10.3764314651489 57.7427825927734
-3.31683147702237E-15 -1 0
12.6699542999268 -10.3764314651489 57.7427825927734
12.177827835083 -10.3764314651489 57.7427825927734
12.177827835083 -10.3764314651489 53.4776916503906
-3.31683147702237E-15 -1 0
12.6699542999268 -5.79879856109619 57.7427825927734
12.6699542999268 -5.79879856109619 53.4776916503906
12.177827835083 -5.79879856109619 53.4776916503906
3.23498041771529E-15 1 0
12.177827835083 -5.79879856109619 53.4776916503906
12.177827835083 -5.79879856109619 57.7427825927734
12.6699542999268 -5.79879856109619 57.7427825927734
3.23498041771529E-15 1 0
21.282320022583 -10.3764314651489 53.4776916503906
21.282320022583 -10.3764314651489 57.7427825927734
12.6699542999268 -10.3764314651489 57.7427825927734
-3.31683147702237E-15 -1 0
12.6699542999268 -10.3764314651489 57.7427825927734
12.6699542999268 -10.3764314651489 53.4776916503906
21.282320022583 -10.3764314651489 53.4776916503906
-3.31683147702237E-15 -1 0
21.282320022583 -9.88430595397949 57.7427825927734
21.282320022583 -9.88430595397949 53.4776916503906
20.7901935577393 -9.88430595397949 57.7427825927734
3.31683147702237E-15 1 0
20.7901935577393 -9.88430595397949 57.7427825927734
21.282320022583 -9.88430595397949 53.4776916503906
20.7901935577393 -9.88430595397949 53.4776916503906
3.31683147702237E-15 1 0
20.7901935577393 -9.88430595397949 53.4776916503906
12.6699542999268 -9.88430595397949 53.4776916503906
12.6699542999268 -9.88430595397949 57.7427825927734
3.31683147702237E-15 1 0
20.7901935577393 -9.88430595397949 53.4776916503906
12.6699542999268 -9.88430595397949 57.7427825927734
20.7901935577393 -9.88430595397949 57.7427825927734
3.31683147702237E-15 1 0
21.282320022583 -10.3764314651489 53.4776916503906
12.6699542999268 -10.3764314651489 53.4776916503906
20.7901935577393 -9.88430595397949 53.4776916503906
0 0 -1
12.6699542999268 -9.88430595397949 53.4776916503906
20.7901935577393 -9.88430595397949 53.4776916503906
12.6699542999268 -10.3764314651489 53.4776916503906
0 0 -1
20.7901935577393 -9.88430595397949 53.4776916503906
21.282320022583 -9.88430595397949 53.4776916503906
21.282320022583 -10.3764314651489 53.4776916503906
0 0 -1
12.6699542999268 -10.3764314651489 57.7427825927734
21.282320022583 -10.3764314651489 57.7427825927734
20.7901935577393 -9.88430595397949 57.7427825927734
0 0 1
21.282320022583 -9.88430595397949 57.7427825927734
20.7901935577393 -9.88430595397949 57.7427825927734
21.282320022583 -10.3764314651489 57.7427825927734
0 0 1
20.7901935577393 -9.88430595397949 57.7427825927734
12.6699542999268 -9.88430595397949 57.7427825927734
12.6699542999268 -10.3764314651489 57.7427825927734
0 0 1
12.6699542999268 -10.3764314651489 57.7427825927734
12.6699542999268 -9.88430595397949 57.7427825927734
12.6699542999268 -9.88430595397949 53.4776916503906
-1 1.54697689804015E-15 0
12.6699542999268 -9.88430595397949 53.4776916503906
12.6699542999268 -10.3764314651489 53.4776916503906
12.6699542999268 -10.3764314651489 57.7427825927734
-1 1.54697689804015E-15 0
21.282320022583 -10.3764314651489 53.4776916503906
21.282320022583 -9.88430595397949 53.4776916503906
21.282320022583 -9.88430595397949 57.7427825927734
1 -1.54697689804015E-15 0
21.282320022583 -9.88430595397949 57.7427825927734
21.282320022583 -10.3764314651489 57.7427825927734
21.282320022583 -10.3764314651489 53.4776916503906
1 -1.54697689804015E-15 0
21.282320022583 -5.79879856109619 53.4776916503906
21.282320022583 -5.79879856109619 57.7427825927734
21.282320022583 -9.88430595397949 57.7427825927734
1 -1.54697689804015E-15 0
21.282320022583 -9.88430595397949 57.7427825927734
21.282320022583 -9.88430595397949 53.4776916503906
21.282320022583 -5.79879856109619 53.4776916503906
1 -1.54697689804015E-15 0
20.7901935577393 -9.88430595397949 57.7427825927734
20.7901935577393 -5.79879856109619 57.7427825927734
20.7901935577393 -5.79879856109619 53.4776916503906
-1 1.54697689804015E-15 0
20.7901935577393 -5.79879856109619 53.4776916503906
20.7901935577393 -9.88430595397949 53.4776916503906
20.7901935577393 -9.88430595397949 57.7427825927734
-1 1.54697689804015E-15 0
21.282320022583 -9.88430595397949 53.4776916503906
20.7901935577393 -9.88430595397949 53.4776916503906
20.7901935577393 -5.79879856109619 53.4776916503906
0 0 -1
20.7901935577393 -5.79879856109619 53.4776916503906
21.282320022583 -5.79879856109619 53.4776916503906
21.282320022583 -9.88430595397949 53.4776916503906
0 0 -1
21.282320022583 -5.79879856109619 57.7427825927734
20.7901935577393 -5.79879856109619 57.7427825927734
20.7901935577393 -9.88430595397949 57.7427825927734
0 0 1
20.7901935577393 -9.88430595397949 57.7427825927734
21.282320022583 -9.88430595397949 57.7427825927734
21.282320022583 -5.79879856109619 57.7427825927734
0 0 1
21.282320022583 -9.88430595397949 57.7427825927734
20.7901935577393 -9.88430595397949 57.7427825927734
20.7901935577393 -9.88430595397949 53.4776916503906
-3.31683147702237E-15 -1 0
20.7901935577393 -9.88430595397949 53.4776916503906
21.282320022583 -9.88430595397949 53.4776916503906
21.282320022583 -9.88430595397949 57.7427825927734
-3.31683147702237E-15 -1 0
20.7901935577393 -5.79879856109619 53.4776916503906
20.7901935577393 -5.79879856109619 57.7427825927734
21.282320022583 -5.79879856109619 57.7427825927734
3.23498041771529E-15 1 0
21.282320022583 -5.79879856109619 57.7427825927734
21.282320022583 -5.79879856109619 53.4776916503906
20.7901935577393 -5.79879856109619 53.4776916503906
3.23498041771529E-15 1 0
[LEVEL]
7F
-23.884126663208 -5.79879856109619 71.1942291259766
-23.884126663208 -5.79879856109619 65.2887115478516
-23.2279586791992 -5.79879856109619 71.1942291259766
-3.23219431017859E-15 -1 0
-23.2279586791992 -5.79879856109619 71.1942291259766
-2.88675165176392 -5.79879856109619 65.2887115478516
-2.88675165176392 -5.79879856109619 71.1942291259766
-3.23219431017859E-15 -1 0
-2.88675165176392 -5.79879856109619 65.2887115478516
-23.2279586791992 -5.79879856109619 71.1942291259766
-23.884126663208 -5.79879856109619 65.2887115478516
-3.23219431017859E-15 -1 0
-3.21483564376831 -5.1426305770874 71.1942291259766
-2.88675165176392 -5.1426305770874 65.2887115478516
-3.21483564376831 -5.1426305770874 65.2887115478516
3.23219431017859E-15 1 0
-3.21483564376831 -5.1426305770874 65.2887115478516
-5.51142358779907 -5.1426305770874 65.2887115478516
-5.51142358779907 -5.1426305770874 71.1942291259766
3.23219431017859E-15 1 0
-6.16759157180786 -5.1426305770874 65.2887115478516
-6.16759157180786 -5.1426305770874 71.1942291259766
-5.51142358779907 -5.1426305770874 65.2887115478516
3.23219431017859E-15 1 0
-2.88675165176392 -5.1426305770874 71.1942291259766
-2.88675165176392 -5.1426305770874 65.2887115478516
-3.21483564376831 -5.1426305770874 71.1942291259766
3.23219431017859E-15 1 0
-5.51142358779907 -5.1426305770874 71.1942291259766
-3.21483564376831 -5.1426305770874 71.1942291259766
-3.21483564376831 -5.1426305770874 65.2887115478516
3.23219431017859E-15 1 0
-6.16759157180786 -5.1426305770874 71.1942291259766
-5.51142358779907 -5.1426305770874 71.1942291259766
-5.51142358779907 -5.1426305770874 65.2887115478516
3.23219431017859E-15 1 0
-6.16759157180786 -5.1426305770874 65.2887115478516
-13.3854389190674 -5.1426305770874 65.2887115478516
-6.16759157180786 -5.1426305770874 71.1942291259766
3.23219431017859E-15 1 0
-13.3854389190674 -5.1426305770874 65.2887115478516
-14.0416069030762 -5.1426305770874 65.2887115478516
-14.0416069030762 -5.1426305770874 71.1942291259766
3.23219431017859E-15 1 0
-14.0416069030762 -5.1426305770874 65.2887115478516
-23.2279586791992 -5.1426305770874 65.2887115478516
-14.0416069030762 -5.1426305770874 71.1942291259766
3.23219431017859E-15 1 0
-23.2279586791992 -5.1426305770874 71.1942291259766
-23.2279586791992 -5.1426305770874 65.2887115478516
-23.884126663208 -5.1426305770874 65.2887115478516
3.23219431017859E-15 1 0
-14.0416069030762 -5.1426305770874 71.1942291259766
-13.3854389190674 -5.1426305770874 71.1942291259766
-13.3854389190674 -5.1426305770874 65.2887115478516
3.23219431017859E-15 1 0
-23.2279586791992 -5.1426305770874 71.1942291259766
-14.0416069030762 -5.1426305770874 71.1942291259766
-23.2279586791992 -5.1426305770874 65.2887115478516
3.23219431017859E-15 1 0
-23.884126663208 -5.1426305770874 65.2887115478516
-23.884126663208 -5.1426305770874 71.1942291259766
-23.2279586791992 -5.1426305770874 71.1942291259766
3.23219431017859E-15 1 0
-13.3854389190674 -5.1426305770874 65.2887115478516
-13.3854389190674 -5.1426305770874 71.1942291259766
-6.16759157180786 -5.1426305770874 71.1942291259766
3.23219431017859E-15 1 0
-23.884126663208 -5.79879856109619 65.2887115478516
-14.0416069030762 -5.1426305770874 65.2887115478516
-13.3854389190674 -5.1426305770874 65.2887115478516
0 0 -1
-14.0416069030762 -5.1426305770874 65.2887115478516
-23.884126663208 -5.79879856109619 65.2887115478516
-23.2279586791992 -5.1426305770874 65.2887115478516
0 0 -1
-2.88675165176392 -5.79879856109619 65.2887115478516
-13.3854389190674 -5.1426305770874 65.2887115478516
-6.16759157180786 -5.1426305770874 65.2887115478516
0 0 -1
-13.3854389190674 -5.1426305770874 65.2887115478516
-2.88675165176392 -5.79879856109619 65.2887115478516
-23.884126663208 -5.79879856109619 65.2887115478516
0 0 -1
-2.88675165176392 -5.79879856109619 65.2887115478516
-6.16759157180786 -5.1426305770874 65.2887115478516
-5.51142358779907 -5.1426305770874 65.2887115478516
0 0 -1
-23.884126663208 -5.1426305770874 65.2887115478516
-23.2279586791992 -5.1426305770874 65.2887115478516
-23.884126663208 -5.79879856109619 65.2887115478516
0 0 -1
-3.21483564376831 -5.1426305770874 65.2887115478516
-2.88675165176392 -5.1426305770874 65.2887115478516
-2.88675165176392 -5.79879856109619 65.2887115478516
0 0 -1
-3.21483564376831 -5.1426305770874 65.2887115478516
-2.88675165176392 -5.79879856109619 65.2887115478516
-5.51142358779907 -5.1426305770874 65.2887115478516
0 0 -1
-2.88675165176392 -5.79879856109619 65.2887115478516
-2.88675165176392 -5.1426305770874 65.2887115478516
-2.88675165176392 -5.1426305770874 71.1942291259766
1 0 0
-2.88675165176392 -5.1426305770874 71.1942291259766
-2.88675165176392 -5.79879856109619 71.1942291259766
-2.88675165176392 -5.79879856109619 65.2887115478516
1 0 0
-2.88675165176392 -5.79879856109619 71.1942291259766
-13.3854389190674 -5.1426305770874 71.1942291259766
-23.2279586791992 -5.79879856109619 71.1942291259766
0 0 1
-13.3854389190674 -5.1426305770874 71.1942291259766
-2.88675165176392 -5.79879856109619 71.1942291259766
-6.16759157180786 -5.1426305770874 71.1942291259766
0 0 1
-23.2279586791992 -5.1426305770874 71.1942291259766
-23.884126663208 -5.79879856109619 71.1942291259766
-23.2279586791992 -5.79879856109619 71.1942291259766
0 0 1
-14.0416069030762 -5.1426305770874 71.1942291259766
-23.2279586791992 -5.79879856109619 71.1942291259766
-13.3854389190674 -5.1426305770874 71.1942291259766
0 0 1
-23.2279586791992 -5.1426305770874 71.1942291259766
-23.2279586791992 -5.79879856109619 71.1942291259766
-14.0416069030762 -5.1426305770874 71.1942291259766
0 0 1
-2.88675165176392 -5.79879856109619 71.1942291259766
-3.21483564376831 -5.1426305770874 71.1942291259766
-5.51142358779907 -5.1426305770874 71.1942291259766
0 0 1
-2.88675165176392 -5.79879856109619 71.1942291259766
-5.51142358779907 -5.1426305770874 71.1942291259766
-6.16759157180786 -5.1426305770874 71.1942291259766
0 0 1
-23.2279586791992 -5.1426305770874 71.1942291259766
-23.884126663208 -5.1426305770874 71.1942291259766
-23.884126663208 -5.79879856109619 71.1942291259766
0 0 1
-3.21483564376831 -5.1426305770874 71.1942291259766
-2.88675165176392 -5.79879856109619 71.1942291259766
-2.88675165176392 -5.1426305770874 71.1942291259766
0 0 1
-23.884126663208 -5.79879856109619 71.1942291259766
-23.884126663208 -5.1426305770874 71.1942291259766
-23.884126663208 -5.1426305770874 65.2887115478516
-1 1.57190389736868E-15 0
-23.884126663208 -5.1426305770874 65.2887115478516
-23.884126663208 -5.79879856109619 65.2887115478516
-23.884126663208 -5.79879856109619 71.1942291259766
-1 1.57190389736868E-15 0
30.2497310638428 14.5424089431763 65.2887115478516
30.2497310638428 14.5424089431763 69.8818893432617
30.2497310638428 -5.1426305770874 69.8818893432617
1 -1.54695304185486E-15 0
30.2497310638428 -5.1426305770874 69.8818893432617
30.2497310638428 -5.1426305770874 65.2887115478516
30.2497310638428 14.5424089431763 65.2887115478516
1 -1.54695304185486E-15 0
29.593563079834 14.5424089431763 69.8818893432617
29.593563079834 14.5424089431763 65.2887115478516
29.593563079834 13.8862409591675 69.8818893432617
-1 1.54695304185486E-15 0
29.593563079834 13.8862409591675 69.8818893432617
29.593563079834 14.5424089431763 65.2887115478516
29.593563079834 13.8862409591675 65.2887115478516
-1 1.54695304185486E-15 0
29.593563079834 13.8862409591675 65.2887115478516
29.593563079834 -5.1426305770874 65.2887115478516
29.593563079834 -5.1426305770874 69.8818893432617
-1 1.54695304185486E-15 0
29.593563079834 13.8862409591675 65.2887115478516
29.593563079834 -5.1426305770874 69.8818893432617
29.593563079834 13.8862409591675 69.8818893432617
-1 1.54695304185486E-15 0
30.2497310638428 14.5424089431763 65.2887115478516
30.2497310638428 -5.1426305770874 65.2887115478516
29.593563079834 13.8862409591675 65.2887115478516
0 0 -1
29.593563079834 -5.1426305770874 65.2887115478516
29.593563079834 13.8862409591675 65.2887115478516
30.2497310638428 -5.1426305770874 65.2887115478516
0 0 -1
29.593563079834 13.8862409591675 65.2887115478516
29.593563079834 14.5424089431763 65.2887115478516
30.2497310638428 14.5424089431763 65.2887115478516
0 0 -1
30.2497310638428 -5.1426305770874 69.8818893432617
30.2497310638428 14.5424089431763 69.8818893432617
29.593563079834 13.8862409591675 69.8818893432617
0 0 1
29.593563079834 14.5424089431763 69.8818893432617
29.593563079834 13.8862409591675 69.8818893432617
30.2497310638428 14.5424089431763 69.8818893432617
0 0 1
29.593563079834 13.8862409591675 69.8818893432617
29.593563079834 -5.1426305770874 69.8818893432617
30.2497310638428 -5.1426305770874 69.8818893432617
0 0 1
30.2497310638428 -5.1426305770874 69.8818893432617
29.593563079834 -5.1426305770874 69.8818893432617
29.593563079834 -5.1426305770874 65.2887115478516
-3.23219431017859E-15 -1 0
29.593563079834 -5.1426305770874 65.2887115478516
30.2497310638428 -5.1426305770874 65.2887115478516
30.2497310638428 -5.1426305770874 69.8818893432617
-3.23219431017859E-15 -1 0
30.2497310638428 14.5424089431763 65.2887115478516
29.593563079834 14.5424089431763 65.2887115478516
29.593563079834 14.5424089431763 69.8818893432617
3.2161548635126E-15 1 0
29.593563079834 14.5424089431763 69.8818893432617
30.2497310638428 14.5424089431763 69.8818893432617
30.2497310638428 14.5424089431763 65.2887115478516
3.2161548635126E-15 1 0
-13.7135229110718 14.5424089431763 65.2887115478516
-13.7135229110718 14.5424089431763 69.8818893432617
29.593563079834 14.5424089431763 69.8818893432617
3.2161548635126E-15 1 0
29.593563079834 14.5424089431763 69.8818893432617
29.593563079834 14.5424089431763 65.2887115478516
-13.7135229110718 14.5424089431763 65.2887115478516
3.2161548635126E-15 1 0
-13.7135229110718 13.8862409591675 69.8818893432617
-13.7135229110718 13.8862409591675 65.2887115478516
-13.3854389190674 13.8862409591675 69.8818893432617
-3.2161548635126E-15 -1 0
-13.3854389190674 13.8862409591675 69.8818893432617
-13.7135229110718 13.8862409591675 65.2887115478516
-13.3854389190674 13.8862409591675 65.2887115478516
-3.2161548635126E-15 -1 0
-13.3854389190674 13.8862409591675 65.2887115478516
29.593563079834 13.8862409591675 65.2887115478516
29.593563079834 13.8862409591675 69.8818893432617
-3.2161548635126E-15 -1 0
-13.3854389190674 13.8862409591675 65.2887115478516
29.593563079834 13.8862409591675 69.8818893432617
-13.3854389190674 13.8862409591675 69.8818893432617
-3.2161548635126E-15 -1 0
-13.7135229110718 14.2143249511719 65.2887115478516
-13.7135229110718 14.5424089431763 65.2887115478516
-13.3854389190674 13.8862409591675 65.2887115478516
0 0 -1
-13.3854389190674 13.8862409591675 65.2887115478516
-13.7135229110718 14.5424089431763 65.2887115478516
29.593563079834 14.5424089431763 65.2887115478516
0 0 -1
29.593563079834 13.8862409591675 65.2887115478516
-13.3854389190674 13.8862409591675 65.2887115478516
29.593563079834 14.5424089431763 65.2887115478516
0 0 -1
-13.3854389190674 13.8862409591675 65.2887115478516
-13.7135229110718 13.8862409591675 65.2887115478516
-13.7135229110718 14.2143249511719 65.2887115478516
0 0 -1
-13.7135229110718 14.5424089431763 69.8818893432617
-13.7135229110718 14.5424089431763 65.2887115478516
-13.7135229110718 14.2143249511719 65.2887115478516
-1 5.41433564649196E-15 0
-13.7135229110718 14.5424089431763 69.8818893432617
-13.7135229110718 14.2143249511719 65.2887115478516
-13.7135229110718 14.2143249511719 69.8818893432617
-1 5.41433564649196E-15 0
-13.7135229110718 14.2143249511719 65.2887115478516
-13.7135229110718 13.8862409591675 69.8818893432617
-13.7135229110718 14.2143249511719 69.8818893432617
-1 5.41433564649196E-15 0
-13.7135229110718 13.8862409591675 69.8818893432617
-13.7135229110718 14.2143249511719 65.2887115478516
-13.7135229110718 13.8862409591675 65.2887115478516
-1 5.41433564649196E-15 0
-13.3854389190674 13.8862409591675 69.8818893432617
29.593563079834 14.5424089431763 69.8818893432617
-13.7135229110718 14.5424089431763 69.8818893432617
0 0 1
-13.3854389190674 13.8862409591675 69.8818893432617
-13.7135229110718 14.5424089431763 69.8818893432617
-13.7135229110718 14.2143249511719 69.8818893432617
0 0 1
-13.7135229110718 13.8862409591675 69.8818893432617
-13.3854389190674 13.8862409591675 69.8818893432617
-13.7135229110718 14.2143249511719 69.8818893432617
0 0 1
-13.3854389190674 13.8862409591675 69.8818893432617
29.593563079834 13.8862409591675 69.8818893432617
29.593563079834 14.5424089431763 69.8818893432617
0 0 1
29.593563079834 14.5424089431763 69.8818893432617
29.593563079834 13.8862409591675 69.8818893432617
29.593563079834 13.8862409591675 65.2887115478516
1 -1.54695304185486E-15 0
29.593563079834 13.8862409591675 65.2887115478516
29.593563079834 14.5424089431763 65.2887115478516
29.593563079834 14.5424089431763 69.8818893432617
1 -1.54695304185486E-15 0
-14.0416069030762 -5.1426305770874 71.1942291259766
-14.0416069030762 9.94923305511475 71.1942291259766
-14.0416069030762 9.94923305511475 65.2887115478516
-1 1.61480185948009E-15 0
-14.0416069030762 9.94923305511475 65.2887115478516
-14.0416069030762 -5.1426305770874 65.2887115478516
-14.0416069030762 -5.1426305770874 71.1942291259766
-1 1.61480185948009E-15 0
-13.3854389190674 1.91507279872894 65.2887115478516
-13.3854389190674 2.57124066352844 65.2887115478516
-13.3854389190674 1.91507279872894 71.1942291259766
1 -1.61480185948009E-15 0
-13.3854389190674 -5.1426305770874 65.2887115478516
-13.3854389190674 1.91507279872894 65.2887115478516
-13.3854389190674 1.91507279872894 71.1942291259766
1 -1.61480185948009E-15 0
-13.3854389190674 1.91507279872894 71.1942291259766
-13.3854389190674 -5.1426305770874 71.1942291259766
-13.3854389190674 -5.1426305770874 65.2887115478516
1 -1.61480185948009E-15 0
-13.3854389190674 2.57124066352844 71.1942291259766
-13.3854389190674 1.91507279872894 71.1942291259766
-13.3854389190674 2.57124066352844 65.2887115478516
1 -1.61480185948009E-15 0
-13.3854389190674 2.57124066352844 65.2887115478516
-13.3854389190674 8.30881309509277 71.1942291259766
-13.3854389190674 2.57124066352844 71.1942291259766
1 -1.61480185948009E-15 0
-13.3854389190674 8.30881309509277 71.1942291259766
-13.3854389190674 8.30881309509277 65.2887115478516
-13.3854389190674 8.96498107910156 65.2887115478516
1 -1.61480185948009E-15 0
-13.3854389190674 8.96498107910156 71.1942291259766
-13.3854389190674 8.96498107910156 65.2887115478516
-13.3854389190674 9.94923305511475 65.2887115478516
1 -1.61480185948009E-15 0
-13.3854389190674 8.96498107910156 65.2887115478516
-13.3854389190674 8.96498107910156 71.1942291259766
-13.3854389190674 8.30881309509277 71.1942291259766
1 -1.61480185948009E-15 0
-13.3854389190674 8.96498107910156 71.1942291259766
-13.3854389190674 9.94923305511475 65.2887115478516
-13.3854389190674 9.94923305511475 71.1942291259766
1 -1.61480185948009E-15 0
-13.3854389190674 8.30881309509277 65.2887115478516
-13.3854389190674 8.30881309509277 71.1942291259766
-13.3854389190674 2.57124066352844 65.2887115478516
1 -1.61480185948009E-15 0
-14.0416069030762 9.94923305511475 65.2887115478516
-13.3854389190674 2.57124066352844 65.2887115478516
-14.0416069030762 -5.1426305770874 65.2887115478516
0 0 -1
-13.3854389190674 2.57124066352844 65.2887115478516
-14.0416069030762 9.94923305511475 65.2887115478516
-13.3854389190674 8.30881309509277 65.2887115478516
0 0 -1
-14.0416069030762 -5.1426305770874 65.2887115478516
-13.3854389190674 1.91507279872894 65.2887115478516
-13.3854389190674 -5.1426305770874 65.2887115478516
0 0 -1
-13.3854389190674 1.91507279872894 65.2887115478516
-14.0416069030762 -5.1426305770874 65.2887115478516
-13.3854389190674 2.57124066352844 65.2887115478516
0 0 -1
-13.3854389190674 8.96498107910156 65.2887115478516
-13.3854389190674 8.30881309509277 65.2887115478516
-14.0416069030762 9.94923305511475 65.2887115478516
0 0 -1
-13.3854389190674 8.96498107910156 65.2887115478516
-14.0416069030762 9.94923305511475 65.2887115478516
-13.3854389190674 9.94923305511475 65.2887115478516
0 0 -1
-14.0416069030762 -5.1426305770874 71.1942291259766
-13.3854389190674 1.91507279872894 71.1942291259766
-13.3854389190674 2.57124066352844 71.1942291259766
0 0 1
-13.3854389190674 1.91507279872894 71.1942291259766
-14.0416069030762 -5.1426305770874 71.1942291259766
-13.3854389190674 -5.1426305770874 71.1942291259766
0 0 1
-14.0416069030762 9.94923305511475 71.1942291259766
-13.3854389190674 2.57124066352844 71.1942291259766
-13.3854389190674 8.30881309509277 71.1942291259766
0 0 1
-13.3854389190674 2.57124066352844 71.1942291259766
-14.0416069030762 9.94923305511475 71.1942291259766
-14.0416069030762 -5.1426305770874 71.1942291259766
0 0 1
-13.3854389190674 9.94923305511475 71.1942291259766
-14.0416069030762 9.94923305511475 71.1942291259766
-13.3854389190674 8.96498107910156 71.1942291259766
0 0 1
-13.3854389190674 8.96498107910156 71.1942291259766
-14.0416069030762 9.94923305511475 71.1942291259766
-13.3854389190674 8.30881309509277 71.1942291259766
0 0 1
-14.0416069030762 -5.1426305770874 65.2887115478516
-13.3854389190674 -5.1426305770874 65.2887115478516
-13.3854389190674 -5.1426305770874 71.1942291259766
-3.23219431017859E-15 -1 0
-13.3854389190674 -5.1426305770874 71.1942291259766
-14.0416069030762 -5.1426305770874 71.1942291259766
-14.0416069030762 -5.1426305770874 65.2887115478516
-3.23219431017859E-15 -1 0
-14.0416069030762 9.94923305511475 71.1942291259766
-13.3854389190674 9.94923305511475 71.1942291259766
-13.3854389190674 9.94923305511475 65.2887115478516
1.59872115546023E-15 1 0
-13.3854389190674 9.94923305511475 65.2887115478516
-14.0416069030762 9.94923305511475 65.2887115478516
-14.0416069030762 9.94923305511475 71.1942291259766
1.59872115546023E-15 1 0
-6.16759157180786 2.56734323501587 71.1942291259766
-6.16759157180786 2.56734323501587 65.2887115478516
-6.16759157180786 1.91507279872894 71.1942291259766
-1 1.61278083087015E-15 0
-6.16759157180786 1.91507279872894 71.1942291259766
-6.16759157180786 2.56734323501587 65.2887115478516
-6.16759157180786 1.91507279872894 65.2887115478516
-1 1.61278083087015E-15 0
-6.16759157180786 1.91507279872894 65.2887115478516
-6.16759157180786 -5.1426305770874 65.2887115478516
-6.16759157180786 -5.1426305770874 71.1942291259766
-1 1.61278083087015E-15 0
-6.16759157180786 1.91507279872894 65.2887115478516
-6.16759157180786 -5.1426305770874 71.1942291259766
-6.16759157180786 1.91507279872894 71.1942291259766
-1 1.61278083087015E-15 0
-5.51142358779907 -5.1426305770874 71.1942291259766
-5.51142358779907 -5.1426305770874 65.2887115478516
-5.51142358779907 2.07521724700928 65.2887115478516
1 -1.61278083087015E-15 0
-5.51142358779907 -5.1426305770874 71.1942291259766
-5.51142358779907 2.07521724700928 65.2887115478516
-5.51142358779907 2.07521724700928 71.1942291259766
1 -1.61278083087015E-15 0
-5.51142358779907 2.07521724700928 71.1942291259766
-5.51142358779907 2.56734323501587 65.2887115478516
-5.51142358779907 2.56734323501587 71.1942291259766
1 -1.61278083087015E-15 0
-5.51142358779907 2.56734323501587 65.2887115478516
-5.51142358779907 2.07521724700928 71.1942291259766
-5.51142358779907 2.07521724700928 65.2887115478516
1 -1.61278083087015E-15 0
-6.16759157180786 1.91507279872894 65.2887115478516
-6.16759157180786 2.56734323501587 65.2887115478516
-5.51142358779907 2.07521724700928 65.2887115478516
0 0 -1
-6.16759157180786 -5.1426305770874 65.2887115478516
-6.16759157180786 1.91507279872894 65.2887115478516
-5.51142358779907 -5.1426305770874 65.2887115478516
0 0 -1
-5.51142358779907 2.56734323501587 65.2887115478516
-5.51142358779907 2.07521724700928 65.2887115478516
-6.16759157180786 2.56734323501587 65.2887115478516
0 0 -1
-5.51142358779907 2.07521724700928 65.2887115478516
-5.51142358779907 -5.1426305770874 65.2887115478516
-6.16759157180786 1.91507279872894 65.2887115478516
0 0 -1
-6.16759157180786 1.91507279872894 71.1942291259766
-6.16759157180786 -5.1426305770874 71.1942291259766
-5.51142358779907 -5.1426305770874 71.1942291259766
0 0 1
-6.16759157180786 2.56734323501587 71.1942291259766
-6.16759157180786 1.91507279872894 71.1942291259766
-5.51142358779907 2.07521724700928 71.1942291259766
0 0 1
-5.51142358779907 -5.1426305770874 71.1942291259766
-5.51142358779907 2.07521724700928 71.1942291259766
-6.16759157180786 1.91507279872894 71.1942291259766
0 0 1
-5.51142358779907 2.07521724700928 71.1942291259766
-5.51142358779907 2.56734323501587 71.1942291259766
-6.16759157180786 2.56734323501587 71.1942291259766
0 0 1
-6.16759157180786 -5.1426305770874 65.2887115478516
-5.51142358779907 -5.1426305770874 65.2887115478516
-5.51142358779907 -5.1426305770874 71.1942291259766
-3.23219431017859E-15 -1 0
-5.51142358779907 -5.1426305770874 71.1942291259766
-6.16759157180786 -5.1426305770874 71.1942291259766
-6.16759157180786 -5.1426305770874 65.2887115478516
-3.23219431017859E-15 -1 0
-6.16759157180786 2.56734323501587 71.1942291259766
-5.51142358779907 2.56734323501587 71.1942291259766
-5.51142358779907 2.56734323501587 65.2887115478516
3.28752938634315E-15 1 0
-5.51142358779907 2.56734323501587 65.2887115478516
-6.16759157180786 2.56734323501587 65.2887115478516
-6.16759157180786 2.56734323501587 71.1942291259766
3.28752938634315E-15 1 0
-2.55866765975952 -5.1426305770874 65.2887115478516
-2.55866765975952 -2.68200063705444 65.2887115478516
-2.55866765975952 -5.1426305770874 71.1942291259766
1 -1.60541347657608E-15 0
-2.55866765975952 -5.1426305770874 71.1942291259766
-2.55866765975952 -2.35391664505005 65.2887115478516
-2.55866765975952 5.35605716705322 71.1942291259766
1 -1.60541347657608E-15 0
-2.55866765975952 -2.35391664505005 65.2887115478516
-2.55866765975952 -5.1426305770874 71.1942291259766
-2.55866765975952 -2.68200063705444 65.2887115478516
1 -1.60541347657608E-15 0
-2.55866765975952 5.35605716705322 71.1942291259766
-2.55866765975952 8.96498107910156 65.2887115478516
-2.55866765975952 8.30881309509277 71.1942291259766
1 -1.60541347657608E-15 0
-2.55866765975952 8.96498107910156 65.2887115478516
-2.55866765975952 5.35605716705322 71.1942291259766
-2.55866765975952 -2.35391664505005 65.2887115478516
1 -1.60541347657608E-15 0
-2.55866765975952 8.96498107910156 71.1942291259766
-2.55866765975952 8.30881309509277 71.1942291259766
-2.55866765975952 8.96498107910156 65.2887115478516
1 -1.60541347657608E-15 0
-3.21483564376831 8.96498107910156 65.2887115478516
-3.21483564376831 8.30881309509277 65.2887115478516
-3.21483564376831 8.30881309509277 71.1942291259766
-1 1.60541347657608E-15 0
-3.21483564376831 8.96498107910156 65.2887115478516
-3.21483564376831 8.30881309509277 71.1942291259766
-3.21483564376831 8.96498107910156 71.1942291259766
-1 1.60541347657608E-15 0
-3.21483564376831 8.30881309509277 71.1942291259766
-3.21483564376831 8.30881309509277 65.2887115478516
-3.21483564376831 5.35605716705322 71.1942291259766
-1 1.60541347657608E-15 0
-3.21483564376831 8.30881309509277 65.2887115478516
-3.21483564376831 2.56734323501587 65.2887115478516
-3.21483564376831 5.35605716705322 71.1942291259766
-1 1.60541347657608E-15 0
-3.21483564376831 2.07521724700928 65.2887115478516
-3.21483564376831 -5.1426305770874 65.2887115478516
-3.21483564376831 -5.1426305770874 71.1942291259766
-1 1.60541347657608E-15 0
-3.21483564376831 2.56734323501587 65.2887115478516
-3.21483564376831 2.07521724700928 65.2887115478516
-3.21483564376831 2.56734323501587 71.1942291259766
-1 1.60541347657608E-15 0
-3.21483564376831 2.07521724700928 71.1942291259766
-3.21483564376831 2.56734323501587 71.1942291259766
-3.21483564376831 2.07521724700928 65.2887115478516
-1 1.60541347657608E-15 0
-3.21483564376831 -5.1426305770874 71.1942291259766
-3.21483564376831 2.07521724700928 71.1942291259766
-3.21483564376831 2.07521724700928 65.2887115478516
-1 1.60541347657608E-15 0
-3.21483564376831 2.56734323501587 65.2887115478516
-3.21483564376831 2.56734323501587 71.1942291259766
-3.21483564376831 5.35605716705322 71.1942291259766
-1 1.60541347657608E-15 0
-2.55866765975952 -5.1426305770874 65.2887115478516
-2.88675165176392 -5.1426305770874 65.2887115478516
-2.55866765975952 -2.68200063705444 65.2887115478516
0 0 -1
-3.21483564376831 -5.1426305770874 65.2887115478516
-2.55866765975952 -2.35391664505005 65.2887115478516
-2.55866765975952 -2.68200063705444 65.2887115478516
0 0 -1
-3.21483564376831 2.56734323501587 65.2887115478516
-2.55866765975952 8.96498107910156 65.2887115478516
-2.55866765975952 -2.35391664505005 65.2887115478516
0 0 -1
-3.21483564376831 -5.1426305770874 65.2887115478516
-2.55866765975952 -2.68200063705444 65.2887115478516
-2.88675165176392 -5.1426305770874 65.2887115478516
0 0 -1
-3.21483564376831 -5.1426305770874 65.2887115478516
-3.21483564376831 2.07521724700928 65.2887115478516
-2.55866765975952 -2.35391664505005 65.2887115478516
0 0 -1
-3.21483564376831 8.96498107910156 65.2887115478516
-2.55866765975952 8.96498107910156 65.2887115478516
-3.21483564376831 8.30881309509277 65.2887115478516
0 0 -1
-2.55866765975952 8.96498107910156 65.2887115478516
-3.21483564376831 2.56734323501587 65.2887115478516
-3.21483564376831 8.30881309509277 65.2887115478516
0 0 -1
-2.55866765975952 -2.35391664505005 65.2887115478516
-3.21483564376831 2.07521724700928 65.2887115478516
-3.21483564376831 2.56734323501587 65.2887115478516
0 0 -1
-3.21483564376831 5.35605716705322 71.1942291259766
-2.55866765975952 5.35605716705322 71.1942291259766
-2.55866765975952 8.30881309509277 71.1942291259766
0 0 1
-2.88675165176392 -5.1426305770874 71.1942291259766
-2.55866765975952 -5.1426305770874 71.1942291259766
-3.21483564376831 2.07521724700928 71.1942291259766
0 0 1
-2.55866765975952 5.35605716705322 71.1942291259766
-3.21483564376831 2.07521724700928 71.1942291259766
-2.55866765975952 -5.1426305770874 71.1942291259766
0 0 1
-2.55866765975952 8.30881309509277 71.1942291259766
-2.55866765975952 8.96498107910156 71.1942291259766
-3.21483564376831 8.30881309509277 71.1942291259766
0 0 1
-2.55866765975952 8.30881309509277 71.1942291259766
-3.21483564376831 8.30881309509277 71.1942291259766
-3.21483564376831 5.35605716705322 71.1942291259766
0 0 1
-3.21483564376831 5.35605716705322 71.1942291259766
-3.21483564376831 2.56734323501587 71.1942291259766
-2.55866765975952 5.35605716705322 71.1942291259766
0 0 1
-3.21483564376831 2.07521724700928 71.1942291259766
-2.55866765975952 5.35605716705322 71.1942291259766
-3.21483564376831 2.56734323501587 71.1942291259766
0 0 1
-3.21483564376831 2.07521724700928 71.1942291259766
-3.21483564376831 -5.1426305770874 71.1942291259766
-2.88675165176392 -5.1426305770874 71.1942291259766
0 0 1
-3.21483564376831 8.30881309509277 71.1942291259766
-2.55866765975952 8.96498107910156 71.1942291259766
-3.21483564376831 8.96498107910156 71.1942291259766
0 0 1
-2.55866765975952 8.96498107910156 65.2887115478516
-3.21483564376831 8.96498107910156 65.2887115478516
-3.21483564376831 8.96498107910156 71.1942291259766
3.14380779473753E-15 1 0
-3.21483564376831 8.96498107910156 71.1942291259766
-2.55866765975952 8.96498107910156 71.1942291259766
-2.55866765975952 8.96498107910156 65.2887115478516
3.14380779473753E-15 1 0
-2.88675165176392 -5.1426305770874 65.2887115478516
-2.55866765975952 -5.1426305770874 65.2887115478516
-2.55866765975952 -5.1426305770874 71.1942291259766
-3.23219431017859E-15 -1 0
-2.88675165176392 -5.1426305770874 71.1942291259766
-2.88675165176392 -5.1426305770874 65.2887115478516
-2.55866765975952 -5.1426305770874 71.1942291259766
-3.23219431017859E-15 -1 0
-2.88675165176392 -5.1426305770874 71.1942291259766
-3.21483564376831 -5.1426305770874 71.1942291259766
-2.88675165176392 -5.1426305770874 65.2887115478516
-3.23219431017859E-15 -1 0
-3.21483564376831 -5.1426305770874 65.2887115478516
-2.88675165176392 -5.1426305770874 65.2887115478516
-3.21483564376831 -5.1426305770874 71.1942291259766
-3.23219431017859E-15 -1 0
-13.3854389190674 8.30881309509277 65.2887115478516
-10.1045989990234 8.30881309509277 68.5695571899414
-13.3854389190674 8.30881309509277 71.1942291259766
-3.14380779473753E-15 -1 0
-10.1045989990234 8.30881309509277 68.5695571899414
-13.3854389190674 8.30881309509277 65.2887115478516
-3.21483564376831 8.30881309509277 65.2887115478516
-3.14380779473753E-15 -1 0
-10.1045989990234 8.30881309509277 71.1942291259766
-13.3854389190674 8.30881309509277 71.1942291259766
-10.1045989990234 8.30881309509277 68.5695571899414
-3.14380779473753E-15 -1 0
-6.16759157180786 8.30881309509277 68.5695571899414
-3.21483564376831 8.30881309509277 65.2887115478516
-3.21483564376831 8.30881309509277 71.1942291259766
-3.14380779473753E-15 -1 0
-3.21483564376831 8.30881309509277 65.2887115478516
-6.16759157180786 8.30881309509277 68.5695571899414
-10.1045989990234 8.30881309509277 68.5695571899414
-3.14380779473753E-15 -1 0
-3.21483564376831 8.30881309509277 71.1942291259766
-6.16759157180786 8.30881309509277 71.1942291259766
-6.16759157180786 8.30881309509277 68.5695571899414
-3.14380779473753E-15 -1 0
-3.21483564376831 8.96498107910156 65.2887115478516
-6.16759157180786 8.96498107910156 68.5695571899414
-3.21483564376831 8.96498107910156 71.1942291259766
3.14380779473753E-15 1 0
-6.16759157180786 8.96498107910156 68.5695571899414
-3.21483564376831 8.96498107910156 65.2887115478516
-10.1045989990234 8.96498107910156 68.5695571899414
3.14380779473753E-15 1 0
-6.16759157180786 8.96498107910156 71.1942291259766
-3.21483564376831 8.96498107910156 71.1942291259766
-6.16759157180786 8.96498107910156 68.5695571899414
3.14380779473753E-15 1 0
-10.1045989990234 8.96498107910156 68.5695571899414
-13.3854389190674 8.96498107910156 65.2887115478516
-13.3854389190674 8.96498107910156 71.1942291259766
3.14380779473753E-15 1 0
-13.3854389190674 8.96498107910156 65.2887115478516
-10.1045989990234 8.96498107910156 68.5695571899414
-3.21483564376831 8.96498107910156 65.2887115478516
3.14380779473753E-15 1 0
-13.3854389190674 8.96498107910156 71.1942291259766
-10.1045989990234 8.96498107910156 71.1942291259766
-10.1045989990234 8.96498107910156 68.5695571899414
3.14380779473753E-15 1 0
-13.3854389190674 8.30881309509277 65.2887115478516
-13.3854389190674 8.96498107910156 65.2887115478516
-3.21483564376831 8.96498107910156 65.2887115478516
0 0 -1
-3.21483564376831 8.96498107910156 65.2887115478516
-3.21483564376831 8.30881309509277 65.2887115478516
-13.3854389190674 8.30881309509277 65.2887115478516
0 0 -1
-13.3854389190674 8.30881309509277 71.1942291259766
-10.1045989990234 8.30881309509277 71.1942291259766
-10.1045989990234 8.96498107910156 71.1942291259766
0 0 1
-10.1045989990234 8.96498107910156 71.1942291259766
-13.3854389190674 8.96498107910156 71.1942291259766
-13.3854389190674 8.30881309509277 71.1942291259766
0 0 1
-6.16759157180786 8.30881309509277 71.1942291259766
-3.21483564376831 8.30881309509277 71.1942291259766
-3.21483564376831 8.96498107910156 71.1942291259766
0 0 1
-3.21483564376831 8.96498107910156 71.1942291259766
-6.16759157180786 8.96498107910156 71.1942291259766
-6.16759157180786 8.30881309509277 71.1942291259766
0 0 1
-3.21483564376831 8.30881309509277 65.2887115478516
-3.21483564376831 8.96498107910156 65.2887115478516
-3.21483564376831 8.96498107910156 71.1942291259766
1 -1.60541347657608E-15 0
-3.21483564376831 8.96498107910156 71.1942291259766
-3.21483564376831 8.30881309509277 71.1942291259766
-3.21483564376831 8.30881309509277 65.2887115478516
1 -1.60541347657608E-15 0
-13.3854389190674 8.30881309509277 71.1942291259766
-13.3854389190674 8.96498107910156 71.1942291259766
-13.3854389190674 8.96498107910156 65.2887115478516
-1 1.61480185948009E-15 0
-13.3854389190674 8.96498107910156 65.2887115478516
-13.3854389190674 8.30881309509277 65.2887115478516
-13.3854389190674 8.30881309509277 71.1942291259766
-1 1.61480185948009E-15 0
-6.16759157180786 8.30881309509277 68.5695571899414
-6.16759157180786 8.30881309509277 71.1942291259766
-6.16759157180786 8.96498107910156 71.1942291259766
-1 3.10862446895044E-15 0
-6.16759157180786 8.96498107910156 71.1942291259766
-6.16759157180786 8.96498107910156 68.5695571899414
-6.16759157180786 8.30881309509277 68.5695571899414
-1 3.10862446895044E-15 0
-6.16759157180786 8.96498107910156 68.5695571899414
-10.1045989990234 8.96498107910156 68.5695571899414
-10.1045989990234 8.30881309509277 68.5695571899414
0 0 1
-10.1045989990234 8.30881309509277 68.5695571899414
-6.16759157180786 8.30881309509277 68.5695571899414
-6.16759157180786 8.96498107910156 68.5695571899414
0 0 1
-10.1045989990234 8.96498107910156 68.5695571899414
-10.1045989990234 8.96498107910156 71.1942291259766
-10.1045989990234 8.30881309509277 71.1942291259766
1 -3.19744231092045E-15 0
-10.1045989990234 8.30881309509277 71.1942291259766
-10.1045989990234 8.30881309509277 68.5695571899414
-10.1045989990234 8.96498107910156 68.5695571899414
1 -3.19744231092045E-15 0
-3.21483564376831 2.07521724700928 65.2887115478516
-3.21483564376831 2.07521724700928 71.1942291259766
-5.51142358779907 2.07521724700928 71.1942291259766
-3.28752938634315E-15 -1 0
-5.51142358779907 2.07521724700928 71.1942291259766
-5.51142358779907 2.07521724700928 65.2887115478516
-3.21483564376831 2.07521724700928 65.2887115478516
-3.28752938634315E-15 -1 0
-5.51142358779907 2.56734323501587 71.1942291259766
-3.21483564376831 2.56734323501587 71.1942291259766
-3.21483564376831 2.56734323501587 65.2887115478516
3.28752938634315E-15 1 0
-3.21483564376831 2.56734323501587 65.2887115478516
-5.51142358779907 2.56734323501587 65.2887115478516
-5.51142358779907 2.56734323501587 71.1942291259766
3.28752938634315E-15 1 0
-5.51142358779907 2.07521724700928 65.2887115478516
-5.51142358779907 2.56734323501587 65.2887115478516
-3.21483564376831 2.56734323501587 65.2887115478516
0 0 -1
-3.21483564376831 2.56734323501587 65.2887115478516
-3.21483564376831 2.07521724700928 65.2887115478516
-5.51142358779907 2.07521724700928 65.2887115478516
0 0 -1
-3.21483564376831 2.07521724700928 71.1942291259766
-3.21483564376831 2.56734323501587 71.1942291259766
-5.51142358779907 2.56734323501587 71.1942291259766
0 0 1
-5.51142358779907 2.56734323501587 71.1942291259766
-5.51142358779907 2.07521724700928 71.1942291259766
-3.21483564376831 2.07521724700928 71.1942291259766
0 0 1
-5.51142358779907 2.07521724700928 71.1942291259766
-5.51142358779907 2.56734323501587 71.1942291259766
-5.51142358779907 2.56734323501587 65.2887115478516
-1 1.61278083087015E-15 0
-5.51142358779907 2.56734323501587 65.2887115478516
-5.51142358779907 2.07521724700928 65.2887115478516
-5.51142358779907 2.07521724700928 71.1942291259766
-1 1.61278083087015E-15 0
-3.21483564376831 2.07521724700928 65.2887115478516
-3.21483564376831 2.56734323501587 65.2887115478516
-3.21483564376831 2.56734323501587 71.1942291259766
1 -1.60541347657608E-15 0
-3.21483564376831 2.56734323501587 71.1942291259766
-3.21483564376831 2.07521724700928 71.1942291259766
-3.21483564376831 2.07521724700928 65.2887115478516
1 -1.60541347657608E-15 0
30.2497310638428 -5.79879856109619 65.2887115478516
30.2497310638428 -5.79879856109619 69.8818893432617
6.79172611236572 -5.79879856109619 69.8818893432617
-3.23219431017859E-15 -1 0
6.79172611236572 -5.79879856109619 69.8818893432617
6.79172611236572 -5.79879856109619 65.2887115478516
30.2497310638428 -5.79879856109619 65.2887115478516
-3.23219431017859E-15 -1 0
30.2497310638428 -5.1426305770874 69.8818893432617
30.2497310638428 -5.1426305770874 65.2887115478516
29.593563079834 -5.1426305770874 69.8818893432617
3.23219431017859E-15 1 0
29.593563079834 -5.1426305770874 69.8818893432617
30.2497310638428 -5.1426305770874 65.2887115478516
29.593563079834 -5.1426305770874 65.2887115478516
3.23219431017859E-15 1 0
29.593563079834 -5.1426305770874 65.2887115478516
6.79172611236572 -5.1426305770874 65.2887115478516
6.79172611236572 -5.1426305770874 69.8818893432617
3.23219431017859E-15 1 0
29.593563079834 -5.1426305770874 65.2887115478516
6.79172611236572 -5.1426305770874 69.8818893432617
29.593563079834 -5.1426305770874 69.8818893432617
3.23219431017859E-15 1 0
30.2497310638428 -5.79879856109619 65.2887115478516
6.79172611236572 -5.79879856109619 65.2887115478516
29.593563079834 -5.1426305770874 65.2887115478516
0 0 -1
6.79172611236572 -5.1426305770874 65.2887115478516
29.593563079834 -5.1426305770874 65.2887115478516
6.79172611236572 -5.79879856109619 65.2887115478516
0 0 -1
29.593563079834 -5.1426305770874 65.2887115478516
30.2497310638428 -5.1426305770874 65.2887115478516
30.2497310638428 -5.79879856109619 65.2887115478516
0 0 -1
6.79172611236572 -5.79879856109619 69.8818893432617
30.2497310638428 -5.79879856109619 69.8818893432617
29.593563079834 -5.1426305770874 69.8818893432617
0 0 1
30.2497310638428 -5.1426305770874 69.8818893432617
29.593563079834 -5.1426305770874 69.8818893432617
30.2497310638428 -5.79879856109619 69.8818893432617
0 0 1
29.593563079834 -5.1426305770874 69.8818893432617
6.79172611236572 -5.1426305770874 69.8818893432617
6.79172611236572 -5.79879856109619 69.8818893432617
0 0 1
6.79172611236572 -5.79879856109619 69.8818893432617
6.79172611236572 -5.1426305770874 69.8818893432617
6.79172611236572 -5.1426305770874 65.2887115478516
-1 0 0
6.79172611236572 -5.1426305770874 65.2887115478516
6.79172611236572 -5.79879856109619 65.2887115478516
6.79172611236572 -5.79879856109619 69.8818893432617
-1 0 0
30.2497310638428 -5.79879856109619 65.2887115478516
30.2497310638428 -5.1426305770874 65.2887115478516
30.2497310638428 -5.1426305770874 69.8818893432617
1 -1.54695304185486E-15 0
30.2497310638428 -5.1426305770874 69.8818893432617
30.2497310638428 -5.79879856109619 69.8818893432617
30.2497310638428 -5.79879856109619 65.2887115478516
1 -1.54695304185486E-15 0
-6.16759157180786 1.91507279872894 65.2887115478516
-6.16759157180786 1.91507279872894 71.1942291259766
-13.3854389190674 1.91507279872894 71.1942291259766
-3.22918165411096E-15 -1 0
-13.3854389190674 1.91507279872894 71.1942291259766
-13.3854389190674 1.91507279872894 65.2887115478516
-6.16759157180786 1.91507279872894 65.2887115478516
-3.22918165411096E-15 -1 0
-13.3854389190674 2.57124066352844 71.1942291259766
-6.16759157180786 2.57124066352844 71.1942291259766
-6.16759157180786 2.57124066352844 65.2887115478516
3.22918165411096E-15 1 0
-6.16759157180786 2.57124066352844 65.2887115478516
-13.3854389190674 2.57124066352844 65.2887115478516
-13.3854389190674 2.57124066352844 71.1942291259766
3.22918165411096E-15 1 0
-6.16759157180786 1.91507279872894 65.2887115478516
-13.3854389190674 1.91507279872894 65.2887115478516
-6.16759157180786 2.56734323501587 65.2887115478516
0 0 -1
-6.16759157180786 2.56734323501587 65.2887115478516
-13.3854389190674 2.57124066352844 65.2887115478516
-6.16759157180786 2.57124066352844 65.2887115478516
0 0 -1
-13.3854389190674 2.57124066352844 65.2887115478516
-6.16759157180786 2.56734323501587 65.2887115478516
-13.3854389190674 1.91507279872894 65.2887115478516
0 0 -1
-13.3854389190674 1.91507279872894 71.1942291259766
-6.16759157180786 1.91507279872894 71.1942291259766
-6.16759157180786 2.56734323501587 71.1942291259766
0 0 1
-6.16759157180786 2.56734323501587 71.1942291259766
-6.16759157180786 2.57124066352844 71.1942291259766
-13.3854389190674 2.57124066352844 71.1942291259766
0 0 1
-6.16759157180786 2.56734323501587 71.1942291259766
-13.3854389190674 2.57124066352844 71.1942291259766
-13.3854389190674 1.91507279872894 71.1942291259766
0 0 1
-6.16759157180786 2.56734323501587 65.2887115478516
-6.16759157180786 2.57124066352844 71.1942291259766
-6.16759157180786 2.56734323501587 71.1942291259766
1 -1.61278083087015E-15 0
-6.16759157180786 2.57124066352844 65.2887115478516
-6.16759157180786 2.57124066352844 71.1942291259766
-6.16759157180786 2.56734323501587 65.2887115478516
1 -1.61278083087015E-15 0
-6.16759157180786 1.91507279872894 71.1942291259766
-6.16759157180786 1.91507279872894 65.2887115478516
-6.16759157180786 2.56734323501587 65.2887115478516
1 -1.61278083087015E-15 0
-6.16759157180786 2.56734323501587 71.1942291259766
-6.16759157180786 1.91507279872894 71.1942291259766
-6.16759157180786 2.56734323501587 65.2887115478516
1 -1.61278083087015E-15 0
-13.3854389190674 1.91507279872894 71.1942291259766
-13.3854389190674 2.57124066352844 71.1942291259766
-13.3854389190674 2.57124066352844 65.2887115478516
-1 1.61480185948009E-15 0
-13.3854389190674 2.57124066352844 65.2887115478516
-13.3854389190674 1.91507279872894 65.2887115478516
-13.3854389190674 1.91507279872894 71.1942291259766
-1 1.61480185948009E-15 0
-23.884126663208 -5.79879856109619 71.1942291259766
-23.884126663208 -5.79879856109619 80.3805770874023
-23.884126663208 14.5424089431763 80.3805770874023
-1 1.57190389736868E-15 0
-23.884126663208 14.5424089431763 80.3805770874023
-23.884126663208 14.5424089431763 71.1942291259766
-23.884126663208 -5.79879856109619 71.1942291259766
-1 1.57190389736868E-15 0
-23.2279586791992 -5.79879856109619 71.1942291259766
-23.2279586791992 -5.1426305770874 71.1942291259766
-23.2279586791992 -5.1426305770874 80.3805770874023
1 -1.57190389736868E-15 0
-23.2279586791992 -5.1426305770874 80.3805770874023
-23.2279586791992 -5.79879856109619 80.3805770874023
-23.2279586791992 -5.79879856109619 71.1942291259766
1 -1.57190389736868E-15 0
-23.2279586791992 -5.1426305770874 71.1942291259766
-23.2279586791992 13.8862409591675 71.1942291259766
-23.2279586791992 -5.1426305770874 80.3805770874023
1 -1.57190389736868E-15 0
-23.2279586791992 13.8862409591675 71.1942291259766
-23.2279586791992 14.5424089431763 71.1942291259766
-23.2279586791992 13.8862409591675 80.3805770874023
1 -1.57190389736868E-15 0
-23.2279586791992 14.5424089431763 80.3805770874023
-23.2279586791992 13.8862409591675 80.3805770874023
-23.2279586791992 14.5424089431763 71.1942291259766
1 -1.57190389736868E-15 0
-23.2279586791992 13.8862409591675 71.1942291259766
-23.2279586791992 13.8862409591675 80.3805770874023
-23.2279586791992 -5.1426305770874 80.3805770874023
1 -1.57190389736868E-15 0
-23.884126663208 -5.79879856109619 71.1942291259766
-23.884126663208 14.5424089431763 71.1942291259766
-23.2279586791992 13.8862409591675 71.1942291259766
0 0 -1
-23.2279586791992 13.8862409591675 71.1942291259766
-23.884126663208 14.5424089431763 71.1942291259766
-23.2279586791992 14.5424089431763 71.1942291259766
0 0 -1
-23.884126663208 -5.79879856109619 71.1942291259766
-23.2279586791992 13.8862409591675 71.1942291259766
-23.2279586791992 -5.1426305770874 71.1942291259766
0 0 -1
-23.2279586791992 -5.1426305770874 71.1942291259766
-23.2279586791992 -5.79879856109619 71.1942291259766
-23.884126663208 -5.79879856109619 71.1942291259766
0 0 -1
-23.884126663208 14.5424089431763 80.3805770874023
-23.884126663208 -5.79879856109619 80.3805770874023
-23.2279586791992 -5.1426305770874 80.3805770874023
0 0 1
-23.2279586791992 -5.1426305770874 80.3805770874023
-23.884126663208 -5.79879856109619 80.3805770874023
-23.2279586791992 -5.79879856109619 80.3805770874023
0 0 1
-23.884126663208 14.5424089431763 80.3805770874023
-23.2279586791992 -5.1426305770874 80.3805770874023
-23.2279586791992 13.8862409591675 80.3805770874023
0 0 1
-23.2279586791992 13.8862409591675 80.3805770874023
-23.2279586791992 14.5424089431763 80.3805770874023
-23.884126663208 14.5424089431763 80.3805770874023
0 0 1
-23.884126663208 -5.79879856109619 71.1942291259766
-23.2279586791992 -5.79879856109619 71.1942291259766
-23.2279586791992 -5.79879856109619 80.3805770874023
-3.23498041771534E-15 -1 0
-23.2279586791992 -5.79879856109619 80.3805770874023
-23.884126663208 -5.79879856109619 80.3805770874023
-23.884126663208 -5.79879856109619 71.1942291259766
-3.23498041771534E-15 -1 0
-23.884126663208 14.5424089431763 80.3805770874023
-23.2279586791992 14.5424089431763 80.3805770874023
-23.2279586791992 14.5424089431763 71.1942291259766
3.24860138789476E-15 1 0
-23.2279586791992 14.5424089431763 71.1942291259766
-23.884126663208 14.5424089431763 71.1942291259766
-23.884126663208 14.5424089431763 80.3805770874023
3.24860138789476E-15 1 0
-23.2279586791992 -5.79879856109619 80.3805770874023
-23.2279586791992 -5.79879856109619 71.1942291259766
-2.88675165176392 -5.79879856109619 71.1942291259766
-3.23498041771534E-15 -1 0
-2.88675165176392 -5.79879856109619 71.1942291259766
-2.55866765975952 -5.79879856109619 71.1942291259766
-2.55866765975952 -5.79879856109619 80.3805770874023
-3.23498041771534E-15 -1 0
-2.88675165176392 -5.79879856109619 71.1942291259766
-2.55866765975952 -5.79879856109619 80.3805770874023
-23.2279586791992 -5.79879856109619 80.3805770874023
-3.23498041771534E-15 -1 0
-2.55866765975952 -5.1426305770874 80.3805770874023
-2.55866765975952 -5.1426305770874 71.1942291259766
-2.88675165176392 -5.1426305770874 71.1942291259766
3.23498041771534E-15 1 0
-3.21483564376831 -5.1426305770874 80.3805770874023
-2.88675165176392 -5.1426305770874 71.1942291259766
-3.21483564376831 -5.1426305770874 71.1942291259766
3.23498041771534E-15 1 0
-2.55866765975952 -5.1426305770874 80.3805770874023
-2.88675165176392 -5.1426305770874 71.1942291259766
-3.21483564376831 -5.1426305770874 80.3805770874023
3.23498041771534E-15 1 0
-5.51142358779907 -5.1426305770874 80.3805770874023
-5.51142358779907 -5.1426305770874 71.1942291259766
-6.16759157180786 -5.1426305770874 80.3805770874023
3.23498041771534E-15 1 0
-5.51142358779907 -5.1426305770874 80.3805770874023
-3.21483564376831 -5.1426305770874 80.3805770874023
-3.21483564376831 -5.1426305770874 71.1942291259766
3.23498041771534E-15 1 0
-5.51142358779907 -5.1426305770874 71.1942291259766
-5.51142358779907 -5.1426305770874 80.3805770874023
-3.21483564376831 -5.1426305770874 71.1942291259766
3.23498041771534E-15 1 0
-6.16759157180786 -5.1426305770874 71.1942291259766
-13.3854389190674 -5.1426305770874 71.1942291259766
-6.16759157180786 -5.1426305770874 80.3805770874023
3.23498041771534E-15 1 0
-14.0416069030762 -5.1426305770874 71.1942291259766
-23.2279586791992 -5.1426305770874 71.1942291259766
-14.0416069030762 -5.1426305770874 80.3805770874023
3.23498041771534E-15 1 0
-13.3854389190674 -5.1426305770874 71.1942291259766
-14.0416069030762 -5.1426305770874 71.1942291259766
-14.0416069030762 -5.1426305770874 80.3805770874023
3.23498041771534E-15 1 0
-13.3854389190674 -5.1426305770874 80.3805770874023
-6.16759157180786 -5.1426305770874 80.3805770874023
-13.3854389190674 -5.1426305770874 71.1942291259766
3.23498041771534E-15 1 0
-23.2279586791992 -5.1426305770874 80.3805770874023
-14.0416069030762 -5.1426305770874 80.3805770874023
-23.2279586791992 -5.1426305770874 71.1942291259766
3.23498041771534E-15 1 0
-13.3854389190674 -5.1426305770874 80.3805770874023
-13.3854389190674 -5.1426305770874 71.1942291259766
-14.0416069030762 -5.1426305770874 80.3805770874023
3.23498041771534E-15 1 0
-6.16759157180786 -5.1426305770874 71.1942291259766
-6.16759157180786 -5.1426305770874 80.3805770874023
-5.51142358779907 -5.1426305770874 71.1942291259766
3.23498041771534E-15 1 0
-23.2279586791992 -5.79879856109619 71.1942291259766
-14.0416069030762 -5.1426305770874 71.1942291259766
-13.3854389190674 -5.1426305770874 71.1942291259766
0 0 -1
-14.0416069030762 -5.1426305770874 71.1942291259766
-23.2279586791992 -5.79879856109619 71.1942291259766
-23.2279586791992 -5.1426305770874 71.1942291259766
0 0 -1
-2.88675165176392 -5.1426305770874 71.1942291259766
-2.55866765975952 -5.79879856109619 71.1942291259766
-2.88675165176392 -5.79879856109619 71.1942291259766
0 0 -1
-13.3854389190674 -5.1426305770874 71.1942291259766
-2.88675165176392 -5.79879856109619 71.1942291259766
-23.2279586791992 -5.79879856109619 71.1942291259766
0 0 -1
-6.16759157180786 -5.1426305770874 71.1942291259766
-2.88675165176392 -5.79879856109619 71.1942291259766
-13.3854389190674 -5.1426305770874 71.1942291259766
0 0 -1
-5.51142358779907 -5.1426305770874 71.1942291259766
-3.21483564376831 -5.1426305770874 71.1942291259766
-2.88675165176392 -5.79879856109619 71.1942291259766
0 0 -1
-2.55866765975952 -5.1426305770874 71.1942291259766
-2.55866765975952 -5.79879856109619 71.1942291259766
-2.88675165176392 -5.1426305770874 71.1942291259766
0 0 -1
-2.88675165176392 -5.79879856109619 71.1942291259766
-3.21483564376831 -5.1426305770874 71.1942291259766
-2.88675165176392 -5.1426305770874 71.1942291259766
0 0 -1
-6.16759157180786 -5.1426305770874 71.1942291259766
-5.51142358779907 -5.1426305770874 71.1942291259766
-2.88675165176392 -5.79879856109619 71.1942291259766
0 0 -1
-2.55866765975952 -5.79879856109619 80.3805770874023
-13.3854389190674 -5.1426305770874 80.3805770874023
-23.2279586791992 -5.79879856109619 80.3805770874023
0 0 1
-13.3854389190674 -5.1426305770874 80.3805770874023
-2.55866765975952 -5.79879856109619 80.3805770874023
-6.16759157180786 -5.1426305770874 80.3805770874023
0 0 1
-23.2279586791992 -5.79879856109619 80.3805770874023
-14.0416069030762 -5.1426305770874 80.3805770874023
-23.2279586791992 -5.1426305770874 80.3805770874023
0 0 1
-14.0416069030762 -5.1426305770874 80.3805770874023
-23.2279586791992 -5.79879856109619 80.3805770874023
-13.3854389190674 -5.1426305770874 80.3805770874023
0 0 1
-5.51142358779907 -5.1426305770874 80.3805770874023
-2.55866765975952 -5.79879856109619 80.3805770874023
-3.21483564376831 -5.1426305770874 80.3805770874023
0 0 1
-6.16759157180786 -5.1426305770874 80.3805770874023
-2.55866765975952 -5.79879856109619 80.3805770874023
-5.51142358779907 -5.1426305770874 80.3805770874023
0 0 1
-3.21483564376831 -5.1426305770874 80.3805770874023
-2.55866765975952 -5.79879856109619 80.3805770874023
-2.55866765975952 -5.1426305770874 80.3805770874023
0 0 1
-23.2279586791992 -5.79879856109619 80.3805770874023
-23.2279586791992 -5.1426305770874 80.3805770874023
-23.2279586791992 -5.1426305770874 71.1942291259766
-1 1.57190389736868E-15 0
-23.2279586791992 -5.1426305770874 71.1942291259766
-23.2279586791992 -5.79879856109619 71.1942291259766
-23.2279586791992 -5.79879856109619 80.3805770874023
-1 1.57190389736868E-15 0
-2.55866765975952 -5.79879856109619 71.1942291259766
-2.55866765975952 -5.1426305770874 71.1942291259766
-2.55866765975952 -5.1426305770874 80.3805770874023
1 -1.60541347657614E-15 0
-2.55866765975952 -5.1426305770874 80.3805770874023
-2.55866765975952 -5.79879856109619 80.3805770874023
-2.55866765975952 -5.79879856109619 71.1942291259766
1 -1.60541347657614E-15 0
-2.55866765975952 -2.35391664505005 80.3805770874023
-2.55866765975952 5.35605716705322 71.1942291259766
-2.55866765975952 5.35605716705322 78.0839920043945
1 -1.60541347657614E-15 0
-2.55866765975952 5.35605716705322 71.1942291259766
-2.55866765975952 -2.35391664505005 80.3805770874023
-2.55866765975952 -5.1426305770874 71.1942291259766
1 -1.60541347657614E-15 0
-2.55866765975952 -5.1426305770874 71.1942291259766
-2.55866765975952 -2.68200063705444 80.3805770874023
-2.55866765975952 -5.1426305770874 80.3805770874023
1 -1.60541347657614E-15 0
-2.55866765975952 -2.68200063705444 80.3805770874023
-2.55866765975952 -5.1426305770874 71.1942291259766
-2.55866765975952 -2.35391664505005 80.3805770874023
1 -1.60541347657614E-15 0
-2.55866765975952 5.35605716705322 78.0839920043945
-2.55866765975952 8.96498107910156 80.3805770874023
-2.55866765975952 -2.35391664505005 80.3805770874023
1 -1.60541347657614E-15 0
-2.55866765975952 8.30881309509277 71.1942291259766
-2.55866765975952 8.96498107910156 71.1942291259766
-2.55866765975952 8.30881309509277 78.0839920043945
1 -1.60541347657614E-15 0
-2.55866765975952 8.30881309509277 78.0839920043945
-2.55866765975952 8.96498107910156 80.3805770874023
-2.55866765975952 5.35605716705322 78.0839920043945
1 -1.60541347657614E-15 0
-2.55866765975952 8.96498107910156 80.3805770874023
-2.55866765975952 8.30881309509277 78.0839920043945
-2.55866765975952 8.96498107910156 71.1942291259766
1 -1.60541347657614E-15 0
-3.21483564376831 8.30881309509277 78.0839920043945
-3.21483564376831 8.96498107910156 71.1942291259766
-3.21483564376831 8.30881309509277 71.1942291259766
-1 1.60541347657614E-15 0
-3.21483564376831 8.96498107910156 80.3805770874023
-3.21483564376831 8.30881309509277 78.0839920043945
-3.21483564376831 8.30881309509277 80.3805770874023
-1 1.60541347657614E-15 0
-3.21483564376831 8.30881309509277 78.0839920043945
-3.21483564376831 8.96498107910156 80.3805770874023
-3.21483564376831 8.96498107910156 71.1942291259766
-1 1.60541347657614E-15 0
-3.21483564376831 5.35605716705322 78.0839920043945
-3.21483564376831 8.30881309509277 80.3805770874023
-3.21483564376831 8.30881309509277 78.0839920043945
-1 1.60541347657614E-15 0
-3.21483564376831 2.07521724700928 71.1942291259766
-3.21483564376831 -5.1426305770874 71.1942291259766
-3.21483564376831 -5.1426305770874 80.3805770874023
-1 1.60541347657614E-15 0
-3.21483564376831 2.56734323501587 71.1942291259766
-3.21483564376831 2.07521724700928 71.1942291259766
-3.21483564376831 5.35605716705322 78.0839920043945
-1 1.60541347657614E-15 0
-3.21483564376831 5.35605716705322 78.0839920043945
-3.21483564376831 2.56734323501587 80.3805770874023
-3.21483564376831 8.30881309509277 80.3805770874023
-1 1.60541347657614E-15 0
-3.21483564376831 2.56734323501587 80.3805770874023
-3.21483564376831 5.35605716705322 78.0839920043945
-3.21483564376831 2.07521724700928 80.3805770874023
-1 1.60541347657614E-15 0
-3.21483564376831 2.07521724700928 80.3805770874023
-3.21483564376831 5.35605716705322 78.0839920043945
-3.21483564376831 2.07521724700928 71.1942291259766
-1 1.60541347657614E-15 0
-3.21483564376831 2.07521724700928 71.1942291259766
-3.21483564376831 -5.1426305770874 80.3805770874023
-3.21483564376831 2.07521724700928 80.3805770874023
-1 1.60541347657614E-15 0
-3.21483564376831 2.56734323501587 71.1942291259766
-3.21483564376831 5.35605716705322 78.0839920043945
-3.21483564376831 5.35605716705322 71.1942291259766
-1 1.60541347657614E-15 0
-2.55866765975952 8.96498107910156 71.1942291259766
-2.55866765975952 8.30881309509277 71.1942291259766
-3.21483564376831 8.30881309509277 71.1942291259766
0 0 -1
-3.21483564376831 8.30881309509277 71.1942291259766
-3.21483564376831 8.96498107910156 71.1942291259766
-2.55866765975952 8.96498107910156 71.1942291259766
0 0 -1
-2.55866765975952 -5.1426305770874 71.1942291259766
-3.21483564376831 2.07521724700928 71.1942291259766
-2.55866765975952 5.35605716705322 71.1942291259766
0 0 -1
-3.21483564376831 2.07521724700928 71.1942291259766
-2.55866765975952 -5.1426305770874 71.1942291259766
-3.21483564376831 -5.1426305770874 71.1942291259766
0 0 -1
-2.55866765975952 5.35605716705322 71.1942291259766
-3.21483564376831 2.07521724700928 71.1942291259766
-3.21483564376831 2.56734323501587 71.1942291259766
0 0 -1
-3.21483564376831 2.56734323501587 71.1942291259766
-3.21483564376831 5.35605716705322 71.1942291259766
-2.55866765975952 5.35605716705322 71.1942291259766
0 0 -1
-2.55866765975952 -2.35391664505005 80.3805770874023
-2.55866765975952 8.96498107910156 80.3805770874023
-3.21483564376831 2.56734323501587 80.3805770874023
0 0 1
-3.21483564376831 -5.1426305770874 80.3805770874023
-2.55866765975952 -5.1426305770874 80.3805770874023
-2.55866765975952 -2.68200063705444 80.3805770874023
0 0 1
-2.55866765975952 -2.68200063705444 80.3805770874023
-2.55866765975952 -2.35391664505005 80.3805770874023
-3.21483564376831 -5.1426305770874 80.3805770874023
0 0 1
-3.21483564376831 2.56734323501587 80.3805770874023
-2.55866765975952 8.96498107910156 80.3805770874023
-3.21483564376831 8.30881309509277 80.3805770874023
0 0 1
-3.21483564376831 2.07521724700928 80.3805770874023
-2.55866765975952 -2.35391664505005 80.3805770874023
-3.21483564376831 2.56734323501587 80.3805770874023
0 0 1
-3.21483564376831 2.07521724700928 80.3805770874023
-3.21483564376831 -5.1426305770874 80.3805770874023
-2.55866765975952 -2.35391664505005 80.3805770874023
0 0 1
-3.21483564376831 8.30881309509277 80.3805770874023
-2.55866765975952 8.96498107910156 80.3805770874023
-3.21483564376831 8.96498107910156 80.3805770874023
0 0 1
-2.55866765975952 8.96498107910156 71.1942291259766
-3.21483564376831 8.96498107910156 71.1942291259766
-3.21483564376831 8.96498107910156 80.3805770874023
3.24860138789559E-15 1 0
-3.21483564376831 8.96498107910156 80.3805770874023
-2.55866765975952 8.96498107910156 80.3805770874023
-2.55866765975952 8.96498107910156 71.1942291259766
3.24860138789559E-15 1 0
-2.55866765975952 -5.1426305770874 80.3805770874023
-3.21483564376831 -5.1426305770874 80.3805770874023
-3.21483564376831 -5.1426305770874 71.1942291259766
-3.23498041771534E-15 -1 0
-3.21483564376831 -5.1426305770874 71.1942291259766
-2.55866765975952 -5.1426305770874 71.1942291259766
-2.55866765975952 -5.1426305770874 80.3805770874023
-3.23498041771534E-15 -1 0
-2.55866765975952 5.35605716705322 78.0839920043945
-2.55866765975952 5.35605716705322 71.1942291259766
-3.21483564376831 5.35605716705322 71.1942291259766
1.59872115546023E-15 1 0
-3.21483564376831 5.35605716705322 71.1942291259766
-3.21483564376831 5.35605716705322 78.0839920043945
-2.55866765975952 5.35605716705322 78.0839920043945
1.59872115546023E-15 1 0
-3.21483564376831 5.35605716705322 78.0839920043945
-3.21483564376831 8.30881309509277 78.0839920043945
-2.55866765975952 8.30881309509277 78.0839920043945
0 0 -1
-2.55866765975952 8.30881309509277 78.0839920043945
-2.55866765975952 5.35605716705322 78.0839920043945
-3.21483564376831 5.35605716705322 78.0839920043945
0 0 -1
-3.21483564376831 8.30881309509277 78.0839920043945
-3.21483564376831 8.30881309509277 71.1942291259766
-2.55866765975952 8.30881309509277 71.1942291259766
-1.59872115546023E-15 -1 0
-2.55866765975952 8.30881309509277 71.1942291259766
-2.55866765975952 8.30881309509277 78.0839920043945
-3.21483564376831 8.30881309509277 78.0839920043945
-1.59872115546023E-15 -1 0
-13.3854389190674 8.96498107910156 71.1942291259766
-13.3854389190674 8.96498107910156 80.3805770874023
-3.21483564376831 8.96498107910156 80.3805770874023
3.24860138789559E-15 1 0
-3.21483564376831 8.96498107910156 80.3805770874023
-3.21483564376831 8.96498107910156 71.1942291259766
-13.3854389190674 8.96498107910156 71.1942291259766
3.24860138789559E-15 1 0
-13.3854389190674 8.30881309509277 80.3805770874023
-13.3854389190674 8.30881309509277 71.1942291259766
-3.21483564376831 8.30881309509277 78.0839920043945
-3.24860138789559E-15 -1 0
-3.21483564376831 8.30881309509277 71.1942291259766
-3.21483564376831 8.30881309509277 78.0839920043945
-13.3854389190674 8.30881309509277 71.1942291259766
-3.24860138789559E-15 -1 0
-3.21483564376831 8.30881309509277 78.0839920043945
-3.21483564376831 8.30881309509277 80.3805770874023
-13.3854389190674 8.30881309509277 80.3805770874023
-3.24860138789559E-15 -1 0
-3.21483564376831 8.96498107910156 71.1942291259766
-3.21483564376831 8.30881309509277 71.1942291259766
-13.3854389190674 8.30881309509277 71.1942291259766
0 0 -1
-13.3854389190674 8.30881309509277 71.1942291259766
-13.3854389190674 8.96498107910156 71.1942291259766
-3.21483564376831 8.96498107910156 71.1942291259766
0 0 -1
-13.3854389190674 8.96498107910156 80.3805770874023
-13.3854389190674 8.30881309509277 80.3805770874023
-3.21483564376831 8.30881309509277 80.3805770874023
0 0 1
-3.21483564376831 8.30881309509277 80.3805770874023
-3.21483564376831 8.96498107910156 80.3805770874023
-13.3854389190674 8.96498107910156 80.3805770874023
0 0 1
-3.21483564376831 8.30881309509277 78.0839920043945
-3.21483564376831 8.96498107910156 71.1942291259766
-3.21483564376831 8.96498107910156 80.3805770874023
1 -1.60541347657614E-15 0
-3.21483564376831 8.96498107910156 71.1942291259766
-3.21483564376831 8.30881309509277 78.0839920043945
-3.21483564376831 8.30881309509277 71.1942291259766
1 -1.60541347657614E-15 0
-3.21483564376831 8.96498107910156 80.3805770874023
-3.21483564376831 8.30881309509277 80.3805770874023
-3.21483564376831 8.30881309509277 78.0839920043945
1 -1.60541347657614E-15 0
-13.3854389190674 8.96498107910156 71.1942291259766
-13.3854389190674 8.30881309509277 71.1942291259766
-13.3854389190674 8.30881309509277 80.3805770874023
-1 1.59245166073298E-15 0
-13.3854389190674 8.30881309509277 80.3805770874023
-13.3854389190674 8.96498107910156 80.3805770874023
-13.3854389190674 8.96498107910156 71.1942291259766
-1 1.59245166073298E-15 0
-13.3854389190674 -5.1426305770874 71.1942291259766
-13.3854389190674 8.30881309509277 71.1942291259766
-13.3854389190674 -5.1426305770874 80.3805770874023
1 -1.59245166073298E-15 0
-13.3854389190674 8.30881309509277 80.3805770874023
-13.3854389190674 -5.1426305770874 80.3805770874023
-13.3854389190674 8.30881309509277 71.1942291259766
1 -1.59245166073298E-15 0
-13.3854389190674 8.30881309509277 71.1942291259766
-13.3854389190674 8.96498107910156 71.1942291259766
-13.3854389190674 8.30881309509277 80.3805770874023
1 -1.59245166073298E-15 0
-13.3854389190674 8.96498107910156 71.1942291259766
-13.3854389190674 14.5424089431763 71.1942291259766
-13.3854389190674 8.96498107910156 80.3805770874023
1 -1.59245166073298E-15 0
-13.3854389190674 14.5424089431763 80.3805770874023
-13.3854389190674 8.96498107910156 80.3805770874023
-13.3854389190674 14.5424089431763 71.1942291259766
1 -1.59245166073298E-15 0
-13.3854389190674 8.96498107910156 71.1942291259766
-13.3854389190674 8.96498107910156 80.3805770874023
-13.3854389190674 8.30881309509277 80.3805770874023
1 -1.59245166073298E-15 0
-14.0416069030762 14.5424089431763 80.3805770874023
-14.0416069030762 14.5424089431763 71.1942291259766
-14.0416069030762 13.8862409591675 80.3805770874023
-1 1.59245166073298E-15 0
-14.0416069030762 13.8862409591675 80.3805770874023
-14.0416069030762 14.5424089431763 71.1942291259766
-14.0416069030762 13.8862409591675 71.1942291259766
-1 1.59245166073298E-15 0
-14.0416069030762 13.8862409591675 71.1942291259766
-14.0416069030762 -5.1426305770874 71.1942291259766
-14.0416069030762 -5.1426305770874 80.3805770874023
-1 1.59245166073298E-15 0
-14.0416069030762 13.8862409591675 71.1942291259766
-14.0416069030762 -5.1426305770874 80.3805770874023
-14.0416069030762 13.8862409591675 80.3805770874023
-1 1.59245166073298E-15 0
-13.3854389190674 14.5424089431763 71.1942291259766
-13.3854389190674 8.96498107910156 71.1942291259766
-14.0416069030762 13.8862409591675 71.1942291259766
0 0 -1
-13.3854389190674 8.30881309509277 71.1942291259766
-14.0416069030762 -5.1426305770874 71.1942291259766
-14.0416069030762 13.8862409591675 71.1942291259766
0 0 -1
-14.0416069030762 -5.1426305770874 71.1942291259766
-13.3854389190674 8.30881309509277 71.1942291259766
-13.3854389190674 -5.1426305770874 71.1942291259766
0 0 -1
-14.0416069030762 14.5424089431763 71.1942291259766
-13.3854389190674 14.5424089431763 71.1942291259766
-14.0416069030762 13.8862409591675 71.1942291259766
0 0 -1
-14.0416069030762 13.8862409591675 71.1942291259766
-13.3854389190674 8.96498107910156 71.1942291259766
-13.3854389190674 8.30881309509277 71.1942291259766
0 0 -1
-13.3854389190674 8.96498107910156 80.3805770874023
-13.3854389190674 14.5424089431763 80.3805770874023
-14.0416069030762 13.8862409591675 80.3805770874023
0 0 1
-14.0416069030762 13.8862409591675 80.3805770874023
-13.3854389190674 8.30881309509277 80.3805770874023
-13.3854389190674 8.96498107910156 80.3805770874023
0 0 1
-13.3854389190674 8.30881309509277 80.3805770874023
-14.0416069030762 -5.1426305770874 80.3805770874023
-13.3854389190674 -5.1426305770874 80.3805770874023
0 0 1
-14.0416069030762 -5.1426305770874 80.3805770874023
-13.3854389190674 8.30881309509277 80.3805770874023
-14.0416069030762 13.8862409591675 80.3805770874023
0 0 1
-14.0416069030762 13.8862409591675 80.3805770874023
-13.3854389190674 14.5424089431763 80.3805770874023
-14.0416069030762 14.5424089431763 80.3805770874023
0 0 1
-13.3854389190674 14.5424089431763 71.1942291259766
-14.0416069030762 14.5424089431763 71.1942291259766
-14.0416069030762 14.5424089431763 80.3805770874023
3.24860138789476E-15 1 0
-14.0416069030762 14.5424089431763 80.3805770874023
-13.3854389190674 14.5424089431763 80.3805770874023
-13.3854389190674 14.5424089431763 71.1942291259766
3.24860138789476E-15 1 0
-13.3854389190674 -5.1426305770874 80.3805770874023
-14.0416069030762 -5.1426305770874 80.3805770874023
-14.0416069030762 -5.1426305770874 71.1942291259766
-3.23498041771534E-15 -1 0
-14.0416069030762 -5.1426305770874 71.1942291259766
-13.3854389190674 -5.1426305770874 71.1942291259766
-13.3854389190674 -5.1426305770874 80.3805770874023
-3.23498041771534E-15 -1 0
-23.2279586791992 14.5424089431763 71.1942291259766
-23.2279586791992 14.5424089431763 80.3805770874023
-14.0416069030762 14.5424089431763 80.3805770874023
3.24860138789476E-15 1 0
-14.0416069030762 14.5424089431763 80.3805770874023
-14.0416069030762 14.5424089431763 71.1942291259766
-23.2279586791992 14.5424089431763 71.1942291259766
3.24860138789476E-15 1 0
-14.0416069030762 13.8862409591675 80.3805770874023
-23.2279586791992 13.8862409591675 80.3805770874023
-23.2279586791992 13.8862409591675 71.1942291259766
-3.24860138789476E-15 -1 0
-23.2279586791992 13.8862409591675 71.1942291259766
-14.0416069030762 13.8862409591675 71.1942291259766
-14.0416069030762 13.8862409591675 80.3805770874023
-3.24860138789476E-15 -1 0
-14.0416069030762 14.5424089431763 71.1942291259766
-14.0416069030762 13.8862409591675 71.1942291259766
-23.2279586791992 13.8862409591675 71.1942291259766
0 0 -1
-23.2279586791992 13.8862409591675 71.1942291259766
-23.2279586791992 14.5424089431763 71.1942291259766
-14.0416069030762 14.5424089431763 71.1942291259766
0 0 -1
-23.2279586791992 14.5424089431763 80.3805770874023
-23.2279586791992 13.8862409591675 80.3805770874023
-14.0416069030762 13.8862409591675 80.3805770874023
0 0 1
-14.0416069030762 13.8862409591675 80.3805770874023
-14.0416069030762 14.5424089431763 80.3805770874023
-23.2279586791992 14.5424089431763 80.3805770874023
0 0 1
-14.0416069030762 14.5424089431763 80.3805770874023
-14.0416069030762 13.8862409591675 80.3805770874023
-14.0416069030762 13.8862409591675 71.1942291259766
1 -1.59245166073298E-15 0
-14.0416069030762 13.8862409591675 71.1942291259766
-14.0416069030762 14.5424089431763 71.1942291259766
-14.0416069030762 14.5424089431763 80.3805770874023
1 -1.59245166073298E-15 0
-23.2279586791992 14.5424089431763 71.1942291259766
-23.2279586791992 13.8862409591675 71.1942291259766
-23.2279586791992 13.8862409591675 80.3805770874023
-1 1.57190389736868E-15 0
-23.2279586791992 13.8862409591675 80.3805770874023
-23.2279586791992 14.5424089431763 80.3805770874023
-23.2279586791992 14.5424089431763 71.1942291259766
-1 1.57190389736868E-15 0
2.034508228302 -5.79879856109619 69.8818893432617
2.034508228302 -5.79879856109619 65.2887115478516
2.1985502243042 -5.79879856109619 69.8818893432617
-3.23219431017859E-15 -1 0
2.1985502243042 -5.79879856109619 69.8818893432617
6.79172611236572 -5.79879856109619 65.2887115478516
6.79172611236572 -5.79879856109619 69.8818893432617
-3.23219431017859E-15 -1 0
6.79172611236572 -5.79879856109619 65.2887115478516
2.1985502243042 -5.79879856109619 69.8818893432617
2.034508228302 -5.79879856109619 65.2887115478516
-3.23219431017859E-15 -1 0
6.79172611236572 -5.1426305770874 69.8818893432617
6.79172611236572 -5.1426305770874 65.2887115478516
2.1985502243042 -5.1426305770874 65.2887115478516
3.23219431017859E-15 1 0
6.79172611236572 -5.1426305770874 69.8818893432617
2.1985502243042 -5.1426305770874 65.2887115478516
2.1985502243042 -5.1426305770874 69.8818893432617
3.23219431017859E-15 1 0
2.1985502243042 -5.1426305770874 69.8818893432617
2.034508228302 -5.1426305770874 65.2887115478516
2.034508228302 -5.1426305770874 69.8818893432617
3.23219431017859E-15 1 0
2.034508228302 -5.1426305770874 65.2887115478516
2.1985502243042 -5.1426305770874 69.8818893432617
2.1985502243042 -5.1426305770874 65.2887115478516
3.23219431017859E-15 1 0
6.79172611236572 -5.79879856109619 65.2887115478516
2.034508228302 -5.79879856109619 65.2887115478516
2.1985502243042 -5.1426305770874 65.2887115478516
0 0 -1
2.034508228302 -5.1426305770874 65.2887115478516
2.1985502243042 -5.1426305770874 65.2887115478516
2.034508228302 -5.79879856109619 65.2887115478516
0 0 -1
2.1985502243042 -5.1426305770874 65.2887115478516
6.79172611236572 -5.1426305770874 65.2887115478516
6.79172611236572 -5.79879856109619 65.2887115478516
0 0 -1
6.79172611236572 -5.79879856109619 65.2887115478516
6.79172611236572 -5.1426305770874 65.2887115478516
6.79172611236572 -5.1426305770874 69.8818893432617
1 0 0
6.79172611236572 -5.1426305770874 69.8818893432617
6.79172611236572 -5.79879856109619 69.8818893432617
6.79172611236572 -5.79879856109619 65.2887115478516
1 0 0
2.1985502243042 -5.79879856109619 69.8818893432617
6.79172611236572 -5.79879856109619 69.8818893432617
6.79172611236572 -5.1426305770874 69.8818893432617
0 0 1
2.034508228302 -5.79879856109619 69.8818893432617
2.1985502243042 -5.79879856109619 69.8818893432617
2.1985502243042 -5.1426305770874 69.8818893432617
0 0 1
6.79172611236572 -5.1426305770874 69.8818893432617
2.1985502243042 -5.1426305770874 69.8818893432617
2.1985502243042 -5.79879856109619 69.8818893432617
0 0 1
2.1985502243042 -5.1426305770874 69.8818893432617
2.034508228302 -5.1426305770874 69.8818893432617
2.034508228302 -5.79879856109619 69.8818893432617
0 0 1
2.034508228302 -5.79879856109619 69.8818893432617
2.034508228302 -5.1426305770874 69.8818893432617
2.034508228302 -5.1426305770874 65.2887115478516
-1 0 0
2.034508228302 -5.1426305770874 65.2887115478516
2.034508228302 -5.79879856109619 65.2887115478516
2.034508228302 -5.79879856109619 69.8818893432617
-1 0 0
-2.88675165176392 -5.79879856109619 71.1942291259766
-2.88675165176392 -5.79879856109619 65.2887115478516
-2.55866765975952 -5.79879856109619 71.1942291259766
-3.23219431017859E-15 -1 0
-2.55866765975952 -5.79879856109619 80.3805770874023
-2.55866765975952 -5.79879856109619 71.1942291259766
2.1985502243042 -5.79879856109619 80.3805770874023
-3.23219431017859E-15 -1 0
-2.88675165176392 -5.79879856109619 65.2887115478516
2.034508228302 -5.79879856109619 69.8818893432617
-2.55866765975952 -5.79879856109619 71.1942291259766
-3.23219431017859E-15 -1 0
2.034508228302 -5.79879856109619 69.8818893432617
2.1985502243042 -5.79879856109619 80.3805770874023
-2.55866765975952 -5.79879856109619 71.1942291259766
-3.23219431017859E-15 -1 0
2.1985502243042 -5.79879856109619 80.3805770874023
2.034508228302 -5.79879856109619 69.8818893432617
2.1985502243042 -5.79879856109619 69.8818893432617
-3.23219431017859E-15 -1 0
2.034508228302 -5.79879856109619 65.2887115478516
2.034508228302 -5.79879856109619 69.8818893432617
-2.88675165176392 -5.79879856109619 65.2887115478516
-3.23219431017859E-15 -1 0
2.1985502243042 -5.1426305770874 80.3805770874023
2.034508228302 -5.1426305770874 69.8818893432617
1.8704662322998 -5.1426305770874 80.3805770874023
3.23219431017859E-15 1 0
2.034508228302 -5.1426305770874 69.8818893432617
2.1985502243042 -5.1426305770874 80.3805770874023
2.1985502243042 -5.1426305770874 69.8818893432617
3.23219431017859E-15 1 0
-2.55866765975952 -5.1426305770874 71.1942291259766
1.8704662322998 -5.1426305770874 80.3805770874023
2.034508228302 -5.1426305770874 69.8818893432617
3.23219431017859E-15 1 0
2.034508228302 -5.1426305770874 69.8818893432617
2.034508228302 -5.1426305770874 65.2887115478516
1.8704662322998 -5.1426305770874 65.2887115478516
3.23219431017859E-15 1 0
-2.55866765975952 -5.1426305770874 65.2887115478516
-2.88675165176392 -5.1426305770874 65.2887115478516
-2.88675165176392 -5.1426305770874 71.1942291259766
3.23219431017859E-15 1 0
-2.55866765975952 -5.1426305770874 65.2887115478516
-2.55866765975952 -5.1426305770874 71.1942291259766
2.034508228302 -5.1426305770874 69.8818893432617
3.23219431017859E-15 1 0
-2.88675165176392 -5.1426305770874 71.1942291259766
-2.55866765975952 -5.1426305770874 71.1942291259766
-2.55866765975952 -5.1426305770874 65.2887115478516
3.23219431017859E-15 1 0
-2.55866765975952 -5.1426305770874 80.3805770874023
1.8704662322998 -5.1426305770874 80.3805770874023
-2.55866765975952 -5.1426305770874 71.1942291259766
3.23219431017859E-15 1 0
2.034508228302 -5.1426305770874 69.8818893432617
1.8704662322998 -5.1426305770874 65.2887115478516
-2.55866765975952 -5.1426305770874 65.2887115478516
3.23219431017859E-15 1 0
2.034508228302 -5.79879856109619 65.2887115478516
-2.88675165176392 -5.79879856109619 65.2887115478516
-2.55866765975952 -5.1426305770874 65.2887115478516
0 0 -1
-2.55866765975952 -5.1426305770874 65.2887115478516
-2.88675165176392 -5.79879856109619 65.2887115478516
-2.88675165176392 -5.1426305770874 65.2887115478516
0 0 -1
2.034508228302 -5.79879856109619 65.2887115478516
-2.55866765975952 -5.1426305770874 65.2887115478516
1.8704662322998 -5.1426305770874 65.2887115478516
0 0 -1
1.8704662322998 -5.1426305770874 65.2887115478516
2.034508228302 -5.1426305770874 65.2887115478516
2.034508228302 -5.79879856109619 65.2887115478516
0 0 -1
-2.55866765975952 -5.79879856109619 80.3805770874023
2.1985502243042 -5.79879856109619 80.3805770874023
1.8704662322998 -5.1426305770874 80.3805770874023
0 0 1
2.1985502243042 -5.1426305770874 80.3805770874023
1.8704662322998 -5.1426305770874 80.3805770874023
2.1985502243042 -5.79879856109619 80.3805770874023
0 0 1
1.8704662322998 -5.1426305770874 80.3805770874023
-2.55866765975952 -5.1426305770874 80.3805770874023
-2.55866765975952 -5.79879856109619 80.3805770874023
0 0 1
2.034508228302 -5.79879856109619 65.2887115478516
2.034508228302 -5.1426305770874 65.2887115478516
2.034508228302 -5.1426305770874 69.8818893432617
1 0 0
2.034508228302 -5.1426305770874 69.8818893432617
2.034508228302 -5.79879856109619 69.8818893432617
2.034508228302 -5.79879856109619 65.2887115478516
1 0 0
2.1985502243042 -5.79879856109619 69.8818893432617
2.034508228302 -5.79879856109619 69.8818893432617
2.034508228302 -5.1426305770874 69.8818893432617
0 0 -1
2.034508228302 -5.1426305770874 69.8818893432617
2.1985502243042 -5.1426305770874 69.8818893432617
2.1985502243042 -5.79879856109619 69.8818893432617
0 0 -1
2.1985502243042 -5.79879856109619 69.8818893432617
2.1985502243042 -5.1426305770874 69.8818893432617
2.1985502243042 -5.1426305770874 80.3805770874023
1 -1.59245166073347E-15 0
2.1985502243042 -5.1426305770874 80.3805770874023
2.1985502243042 -5.79879856109619 80.3805770874023
2.1985502243042 -5.79879856109619 69.8818893432617
1 -1.59245166073347E-15 0
-2.88675165176392 -5.79879856109619 71.1942291259766
-2.88675165176392 -5.1426305770874 71.1942291259766
-2.88675165176392 -5.1426305770874 65.2887115478516
-1 0 0
-2.88675165176392 -5.1426305770874 65.2887115478516
-2.88675165176392 -5.79879856109619 65.2887115478516
-2.88675165176392 -5.79879856109619 71.1942291259766
-1 0 0
-2.55866765975952 -5.1426305770874 71.1942291259766
-2.88675165176392 -5.1426305770874 71.1942291259766
-2.88675165176392 -5.79879856109619 71.1942291259766
0 0 1
-2.88675165176392 -5.79879856109619 71.1942291259766
-2.55866765975952 -5.79879856109619 71.1942291259766
-2.55866765975952 -5.1426305770874 71.1942291259766
0 0 1
-2.55866765975952 -5.79879856109619 80.3805770874023
-2.55866765975952 -5.1426305770874 80.3805770874023
-2.55866765975952 -5.1426305770874 71.1942291259766
-1 1.60541347657614E-15 0
-2.55866765975952 -5.1426305770874 71.1942291259766
-2.55866765975952 -5.79879856109619 71.1942291259766
-2.55866765975952 -5.79879856109619 80.3805770874023
-1 1.60541347657614E-15 0
-23.884126663208 -5.1426305770874 65.2887115478516
-23.884126663208 -5.1426305770874 71.1942291259766
-23.884126663208 0.434797197580338 71.1942291259766
-1 1.57190389736868E-15 0
-23.884126663208 0.434797197580338 71.1942291259766
-23.884126663208 0.434797197580338 65.2887115478516
-23.884126663208 -5.1426305770874 65.2887115478516
-1 1.57190389736868E-15 0
-23.2279586791992 0.434797197580338 71.1942291259766
-23.2279586791992 -5.1426305770874 71.1942291259766
-23.2279586791992 -5.1426305770874 65.2887115478516
1 -1.57190389736868E-15 0
-23.2279586791992 -5.1426305770874 65.2887115478516
-23.2279586791992 0.434797197580338 65.2887115478516
-23.2279586791992 0.434797197580338 71.1942291259766
1 -1.57190389736868E-15 0
-23.884126663208 0.434797197580338 65.2887115478516
-23.2279586791992 0.434797197580338 65.2887115478516
-23.2279586791992 -5.1426305770874 65.2887115478516
0 0 -1
-23.2279586791992 -5.1426305770874 65.2887115478516
-23.884126663208 -5.1426305770874 65.2887115478516
-23.884126663208 0.434797197580338 65.2887115478516
0 0 -1
-23.884126663208 -5.1426305770874 71.1942291259766
-23.2279586791992 -5.1426305770874 71.1942291259766
-23.2279586791992 0.434797197580338 71.1942291259766
0 0 1
-23.2279586791992 0.434797197580338 71.1942291259766
-23.884126663208 0.434797197580338 71.1942291259766
-23.884126663208 -5.1426305770874 71.1942291259766
0 0 1
-23.884126663208 0.434797197580338 71.1942291259766
-23.2279586791992 0.434797197580338 71.1942291259766
-23.2279586791992 0.434797197580338 65.2887115478516
0 1 0
-23.2279586791992 0.434797197580338 65.2887115478516
-23.884126663208 0.434797197580338 65.2887115478516
-23.884126663208 0.434797197580338 71.1942291259766
0 1 0
-23.884126663208 -5.1426305770874 65.2887115478516
-23.2279586791992 -5.1426305770874 65.2887115478516
-23.2279586791992 -5.1426305770874 71.1942291259766
-3.23219431017859E-15 -1 0
-23.2279586791992 -5.1426305770874 71.1942291259766
-23.884126663208 -5.1426305770874 71.1942291259766
-23.884126663208 -5.1426305770874 65.2887115478516
-3.23219431017859E-15 -1 0
-6.16759157180786 2.56734323501587 71.1942291259766
-6.16759157180786 2.56734323501587 80.3805770874023
-3.21483564376831 2.56734323501587 80.3805770874023
3.28727521394301E-15 1 0
-3.21483564376831 2.56734323501587 80.3805770874023
-3.21483564376831 2.56734323501587 71.1942291259766
-6.16759157180786 2.56734323501587 71.1942291259766
3.28727521394301E-15 1 0
-5.51142358779907 2.07521724700928 80.3805770874023
-6.16759157180786 2.07521724700928 80.3805770874023
-5.51142358779907 2.07521724700928 71.1942291259766
-3.28727521394301E-15 -1 0
-5.51142358779907 2.07521724700928 71.1942291259766
-6.16759157180786 2.07521724700928 80.3805770874023
-6.16759157180786 2.07521724700928 71.1942291259766
-3.28727521394301E-15 -1 0
-5.51142358779907 2.07521724700928 71.1942291259766
-3.21483564376831 2.07521724700928 71.1942291259766
-3.21483564376831 2.07521724700928 80.3805770874023
-3.28727521394301E-15 -1 0
-5.51142358779907 2.07521724700928 71.1942291259766
-3.21483564376831 2.07521724700928 80.3805770874023
-5.51142358779907 2.07521724700928 80.3805770874023
-3.28727521394301E-15 -1 0
-6.16759157180786 2.56734323501587 71.1942291259766
-3.21483564376831 2.56734323501587 71.1942291259766
-5.51142358779907 2.07521724700928 71.1942291259766
0 0 -1
-3.21483564376831 2.07521724700928 71.1942291259766
-5.51142358779907 2.07521724700928 71.1942291259766
-3.21483564376831 2.56734323501587 71.1942291259766
0 0 -1
-5.51142358779907 2.07521724700928 71.1942291259766
-6.16759157180786 2.07521724700928 71.1942291259766
-6.16759157180786 2.56734323501587 71.1942291259766
0 0 -1
-3.21483564376831 2.56734323501587 80.3805770874023
-6.16759157180786 2.56734323501587 80.3805770874023
-5.51142358779907 2.07521724700928 80.3805770874023
0 0 1
-6.16759157180786 2.07521724700928 80.3805770874023
-5.51142358779907 2.07521724700928 80.3805770874023
-6.16759157180786 2.56734323501587 80.3805770874023
0 0 1
-5.51142358779907 2.07521724700928 80.3805770874023
-3.21483564376831 2.07521724700928 80.3805770874023
-3.21483564376831 2.56734323501587 80.3805770874023
0 0 1
-3.21483564376831 2.56734323501587 80.3805770874023
-3.21483564376831 2.07521724700928 80.3805770874023
-3.21483564376831 2.07521724700928 71.1942291259766
1 -1.60541347657614E-15 0
-3.21483564376831 2.07521724700928 71.1942291259766
-3.21483564376831 2.56734323501587 71.1942291259766
-3.21483564376831 2.56734323501587 80.3805770874023
1 -1.60541347657614E-15 0
-6.16759157180786 2.56734323501587 71.1942291259766
-6.16759157180786 2.07521724700928 71.1942291259766
-6.16759157180786 2.07521724700928 80.3805770874023
-1 1.59599910514418E-15 0
-6.16759157180786 2.07521724700928 80.3805770874023
-6.16759157180786 2.56734323501587 80.3805770874023
-6.16759157180786 2.56734323501587 71.1942291259766
-1 1.59599910514418E-15 0
-6.16759157180786 -5.1426305770874 71.1942291259766
-6.16759157180786 -5.1426305770874 80.3805770874023
-6.16759157180786 2.07521724700928 80.3805770874023
-1 1.59599910514418E-15 0
-6.16759157180786 2.07521724700928 80.3805770874023
-6.16759157180786 2.07521724700928 71.1942291259766
-6.16759157180786 -5.1426305770874 71.1942291259766
-1 1.59599910514418E-15 0
-5.51142358779907 2.07521724700928 80.3805770874023
-5.51142358779907 -5.1426305770874 80.3805770874023
-5.51142358779907 -5.1426305770874 71.1942291259766
1 -1.59599910514418E-15 0
-5.51142358779907 -5.1426305770874 71.1942291259766
-5.51142358779907 2.07521724700928 71.1942291259766
-5.51142358779907 2.07521724700928 80.3805770874023
1 -1.59599910514418E-15 0
-6.16759157180786 2.07521724700928 71.1942291259766
-5.51142358779907 2.07521724700928 71.1942291259766
-5.51142358779907 -5.1426305770874 71.1942291259766
0 0 -1
-5.51142358779907 -5.1426305770874 71.1942291259766
-6.16759157180786 -5.1426305770874 71.1942291259766
-6.16759157180786 2.07521724700928 71.1942291259766
0 0 -1
-6.16759157180786 -5.1426305770874 80.3805770874023
-5.51142358779907 -5.1426305770874 80.3805770874023
-5.51142358779907 2.07521724700928 80.3805770874023
0 0 1
-5.51142358779907 2.07521724700928 80.3805770874023
-6.16759157180786 2.07521724700928 80.3805770874023
-6.16759157180786 -5.1426305770874 80.3805770874023
0 0 1
-6.16759157180786 2.07521724700928 80.3805770874023
-5.51142358779907 2.07521724700928 80.3805770874023
-5.51142358779907 2.07521724700928 71.1942291259766
3.28727521394301E-15 1 0
-5.51142358779907 2.07521724700928 71.1942291259766
-6.16759157180786 2.07521724700928 71.1942291259766
-6.16759157180786 2.07521724700928 80.3805770874023
3.28727521394301E-15 1 0
-6.16759157180786 -5.1426305770874 71.1942291259766
-5.51142358779907 -5.1426305770874 71.1942291259766
-5.51142358779907 -5.1426305770874 80.3805770874023
-3.23498041771534E-15 -1 0
-5.51142358779907 -5.1426305770874 80.3805770874023
-6.16759157180786 -5.1426305770874 80.3805770874023
-6.16759157180786 -5.1426305770874 71.1942291259766
-3.23498041771534E-15 -1 0
1.8704662322998 -2.68200063705444 80.3805770874023
-2.55866765975952 -2.68200063705444 80.3805770874023
-2.55866765975952 -2.68200063705444 65.2887115478516
-3.2672715108145E-15 -1 0
1.8704662322998 -2.68200063705444 80.3805770874023
-2.55866765975952 -2.68200063705444 65.2887115478516
1.8704662322998 -2.68200063705444 65.2887115478516
-3.2672715108145E-15 -1 0
1.8704662322998 -2.68200063705444 65.2887115478516
2.1985502243042 -2.68200063705444 80.3805770874023
1.8704662322998 -2.68200063705444 80.3805770874023
-3.2672715108145E-15 -1 0
2.1985502243042 -2.68200063705444 80.3805770874023
1.8704662322998 -2.68200063705444 65.2887115478516
2.1985502243042 -2.68200063705444 65.2887115478516
-3.2672715108145E-15 -1 0
-2.55866765975952 -2.35391664505005 80.3805770874023
2.1985502243042 -2.35391664505005 80.3805770874023
2.1985502243042 -2.35391664505005 65.2887115478516
3.2672715108145E-15 1 0
2.1985502243042 -2.35391664505005 65.2887115478516
-2.55866765975952 -2.35391664505005 65.2887115478516
-2.55866765975952 -2.35391664505005 80.3805770874023
3.2672715108145E-15 1 0
1.8704662322998 -2.68200063705444 65.2887115478516
-2.55866765975952 -2.35391664505005 65.2887115478516
2.1985502243042 -2.35391664505005 65.2887115478516
0 0 -1
-2.55866765975952 -2.35391664505005 65.2887115478516
1.8704662322998 -2.68200063705444 65.2887115478516
-2.55866765975952 -2.68200063705444 65.2887115478516
0 0 -1
1.8704662322998 -2.68200063705444 65.2887115478516
2.1985502243042 -2.35391664505005 65.2887115478516
2.1985502243042 -2.68200063705444 65.2887115478516
0 0 -1
1.8704662322998 -2.68200063705444 80.3805770874023
2.1985502243042 -2.35391664505005 80.3805770874023
-2.55866765975952 -2.35391664505005 80.3805770874023
0 0 1
2.1985502243042 -2.35391664505005 80.3805770874023
1.8704662322998 -2.68200063705444 80.3805770874023
2.1985502243042 -2.68200063705444 80.3805770874023
0 0 1
1.8704662322998 -2.68200063705444 80.3805770874023
-2.55866765975952 -2.35391664505005 80.3805770874023
-2.55866765975952 -2.68200063705444 80.3805770874023
0 0 1
2.1985502243042 -2.68200063705444 65.2887115478516
2.1985502243042 -2.35391664505005 65.2887115478516
2.1985502243042 -2.35391664505005 80.3805770874023
1 -1.59245166073347E-15 0
2.1985502243042 -2.35391664505005 80.3805770874023
2.1985502243042 -2.68200063705444 80.3805770874023
2.1985502243042 -2.68200063705444 65.2887115478516
1 -1.59245166073347E-15 0
-2.55866765975952 -2.35391664505005 80.3805770874023
-2.55866765975952 -2.35391664505005 65.2887115478516
-2.55866765975952 -2.68200063705444 65.2887115478516
-1 1.60541347657614E-15 0
-2.55866765975952 -2.68200063705444 65.2887115478516
-2.55866765975952 -2.68200063705444 80.3805770874023
-2.55866765975952 -2.35391664505005 80.3805770874023
-1 1.60541347657614E-15 0
1.8704662322998 -5.1426305770874 65.2887115478516
1.8704662322998 -5.1426305770874 80.3805770874023
1.8704662322998 -2.68200063705444 80.3805770874023
-1 1.59245166073347E-15 0
1.8704662322998 -2.68200063705444 80.3805770874023
1.8704662322998 -2.68200063705444 65.2887115478516
1.8704662322998 -5.1426305770874 65.2887115478516
-1 1.59245166073347E-15 0
2.1985502243042 -5.1426305770874 69.8818893432617
2.1985502243042 -2.68200063705444 65.2887115478516
2.1985502243042 -2.68200063705444 80.3805770874023
1 -1.59245166073347E-15 0
2.1985502243042 -2.68200063705444 65.2887115478516
2.1985502243042 -5.1426305770874 69.8818893432617
2.1985502243042 -5.1426305770874 65.2887115478516
1 -1.59245166073347E-15 0
2.1985502243042 -5.1426305770874 69.8818893432617
2.1985502243042 -2.68200063705444 80.3805770874023
2.1985502243042 -5.1426305770874 80.3805770874023
1 -1.59245166073347E-15 0
1.8704662322998 -5.1426305770874 65.2887115478516
1.8704662322998 -2.68200063705444 65.2887115478516
2.034508228302 -5.1426305770874 65.2887115478516
0 0 -1
2.034508228302 -5.1426305770874 65.2887115478516
2.1985502243042 -2.68200063705444 65.2887115478516
2.1985502243042 -5.1426305770874 65.2887115478516
0 0 -1
2.1985502243042 -2.68200063705444 65.2887115478516
2.034508228302 -5.1426305770874 65.2887115478516
1.8704662322998 -2.68200063705444 65.2887115478516
0 0 -1
1.8704662322998 -5.1426305770874 80.3805770874023
2.1985502243042 -5.1426305770874 80.3805770874023
2.1985502243042 -2.68200063705444 80.3805770874023
0 0 1
2.1985502243042 -2.68200063705444 80.3805770874023
1.8704662322998 -2.68200063705444 80.3805770874023
1.8704662322998 -5.1426305770874 80.3805770874023
0 0 1
1.8704662322998 -2.68200063705444 80.3805770874023
2.1985502243042 -2.68200063705444 80.3805770874023
2.1985502243042 -2.68200063705444 65.2887115478516
3.2672715108145E-15 1 0
2.1985502243042 -2.68200063705444 65.2887115478516
1.8704662322998 -2.68200063705444 65.2887115478516
1.8704662322998 -2.68200063705444 80.3805770874023
3.2672715108145E-15 1 0
2.034508228302 -5.1426305770874 65.2887115478516
2.1985502243042 -5.1426305770874 65.2887115478516
2.1985502243042 -5.1426305770874 69.8818893432617
-3.23219431017859E-15 -1 0
1.8704662322998 -5.1426305770874 80.3805770874023
2.1985502243042 -5.1426305770874 69.8818893432617
2.1985502243042 -5.1426305770874 80.3805770874023
-3.23219431017859E-15 -1 0
2.1985502243042 -5.1426305770874 69.8818893432617
1.8704662322998 -5.1426305770874 80.3805770874023
1.8704662322998 -5.1426305770874 65.2887115478516
-3.23219431017859E-15 -1 0
2.034508228302 -5.1426305770874 65.2887115478516
2.1985502243042 -5.1426305770874 69.8818893432617
1.8704662322998 -5.1426305770874 65.2887115478516
-3.23219431017859E-15 -1 0
[LEVEL]
G.L
[LEVEL]
Foundation
-13.7135229110718 -7.43921852111816 -7.21784782409668
-13.7135229110718 -5.4707145690918 -7.21784782409668
-13.7135229110718 -5.4707145690918 0.656167984008789
1 0 0
-13.7135229110718 -5.4707145690918 0.656167984008789
-13.7135229110718 -7.43921852111816 0.656167984008789
-13.7135229110718 -7.43921852111816 -7.21784782409668
1 0 0
-13.7135229110718 -5.4707145690918 -7.21784782409668
-13.7135229110718 2.40330123901367 -7.21784782409668
-13.7135229110718 -5.4707145690918 0.656167984008789
1 0 0
-13.7135229110718 2.40330123901367 -7.21784782409668
-13.7135229110718 4.37180519104004 -7.21784782409668
-13.7135229110718 2.40330123901367 0.656167984008789
1 0 0
-13.7135229110718 4.37180519104004 0.656167984008789
-13.7135229110718 2.40330123901367 0.656167984008789
-13.7135229110718 4.37180519104004 -7.21784782409668
1 0 0
-13.7135229110718 2.40330123901367 -7.21784782409668
-13.7135229110718 2.40330123901367 0.656167984008789
-13.7135229110718 -5.4707145690918 0.656167984008789
1 0 0
-15.6820268630981 -7.43921852111816 0.656167984008789
-15.6820268630981 4.37180519104004 0.656167984008789
-15.6820268630981 4.37180519104004 -7.21784782409668
-1 0 0
-15.6820268630981 4.37180519104004 -7.21784782409668
-15.6820268630981 -7.43921852111816 -7.21784782409668
-15.6820268630981 -7.43921852111816 0.656167984008789
-1 0 0
-13.7135229110718 4.37180519104004 -7.21784782409668
-13.7135229110718 2.40330123901367 -7.21784782409668
-15.6820268630981 4.37180519104004 -7.21784782409668
0 0 -1
-13.7135229110718 -5.4707145690918 -7.21784782409668
-15.6820268630981 -7.43921852111816 -7.21784782409668
-15.6820268630981 4.37180519104004 -7.21784782409668
0 0 -1
-15.6820268630981 -7.43921852111816 -7.21784782409668
-13.7135229110718 -5.4707145690918 -7.21784782409668
-13.7135229110718 -7.43921852111816 -7.21784782409668
0 0 -1
-13.7135229110718 -5.4707145690918 -7.21784782409668
-15.6820268630981 4.37180519104004 -7.21784782409668
-13.7135229110718 2.40330123901367 -7.21784782409668
0 0 -1
-13.7135229110718 -7.43921852111816 0.656167984008789
-13.7135229110718 -5.4707145690918 0.656167984008789
-15.6820268630981 -7.43921852111816 0.656167984008789
0 0 1
-13.7135229110718 2.40330123901367 0.656167984008789
-15.6820268630981 4.37180519104004 0.656167984008789
-15.6820268630981 -7.43921852111816 0.656167984008789
0 0 1
-15.6820268630981 4.37180519104004 0.656167984008789
-13.7135229110718 2.40330123901367 0.656167984008789
-13.7135229110718 4.37180519104004 0.656167984008789
0 0 1
-13.7135229110718 2.40330123901367 0.656167984008789
-15.6820268630981 -7.43921852111816 0.656167984008789
-13.7135229110718 -5.4707145690918 0.656167984008789
0 0 1
-13.7135229110718 4.37180519104004 -7.21784782409668
-15.6820268630981 4.37180519104004 -7.21784782409668
-15.6820268630981 4.37180519104004 0.656167984008789
0 1 0
-15.6820268630981 4.37180519104004 0.656167984008789
-13.7135229110718 4.37180519104004 0.656167984008789
-13.7135229110718 4.37180519104004 -7.21784782409668
0 1 0
-13.7135229110718 -7.43921852111816 0.656167984008789
-15.6820268630981 -7.43921852111816 0.656167984008789
-15.6820268630981 -7.43921852111816 -7.21784782409668
0 -1 0
-15.6820268630981 -7.43921852111816 -7.21784782409668
-13.7135229110718 -7.43921852111816 -7.21784782409668
-13.7135229110718 -7.43921852111816 0.656167984008789
0 -1 0
-13.7135229110718 2.40330123901367 -5.24934387207031
-13.7135229110718 2.40330123901367 -7.21784782409668
-5.83950757980347 2.40330123901367 -7.21784782409668
0 -1 0
-13.7135229110718 2.40330123901367 0.656167984008789
-13.7135229110718 2.40330123901367 -5.24934387207031
-5.83950757980347 2.40330123901367 0.656167984008789
0 -1 0
-5.83950757980347 2.40330123901367 -7.21784782409668
-3.8710036277771 2.40330123901367 -7.21784782409668
-5.83950757980347 2.40330123901367 0.656167984008789
0 -1 0
-3.8710036277771 2.40330123901367 0.656167984008789
-5.83950757980347 2.40330123901367 0.656167984008789
-3.8710036277771 2.40330123901367 -7.21784782409668
0 -1 0
-5.83950757980347 2.40330123901367 -7.21784782409668
-5.83950757980347 2.40330123901367 0.656167984008789
-13.7135229110718 2.40330123901367 -5.24934387207031
0 -1 0
-13.7135229110718 4.37180519104004 0.656167984008789
-3.8710036277771 4.37180519104004 0.656167984008789
-3.8710036277771 4.37180519104004 -7.21784782409668
0 1 0
-3.8710036277771 4.37180519104004 -7.21784782409668
-13.7135229110718 4.37180519104004 -7.21784782409668
-13.7135229110718 4.37180519104004 0.656167984008789
0 1 0
-5.83950757980347 2.40330123901367 -7.21784782409668
-13.7135229110718 4.37180519104004 -7.21784782409668
-3.8710036277771 4.37180519104004 -7.21784782409668
0 0 -1
-13.7135229110718 4.37180519104004 -7.21784782409668
-5.83950757980347 2.40330123901367 -7.21784782409668
-13.7135229110718 2.40330123901367 -7.21784782409668
0 0 -1
-5.83950757980347 2.40330123901367 -7.21784782409668
-3.8710036277771 4.37180519104004 -7.21784782409668
-3.8710036277771 2.40330123901367 -7.21784782409668
0 0 -1
-5.83950757980347 2.40330123901367 0.656167984008789
-3.8710036277771 4.37180519104004 0.656167984008789
-13.7135229110718 4.37180519104004 0.656167984008789
0 0 1
-3.8710036277771 4.37180519104004 0.656167984008789
-5.83950757980347 2.40330123901367 0.656167984008789
-3.8710036277771 2.40330123901367 0.656167984008789
0 0 1
-5.83950757980347 2.40330123901367 0.656167984008789
-13.7135229110718 4.37180519104004 0.656167984008789
-13.7135229110718 2.40330123901367 0.656167984008789
0 0 1
-13.7135229110718 4.37180519104004 0.656167984008789
-13.7135229110718 4.37180519104004 -7.21784782409668
-13.7135229110718 2.40330123901367 -5.24934387207031
-1 0 0
-13.7135229110718 2.40330123901367 -7.21784782409668
-13.7135229110718 2.40330123901367 -5.24934387207031
-13.7135229110718 4.37180519104004 -7.21784782409668
-1 0 0
-13.7135229110718 2.40330123901367 0.656167984008789
-13.7135229110718 4.37180519104004 0.656167984008789
-13.7135229110718 2.40330123901367 -5.24934387207031
-1 0 0
-3.8710036277771 2.40330123901367 -7.21784782409668
-3.8710036277771 4.37180519104004 -7.21784782409668
-3.8710036277771 4.37180519104004 0.656167984008789
1 0 0
-3.8710036277771 4.37180519104004 0.656167984008789
-3.8710036277771 2.40330123901367 0.656167984008789
-3.8710036277771 2.40330123901367 -7.21784782409668
1 0 0
-5.83950757980347 2.40330123901367 -5.24934387207031
-5.83950757980347 2.40330123901367 -7.21784782409668
-5.83950757980347 -5.4707145690918 -7.21784782409668
-1 0 0
-5.83950757980347 2.40330123901367 0.656167984008789
-5.83950757980347 2.40330123901367 -5.24934387207031
-5.83950757980347 -5.4707145690918 0.656167984008789
-1 0 0
-5.83950757980347 -5.4707145690918 -7.21784782409668
-5.83950757980347 -7.43921852111816 -7.21784782409668
-5.83950757980347 -5.4707145690918 0.656167984008789
-1 0 0
-5.83950757980347 -7.43921852111816 0.656167984008789
-5.83950757980347 -5.4707145690918 0.656167984008789
-5.83950757980347 -7.43921852111816 -7.21784782409668
-1 0 0
-5.83950757980347 -5.4707145690918 -7.21784782409668
-5.83950757980347 -5.4707145690918 0.656167984008789
-5.83950757980347 2.40330123901367 -5.24934387207031
-1 0 0
-3.8710036277771 2.40330123901367 0.656167984008789
-3.8710036277771 -7.43921852111816 0.656167984008789
-3.8710036277771 -7.43921852111816 -7.21784782409668
1 0 0
-3.8710036277771 -7.43921852111816 -7.21784782409668
-3.8710036277771 2.40330123901367 -7.21784782409668
-3.8710036277771 2.40330123901367 0.656167984008789
1 0 0
-5.83950757980347 -5.4707145690918 -7.21784782409668
-3.8710036277771 2.40330123901367 -7.21784782409668
-3.8710036277771 -7.43921852111816 -7.21784782409668
0 0 -1
-3.8710036277771 2.40330123901367 -7.21784782409668
-5.83950757980347 -5.4707145690918 -7.21784782409668
-5.83950757980347 2.40330123901367 -7.21784782409668
0 0 -1
-5.83950757980347 -5.4707145690918 -7.21784782409668
-3.8710036277771 -7.43921852111816 -7.21784782409668
-5.83950757980347 -7.43921852111816 -7.21784782409668
0 0 -1
-5.83950757980347 -5.4707145690918 0.656167984008789
-3.8710036277771 -7.43921852111816 0.656167984008789
-3.8710036277771 2.40330123901367 0.656167984008789
0 0 1
-3.8710036277771 -7.43921852111816 0.656167984008789
-5.83950757980347 -5.4707145690918 0.656167984008789
-5.83950757980347 -7.43921852111816 0.656167984008789
0 0 1
-5.83950757980347 -5.4707145690918 0.656167984008789
-3.8710036277771 2.40330123901367 0.656167984008789
-5.83950757980347 2.40330123901367 0.656167984008789
0 0 1
-3.8710036277771 2.40330123901367 0.656167984008789
-3.8710036277771 2.40330123901367 -7.21784782409668
-5.83950757980347 2.40330123901367 -5.24934387207031
0 1 0
-5.83950757980347 2.40330123901367 -7.21784782409668
-5.83950757980347 2.40330123901367 -5.24934387207031
-3.8710036277771 2.40330123901367 -7.21784782409668
0 1 0
-5.83950757980347 2.40330123901367 0.656167984008789
-3.8710036277771 2.40330123901367 0.656167984008789
-5.83950757980347 2.40330123901367 -5.24934387207031
0 1 0
-5.83950757980347 -7.43921852111816 -7.21784782409668
-3.8710036277771 -7.43921852111816 -7.21784782409668
-3.8710036277771 -7.43921852111816 0.656167984008789
0 -1 0
-3.8710036277771 -7.43921852111816 0.656167984008789
-5.83950757980347 -7.43921852111816 0.656167984008789
-5.83950757980347 -7.43921852111816 -7.21784782409668
0 -1 0
-13.7135229110718 -5.4707145690918 -7.21784782409668
-13.7135229110718 -5.4707145690918 0.656167984008789
-5.83950757980347 -5.4707145690918 0.656167984008789
0 1 0
-5.83950757980347 -5.4707145690918 0.656167984008789
-5.83950757980347 -5.4707145690918 -7.21784782409668
-13.7135229110718 -5.4707145690918 -7.21784782409668
0 1 0
-5.83950757980347 -7.43921852111816 0.656167984008789
-13.7135229110718 -7.43921852111816 0.656167984008789
-13.7135229110718 -7.43921852111816 -7.21784782409668
0 -1 0
-13.7135229110718 -7.43921852111816 -7.21784782409668
-5.83950757980347 -7.43921852111816 -7.21784782409668
-5.83950757980347 -7.43921852111816 0.656167984008789
0 -1 0
-5.83950757980347 -5.4707145690918 -7.21784782409668
-5.83950757980347 -7.43921852111816 -7.21784782409668
-13.7135229110718 -7.43921852111816 -7.21784782409668
0 0 -1
-13.7135229110718 -7.43921852111816 -7.21784782409668
-13.7135229110718 -5.4707145690918 -7.21784782409668
-5.83950757980347 -5.4707145690918 -7.21784782409668
0 0 -1
-13.7135229110718 -5.4707145690918 0.656167984008789
-13.7135229110718 -7.43921852111816 0.656167984008789
-5.83950757980347 -7.43921852111816 0.656167984008789
0 0 1
-5.83950757980347 -7.43921852111816 0.656167984008789
-5.83950757980347 -5.4707145690918 0.656167984008789
-13.7135229110718 -5.4707145690918 0.656167984008789
0 0 1
-5.83950757980347 -5.4707145690918 0.656167984008789
-5.83950757980347 -7.43921852111816 0.656167984008789
-5.83950757980347 -7.43921852111816 -7.21784782409668
1 0 0
-5.83950757980347 -7.43921852111816 -7.21784782409668
-5.83950757980347 -5.4707145690918 -7.21784782409668
-5.83950757980347 -5.4707145690918 0.656167984008789
1 0 0
-13.7135229110718 -5.4707145690918 -7.21784782409668
-13.7135229110718 -7.43921852111816 -7.21784782409668
-13.7135229110718 -7.43921852111816 0.656167984008789
-1 0 0
-13.7135229110718 -7.43921852111816 0.656167984008789
-13.7135229110718 -5.4707145690918 0.656167984008789
-13.7135229110718 -5.4707145690918 -7.21784782409668
-1 0 0
[LEVEL]
옥탑 및 지붕
