[LEVEL]
1F
[LEVEL]
2F
21.063419342041 -5.4707145690918 11.1548557281494
20.8173561096191 -5.79879856109619 11.1548557281494
18.1810207366943 -5.79879856109619 11.1548557281494
0 0 -1
20.8173561096191 -5.79879856109619 11.1548557281494
21.063419342041 -5.4707145690918 11.1548557281494
20.8173561096191 -7.76743793487549 11.1548557281494
0 0 -1
12.4510536193848 -5.4707145690918 11.1548557281494
18.1810207366943 -5.79879856109619 11.1548557281494
18.1810207366943 -7.76743793487549 11.1548557281494
0 0 -1
18.1810207366943 -5.79879856109619 11.1548557281494
12.4510536193848 -5.4707145690918 11.1548557281494
21.063419342041 -5.4707145690918 11.1548557281494
0 0 -1
20.8173561096191 -7.76743793487549 11.1548557281494
21.063419342041 -10.1458406448364 11.1548557281494
18.1810207366943 -7.76743793487549 11.1548557281494
0 0 -1
21.063419342041 -10.1458406448364 11.1548557281494
20.8173561096191 -7.76743793487549 11.1548557281494
21.063419342041 -5.4707145690918 11.1548557281494
0 0 -1
18.1810207366943 -7.76743793487549 11.1548557281494
12.4510536193848 -10.1458406448364 11.1548557281494
12.4510536193848 -5.4707145690918 11.1548557281494
0 0 -1
12.4510536193848 -10.1458406448364 11.1548557281494
18.1810207366943 -7.76743793487549 11.1548557281494
21.063419342041 -10.1458406448364 11.1548557281494
0 0 -1
21.063419342041 -10.1458406448364 12.1391077041626
20.8173561096191 -7.76743793487549 12.1391077041626
18.1810207366943 -7.76743793487549 12.1391077041626
0 0 1
20.8173561096191 -7.76743793487549 12.1391077041626
21.063419342041 -10.1458406448364 12.1391077041626
21.063419342041 -5.4707145690918 12.1391077041626
0 0 1
12.4510536193848 -10.1458406448364 12.1391077041626
18.1810207366943 -7.76743793487549 12.1391077041626
12.4510536193848 -5.4707145690918 12.1391077041626
0 0 1
18.1810207366943 -7.76743793487549 12.1391077041626
12.4510536193848 -10.1458406448364 12.1391077041626
21.063419342041 -10.1458406448364 12.1391077041626
0 0 1
20.8173561096191 -5.79879856109619 12.1391077041626
21.063419342041 -5.4707145690918 12.1391077041626
18.1810207366943 -5.79879856109619 12.1391077041626
0 0 1
21.063419342041 -5.4707145690918 12.1391077041626
20.8173561096191 -5.79879856109619 12.1391077041626
20.8173561096191 -7.76743793487549 12.1391077041626
0 0 1
18.1810207366943 -5.79879856109619 12.1391077041626
12.4510536193848 -5.4707145690918 12.1391077041626
18.1810207366943 -7.76743793487549 12.1391077041626
0 0 1
12.4510536193848 -5.4707145690918 12.1391077041626
18.1810207366943 -5.79879856109619 12.1391077041626
21.063419342041 -5.4707145690918 12.1391077041626
0 0 1
21.063419342041 -5.4707145690918 11.1548557281494
21.063419342041 -5.4707145690918 12.1391077041626
21.063419342041 -10.1458406448364 12.1391077041626
1 0 0
21.063419342041 -10.1458406448364 12.1391077041626
21.063419342041 -10.1458406448364 11.1548557281494
21.063419342041 -5.4707145690918 11.1548557281494
1 0 0
21.063419342041 -10.1458406448364 11.1548557281494
21.063419342041 -10.1458406448364 12.1391077041626
12.4510536193848 -10.1458406448364 12.1391077041626
0 -1 0
12.4510536193848 -10.1458406448364 12.1391077041626
12.4510536193848 -10.1458406448364 11.1548557281494
21.063419342041 -10.1458406448364 11.1548557281494
0 -1 0
12.4510536193848 -10.1458406448364 11.1548557281494
12.4510536193848 -10.1458406448364 12.1391077041626
12.4510536193848 -5.4707145690918 12.1391077041626
-1 0 0
12.4510536193848 -5.4707145690918 12.1391077041626
12.4510536193848 -5.4707145690918 11.1548557281494
12.4510536193848 -10.1458406448364 11.1548557281494
-1 0 0
12.4510536193848 -5.4707145690918 11.1548557281494
12.4510536193848 -5.4707145690918 12.1391077041626
21.063419342041 -5.4707145690918 12.1391077041626
0 1 0
21.063419342041 -5.4707145690918 12.1391077041626
21.063419342041 -5.4707145690918 11.1548557281494
12.4510536193848 -5.4707145690918 11.1548557281494
0 1 0
20.8173561096191 -5.79879856109619 11.1548557281494
20.8173561096191 -5.79879856109619 12.1391077041626
18.1810207366943 -5.79879856109619 12.1391077041626
0 -1 0
18.1810207366943 -5.79879856109619 12.1391077041626
18.1810207366943 -5.79879856109619 11.1548557281494
20.8173561096191 -5.79879856109619 11.1548557281494
0 -1 0
18.1810207366943 -5.79879856109619 11.1548557281494
18.1810207366943 -5.79879856109619 12.1391077041626
18.1810207366943 -7.76743793487549 12.1391077041626
1 0 0
18.1810207366943 -7.76743793487549 12.1391077041626
18.1810207366943 -7.76743793487549 11.1548557281494
18.1810207366943 -5.79879856109619 11.1548557281494
1 0 0
18.1810207366943 -7.76743793487549 11.1548557281494
18.1810207366943 -7.76743793487549 12.1391077041626
20.8173561096191 -7.76743793487549 12.1391077041626
0 1 0
20.8173561096191 -7.76743793487549 12.1391077041626
20.8173561096191 -7.76743793487549 11.1548557281494
18.1810207366943 -7.76743793487549 11.1548557281494
0 1 0
20.8173561096191 -7.76743793487549 11.1548557281494
20.8173561096191 -7.76743793487549 12.1391077041626
20.8173561096191 -5.79879856109619 12.1391077041626
-1 0 0
20.8173561096191 -5.79879856109619 12.1391077041626
20.8173561096191 -5.79879856109619 11.1548557281494
20.8173561096191 -7.76743793487549 11.1548557281494
-1 0 0
-11.5809774398804 2.56734323501587 10.1706037521362
-11.5809774398804 7.48897409439087 10.1706037521362
-3.21483564376831 2.56734323501587 10.1706037521362
0 0 -1
-3.21483564376831 2.56734323501587 10.1706037521362
-11.5809774398804 7.48897409439087 10.1706037521362
-3.21483564376831 14.2143249511719 10.1706037521362
0 0 -1
-13.3854389190674 14.2143249511719 10.1706037521362
-3.21483564376831 14.2143249511719 10.1706037521362
-11.5809774398804 7.48897409439087 10.1706037521362
0 0 -1
-13.3854389190674 14.2143249511719 10.1706037521362
-11.5809774398804 7.48897409439087 10.1706037521362
-13.3854389190674 7.48897409439087 10.1706037521362
0 0 -1
7.11981010437012 -5.1426305770874 10.1706037521362
7.15261840820313 -2.68200063705444 10.1706037521362
13.1893634796143 -5.1426305770874 10.1706037521362
0 0 -1
7.15261840820313 -2.68200063705444 10.1706037521362
7.11981010437012 -5.1426305770874 10.1706037521362
7.11981010437012 -2.68200063705444 10.1706037521362
0 0 -1
13.1893634796143 -5.1426305770874 10.1706037521362
7.15261840820313 -2.68200063705444 10.1706037521362
7.15261840820313 -2.35391664505005 10.1706037521362
0 0 -1
7.15261840820313 -2.35391664505005 10.1706037521362
-1.90249967575073 12.9019889831543 10.1706037521362
13.1893634796143 14.2143249511719 10.1706037521362
0 0 -1
7.15261840820313 -2.35391664505005 10.1706037521362
-2.55866765975952 -2.35391664505005 10.1706037521362
-1.90249967575073 12.9019889831543 10.1706037521362
0 0 -1
13.1893634796143 14.2143249511719 10.1706037521362
-1.90249967575073 12.9019889831543 10.1706037521362
-1.90249967575073 14.2143249511719 10.1706037521362
0 0 -1
7.15261840820313 -2.35391664505005 10.1706037521362
13.1893634796143 14.2143249511719 10.1706037521362
13.1893634796143 -5.1426305770874 10.1706037521362
0 0 -1
-1.90249967575073 12.9019889831543 10.1706037521362
-2.55866765975952 -2.35391664505005 10.1706037521362
-2.55866765975952 12.9019889831543 10.1706037521362
0 0 -1
28.9373950958252 -4.48646259307861 10.1706037521362
14.5016994476318 -4.48646259307861 10.1706037521362
28.9373950958252 12.9019889831543 10.1706037521362
0 0 -1
14.5016994476318 -5.1426305770874 10.1706037521362
14.5016994476318 -4.48646259307861 10.1706037521362
28.9373950958252 -4.48646259307861 10.1706037521362
0 0 -1
28.9373950958252 -4.48646259307861 10.1706037521362
28.9373950958252 -5.1426305770874 10.1706037521362
14.5016994476318 -5.1426305770874 10.1706037521362
0 0 -1
29.593563079834 12.9019889831543 10.1706037521362
29.593563079834 -4.48646259307861 10.1706037521362
28.9373950958252 -4.48646259307861 10.1706037521362
0 0 -1
13.845531463623 12.9019889831543 10.1706037521362
14.5016994476318 -4.48646259307861 10.1706037521362
13.845531463623 -4.48646259307861 10.1706037521362
0 0 -1
14.5016994476318 12.9019889831543 10.1706037521362
14.5016994476318 14.2190237045288 10.1706037521362
28.9373950958252 12.9019889831543 10.1706037521362
0 0 -1
14.5016994476318 12.9019889831543 10.1706037521362
28.9373950958252 12.9019889831543 10.1706037521362
14.5016994476318 -4.48646259307861 10.1706037521362
0 0 -1
28.9373950958252 14.2190237045288 10.1706037521362
28.9373950958252 12.9019889831543 10.1706037521362
14.5016994476318 14.2190237045288 10.1706037521362
0 0 -1
29.593563079834 12.9019889831543 10.1706037521362
28.9373950958252 -4.48646259307861 10.1706037521362
28.9373950958252 12.9019889831543 10.1706037521362
0 0 -1
14.5016994476318 -4.48646259307861 10.1706037521362
13.845531463623 12.9019889831543 10.1706037521362
14.5016994476318 12.9019889831543 10.1706037521362
0 0 -1
-3.21483564376831 14.2143249511719 11.1548557281494
-13.3854389190674 14.2143249511719 11.1548557281494
-11.5809774398804 7.48897409439087 11.1548557281494
0 0 1
-11.5809774398804 7.48897409439087 11.1548557281494
-13.3854389190674 14.2143249511719 11.1548557281494
-13.3854389190674 7.48897409439087 11.1548557281494
0 0 1
-11.5809774398804 7.48897409439087 11.1548557281494
-11.5809774398804 2.56734323501587 11.1548557281494
-3.21483564376831 2.56734323501587 11.1548557281494
0 0 1
-11.5809774398804 7.48897409439087 11.1548557281494
-3.21483564376831 2.56734323501587 11.1548557281494
-3.21483564376831 14.2143249511719 11.1548557281494
0 0 1
13.1893634796143 14.2143249511719 11.1548557281494
-1.90249967575073 12.9019889831543 11.1548557281494
7.15261840820313 -2.35391664505005 11.1548557281494
0 0 1
-1.90249967575073 12.9019889831543 11.1548557281494
13.1893634796143 14.2143249511719 11.1548557281494
-1.90249967575073 14.2143249511719 11.1548557281494
0 0 1
-2.55866765975952 -2.35391664505005 11.1548557281494
7.15261840820313 -2.35391664505005 11.1548557281494
-1.90249967575073 12.9019889831543 11.1548557281494
0 0 1
13.1893634796143 14.2143249511719 11.1548557281494
7.15261840820313 -2.35391664505005 11.1548557281494
13.1893634796143 -5.1426305770874 11.1548557281494
0 0 1
-1.90249967575073 12.9019889831543 11.1548557281494
-2.55866765975952 12.9019889831543 11.1548557281494
-2.55866765975952 -2.35391664505005 11.1548557281494
0 0 1
7.11981010437012 -2.68200063705444 11.1548557281494
7.11981010437012 -5.1426305770874 11.1548557281494
7.15261840820313 -2.68200063705444 11.1548557281494
0 0 1
7.15261840820313 -2.68200063705444 11.1548557281494
7.11981010437012 -5.1426305770874 11.1548557281494
13.1893634796143 -5.1426305770874 11.1548557281494
0 0 1
7.15261840820313 -2.68200063705444 11.1548557281494
13.1893634796143 -5.1426305770874 11.1548557281494
7.15261840820313 -2.35391664505005 11.1548557281494
0 0 1
28.9373950958252 12.9019889831543 11.1548557281494
14.5016994476318 12.9019889831543 11.1548557281494
14.5016994476318 -4.48646259307861 11.1548557281494
0 0 1
14.5016994476318 14.2190237045288 11.1548557281494
14.5016994476318 12.9019889831543 11.1548557281494
28.9373950958252 12.9019889831543 11.1548557281494
0 0 1
28.9373950958252 12.9019889831543 11.1548557281494
28.9373950958252 14.2190237045288 11.1548557281494
14.5016994476318 14.2190237045288 11.1548557281494
0 0 1
28.9373950958252 -4.48646259307861 11.1548557281494
29.593563079834 12.9019889831543 11.1548557281494
28.9373950958252 12.9019889831543 11.1548557281494
0 0 1
14.5016994476318 -4.48646259307861 11.1548557281494
14.5016994476318 12.9019889831543 11.1548557281494
13.845531463623 12.9019889831543 11.1548557281494
0 0 1
14.5016994476318 -4.48646259307861 11.1548557281494
14.5016994476318 -5.1426305770874 11.1548557281494
28.9373950958252 -4.48646259307861 11.1548557281494
0 0 1
14.5016994476318 -4.48646259307861 11.1548557281494
28.9373950958252 -4.48646259307861 11.1548557281494
28.9373950958252 12.9019889831543 11.1548557281494
0 0 1
28.9373950958252 -5.1426305770874 11.1548557281494
28.9373950958252 -4.48646259307861 11.1548557281494
14.5016994476318 -5.1426305770874 11.1548557281494
0 0 1
29.593563079834 -4.48646259307861 11.1548557281494
29.593563079834 12.9019889831543 11.1548557281494
28.9373950958252 -4.48646259307861 11.1548557281494
0 0 1
13.845531463623 12.9019889831543 11.1548557281494
13.845531463623 -4.48646259307861 11.1548557281494
14.5016994476318 -4.48646259307861 11.1548557281494
0 0 1
-13.3854389190674 7.48897409439087 10.1706037521362
-13.3854389190674 7.48897409439087 11.1548557281494
-13.3854389190674 14.2143249511719 11.1548557281494
-1 1.58477101513316E-15 0
-13.3854389190674 14.2143249511719 11.1548557281494
-13.3854389190674 14.2143249511719 10.1706037521362
-13.3854389190674 7.48897409439087 10.1706037521362
-1 1.58477101513316E-15 0
-13.3854389190674 14.2143249511719 10.1706037521362
-13.3854389190674 14.2143249511719 11.1548557281494
-3.21483564376831 14.2143249511719 11.1548557281494
3.14380779473767E-15 1 0
-3.21483564376831 14.2143249511719 11.1548557281494
-3.21483564376831 14.2143249511719 10.1706037521362
-13.3854389190674 14.2143249511719 10.1706037521362
3.14380779473767E-15 1 0
-3.21483564376831 14.2143249511719 10.1706037521362
-3.21483564376831 14.2143249511719 11.1548557281494
-3.21483564376831 2.56734323501587 11.1548557281494
1 -1.60142321938495E-15 0
-3.21483564376831 2.56734323501587 11.1548557281494
-3.21483564376831 2.56734323501587 10.1706037521362
-3.21483564376831 14.2143249511719 10.1706037521362
1 -1.60142321938495E-15 0
-3.21483564376831 2.56734323501587 10.1706037521362
-3.21483564376831 2.56734323501587 11.1548557281494
-11.5809774398804 2.56734323501587 11.1548557281494
-3.23798504349054E-15 -1 0
-11.5809774398804 2.56734323501587 11.1548557281494
-11.5809774398804 2.56734323501587 10.1706037521362
-3.21483564376831 2.56734323501587 10.1706037521362
-3.23798504349054E-15 -1 0
-11.5809774398804 2.56734323501587 10.1706037521362
-11.5809774398804 2.56734323501587 11.1548557281494
-11.5809774398804 7.48897409439087 11.1548557281494
-1 1.44371401003849E-15 0
-11.5809774398804 7.48897409439087 11.1548557281494
-11.5809774398804 7.48897409439087 10.1706037521362
-11.5809774398804 2.56734323501587 10.1706037521362
-1 1.44371401003849E-15 0
-11.5809774398804 7.48897409439087 10.1706037521362
-11.5809774398804 7.48897409439087 11.1548557281494
-13.3854389190674 7.48897409439087 11.1548557281494
-3.44548632049617E-15 -1 0
-13.3854389190674 7.48897409439087 11.1548557281494
-13.3854389190674 7.48897409439087 10.1706037521362
-11.5809774398804 7.48897409439087 10.1706037521362
-3.44548632049617E-15 -1 0
-1.90249967575073 12.9019889831543 10.1706037521362
-1.90249967575073 12.9019889831543 11.1548557281494
-1.90249967575073 14.2143249511719 11.1548557281494
-1 1.35358391162264E-15 0
-1.90249967575073 14.2143249511719 11.1548557281494
-1.90249967575073 14.2143249511719 10.1706037521362
-1.90249967575073 12.9019889831543 10.1706037521362
-1 1.35358391162264E-15 0
-1.90249967575073 14.2143249511719 10.1706037521362
-1.90249967575073 14.2143249511719 11.1548557281494
13.1893634796143 14.2143249511719 11.1548557281494
3.17797961859303E-15 1 0
13.1893634796143 14.2143249511719 11.1548557281494
13.1893634796143 14.2143249511719 10.1706037521362
-1.90249967575073 14.2143249511719 10.1706037521362
3.17797961859303E-15 1 0
13.1893634796143 14.2143249511719 10.1706037521362
13.1893634796143 14.2143249511719 11.1548557281494
13.1893634796143 -5.1426305770874 11.1548557281494
1 -1.6518312141839E-15 0
13.1893634796143 -5.1426305770874 11.1548557281494
13.1893634796143 -5.1426305770874 10.1706037521362
13.1893634796143 14.2143249511719 10.1706037521362
1 -1.6518312141839E-15 0
13.1893634796143 -5.1426305770874 10.1706037521362
13.1893634796143 -5.1426305770874 11.1548557281494
7.11981010437012 -5.1426305770874 11.1548557281494
-3.21933470872497E-15 -1 0
7.11981010437012 -5.1426305770874 11.1548557281494
7.11981010437012 -5.1426305770874 10.1706037521362
13.1893634796143 -5.1426305770874 10.1706037521362
-3.21933470872497E-15 -1 0
7.11981010437012 -5.1426305770874 10.1706037521362
7.11981010437012 -5.1426305770874 11.1548557281494
7.11981010437012 -2.68200063705444 11.1548557281494
-1 1.44382283906417E-15 0
7.11981010437012 -2.68200063705444 11.1548557281494
7.11981010437012 -2.68200063705444 10.1706037521362
7.11981010437012 -5.1426305770874 10.1706037521362
-1 1.44382283906417E-15 0
7.11981010437012 -2.68200063705444 10.1706037521362
7.11981010437012 -2.68200063705444 11.1548557281494
7.15261840820313 -2.68200063705444 11.1548557281494
0 1 0
7.15261840820313 -2.68200063705444 11.1548557281494
7.15261840820313 -2.68200063705444 10.1706037521362
7.11981010437012 -2.68200063705444 10.1706037521362
0 1 0
7.15261840820313 -2.68200063705444 10.1706037521362
7.15261840820313 -2.68200063705444 11.1548557281494
7.15261840820313 -2.35391664505005 11.1548557281494
-1 2.70716782324598E-15 0
7.15261840820313 -2.35391664505005 11.1548557281494
7.15261840820313 -2.35391664505005 10.1706037521362
7.15261840820313 -2.68200063705444 10.1706037521362
-1 2.70716782324598E-15 0
7.15261840820313 -2.35391664505005 10.1706037521362
7.15261840820313 -2.35391664505005 11.1548557281494
-2.55866765975952 -2.35391664505005 11.1548557281494
-3.24677222044671E-15 -1 0
-2.55866765975952 -2.35391664505005 11.1548557281494
-2.55866765975952 -2.35391664505005 10.1706037521362
7.15261840820313 -2.35391664505005 10.1706037521362
-3.24677222044671E-15 -1 0
-2.55866765975952 -2.35391664505005 10.1706037521362
-2.55866765975952 -2.35391664505005 11.1548557281494
-2.55866765975952 12.9019889831543 11.1548557281494
-1 1.60101322880137E-15 0
-2.55866765975952 12.9019889831543 11.1548557281494
-2.55866765975952 12.9019889831543 10.1706037521362
-2.55866765975952 -2.35391664505005 10.1706037521362
-1 1.60101322880137E-15 0
-2.55866765975952 12.9019889831543 10.1706037521362
-2.55866765975952 12.9019889831543 11.1548557281494
-1.90249967575073 12.9019889831543 11.1548557281494
2.7071678232486E-15 1 0
-1.90249967575073 12.9019889831543 11.1548557281494
-1.90249967575073 12.9019889831543 10.1706037521362
-2.55866765975952 12.9019889831543 10.1706037521362
2.7071678232486E-15 1 0
14.5016994476318 12.9019889831543 10.1706037521362
14.5016994476318 12.9019889831543 11.1548557281494
14.5016994476318 14.2190237045288 11.1548557281494
-1 1.34875432387129E-15 0
14.5016994476318 14.2190237045288 11.1548557281494
14.5016994476318 14.2190237045288 10.1706037521362
14.5016994476318 12.9019889831543 10.1706037521362
-1 1.34875432387129E-15 0
14.5016994476318 14.2190237045288 10.1706037521362
14.5016994476318 14.2190237045288 11.1548557281494
28.9373950958252 14.2190237045288 11.1548557281494
3.19938015474517E-15 1 0
28.9373950958252 14.2190237045288 11.1548557281494
28.9373950958252 14.2190237045288 10.1706037521362
14.5016994476318 14.2190237045288 10.1706037521362
3.19938015474517E-15 1 0
28.9373950958252 14.2190237045288 10.1706037521362
28.9373950958252 14.2190237045288 11.1548557281494
28.9373950958252 12.9019889831543 11.1548557281494
1 -2.69750864774266E-15 0
28.9373950958252 12.9019889831543 11.1548557281494
28.9373950958252 12.9019889831543 10.1706037521362
28.9373950958252 14.2190237045288 10.1706037521362
1 -2.69750864774266E-15 0
28.9373950958252 12.9019889831543 10.1706037521362
28.9373950958252 12.9019889831543 11.1548557281494
29.593563079834 12.9019889831543 11.1548557281494
2.707167823244E-15 1 0
29.593563079834 12.9019889831543 11.1548557281494
29.593563079834 12.9019889831543 10.1706037521362
28.9373950958252 12.9019889831543 10.1706037521362
2.707167823244E-15 1 0
29.593563079834 12.9019889831543 10.1706037521362
29.593563079834 12.9019889831543 11.1548557281494
29.593563079834 -4.48646259307861 11.1548557281494
1 -1.63451642158249E-15 0
29.593563079834 -4.48646259307861 11.1548557281494
29.593563079834 -4.48646259307861 10.1706037521362
29.593563079834 12.9019889831543 10.1706037521362
1 -1.63451642158249E-15 0
29.593563079834 -4.48646259307861 10.1706037521362
29.593563079834 -4.48646259307861 11.1548557281494
28.9373950958252 -4.48646259307861 11.1548557281494
-2.70716782324598E-15 -1 0
28.9373950958252 -4.48646259307861 11.1548557281494
28.9373950958252 -4.48646259307861 10.1706037521362
29.593563079834 -4.48646259307861 10.1706037521362
-2.70716782324598E-15 -1 0
28.9373950958252 -4.48646259307861 10.1706037521362
28.9373950958252 -4.48646259307861 11.1548557281494
28.9373950958252 -5.1426305770874 11.1548557281494
1 0 0
28.9373950958252 -5.1426305770874 11.1548557281494
28.9373950958252 -5.1426305770874 10.1706037521362
28.9373950958252 -4.48646259307861 10.1706037521362
1 0 0
28.9373950958252 -5.1426305770874 10.1706037521362
28.9373950958252 -5.1426305770874 11.1548557281494
14.5016994476318 -5.1426305770874 11.1548557281494
-3.26090669618248E-15 -1 0
14.5016994476318 -5.1426305770874 11.1548557281494
14.5016994476318 -5.1426305770874 10.1706037521362
28.9373950958252 -5.1426305770874 10.1706037521362
-3.26090669618248E-15 -1 0
14.5016994476318 -5.1426305770874 10.1706037521362
14.5016994476318 -5.1426305770874 11.1548557281494
14.5016994476318 -4.48646259307861 11.1548557281494
-1 2.70716782324295E-15 0
14.5016994476318 -4.48646259307861 11.1548557281494
14.5016994476318 -4.48646259307861 10.1706037521362
14.5016994476318 -5.1426305770874 10.1706037521362
-1 2.70716782324295E-15 0
14.5016994476318 -4.48646259307861 10.1706037521362
14.5016994476318 -4.48646259307861 11.1548557281494
13.845531463623 -4.48646259307861 11.1548557281494
-2.70716782324597E-15 -1 0
13.845531463623 -4.48646259307861 11.1548557281494
13.845531463623 -4.48646259307861 10.1706037521362
14.5016994476318 -4.48646259307861 10.1706037521362
-2.70716782324597E-15 -1 0
13.845531463623 -4.48646259307861 10.1706037521362
13.845531463623 -4.48646259307861 11.1548557281494
13.845531463623 12.9019889831543 11.1548557281494
-1 1.63451642158245E-15 0
13.845531463623 12.9019889831543 11.1548557281494
13.845531463623 12.9019889831543 10.1706037521362
13.845531463623 -4.48646259307861 10.1706037521362
-1 1.63451642158245E-15 0
13.845531463623 12.9019889831543 10.1706037521362
13.845531463623 12.9019889831543 11.1548557281494
14.5016994476318 12.9019889831543 11.1548557281494
2.7071678232461E-15 1 0
14.5016994476318 12.9019889831543 11.1548557281494
14.5016994476318 12.9019889831543 10.1706037521362
13.845531463623 12.9019889831543 10.1706037521362
2.7071678232461E-15 1 0
[LEVEL]
3F
21.0587310791016 -5.47771739959717 20.9973754882813
20.8126697540283 -5.80580139160156 20.9973754882813
18.1763324737549 -5.80580139160156 20.9973754882813
0 0 -1
20.8126697540283 -5.80580139160156 20.9973754882813
21.0587310791016 -5.47771739959717 20.9973754882813
20.8126697540283 -7.77444076538086 20.9973754882813
0 0 -1
12.4463653564453 -5.47771739959717 20.9973754882813
18.1763324737549 -5.80580139160156 20.9973754882813
18.1763324737549 -7.77444076538086 20.9973754882813
0 0 -1
18.1763324737549 -5.80580139160156 20.9973754882813
12.4463653564453 -5.47771739959717 20.9973754882813
21.0587310791016 -5.47771739959717 20.9973754882813
0 0 -1
20.8126697540283 -7.77444076538086 20.9973754882813
21.0587310791016 -10.1528434753418 20.9973754882813
18.1763324737549 -7.77444076538086 20.9973754882813
0 0 -1
21.0587310791016 -10.1528434753418 20.9973754882813
20.8126697540283 -7.77444076538086 20.9973754882813
21.0587310791016 -5.47771739959717 20.9973754882813
0 0 -1
18.1763324737549 -7.77444076538086 20.9973754882813
12.4463653564453 -10.1528434753418 20.9973754882813
12.4463653564453 -5.47771739959717 20.9973754882813
0 0 -1
12.4463653564453 -10.1528434753418 20.9973754882813
18.1763324737549 -7.77444076538086 20.9973754882813
21.0587310791016 -10.1528434753418 20.9973754882813
0 0 -1
21.0587310791016 -10.1528434753418 21.9816265106201
20.8126697540283 -7.77444076538086 21.9816265106201
18.1763324737549 -7.77444076538086 21.9816265106201
0 0 1
20.8126697540283 -7.77444076538086 21.9816265106201
21.0587310791016 -10.1528434753418 21.9816265106201
21.0587310791016 -5.47771739959717 21.9816265106201
0 0 1
12.4463653564453 -10.1528434753418 21.9816265106201
18.1763324737549 -7.77444076538086 21.9816265106201
12.4463653564453 -5.47771739959717 21.9816265106201
0 0 1
18.1763324737549 -7.77444076538086 21.9816265106201
12.4463653564453 -10.1528434753418 21.9816265106201
21.0587310791016 -10.1528434753418 21.9816265106201
0 0 1
20.8126697540283 -5.80580139160156 21.9816265106201
21.0587310791016 -5.47771739959717 21.9816265106201
18.1763324737549 -5.80580139160156 21.9816265106201
0 0 1
21.0587310791016 -5.47771739959717 21.9816265106201
20.8126697540283 -5.80580139160156 21.9816265106201
20.8126697540283 -7.77444076538086 21.9816265106201
0 0 1
18.1763324737549 -5.80580139160156 21.9816265106201
12.4463653564453 -5.47771739959717 21.9816265106201
18.1763324737549 -7.77444076538086 21.9816265106201
0 0 1
12.4463653564453 -5.47771739959717 21.9816265106201
18.1763324737549 -5.80580139160156 21.9816265106201
21.0587310791016 -5.47771739959717 21.9816265106201
0 0 1
21.0587310791016 -5.47771739959717 20.9973754882813
21.0587310791016 -5.47771739959717 21.9816265106201
21.0587310791016 -10.1528434753418 21.9816265106201
1 0 0
21.0587310791016 -10.1528434753418 21.9816265106201
21.0587310791016 -10.1528434753418 20.9973754882813
21.0587310791016 -5.47771739959717 20.9973754882813
1 0 0
21.0587310791016 -10.1528434753418 20.9973754882813
21.0587310791016 -10.1528434753418 21.9816265106201
12.4463653564453 -10.1528434753418 21.9816265106201
0 -1 0
12.4463653564453 -10.1528434753418 21.9816265106201
12.4463653564453 -10.1528434753418 20.9973754882813
21.0587310791016 -10.1528434753418 20.9973754882813
0 -1 0
12.4463653564453 -10.1528434753418 20.9973754882813
12.4463653564453 -10.1528434753418 21.9816265106201
12.4463653564453 -5.47771739959717 21.9816265106201
-1 0 0
12.4463653564453 -5.47771739959717 21.9816265106201
12.4463653564453 -5.47771739959717 20.9973754882813
12.4463653564453 -10.1528434753418 20.9973754882813
-1 0 0
12.4463653564453 -5.47771739959717 20.9973754882813
12.4463653564453 -5.47771739959717 21.9816265106201
21.0587310791016 -5.47771739959717 21.9816265106201
0 1 0
21.0587310791016 -5.47771739959717 21.9816265106201
21.0587310791016 -5.47771739959717 20.9973754882813
12.4463653564453 -5.47771739959717 20.9973754882813
0 1 0
20.8126697540283 -5.80580139160156 20.9973754882813
20.8126697540283 -5.80580139160156 21.9816265106201
18.1763324737549 -5.80580139160156 21.9816265106201
0 -1 0
18.1763324737549 -5.80580139160156 21.9816265106201
18.1763324737549 -5.80580139160156 20.9973754882813
20.8126697540283 -5.80580139160156 20.9973754882813
0 -1 0
18.1763324737549 -5.80580139160156 20.9973754882813
18.1763324737549 -5.80580139160156 21.9816265106201
18.1763324737549 -7.77444076538086 21.9816265106201
1 0 0
18.1763324737549 -7.77444076538086 21.9816265106201
18.1763324737549 -7.77444076538086 20.9973754882813
18.1763324737549 -5.80580139160156 20.9973754882813
1 0 0
18.1763324737549 -7.77444076538086 20.9973754882813
18.1763324737549 -7.77444076538086 21.9816265106201
20.8126697540283 -7.77444076538086 21.9816265106201
0 1 0
20.8126697540283 -7.77444076538086 21.9816265106201
20.8126697540283 -7.77444076538086 20.9973754882813
18.1763324737549 -7.77444076538086 20.9973754882813
0 1 0
20.8126697540283 -7.77444076538086 20.9973754882813
20.8126697540283 -7.77444076538086 21.9816265106201
20.8126697540283 -5.80580139160156 21.9816265106201
-1 0 0
20.8126697540283 -5.80580139160156 21.9816265106201
20.8126697540283 -5.80580139160156 20.9973754882813
20.8126697540283 -7.77444076538086 20.9973754882813
-1 0 0
-11.5809774398804 2.56734323501587 20.9973754882813
-11.5809774398804 7.48897409439087 20.9973754882813
-3.21483564376831 2.56734323501587 20.9973754882813
0 0 -1
-3.21483564376831 2.56734323501587 20.9973754882813
-11.5809774398804 7.48897409439087 20.9973754882813
-3.21483564376831 14.2143249511719 20.9973754882813
0 0 -1
-13.3854389190674 14.2143249511719 20.9973754882813
-3.21483564376831 14.2143249511719 20.9973754882813
-11.5809774398804 7.48897409439087 20.9973754882813
0 0 -1
-13.3854389190674 14.2143249511719 20.9973754882813
-11.5809774398804 7.48897409439087 20.9973754882813
-13.3854389190674 7.48897409439087 20.9973754882813
0 0 -1
7.11981010437012 -5.1426305770874 20.9973754882813
7.15261840820313 -2.68200063705444 20.9973754882813
13.1893634796143 -5.1426305770874 20.9973754882813
0 0 -1
7.15261840820313 -2.68200063705444 20.9973754882813
7.11981010437012 -5.1426305770874 20.9973754882813
7.11981010437012 -2.68200063705444 20.9973754882813
0 0 -1
13.1893634796143 -5.1426305770874 20.9973754882813
7.15261840820313 -2.68200063705444 20.9973754882813
7.15261840820313 -2.35391664505005 20.9973754882813
0 0 -1
7.15261840820313 -2.35391664505005 20.9973754882813
-1.90249967575073 12.9019889831543 20.9973754882813
13.1893634796143 14.2143249511719 20.9973754882813
0 0 -1
7.15261840820313 -2.35391664505005 20.9973754882813
-2.55866765975952 -2.35391664505005 20.9973754882813
-1.90249967575073 12.9019889831543 20.9973754882813
0 0 -1
13.1893634796143 14.2143249511719 20.9973754882813
-1.90249967575073 12.9019889831543 20.9973754882813
-1.90249967575073 14.2143249511719 20.9973754882813
0 0 -1
7.15261840820313 -2.35391664505005 20.9973754882813
13.1893634796143 14.2143249511719 20.9973754882813
13.1893634796143 -5.1426305770874 20.9973754882813
0 0 -1
-1.90249967575073 12.9019889831543 20.9973754882813
-2.55866765975952 -2.35391664505005 20.9973754882813
-2.55866765975952 12.9019889831543 20.9973754882813
0 0 -1
28.9373950958252 -4.48646259307861 20.9973754882813
14.5016994476318 -4.48646259307861 20.9973754882813
28.9373950958252 12.9019889831543 20.9973754882813
0 0 -1
14.5016994476318 -5.1426305770874 20.9973754882813
14.5016994476318 -4.48646259307861 20.9973754882813
28.9373950958252 -4.48646259307861 20.9973754882813
0 0 -1
28.9373950958252 -4.48646259307861 20.9973754882813
28.9373950958252 -5.1426305770874 20.9973754882813
14.5016994476318 -5.1426305770874 20.9973754882813
0 0 -1
29.593563079834 12.9019889831543 20.9973754882813
29.593563079834 -4.48646259307861 20.9973754882813
28.9373950958252 -4.48646259307861 20.9973754882813
0 0 -1
13.845531463623 12.9019889831543 20.9973754882813
14.5016994476318 -4.48646259307861 20.9973754882813
13.845531463623 -4.48646259307861 20.9973754882813
0 0 -1
14.5016994476318 12.9019889831543 20.9973754882813
14.5016994476318 14.2190237045288 20.9973754882813
28.9373950958252 12.9019889831543 20.9973754882813
0 0 -1
14.5016994476318 12.9019889831543 20.9973754882813
28.9373950958252 12.9019889831543 20.9973754882813
14.5016994476318 -4.48646259307861 20.9973754882813
0 0 -1
28.9373950958252 14.2190237045288 20.9973754882813
28.9373950958252 12.9019889831543 20.9973754882813
14.5016994476318 14.2190237045288 20.9973754882813
0 0 -1
29.593563079834 12.9019889831543 20.9973754882813
28.9373950958252 -4.48646259307861 20.9973754882813
28.9373950958252 12.9019889831543 20.9973754882813
0 0 -1
14.5016994476318 -4.48646259307861 20.9973754882813
13.845531463623 12.9019889831543 20.9973754882813
14.5016994476318 12.9019889831543 20.9973754882813
0 0 -1
-3.21483564376831 14.2143249511719 21.9816265106201
-13.3854389190674 14.2143249511719 21.9816265106201
-11.5809774398804 7.48897409439087 21.9816265106201
0 0 1
-11.5809774398804 7.48897409439087 21.9816265106201
-13.3854389190674 14.2143249511719 21.9816265106201
-13.3854389190674 7.48897409439087 21.9816265106201
0 0 1
-11.5809774398804 7.48897409439087 21.9816265106201
-11.5809774398804 2.56734323501587 21.9816265106201
-3.21483564376831 2.56734323501587 21.9816265106201
0 0 1
-11.5809774398804 7.48897409439087 21.9816265106201
-3.21483564376831 2.56734323501587 21.9816265106201
-3.21483564376831 14.2143249511719 21.9816265106201
0 0 1
13.1893634796143 14.2143249511719 21.9816265106201
-1.90249967575073 12.9019889831543 21.9816265106201
7.15261840820313 -2.35391664505005 21.9816265106201
0 0 1
-1.90249967575073 12.9019889831543 21.9816265106201
13.1893634796143 14.2143249511719 21.9816265106201
-1.90249967575073 14.2143249511719 21.9816265106201
0 0 1
-2.55866765975952 -2.35391664505005 21.9816265106201
7.15261840820313 -2.35391664505005 21.9816265106201
-1.90249967575073 12.9019889831543 21.9816265106201
0 0 1
13.1893634796143 14.2143249511719 21.9816265106201
7.15261840820313 -2.35391664505005 21.9816265106201
13.1893634796143 -5.1426305770874 21.9816265106201
0 0 1
-1.90249967575073 12.9019889831543 21.9816265106201
-2.55866765975952 12.9019889831543 21.9816265106201
-2.55866765975952 -2.35391664505005 21.9816265106201
0 0 1
7.11981010437012 -2.68200063705444 21.9816265106201
7.11981010437012 -5.1426305770874 21.9816265106201
7.15261840820313 -2.68200063705444 21.9816265106201
0 0 1
7.15261840820313 -2.68200063705444 21.9816265106201
7.11981010437012 -5.1426305770874 21.9816265106201
13.1893634796143 -5.1426305770874 21.9816265106201
0 0 1
7.15261840820313 -2.68200063705444 21.9816265106201
13.1893634796143 -5.1426305770874 21.9816265106201
7.15261840820313 -2.35391664505005 21.9816265106201
0 0 1
28.9373950958252 12.9019889831543 21.9816265106201
14.5016994476318 12.9019889831543 21.9816265106201
14.5016994476318 -4.48646259307861 21.9816265106201
0 0 1
14.5016994476318 14.2190237045288 21.9816265106201
14.5016994476318 12.9019889831543 21.9816265106201
28.9373950958252 12.9019889831543 21.9816265106201
0 0 1
28.9373950958252 12.9019889831543 21.9816265106201
28.9373950958252 14.2190237045288 21.9816265106201
14.5016994476318 14.2190237045288 21.9816265106201
0 0 1
28.9373950958252 -4.48646259307861 21.9816265106201
29.593563079834 12.9019889831543 21.9816265106201
28.9373950958252 12.9019889831543 21.9816265106201
0 0 1
14.5016994476318 -4.48646259307861 21.9816265106201
14.5016994476318 12.9019889831543 21.9816265106201
13.845531463623 12.9019889831543 21.9816265106201
0 0 1
14.5016994476318 -4.48646259307861 21.9816265106201
14.5016994476318 -5.1426305770874 21.9816265106201
28.9373950958252 -4.48646259307861 21.9816265106201
0 0 1
14.5016994476318 -4.48646259307861 21.9816265106201
28.9373950958252 -4.48646259307861 21.9816265106201
28.9373950958252 12.9019889831543 21.9816265106201
0 0 1
28.9373950958252 -5.1426305770874 21.9816265106201
28.9373950958252 -4.48646259307861 21.9816265106201
14.5016994476318 -5.1426305770874 21.9816265106201
0 0 1
29.593563079834 -4.48646259307861 21.9816265106201
29.593563079834 12.9019889831543 21.9816265106201
28.9373950958252 -4.48646259307861 21.9816265106201
0 0 1
13.845531463623 12.9019889831543 21.9816265106201
13.845531463623 -4.48646259307861 21.9816265106201
14.5016994476318 -4.48646259307861 21.9816265106201
0 0 1
-13.3854389190674 7.48897409439087 20.9973754882813
-13.3854389190674 7.48897409439087 21.9816265106201
-13.3854389190674 14.2143249511719 21.9816265106201
-1 1.32064251261097E-15 0
-13.3854389190674 14.2143249511719 21.9816265106201
-13.3854389190674 14.2143249511719 20.9973754882813
-13.3854389190674 7.48897409439087 20.9973754882813
-1 1.32064251261097E-15 0
-13.3854389190674 14.2143249511719 20.9973754882813
-13.3854389190674 14.2143249511719 21.9816265106201
-3.21483564376831 14.2143249511719 21.9816265106201
3.14380779473767E-15 1 0
-3.21483564376831 14.2143249511719 21.9816265106201
-3.21483564376831 14.2143249511719 20.9973754882813
-13.3854389190674 14.2143249511719 20.9973754882813
3.14380779473767E-15 1 0
-3.21483564376831 14.2143249511719 20.9973754882813
-3.21483564376831 14.2143249511719 21.9816265106201
-3.21483564376831 2.56734323501587 21.9816265106201
1 -1.60142321938495E-15 0
-3.21483564376831 2.56734323501587 21.9816265106201
-3.21483564376831 2.56734323501587 20.9973754882813
-3.21483564376831 14.2143249511719 20.9973754882813
1 -1.60142321938495E-15 0
-3.21483564376831 2.56734323501587 20.9973754882813
-3.21483564376831 2.56734323501587 21.9816265106201
-11.5809774398804 2.56734323501587 21.9816265106201
-3.23798504349054E-15 -1 0
-11.5809774398804 2.56734323501587 21.9816265106201
-11.5809774398804 2.56734323501587 20.9973754882813
-3.21483564376831 2.56734323501587 20.9973754882813
-3.23798504349054E-15 -1 0
-11.5809774398804 2.56734323501587 20.9973754882813
-11.5809774398804 2.56734323501587 21.9816265106201
-11.5809774398804 7.48897409439087 21.9816265106201
-1 1.44371401003849E-15 0
-11.5809774398804 7.48897409439087 21.9816265106201
-11.5809774398804 7.48897409439087 20.9973754882813
-11.5809774398804 2.56734323501587 20.9973754882813
-1 1.44371401003849E-15 0
-11.5809774398804 7.48897409439087 20.9973754882813
-11.5809774398804 7.48897409439087 21.9816265106201
-13.3854389190674 7.48897409439087 21.9816265106201
-3.44548632049616E-15 -1 0
-13.3854389190674 7.48897409439087 21.9816265106201
-13.3854389190674 7.48897409439087 20.9973754882813
-11.5809774398804 7.48897409439087 20.9973754882813
-3.44548632049616E-15 -1 0
13.1893634796143 -5.1426305770874 20.9973754882813
13.1893634796143 -5.1426305770874 21.9816265106201
7.11981010437012 -5.1426305770874 21.9816265106201
-3.80466829212953E-15 -1 0
7.11981010437012 -5.1426305770874 21.9816265106201
7.11981010437012 -5.1426305770874 20.9973754882813
13.1893634796143 -5.1426305770874 20.9973754882813
-3.80466829212953E-15 -1 0
7.11981010437012 -5.1426305770874 20.9973754882813
7.11981010437012 -5.1426305770874 21.9816265106201
7.11981010437012 -2.68200063705444 21.9816265106201
-1 1.44382283906417E-15 0
7.11981010437012 -2.68200063705444 21.9816265106201
7.11981010437012 -2.68200063705444 20.9973754882813
7.11981010437012 -5.1426305770874 20.9973754882813
-1 1.44382283906417E-15 0
7.11981010437012 -2.68200063705444 20.9973754882813
7.11981010437012 -2.68200063705444 21.9816265106201
7.15261840820313 -2.68200063705444 21.9816265106201
0 1 0
7.15261840820313 -2.68200063705444 21.9816265106201
7.15261840820313 -2.68200063705444 20.9973754882813
7.11981010437012 -2.68200063705444 20.9973754882813
0 1 0
7.15261840820313 -2.68200063705444 20.9973754882813
7.15261840820313 -2.68200063705444 21.9816265106201
7.15261840820313 -2.35391664505005 21.9816265106201
-1 2.70716782324598E-15 0
7.15261840820313 -2.35391664505005 21.9816265106201
7.15261840820313 -2.35391664505005 20.9973754882813
7.15261840820313 -2.68200063705444 20.9973754882813
-1 2.70716782324598E-15 0
7.15261840820313 -2.35391664505005 20.9973754882813
7.15261840820313 -2.35391664505005 21.9816265106201
-2.55866765975952 -2.35391664505005 21.9816265106201
-3.24677222044671E-15 -1 0
-2.55866765975952 -2.35391664505005 21.9816265106201
-2.55866765975952 -2.35391664505005 20.9973754882813
7.15261840820313 -2.35391664505005 20.9973754882813
-3.24677222044671E-15 -1 0
-2.55866765975952 -2.35391664505005 20.9973754882813
-2.55866765975952 -2.35391664505005 21.9816265106201
-2.55866765975952 12.9019889831543 21.9816265106201
-1 1.60101322880137E-15 0
-2.55866765975952 12.9019889831543 21.9816265106201
-2.55866765975952 12.9019889831543 20.9973754882813
-2.55866765975952 -2.35391664505005 20.9973754882813
-1 1.60101322880137E-15 0
-2.55866765975952 12.9019889831543 20.9973754882813
-2.55866765975952 12.9019889831543 21.9816265106201
-1.90249967575073 12.9019889831543 21.9816265106201
2.70716782324859E-15 1 0
-1.90249967575073 12.9019889831543 21.9816265106201
-1.90249967575073 12.9019889831543 20.9973754882813
-2.55866765975952 12.9019889831543 20.9973754882813
2.70716782324859E-15 1 0
-1.90249967575073 12.9019889831543 20.9973754882813
-1.90249967575073 12.9019889831543 21.9816265106201
-1.90249967575073 14.2143249511719 21.9816265106201
-1 1.69197988952874E-15 0
-1.90249967575073 14.2143249511719 21.9816265106201
-1.90249967575073 14.2143249511719 20.9973754882813
-1.90249967575073 12.9019889831543 20.9973754882813
-1 1.69197988952874E-15 0
-1.90249967575073 14.2143249511719 20.9973754882813
-1.90249967575073 14.2143249511719 21.9816265106201
13.1893634796143 14.2143249511719 21.9816265106201
3.17797961859303E-15 1 0
13.1893634796143 14.2143249511719 21.9816265106201
13.1893634796143 14.2143249511719 20.9973754882813
-1.90249967575073 14.2143249511719 20.9973754882813
3.17797961859303E-15 1 0
13.1893634796143 14.2143249511719 20.9973754882813
13.1893634796143 14.2143249511719 21.9816265106201
13.1893634796143 -5.1426305770874 21.9816265106201
1 -1.56006281339593E-15 0
13.1893634796143 -5.1426305770874 21.9816265106201
13.1893634796143 -5.1426305770874 20.9973754882813
13.1893634796143 14.2143249511719 20.9973754882813
1 -1.56006281339593E-15 0
14.5016994476318 12.9019889831543 20.9973754882813
14.5016994476318 12.9019889831543 21.9816265106201
14.5016994476318 14.2190237045288 21.9816265106201
-1 1.34875432387129E-15 0
14.5016994476318 14.2190237045288 21.9816265106201
14.5016994476318 14.2190237045288 20.9973754882813
14.5016994476318 12.9019889831543 20.9973754882813
-1 1.34875432387129E-15 0
14.5016994476318 14.2190237045288 20.9973754882813
14.5016994476318 14.2190237045288 21.9816265106201
28.9373950958252 14.2190237045288 21.9816265106201
3.19938015474517E-15 1 0
28.9373950958252 14.2190237045288 21.9816265106201
28.9373950958252 14.2190237045288 20.9973754882813
14.5016994476318 14.2190237045288 20.9973754882813
3.19938015474517E-15 1 0
28.9373950958252 14.2190237045288 20.9973754882813
28.9373950958252 14.2190237045288 21.9816265106201
28.9373950958252 12.9019889831543 21.9816265106201
1 -2.69750864774266E-15 0
28.9373950958252 12.9019889831543 21.9816265106201
28.9373950958252 12.9019889831543 20.9973754882813
28.9373950958252 14.2190237045288 20.9973754882813
1 -2.69750864774266E-15 0
28.9373950958252 12.9019889831543 20.9973754882813
28.9373950958252 12.9019889831543 21.9816265106201
29.593563079834 12.9019889831543 21.9816265106201
2.70716782324399E-15 1 0
29.593563079834 12.9019889831543 21.9816265106201
29.593563079834 12.9019889831543 20.9973754882813
28.9373950958252 12.9019889831543 20.9973754882813
2.70716782324399E-15 1 0
29.593563079834 12.9019889831543 20.9973754882813
29.593563079834 12.9019889831543 21.9816265106201
29.593563079834 -4.48646259307861 21.9816265106201
1 -1.63451642158249E-15 0
29.593563079834 -4.48646259307861 21.9816265106201
29.593563079834 -4.48646259307861 20.9973754882813
29.593563079834 12.9019889831543 20.9973754882813
1 -1.63451642158249E-15 0
29.593563079834 -4.48646259307861 20.9973754882813
29.593563079834 -4.48646259307861 21.9816265106201
28.9373950958252 -4.48646259307861 21.9816265106201
-2.70716782324597E-15 -1 0
28.9373950958252 -4.48646259307861 21.9816265106201
28.9373950958252 -4.48646259307861 20.9973754882813
29.593563079834 -4.48646259307861 20.9973754882813
-2.70716782324597E-15 -1 0
28.9373950958252 -4.48646259307861 20.9973754882813
28.9373950958252 -4.48646259307861 21.9816265106201
28.9373950958252 -5.1426305770874 21.9816265106201
1 0 0
28.9373950958252 -5.1426305770874 21.9816265106201
28.9373950958252 -5.1426305770874 20.9973754882813
28.9373950958252 -4.48646259307861 20.9973754882813
1 0 0
28.9373950958252 -5.1426305770874 20.9973754882813
28.9373950958252 -5.1426305770874 21.9816265106201
14.5016994476318 -5.1426305770874 21.9816265106201
-3.26090669618248E-15 -1 0
14.5016994476318 -5.1426305770874 21.9816265106201
14.5016994476318 -5.1426305770874 20.9973754882813
28.9373950958252 -5.1426305770874 20.9973754882813
-3.26090669618248E-15 -1 0
14.5016994476318 -5.1426305770874 20.9973754882813
14.5016994476318 -5.1426305770874 21.9816265106201
14.5016994476318 -4.48646259307861 21.9816265106201
-1 2.70716782324295E-15 0
14.5016994476318 -4.48646259307861 21.9816265106201
14.5016994476318 -4.48646259307861 20.9973754882813
14.5016994476318 -5.1426305770874 20.9973754882813
-1 2.70716782324295E-15 0
14.5016994476318 -4.48646259307861 20.9973754882813
14.5016994476318 -4.48646259307861 21.9816265106201
13.845531463623 -4.48646259307861 21.9816265106201
-2.70716782324597E-15 -1 0
13.845531463623 -4.48646259307861 21.9816265106201
13.845531463623 -4.48646259307861 20.9973754882813
14.5016994476318 -4.48646259307861 20.9973754882813
-2.70716782324597E-15 -1 0
13.845531463623 -4.48646259307861 20.9973754882813
13.845531463623 -4.48646259307861 21.9816265106201
13.845531463623 12.9019889831543 21.9816265106201
-1 1.63451642158245E-15 0
13.845531463623 12.9019889831543 21.9816265106201
13.845531463623 12.9019889831543 20.9973754882813
13.845531463623 -4.48646259307861 20.9973754882813
-1 1.63451642158245E-15 0
13.845531463623 12.9019889831543 20.9973754882813
13.845531463623 12.9019889831543 21.9816265106201
14.5016994476318 12.9019889831543 21.9816265106201
2.7071678232461E-15 1 0
14.5016994476318 12.9019889831543 21.9816265106201
14.5016994476318 12.9019889831543 20.9973754882813
13.845531463623 12.9019889831543 20.9973754882813
2.7071678232461E-15 1 0
[LEVEL]
4F
21.0587310791016 -5.45524263381958 31.824146270752
20.8126697540283 -5.78332662582397 31.824146270752
18.1763324737549 -5.78332662582397 31.824146270752
0 0 -1
20.8126697540283 -5.78332662582397 31.824146270752
21.0587310791016 -5.45524263381958 31.824146270752
20.8126697540283 -7.75196599960327 31.824146270752
0 0 -1
12.4463653564453 -5.45524263381958 31.824146270752
18.1763324737549 -5.78332662582397 31.824146270752
18.1763324737549 -7.75196599960327 31.824146270752
0 0 -1
18.1763324737549 -5.78332662582397 31.824146270752
12.4463653564453 -5.45524263381958 31.824146270752
21.0587310791016 -5.45524263381958 31.824146270752
0 0 -1
20.8126697540283 -7.75196599960327 31.824146270752
21.0587310791016 -10.1303691864014 31.824146270752
18.1763324737549 -7.75196599960327 31.824146270752
0 0 -1
21.0587310791016 -10.1303691864014 31.824146270752
20.8126697540283 -7.75196599960327 31.824146270752
21.0587310791016 -5.45524263381958 31.824146270752
0 0 -1
18.1763324737549 -7.75196599960327 31.824146270752
12.4463653564453 -10.1303691864014 31.824146270752
12.4463653564453 -5.45524263381958 31.824146270752
0 0 -1
12.4463653564453 -10.1303691864014 31.824146270752
18.1763324737549 -7.75196599960327 31.824146270752
21.0587310791016 -10.1303691864014 31.824146270752
0 0 -1
21.0587310791016 -10.1303691864014 32.8083992004395
20.8126697540283 -7.75196599960327 32.8083992004395
18.1763324737549 -7.75196599960327 32.8083992004395
0 0 1
20.8126697540283 -7.75196599960327 32.8083992004395
21.0587310791016 -10.1303691864014 32.8083992004395
21.0587310791016 -5.45524263381958 32.8083992004395
0 0 1
12.4463653564453 -10.1303691864014 32.8083992004395
18.1763324737549 -7.75196599960327 32.8083992004395
12.4463653564453 -5.45524263381958 32.8083992004395
0 0 1
18.1763324737549 -7.75196599960327 32.8083992004395
12.4463653564453 -10.1303691864014 32.8083992004395
21.0587310791016 -10.1303691864014 32.8083992004395
0 0 1
20.8126697540283 -5.78332662582397 32.8083992004395
21.0587310791016 -5.45524263381958 32.8083992004395
18.1763324737549 -5.78332662582397 32.8083992004395
0 0 1
21.0587310791016 -5.45524263381958 32.8083992004395
20.8126697540283 -5.78332662582397 32.8083992004395
20.8126697540283 -7.75196599960327 32.8083992004395
0 0 1
18.1763324737549 -5.78332662582397 32.8083992004395
12.4463653564453 -5.45524263381958 32.8083992004395
18.1763324737549 -7.75196599960327 32.8083992004395
0 0 1
12.4463653564453 -5.45524263381958 32.8083992004395
18.1763324737549 -5.78332662582397 32.8083992004395
21.0587310791016 -5.45524263381958 32.8083992004395
0 0 1
21.0587310791016 -5.45524263381958 31.824146270752
21.0587310791016 -5.45524263381958 32.8083992004395
21.0587310791016 -10.1303691864014 32.8083992004395
1 0 0
21.0587310791016 -10.1303691864014 32.8083992004395
21.0587310791016 -10.1303691864014 31.824146270752
21.0587310791016 -5.45524263381958 31.824146270752
1 0 0
21.0587310791016 -10.1303691864014 31.824146270752
21.0587310791016 -10.1303691864014 32.8083992004395
12.4463653564453 -10.1303691864014 32.8083992004395
0 -1 0
12.4463653564453 -10.1303691864014 32.8083992004395
12.4463653564453 -10.1303691864014 31.824146270752
21.0587310791016 -10.1303691864014 31.824146270752
0 -1 0
12.4463653564453 -10.1303691864014 31.824146270752
12.4463653564453 -10.1303691864014 32.8083992004395
12.4463653564453 -5.45524263381958 32.8083992004395
-1 0 0
12.4463653564453 -5.45524263381958 32.8083992004395
12.4463653564453 -5.45524263381958 31.824146270752
12.4463653564453 -10.1303691864014 31.824146270752
-1 0 0
12.4463653564453 -5.45524263381958 31.824146270752
12.4463653564453 -5.45524263381958 32.8083992004395
21.0587310791016 -5.45524263381958 32.8083992004395
0 1 0
21.0587310791016 -5.45524263381958 32.8083992004395
21.0587310791016 -5.45524263381958 31.824146270752
12.4463653564453 -5.45524263381958 31.824146270752
0 1 0
20.8126697540283 -5.78332662582397 31.824146270752
20.8126697540283 -5.78332662582397 32.8083992004395
18.1763324737549 -5.78332662582397 32.8083992004395
0 -1 0
18.1763324737549 -5.78332662582397 32.8083992004395
18.1763324737549 -5.78332662582397 31.824146270752
20.8126697540283 -5.78332662582397 31.824146270752
0 -1 0
18.1763324737549 -5.78332662582397 31.824146270752
18.1763324737549 -5.78332662582397 32.8083992004395
18.1763324737549 -7.75196599960327 32.8083992004395
1 0 0
18.1763324737549 -7.75196599960327 32.8083992004395
18.1763324737549 -7.75196599960327 31.824146270752
18.1763324737549 -5.78332662582397 31.824146270752
1 0 0
18.1763324737549 -7.75196599960327 31.824146270752
18.1763324737549 -7.75196599960327 32.8083992004395
20.8126697540283 -7.75196599960327 32.8083992004395
0 1 0
20.8126697540283 -7.75196599960327 32.8083992004395
20.8126697540283 -7.75196599960327 31.824146270752
18.1763324737549 -7.75196599960327 31.824146270752
0 1 0
20.8126697540283 -7.75196599960327 31.824146270752
20.8126697540283 -7.75196599960327 32.8083992004395
20.8126697540283 -5.78332662582397 32.8083992004395
-1 0 0
20.8126697540283 -5.78332662582397 32.8083992004395
20.8126697540283 -5.78332662582397 31.824146270752
20.8126697540283 -7.75196599960327 31.824146270752
-1 0 0
-11.5809774398804 2.56734323501587 31.824146270752
-11.5809774398804 7.48897409439087 31.824146270752
-3.21483564376831 2.56734323501587 31.824146270752
0 0 -1
-3.21483564376831 2.56734323501587 31.824146270752
-11.5809774398804 7.48897409439087 31.824146270752
-3.21483564376831 14.2143249511719 31.824146270752
0 0 -1
-13.3854389190674 14.2143249511719 31.824146270752
-3.21483564376831 14.2143249511719 31.824146270752
-11.5809774398804 7.48897409439087 31.824146270752
0 0 -1
-13.3854389190674 14.2143249511719 31.824146270752
-11.5809774398804 7.48897409439087 31.824146270752
-13.3854389190674 7.48897409439087 31.824146270752
0 0 -1
7.11981010437012 -5.1426305770874 31.824146270752
7.15261840820313 -2.68200063705444 31.824146270752
13.1893634796143 -5.1426305770874 31.824146270752
0 0 -1
7.15261840820313 -2.68200063705444 31.824146270752
7.11981010437012 -5.1426305770874 31.824146270752
7.11981010437012 -2.68200063705444 31.824146270752
0 0 -1
13.1893634796143 -5.1426305770874 31.824146270752
7.15261840820313 -2.68200063705444 31.824146270752
7.15261840820313 -2.35391664505005 31.824146270752
0 0 -1
7.15261840820313 -2.35391664505005 31.824146270752
-1.90249967575073 12.9019889831543 31.824146270752
13.1893634796143 14.2143249511719 31.824146270752
0 0 -1
7.15261840820313 -2.35391664505005 31.824146270752
-2.55866765975952 -2.35391664505005 31.824146270752
-1.90249967575073 12.9019889831543 31.824146270752
0 0 -1
13.1893634796143 14.2143249511719 31.824146270752
-1.90249967575073 12.9019889831543 31.824146270752
-1.90249967575073 14.2143249511719 31.824146270752
0 0 -1
7.15261840820313 -2.35391664505005 31.824146270752
13.1893634796143 14.2143249511719 31.824146270752
13.1893634796143 -5.1426305770874 31.824146270752
0 0 -1
-1.90249967575073 12.9019889831543 31.824146270752
-2.55866765975952 -2.35391664505005 31.824146270752
-2.55866765975952 12.9019889831543 31.824146270752
0 0 -1
28.9373950958252 -4.48646259307861 31.824146270752
14.5016994476318 -4.48646259307861 31.824146270752
28.9373950958252 12.9019889831543 31.824146270752
0 0 -1
14.5016994476318 -5.1426305770874 31.824146270752
14.5016994476318 -4.48646259307861 31.824146270752
28.9373950958252 -4.48646259307861 31.824146270752
0 0 -1
28.9373950958252 -4.48646259307861 31.824146270752
28.9373950958252 -5.1426305770874 31.824146270752
14.5016994476318 -5.1426305770874 31.824146270752
0 0 -1
29.593563079834 12.9019889831543 31.824146270752
29.593563079834 -4.48646259307861 31.824146270752
28.9373950958252 -4.48646259307861 31.824146270752
0 0 -1
13.845531463623 12.9019889831543 31.824146270752
14.5016994476318 -4.48646259307861 31.824146270752
13.845531463623 -4.48646259307861 31.824146270752
0 0 -1
14.5016994476318 12.9019889831543 31.824146270752
14.5016994476318 14.2190237045288 31.824146270752
28.9373950958252 12.9019889831543 31.824146270752
0 0 -1
14.5016994476318 12.9019889831543 31.824146270752
28.9373950958252 12.9019889831543 31.824146270752
14.5016994476318 -4.48646259307861 31.824146270752
0 0 -1
28.9373950958252 14.2190237045288 31.824146270752
28.9373950958252 12.9019889831543 31.824146270752
14.5016994476318 14.2190237045288 31.824146270752
0 0 -1
29.593563079834 12.9019889831543 31.824146270752
28.9373950958252 -4.48646259307861 31.824146270752
28.9373950958252 12.9019889831543 31.824146270752
0 0 -1
14.5016994476318 -4.48646259307861 31.824146270752
13.845531463623 12.9019889831543 31.824146270752
14.5016994476318 12.9019889831543 31.824146270752
0 0 -1
-3.21483564376831 14.2143249511719 32.8083992004395
-13.3854389190674 14.2143249511719 32.8083992004395
-11.5809774398804 7.48897409439087 32.8083992004395
0 0 1
-11.5809774398804 7.48897409439087 32.8083992004395
-13.3854389190674 14.2143249511719 32.8083992004395
-13.3854389190674 7.48897409439087 32.8083992004395
0 0 1
-11.5809774398804 7.48897409439087 32.8083992004395
-11.5809774398804 2.56734323501587 32.8083992004395
-3.21483564376831 2.56734323501587 32.8083992004395
0 0 1
-11.5809774398804 7.48897409439087 32.8083992004395
-3.21483564376831 2.56734323501587 32.8083992004395
-3.21483564376831 14.2143249511719 32.8083992004395
0 0 1
13.1893634796143 14.2143249511719 32.8083992004395
-1.90249967575073 12.9019889831543 32.8083992004395
7.15261840820313 -2.35391664505005 32.8083992004395
0 0 1
-1.90249967575073 12.9019889831543 32.8083992004395
13.1893634796143 14.2143249511719 32.8083992004395
-1.90249967575073 14.2143249511719 32.8083992004395
0 0 1
-2.55866765975952 -2.35391664505005 32.8083992004395
7.15261840820313 -2.35391664505005 32.8083992004395
-1.90249967575073 12.9019889831543 32.8083992004395
0 0 1
13.1893634796143 14.2143249511719 32.8083992004395
7.15261840820313 -2.35391664505005 32.8083992004395
13.1893634796143 -5.1426305770874 32.8083992004395
0 0 1
-1.90249967575073 12.9019889831543 32.8083992004395
-2.55866765975952 12.9019889831543 32.8083992004395
-2.55866765975952 -2.35391664505005 32.8083992004395
0 0 1
7.11981010437012 -2.68200063705444 32.8083992004395
7.11981010437012 -5.1426305770874 32.8083992004395
7.15261840820313 -2.68200063705444 32.8083992004395
0 0 1
7.15261840820313 -2.68200063705444 32.8083992004395
7.11981010437012 -5.1426305770874 32.8083992004395
13.1893634796143 -5.1426305770874 32.8083992004395
0 0 1
7.15261840820313 -2.68200063705444 32.8083992004395
13.1893634796143 -5.1426305770874 32.8083992004395
7.15261840820313 -2.35391664505005 32.8083992004395
0 0 1
28.9373950958252 12.9019889831543 32.8083992004395
14.5016994476318 12.9019889831543 32.8083992004395
14.5016994476318 -4.48646259307861 32.8083992004395
0 0 1
14.5016994476318 14.2190237045288 32.8083992004395
14.5016994476318 12.9019889831543 32.8083992004395
28.9373950958252 12.9019889831543 32.8083992004395
0 0 1
28.9373950958252 12.9019889831543 32.8083992004395
28.9373950958252 14.2190237045288 32.8083992004395
14.5016994476318 14.2190237045288 32.8083992004395
0 0 1
28.9373950958252 -4.48646259307861 32.8083992004395
29.593563079834 12.9019889831543 32.8083992004395
28.9373950958252 12.9019889831543 32.8083992004395
0 0 1
14.5016994476318 -4.48646259307861 32.8083992004395
14.5016994476318 12.9019889831543 32.8083992004395
13.845531463623 12.9019889831543 32.8083992004395
0 0 1
14.5016994476318 -4.48646259307861 32.8083992004395
14.5016994476318 -5.1426305770874 32.8083992004395
28.9373950958252 -4.48646259307861 32.8083992004395
0 0 1
14.5016994476318 -4.48646259307861 32.8083992004395
28.9373950958252 -4.48646259307861 32.8083992004395
28.9373950958252 12.9019889831543 32.8083992004395
0 0 1
28.9373950958252 -5.1426305770874 32.8083992004395
28.9373950958252 -4.48646259307861 32.8083992004395
14.5016994476318 -5.1426305770874 32.8083992004395
0 0 1
29.593563079834 -4.48646259307861 32.8083992004395
29.593563079834 12.9019889831543 32.8083992004395
28.9373950958252 -4.48646259307861 32.8083992004395
0 0 1
13.845531463623 12.9019889831543 32.8083992004395
13.845531463623 -4.48646259307861 32.8083992004395
14.5016994476318 -4.48646259307861 32.8083992004395
0 0 1
-13.3854389190674 7.48897409439087 31.824146270752
-13.3854389190674 7.48897409439087 32.8083992004395
-13.3854389190674 14.2143249511719 32.8083992004395
-1 1.58477101513316E-15 0
-13.3854389190674 14.2143249511719 32.8083992004395
-13.3854389190674 14.2143249511719 31.824146270752
-13.3854389190674 7.48897409439087 31.824146270752
-1 1.58477101513316E-15 0
-13.3854389190674 14.2143249511719 31.824146270752
-13.3854389190674 14.2143249511719 32.8083992004395
-3.21483564376831 14.2143249511719 32.8083992004395
3.14380779473767E-15 1 0
-3.21483564376831 14.2143249511719 32.8083992004395
-3.21483564376831 14.2143249511719 31.824146270752
-13.3854389190674 14.2143249511719 31.824146270752
3.14380779473767E-15 1 0
-3.21483564376831 14.2143249511719 31.824146270752
-3.21483564376831 14.2143249511719 32.8083992004395
-3.21483564376831 2.56734323501587 32.8083992004395
1 -1.60142321938495E-15 0
-3.21483564376831 2.56734323501587 32.8083992004395
-3.21483564376831 2.56734323501587 31.824146270752
-3.21483564376831 14.2143249511719 31.824146270752
1 -1.60142321938495E-15 0
-3.21483564376831 2.56734323501587 31.824146270752
-3.21483564376831 2.56734323501587 32.8083992004395
-11.5809774398804 2.56734323501587 32.8083992004395
-3.23798504349054E-15 -1 0
-11.5809774398804 2.56734323501587 32.8083992004395
-11.5809774398804 2.56734323501587 31.824146270752
-3.21483564376831 2.56734323501587 31.824146270752
-3.23798504349054E-15 -1 0
-11.5809774398804 2.56734323501587 31.824146270752
-11.5809774398804 2.56734323501587 32.8083992004395
-11.5809774398804 7.48897409439087 32.8083992004395
-1 1.44371401003849E-15 0
-11.5809774398804 7.48897409439087 32.8083992004395
-11.5809774398804 7.48897409439087 31.824146270752
-11.5809774398804 2.56734323501587 31.824146270752
-1 1.44371401003849E-15 0
-11.5809774398804 7.48897409439087 31.824146270752
-11.5809774398804 7.48897409439087 32.8083992004395
-13.3854389190674 7.48897409439087 32.8083992004395
-3.44548632049617E-15 -1 0
-13.3854389190674 7.48897409439087 32.8083992004395
-13.3854389190674 7.48897409439087 31.824146270752
-11.5809774398804 7.48897409439087 31.824146270752
-3.44548632049617E-15 -1 0
-1.90249967575073 12.9019889831543 31.824146270752
-1.90249967575073 12.9019889831543 32.8083992004395
-1.90249967575073 14.2143249511719 32.8083992004395
-1 1.35358391162264E-15 0
-1.90249967575073 14.2143249511719 32.8083992004395
-1.90249967575073 14.2143249511719 31.824146270752
-1.90249967575073 12.9019889831543 31.824146270752
-1 1.35358391162264E-15 0
-1.90249967575073 14.2143249511719 31.824146270752
-1.90249967575073 14.2143249511719 32.8083992004395
13.1893634796143 14.2143249511719 32.8083992004395
3.17797961859303E-15 1 0
13.1893634796143 14.2143249511719 32.8083992004395
13.1893634796143 14.2143249511719 31.824146270752
-1.90249967575073 14.2143249511719 31.824146270752
3.17797961859303E-15 1 0
13.1893634796143 14.2143249511719 31.824146270752
13.1893634796143 14.2143249511719 32.8083992004395
13.1893634796143 -5.1426305770874 32.8083992004395
1 -1.6518312141839E-15 0
13.1893634796143 -5.1426305770874 32.8083992004395
13.1893634796143 -5.1426305770874 31.824146270752
13.1893634796143 14.2143249511719 31.824146270752
1 -1.6518312141839E-15 0
13.1893634796143 -5.1426305770874 31.824146270752
13.1893634796143 -5.1426305770874 32.8083992004395
7.11981010437012 -5.1426305770874 32.8083992004395
-3.21933470872497E-15 -1 0
7.11981010437012 -5.1426305770874 32.8083992004395
7.11981010437012 -5.1426305770874 31.824146270752
13.1893634796143 -5.1426305770874 31.824146270752
-3.21933470872497E-15 -1 0
7.11981010437012 -5.1426305770874 31.824146270752
7.11981010437012 -5.1426305770874 32.8083992004395
7.11981010437012 -2.68200063705444 32.8083992004395
-1 1.44382283906417E-15 0
7.11981010437012 -2.68200063705444 32.8083992004395
7.11981010437012 -2.68200063705444 31.824146270752
7.11981010437012 -5.1426305770874 31.824146270752
-1 1.44382283906417E-15 0
7.11981010437012 -2.68200063705444 31.824146270752
7.11981010437012 -2.68200063705444 32.8083992004395
7.15261840820313 -2.68200063705444 32.8083992004395
0 1 0
7.15261840820313 -2.68200063705444 32.8083992004395
7.15261840820313 -2.68200063705444 31.824146270752
7.11981010437012 -2.68200063705444 31.824146270752
0 1 0
7.15261840820313 -2.68200063705444 31.824146270752
7.15261840820313 -2.68200063705444 32.8083992004395
7.15261840820313 -2.35391664505005 32.8083992004395
-1 2.70716782324598E-15 0
7.15261840820313 -2.35391664505005 32.8083992004395
7.15261840820313 -2.35391664505005 31.824146270752
7.15261840820313 -2.68200063705444 31.824146270752
-1 2.70716782324598E-15 0
7.15261840820313 -2.35391664505005 31.824146270752
7.15261840820313 -2.35391664505005 32.8083992004395
-2.55866765975952 -2.35391664505005 32.8083992004395
-3.24677222044671E-15 -1 0
-2.55866765975952 -2.35391664505005 32.8083992004395
-2.55866765975952 -2.35391664505005 31.824146270752
7.15261840820313 -2.35391664505005 31.824146270752
-3.24677222044671E-15 -1 0
-2.55866765975952 -2.35391664505005 31.824146270752
-2.55866765975952 -2.35391664505005 32.8083992004395
-2.55866765975952 12.9019889831543 32.8083992004395
-1 1.60101322880137E-15 0
-2.55866765975952 12.9019889831543 32.8083992004395
-2.55866765975952 12.9019889831543 31.824146270752
-2.55866765975952 -2.35391664505005 31.824146270752
-1 1.60101322880137E-15 0
-2.55866765975952 12.9019889831543 31.824146270752
-2.55866765975952 12.9019889831543 32.8083992004395
-1.90249967575073 12.9019889831543 32.8083992004395
2.7071678232486E-15 1 0
-1.90249967575073 12.9019889831543 32.8083992004395
-1.90249967575073 12.9019889831543 31.824146270752
-2.55866765975952 12.9019889831543 31.824146270752
2.7071678232486E-15 1 0
14.5016994476318 12.9019889831543 31.824146270752
14.5016994476318 12.9019889831543 32.8083992004395
14.5016994476318 14.2190237045288 32.8083992004395
-1 1.34875432387129E-15 0
14.5016994476318 14.2190237045288 32.8083992004395
14.5016994476318 14.2190237045288 31.824146270752
14.5016994476318 12.9019889831543 31.824146270752
-1 1.34875432387129E-15 0
14.5016994476318 14.2190237045288 31.824146270752
14.5016994476318 14.2190237045288 32.8083992004395
28.9373950958252 14.2190237045288 32.8083992004395
3.19938015474517E-15 1 0
28.9373950958252 14.2190237045288 32.8083992004395
28.9373950958252 14.2190237045288 31.824146270752
14.5016994476318 14.2190237045288 31.824146270752
3.19938015474517E-15 1 0
28.9373950958252 14.2190237045288 31.824146270752
28.9373950958252 14.2190237045288 32.8083992004395
28.9373950958252 12.9019889831543 32.8083992004395
1 -2.69750864774266E-15 0
28.9373950958252 12.9019889831543 32.8083992004395
28.9373950958252 12.9019889831543 31.824146270752
28.9373950958252 14.2190237045288 31.824146270752
1 -2.69750864774266E-15 0
28.9373950958252 12.9019889831543 31.824146270752
28.9373950958252 12.9019889831543 32.8083992004395
29.593563079834 12.9019889831543 32.8083992004395
2.707167823244E-15 1 0
29.593563079834 12.9019889831543 32.8083992004395
29.593563079834 12.9019889831543 31.824146270752
28.9373950958252 12.9019889831543 31.824146270752
2.707167823244E-15 1 0
29.593563079834 12.9019889831543 31.824146270752
29.593563079834 12.9019889831543 32.8083992004395
29.593563079834 -4.48646259307861 32.8083992004395
1 -1.63451642158249E-15 0
29.593563079834 -4.48646259307861 32.8083992004395
29.593563079834 -4.48646259307861 31.824146270752
29.593563079834 12.9019889831543 31.824146270752
1 -1.63451642158249E-15 0
29.593563079834 -4.48646259307861 31.824146270752
29.593563079834 -4.48646259307861 32.8083992004395
28.9373950958252 -4.48646259307861 32.8083992004395
-2.70716782324598E-15 -1 0
28.9373950958252 -4.48646259307861 32.8083992004395
28.9373950958252 -4.48646259307861 31.824146270752
29.593563079834 -4.48646259307861 31.824146270752
-2.70716782324598E-15 -1 0
28.9373950958252 -4.48646259307861 31.824146270752
28.9373950958252 -4.48646259307861 32.8083992004395
28.9373950958252 -5.1426305770874 32.8083992004395
1 0 0
28.9373950958252 -5.1426305770874 32.8083992004395
28.9373950958252 -5.1426305770874 31.824146270752
28.9373950958252 -4.48646259307861 31.824146270752
1 0 0
28.9373950958252 -5.1426305770874 31.824146270752
28.9373950958252 -5.1426305770874 32.8083992004395
14.5016994476318 -5.1426305770874 32.8083992004395
-3.26090669618248E-15 -1 0
14.5016994476318 -5.1426305770874 32.8083992004395
14.5016994476318 -5.1426305770874 31.824146270752
28.9373950958252 -5.1426305770874 31.824146270752
-3.26090669618248E-15 -1 0
14.5016994476318 -5.1426305770874 31.824146270752
14.5016994476318 -5.1426305770874 32.8083992004395
14.5016994476318 -4.48646259307861 32.8083992004395
-1 2.70716782324295E-15 0
14.5016994476318 -4.48646259307861 32.8083992004395
14.5016994476318 -4.48646259307861 31.824146270752
14.5016994476318 -5.1426305770874 31.824146270752
-1 2.70716782324295E-15 0
14.5016994476318 -4.48646259307861 31.824146270752
14.5016994476318 -4.48646259307861 32.8083992004395
13.845531463623 -4.48646259307861 32.8083992004395
-2.70716782324597E-15 -1 0
13.845531463623 -4.48646259307861 32.8083992004395
13.845531463623 -4.48646259307861 31.824146270752
14.5016994476318 -4.48646259307861 31.824146270752
-2.70716782324597E-15 -1 0
13.845531463623 -4.48646259307861 31.824146270752
13.845531463623 -4.48646259307861 32.8083992004395
13.845531463623 12.9019889831543 32.8083992004395
-1 1.63451642158245E-15 0
13.845531463623 12.9019889831543 32.8083992004395
13.845531463623 12.9019889831543 31.824146270752
13.845531463623 -4.48646259307861 31.824146270752
-1 1.63451642158245E-15 0
13.845531463623 12.9019889831543 31.824146270752
13.845531463623 12.9019889831543 32.8083992004395
14.5016994476318 12.9019889831543 32.8083992004395
2.7071678232461E-15 1 0
14.5016994476318 12.9019889831543 32.8083992004395
14.5016994476318 12.9019889831543 31.824146270752
13.845531463623 12.9019889831543 31.824146270752
2.7071678232461E-15 1 0
[LEVEL]
5F
21.0362567901611 -5.45524263381958 42.6509170532227
20.7901935577393 -5.78332662582397 42.6509170532227
18.1538581848145 -5.78332662582397 42.6509170532227
0 0 -1
20.7901935577393 -5.78332662582397 42.6509170532227
21.0362567901611 -5.45524263381958 42.6509170532227
20.7901935577393 -7.75196599960327 42.6509170532227
0 0 -1
12.4238910675049 -5.45524263381958 42.6509170532227
18.1538581848145 -5.78332662582397 42.6509170532227
18.1538581848145 -7.75196599960327 42.6509170532227
0 0 -1
18.1538581848145 -5.78332662582397 42.6509170532227
12.4238910675049 -5.45524263381958 42.6509170532227
21.0362567901611 -5.45524263381958 42.6509170532227
0 0 -1
20.7901935577393 -7.75196599960327 42.6509170532227
21.0362567901611 -10.1303691864014 42.6509170532227
18.1538581848145 -7.75196599960327 42.6509170532227
0 0 -1
21.0362567901611 -10.1303691864014 42.6509170532227
20.7901935577393 -7.75196599960327 42.6509170532227
21.0362567901611 -5.45524263381958 42.6509170532227
0 0 -1
18.1538581848145 -7.75196599960327 42.6509170532227
12.4238910675049 -10.1303691864014 42.6509170532227
12.4238910675049 -5.45524263381958 42.6509170532227
0 0 -1
12.4238910675049 -10.1303691864014 42.6509170532227
18.1538581848145 -7.75196599960327 42.6509170532227
21.0362567901611 -10.1303691864014 42.6509170532227
0 0 -1
21.0362567901611 -10.1303691864014 43.6351699829102
20.7901935577393 -7.75196599960327 43.6351699829102
18.1538581848145 -7.75196599960327 43.6351699829102
0 0 1
20.7901935577393 -7.75196599960327 43.6351699829102
21.0362567901611 -10.1303691864014 43.6351699829102
21.0362567901611 -5.45524263381958 43.6351699829102
0 0 1
12.4238910675049 -10.1303691864014 43.6351699829102
18.1538581848145 -7.75196599960327 43.6351699829102
12.4238910675049 -5.45524263381958 43.6351699829102
0 0 1
18.1538581848145 -7.75196599960327 43.6351699829102
12.4238910675049 -10.1303691864014 43.6351699829102
21.0362567901611 -10.1303691864014 43.6351699829102
0 0 1
20.7901935577393 -5.78332662582397 43.6351699829102
21.0362567901611 -5.45524263381958 43.6351699829102
18.1538581848145 -5.78332662582397 43.6351699829102
0 0 1
21.0362567901611 -5.45524263381958 43.6351699829102
20.7901935577393 -5.78332662582397 43.6351699829102
20.7901935577393 -7.75196599960327 43.6351699829102
0 0 1
18.1538581848145 -5.78332662582397 43.6351699829102
12.4238910675049 -5.45524263381958 43.6351699829102
18.1538581848145 -7.75196599960327 43.6351699829102
0 0 1
12.4238910675049 -5.45524263381958 43.6351699829102
18.1538581848145 -5.78332662582397 43.6351699829102
21.0362567901611 -5.45524263381958 43.6351699829102
0 0 1
21.0362567901611 -5.45524263381958 42.6509170532227
21.0362567901611 -5.45524263381958 43.6351699829102
21.0362567901611 -10.1303691864014 43.6351699829102
1 0 0
21.0362567901611 -10.1303691864014 43.6351699829102
21.0362567901611 -10.1303691864014 42.6509170532227
21.0362567901611 -5.45524263381958 42.6509170532227
1 0 0
21.0362567901611 -10.1303691864014 42.6509170532227
21.0362567901611 -10.1303691864014 43.6351699829102
12.4238910675049 -10.1303691864014 43.6351699829102
0 -1 0
12.4238910675049 -10.1303691864014 43.6351699829102
12.4238910675049 -10.1303691864014 42.6509170532227
21.0362567901611 -10.1303691864014 42.6509170532227
0 -1 0
12.4238910675049 -10.1303691864014 42.6509170532227
12.4238910675049 -10.1303691864014 43.6351699829102
12.4238910675049 -5.45524263381958 43.6351699829102
-1 0 0
12.4238910675049 -5.45524263381958 43.6351699829102
12.4238910675049 -5.45524263381958 42.6509170532227
12.4238910675049 -10.1303691864014 42.6509170532227
-1 0 0
12.4238910675049 -5.45524263381958 42.6509170532227
12.4238910675049 -5.45524263381958 43.6351699829102
21.0362567901611 -5.45524263381958 43.6351699829102
0 1 0
21.0362567901611 -5.45524263381958 43.6351699829102
21.0362567901611 -5.45524263381958 42.6509170532227
12.4238910675049 -5.45524263381958 42.6509170532227
0 1 0
20.7901935577393 -5.78332662582397 42.6509170532227
20.7901935577393 -5.78332662582397 43.6351699829102
18.1538581848145 -5.78332662582397 43.6351699829102
0 -1 0
18.1538581848145 -5.78332662582397 43.6351699829102
18.1538581848145 -5.78332662582397 42.6509170532227
20.7901935577393 -5.78332662582397 42.6509170532227
0 -1 0
18.1538581848145 -5.78332662582397 42.6509170532227
18.1538581848145 -5.78332662582397 43.6351699829102
18.1538581848145 -7.75196599960327 43.6351699829102
1 0 0
18.1538581848145 -7.75196599960327 43.6351699829102
18.1538581848145 -7.75196599960327 42.6509170532227
18.1538581848145 -5.78332662582397 42.6509170532227
1 0 0
18.1538581848145 -7.75196599960327 42.6509170532227
18.1538581848145 -7.75196599960327 43.6351699829102
20.7901935577393 -7.75196599960327 43.6351699829102
0 1 0
20.7901935577393 -7.75196599960327 43.6351699829102
20.7901935577393 -7.75196599960327 42.6509170532227
18.1538581848145 -7.75196599960327 42.6509170532227
0 1 0
20.7901935577393 -7.75196599960327 42.6509170532227
20.7901935577393 -7.75196599960327 43.6351699829102
20.7901935577393 -5.78332662582397 43.6351699829102
-1 0 0
20.7901935577393 -5.78332662582397 43.6351699829102
20.7901935577393 -5.78332662582397 42.6509170532227
20.7901935577393 -7.75196599960327 42.6509170532227
-1 0 0
-11.5809774398804 2.56734323501587 42.6509170532227
-11.5809774398804 7.48897409439087 42.6509170532227
-3.21483564376831 2.56734323501587 42.6509170532227
0 0 -1
-3.21483564376831 2.56734323501587 42.6509170532227
-11.5809774398804 7.48897409439087 42.6509170532227
-3.21483564376831 14.2143249511719 42.6509170532227
0 0 -1
-13.3854389190674 14.2143249511719 42.6509170532227
-3.21483564376831 14.2143249511719 42.6509170532227
-11.5809774398804 7.48897409439087 42.6509170532227
0 0 -1
-13.3854389190674 14.2143249511719 42.6509170532227
-11.5809774398804 7.48897409439087 42.6509170532227
-13.3854389190674 7.48897409439087 42.6509170532227
0 0 -1
7.11981010437012 -5.1426305770874 42.6509170532227
7.15261840820313 -2.68200063705444 42.6509170532227
13.1893634796143 -5.1426305770874 42.6509170532227
0 0 -1
7.15261840820313 -2.68200063705444 42.6509170532227
7.11981010437012 -5.1426305770874 42.6509170532227
7.11981010437012 -2.68200063705444 42.6509170532227
0 0 -1
13.1893634796143 -5.1426305770874 42.6509170532227
7.15261840820313 -2.68200063705444 42.6509170532227
7.15261840820313 -2.35391664505005 42.6509170532227
0 0 -1
7.15261840820313 -2.35391664505005 42.6509170532227
-1.90249967575073 12.9019889831543 42.6509170532227
13.1893634796143 14.2143249511719 42.6509170532227
0 0 -1
7.15261840820313 -2.35391664505005 42.6509170532227
-2.55866765975952 -2.35391664505005 42.6509170532227
-1.90249967575073 12.9019889831543 42.6509170532227
0 0 -1
13.1893634796143 14.2143249511719 42.6509170532227
-1.90249967575073 12.9019889831543 42.6509170532227
-1.90249967575073 14.2143249511719 42.6509170532227
0 0 -1
7.15261840820313 -2.35391664505005 42.6509170532227
13.1893634796143 14.2143249511719 42.6509170532227
13.1893634796143 -5.1426305770874 42.6509170532227
0 0 -1
-1.90249967575073 12.9019889831543 42.6509170532227
-2.55866765975952 -2.35391664505005 42.6509170532227
-2.55866765975952 12.9019889831543 42.6509170532227
0 0 -1
28.9373950958252 -4.48646259307861 42.6509170532227
14.5016994476318 -4.48646259307861 42.6509170532227
28.9373950958252 12.9019889831543 42.6509170532227
0 0 -1
14.5016994476318 -5.1426305770874 42.6509170532227
14.5016994476318 -4.48646259307861 42.6509170532227
28.9373950958252 -4.48646259307861 42.6509170532227
0 0 -1
28.9373950958252 -4.48646259307861 42.6509170532227
28.9373950958252 -5.1426305770874 42.6509170532227
14.5016994476318 -5.1426305770874 42.6509170532227
0 0 -1
29.593563079834 12.9019889831543 42.6509170532227
29.593563079834 -4.48646259307861 42.6509170532227
28.9373950958252 -4.48646259307861 42.6509170532227
0 0 -1
13.845531463623 12.9019889831543 42.6509170532227
14.5016994476318 -4.48646259307861 42.6509170532227
13.845531463623 -4.48646259307861 42.6509170532227
0 0 -1
14.5016994476318 12.9019889831543 42.6509170532227
14.5016994476318 14.2190237045288 42.6509170532227
28.9373950958252 12.9019889831543 42.6509170532227
0 0 -1
14.5016994476318 12.9019889831543 42.6509170532227
28.9373950958252 12.9019889831543 42.6509170532227
14.5016994476318 -4.48646259307861 42.6509170532227
0 0 -1
28.9373950958252 14.2190237045288 42.6509170532227
28.9373950958252 12.9019889831543 42.6509170532227
14.5016994476318 14.2190237045288 42.6509170532227
0 0 -1
29.593563079834 12.9019889831543 42.6509170532227
28.9373950958252 -4.48646259307861 42.6509170532227
28.9373950958252 12.9019889831543 42.6509170532227
0 0 -1
14.5016994476318 -4.48646259307861 42.6509170532227
13.845531463623 12.9019889831543 42.6509170532227
14.5016994476318 12.9019889831543 42.6509170532227
0 0 -1
-3.21483564376831 14.2143249511719 43.6351699829102
-13.3854389190674 14.2143249511719 43.6351699829102
-11.5809774398804 7.48897409439087 43.6351699829102
0 0 1
-11.5809774398804 7.48897409439087 43.6351699829102
-13.3854389190674 14.2143249511719 43.6351699829102
-13.3854389190674 7.48897409439087 43.6351699829102
0 0 1
-11.5809774398804 7.48897409439087 43.6351699829102
-11.5809774398804 2.56734323501587 43.6351699829102
-3.21483564376831 2.56734323501587 43.6351699829102
0 0 1
-11.5809774398804 7.48897409439087 43.6351699829102
-3.21483564376831 2.56734323501587 43.6351699829102
-3.21483564376831 14.2143249511719 43.6351699829102
0 0 1
13.1893634796143 14.2143249511719 43.6351699829102
-1.90249967575073 12.9019889831543 43.6351699829102
7.15261840820313 -2.35391664505005 43.6351699829102
0 0 1
-1.90249967575073 12.9019889831543 43.6351699829102
13.1893634796143 14.2143249511719 43.6351699829102
-1.90249967575073 14.2143249511719 43.6351699829102
0 0 1
-2.55866765975952 -2.35391664505005 43.6351699829102
7.15261840820313 -2.35391664505005 43.6351699829102
-1.90249967575073 12.9019889831543 43.6351699829102
0 0 1
13.1893634796143 14.2143249511719 43.6351699829102
7.15261840820313 -2.35391664505005 43.6351699829102
13.1893634796143 -5.1426305770874 43.6351699829102
0 0 1
-1.90249967575073 12.9019889831543 43.6351699829102
-2.55866765975952 12.9019889831543 43.6351699829102
-2.55866765975952 -2.35391664505005 43.6351699829102
0 0 1
7.11981010437012 -2.68200063705444 43.6351699829102
7.11981010437012 -5.1426305770874 43.6351699829102
7.15261840820313 -2.68200063705444 43.6351699829102
0 0 1
7.15261840820313 -2.68200063705444 43.6351699829102
7.11981010437012 -5.1426305770874 43.6351699829102
13.1893634796143 -5.1426305770874 43.6351699829102
0 0 1
7.15261840820313 -2.68200063705444 43.6351699829102
13.1893634796143 -5.1426305770874 43.6351699829102
7.15261840820313 -2.35391664505005 43.6351699829102
0 0 1
28.9373950958252 12.9019889831543 43.6351699829102
14.5016994476318 12.9019889831543 43.6351699829102
14.5016994476318 -4.48646259307861 43.6351699829102
0 0 1
14.5016994476318 14.2190237045288 43.6351699829102
14.5016994476318 12.9019889831543 43.6351699829102
28.9373950958252 12.9019889831543 43.6351699829102
0 0 1
28.9373950958252 12.9019889831543 43.6351699829102
28.9373950958252 14.2190237045288 43.6351699829102
14.5016994476318 14.2190237045288 43.6351699829102
0 0 1
28.9373950958252 -4.48646259307861 43.6351699829102
29.593563079834 12.9019889831543 43.6351699829102
28.9373950958252 12.9019889831543 43.6351699829102
0 0 1
14.5016994476318 -4.48646259307861 43.6351699829102
14.5016994476318 12.9019889831543 43.6351699829102
13.845531463623 12.9019889831543 43.6351699829102
0 0 1
14.5016994476318 -4.48646259307861 43.6351699829102
14.5016994476318 -5.1426305770874 43.6351699829102
28.9373950958252 -4.48646259307861 43.6351699829102
0 0 1
14.5016994476318 -4.48646259307861 43.6351699829102
28.9373950958252 -4.48646259307861 43.6351699829102
28.9373950958252 12.9019889831543 43.6351699829102
0 0 1
28.9373950958252 -5.1426305770874 43.6351699829102
28.9373950958252 -4.48646259307861 43.6351699829102
14.5016994476318 -5.1426305770874 43.6351699829102
0 0 1
29.593563079834 -4.48646259307861 43.6351699829102
29.593563079834 12.9019889831543 43.6351699829102
28.9373950958252 -4.48646259307861 43.6351699829102
0 0 1
13.845531463623 12.9019889831543 43.6351699829102
13.845531463623 -4.48646259307861 43.6351699829102
14.5016994476318 -4.48646259307861 43.6351699829102
0 0 1
-13.3854389190674 7.48897409439087 42.6509170532227
-13.3854389190674 7.48897409439087 43.6351699829102
-13.3854389190674 14.2143249511719 43.6351699829102
-1 1.58477101513316E-15 0
-13.3854389190674 14.2143249511719 43.6351699829102
-13.3854389190674 14.2143249511719 42.6509170532227
-13.3854389190674 7.48897409439087 42.6509170532227
-1 1.58477101513316E-15 0
-13.3854389190674 14.2143249511719 42.6509170532227
-13.3854389190674 14.2143249511719 43.6351699829102
-3.21483564376831 14.2143249511719 43.6351699829102
3.14380779473767E-15 1 0
-3.21483564376831 14.2143249511719 43.6351699829102
-3.21483564376831 14.2143249511719 42.6509170532227
-13.3854389190674 14.2143249511719 42.6509170532227
3.14380779473767E-15 1 0
-3.21483564376831 14.2143249511719 42.6509170532227
-3.21483564376831 14.2143249511719 43.6351699829102
-3.21483564376831 2.56734323501587 43.6351699829102
1 -1.60142321938495E-15 0
-3.21483564376831 2.56734323501587 43.6351699829102
-3.21483564376831 2.56734323501587 42.6509170532227
-3.21483564376831 14.2143249511719 42.6509170532227
1 -1.60142321938495E-15 0
-3.21483564376831 2.56734323501587 42.6509170532227
-3.21483564376831 2.56734323501587 43.6351699829102
-11.5809774398804 2.56734323501587 43.6351699829102
-3.23798504349054E-15 -1 0
-11.5809774398804 2.56734323501587 43.6351699829102
-11.5809774398804 2.56734323501587 42.6509170532227
-3.21483564376831 2.56734323501587 42.6509170532227
-3.23798504349054E-15 -1 0
-11.5809774398804 2.56734323501587 42.6509170532227
-11.5809774398804 2.56734323501587 43.6351699829102
-11.5809774398804 7.48897409439087 43.6351699829102
-1 1.44371401003849E-15 0
-11.5809774398804 7.48897409439087 43.6351699829102
-11.5809774398804 7.48897409439087 42.6509170532227
-11.5809774398804 2.56734323501587 42.6509170532227
-1 1.44371401003849E-15 0
-11.5809774398804 7.48897409439087 42.6509170532227
-11.5809774398804 7.48897409439087 43.6351699829102
-13.3854389190674 7.48897409439087 43.6351699829102
-3.44548632049617E-15 -1 0
-13.3854389190674 7.48897409439087 43.6351699829102
-13.3854389190674 7.48897409439087 42.6509170532227
-11.5809774398804 7.48897409439087 42.6509170532227
-3.44548632049617E-15 -1 0
-1.90249967575073 12.9019889831543 42.6509170532227
-1.90249967575073 12.9019889831543 43.6351699829102
-1.90249967575073 14.2143249511719 43.6351699829102
-1 1.35358391162264E-15 0
-1.90249967575073 14.2143249511719 43.6351699829102
-1.90249967575073 14.2143249511719 42.6509170532227
-1.90249967575073 12.9019889831543 42.6509170532227
-1 1.35358391162264E-15 0
-1.90249967575073 14.2143249511719 42.6509170532227
-1.90249967575073 14.2143249511719 43.6351699829102
13.1893634796143 14.2143249511719 43.6351699829102
3.17797961859303E-15 1 0
13.1893634796143 14.2143249511719 43.6351699829102
13.1893634796143 14.2143249511719 42.6509170532227
-1.90249967575073 14.2143249511719 42.6509170532227
3.17797961859303E-15 1 0
13.1893634796143 14.2143249511719 42.6509170532227
13.1893634796143 14.2143249511719 43.6351699829102
13.1893634796143 -5.1426305770874 43.6351699829102
1 -1.6518312141839E-15 0
13.1893634796143 -5.1426305770874 43.6351699829102
13.1893634796143 -5.1426305770874 42.6509170532227
13.1893634796143 14.2143249511719 42.6509170532227
1 -1.6518312141839E-15 0
13.1893634796143 -5.1426305770874 42.6509170532227
13.1893634796143 -5.1426305770874 43.6351699829102
7.11981010437012 -5.1426305770874 43.6351699829102
-3.21933470872497E-15 -1 0
7.11981010437012 -5.1426305770874 43.6351699829102
7.11981010437012 -5.1426305770874 42.6509170532227
13.1893634796143 -5.1426305770874 42.6509170532227
-3.21933470872497E-15 -1 0
7.11981010437012 -5.1426305770874 42.6509170532227
7.11981010437012 -5.1426305770874 43.6351699829102
7.11981010437012 -2.68200063705444 43.6351699829102
-1 1.44382283906417E-15 0
7.11981010437012 -2.68200063705444 43.6351699829102
7.11981010437012 -2.68200063705444 42.6509170532227
7.11981010437012 -5.1426305770874 42.6509170532227
-1 1.44382283906417E-15 0
7.11981010437012 -2.68200063705444 42.6509170532227
7.11981010437012 -2.68200063705444 43.6351699829102
7.15261840820313 -2.68200063705444 43.6351699829102
0 1 0
7.15261840820313 -2.68200063705444 43.6351699829102
7.15261840820313 -2.68200063705444 42.6509170532227
7.11981010437012 -2.68200063705444 42.6509170532227
0 1 0
7.15261840820313 -2.68200063705444 42.6509170532227
7.15261840820313 -2.68200063705444 43.6351699829102
7.15261840820313 -2.35391664505005 43.6351699829102
-1 2.70716782324598E-15 0
7.15261840820313 -2.35391664505005 43.6351699829102
7.15261840820313 -2.35391664505005 42.6509170532227
7.15261840820313 -2.68200063705444 42.6509170532227
-1 2.70716782324598E-15 0
7.15261840820313 -2.35391664505005 42.6509170532227
7.15261840820313 -2.35391664505005 43.6351699829102
-2.55866765975952 -2.35391664505005 43.6351699829102
-3.24677222044671E-15 -1 0
-2.55866765975952 -2.35391664505005 43.6351699829102
-2.55866765975952 -2.35391664505005 42.6509170532227
7.15261840820313 -2.35391664505005 42.6509170532227
-3.24677222044671E-15 -1 0
-2.55866765975952 -2.35391664505005 42.6509170532227
-2.55866765975952 -2.35391664505005 43.6351699829102
-2.55866765975952 12.9019889831543 43.6351699829102
-1 1.60101322880137E-15 0
-2.55866765975952 12.9019889831543 43.6351699829102
-2.55866765975952 12.9019889831543 42.6509170532227
-2.55866765975952 -2.35391664505005 42.6509170532227
-1 1.60101322880137E-15 0
-2.55866765975952 12.9019889831543 42.6509170532227
-2.55866765975952 12.9019889831543 43.6351699829102
-1.90249967575073 12.9019889831543 43.6351699829102
2.7071678232486E-15 1 0
-1.90249967575073 12.9019889831543 43.6351699829102
-1.90249967575073 12.9019889831543 42.6509170532227
-2.55866765975952 12.9019889831543 42.6509170532227
2.7071678232486E-15 1 0
14.5016994476318 12.9019889831543 42.6509170532227
14.5016994476318 12.9019889831543 43.6351699829102
14.5016994476318 14.2190237045288 43.6351699829102
-1 1.34875432387129E-15 0
14.5016994476318 14.2190237045288 43.6351699829102
14.5016994476318 14.2190237045288 42.6509170532227
14.5016994476318 12.9019889831543 42.6509170532227
-1 1.34875432387129E-15 0
14.5016994476318 14.2190237045288 42.6509170532227
14.5016994476318 14.2190237045288 43.6351699829102
28.9373950958252 14.2190237045288 43.6351699829102
3.19938015474517E-15 1 0
28.9373950958252 14.2190237045288 43.6351699829102
28.9373950958252 14.2190237045288 42.6509170532227
14.5016994476318 14.2190237045288 42.6509170532227
3.19938015474517E-15 1 0
28.9373950958252 14.2190237045288 42.6509170532227
28.9373950958252 14.2190237045288 43.6351699829102
28.9373950958252 12.9019889831543 43.6351699829102
1 -2.69750864774266E-15 0
28.9373950958252 12.9019889831543 43.6351699829102
28.9373950958252 12.9019889831543 42.6509170532227
28.9373950958252 14.2190237045288 42.6509170532227
1 -2.69750864774266E-15 0
28.9373950958252 12.9019889831543 42.6509170532227
28.9373950958252 12.9019889831543 43.6351699829102
29.593563079834 12.9019889831543 43.6351699829102
2.707167823244E-15 1 0
29.593563079834 12.9019889831543 43.6351699829102
29.593563079834 12.9019889831543 42.6509170532227
28.9373950958252 12.9019889831543 42.6509170532227
2.707167823244E-15 1 0
29.593563079834 12.9019889831543 42.6509170532227
29.593563079834 12.9019889831543 43.6351699829102
29.593563079834 -4.48646259307861 43.6351699829102
1 -1.63451642158249E-15 0
29.593563079834 -4.48646259307861 43.6351699829102
29.593563079834 -4.48646259307861 42.6509170532227
29.593563079834 12.9019889831543 42.6509170532227
1 -1.63451642158249E-15 0
29.593563079834 -4.48646259307861 42.6509170532227
29.593563079834 -4.48646259307861 43.6351699829102
28.9373950958252 -4.48646259307861 43.6351699829102
-2.70716782324598E-15 -1 0
28.9373950958252 -4.48646259307861 43.6351699829102
28.9373950958252 -4.48646259307861 42.6509170532227
29.593563079834 -4.48646259307861 42.6509170532227
-2.70716782324598E-15 -1 0
28.9373950958252 -4.48646259307861 42.6509170532227
28.9373950958252 -4.48646259307861 43.6351699829102
28.9373950958252 -5.1426305770874 43.6351699829102
1 0 0
28.9373950958252 -5.1426305770874 43.6351699829102
28.9373950958252 -5.1426305770874 42.6509170532227
28.9373950958252 -4.48646259307861 42.6509170532227
1 0 0
28.9373950958252 -5.1426305770874 42.6509170532227
28.9373950958252 -5.1426305770874 43.6351699829102
14.5016994476318 -5.1426305770874 43.6351699829102
-3.26090669618248E-15 -1 0
14.5016994476318 -5.1426305770874 43.6351699829102
14.5016994476318 -5.1426305770874 42.6509170532227
28.9373950958252 -5.1426305770874 42.6509170532227
-3.26090669618248E-15 -1 0
14.5016994476318 -5.1426305770874 42.6509170532227
14.5016994476318 -5.1426305770874 43.6351699829102
14.5016994476318 -4.48646259307861 43.6351699829102
-1 2.70716782324295E-15 0
14.5016994476318 -4.48646259307861 43.6351699829102
14.5016994476318 -4.48646259307861 42.6509170532227
14.5016994476318 -5.1426305770874 42.6509170532227
-1 2.70716782324295E-15 0
14.5016994476318 -4.48646259307861 42.6509170532227
14.5016994476318 -4.48646259307861 43.6351699829102
13.845531463623 -4.48646259307861 43.6351699829102
-2.70716782324597E-15 -1 0
13.845531463623 -4.48646259307861 43.6351699829102
13.845531463623 -4.48646259307861 42.6509170532227
14.5016994476318 -4.48646259307861 42.6509170532227
-2.70716782324597E-15 -1 0
13.845531463623 -4.48646259307861 42.6509170532227
13.845531463623 -4.48646259307861 43.6351699829102
13.845531463623 12.9019889831543 43.6351699829102
-1 1.63451642158245E-15 0
13.845531463623 12.9019889831543 43.6351699829102
13.845531463623 12.9019889831543 42.6509170532227
13.845531463623 -4.48646259307861 42.6509170532227
-1 1.63451642158245E-15 0
13.845531463623 12.9019889831543 42.6509170532227
13.845531463623 12.9019889831543 43.6351699829102
14.5016994476318 12.9019889831543 43.6351699829102
2.7071678232461E-15 1 0
14.5016994476318 12.9019889831543 43.6351699829102
14.5016994476318 12.9019889831543 42.6509170532227
13.845531463623 12.9019889831543 42.6509170532227
2.7071678232461E-15 1 0
[LEVEL]
6F
21.0362567901611 -5.45524263381958 53.4776916503906
20.7901935577393 -5.78332662582397 53.4776916503906
18.1538581848145 -5.78332662582397 53.4776916503906
0 0 -1
20.7901935577393 -5.78332662582397 53.4776916503906
21.0362567901611 -5.45524263381958 53.4776916503906
20.7901935577393 -7.75196599960327 53.4776916503906
0 0 -1
12.4238910675049 -5.45524263381958 53.4776916503906
18.1538581848145 -5.78332662582397 53.4776916503906
18.1538581848145 -7.75196599960327 53.4776916503906
0 0 -1
18.1538581848145 -5.78332662582397 53.4776916503906
12.4238910675049 -5.45524263381958 53.4776916503906
21.0362567901611 -5.45524263381958 53.4776916503906
0 0 -1
20.7901935577393 -7.75196599960327 53.4776916503906
21.0362567901611 -10.1303691864014 53.4776916503906
18.1538581848145 -7.75196599960327 53.4776916503906
0 0 -1
21.0362567901611 -10.1303691864014 53.4776916503906
20.7901935577393 -7.75196599960327 53.4776916503906
21.0362567901611 -5.45524263381958 53.4776916503906
0 0 -1
18.1538581848145 -7.75196599960327 53.4776916503906
12.4238910675049 -10.1303691864014 53.4776916503906
12.4238910675049 -5.45524263381958 53.4776916503906
0 0 -1
12.4238910675049 -10.1303691864014 53.4776916503906
18.1538581848145 -7.75196599960327 53.4776916503906
21.0362567901611 -10.1303691864014 53.4776916503906
0 0 -1
21.0362567901611 -10.1303691864014 54.4619407653809
20.7901935577393 -7.75196599960327 54.4619407653809
18.1538581848145 -7.75196599960327 54.4619407653809
0 0 1
20.7901935577393 -7.75196599960327 54.4619407653809
21.0362567901611 -10.1303691864014 54.4619407653809
21.0362567901611 -5.45524263381958 54.4619407653809
0 0 1
12.4238910675049 -10.1303691864014 54.4619407653809
18.1538581848145 -7.75196599960327 54.4619407653809
12.4238910675049 -5.45524263381958 54.4619407653809
0 0 1
18.1538581848145 -7.75196599960327 54.4619407653809
12.4238910675049 -10.1303691864014 54.4619407653809
21.0362567901611 -10.1303691864014 54.4619407653809
0 0 1
20.7901935577393 -5.78332662582397 54.4619407653809
21.0362567901611 -5.45524263381958 54.4619407653809
18.1538581848145 -5.78332662582397 54.4619407653809
0 0 1
21.0362567901611 -5.45524263381958 54.4619407653809
20.7901935577393 -5.78332662582397 54.4619407653809
20.7901935577393 -7.75196599960327 54.4619407653809
0 0 1
18.1538581848145 -5.78332662582397 54.4619407653809
12.4238910675049 -5.45524263381958 54.4619407653809
18.1538581848145 -7.75196599960327 54.4619407653809
0 0 1
12.4238910675049 -5.45524263381958 54.4619407653809
18.1538581848145 -5.78332662582397 54.4619407653809
21.0362567901611 -5.45524263381958 54.4619407653809
0 0 1
21.0362567901611 -5.45524263381958 53.4776916503906
21.0362567901611 -5.45524263381958 54.4619407653809
21.0362567901611 -10.1303691864014 54.4619407653809
1 0 0
21.0362567901611 -10.1303691864014 54.4619407653809
21.0362567901611 -10.1303691864014 53.4776916503906
21.0362567901611 -5.45524263381958 53.4776916503906
1 0 0
21.0362567901611 -10.1303691864014 53.4776916503906
21.0362567901611 -10.1303691864014 54.4619407653809
12.4238910675049 -10.1303691864014 54.4619407653809
0 -1 0
12.4238910675049 -10.1303691864014 54.4619407653809
12.4238910675049 -10.1303691864014 53.4776916503906
21.0362567901611 -10.1303691864014 53.4776916503906
0 -1 0
12.4238910675049 -10.1303691864014 53.4776916503906
12.4238910675049 -10.1303691864014 54.4619407653809
12.4238910675049 -5.45524263381958 54.4619407653809
-1 0 0
12.4238910675049 -5.45524263381958 54.4619407653809
12.4238910675049 -5.45524263381958 53.4776916503906
12.4238910675049 -10.1303691864014 53.4776916503906
-1 0 0
12.4238910675049 -5.45524263381958 53.4776916503906
12.4238910675049 -5.45524263381958 54.4619407653809
21.0362567901611 -5.45524263381958 54.4619407653809
0 1 0
21.0362567901611 -5.45524263381958 54.4619407653809
21.0362567901611 -5.45524263381958 53.4776916503906
12.4238910675049 -5.45524263381958 53.4776916503906
0 1 0
20.7901935577393 -5.78332662582397 53.4776916503906
20.7901935577393 -5.78332662582397 54.4619407653809
18.1538581848145 -5.78332662582397 54.4619407653809
0 -1 0
18.1538581848145 -5.78332662582397 54.4619407653809
18.1538581848145 -5.78332662582397 53.4776916503906
20.7901935577393 -5.78332662582397 53.4776916503906
0 -1 0
18.1538581848145 -5.78332662582397 53.4776916503906
18.1538581848145 -5.78332662582397 54.4619407653809
18.1538581848145 -7.75196599960327 54.4619407653809
1 0 0
18.1538581848145 -7.75196599960327 54.4619407653809
18.1538581848145 -7.75196599960327 53.4776916503906
18.1538581848145 -5.78332662582397 53.4776916503906
1 0 0
18.1538581848145 -7.75196599960327 53.4776916503906
18.1538581848145 -7.75196599960327 54.4619407653809
20.7901935577393 -7.75196599960327 54.4619407653809
0 1 0
20.7901935577393 -7.75196599960327 54.4619407653809
20.7901935577393 -7.75196599960327 53.4776916503906
18.1538581848145 -7.75196599960327 53.4776916503906
0 1 0
20.7901935577393 -7.75196599960327 53.4776916503906
20.7901935577393 -7.75196599960327 54.4619407653809
20.7901935577393 -5.78332662582397 54.4619407653809
-1 0 0
20.7901935577393 -5.78332662582397 54.4619407653809
20.7901935577393 -5.78332662582397 53.4776916503906
20.7901935577393 -7.75196599960327 53.4776916503906
-1 0 0
-11.5809774398804 2.56734323501587 53.4776916503906
-11.5809774398804 7.48897409439087 53.4776916503906
-3.21483564376831 2.56734323501587 53.4776916503906
0 0 -1
-3.21483564376831 2.56734323501587 53.4776916503906
-11.5809774398804 7.48897409439087 53.4776916503906
-3.21483564376831 14.2143249511719 53.4776916503906
0 0 -1
-13.3854389190674 14.2143249511719 53.4776916503906
-3.21483564376831 14.2143249511719 53.4776916503906
-11.5809774398804 7.48897409439087 53.4776916503906
0 0 -1
-13.3854389190674 14.2143249511719 53.4776916503906
-11.5809774398804 7.48897409439087 53.4776916503906
-13.3854389190674 7.48897409439087 53.4776916503906
0 0 -1
7.11981010437012 -5.1426305770874 53.4776916503906
7.15261840820313 -2.68200063705444 53.4776916503906
13.1893634796143 -5.1426305770874 53.4776916503906
0 0 -1
7.15261840820313 -2.68200063705444 53.4776916503906
7.11981010437012 -5.1426305770874 53.4776916503906
7.11981010437012 -2.68200063705444 53.4776916503906
0 0 -1
13.1893634796143 -5.1426305770874 53.4776916503906
7.15261840820313 -2.68200063705444 53.4776916503906
7.15261840820313 -2.35391664505005 53.4776916503906
0 0 -1
7.15261840820313 -2.35391664505005 53.4776916503906
-1.90249967575073 12.9019889831543 53.4776916503906
13.1893634796143 14.2143249511719 53.4776916503906
0 0 -1
7.15261840820313 -2.35391664505005 53.4776916503906
-2.55866765975952 -2.35391664505005 53.4776916503906
-1.90249967575073 12.9019889831543 53.4776916503906
0 0 -1
13.1893634796143 14.2143249511719 53.4776916503906
-1.90249967575073 12.9019889831543 53.4776916503906
-1.90249967575073 14.2143249511719 53.4776916503906
0 0 -1
7.15261840820313 -2.35391664505005 53.4776916503906
13.1893634796143 14.2143249511719 53.4776916503906
13.1893634796143 -5.1426305770874 53.4776916503906
0 0 -1
-1.90249967575073 12.9019889831543 53.4776916503906
-2.55866765975952 -2.35391664505005 53.4776916503906
-2.55866765975952 12.9019889831543 53.4776916503906
0 0 -1
28.9373950958252 -4.48646259307861 53.4776916503906
14.5016994476318 -4.48646259307861 53.4776916503906
28.9373950958252 12.9019889831543 53.4776916503906
0 0 -1
14.5016994476318 -5.1426305770874 53.4776916503906
14.5016994476318 -4.48646259307861 53.4776916503906
28.9373950958252 -4.48646259307861 53.4776916503906
0 0 -1
28.9373950958252 -4.48646259307861 53.4776916503906
28.9373950958252 -5.1426305770874 53.4776916503906
14.5016994476318 -5.1426305770874 53.4776916503906
0 0 -1
29.593563079834 12.9019889831543 53.4776916503906
29.593563079834 -4.48646259307861 53.4776916503906
28.9373950958252 -4.48646259307861 53.4776916503906
0 0 -1
13.845531463623 12.9019889831543 53.4776916503906
14.5016994476318 -4.48646259307861 53.4776916503906
13.845531463623 -4.48646259307861 53.4776916503906
0 0 -1
14.5016994476318 12.9019889831543 53.4776916503906
14.5016994476318 14.2190237045288 53.4776916503906
28.9373950958252 12.9019889831543 53.4776916503906
0 0 -1
14.5016994476318 12.9019889831543 53.4776916503906
28.9373950958252 12.9019889831543 53.4776916503906
14.5016994476318 -4.48646259307861 53.4776916503906
0 0 -1
28.9373950958252 14.2190237045288 53.4776916503906
28.9373950958252 12.9019889831543 53.4776916503906
14.5016994476318 14.2190237045288 53.4776916503906
0 0 -1
29.593563079834 12.9019889831543 53.4776916503906
28.9373950958252 -4.48646259307861 53.4776916503906
28.9373950958252 12.9019889831543 53.4776916503906
0 0 -1
14.5016994476318 -4.48646259307861 53.4776916503906
13.845531463623 12.9019889831543 53.4776916503906
14.5016994476318 12.9019889831543 53.4776916503906
0 0 -1
-3.21483564376831 14.2143249511719 54.4619407653809
-13.3854389190674 14.2143249511719 54.4619407653809
-11.5809774398804 7.48897409439087 54.4619407653809
0 0 1
-11.5809774398804 7.48897409439087 54.4619407653809
-13.3854389190674 14.2143249511719 54.4619407653809
-13.3854389190674 7.48897409439087 54.4619407653809
0 0 1
-11.5809774398804 7.48897409439087 54.4619407653809
-11.5809774398804 2.56734323501587 54.4619407653809
-3.21483564376831 2.56734323501587 54.4619407653809
0 0 1
-11.5809774398804 7.48897409439087 54.4619407653809
-3.21483564376831 2.56734323501587 54.4619407653809
-3.21483564376831 14.2143249511719 54.4619407653809
0 0 1
13.1893634796143 14.2143249511719 54.4619407653809
-1.90249967575073 12.9019889831543 54.4619407653809
7.15261840820313 -2.35391664505005 54.4619407653809
0 0 1
-1.90249967575073 12.9019889831543 54.4619407653809
13.1893634796143 14.2143249511719 54.4619407653809
-1.90249967575073 14.2143249511719 54.4619407653809
0 0 1
-2.55866765975952 -2.35391664505005 54.4619407653809
7.15261840820313 -2.35391664505005 54.4619407653809
-1.90249967575073 12.9019889831543 54.4619407653809
0 0 1
13.1893634796143 14.2143249511719 54.4619407653809
7.15261840820313 -2.35391664505005 54.4619407653809
13.1893634796143 -5.1426305770874 54.4619407653809
0 0 1
-1.90249967575073 12.9019889831543 54.4619407653809
-2.55866765975952 12.9019889831543 54.4619407653809
-2.55866765975952 -2.35391664505005 54.4619407653809
0 0 1
7.11981010437012 -2.68200063705444 54.4619407653809
7.11981010437012 -5.1426305770874 54.4619407653809
7.15261840820313 -2.68200063705444 54.4619407653809
0 0 1
7.15261840820313 -2.68200063705444 54.4619407653809
7.11981010437012 -5.1426305770874 54.4619407653809
13.1893634796143 -5.1426305770874 54.4619407653809
0 0 1
7.15261840820313 -2.68200063705444 54.4619407653809
13.1893634796143 -5.1426305770874 54.4619407653809
7.15261840820313 -2.35391664505005 54.4619407653809
0 0 1
28.9373950958252 12.9019889831543 54.4619407653809
14.5016994476318 12.9019889831543 54.4619407653809
14.5016994476318 -4.48646259307861 54.4619407653809
0 0 1
14.5016994476318 14.2190237045288 54.4619407653809
14.5016994476318 12.9019889831543 54.4619407653809
28.9373950958252 12.9019889831543 54.4619407653809
0 0 1
28.9373950958252 12.9019889831543 54.4619407653809
28.9373950958252 14.2190237045288 54.4619407653809
14.5016994476318 14.2190237045288 54.4619407653809
0 0 1
28.9373950958252 -4.48646259307861 54.4619407653809
29.593563079834 12.9019889831543 54.4619407653809
28.9373950958252 12.9019889831543 54.4619407653809
0 0 1
14.5016994476318 -4.48646259307861 54.4619407653809
14.5016994476318 12.9019889831543 54.4619407653809
13.845531463623 12.9019889831543 54.4619407653809
0 0 1
14.5016994476318 -4.48646259307861 54.4619407653809
14.5016994476318 -5.1426305770874 54.4619407653809
28.9373950958252 -4.48646259307861 54.4619407653809
0 0 1
14.5016994476318 -4.48646259307861 54.4619407653809
28.9373950958252 -4.48646259307861 54.4619407653809
28.9373950958252 12.9019889831543 54.4619407653809
0 0 1
28.9373950958252 -5.1426305770874 54.4619407653809
28.9373950958252 -4.48646259307861 54.4619407653809
14.5016994476318 -5.1426305770874 54.4619407653809
0 0 1
29.593563079834 -4.48646259307861 54.4619407653809
29.593563079834 12.9019889831543 54.4619407653809
28.9373950958252 -4.48646259307861 54.4619407653809
0 0 1
13.845531463623 12.9019889831543 54.4619407653809
13.845531463623 -4.48646259307861 54.4619407653809
14.5016994476318 -4.48646259307861 54.4619407653809
0 0 1
-13.3854389190674 7.48897409439087 53.4776916503906
-13.3854389190674 7.48897409439087 54.4619407653809
-13.3854389190674 14.2143249511719 54.4619407653809
-1 1.58477101513316E-15 0
-13.3854389190674 14.2143249511719 54.4619407653809
-13.3854389190674 14.2143249511719 53.4776916503906
-13.3854389190674 7.48897409439087 53.4776916503906
-1 1.58477101513316E-15 0
-13.3854389190674 14.2143249511719 53.4776916503906
-13.3854389190674 14.2143249511719 54.4619407653809
-3.21483564376831 14.2143249511719 54.4619407653809
3.14380779473767E-15 1 0
-3.21483564376831 14.2143249511719 54.4619407653809
-3.21483564376831 14.2143249511719 53.4776916503906
-13.3854389190674 14.2143249511719 53.4776916503906
3.14380779473767E-15 1 0
-3.21483564376831 14.2143249511719 53.4776916503906
-3.21483564376831 14.2143249511719 54.4619407653809
-3.21483564376831 2.56734323501587 54.4619407653809
1 -1.60142321938495E-15 0
-3.21483564376831 2.56734323501587 54.4619407653809
-3.21483564376831 2.56734323501587 53.4776916503906
-3.21483564376831 14.2143249511719 53.4776916503906
1 -1.60142321938495E-15 0
-3.21483564376831 2.56734323501587 53.4776916503906
-3.21483564376831 2.56734323501587 54.4619407653809
-11.5809774398804 2.56734323501587 54.4619407653809
-3.23798504349054E-15 -1 0
-11.5809774398804 2.56734323501587 54.4619407653809
-11.5809774398804 2.56734323501587 53.4776916503906
-3.21483564376831 2.56734323501587 53.4776916503906
-3.23798504349054E-15 -1 0
-11.5809774398804 2.56734323501587 53.4776916503906
-11.5809774398804 2.56734323501587 54.4619407653809
-11.5809774398804 7.48897409439087 54.4619407653809
-1 1.44371401003849E-15 0
-11.5809774398804 7.48897409439087 54.4619407653809
-11.5809774398804 7.48897409439087 53.4776916503906
-11.5809774398804 2.56734323501587 53.4776916503906
-1 1.44371401003849E-15 0
-11.5809774398804 7.48897409439087 53.4776916503906
-11.5809774398804 7.48897409439087 54.4619407653809
-13.3854389190674 7.48897409439087 54.4619407653809
-3.44548632049617E-15 -1 0
-13.3854389190674 7.48897409439087 54.4619407653809
-13.3854389190674 7.48897409439087 53.4776916503906
-11.5809774398804 7.48897409439087 53.4776916503906
-3.44548632049617E-15 -1 0
-1.90249967575073 12.9019889831543 53.4776916503906
-1.90249967575073 12.9019889831543 54.4619407653809
-1.90249967575073 14.2143249511719 54.4619407653809
-1 1.35358391162264E-15 0
-1.90249967575073 14.2143249511719 54.4619407653809
-1.90249967575073 14.2143249511719 53.4776916503906
-1.90249967575073 12.9019889831543 53.4776916503906
-1 1.35358391162264E-15 0
-1.90249967575073 14.2143249511719 53.4776916503906
-1.90249967575073 14.2143249511719 54.4619407653809
13.1893634796143 14.2143249511719 54.4619407653809
3.17797961859303E-15 1 0
13.1893634796143 14.2143249511719 54.4619407653809
13.1893634796143 14.2143249511719 53.4776916503906
-1.90249967575073 14.2143249511719 53.4776916503906
3.17797961859303E-15 1 0
13.1893634796143 14.2143249511719 53.4776916503906
13.1893634796143 14.2143249511719 54.4619407653809
13.1893634796143 -5.1426305770874 54.4619407653809
1 -1.6518312141839E-15 0
13.1893634796143 -5.1426305770874 54.4619407653809
13.1893634796143 -5.1426305770874 53.4776916503906
13.1893634796143 14.2143249511719 53.4776916503906
1 -1.6518312141839E-15 0
13.1893634796143 -5.1426305770874 53.4776916503906
13.1893634796143 -5.1426305770874 54.4619407653809
7.11981010437012 -5.1426305770874 54.4619407653809
-3.21933470872497E-15 -1 0
7.11981010437012 -5.1426305770874 54.4619407653809
7.11981010437012 -5.1426305770874 53.4776916503906
13.1893634796143 -5.1426305770874 53.4776916503906
-3.21933470872497E-15 -1 0
7.11981010437012 -5.1426305770874 53.4776916503906
7.11981010437012 -5.1426305770874 54.4619407653809
7.11981010437012 -2.68200063705444 54.4619407653809
-1 1.44382283906417E-15 0
7.11981010437012 -2.68200063705444 54.4619407653809
7.11981010437012 -2.68200063705444 53.4776916503906
7.11981010437012 -5.1426305770874 53.4776916503906
-1 1.44382283906417E-15 0
7.11981010437012 -2.68200063705444 53.4776916503906
7.11981010437012 -2.68200063705444 54.4619407653809
7.15261840820313 -2.68200063705444 54.4619407653809
0 1 0
7.15261840820313 -2.68200063705444 54.4619407653809
7.15261840820313 -2.68200063705444 53.4776916503906
7.11981010437012 -2.68200063705444 53.4776916503906
0 1 0
7.15261840820313 -2.68200063705444 53.4776916503906
7.15261840820313 -2.68200063705444 54.4619407653809
7.15261840820313 -2.35391664505005 54.4619407653809
-1 2.70716782324598E-15 0
7.15261840820313 -2.35391664505005 54.4619407653809
7.15261840820313 -2.35391664505005 53.4776916503906
7.15261840820313 -2.68200063705444 53.4776916503906
-1 2.70716782324598E-15 0
7.15261840820313 -2.35391664505005 53.4776916503906
7.15261840820313 -2.35391664505005 54.4619407653809
-2.55866765975952 -2.35391664505005 54.4619407653809
-3.24677222044671E-15 -1 0
-2.55866765975952 -2.35391664505005 54.4619407653809
-2.55866765975952 -2.35391664505005 53.4776916503906
7.15261840820313 -2.35391664505005 53.4776916503906
-3.24677222044671E-15 -1 0
-2.55866765975952 -2.35391664505005 53.4776916503906
-2.55866765975952 -2.35391664505005 54.4619407653809
-2.55866765975952 12.9019889831543 54.4619407653809
-1 1.60101322880137E-15 0
-2.55866765975952 12.9019889831543 54.4619407653809
-2.55866765975952 12.9019889831543 53.4776916503906
-2.55866765975952 -2.35391664505005 53.4776916503906
-1 1.60101322880137E-15 0
-2.55866765975952 12.9019889831543 53.4776916503906
-2.55866765975952 12.9019889831543 54.4619407653809
-1.90249967575073 12.9019889831543 54.4619407653809
2.7071678232486E-15 1 0
-1.90249967575073 12.9019889831543 54.4619407653809
-1.90249967575073 12.9019889831543 53.4776916503906
-2.55866765975952 12.9019889831543 53.4776916503906
2.7071678232486E-15 1 0
14.5016994476318 12.9019889831543 53.4776916503906
14.5016994476318 12.9019889831543 54.4619407653809
14.5016994476318 14.2190237045288 54.4619407653809
-1 1.34875432387129E-15 0
14.5016994476318 14.2190237045288 54.4619407653809
14.5016994476318 14.2190237045288 53.4776916503906
14.5016994476318 12.9019889831543 53.4776916503906
-1 1.34875432387129E-15 0
14.5016994476318 14.2190237045288 53.4776916503906
14.5016994476318 14.2190237045288 54.4619407653809
28.9373950958252 14.2190237045288 54.4619407653809
3.19938015474517E-15 1 0
28.9373950958252 14.2190237045288 54.4619407653809
28.9373950958252 14.2190237045288 53.4776916503906
14.5016994476318 14.2190237045288 53.4776916503906
3.19938015474517E-15 1 0
28.9373950958252 14.2190237045288 53.4776916503906
28.9373950958252 14.2190237045288 54.4619407653809
28.9373950958252 12.9019889831543 54.4619407653809
1 -2.69750864774266E-15 0
28.9373950958252 12.9019889831543 54.4619407653809
28.9373950958252 12.9019889831543 53.4776916503906
28.9373950958252 14.2190237045288 53.4776916503906
1 -2.69750864774266E-15 0
28.9373950958252 12.9019889831543 53.4776916503906
28.9373950958252 12.9019889831543 54.4619407653809
29.593563079834 12.9019889831543 54.4619407653809
2.707167823244E-15 1 0
29.593563079834 12.9019889831543 54.4619407653809
29.593563079834 12.9019889831543 53.4776916503906
28.9373950958252 12.9019889831543 53.4776916503906
2.707167823244E-15 1 0
29.593563079834 12.9019889831543 53.4776916503906
29.593563079834 12.9019889831543 54.4619407653809
29.593563079834 -4.48646259307861 54.4619407653809
1 -1.63451642158249E-15 0
29.593563079834 -4.48646259307861 54.4619407653809
29.593563079834 -4.48646259307861 53.4776916503906
29.593563079834 12.9019889831543 53.4776916503906
1 -1.63451642158249E-15 0
29.593563079834 -4.48646259307861 53.4776916503906
29.593563079834 -4.48646259307861 54.4619407653809
28.9373950958252 -4.48646259307861 54.4619407653809
-2.70716782324598E-15 -1 0
28.9373950958252 -4.48646259307861 54.4619407653809
28.9373950958252 -4.48646259307861 53.4776916503906
29.593563079834 -4.48646259307861 53.4776916503906
-2.70716782324598E-15 -1 0
28.9373950958252 -4.48646259307861 53.4776916503906
28.9373950958252 -4.48646259307861 54.4619407653809
28.9373950958252 -5.1426305770874 54.4619407653809
1 0 0
28.9373950958252 -5.1426305770874 54.4619407653809
28.9373950958252 -5.1426305770874 53.4776916503906
28.9373950958252 -4.48646259307861 53.4776916503906
1 0 0
28.9373950958252 -5.1426305770874 53.4776916503906
28.9373950958252 -5.1426305770874 54.4619407653809
14.5016994476318 -5.1426305770874 54.4619407653809
-3.26090669618248E-15 -1 0
14.5016994476318 -5.1426305770874 54.4619407653809
14.5016994476318 -5.1426305770874 53.4776916503906
28.9373950958252 -5.1426305770874 53.4776916503906
-3.26090669618248E-15 -1 0
14.5016994476318 -5.1426305770874 53.4776916503906
14.5016994476318 -5.1426305770874 54.4619407653809
14.5016994476318 -4.48646259307861 54.4619407653809
-1 2.70716782324295E-15 0
14.5016994476318 -4.48646259307861 54.4619407653809
14.5016994476318 -4.48646259307861 53.4776916503906
14.5016994476318 -5.1426305770874 53.4776916503906
-1 2.70716782324295E-15 0
14.5016994476318 -4.48646259307861 53.4776916503906
14.5016994476318 -4.48646259307861 54.4619407653809
13.845531463623 -4.48646259307861 54.4619407653809
-2.70716782324597E-15 -1 0
13.845531463623 -4.48646259307861 54.4619407653809
13.845531463623 -4.48646259307861 53.4776916503906
14.5016994476318 -4.48646259307861 53.4776916503906
-2.70716782324597E-15 -1 0
13.845531463623 -4.48646259307861 53.4776916503906
13.845531463623 -4.48646259307861 54.4619407653809
13.845531463623 12.9019889831543 54.4619407653809
-1 1.63451642158245E-15 0
13.845531463623 12.9019889831543 54.4619407653809
13.845531463623 12.9019889831543 53.4776916503906
13.845531463623 -4.48646259307861 53.4776916503906
-1 1.63451642158245E-15 0
13.845531463623 12.9019889831543 53.4776916503906
13.845531463623 12.9019889831543 54.4619407653809
14.5016994476318 12.9019889831543 54.4619407653809
2.7071678232461E-15 1 0
14.5016994476318 12.9019889831543 54.4619407653809
14.5016994476318 12.9019889831543 53.4776916503906
13.845531463623 12.9019889831543 53.4776916503906
2.7071678232461E-15 1 0
[LEVEL]
7F
-2.88675165176392 8.63689708709717 70.2099761962891
-3.21493339538574 2.07521724700928 70.2099761962891
-5.51134347915649 2.07521724700928 70.2099761962891
0 0 -1
-3.21493339538574 2.07521724700928 70.2099761962891
-2.88675165176392 8.63689708709717 70.2099761962891
-2.88675165176392 -5.4707145690918 70.2099761962891
0 0 -1
-6.16759157180786 1.91507279872894 70.2099761962891
-5.51134347915649 2.07521724700928 70.2099761962891
-5.51134347915649 -5.1426305770874 70.2099761962891
0 0 -1
-2.88675165176392 8.63689708709717 70.2099761962891
-5.51134347915649 2.07521724700928 70.2099761962891
-6.16759157180786 1.91507279872894 70.2099761962891
0 0 -1
-13.7135229110718 8.63689708709717 70.2099761962891
-6.16759157180786 1.91507279872894 70.2099761962891
-13.3854389190674 1.91507279872894 70.2099761962891
0 0 -1
-6.16759157180786 1.91507279872894 70.2099761962891
-13.7135229110718 8.63689708709717 70.2099761962891
-2.88675165176392 8.63689708709717 70.2099761962891
0 0 -1
-13.7135229110718 8.63689708709717 70.2099761962891
-13.3854389190674 1.91507279872894 70.2099761962891
-13.7135229110718 -5.4707145690918 70.2099761962891
0 0 -1
-5.51134347915649 -5.1426305770874 70.2099761962891
-3.21493339538574 -5.1426305770874 70.2099761962891
-2.88675165176392 -5.4707145690918 70.2099761962891
0 0 -1
-2.88675165176392 -5.4707145690918 70.2099761962891
-3.21493339538574 -5.1426305770874 70.2099761962891
-3.21493339538574 2.07521724700928 70.2099761962891
0 0 -1
-5.51134347915649 -5.1426305770874 70.2099761962891
-2.88675165176392 -5.4707145690918 70.2099761962891
-6.16759157180786 -5.1426305770874 70.2099761962891
0 0 -1
-6.16759157180786 -5.1426305770874 70.2099761962891
-13.7135229110718 -5.4707145690918 70.2099761962891
-13.3854389190674 -5.1426305770874 70.2099761962891
0 0 -1
-13.7135229110718 -5.4707145690918 70.2099761962891
-6.16759157180786 -5.1426305770874 70.2099761962891
-2.88675165176392 -5.4707145690918 70.2099761962891
0 0 -1
-13.3854389190674 -5.1426305770874 70.2099761962891
-13.7135229110718 -5.4707145690918 70.2099761962891
-13.3854389190674 1.91507279872894 70.2099761962891
0 0 -1
-5.51134347915649 -5.1426305770874 70.2099761962891
-6.16759157180786 -5.1426305770874 70.2099761962891
-6.16759157180786 1.91507279872894 70.2099761962891
0 0 -1
-2.88675165176392 -5.4707145690918 71.1942291259766
-3.21493339538574 -5.1426305770874 71.1942291259766
-5.51134347915649 -5.1426305770874 71.1942291259766
0 0 1
-3.21493339538574 -5.1426305770874 71.1942291259766
-2.88675165176392 -5.4707145690918 71.1942291259766
-3.21493339538574 2.07521724700928 71.1942291259766
0 0 1
-2.88675165176392 -5.4707145690918 71.1942291259766
-5.51134347915649 -5.1426305770874 71.1942291259766
-6.16759157180786 -5.1426305770874 71.1942291259766
0 0 1
-13.7135229110718 -5.4707145690918 71.1942291259766
-6.16759157180786 -5.1426305770874 71.1942291259766
-13.3854389190674 -5.1426305770874 71.1942291259766
0 0 1
-6.16759157180786 -5.1426305770874 71.1942291259766
-13.7135229110718 -5.4707145690918 71.1942291259766
-2.88675165176392 -5.4707145690918 71.1942291259766
0 0 1
-13.7135229110718 -5.4707145690918 71.1942291259766
-13.3854389190674 -5.1426305770874 71.1942291259766
-13.3854389190674 1.91507279872894 71.1942291259766
0 0 1
-5.51134347915649 -5.1426305770874 71.1942291259766
-6.16759157180786 1.91507279872894 71.1942291259766
-6.16759157180786 -5.1426305770874 71.1942291259766
0 0 1
-5.51134347915649 2.07521724700928 71.1942291259766
-3.21493339538574 2.07521724700928 71.1942291259766
-2.88675165176392 8.63689708709717 71.1942291259766
0 0 1
-5.51134347915649 2.07521724700928 71.1942291259766
-6.16759157180786 1.91507279872894 71.1942291259766
-5.51134347915649 -5.1426305770874 71.1942291259766
0 0 1
-2.88675165176392 8.63689708709717 71.1942291259766
-3.21493339538574 2.07521724700928 71.1942291259766
-2.88675165176392 -5.4707145690918 71.1942291259766
0 0 1
-5.51134347915649 2.07521724700928 71.1942291259766
-2.88675165176392 8.63689708709717 71.1942291259766
-6.16759157180786 1.91507279872894 71.1942291259766
0 0 1
-6.16759157180786 1.91507279872894 71.1942291259766
-13.7135229110718 8.63689708709717 71.1942291259766
-13.3854389190674 1.91507279872894 71.1942291259766
0 0 1
-13.7135229110718 8.63689708709717 71.1942291259766
-6.16759157180786 1.91507279872894 71.1942291259766
-2.88675165176392 8.63689708709717 71.1942291259766
0 0 1
-13.3854389190674 1.91507279872894 71.1942291259766
-13.7135229110718 8.63689708709717 71.1942291259766
-13.7135229110718 -5.4707145690918 71.1942291259766
0 0 1
-2.88675165176392 8.63689708709717 70.2099761962891
-2.88675165176392 8.63689708709717 71.1942291259766
-2.88675165176392 -5.4707145690918 71.1942291259766
1 -1.60541347657618E-15 0
-2.88675165176392 -5.4707145690918 71.1942291259766
-2.88675165176392 -5.4707145690918 70.2099761962891
-2.88675165176392 8.63689708709717 70.2099761962891
1 -1.60541347657618E-15 0
-2.88675165176392 -5.4707145690918 70.2099761962891
-2.88675165176392 -5.4707145690918 71.1942291259766
-13.7135229110718 -5.4707145690918 71.1942291259766
-3.19938015474576E-15 -1 0
-13.7135229110718 -5.4707145690918 71.1942291259766
-13.7135229110718 -5.4707145690918 70.2099761962891
-2.88675165176392 -5.4707145690918 70.2099761962891
-3.19938015474576E-15 -1 0
-13.7135229110718 -5.4707145690918 70.2099761962891
-13.7135229110718 -5.4707145690918 71.1942291259766
-13.7135229110718 8.63689708709717 71.1942291259766
-1 1.63689217219532E-15 0
-13.7135229110718 8.63689708709717 71.1942291259766
-13.7135229110718 8.63689708709717 70.2099761962891
-13.7135229110718 -5.4707145690918 70.2099761962891
-1 1.63689217219532E-15 0
-13.7135229110718 8.63689708709717 70.2099761962891
-13.7135229110718 8.63689708709717 71.1942291259766
-2.88675165176392 8.63689708709717 71.1942291259766
3.44548632049544E-15 1 0
-2.88675165176392 8.63689708709717 71.1942291259766
-2.88675165176392 8.63689708709717 70.2099761962891
-13.7135229110718 8.63689708709717 70.2099761962891
3.44548632049544E-15 1 0
-6.16759157180786 1.91507279872894 70.2099761962891
-6.16759157180786 1.91507279872894 71.1942291259766
-13.3854389190674 1.91507279872894 71.1942291259766
-3.23014342546428E-15 -1 0
-13.3854389190674 1.91507279872894 71.1942291259766
-13.3854389190674 1.91507279872894 70.2099761962891
-6.16759157180786 1.91507279872894 70.2099761962891
-3.23014342546428E-15 -1 0
-13.3854389190674 1.91507279872894 70.2099761962891
-13.3854389190674 1.91507279872894 71.1942291259766
-13.3854389190674 -5.1426305770874 71.1942291259766
1 -1.51014294606575E-15 0
-13.3854389190674 -5.1426305770874 71.1942291259766
-13.3854389190674 -5.1426305770874 70.2099761962891
-13.3854389190674 1.91507279872894 70.2099761962891
1 -1.51014294606575E-15 0
-13.3854389190674 -5.1426305770874 70.2099761962891
-13.3854389190674 -5.1426305770874 71.1942291259766
-6.16759157180786 -5.1426305770874 71.1942291259766
3.19938015474557E-15 1 0
-6.16759157180786 -5.1426305770874 71.1942291259766
-6.16759157180786 -5.1426305770874 70.2099761962891
-13.3854389190674 -5.1426305770874 70.2099761962891
3.19938015474557E-15 1 0
-6.16759157180786 -5.1426305770874 70.2099761962891
-6.16759157180786 -5.1426305770874 71.1942291259766
-6.16759157180786 1.91507279872894 71.1942291259766
-1 1.63598819157123E-15 0
-6.16759157180786 1.91507279872894 71.1942291259766
-6.16759157180786 1.91507279872894 70.2099761962891
-6.16759157180786 -5.1426305770874 70.2099761962891
-1 1.63598819157123E-15 0
-3.21493339538574 2.07521724700928 70.2099761962891
-3.21493339538574 2.07521724700928 71.1942291259766
-5.51134347915649 2.07521724700928 71.1942291259766
-3.28752938634315E-15 -1 0
-5.51134347915649 2.07521724700928 71.1942291259766
-5.51134347915649 2.07521724700928 70.2099761962891
-3.21493339538574 2.07521724700928 70.2099761962891
-3.28752938634315E-15 -1 0
-5.51134347915649 2.07521724700928 70.2099761962891
-5.51134347915649 2.07521724700928 71.1942291259766
-5.51134347915649 -5.1426305770874 71.1942291259766
1 -1.59969007737259E-15 0
-5.51134347915649 -5.1426305770874 71.1942291259766
-5.51134347915649 -5.1426305770874 70.2099761962891
-5.51134347915649 2.07521724700928 70.2099761962891
1 -1.59969007737259E-15 0
-5.51134347915649 -5.1426305770874 70.2099761962891
-5.51134347915649 -5.1426305770874 71.1942291259766
-3.21493339538574 -5.1426305770874 71.1942291259766
3.09414530479356E-15 1 0
-3.21493339538574 -5.1426305770874 71.1942291259766
-3.21493339538574 -5.1426305770874 70.2099761962891
-5.51134347915649 -5.1426305770874 70.2099761962891
3.09414530479356E-15 1 0
-3.21493339538574 -5.1426305770874 70.2099761962891
-3.21493339538574 -5.1426305770874 71.1942291259766
-3.21493339538574 2.07521724700928 71.1942291259766
-1 1.59969007737259E-15 0
-3.21493339538574 2.07521724700928 71.1942291259766
-3.21493339538574 2.07521724700928 70.2099761962891
-3.21493339538574 -5.1426305770874 70.2099761962891
-1 1.59969007737259E-15 0
-3.21483564376831 2.56734323501587 64.3044586181641
-13.3854389190674 2.56734323501587 64.3044586181641
-3.21483564376831 8.30881309509277 64.3044586181641
0 0 -1
-13.3854389190674 8.30881309509277 64.3044586181641
-3.21483564376831 8.30881309509277 64.3044586181641
-13.3854389190674 2.56734323501587 64.3044586181641
0 0 -1
2.1985502243042 -5.1426305770874 64.3044586181641
2.1985502243042 -2.68200063705444 64.3044586181641
6.79172611236572 -5.1426305770874 64.3044586181641
0 0 -1
-2.55866765975952 8.96498107910156 64.3044586181641
-3.21483564376831 8.96498107910156 64.3044586181641
-2.55866765975952 13.8862409591675 64.3044586181641
0 0 -1
2.1985502243042 -2.35391664505005 64.3044586181641
-2.55866765975952 -2.35391664505005 64.3044586181641
-2.55866765975952 8.96498107910156 64.3044586181641
0 0 -1
13.845531463623 12.9019889831543 64.3044586181641
14.5016994476318 -5.1426305770874 64.3044586181641
13.1893634796143 -5.1426305770874 64.3044586181641
0 0 -1
7.11981010437012 -5.1426305770874 64.3044586181641
2.1985502243042 -2.35391664505005 64.3044586181641
13.1893634796143 12.9019889831543 64.3044586181641
0 0 -1
6.79172611236572 -5.1426305770874 64.3044586181641
2.1985502243042 -2.35391664505005 64.3044586181641
7.11981010437012 -5.1426305770874 64.3044586181641
0 0 -1
2.1985502243042 -2.35391664505005 64.3044586181641
6.79172611236572 -5.1426305770874 64.3044586181641
2.1985502243042 -2.68200063705444 64.3044586181641
0 0 -1
13.1893634796143 -5.1426305770874 64.3044586181641
7.11981010437012 -5.1426305770874 64.3044586181641
13.1893634796143 12.9019889831543 64.3044586181641
0 0 -1
29.593563079834 -5.1426305770874 64.3044586181641
14.5016994476318 -5.1426305770874 64.3044586181641
28.9373950958252 12.9019889831543 64.3044586181641
0 0 -1
-2.55866765975952 8.96498107910156 64.3044586181641
13.1893634796143 12.9019889831543 64.3044586181641
2.1985502243042 -2.35391664505005 64.3044586181641
0 0 -1
13.1893634796143 12.9019889831543 64.3044586181641
13.845531463623 12.9019889831543 64.3044586181641
13.1893634796143 -5.1426305770874 64.3044586181641
0 0 -1
-2.55866765975952 8.96498107910156 64.3044586181641
-2.55866765975952 13.8862409591675 64.3044586181641
13.1893634796143 12.9019889831543 64.3044586181641
0 0 -1
-2.55866765975952 13.8862409591675 64.3044586181641
13.1893634796143 13.8862409591675 64.3044586181641
13.1893634796143 12.9019889831543 64.3044586181641
0 0 -1
-2.55866765975952 13.8862409591675 64.3044586181641
-3.21483564376831 8.96498107910156 64.3044586181641
-13.3854389190674 13.8862409591675 64.3044586181641
0 0 -1
28.9373950958252 12.9019889831543 64.3044586181641
14.5016994476318 -5.1426305770874 64.3044586181641
14.5016994476318 12.9019889831543 64.3044586181641
0 0 -1
28.9373950958252 12.9019889831543 64.3044586181641
14.5016994476318 12.9019889831543 64.3044586181641
14.5016994476318 13.8862409591675 64.3044586181641
0 0 -1
29.593563079834 12.9019889831543 64.3044586181641
29.593563079834 -5.1426305770874 64.3044586181641
28.9373950958252 12.9019889831543 64.3044586181641
0 0 -1
28.9373950958252 13.8862409591675 64.3044586181641
28.9373950958252 12.9019889831543 64.3044586181641
14.5016994476318 13.8862409591675 64.3044586181641
0 0 -1
13.845531463623 12.9019889831543 64.3044586181641
14.5016994476318 12.9019889831543 64.3044586181641
14.5016994476318 -5.1426305770874 64.3044586181641
0 0 -1
-13.3854389190674 8.96498107910156 64.3044586181641
-13.3854389190674 13.8862409591675 64.3044586181641
-3.21483564376831 8.96498107910156 64.3044586181641
0 0 -1
-3.21483564376831 8.30881309509277 65.2887115478516
-13.3854389190674 8.30881309509277 65.2887115478516
-13.3854389190674 2.56734323501587 65.2887115478516
0 0 1
-13.3854389190674 2.56734323501587 65.2887115478516
-3.21483564376831 2.56734323501587 65.2887115478516
-3.21483564376831 8.30881309509277 65.2887115478516
0 0 1
13.1893634796143 12.9019889831543 65.2887115478516
13.1893634796143 13.8862409591675 65.2887115478516
-2.55866765975952 13.8862409591675 65.2887115478516
0 0 1
-2.55866765975952 13.8862409591675 65.2887115478516
-13.3854389190674 13.8862409591675 65.2887115478516
-3.21483564376831 8.96498107910156 65.2887115478516
0 0 1
28.9373950958252 13.8862409591675 65.2887115478516
14.5016994476318 13.8862409591675 65.2887115478516
28.9373950958252 12.9019889831543 65.2887115478516
0 0 1
29.593563079834 -5.1426305770874 65.2887115478516
29.593563079834 12.9019889831543 65.2887115478516
28.9373950958252 12.9019889831543 65.2887115478516
0 0 1
14.5016994476318 13.8862409591675 65.2887115478516
14.5016994476318 12.9019889831543 65.2887115478516
28.9373950958252 12.9019889831543 65.2887115478516
0 0 1
28.9373950958252 12.9019889831543 65.2887115478516
14.5016994476318 12.9019889831543 65.2887115478516
29.593563079834 -5.1426305770874 65.2887115478516
0 0 1
-2.55866765975952 8.96498107910156 65.2887115478516
-2.55866765975952 13.8862409591675 65.2887115478516
-3.21483564376831 8.96498107910156 65.2887115478516
0 0 1
-2.55866765975952 8.96498107910156 65.2887115478516
-2.55866765975952 -2.35391664505005 65.2887115478516
2.1985502243042 -2.35391664505005 65.2887115478516
0 0 1
-2.55866765975952 8.96498107910156 65.2887115478516
13.1893634796143 12.9019889831543 65.2887115478516
-2.55866765975952 13.8862409591675 65.2887115478516
0 0 1
2.1985502243042 -2.35391664505005 65.2887115478516
29.593563079834 -5.1426305770874 65.2887115478516
14.5016994476318 12.9019889831543 65.2887115478516
0 0 1
2.1985502243042 -2.35391664505005 65.2887115478516
13.1893634796143 12.9019889831543 65.2887115478516
-2.55866765975952 8.96498107910156 65.2887115478516
0 0 1
2.1985502243042 -2.68200063705444 65.2887115478516
2.1985502243042 -5.1426305770874 65.2887115478516
29.593563079834 -5.1426305770874 65.2887115478516
0 0 1
2.1985502243042 -2.68200063705444 65.2887115478516
29.593563079834 -5.1426305770874 65.2887115478516
2.1985502243042 -2.35391664505005 65.2887115478516
0 0 1
2.1985502243042 -2.35391664505005 65.2887115478516
14.5016994476318 12.9019889831543 65.2887115478516
13.1893634796143 12.9019889831543 65.2887115478516
0 0 1
-3.21483564376831 8.96498107910156 65.2887115478516
-13.3854389190674 13.8862409591675 65.2887115478516
-13.3854389190674 8.96498107910156 65.2887115478516
0 0 1
2.1985502243042 -2.68200063705444 64.3044586181641
2.1985502243042 -5.1426305770874 64.3044586181641
2.1985502243042 -5.1426305770874 65.2887115478516
-1 0 0
2.1985502243042 -2.35391664505005 64.3044586181641
2.1985502243042 -2.68200063705444 64.3044586181641
2.1985502243042 -2.68200063705444 65.2887115478516
-1 0 0
2.1985502243042 -5.1426305770874 65.2887115478516
2.1985502243042 -2.68200063705444 65.2887115478516
2.1985502243042 -2.68200063705444 64.3044586181641
-1 0 0
2.1985502243042 -2.68200063705444 65.2887115478516
2.1985502243042 -2.35391664505005 65.2887115478516
2.1985502243042 -2.35391664505005 64.3044586181641
-1 0 0
2.1985502243042 -2.35391664505005 64.3044586181641
2.1985502243042 -2.35391664505005 65.2887115478516
-2.55866765975952 -2.35391664505005 65.2887115478516
-3.2672715108145E-15 -1 0
-2.55866765975952 -2.35391664505005 65.2887115478516
-2.55866765975952 -2.35391664505005 64.3044586181641
2.1985502243042 -2.35391664505005 64.3044586181641
-3.2672715108145E-15 -1 0
-2.55866765975952 -2.35391664505005 64.3044586181641
-2.55866765975952 -2.35391664505005 65.2887115478516
-2.55866765975952 8.96498107910156 65.2887115478516
-1 1.56937265115704E-16 0
-2.55866765975952 8.96498107910156 65.2887115478516
-2.55866765975952 8.96498107910156 64.3044586181641
-2.55866765975952 -2.35391664505005 64.3044586181641
-1 1.56937265115704E-16 0
-3.21483564376831 8.96498107910156 64.3044586181641
-2.55866765975952 8.96498107910156 64.3044586181641
-3.21483564376831 8.96498107910156 65.2887115478516
-3.28141554332899E-15 -1 0
-13.3854389190674 8.96498107910156 64.3044586181641
-3.21483564376831 8.96498107910156 64.3044586181641
-13.3854389190674 8.96498107910156 65.2887115478516
-3.28141554332899E-15 -1 0
-2.55866765975952 8.96498107910156 65.2887115478516
-3.21483564376831 8.96498107910156 65.2887115478516
-2.55866765975952 8.96498107910156 64.3044586181641
-3.28141554332899E-15 -1 0
-3.21483564376831 8.96498107910156 65.2887115478516
-13.3854389190674 8.96498107910156 65.2887115478516
-3.21483564376831 8.96498107910156 64.3044586181641
-3.28141554332899E-15 -1 0
-13.3854389190674 8.96498107910156 64.3044586181641
-13.3854389190674 8.96498107910156 65.2887115478516
-13.3854389190674 13.8862409591675 65.2887115478516
-1 -5.558717930398E-13 0
-13.3854389190674 13.8862409591675 65.2887115478516
-13.3854389190674 13.8862409591675 64.3044586181641
-13.3854389190674 8.96498107910156 64.3044586181641
-1 -5.558717930398E-13 0
-13.3854389190674 13.8862409591675 64.3044586181641
-13.3854389190674 13.8862409591675 65.2887115478516
-2.55866765975952 13.8862409591675 65.2887115478516
0 1 0
-2.55866765975952 13.8862409591675 65.2887115478516
-2.55866765975952 13.8862409591675 64.3044586181641
-13.3854389190674 13.8862409591675 64.3044586181641
0 1 0
13.1893634796143 13.8862409591675 64.3044586181641
-2.55866765975952 13.8862409591675 64.3044586181641
-2.55866765975952 13.8862409591675 65.2887115478516
0 1 0
-2.55866765975952 13.8862409591675 65.2887115478516
13.1893634796143 13.8862409591675 65.2887115478516
13.1893634796143 13.8862409591675 64.3044586181641
0 1 0
28.9373950958252 13.8862409591675 64.3044586181641
14.5016994476318 13.8862409591675 64.3044586181641
14.5016994476318 13.8862409591675 65.2887115478516
0 1 0
14.5016994476318 13.8862409591675 65.2887115478516
28.9373950958252 13.8862409591675 65.2887115478516
28.9373950958252 13.8862409591675 64.3044586181641
0 1 0
29.593563079834 -5.1426305770874 64.3044586181641
29.593563079834 12.9019889831543 64.3044586181641
29.593563079834 12.9019889831543 65.2887115478516
1 1.86701229189355E-16 0
29.593563079834 12.9019889831543 65.2887115478516
29.593563079834 -5.1426305770874 65.2887115478516
29.593563079834 -5.1426305770874 64.3044586181641
1 1.86701229189355E-16 0
2.1985502243042 -5.1426305770874 65.2887115478516
2.1985502243042 -5.1426305770874 64.3044586181641
6.79172611236572 -5.1426305770874 64.3044586181641
-9.01632780412803E-14 -1 0
6.79172611236572 -5.1426305770874 64.3044586181641
7.11981010437012 -5.1426305770874 64.3044586181641
2.1985502243042 -5.1426305770874 65.2887115478516
-9.01632780412803E-14 -1 0
14.5016994476318 -5.1426305770874 64.3044586181641
29.593563079834 -5.1426305770874 65.2887115478516
2.1985502243042 -5.1426305770874 65.2887115478516
-9.01632780412803E-14 -1 0
29.593563079834 -5.1426305770874 65.2887115478516
14.5016994476318 -5.1426305770874 64.3044586181641
29.593563079834 -5.1426305770874 64.3044586181641
-9.01632780412803E-14 -1 0
13.1893634796143 -5.1426305770874 64.3044586181641
2.1985502243042 -5.1426305770874 65.2887115478516
7.11981010437012 -5.1426305770874 64.3044586181641
-9.01632780412803E-14 -1 0
2.1985502243042 -5.1426305770874 65.2887115478516
13.1893634796143 -5.1426305770874 64.3044586181641
14.5016994476318 -5.1426305770874 64.3044586181641
-9.01632780412803E-14 -1 0
-13.3854389190674 2.56734323501587 64.3044586181641
-13.3854389190674 2.56734323501587 65.2887115478516
-13.3854389190674 8.30881309509277 65.2887115478516
-1 1.54695304185493E-15 0
-13.3854389190674 8.30881309509277 65.2887115478516
-13.3854389190674 8.30881309509277 64.3044586181641
-13.3854389190674 2.56734323501587 64.3044586181641
-1 1.54695304185493E-15 0
-13.3854389190674 8.30881309509277 64.3044586181641
-13.3854389190674 8.30881309509277 65.2887115478516
-3.21483564376831 8.30881309509277 65.2887115478516
3.14380779473781E-15 1 0
-3.21483564376831 8.30881309509277 65.2887115478516
-3.21483564376831 8.30881309509277 64.3044586181641
-13.3854389190674 8.30881309509277 64.3044586181641
3.14380779473781E-15 1 0
-3.21483564376831 8.30881309509277 64.3044586181641
-3.21483564376831 8.30881309509277 65.2887115478516
-3.21483564376831 2.56734323501587 65.2887115478516
1 -1.62430069394767E-15 0
-3.21483564376831 2.56734323501587 65.2887115478516
-3.21483564376831 2.56734323501587 64.3044586181641
-3.21483564376831 8.30881309509277 64.3044586181641
1 -1.62430069394767E-15 0
-3.21483564376831 2.56734323501587 64.3044586181641
-3.21483564376831 2.56734323501587 65.2887115478516
-13.3854389190674 2.56734323501587 65.2887115478516
-3.23113578903608E-15 -1 0
-13.3854389190674 2.56734323501587 65.2887115478516
-13.3854389190674 2.56734323501587 64.3044586181641
-3.21483564376831 2.56734323501587 64.3044586181641
-3.23113578903608E-15 -1 0
13.1893634796143 12.9019889831543 64.3044586181641
13.1893634796143 13.8862409591675 64.3044586181641
13.1893634796143 13.8862409591675 65.2887115478516
1 0 0
13.1893634796143 13.8862409591675 65.2887115478516
13.1893634796143 12.9019889831543 65.2887115478516
13.1893634796143 12.9019889831543 64.3044586181641
1 0 0
13.845531463623 12.9019889831543 64.3044586181641
13.1893634796143 12.9019889831543 65.2887115478516
14.5016994476318 12.9019889831543 65.2887115478516
0 1 0
13.1893634796143 12.9019889831543 65.2887115478516
13.845531463623 12.9019889831543 64.3044586181641
13.1893634796143 12.9019889831543 64.3044586181641
0 1 0
14.5016994476318 12.9019889831543 65.2887115478516
14.5016994476318 12.9019889831543 64.3044586181641
13.845531463623 12.9019889831543 64.3044586181641
0 1 0
14.5016994476318 12.9019889831543 65.2887115478516
14.5016994476318 13.8862409591675 65.2887115478516
14.5016994476318 13.8862409591675 64.3044586181641
-1 0 0
14.5016994476318 13.8862409591675 64.3044586181641
14.5016994476318 12.9019889831543 64.3044586181641
14.5016994476318 12.9019889831543 65.2887115478516
-1 0 0
28.9373950958252 12.9019889831543 64.3044586181641
28.9373950958252 13.8862409591675 64.3044586181641
28.9373950958252 13.8862409591675 65.2887115478516
1 -1.60982338570648E-15 0
28.9373950958252 13.8862409591675 65.2887115478516
28.9373950958252 12.9019889831543 65.2887115478516
28.9373950958252 12.9019889831543 64.3044586181641
1 -1.60982338570648E-15 0
28.9373950958252 12.9019889831543 65.2887115478516
29.593563079834 12.9019889831543 65.2887115478516
29.593563079834 12.9019889831543 64.3044586181641
1.60982338570648E-15 1 0
29.593563079834 12.9019889831543 64.3044586181641
28.9373950958252 12.9019889831543 64.3044586181641
28.9373950958252 12.9019889831543 65.2887115478516
1.60982338570648E-15 1 0
[LEVEL]
G.L
-21.9156227111816 -5.79879856109619 -1.31233596801758
-15.6820268630981 4.37180519104004 -1.31233596801758
-15.6820268630981 -5.79879856109619 -1.31233596801758
0 0 -1
-15.6820268630981 4.37180519104004 -1.31233596801758
-21.9156227111816 -5.79879856109619 -1.31233596801758
-23.884126663208 -5.79879856109619 -1.31233596801758
0 0 -1
28.9373950958252 14.5424089431763 -1.31233596801758
30.2497310638428 -5.79879856109619 -1.31233596801758
28.2812271118164 -5.79879856109619 -1.31233596801758
0 0 -1
28.2812271118164 -5.79879856109619 -1.31233596801758
-3.8710036277771 -5.79879856109619 -1.31233596801758
-3.8710036277771 4.37180519104004 -1.31233596801758
0 0 -1
-23.884126663208 -5.79879856109619 -1.31233596801758
-23.884126663208 14.5424089431763 -1.31233596801758
-15.6820268630981 4.37180519104004 -1.31233596801758
0 0 -1
-3.8710036277771 4.37180519104004 -1.31233596801758
-21.9156227111816 14.5424089431763 -1.31233596801758
28.2812271118164 14.5424089431763 -1.31233596801758
0 0 -1
-3.8710036277771 4.37180519104004 -1.31233596801758
-15.6820268630981 4.37180519104004 -1.31233596801758
-21.9156227111816 14.5424089431763 -1.31233596801758
0 0 -1
-15.6820268630981 4.37180519104004 -1.31233596801758
-23.884126663208 14.5424089431763 -1.31233596801758
-21.9156227111816 14.5424089431763 -1.31233596801758
0 0 -1
28.2812271118164 14.5424089431763 -1.31233596801758
28.9373950958252 14.5424089431763 -1.31233596801758
28.2812271118164 -5.79879856109619 -1.31233596801758
0 0 -1
30.2497310638428 14.5424089431763 -1.31233596801758
30.2497310638428 -5.79879856109619 -1.31233596801758
28.9373950958252 14.5424089431763 -1.31233596801758
0 0 -1
30.2497310638428 14.5424089431763 -1.31233596801758
28.9373950958252 14.5424089431763 -1.31233596801758
28.9373950958252 14.8704929351807 -1.31233596801758
0 0 -1
28.9373950958252 14.8704929351807 -1.31233596801758
30.2497310638428 14.8704929351807 -1.31233596801758
30.2497310638428 14.5424089431763 -1.31233596801758
0 0 -1
28.2812271118164 -5.79879856109619 -1.31233596801758
-3.8710036277771 4.37180519104004 -1.31233596801758
28.2812271118164 14.5424089431763 -1.31233596801758
0 0 -1
-3.8710036277771 4.37180519104004 0.656167984008789
28.9373950958252 12.5739049911499 0.656167984008789
-23.884126663208 12.5739049911499 0.656167984008789
0 0 1
28.9373950958252 14.5424089431763 0.656167984008789
28.9373950958252 12.5739049911499 0.656167984008789
30.2497310638428 12.8916311264038 0.656167984008789
0 0 1
30.2497310638428 14.8704929351807 0.656167984008789
28.9373950958252 14.8704929351807 0.656167984008789
30.2497310638428 14.5424089431763 0.656167984008789
0 0 1
30.2497310638428 14.5424089431763 0.656167984008789
28.9373950958252 14.8704929351807 0.656167984008789
28.9373950958252 14.5424089431763 0.656167984008789
0 0 1
28.9373950958252 14.5424089431763 0.656167984008789
30.2497310638428 12.8916311264038 0.656167984008789
30.2497310638428 14.5424089431763 0.656167984008789
0 0 1
28.9373950958252 12.5739049911499 0.656167984008789
30.2497310638428 -3.83029460906982 0.656167984008789
30.2497310638428 12.8916311264038 0.656167984008789
0 0 1
-13.3854389190674 4.37180519104004 0.656167984008789
-23.884126663208 12.5739049911499 0.656167984008789
-14.0416069030762 4.37180519104004 0.656167984008789
0 0 1
-23.884126663208 -3.83029460906982 0.656167984008789
-15.6820268630981 -3.83029460906982 0.656167984008789
-15.6820268630981 4.37180519104004 0.656167984008789
0 0 1
-15.6820268630981 4.37180519104004 0.656167984008789
-23.884126663208 12.5739049911499 0.656167984008789
-23.884126663208 -3.83029460906982 0.656167984008789
0 0 1
-3.8710036277771 4.37180519104004 0.656167984008789
-23.884126663208 12.5739049911499 0.656167984008789
-13.3854389190674 4.37180519104004 0.656167984008789
0 0 1
-3.8710036277771 -3.83029460906982 0.656167984008789
30.2497310638428 -3.83029460906982 0.656167984008789
-3.8710036277771 4.37180519104004 0.656167984008789
0 0 1
-3.8710036277771 4.37180519104004 0.656167984008789
30.2497310638428 -3.83029460906982 0.656167984008789
28.9373950958252 12.5739049911499 0.656167984008789
0 0 1
-14.0416069030762 4.37180519104004 0.656167984008789
-23.884126663208 12.5739049911499 0.656167984008789
-15.6820268630981 4.37180519104004 0.656167984008789
0 0 1
28.9373950958252 14.5424089431763 -0.328083992004395
28.9373950958252 14.8704929351807 -1.31233596801758
28.9373950958252 14.5424089431763 -1.31233596801758
-1 0 0
28.9373950958252 13.5581569671631 -0.328083992004395
28.9373950958252 14.5424089431763 0.656167984008789
28.9373950958252 14.5424089431763 -0.328083992004395
-1 0 0
28.9373950958252 14.5424089431763 0.656167984008789
28.9373950958252 13.5581569671631 -0.328083992004395
28.9373950958252 12.5739049911499 0.656167984008789
-1 0 0
28.9373950958252 14.5424089431763 0.656167984008789
28.9373950958252 14.8704929351807 0.656167984008789
28.9373950958252 14.5424089431763 -0.328083992004395
-1 0 0
28.9373950958252 14.5424089431763 -0.328083992004395
28.9373950958252 14.8704929351807 0.656167984008789
28.9373950958252 14.8704929351807 -1.31233596801758
-1 0 0
28.9373950958252 14.8704929351807 -1.31233596801758
28.9373950958252 14.8704929351807 0.656167984008789
30.2497310638428 14.8704929351807 0.656167984008789
0 1 0
30.2497310638428 14.8704929351807 0.656167984008789
30.2497310638428 14.8704929351807 -1.31233596801758
28.9373950958252 14.8704929351807 -1.31233596801758
0 1 0
30.2497310638428 14.8704929351807 -1.31233596801758
30.2497310638428 14.8704929351807 0.656167984008789
30.2497310638428 14.5424089431763 0.656167984008789
1 0 0
30.2497310638428 14.5424089431763 0.656167984008789
30.2497310638428 14.5424089431763 -1.31233596801758
30.2497310638428 14.8704929351807 -1.31233596801758
1 0 0
30.2497310638428 -5.79879856109619 -1.31233596801758
30.2497310638428 14.5424089431763 -1.31233596801758
30.2497310638428 -4.81454658508301 -0.328083992004395
1 0 0
30.2497310638428 -4.81454658508301 -0.328083992004395
30.2497310638428 14.5424089431763 -1.31233596801758
30.2497310638428 -3.83029460906982 0.656167984008789
1 0 0
30.2497310638428 -5.79879856109619 -1.31233596801758
30.2497310638428 -4.81454658508301 -0.328083992004395
30.2497310638428 -5.79879856109619 -0.328083992004395
1 0 0
30.2497310638428 -3.83029460906982 0.656167984008789
30.2497310638428 14.5424089431763 -1.31233596801758
30.2497310638428 12.8916311264038 0.656167984008789
1 0 0
30.2497310638428 12.8916311264038 0.656167984008789
30.2497310638428 14.5424089431763 -1.31233596801758
30.2497310638428 14.5424089431763 0.656167984008789
1 0 0
28.2812271118164 -5.79879856109619 -1.31233596801758
30.2497310638428 -5.79879856109619 -0.328083992004395
-3.8710036277771 -5.79879856109619 -0.328083992004395
0 -1 0
30.2497310638428 -5.79879856109619 -0.328083992004395
28.2812271118164 -5.79879856109619 -1.31233596801758
30.2497310638428 -5.79879856109619 -1.31233596801758
0 -1 0
28.2812271118164 -5.79879856109619 -1.31233596801758
-3.8710036277771 -5.79879856109619 -0.328083992004395
-3.8710036277771 -5.79879856109619 -1.31233596801758
0 -1 0
-21.9156227111816 -5.79879856109619 -1.31233596801758
-15.6820268630981 -5.79879856109619 -0.328083992004395
-23.884126663208 -5.79879856109619 -0.328083992004395
0 -1 0
-15.6820268630981 -5.79879856109619 -0.328083992004395
-21.9156227111816 -5.79879856109619 -1.31233596801758
-15.6820268630981 -5.79879856109619 -1.31233596801758
0 -1 0
-21.9156227111816 -5.79879856109619 -1.31233596801758
-23.884126663208 -5.79879856109619 -0.328083992004395
-23.884126663208 -5.79879856109619 -1.31233596801758
0 -1 0
-23.884126663208 -5.79879856109619 -1.31233596801758
-23.884126663208 -4.81454658508301 -0.328083992004395
-23.884126663208 14.5424089431763 -1.31233596801758
-1 0 0
-23.884126663208 -4.81454658508301 -0.328083992004395
-23.884126663208 -5.79879856109619 -1.31233596801758
-23.884126663208 -5.79879856109619 -0.328083992004395
-1 0 0
-23.884126663208 14.5424089431763 -1.31233596801758
-23.884126663208 13.5581569671631 -0.328083992004395
-23.884126663208 14.5424089431763 -0.328083992004395
-1 0 0
-23.884126663208 13.5581569671631 -0.328083992004395
-23.884126663208 14.5424089431763 -1.31233596801758
-23.884126663208 -4.81454658508301 -0.328083992004395
-1 0 0
-23.884126663208 -4.81454658508301 -0.328083992004395
-23.884126663208 -3.83029460906982 0.656167984008789
-23.884126663208 13.5581569671631 -0.328083992004395
-1 0 0
-23.884126663208 12.5739049911499 0.656167984008789
-23.884126663208 13.5581569671631 -0.328083992004395
-23.884126663208 -3.83029460906982 0.656167984008789
-1 0 0
28.9373950958252 14.5424089431763 -1.31233596801758
28.2812271118164 14.5424089431763 -1.31233596801758
28.9373950958252 14.5424089431763 -0.328083992004395
0 1 0
-21.9156227111816 14.5424089431763 -1.31233596801758
-23.884126663208 14.5424089431763 -0.328083992004395
28.9373950958252 14.5424089431763 -0.328083992004395
0 1 0
-23.884126663208 14.5424089431763 -0.328083992004395
-21.9156227111816 14.5424089431763 -1.31233596801758
-23.884126663208 14.5424089431763 -1.31233596801758
0 1 0
-21.9156227111816 14.5424089431763 -1.31233596801758
28.9373950958252 14.5424089431763 -0.328083992004395
28.2812271118164 14.5424089431763 -1.31233596801758
0 1 0
-3.8710036277771 4.37180519104004 -1.31233596801758
-3.8710036277771 -5.79879856109619 -1.31233596801758
-3.8710036277771 -4.81454658508301 -0.328083992004395
-1 0 0
-3.8710036277771 -4.81454658508301 -0.328083992004395
-3.8710036277771 -5.79879856109619 -1.31233596801758
-3.8710036277771 -5.79879856109619 -0.328083992004395
-1 0 0
-3.8710036277771 4.37180519104004 -1.31233596801758
-3.8710036277771 -4.81454658508301 -0.328083992004395
-3.8710036277771 -3.83029460906982 0.656167984008789
-1 0 0
-3.8710036277771 -3.83029460906982 0.656167984008789
-3.8710036277771 4.37180519104004 0.656167984008789
-3.8710036277771 4.37180519104004 -1.31233596801758
-1 0 0
-15.6820268630981 4.37180519104004 -1.31233596801758
-3.8710036277771 4.37180519104004 -1.31233596801758
-13.3854389190674 4.37180519104004 0.656167984008789
0 -1 0
-13.3854389190674 4.37180519104004 0.656167984008789
-3.8710036277771 4.37180519104004 -1.31233596801758
-3.8710036277771 4.37180519104004 0.656167984008789
0 -1 0
-15.6820268630981 4.37180519104004 -1.31233596801758
-13.3854389190674 4.37180519104004 0.656167984008789
-14.0416069030762 4.37180519104004 0.656167984008789
0 -1 0
-14.0416069030762 4.37180519104004 0.656167984008789
-15.6820268630981 4.37180519104004 0.656167984008789
-15.6820268630981 4.37180519104004 -1.31233596801758
0 -1 0
-15.6820268630981 -5.79879856109619 -1.31233596801758
-15.6820268630981 4.37180519104004 -1.31233596801758
-15.6820268630981 -4.81454658508301 -0.328083992004395
1 0 0
-15.6820268630981 -4.81454658508301 -0.328083992004395
-15.6820268630981 4.37180519104004 -1.31233596801758
-15.6820268630981 -3.83029460906982 0.656167984008789
1 0 0
-15.6820268630981 -5.79879856109619 -1.31233596801758
-15.6820268630981 -4.81454658508301 -0.328083992004395
-15.6820268630981 -5.79879856109619 -0.328083992004395
1 0 0
-15.6820268630981 -3.83029460906982 0.656167984008789
-15.6820268630981 4.37180519104004 -1.31233596801758
-15.6820268630981 4.37180519104004 0.656167984008789
1 0 0
28.9373950958252 13.5581569671631 -0.328083992004395
-23.884126663208 13.5581569671631 -0.328083992004395
-23.884126663208 12.5739049911499 0.656167984008789
0 0.707106781186549 0.707106781186546
-23.884126663208 12.5739049911499 0.656167984008789
28.9373950958252 12.5739049911499 0.656167984008789
28.9373950958252 13.5581569671631 -0.328083992004395
0 0.707106781186549 0.707106781186546
28.9373950958252 14.5424089431763 -0.328083992004395
-23.884126663208 14.5424089431763 -0.328083992004395
-23.884126663208 13.5581569671631 -0.328083992004395
0 0 1
-23.884126663208 13.5581569671631 -0.328083992004395
28.9373950958252 13.5581569671631 -0.328083992004395
28.9373950958252 14.5424089431763 -0.328083992004395
0 0 1
30.2497310638428 -4.81454658508301 -0.328083992004395
30.2497310638428 -3.83029460906982 0.656167984008789
-3.8710036277771 -3.83029460906982 0.656167984008789
0 -0.707106781186549 0.707106781186546
-3.8710036277771 -3.83029460906982 0.656167984008789
-3.8710036277771 -4.81454658508301 -0.328083992004395
30.2497310638428 -4.81454658508301 -0.328083992004395
0 -0.707106781186549 0.707106781186546
-3.8710036277771 -4.81454658508301 -0.328083992004395
-3.8710036277771 -5.79879856109619 -0.328083992004395
30.2497310638428 -5.79879856109619 -0.328083992004395
0 0 1
30.2497310638428 -5.79879856109619 -0.328083992004395
30.2497310638428 -4.81454658508301 -0.328083992004395
-3.8710036277771 -4.81454658508301 -0.328083992004395
0 0 1
-15.6820268630981 -4.81454658508301 -0.328083992004395
-15.6820268630981 -3.83029460906982 0.656167984008789
-23.884126663208 -3.83029460906982 0.656167984008789
0 -0.707106781186549 0.707106781186546
-23.884126663208 -3.83029460906982 0.656167984008789
-23.884126663208 -4.81454658508301 -0.328083992004395
-15.6820268630981 -4.81454658508301 -0.328083992004395
0 -0.707106781186549 0.707106781186546
-23.884126663208 -4.81454658508301 -0.328083992004395
-23.884126663208 -5.79879856109619 -0.328083992004395
-15.6820268630981 -5.79879856109619 -0.328083992004395
0 0 1
-15.6820268630981 -5.79879856109619 -0.328083992004395
-15.6820268630981 -4.81454658508301 -0.328083992004395
-23.884126663208 -4.81454658508301 -0.328083992004395
0 0 1
[LEVEL]
Foundation
-5.83950757980347 -5.4707145690918 -7.21784782409668
-13.7135229110718 -5.4707145690918 -7.21784782409668
-13.7135229110718 2.40330123901367 -7.21784782409668
0 0 -1
-13.7135229110718 2.40330123901367 -7.21784782409668
-5.83950757980347 2.40330123901367 -7.21784782409668
-5.83950757980347 -5.4707145690918 -7.21784782409668
0 0 -1
-13.7135229110718 2.40330123901367 -5.24934387207031
-13.7135229110718 -5.4707145690918 -5.24934387207031
-5.83950757980347 -5.4707145690918 -5.24934387207031
0 0 1
-5.83950757980347 -5.4707145690918 -5.24934387207031
-5.83950757980347 2.40330123901367 -5.24934387207031
-13.7135229110718 2.40330123901367 -5.24934387207031
0 0 1
-5.83950757980347 2.40330123901367 -7.21784782409668
-5.83950757980347 2.40330123901367 -5.24934387207031
-5.83950757980347 -5.4707145690918 -5.24934387207031
1 0 0
-5.83950757980347 -5.4707145690918 -5.24934387207031
-5.83950757980347 -5.4707145690918 -7.21784782409668
-5.83950757980347 2.40330123901367 -7.21784782409668
1 0 0
-5.83950757980347 -5.4707145690918 -7.21784782409668
-5.83950757980347 -5.4707145690918 -5.24934387207031
-13.7135229110718 -5.4707145690918 -5.24934387207031
0 -1 0
-13.7135229110718 -5.4707145690918 -5.24934387207031
-13.7135229110718 -5.4707145690918 -7.21784782409668
-5.83950757980347 -5.4707145690918 -7.21784782409668
0 -1 0
-13.7135229110718 -5.4707145690918 -7.21784782409668
-13.7135229110718 -5.4707145690918 -5.24934387207031
-13.7135229110718 2.40330123901367 -5.24934387207031
-1 0 0
-13.7135229110718 2.40330123901367 -5.24934387207031
-13.7135229110718 2.40330123901367 -7.21784782409668
-13.7135229110718 -5.4707145690918 -7.21784782409668
-1 0 0
-13.7135229110718 2.40330123901367 -7.21784782409668
-13.7135229110718 2.40330123901367 -5.24934387207031
-5.83950757980347 2.40330123901367 -5.24934387207031
0 1 0
-5.83950757980347 2.40330123901367 -5.24934387207031
-5.83950757980347 2.40330123901367 -7.21784782409668
-13.7135229110718 2.40330123901367 -7.21784782409668
0 1 0
[LEVEL]
옥탑 및 지붕
