[LEVEL]
1F
[HEADER]
428234,AW1 2800*1400,3446
-23.556042946117 5.03267223114588 0.328083989501312
1
1.57190389736864E-15 1 0
-1 1.57190389736864E-15 0
0 0 1
-2.60826778411865 0.216535434126854 7.39829397201538
-1.06627297401428 0.216535434126854 7.39829397201538
-1.06627297401428 0.216535434126854 5.06889772415161
0 1 0
-1.06627297401428 0.216535434126854 5.06889772415161
-2.60826778411865 0.216535434126854 5.06889772415161
-2.60826778411865 0.216535434126854 7.39829397201538
0 1 0
-2.44422578811646 0.216535434126854 4.75721788406372
-2.07513117790222 0.216535434126854 4.75721788406372
-2.07513117790222 0.216535434126854 3.23162722587585
0 1 0
-2.07513117790222 0.216535434126854 3.23162722587585
-2.44422578811646 0.216535434126854 3.23162722587585
-2.44422578811646 0.216535434126854 4.75721788406372
0 1 0
-1.59940946102142 0.216535434126854 4.75721788406372
-1.23031497001648 0.216535434126854 4.75721788406372
-1.23031497001648 0.216535434126854 3.23162722587585
0 1 0
-1.23031497001648 0.216535434126854 3.23162722587585
-1.59940946102142 0.216535434126854 3.23162722587585
-1.59940946102142 0.216535434126854 4.75721788406372
0 1 0
-1.06627297401428 0.144356951117516 7.39829397201538
-2.60826778411865 0.144356951117516 7.39829397201538
-2.60826778411865 0.144356951117516 5.06889772415161
0 -1 0
-2.60826778411865 0.144356951117516 5.06889772415161
-1.06627297401428 0.144356951117516 5.06889772415161
-1.06627297401428 0.144356951117516 7.39829397201538
0 -1 0
-2.07513117790222 0.144356951117516 4.75721788406372
-2.44422578811646 0.144356951117516 4.75721788406372
-2.44422578811646 0.144356951117516 3.23162722587585
0 -1 0
-2.44422578811646 0.144356951117516 3.23162722587585
-2.07513117790222 0.144356951117516 3.23162722587585
-2.07513117790222 0.144356951117516 4.75721788406372
0 -1 0
-1.23031497001648 0.144356951117516 4.75721788406372
-1.59940946102142 0.144356951117516 4.75721788406372
-1.59940946102142 0.144356951117516 3.23162722587585
0 -1 0
-1.59940946102142 0.144356951117516 3.23162722587585
-1.23031497001648 0.144356951117516 3.23162722587585
-1.23031497001648 0.144356951117516 4.75721788406372
0 -1 0
-2.60826778411865 0.144356951117516 7.39829397201538
-1.06627297401428 0.144356951117516 7.39829397201538
-1.06627297401428 0.216535434126854 7.39829397201538
0 0 1
-1.06627297401428 0.216535434126854 7.39829397201538
-2.60826778411865 0.216535434126854 7.39829397201538
-2.60826778411865 0.144356951117516 7.39829397201538
0 0 1
-2.60826778411865 0.144356951117516 5.06889772415161
-2.60826778411865 0.144356951117516 7.39829397201538
-2.60826778411865 0.216535434126854 7.39829397201538
-1 0 0
-2.60826778411865 0.216535434126854 7.39829397201538
-2.60826778411865 0.216535434126854 5.06889772415161
-2.60826778411865 0.144356951117516 5.06889772415161
-1 0 0
-1.06627297401428 0.144356951117516 5.06889772415161
-2.60826778411865 0.144356951117516 5.06889772415161
-2.60826778411865 0.216535434126854 5.06889772415161
0 0 -1
-2.60826778411865 0.216535434126854 5.06889772415161
-1.06627297401428 0.216535434126854 5.06889772415161
-1.06627297401428 0.144356951117516 5.06889772415161
0 0 -1
-1.06627297401428 0.144356951117516 7.39829397201538
-1.06627297401428 0.144356951117516 5.06889772415161
-1.06627297401428 0.216535434126854 5.06889772415161
1 0 0
-1.06627297401428 0.216535434126854 5.06889772415161
-1.06627297401428 0.216535434126854 7.39829397201538
-1.06627297401428 0.144356951117516 7.39829397201538
1 0 0
-2.44422578811646 0.144356951117516 4.75721788406372
-2.07513117790222 0.144356951117516 4.75721788406372
-2.07513117790222 0.216535434126854 4.75721788406372
0 0 1
-2.07513117790222 0.216535434126854 4.75721788406372
-2.44422578811646 0.216535434126854 4.75721788406372
-2.44422578811646 0.144356951117516 4.75721788406372
0 0 1
-2.44422578811646 0.144356951117516 3.23162722587585
-2.44422578811646 0.144356951117516 4.75721788406372
-2.44422578811646 0.216535434126854 4.75721788406372
-1 0 0
-2.44422578811646 0.216535434126854 4.75721788406372
-2.44422578811646 0.216535434126854 3.23162722587585
-2.44422578811646 0.144356951117516 3.23162722587585
-1 0 0
-2.07513117790222 0.144356951117516 3.23162722587585
-2.44422578811646 0.144356951117516 3.23162722587585
-2.44422578811646 0.216535434126854 3.23162722587585
0 0 -1
-2.44422578811646 0.216535434126854 3.23162722587585
-2.07513117790222 0.216535434126854 3.23162722587585
-2.07513117790222 0.144356951117516 3.23162722587585
0 0 -1
-2.07513117790222 0.144356951117516 4.75721788406372
-2.07513117790222 0.144356951117516 3.23162722587585
-2.07513117790222 0.216535434126854 3.23162722587585
1 0 -1.81933321454703E-17
-2.07513117790222 0.216535434126854 3.23162722587585
-2.07513117790222 0.216535434126854 4.75721788406372
-2.07513117790222 0.144356951117516 4.75721788406372
1 0 -1.81933321454703E-17
-1.59940946102142 0.144356951117516 4.75721788406372
-1.23031497001648 0.144356951117516 4.75721788406372
-1.23031497001648 0.216535434126854 4.75721788406372
0 0 1
-1.23031497001648 0.216535434126854 4.75721788406372
-1.59940946102142 0.216535434126854 4.75721788406372
-1.59940946102142 0.144356951117516 4.75721788406372
0 0 1
-1.59940946102142 0.144356951117516 3.23162722587585
-1.59940946102142 0.144356951117516 4.75721788406372
-1.59940946102142 0.216535434126854 4.75721788406372
-1 0 1.81933321454703E-17
-1.59940946102142 0.216535434126854 4.75721788406372
-1.59940946102142 0.216535434126854 3.23162722587585
-1.59940946102142 0.144356951117516 3.23162722587585
-1 0 1.81933321454703E-17
-1.23031497001648 0.144356951117516 3.23162722587585
-1.59940946102142 0.144356951117516 3.23162722587585
-1.59940946102142 0.216535434126854 3.23162722587585
0 0 -1
-1.59940946102142 0.216535434126854 3.23162722587585
-1.23031497001648 0.216535434126854 3.23162722587585
-1.23031497001648 0.144356951117516 3.23162722587585
0 0 -1
-1.23031497001648 0.144356951117516 4.75721788406372
-1.23031497001648 0.144356951117516 3.23162722587585
-1.23031497001648 0.216535434126854 3.23162722587585
1 0 0
-1.23031497001648 0.216535434126854 3.23162722587585
-1.23031497001648 0.216535434126854 4.75721788406372
-1.23031497001648 0.144356951117516 4.75721788406372
1 0 0
-1.94389760494232 0.246062994003296 3.10039377212524
-2.07513117790222 0.246062994003296 4.75721788406372
-1.94389760494232 0.246062994003296 4.88845157623291
0 1 0
-2.44422578811646 0.246062994003296 4.75721788406372
-1.94389760494232 0.246062994003296 4.88845157623291
-2.07513117790222 0.246062994003296 4.75721788406372
0 1 0
-2.44422578811646 0.246062994003296 3.23162722587585
-2.07513117790222 0.246062994003296 3.23162722587585
-1.94389760494232 0.246062994003296 3.10039377212524
0 1 0
-2.07513117790222 0.246062994003296 4.75721788406372
-1.94389760494232 0.246062994003296 3.10039377212524
-2.07513117790222 0.246062994003296 3.23162722587585
0 1 0
-2.44422578811646 0.246062994003296 3.23162722587585
-2.60826778411865 0.246062994003296 4.88845157623291
-2.44422578811646 0.246062994003296 4.75721788406372
0 1 0
-1.94389760494232 0.246062994003296 4.88845157623291
-2.44422578811646 0.246062994003296 4.75721788406372
-2.60826778411865 0.246062994003296 4.88845157623291
0 1 0
-1.94389760494232 0.246062994003296 3.10039377212524
-2.60826778411865 0.246062994003296 3.10039377212524
-2.44422578811646 0.246062994003296 3.23162722587585
0 1 0
-2.60826778411865 0.246062994003296 4.88845157623291
-2.44422578811646 0.246062994003296 3.23162722587585
-2.60826778411865 0.246062994003296 3.10039377212524
0 1 0
-1.23031497001648 0.246062994003296 3.23162722587585
-1.23031497001648 0.246062994003296 4.75721788406372
-1.06627297401428 0.246062994003296 4.88845157623291
0 1 0
-1.73064303398132 0.246062994003296 4.88845157623291
-1.06627297401428 0.246062994003296 4.88845157623291
-1.23031497001648 0.246062994003296 4.75721788406372
0 1 0
-1.73064303398132 0.246062994003296 3.10039377212524
-1.23031497001648 0.246062994003296 3.23162722587585
-1.06627297401428 0.246062994003296 3.10039377212524
0 1 0
-1.06627297401428 0.246062994003296 4.88845157623291
-1.06627297401428 0.246062994003296 3.10039377212524
-1.23031497001648 0.246062994003296 3.23162722587585
0 1 0
-1.73064303398132 0.246062994003296 3.10039377212524
-1.73064303398132 0.246062994003296 4.88845157623291
-1.59940946102142 0.246062994003296 4.75721788406372
0 1 0
-1.23031497001648 0.246062994003296 4.75721788406372
-1.59940946102142 0.246062994003296 4.75721788406372
-1.73064303398132 0.246062994003296 4.88845157623291
0 1 0
-1.23031497001648 0.246062994003296 3.23162722587585
-1.73064303398132 0.246062994003296 3.10039377212524
-1.59940946102142 0.246062994003296 3.23162722587585
0 1 0
-1.59940946102142 0.246062994003296 4.75721788406372
-1.59940946102142 0.246062994003296 3.23162722587585
-1.73064303398132 0.246062994003296 3.10039377212524
0 1 0
-2.44422578811646 0.114829398691654 3.23162722587585
-2.44422578811646 0.114829398691654 4.75721788406372
-2.60826778411865 0.114829398691654 4.88845157623291
0 -1 0
-1.94389760494232 0.114829398691654 4.88845157623291
-2.60826778411865 0.114829398691654 4.88845157623291
-2.44422578811646 0.114829398691654 4.75721788406372
0 -1 0
-1.94389760494232 0.114829398691654 3.10039377212524
-2.44422578811646 0.114829398691654 3.23162722587585
-2.60826778411865 0.114829398691654 3.10039377212524
0 -1 0
-2.60826778411865 0.114829398691654 4.88845157623291
-2.60826778411865 0.114829398691654 3.10039377212524
-2.44422578811646 0.114829398691654 3.23162722587585
0 -1 0
-1.94389760494232 0.114829398691654 3.10039377212524
-1.94389760494232 0.114829398691654 4.88845157623291
-2.07513117790222 0.114829398691654 4.75721788406372
0 -1 0
-2.44422578811646 0.114829398691654 4.75721788406372
-2.07513117790222 0.114829398691654 4.75721788406372
-1.94389760494232 0.114829398691654 4.88845157623291
0 -1 0
-2.44422578811646 0.114829398691654 3.23162722587585
-1.94389760494232 0.114829398691654 3.10039377212524
-2.07513117790222 0.114829398691654 3.23162722587585
0 -1 0
-2.07513117790222 0.114829398691654 4.75721788406372
-2.07513117790222 0.114829398691654 3.23162722587585
-1.94389760494232 0.114829398691654 3.10039377212524
0 -1 0
-1.73064303398132 0.114829398691654 3.10039377212524
-1.59940946102142 0.114829398691654 4.75721788406372
-1.73064303398132 0.114829398691654 4.88845157623291
0 -1 0
-1.23031497001648 0.114829398691654 4.75721788406372
-1.73064303398132 0.114829398691654 4.88845157623291
-1.59940946102142 0.114829398691654 4.75721788406372
0 -1 0
-1.23031497001648 0.114829398691654 3.23162722587585
-1.59940946102142 0.114829398691654 3.23162722587585
-1.73064303398132 0.114829398691654 3.10039377212524
0 -1 0
-1.59940946102142 0.114829398691654 4.75721788406372
-1.73064303398132 0.114829398691654 3.10039377212524
-1.59940946102142 0.114829398691654 3.23162722587585
0 -1 0
-1.23031497001648 0.114829398691654 3.23162722587585
-1.06627297401428 0.114829398691654 4.88845157623291
-1.23031497001648 0.114829398691654 4.75721788406372
0 -1 0
-1.73064303398132 0.114829398691654 4.88845157623291
-1.23031497001648 0.114829398691654 4.75721788406372
-1.06627297401428 0.114829398691654 4.88845157623291
0 -1 0
-1.73064303398132 0.114829398691654 3.10039377212524
-1.06627297401428 0.114829398691654 3.10039377212524
-1.23031497001648 0.114829398691654 3.23162722587585
0 -1 0
-1.06627297401428 0.114829398691654 4.88845157623291
-1.23031497001648 0.114829398691654 3.23162722587585
-1.06627297401428 0.114829398691654 3.10039377212524
0 -1 0
-2.60826778411865 0.114829398691654 4.88845157623291
-1.94389760494232 0.114829398691654 4.88845157623291
-1.94389760494232 0.246062994003296 4.88845157623291
0 0 1
-1.94389760494232 0.246062994003296 4.88845157623291
-2.60826778411865 0.246062994003296 4.88845157623291
-2.60826778411865 0.114829398691654 4.88845157623291
0 0 1
-2.60826778411865 0.114829398691654 3.10039377212524
-2.60826778411865 0.114829398691654 4.88845157623291
-2.60826778411865 0.246062994003296 4.88845157623291
-1 0 0
-2.60826778411865 0.246062994003296 4.88845157623291
-2.60826778411865 0.246062994003296 3.10039377212524
-2.60826778411865 0.114829398691654 3.10039377212524
-1 0 0
-1.94389760494232 0.114829398691654 3.10039377212524
-2.60826778411865 0.114829398691654 3.10039377212524
-2.60826778411865 0.246062994003296 3.10039377212524
0 0 -1
-2.60826778411865 0.246062994003296 3.10039377212524
-1.94389760494232 0.246062994003296 3.10039377212524
-1.94389760494232 0.114829398691654 3.10039377212524
0 0 -1
-1.94389760494232 0.114829398691654 4.88845157623291
-1.94389760494232 0.114829398691654 3.10039377212524
-1.94389760494232 0.246062994003296 3.10039377212524
1 0 2.32841269201204E-17
-1.94389760494232 0.246062994003296 3.10039377212524
-1.94389760494232 0.246062994003296 4.88845157623291
-1.94389760494232 0.114829398691654 4.88845157623291
1 0 2.32841269201204E-17
-1.73064303398132 0.114829398691654 4.88845157623291
-1.06627297401428 0.114829398691654 4.88845157623291
-1.06627297401428 0.246062994003296 4.88845157623291
0 0 1
-1.06627297401428 0.246062994003296 4.88845157623291
-1.73064303398132 0.246062994003296 4.88845157623291
-1.73064303398132 0.114829398691654 4.88845157623291
0 0 1
-1.73064303398132 0.114829398691654 3.10039377212524
-1.73064303398132 0.114829398691654 4.88845157623291
-1.73064303398132 0.246062994003296 4.88845157623291
-1 0 7.76137564004014E-18
-1.73064303398132 0.246062994003296 4.88845157623291
-1.73064303398132 0.246062994003296 3.10039377212524
-1.73064303398132 0.114829398691654 3.10039377212524
-1 0 7.76137564004014E-18
-1.06627297401428 0.114829398691654 3.10039377212524
-1.73064303398132 0.114829398691654 3.10039377212524
-1.73064303398132 0.246062994003296 3.10039377212524
0 0 -1
-1.73064303398132 0.246062994003296 3.10039377212524
-1.06627297401428 0.246062994003296 3.10039377212524
-1.06627297401428 0.114829398691654 3.10039377212524
0 0 -1
-1.06627297401428 0.114829398691654 4.88845157623291
-1.06627297401428 0.114829398691654 3.10039377212524
-1.06627297401428 0.246062994003296 3.10039377212524
1 0 0
-1.06627297401428 0.246062994003296 3.10039377212524
-1.06627297401428 0.246062994003296 4.88845157623291
-1.06627297401428 0.114829398691654 4.88845157623291
1 0 0
-2.07513117790222 0.114829398691654 3.23162722587585
-2.07513117790222 0.114829398691654 4.75721788406372
-2.07513117790222 0.246062994003296 4.75721788406372
-1 0 1.81933321454703E-17
-2.07513117790222 0.246062994003296 4.75721788406372
-2.07513117790222 0.246062994003296 3.23162722587585
-2.07513117790222 0.114829398691654 3.23162722587585
-1 0 1.81933321454703E-17
-2.44422578811646 0.114829398691654 3.23162722587585
-2.07513117790222 0.114829398691654 3.23162722587585
-2.07513117790222 0.246062994003296 3.23162722587585
0 0 1
-2.07513117790222 0.246062994003296 3.23162722587585
-2.44422578811646 0.246062994003296 3.23162722587585
-2.44422578811646 0.114829398691654 3.23162722587585
0 0 1
-2.44422578811646 0.114829398691654 4.75721788406372
-2.44422578811646 0.114829398691654 3.23162722587585
-2.44422578811646 0.246062994003296 3.23162722587585
1 0 0
-2.44422578811646 0.246062994003296 3.23162722587585
-2.44422578811646 0.246062994003296 4.75721788406372
-2.44422578811646 0.114829398691654 4.75721788406372
1 0 0
-2.07513117790222 0.114829398691654 4.75721788406372
-2.44422578811646 0.114829398691654 4.75721788406372
-2.44422578811646 0.246062994003296 4.75721788406372
0 0 -1
-2.44422578811646 0.246062994003296 4.75721788406372
-2.07513117790222 0.246062994003296 4.75721788406372
-2.07513117790222 0.114829398691654 4.75721788406372
0 0 -1
-1.23031497001648 0.114829398691654 3.23162722587585
-1.23031497001648 0.114829398691654 4.75721788406372
-1.23031497001648 0.246062994003296 4.75721788406372
-1 0 0
-1.23031497001648 0.246062994003296 4.75721788406372
-1.23031497001648 0.246062994003296 3.23162722587585
-1.23031497001648 0.114829398691654 3.23162722587585
-1 0 0
-1.59940946102142 0.114829398691654 3.23162722587585
-1.23031497001648 0.114829398691654 3.23162722587585
-1.23031497001648 0.246062994003296 3.23162722587585
0 0 1
-1.23031497001648 0.246062994003296 3.23162722587585
-1.59940946102142 0.246062994003296 3.23162722587585
-1.59940946102142 0.114829398691654 3.23162722587585
0 0 1
-1.59940946102142 0.114829398691654 4.75721788406372
-1.59940946102142 0.114829398691654 3.23162722587585
-1.59940946102142 0.246062994003296 3.23162722587585
1 0 -1.81933321454703E-17
-1.59940946102142 0.246062994003296 3.23162722587585
-1.59940946102142 0.246062994003296 4.75721788406372
-1.59940946102142 0.114829398691654 4.75721788406372
1 0 -1.81933321454703E-17
-1.23031497001648 0.114829398691654 4.75721788406372
-1.59940946102142 0.114829398691654 4.75721788406372
-1.59940946102142 0.246062994003296 4.75721788406372
0 0 -1
-1.59940946102142 0.246062994003296 4.75721788406372
-1.23031497001648 0.246062994003296 4.75721788406372
-1.23031497001648 0.114829398691654 4.75721788406372
0 0 -1
-1.06627297401428 0.246062994003296 5.06889772415161
-1.06627297401428 0.246062994003296 7.39829397201538
-0.918635189533234 0.246062994003296 7.54593181610107
0 1 0
-2.60826778411865 0.246062994003296 7.39829397201538
-0.918635189533234 0.246062994003296 7.54593181610107
-1.06627297401428 0.246062994003296 7.39829397201538
0 1 0
-1.06627297401428 0.246062994003296 4.88845157623291
-1.73064303398132 0.246062994003296 4.88845157623291
-1.06627297401428 0.246062994003296 5.06889772415161
0 1 0
-0.918635189533234 0.246062994003296 2.95275592803955
-1.06627297401428 0.246062994003296 5.06889772415161
-0.918635189533234 0.246062994003296 7.54593181610107
0 1 0
-1.73064303398132 0.246062994003296 3.10039377212524
-1.06627297401428 0.246062994003296 3.10039377212524
-0.918635189533234 0.246062994003296 2.95275592803955
0 1 0
-1.06627297401428 0.246062994003296 4.88845157623291
-0.918635189533234 0.246062994003296 2.95275592803955
-1.06627297401428 0.246062994003296 3.10039377212524
0 1 0
-1.06627297401428 0.246062994003296 4.88845157623291
-1.06627297401428 0.246062994003296 5.06889772415161
-0.918635189533234 0.246062994003296 2.95275592803955
0 1 0
-1.94389760494232 0.246062994003296 3.10039377212524
-1.73064303398132 0.246062994003296 3.10039377212524
-0.918635189533234 0.246062994003296 2.95275592803955
0 1 0
-1.73064303398132 0.246062994003296 3.10039377212524
-1.94389760494232 0.246062994003296 4.88845157623291
-1.73064303398132 0.246062994003296 4.88845157623291
0 1 0
-2.60826778411865 0.246062994003296 4.88845157623291
-2.60826778411865 0.246062994003296 5.06889772415161
-1.94389760494232 0.246062994003296 4.88845157623291
0 1 0
-2.60826778411865 0.246062994003296 5.06889772415161
-1.73064303398132 0.246062994003296 4.88845157623291
-1.94389760494232 0.246062994003296 4.88845157623291
0 1 0
-2.60826778411865 0.246062994003296 5.06889772415161
-2.75590562820435 0.246062994003296 7.54593181610107
-2.60826778411865 0.246062994003296 7.39829397201538
0 1 0
-0.918635189533234 0.246062994003296 7.54593181610107
-2.60826778411865 0.246062994003296 7.39829397201538
-2.75590562820435 0.246062994003296 7.54593181610107
0 1 0
-1.06627297401428 0.246062994003296 5.06889772415161
-1.73064303398132 0.246062994003296 4.88845157623291
-2.60826778411865 0.246062994003296 5.06889772415161
0 1 0
-2.75590562820435 0.246062994003296 2.95275592803955
-2.75590562820435 0.246062994003296 7.54593181610107
-2.60826778411865 0.246062994003296 5.06889772415161
0 1 0
-1.94389760494232 0.246062994003296 3.10039377212524
-2.75590562820435 0.246062994003296 2.95275592803955
-2.60826778411865 0.246062994003296 3.10039377212524
0 1 0
-2.60826778411865 0.246062994003296 4.88845157623291
-2.60826778411865 0.246062994003296 3.10039377212524
-2.75590562820435 0.246062994003296 2.95275592803955
0 1 0
-2.75590562820435 0.246062994003296 2.95275592803955
-2.60826778411865 0.246062994003296 5.06889772415161
-2.60826778411865 0.246062994003296 4.88845157623291
0 1 0
-0.918635189533234 0.246062994003296 2.95275592803955
-2.75590562820435 0.246062994003296 2.95275592803955
-1.94389760494232 0.246062994003296 3.10039377212524
0 1 0
-1.73064303398132 0.246062994003296 3.10039377212524
-1.94389760494232 0.246062994003296 3.10039377212524
-1.94389760494232 0.246062994003296 4.88845157623291
0 1 0
-2.60826778411865 -0.246062994003296 5.06889772415161
-2.60826778411865 -0.246062994003296 7.39829397201538
-2.75590562820435 -0.246062994003296 7.54593181610107
0 -1 0
-1.06627297401428 -0.246062994003296 7.39829397201538
-2.75590562820435 -0.246062994003296 7.54593181610107
-2.60826778411865 -0.246062994003296 7.39829397201538
0 -1 0
-2.60826778411865 -0.246062994003296 4.88845157623291
-1.94389760494232 -0.246062994003296 4.88845157623291
-2.60826778411865 -0.246062994003296 5.06889772415161
0 -1 0
-2.75590562820435 -0.246062994003296 2.95275592803955
-2.60826778411865 -0.246062994003296 5.06889772415161
-2.75590562820435 -0.246062994003296 7.54593181610107
0 -1 0
-1.94389760494232 -0.246062994003296 3.10039377212524
-2.60826778411865 -0.246062994003296 3.10039377212524
-2.75590562820435 -0.246062994003296 2.95275592803955
0 -1 0
-2.60826778411865 -0.246062994003296 4.88845157623291
-2.75590562820435 -0.246062994003296 2.95275592803955
-2.60826778411865 -0.246062994003296 3.10039377212524
0 -1 0
-2.60826778411865 -0.246062994003296 4.88845157623291
-2.60826778411865 -0.246062994003296 5.06889772415161
-2.75590562820435 -0.246062994003296 2.95275592803955
0 -1 0
-1.73064303398132 -0.246062994003296 3.10039377212524
-1.94389760494232 -0.246062994003296 3.10039377212524
-2.75590562820435 -0.246062994003296 2.95275592803955
0 -1 0
-1.94389760494232 -0.246062994003296 3.10039377212524
-1.73064303398132 -0.246062994003296 4.88845157623291
-1.94389760494232 -0.246062994003296 4.88845157623291
0 -1 0
-1.06627297401428 -0.246062994003296 4.88845157623291
-1.06627297401428 -0.246062994003296 5.06889772415161
-1.73064303398132 -0.246062994003296 4.88845157623291
0 -1 0
-1.06627297401428 -0.246062994003296 5.06889772415161
-1.94389760494232 -0.246062994003296 4.88845157623291
-1.73064303398132 -0.246062994003296 4.88845157623291
0 -1 0
-1.06627297401428 -0.246062994003296 5.06889772415161
-0.918635189533234 -0.246062994003296 7.54593181610107
-1.06627297401428 -0.246062994003296 7.39829397201538
0 -1 0
-2.75590562820435 -0.246062994003296 7.54593181610107
-1.06627297401428 -0.246062994003296 7.39829397201538
-0.918635189533234 -0.246062994003296 7.54593181610107
0 -1 0
-2.60826778411865 -0.246062994003296 5.06889772415161
-1.94389760494232 -0.246062994003296 4.88845157623291
-1.06627297401428 -0.246062994003296 5.06889772415161
0 -1 0
-0.918635189533234 -0.246062994003296 2.95275592803955
-0.918635189533234 -0.246062994003296 7.54593181610107
-1.06627297401428 -0.246062994003296 5.06889772415161
0 -1 0
-1.73064303398132 -0.246062994003296 3.10039377212524
-0.918635189533234 -0.246062994003296 2.95275592803955
-1.06627297401428 -0.246062994003296 3.10039377212524
0 -1 0
-1.06627297401428 -0.246062994003296 4.88845157623291
-1.06627297401428 -0.246062994003296 3.10039377212524
-0.918635189533234 -0.246062994003296 2.95275592803955
0 -1 0
-0.918635189533234 -0.246062994003296 2.95275592803955
-1.06627297401428 -0.246062994003296 5.06889772415161
-1.06627297401428 -0.246062994003296 4.88845157623291
0 -1 0
-2.75590562820435 -0.246062994003296 2.95275592803955
-0.918635189533234 -0.246062994003296 2.95275592803955
-1.73064303398132 -0.246062994003296 3.10039377212524
0 -1 0
-1.94389760494232 -0.246062994003296 3.10039377212524
-1.73064303398132 -0.246062994003296 3.10039377212524
-1.73064303398132 -0.246062994003296 4.88845157623291
0 -1 0
-2.75590562820435 -0.246062994003296 7.54593181610107
-0.918635189533234 -0.246062994003296 7.54593181610107
-0.918635189533234 0.246062994003296 7.54593181610107
0 0 1
-0.918635189533234 0.246062994003296 7.54593181610107
-2.75590562820435 0.246062994003296 7.54593181610107
-2.75590562820435 -0.246062994003296 7.54593181610107
0 0 1
-2.75590562820435 -0.246062994003296 2.95275592803955
-2.75590562820435 -0.246062994003296 7.54593181610107
-2.75590562820435 0.246062994003296 7.54593181610107
-1 0 0
-2.75590562820435 0.246062994003296 7.54593181610107
-2.75590562820435 0.246062994003296 2.95275592803955
-2.75590562820435 -0.246062994003296 2.95275592803955
-1 0 0
-0.918635189533234 -0.246062994003296 2.95275592803955
-2.75590562820435 -0.246062994003296 2.95275592803955
-2.75590562820435 0.246062994003296 2.95275592803955
0 0 -1
-2.75590562820435 0.246062994003296 2.95275592803955
-0.918635189533234 0.246062994003296 2.95275592803955
-0.918635189533234 -0.246062994003296 2.95275592803955
0 0 -1
-0.918635189533234 -0.246062994003296 7.54593181610107
-0.918635189533234 -0.246062994003296 2.95275592803955
-0.918635189533234 0.246062994003296 2.95275592803955
1 0 0
-0.918635189533234 0.246062994003296 2.95275592803955
-0.918635189533234 0.246062994003296 7.54593181610107
-0.918635189533234 -0.246062994003296 7.54593181610107
1 0 0
-1.06627297401428 -0.246062994003296 5.06889772415161
-1.06627297401428 -0.246062994003296 7.39829397201538
-1.06627297401428 0.246062994003296 7.39829397201538
-1 0 0
-1.06627297401428 0.246062994003296 7.39829397201538
-1.06627297401428 0.246062994003296 5.06889772415161
-1.06627297401428 -0.246062994003296 5.06889772415161
-1 0 0
-2.60826778411865 -0.246062994003296 5.06889772415161
-1.06627297401428 -0.246062994003296 5.06889772415161
-1.06627297401428 0.246062994003296 5.06889772415161
0 0 1
-1.06627297401428 0.246062994003296 5.06889772415161
-2.60826778411865 0.246062994003296 5.06889772415161
-2.60826778411865 -0.246062994003296 5.06889772415161
0 0 1
-2.60826778411865 -0.246062994003296 7.39829397201538
-2.60826778411865 -0.246062994003296 5.06889772415161
-2.60826778411865 0.246062994003296 5.06889772415161
1 0 0
-2.60826778411865 0.246062994003296 5.06889772415161
-2.60826778411865 0.246062994003296 7.39829397201538
-2.60826778411865 -0.246062994003296 7.39829397201538
1 0 0
-1.06627297401428 -0.246062994003296 7.39829397201538
-2.60826778411865 -0.246062994003296 7.39829397201538
-2.60826778411865 0.246062994003296 7.39829397201538
0 0 -1
-2.60826778411865 0.246062994003296 7.39829397201538
-1.06627297401428 0.246062994003296 7.39829397201538
-1.06627297401428 -0.246062994003296 7.39829397201538
0 0 -1
-1.94389760494232 -0.246062994003296 4.88845157623291
-2.60826778411865 -0.246062994003296 4.88845157623291
-2.60826778411865 0.246062994003296 4.88845157623291
0 0 -1
-2.60826778411865 0.246062994003296 4.88845157623291
-1.94389760494232 0.246062994003296 4.88845157623291
-1.94389760494232 -0.246062994003296 4.88845157623291
0 0 -1
-1.94389760494232 -0.246062994003296 3.10039377212524
-1.94389760494232 -0.246062994003296 4.88845157623291
-1.94389760494232 0.246062994003296 4.88845157623291
-1 0 -2.32841269201204E-17
-1.94389760494232 0.246062994003296 4.88845157623291
-1.94389760494232 0.246062994003296 3.10039377212524
-1.94389760494232 -0.246062994003296 3.10039377212524
-1 0 -2.32841269201204E-17
-2.60826778411865 -0.246062994003296 3.10039377212524
-1.94389760494232 -0.246062994003296 3.10039377212524
-1.94389760494232 0.246062994003296 3.10039377212524
-6.01592849610223E-15 0 1
-1.94389760494232 0.246062994003296 3.10039377212524
-2.60826778411865 0.246062994003296 3.10039377212524
-2.60826778411865 -0.246062994003296 3.10039377212524
-6.01592849610223E-15 0 1
-2.60826778411865 -0.246062994003296 4.88845157623291
-2.60826778411865 -0.246062994003296 3.10039377212524
-2.60826778411865 0.246062994003296 3.10039377212524
1 0 0
-2.60826778411865 0.246062994003296 3.10039377212524
-2.60826778411865 0.246062994003296 4.88845157623291
-2.60826778411865 -0.246062994003296 4.88845157623291
1 0 0
-1.73064303398132 -0.246062994003296 4.88845157623291
-1.73064303398132 -0.246062994003296 3.10039377212524
-1.73064303398132 0.246062994003296 3.10039377212524
1 0 -7.7613756400401E-18
-1.73064303398132 0.246062994003296 3.10039377212524
-1.73064303398132 0.246062994003296 4.88845157623291
-1.73064303398132 -0.246062994003296 4.88845157623291
1 0 -7.7613756400401E-18
-1.06627297401428 -0.246062994003296 4.88845157623291
-1.73064303398132 -0.246062994003296 4.88845157623291
-1.73064303398132 0.246062994003296 4.88845157623291
6.68436499566909E-16 0 -1
-1.73064303398132 0.246062994003296 4.88845157623291
-1.06627297401428 0.246062994003296 4.88845157623291
-1.06627297401428 -0.246062994003296 4.88845157623291
6.68436499566909E-16 0 -1
-1.06627297401428 -0.246062994003296 3.10039377212524
-1.06627297401428 -0.246062994003296 4.88845157623291
-1.06627297401428 0.246062994003296 4.88845157623291
-1 0 0
-1.06627297401428 0.246062994003296 4.88845157623291
-1.06627297401428 0.246062994003296 3.10039377212524
-1.06627297401428 -0.246062994003296 3.10039377212524
-1 0 0
-1.73064303398132 -0.246062994003296 3.10039377212524
-1.06627297401428 -0.246062994003296 3.10039377212524
-1.06627297401428 0.246062994003296 3.10039377212524
0 0 1
-1.06627297401428 0.246062994003296 3.10039377212524
-1.73064303398132 0.246062994003296 3.10039377212524
-1.73064303398132 -0.246062994003296 3.10039377212524
0 0 1
-0.770997405052185 0.216535434126854 7.39829397201538
0.770997405052185 0.216535434126854 7.39829397201538
0.770997405052185 0.216535434126854 5.06889772415161
0 1 0
0.770997405052185 0.216535434126854 5.06889772415161
-0.770997405052185 0.216535434126854 5.06889772415161
-0.770997405052185 0.216535434126854 7.39829397201538
0 1 0
-0.606955409049988 0.216535434126854 4.75721788406372
-0.237860888242722 0.216535434126854 4.75721788406372
-0.237860888242722 0.216535434126854 3.23162722587585
0 1 0
-0.237860888242722 0.216535434126854 3.23162722587585
-0.606955409049988 0.216535434126854 3.23162722587585
-0.606955409049988 0.216535434126854 4.75721788406372
0 1 0
0.237860888242722 0.216535434126854 4.75721788406372
0.606955409049988 0.216535434126854 4.75721788406372
0.606955409049988 0.216535434126854 3.23162722587585
0 1 0
0.606955409049988 0.216535434126854 3.23162722587585
0.237860888242722 0.216535434126854 3.23162722587585
0.237860888242722 0.216535434126854 4.75721788406372
0 1 0
0.770997405052185 0.144356951117516 7.39829397201538
-0.770997405052185 0.144356951117516 7.39829397201538
-0.770997405052185 0.144356951117516 5.06889772415161
0 -1 0
-0.770997405052185 0.144356951117516 5.06889772415161
0.770997405052185 0.144356951117516 5.06889772415161
0.770997405052185 0.144356951117516 7.39829397201538
0 -1 0
-0.237860888242722 0.144356951117516 4.75721788406372
-0.606955409049988 0.144356951117516 4.75721788406372
-0.606955409049988 0.144356951117516 3.23162722587585
0 -1 0
-0.606955409049988 0.144356951117516 3.23162722587585
-0.237860888242722 0.144356951117516 3.23162722587585
-0.237860888242722 0.144356951117516 4.75721788406372
0 -1 0
0.606955409049988 0.144356951117516 4.75721788406372
0.237860888242722 0.144356951117516 4.75721788406372
0.237860888242722 0.144356951117516 3.23162722587585
0 -1 0
0.237860888242722 0.144356951117516 3.23162722587585
0.606955409049988 0.144356951117516 3.23162722587585
0.606955409049988 0.144356951117516 4.75721788406372
0 -1 0
-0.770997405052185 0.144356951117516 7.39829397201538
0.770997405052185 0.144356951117516 7.39829397201538
0.770997405052185 0.216535434126854 7.39829397201538
0 0 1
0.770997405052185 0.216535434126854 7.39829397201538
-0.770997405052185 0.216535434126854 7.39829397201538
-0.770997405052185 0.144356951117516 7.39829397201538
0 0 1
-0.770997405052185 0.144356951117516 5.06889772415161
-0.770997405052185 0.144356951117516 7.39829397201538
-0.770997405052185 0.216535434126854 7.39829397201538
-1 0 0
-0.770997405052185 0.216535434126854 7.39829397201538
-0.770997405052185 0.216535434126854 5.06889772415161
-0.770997405052185 0.144356951117516 5.06889772415161
-1 0 0
0.770997405052185 0.144356951117516 5.06889772415161
-0.770997405052185 0.144356951117516 5.06889772415161
-0.770997405052185 0.216535434126854 5.06889772415161
0 0 -1
-0.770997405052185 0.216535434126854 5.06889772415161
0.770997405052185 0.216535434126854 5.06889772415161
0.770997405052185 0.144356951117516 5.06889772415161
0 0 -1
0.770997405052185 0.144356951117516 7.39829397201538
0.770997405052185 0.144356951117516 5.06889772415161
0.770997405052185 0.216535434126854 5.06889772415161
1 0 0
0.770997405052185 0.216535434126854 5.06889772415161
0.770997405052185 0.216535434126854 7.39829397201538
0.770997405052185 0.144356951117516 7.39829397201538
1 0 0
-0.606955409049988 0.144356951117516 4.75721788406372
-0.237860888242722 0.144356951117516 4.75721788406372
-0.237860888242722 0.216535434126854 4.75721788406372
0 0 1
-0.237860888242722 0.216535434126854 4.75721788406372
-0.606955409049988 0.216535434126854 4.75721788406372
-0.606955409049988 0.144356951117516 4.75721788406372
0 0 1
-0.606955409049988 0.144356951117516 3.23162722587585
-0.606955409049988 0.144356951117516 4.75721788406372
-0.606955409049988 0.216535434126854 4.75721788406372
-1 0 0
-0.606955409049988 0.216535434126854 4.75721788406372
-0.606955409049988 0.216535434126854 3.23162722587585
-0.606955409049988 0.144356951117516 3.23162722587585
-1 0 0
-0.237860888242722 0.144356951117516 3.23162722587585
-0.606955409049988 0.144356951117516 3.23162722587585
-0.606955409049988 0.216535434126854 3.23162722587585
0 0 -1
-0.606955409049988 0.216535434126854 3.23162722587585
-0.237860888242722 0.216535434126854 3.23162722587585
-0.237860888242722 0.144356951117516 3.23162722587585
0 0 -1
-0.237860888242722 0.144356951117516 4.75721788406372
-0.237860888242722 0.144356951117516 3.23162722587585
-0.237860888242722 0.216535434126854 3.23162722587585
1 0 -1.81933321454703E-17
-0.237860888242722 0.216535434126854 3.23162722587585
-0.237860888242722 0.216535434126854 4.75721788406372
-0.237860888242722 0.144356951117516 4.75721788406372
1 0 -1.81933321454703E-17
0.237860888242722 0.144356951117516 4.75721788406372
0.606955409049988 0.144356951117516 4.75721788406372
0.606955409049988 0.216535434126854 4.75721788406372
0 0 1
0.606955409049988 0.216535434126854 4.75721788406372
0.237860888242722 0.216535434126854 4.75721788406372
0.237860888242722 0.144356951117516 4.75721788406372
0 0 1
0.237860888242722 0.144356951117516 3.23162722587585
0.237860888242722 0.144356951117516 4.75721788406372
0.237860888242722 0.216535434126854 4.75721788406372
-1 0 1.81933321454703E-17
0.237860888242722 0.216535434126854 4.75721788406372
0.237860888242722 0.216535434126854 3.23162722587585
0.237860888242722 0.144356951117516 3.23162722587585
-1 0 1.81933321454703E-17
0.606955409049988 0.144356951117516 3.23162722587585
0.237860888242722 0.144356951117516 3.23162722587585
0.237860888242722 0.216535434126854 3.23162722587585
0 0 -1
0.237860888242722 0.216535434126854 3.23162722587585
0.606955409049988 0.216535434126854 3.23162722587585
0.606955409049988 0.144356951117516 3.23162722587585
0 0 -1
0.606955409049988 0.144356951117516 4.75721788406372
0.606955409049988 0.144356951117516 3.23162722587585
0.606955409049988 0.216535434126854 3.23162722587585
1 0 0
0.606955409049988 0.216535434126854 3.23162722587585
0.606955409049988 0.216535434126854 4.75721788406372
0.606955409049988 0.144356951117516 4.75721788406372
1 0 0
-0.10662729293108 0.246062994003296 3.10039377212524
-0.237860888242722 0.246062994003296 4.75721788406372
-0.10662729293108 0.246062994003296 4.88845157623291
0 1 0
-0.606955409049988 0.246062994003296 4.75721788406372
-0.10662729293108 0.246062994003296 4.88845157623291
-0.237860888242722 0.246062994003296 4.75721788406372
0 1 0
-0.606955409049988 0.246062994003296 3.23162722587585
-0.237860888242722 0.246062994003296 3.23162722587585
-0.10662729293108 0.246062994003296 3.10039377212524
0 1 0
-0.237860888242722 0.246062994003296 4.75721788406372
-0.10662729293108 0.246062994003296 3.10039377212524
-0.237860888242722 0.246062994003296 3.23162722587585
0 1 0
-0.606955409049988 0.246062994003296 3.23162722587585
-0.770997405052185 0.246062994003296 4.88845157623291
-0.606955409049988 0.246062994003296 4.75721788406372
0 1 0
-0.10662729293108 0.246062994003296 4.88845157623291
-0.606955409049988 0.246062994003296 4.75721788406372
-0.770997405052185 0.246062994003296 4.88845157623291
0 1 0
-0.10662729293108 0.246062994003296 3.10039377212524
-0.770997405052185 0.246062994003296 3.10039377212524
-0.606955409049988 0.246062994003296 3.23162722587585
0 1 0
-0.770997405052185 0.246062994003296 4.88845157623291
-0.606955409049988 0.246062994003296 3.23162722587585
-0.770997405052185 0.246062994003296 3.10039377212524
0 1 0
0.606955409049988 0.246062994003296 3.23162722587585
0.606955409049988 0.246062994003296 4.75721788406372
0.770997405052185 0.246062994003296 4.88845157623291
0 1 0
0.10662729293108 0.246062994003296 4.88845157623291
0.770997405052185 0.246062994003296 4.88845157623291
0.606955409049988 0.246062994003296 4.75721788406372
0 1 0
0.10662729293108 0.246062994003296 3.10039377212524
0.606955409049988 0.246062994003296 3.23162722587585
0.770997405052185 0.246062994003296 3.10039377212524
0 1 0
0.770997405052185 0.246062994003296 4.88845157623291
0.770997405052185 0.246062994003296 3.10039377212524
0.606955409049988 0.246062994003296 3.23162722587585
0 1 0
0.10662729293108 0.246062994003296 3.10039377212524
0.10662729293108 0.246062994003296 4.88845157623291
0.237860888242722 0.246062994003296 4.75721788406372
0 1 0
0.606955409049988 0.246062994003296 4.75721788406372
0.237860888242722 0.246062994003296 4.75721788406372
0.10662729293108 0.246062994003296 4.88845157623291
0 1 0
0.606955409049988 0.246062994003296 3.23162722587585
0.10662729293108 0.246062994003296 3.10039377212524
0.237860888242722 0.246062994003296 3.23162722587585
0 1 0
0.237860888242722 0.246062994003296 4.75721788406372
0.237860888242722 0.246062994003296 3.23162722587585
0.10662729293108 0.246062994003296 3.10039377212524
0 1 0
-0.606955409049988 0.114829398691654 3.23162722587585
-0.606955409049988 0.114829398691654 4.75721788406372
-0.770997405052185 0.114829398691654 4.88845157623291
0 -1 0
-0.10662729293108 0.114829398691654 4.88845157623291
-0.770997405052185 0.114829398691654 4.88845157623291
-0.606955409049988 0.114829398691654 4.75721788406372
0 -1 0
-0.10662729293108 0.114829398691654 3.10039377212524
-0.606955409049988 0.114829398691654 3.23162722587585
-0.770997405052185 0.114829398691654 3.10039377212524
0 -1 0
-0.770997405052185 0.114829398691654 4.88845157623291
-0.770997405052185 0.114829398691654 3.10039377212524
-0.606955409049988 0.114829398691654 3.23162722587585
0 -1 0
-0.10662729293108 0.114829398691654 3.10039377212524
-0.10662729293108 0.114829398691654 4.88845157623291
-0.237860888242722 0.114829398691654 4.75721788406372
0 -1 0
-0.606955409049988 0.114829398691654 4.75721788406372
-0.237860888242722 0.114829398691654 4.75721788406372
-0.10662729293108 0.114829398691654 4.88845157623291
0 -1 0
-0.606955409049988 0.114829398691654 3.23162722587585
-0.10662729293108 0.114829398691654 3.10039377212524
-0.237860888242722 0.114829398691654 3.23162722587585
0 -1 0
-0.237860888242722 0.114829398691654 4.75721788406372
-0.237860888242722 0.114829398691654 3.23162722587585
-0.10662729293108 0.114829398691654 3.10039377212524
0 -1 0
0.10662729293108 0.114829398691654 3.10039377212524
0.237860888242722 0.114829398691654 4.75721788406372
0.10662729293108 0.114829398691654 4.88845157623291
0 -1 0
0.606955409049988 0.114829398691654 4.75721788406372
0.10662729293108 0.114829398691654 4.88845157623291
0.237860888242722 0.114829398691654 4.75721788406372
0 -1 0
0.606955409049988 0.114829398691654 3.23162722587585
0.237860888242722 0.114829398691654 3.23162722587585
0.10662729293108 0.114829398691654 3.10039377212524
0 -1 0
0.237860888242722 0.114829398691654 4.75721788406372
0.10662729293108 0.114829398691654 3.10039377212524
0.237860888242722 0.114829398691654 3.23162722587585
0 -1 0
0.606955409049988 0.114829398691654 3.23162722587585
0.770997405052185 0.114829398691654 4.88845157623291
0.606955409049988 0.114829398691654 4.75721788406372
0 -1 0
0.10662729293108 0.114829398691654 4.88845157623291
0.606955409049988 0.114829398691654 4.75721788406372
0.770997405052185 0.114829398691654 4.88845157623291
0 -1 0
0.10662729293108 0.114829398691654 3.10039377212524
0.770997405052185 0.114829398691654 3.10039377212524
0.606955409049988 0.114829398691654 3.23162722587585
0 -1 0
0.770997405052185 0.114829398691654 4.88845157623291
0.606955409049988 0.114829398691654 3.23162722587585
0.770997405052185 0.114829398691654 3.10039377212524
0 -1 0
-0.770997405052185 0.114829398691654 4.88845157623291
-0.10662729293108 0.114829398691654 4.88845157623291
-0.10662729293108 0.246062994003296 4.88845157623291
0 0 1
-0.10662729293108 0.246062994003296 4.88845157623291
-0.770997405052185 0.246062994003296 4.88845157623291
-0.770997405052185 0.114829398691654 4.88845157623291
0 0 1
-0.770997405052185 0.114829398691654 3.10039377212524
-0.770997405052185 0.114829398691654 4.88845157623291
-0.770997405052185 0.246062994003296 4.88845157623291
-1 0 0
-0.770997405052185 0.246062994003296 4.88845157623291
-0.770997405052185 0.246062994003296 3.10039377212524
-0.770997405052185 0.114829398691654 3.10039377212524
-1 0 0
-0.10662729293108 0.114829398691654 3.10039377212524
-0.770997405052185 0.114829398691654 3.10039377212524
-0.770997405052185 0.246062994003296 3.10039377212524
0 0 -1
-0.770997405052185 0.246062994003296 3.10039377212524
-0.10662729293108 0.246062994003296 3.10039377212524
-0.10662729293108 0.114829398691654 3.10039377212524
0 0 -1
-0.10662729293108 0.114829398691654 4.88845157623291
-0.10662729293108 0.114829398691654 3.10039377212524
-0.10662729293108 0.246062994003296 3.10039377212524
1 0 2.32841269201204E-17
-0.10662729293108 0.246062994003296 3.10039377212524
-0.10662729293108 0.246062994003296 4.88845157623291
-0.10662729293108 0.114829398691654 4.88845157623291
1 0 2.32841269201204E-17
0.10662729293108 0.114829398691654 4.88845157623291
0.770997405052185 0.114829398691654 4.88845157623291
0.770997405052185 0.246062994003296 4.88845157623291
0 0 1
0.770997405052185 0.246062994003296 4.88845157623291
0.10662729293108 0.246062994003296 4.88845157623291
0.10662729293108 0.114829398691654 4.88845157623291
0 0 1
0.10662729293108 0.114829398691654 3.10039377212524
0.10662729293108 0.114829398691654 4.88845157623291
0.10662729293108 0.246062994003296 4.88845157623291
-1 0 7.76137564004014E-18
0.10662729293108 0.246062994003296 4.88845157623291
0.10662729293108 0.246062994003296 3.10039377212524
0.10662729293108 0.114829398691654 3.10039377212524
-1 0 7.76137564004014E-18
0.770997405052185 0.114829398691654 3.10039377212524
0.10662729293108 0.114829398691654 3.10039377212524
0.10662729293108 0.246062994003296 3.10039377212524
0 0 -1
0.10662729293108 0.246062994003296 3.10039377212524
0.770997405052185 0.246062994003296 3.10039377212524
0.770997405052185 0.114829398691654 3.10039377212524
0 0 -1
0.770997405052185 0.114829398691654 4.88845157623291
0.770997405052185 0.114829398691654 3.10039377212524
0.770997405052185 0.246062994003296 3.10039377212524
1 0 0
0.770997405052185 0.246062994003296 3.10039377212524
0.770997405052185 0.246062994003296 4.88845157623291
0.770997405052185 0.114829398691654 4.88845157623291
1 0 0
-0.237860888242722 0.114829398691654 3.23162722587585
-0.237860888242722 0.114829398691654 4.75721788406372
-0.237860888242722 0.246062994003296 4.75721788406372
-1 0 1.81933321454703E-17
-0.237860888242722 0.246062994003296 4.75721788406372
-0.237860888242722 0.246062994003296 3.23162722587585
-0.237860888242722 0.114829398691654 3.23162722587585
-1 0 1.81933321454703E-17
-0.606955409049988 0.114829398691654 3.23162722587585
-0.237860888242722 0.114829398691654 3.23162722587585
-0.237860888242722 0.246062994003296 3.23162722587585
0 0 1
-0.237860888242722 0.246062994003296 3.23162722587585
-0.606955409049988 0.246062994003296 3.23162722587585
-0.606955409049988 0.114829398691654 3.23162722587585
0 0 1
-0.606955409049988 0.114829398691654 4.75721788406372
-0.606955409049988 0.114829398691654 3.23162722587585
-0.606955409049988 0.246062994003296 3.23162722587585
1 0 0
-0.606955409049988 0.246062994003296 3.23162722587585
-0.606955409049988 0.246062994003296 4.75721788406372
-0.606955409049988 0.114829398691654 4.75721788406372
1 0 0
-0.237860888242722 0.114829398691654 4.75721788406372
-0.606955409049988 0.114829398691654 4.75721788406372
-0.606955409049988 0.246062994003296 4.75721788406372
0 0 -1
-0.606955409049988 0.246062994003296 4.75721788406372
-0.237860888242722 0.246062994003296 4.75721788406372
-0.237860888242722 0.114829398691654 4.75721788406372
0 0 -1
0.606955409049988 0.114829398691654 3.23162722587585
0.606955409049988 0.114829398691654 4.75721788406372
0.606955409049988 0.246062994003296 4.75721788406372
-1 0 0
0.606955409049988 0.246062994003296 4.75721788406372
0.606955409049988 0.246062994003296 3.23162722587585
0.606955409049988 0.114829398691654 3.23162722587585
-1 0 0
0.237860888242722 0.114829398691654 3.23162722587585
0.606955409049988 0.114829398691654 3.23162722587585
0.606955409049988 0.246062994003296 3.23162722587585
0 0 1
0.606955409049988 0.246062994003296 3.23162722587585
0.237860888242722 0.246062994003296 3.23162722587585
0.237860888242722 0.114829398691654 3.23162722587585
0 0 1
0.237860888242722 0.114829398691654 4.75721788406372
0.237860888242722 0.114829398691654 3.23162722587585
0.237860888242722 0.246062994003296 3.23162722587585
1 0 -1.81933321454703E-17
0.237860888242722 0.246062994003296 3.23162722587585
0.237860888242722 0.246062994003296 4.75721788406372
0.237860888242722 0.114829398691654 4.75721788406372
1 0 -1.81933321454703E-17
0.606955409049988 0.114829398691654 4.75721788406372
0.237860888242722 0.114829398691654 4.75721788406372
0.237860888242722 0.246062994003296 4.75721788406372
0 0 -1
0.237860888242722 0.246062994003296 4.75721788406372
0.606955409049988 0.246062994003296 4.75721788406372
0.606955409049988 0.114829398691654 4.75721788406372
0 0 -1
0.770997405052185 0.246062994003296 5.06889772415161
0.770997405052185 0.246062994003296 7.39829397201538
0.918635189533234 0.246062994003296 7.54593181610107
0 1 0
-0.770997405052185 0.246062994003296 7.39829397201538
0.918635189533234 0.246062994003296 7.54593181610107
0.770997405052185 0.246062994003296 7.39829397201538
0 1 0
0.770997405052185 0.246062994003296 4.88845157623291
0.10662729293108 0.246062994003296 4.88845157623291
0.770997405052185 0.246062994003296 5.06889772415161
0 1 0
0.918635189533234 0.246062994003296 2.95275592803955
0.770997405052185 0.246062994003296 5.06889772415161
0.918635189533234 0.246062994003296 7.54593181610107
0 1 0
0.10662729293108 0.246062994003296 3.10039377212524
0.770997405052185 0.246062994003296 3.10039377212524
0.918635189533234 0.246062994003296 2.95275592803955
0 1 0
0.770997405052185 0.246062994003296 4.88845157623291
0.918635189533234 0.246062994003296 2.95275592803955
0.770997405052185 0.246062994003296 3.10039377212524
0 1 0
0.770997405052185 0.246062994003296 4.88845157623291
0.770997405052185 0.246062994003296 5.06889772415161
0.918635189533234 0.246062994003296 2.95275592803955
0 1 0
-0.10662729293108 0.246062994003296 3.10039377212524
0.10662729293108 0.246062994003296 3.10039377212524
0.918635189533234 0.246062994003296 2.95275592803955
0 1 0
0.10662729293108 0.246062994003296 3.10039377212524
-0.10662729293108 0.246062994003296 4.88845157623291
0.10662729293108 0.246062994003296 4.88845157623291
0 1 0
-0.770997405052185 0.246062994003296 4.88845157623291
-0.770997405052185 0.246062994003296 5.06889772415161
-0.10662729293108 0.246062994003296 4.88845157623291
0 1 0
-0.770997405052185 0.246062994003296 5.06889772415161
0.10662729293108 0.246062994003296 4.88845157623291
-0.10662729293108 0.246062994003296 4.88845157623291
0 1 0
-0.770997405052185 0.246062994003296 5.06889772415161
-0.918635189533234 0.246062994003296 7.54593181610107
-0.770997405052185 0.246062994003296 7.39829397201538
0 1 0
0.918635189533234 0.246062994003296 7.54593181610107
-0.770997405052185 0.246062994003296 7.39829397201538
-0.918635189533234 0.246062994003296 7.54593181610107
0 1 0
0.770997405052185 0.246062994003296 5.06889772415161
0.10662729293108 0.246062994003296 4.88845157623291
-0.770997405052185 0.246062994003296 5.06889772415161
0 1 0
-0.918635189533234 0.246062994003296 2.95275592803955
-0.918635189533234 0.246062994003296 7.54593181610107
-0.770997405052185 0.246062994003296 5.06889772415161
0 1 0
-0.10662729293108 0.246062994003296 3.10039377212524
-0.918635189533234 0.246062994003296 2.95275592803955
-0.770997405052185 0.246062994003296 3.10039377212524
0 1 0
-0.770997405052185 0.246062994003296 4.88845157623291
-0.770997405052185 0.246062994003296 3.10039377212524
-0.918635189533234 0.246062994003296 2.95275592803955
0 1 0
-0.918635189533234 0.246062994003296 2.95275592803955
-0.770997405052185 0.246062994003296 5.06889772415161
-0.770997405052185 0.246062994003296 4.88845157623291
0 1 0
0.918635189533234 0.246062994003296 2.95275592803955
-0.918635189533234 0.246062994003296 2.95275592803955
-0.10662729293108 0.246062994003296 3.10039377212524
0 1 0
0.10662729293108 0.246062994003296 3.10039377212524
-0.10662729293108 0.246062994003296 3.10039377212524
-0.10662729293108 0.246062994003296 4.88845157623291
0 1 0
-0.770997405052185 -0.246062994003296 5.06889772415161
-0.770997405052185 -0.246062994003296 7.39829397201538
-0.918635189533234 -0.246062994003296 7.54593181610107
0 -1 0
0.770997405052185 -0.246062994003296 7.39829397201538
-0.918635189533234 -0.246062994003296 7.54593181610107
-0.770997405052185 -0.246062994003296 7.39829397201538
0 -1 0
-0.770997405052185 -0.246062994003296 4.88845157623291
-0.10662729293108 -0.246062994003296 4.88845157623291
-0.770997405052185 -0.246062994003296 5.06889772415161
0 -1 0
-0.918635189533234 -0.246062994003296 2.95275592803955
-0.770997405052185 -0.246062994003296 5.06889772415161
-0.918635189533234 -0.246062994003296 7.54593181610107
0 -1 0
-0.10662729293108 -0.246062994003296 3.10039377212524
-0.770997405052185 -0.246062994003296 3.10039377212524
-0.918635189533234 -0.246062994003296 2.95275592803955
0 -1 0
-0.770997405052185 -0.246062994003296 4.88845157623291
-0.918635189533234 -0.246062994003296 2.95275592803955
-0.770997405052185 -0.246062994003296 3.10039377212524
0 -1 0
-0.770997405052185 -0.246062994003296 4.88845157623291
-0.770997405052185 -0.246062994003296 5.06889772415161
-0.918635189533234 -0.246062994003296 2.95275592803955
0 -1 0
0.10662729293108 -0.246062994003296 3.10039377212524
-0.10662729293108 -0.246062994003296 3.10039377212524
-0.918635189533234 -0.246062994003296 2.95275592803955
0 -1 0
-0.10662729293108 -0.246062994003296 3.10039377212524
0.10662729293108 -0.246062994003296 4.88845157623291
-0.10662729293108 -0.246062994003296 4.88845157623291
0 -1 0
0.770997405052185 -0.246062994003296 4.88845157623291
0.770997405052185 -0.246062994003296 5.06889772415161
0.10662729293108 -0.246062994003296 4.88845157623291
0 -1 0
0.770997405052185 -0.246062994003296 5.06889772415161
-0.10662729293108 -0.246062994003296 4.88845157623291
0.10662729293108 -0.246062994003296 4.88845157623291
0 -1 0
0.770997405052185 -0.246062994003296 5.06889772415161
0.918635189533234 -0.246062994003296 7.54593181610107
0.770997405052185 -0.246062994003296 7.39829397201538
0 -1 0
-0.918635189533234 -0.246062994003296 7.54593181610107
0.770997405052185 -0.246062994003296 7.39829397201538
0.918635189533234 -0.246062994003296 7.54593181610107
0 -1 0
-0.770997405052185 -0.246062994003296 5.06889772415161
-0.10662729293108 -0.246062994003296 4.88845157623291
0.770997405052185 -0.246062994003296 5.06889772415161
0 -1 0
0.918635189533234 -0.246062994003296 2.95275592803955
0.918635189533234 -0.246062994003296 7.54593181610107
0.770997405052185 -0.246062994003296 5.06889772415161
0 -1 0
0.10662729293108 -0.246062994003296 3.10039377212524
0.918635189533234 -0.246062994003296 2.95275592803955
0.770997405052185 -0.246062994003296 3.10039377212524
0 -1 0
0.770997405052185 -0.246062994003296 4.88845157623291
0.770997405052185 -0.246062994003296 3.10039377212524
0.918635189533234 -0.246062994003296 2.95275592803955
0 -1 0
0.918635189533234 -0.246062994003296 2.95275592803955
0.770997405052185 -0.246062994003296 5.06889772415161
0.770997405052185 -0.246062994003296 4.88845157623291
0 -1 0
-0.918635189533234 -0.246062994003296 2.95275592803955
0.918635189533234 -0.246062994003296 2.95275592803955
0.10662729293108 -0.246062994003296 3.10039377212524
0 -1 0
-0.10662729293108 -0.246062994003296 3.10039377212524
0.10662729293108 -0.246062994003296 3.10039377212524
0.10662729293108 -0.246062994003296 4.88845157623291
0 -1 0
-0.918635189533234 -0.246062994003296 7.54593181610107
0.918635189533234 -0.246062994003296 7.54593181610107
0.918635189533234 0.246062994003296 7.54593181610107
0 0 1
0.918635189533234 0.246062994003296 7.54593181610107
-0.918635189533234 0.246062994003296 7.54593181610107
-0.918635189533234 -0.246062994003296 7.54593181610107
0 0 1
-0.918635189533234 -0.246062994003296 2.95275592803955
-0.918635189533234 -0.246062994003296 7.54593181610107
-0.918635189533234 0.246062994003296 7.54593181610107
-1 0 0
-0.918635189533234 0.246062994003296 7.54593181610107
-0.918635189533234 0.246062994003296 2.95275592803955
-0.918635189533234 -0.246062994003296 2.95275592803955
-1 0 0
0.918635189533234 -0.246062994003296 2.95275592803955
-0.918635189533234 -0.246062994003296 2.95275592803955
-0.918635189533234 0.246062994003296 2.95275592803955
0 0 -1
-0.918635189533234 0.246062994003296 2.95275592803955
0.918635189533234 0.246062994003296 2.95275592803955
0.918635189533234 -0.246062994003296 2.95275592803955
0 0 -1
0.918635189533234 -0.246062994003296 7.54593181610107
0.918635189533234 -0.246062994003296 2.95275592803955
0.918635189533234 0.246062994003296 2.95275592803955
1 0 0
0.918635189533234 0.246062994003296 2.95275592803955
0.918635189533234 0.246062994003296 7.54593181610107
0.918635189533234 -0.246062994003296 7.54593181610107
1 0 0
0.770997405052185 -0.246062994003296 5.06889772415161
0.770997405052185 -0.246062994003296 7.39829397201538
0.770997405052185 0.246062994003296 7.39829397201538
-1 0 0
0.770997405052185 0.246062994003296 7.39829397201538
0.770997405052185 0.246062994003296 5.06889772415161
0.770997405052185 -0.246062994003296 5.06889772415161
-1 0 0
-0.770997405052185 -0.246062994003296 5.06889772415161
0.770997405052185 -0.246062994003296 5.06889772415161
0.770997405052185 0.246062994003296 5.06889772415161
0 0 1
0.770997405052185 0.246062994003296 5.06889772415161
-0.770997405052185 0.246062994003296 5.06889772415161
-0.770997405052185 -0.246062994003296 5.06889772415161
0 0 1
-0.770997405052185 -0.246062994003296 7.39829397201538
-0.770997405052185 -0.246062994003296 5.06889772415161
-0.770997405052185 0.246062994003296 5.06889772415161
1 0 0
-0.770997405052185 0.246062994003296 5.06889772415161
-0.770997405052185 0.246062994003296 7.39829397201538
-0.770997405052185 -0.246062994003296 7.39829397201538
1 0 0
0.770997405052185 -0.246062994003296 7.39829397201538
-0.770997405052185 -0.246062994003296 7.39829397201538
-0.770997405052185 0.246062994003296 7.39829397201538
0 0 -1
-0.770997405052185 0.246062994003296 7.39829397201538
0.770997405052185 0.246062994003296 7.39829397201538
0.770997405052185 -0.246062994003296 7.39829397201538
0 0 -1
-0.10662729293108 -0.246062994003296 4.88845157623291
-0.770997405052185 -0.246062994003296 4.88845157623291
-0.770997405052185 0.246062994003296 4.88845157623291
0 0 -1
-0.770997405052185 0.246062994003296 4.88845157623291
-0.10662729293108 0.246062994003296 4.88845157623291
-0.10662729293108 -0.246062994003296 4.88845157623291
0 0 -1
-0.10662729293108 -0.246062994003296 3.10039377212524
-0.10662729293108 -0.246062994003296 4.88845157623291
-0.10662729293108 0.246062994003296 4.88845157623291
-1 0 -2.32841269201204E-17
-0.10662729293108 0.246062994003296 4.88845157623291
-0.10662729293108 0.246062994003296 3.10039377212524
-0.10662729293108 -0.246062994003296 3.10039377212524
-1 0 -2.32841269201204E-17
-0.770997405052185 -0.246062994003296 3.10039377212524
-0.10662729293108 -0.246062994003296 3.10039377212524
-0.10662729293108 0.246062994003296 3.10039377212524
-6.01592849610223E-15 0 1
-0.10662729293108 0.246062994003296 3.10039377212524
-0.770997405052185 0.246062994003296 3.10039377212524
-0.770997405052185 -0.246062994003296 3.10039377212524
-6.01592849610223E-15 0 1
-0.770997405052185 -0.246062994003296 4.88845157623291
-0.770997405052185 -0.246062994003296 3.10039377212524
-0.770997405052185 0.246062994003296 3.10039377212524
1 0 0
-0.770997405052185 0.246062994003296 3.10039377212524
-0.770997405052185 0.246062994003296 4.88845157623291
-0.770997405052185 -0.246062994003296 4.88845157623291
1 0 0
0.10662729293108 -0.246062994003296 4.88845157623291
0.10662729293108 -0.246062994003296 3.10039377212524
0.10662729293108 0.246062994003296 3.10039377212524
1 0 -7.7613756400401E-18
0.10662729293108 0.246062994003296 3.10039377212524
0.10662729293108 0.246062994003296 4.88845157623291
0.10662729293108 -0.246062994003296 4.88845157623291
1 0 -7.7613756400401E-18
0.770997405052185 -0.246062994003296 4.88845157623291
0.10662729293108 -0.246062994003296 4.88845157623291
0.10662729293108 0.246062994003296 4.88845157623291
6.68436499566909E-16 0 -1
0.10662729293108 0.246062994003296 4.88845157623291
0.770997405052185 0.246062994003296 4.88845157623291
0.770997405052185 -0.246062994003296 4.88845157623291
6.68436499566909E-16 0 -1
0.770997405052185 -0.246062994003296 3.10039377212524
0.770997405052185 -0.246062994003296 4.88845157623291
0.770997405052185 0.246062994003296 4.88845157623291
-1 0 0
0.770997405052185 0.246062994003296 4.88845157623291
0.770997405052185 0.246062994003296 3.10039377212524
0.770997405052185 -0.246062994003296 3.10039377212524
-1 0 0
0.10662729293108 -0.246062994003296 3.10039377212524
0.770997405052185 -0.246062994003296 3.10039377212524
0.770997405052185 0.246062994003296 3.10039377212524
0 0 1
0.770997405052185 0.246062994003296 3.10039377212524
0.10662729293108 0.246062994003296 3.10039377212524
0.10662729293108 -0.246062994003296 3.10039377212524
0 0 1
1.06627297401428 0.216535434126854 7.39829397201538
2.60826778411865 0.216535434126854 7.39829397201538
2.60826778411865 0.216535434126854 5.06889772415161
0 1 0
2.60826778411865 0.216535434126854 5.06889772415161
1.06627297401428 0.216535434126854 5.06889772415161
1.06627297401428 0.216535434126854 7.39829397201538
0 1 0
1.23031497001648 0.216535434126854 4.75721788406372
1.59940946102142 0.216535434126854 4.75721788406372
1.59940946102142 0.216535434126854 3.23162722587585
0 1 0
1.59940946102142 0.216535434126854 3.23162722587585
1.23031497001648 0.216535434126854 3.23162722587585
1.23031497001648 0.216535434126854 4.75721788406372
0 1 0
2.07513117790222 0.216535434126854 4.75721788406372
2.44422578811646 0.216535434126854 4.75721788406372
2.44422578811646 0.216535434126854 3.23162722587585
0 1 0
2.44422578811646 0.216535434126854 3.23162722587585
2.07513117790222 0.216535434126854 3.23162722587585
2.07513117790222 0.216535434126854 4.75721788406372
0 1 0
2.60826778411865 0.144356951117516 7.39829397201538
1.06627297401428 0.144356951117516 7.39829397201538
1.06627297401428 0.144356951117516 5.06889772415161
0 -1 0
1.06627297401428 0.144356951117516 5.06889772415161
2.60826778411865 0.144356951117516 5.06889772415161
2.60826778411865 0.144356951117516 7.39829397201538
0 -1 0
1.59940946102142 0.144356951117516 4.75721788406372
1.23031497001648 0.144356951117516 4.75721788406372
1.23031497001648 0.144356951117516 3.23162722587585
0 -1 0
1.23031497001648 0.144356951117516 3.23162722587585
1.59940946102142 0.144356951117516 3.23162722587585
1.59940946102142 0.144356951117516 4.75721788406372
0 -1 0
2.44422578811646 0.144356951117516 4.75721788406372
2.07513117790222 0.144356951117516 4.75721788406372
2.07513117790222 0.144356951117516 3.23162722587585
0 -1 0
2.07513117790222 0.144356951117516 3.23162722587585
2.44422578811646 0.144356951117516 3.23162722587585
2.44422578811646 0.144356951117516 4.75721788406372
0 -1 0
1.06627297401428 0.144356951117516 7.39829397201538
2.60826778411865 0.144356951117516 7.39829397201538
2.60826778411865 0.216535434126854 7.39829397201538
0 0 1
2.60826778411865 0.216535434126854 7.39829397201538
1.06627297401428 0.216535434126854 7.39829397201538
1.06627297401428 0.144356951117516 7.39829397201538
0 0 1
1.06627297401428 0.144356951117516 5.06889772415161
1.06627297401428 0.144356951117516 7.39829397201538
1.06627297401428 0.216535434126854 7.39829397201538
-1 0 0
1.06627297401428 0.216535434126854 7.39829397201538
1.06627297401428 0.216535434126854 5.06889772415161
1.06627297401428 0.144356951117516 5.06889772415161
-1 0 0
2.60826778411865 0.144356951117516 5.06889772415161
1.06627297401428 0.144356951117516 5.06889772415161
1.06627297401428 0.216535434126854 5.06889772415161
0 0 -1
1.06627297401428 0.216535434126854 5.06889772415161
2.60826778411865 0.216535434126854 5.06889772415161
2.60826778411865 0.144356951117516 5.06889772415161
0 0 -1
2.60826778411865 0.144356951117516 7.39829397201538
2.60826778411865 0.144356951117516 5.06889772415161
2.60826778411865 0.216535434126854 5.06889772415161
1 0 0
2.60826778411865 0.216535434126854 5.06889772415161
2.60826778411865 0.216535434126854 7.39829397201538
2.60826778411865 0.144356951117516 7.39829397201538
1 0 0
1.23031497001648 0.144356951117516 4.75721788406372
1.59940946102142 0.144356951117516 4.75721788406372
1.59940946102142 0.216535434126854 4.75721788406372
0 0 1
1.59940946102142 0.216535434126854 4.75721788406372
1.23031497001648 0.216535434126854 4.75721788406372
1.23031497001648 0.144356951117516 4.75721788406372
0 0 1
1.23031497001648 0.144356951117516 3.23162722587585
1.23031497001648 0.144356951117516 4.75721788406372
1.23031497001648 0.216535434126854 4.75721788406372
-1 0 0
1.23031497001648 0.216535434126854 4.75721788406372
1.23031497001648 0.216535434126854 3.23162722587585
1.23031497001648 0.144356951117516 3.23162722587585
-1 0 0
1.59940946102142 0.144356951117516 3.23162722587585
1.23031497001648 0.144356951117516 3.23162722587585
1.23031497001648 0.216535434126854 3.23162722587585
0 0 -1
1.23031497001648 0.216535434126854 3.23162722587585
1.59940946102142 0.216535434126854 3.23162722587585
1.59940946102142 0.144356951117516 3.23162722587585
0 0 -1
1.59940946102142 0.144356951117516 4.75721788406372
1.59940946102142 0.144356951117516 3.23162722587585
1.59940946102142 0.216535434126854 3.23162722587585
1 0 -1.81933321454703E-17
1.59940946102142 0.216535434126854 3.23162722587585
1.59940946102142 0.216535434126854 4.75721788406372
1.59940946102142 0.144356951117516 4.75721788406372
1 0 -1.81933321454703E-17
2.07513117790222 0.144356951117516 4.75721788406372
2.44422578811646 0.144356951117516 4.75721788406372
2.44422578811646 0.216535434126854 4.75721788406372
0 0 1
2.44422578811646 0.216535434126854 4.75721788406372
2.07513117790222 0.216535434126854 4.75721788406372
2.07513117790222 0.144356951117516 4.75721788406372
0 0 1
2.07513117790222 0.144356951117516 3.23162722587585
2.07513117790222 0.144356951117516 4.75721788406372
2.07513117790222 0.216535434126854 4.75721788406372
-1 0 1.81933321454703E-17
2.07513117790222 0.216535434126854 4.75721788406372
2.07513117790222 0.216535434126854 3.23162722587585
2.07513117790222 0.144356951117516 3.23162722587585
-1 0 1.81933321454703E-17
2.44422578811646 0.144356951117516 3.23162722587585
2.07513117790222 0.144356951117516 3.23162722587585
2.07513117790222 0.216535434126854 3.23162722587585
0 0 -1
2.07513117790222 0.216535434126854 3.23162722587585
2.44422578811646 0.216535434126854 3.23162722587585
2.44422578811646 0.144356951117516 3.23162722587585
0 0 -1
2.44422578811646 0.144356951117516 4.75721788406372
2.44422578811646 0.144356951117516 3.23162722587585
2.44422578811646 0.216535434126854 3.23162722587585
1 0 0
2.44422578811646 0.216535434126854 3.23162722587585
2.44422578811646 0.216535434126854 4.75721788406372
2.44422578811646 0.144356951117516 4.75721788406372
1 0 0
1.73064303398132 0.246062994003296 3.10039377212524
1.59940946102142 0.246062994003296 4.75721788406372
1.73064303398132 0.246062994003296 4.88845157623291
0 1 0
1.23031497001648 0.246062994003296 4.75721788406372
1.73064303398132 0.246062994003296 4.88845157623291
1.59940946102142 0.246062994003296 4.75721788406372
0 1 0
1.23031497001648 0.246062994003296 3.23162722587585
1.59940946102142 0.246062994003296 3.23162722587585
1.73064303398132 0.246062994003296 3.10039377212524
0 1 0
1.59940946102142 0.246062994003296 4.75721788406372
1.73064303398132 0.246062994003296 3.10039377212524
1.59940946102142 0.246062994003296 3.23162722587585
0 1 0
1.23031497001648 0.246062994003296 3.23162722587585
1.06627297401428 0.246062994003296 4.88845157623291
1.23031497001648 0.246062994003296 4.75721788406372
0 1 0
1.73064303398132 0.246062994003296 4.88845157623291
1.23031497001648 0.246062994003296 4.75721788406372
1.06627297401428 0.246062994003296 4.88845157623291
0 1 0
1.73064303398132 0.246062994003296 3.10039377212524
1.06627297401428 0.246062994003296 3.10039377212524
1.23031497001648 0.246062994003296 3.23162722587585
0 1 0
1.06627297401428 0.246062994003296 4.88845157623291
1.23031497001648 0.246062994003296 3.23162722587585
1.06627297401428 0.246062994003296 3.10039377212524
0 1 0
2.44422578811646 0.246062994003296 3.23162722587585
2.44422578811646 0.246062994003296 4.75721788406372
2.60826778411865 0.246062994003296 4.88845157623291
0 1 0
1.94389760494232 0.246062994003296 4.88845157623291
2.60826778411865 0.246062994003296 4.88845157623291
2.44422578811646 0.246062994003296 4.75721788406372
0 1 0
1.94389760494232 0.246062994003296 3.10039377212524
2.44422578811646 0.246062994003296 3.23162722587585
2.60826778411865 0.246062994003296 3.10039377212524
0 1 0
2.60826778411865 0.246062994003296 4.88845157623291
2.60826778411865 0.246062994003296 3.10039377212524
2.44422578811646 0.246062994003296 3.23162722587585
0 1 0
1.94389760494232 0.246062994003296 3.10039377212524
1.94389760494232 0.246062994003296 4.88845157623291
2.07513117790222 0.246062994003296 4.75721788406372
0 1 0
2.44422578811646 0.246062994003296 4.75721788406372
2.07513117790222 0.246062994003296 4.75721788406372
1.94389760494232 0.246062994003296 4.88845157623291
0 1 0
2.44422578811646 0.246062994003296 3.23162722587585
1.94389760494232 0.246062994003296 3.10039377212524
2.07513117790222 0.246062994003296 3.23162722587585
0 1 0
2.07513117790222 0.246062994003296 4.75721788406372
2.07513117790222 0.246062994003296 3.23162722587585
1.94389760494232 0.246062994003296 3.10039377212524
0 1 0
1.23031497001648 0.114829398691654 3.23162722587585
1.23031497001648 0.114829398691654 4.75721788406372
1.06627297401428 0.114829398691654 4.88845157623291
0 -1 0
1.73064303398132 0.114829398691654 4.88845157623291
1.06627297401428 0.114829398691654 4.88845157623291
1.23031497001648 0.114829398691654 4.75721788406372
0 -1 0
1.73064303398132 0.114829398691654 3.10039377212524
1.23031497001648 0.114829398691654 3.23162722587585
1.06627297401428 0.114829398691654 3.10039377212524
0 -1 0
1.06627297401428 0.114829398691654 4.88845157623291
1.06627297401428 0.114829398691654 3.10039377212524
1.23031497001648 0.114829398691654 3.23162722587585
0 -1 0
1.73064303398132 0.114829398691654 3.10039377212524
1.73064303398132 0.114829398691654 4.88845157623291
1.59940946102142 0.114829398691654 4.75721788406372
0 -1 0
1.23031497001648 0.114829398691654 4.75721788406372
1.59940946102142 0.114829398691654 4.75721788406372
1.73064303398132 0.114829398691654 4.88845157623291
0 -1 0
1.23031497001648 0.114829398691654 3.23162722587585
1.73064303398132 0.114829398691654 3.10039377212524
1.59940946102142 0.114829398691654 3.23162722587585
0 -1 0
1.59940946102142 0.114829398691654 4.75721788406372
1.59940946102142 0.114829398691654 3.23162722587585
1.73064303398132 0.114829398691654 3.10039377212524
0 -1 0
1.94389760494232 0.114829398691654 3.10039377212524
2.07513117790222 0.114829398691654 4.75721788406372
1.94389760494232 0.114829398691654 4.88845157623291
0 -1 0
2.44422578811646 0.114829398691654 4.75721788406372
1.94389760494232 0.114829398691654 4.88845157623291
2.07513117790222 0.114829398691654 4.75721788406372
0 -1 0
2.44422578811646 0.114829398691654 3.23162722587585
2.07513117790222 0.114829398691654 3.23162722587585
1.94389760494232 0.114829398691654 3.10039377212524
0 -1 0
2.07513117790222 0.114829398691654 4.75721788406372
1.94389760494232 0.114829398691654 3.10039377212524
2.07513117790222 0.114829398691654 3.23162722587585
0 -1 0
2.44422578811646 0.114829398691654 3.23162722587585
2.60826778411865 0.114829398691654 4.88845157623291
2.44422578811646 0.114829398691654 4.75721788406372
0 -1 0
1.94389760494232 0.114829398691654 4.88845157623291
2.44422578811646 0.114829398691654 4.75721788406372
2.60826778411865 0.114829398691654 4.88845157623291
0 -1 0
1.94389760494232 0.114829398691654 3.10039377212524
2.60826778411865 0.114829398691654 3.10039377212524
2.44422578811646 0.114829398691654 3.23162722587585
0 -1 0
2.60826778411865 0.114829398691654 4.88845157623291
2.44422578811646 0.114829398691654 3.23162722587585
2.60826778411865 0.114829398691654 3.10039377212524
0 -1 0
1.06627297401428 0.114829398691654 4.88845157623291
1.73064303398132 0.114829398691654 4.88845157623291
1.73064303398132 0.246062994003296 4.88845157623291
0 0 1
1.73064303398132 0.246062994003296 4.88845157623291
1.06627297401428 0.246062994003296 4.88845157623291
1.06627297401428 0.114829398691654 4.88845157623291
0 0 1
1.06627297401428 0.114829398691654 3.10039377212524
1.06627297401428 0.114829398691654 4.88845157623291
1.06627297401428 0.246062994003296 4.88845157623291
-1 0 0
1.06627297401428 0.246062994003296 4.88845157623291
1.06627297401428 0.246062994003296 3.10039377212524
1.06627297401428 0.114829398691654 3.10039377212524
-1 0 0
1.73064303398132 0.114829398691654 3.10039377212524
1.06627297401428 0.114829398691654 3.10039377212524
1.06627297401428 0.246062994003296 3.10039377212524
0 0 -1
1.06627297401428 0.246062994003296 3.10039377212524
1.73064303398132 0.246062994003296 3.10039377212524
1.73064303398132 0.114829398691654 3.10039377212524
0 0 -1
1.73064303398132 0.114829398691654 4.88845157623291
1.73064303398132 0.114829398691654 3.10039377212524
1.73064303398132 0.246062994003296 3.10039377212524
1 0 2.32841269201204E-17
1.73064303398132 0.246062994003296 3.10039377212524
1.73064303398132 0.246062994003296 4.88845157623291
1.73064303398132 0.114829398691654 4.88845157623291
1 0 2.32841269201204E-17
1.94389760494232 0.114829398691654 4.88845157623291
2.60826778411865 0.114829398691654 4.88845157623291
2.60826778411865 0.246062994003296 4.88845157623291
0 0 1
2.60826778411865 0.246062994003296 4.88845157623291
1.94389760494232 0.246062994003296 4.88845157623291
1.94389760494232 0.114829398691654 4.88845157623291
0 0 1
1.94389760494232 0.114829398691654 3.10039377212524
1.94389760494232 0.114829398691654 4.88845157623291
1.94389760494232 0.246062994003296 4.88845157623291
-1 0 7.76137564004014E-18
1.94389760494232 0.246062994003296 4.88845157623291
1.94389760494232 0.246062994003296 3.10039377212524
1.94389760494232 0.114829398691654 3.10039377212524
-1 0 7.76137564004014E-18
2.60826778411865 0.114829398691654 3.10039377212524
1.94389760494232 0.114829398691654 3.10039377212524
1.94389760494232 0.246062994003296 3.10039377212524
0 0 -1
1.94389760494232 0.246062994003296 3.10039377212524
2.60826778411865 0.246062994003296 3.10039377212524
2.60826778411865 0.114829398691654 3.10039377212524
0 0 -1
2.60826778411865 0.114829398691654 4.88845157623291
2.60826778411865 0.114829398691654 3.10039377212524
2.60826778411865 0.246062994003296 3.10039377212524
1 0 0
2.60826778411865 0.246062994003296 3.10039377212524
2.60826778411865 0.246062994003296 4.88845157623291
2.60826778411865 0.114829398691654 4.88845157623291
1 0 0
1.59940946102142 0.114829398691654 3.23162722587585
1.59940946102142 0.114829398691654 4.75721788406372
1.59940946102142 0.246062994003296 4.75721788406372
-1 0 1.81933321454703E-17
1.59940946102142 0.246062994003296 4.75721788406372
1.59940946102142 0.246062994003296 3.23162722587585
1.59940946102142 0.114829398691654 3.23162722587585
-1 0 1.81933321454703E-17
1.23031497001648 0.114829398691654 3.23162722587585
1.59940946102142 0.114829398691654 3.23162722587585
1.59940946102142 0.246062994003296 3.23162722587585
0 0 1
1.59940946102142 0.246062994003296 3.23162722587585
1.23031497001648 0.246062994003296 3.23162722587585
1.23031497001648 0.114829398691654 3.23162722587585
0 0 1
1.23031497001648 0.114829398691654 4.75721788406372
1.23031497001648 0.114829398691654 3.23162722587585
1.23031497001648 0.246062994003296 3.23162722587585
1 0 0
1.23031497001648 0.246062994003296 3.23162722587585
1.23031497001648 0.246062994003296 4.75721788406372
1.23031497001648 0.114829398691654 4.75721788406372
1 0 0
1.59940946102142 0.114829398691654 4.75721788406372
1.23031497001648 0.114829398691654 4.75721788406372
1.23031497001648 0.246062994003296 4.75721788406372
0 0 -1
1.23031497001648 0.246062994003296 4.75721788406372
1.59940946102142 0.246062994003296 4.75721788406372
1.59940946102142 0.114829398691654 4.75721788406372
0 0 -1
2.44422578811646 0.114829398691654 3.23162722587585
2.44422578811646 0.114829398691654 4.75721788406372
2.44422578811646 0.246062994003296 4.75721788406372
-1 0 0
2.44422578811646 0.246062994003296 4.75721788406372
2.44422578811646 0.246062994003296 3.23162722587585
2.44422578811646 0.114829398691654 3.23162722587585
-1 0 0
2.07513117790222 0.114829398691654 3.23162722587585
2.44422578811646 0.114829398691654 3.23162722587585
2.44422578811646 0.246062994003296 3.23162722587585
0 0 1
2.44422578811646 0.246062994003296 3.23162722587585
2.07513117790222 0.246062994003296 3.23162722587585
2.07513117790222 0.114829398691654 3.23162722587585
0 0 1
2.07513117790222 0.114829398691654 4.75721788406372
2.07513117790222 0.114829398691654 3.23162722587585
2.07513117790222 0.246062994003296 3.23162722587585
1 0 -1.81933321454703E-17
2.07513117790222 0.246062994003296 3.23162722587585
2.07513117790222 0.246062994003296 4.75721788406372
2.07513117790222 0.114829398691654 4.75721788406372
1 0 -1.81933321454703E-17
2.44422578811646 0.114829398691654 4.75721788406372
2.07513117790222 0.114829398691654 4.75721788406372
2.07513117790222 0.246062994003296 4.75721788406372
0 0 -1
2.07513117790222 0.246062994003296 4.75721788406372
2.44422578811646 0.246062994003296 4.75721788406372
2.44422578811646 0.114829398691654 4.75721788406372
0 0 -1
2.60826778411865 0.246062994003296 5.06889772415161
2.60826778411865 0.246062994003296 7.39829397201538
2.75590562820435 0.246062994003296 7.54593181610107
0 1 0
1.06627297401428 0.246062994003296 7.39829397201538
2.75590562820435 0.246062994003296 7.54593181610107
2.60826778411865 0.246062994003296 7.39829397201538
0 1 0
2.60826778411865 0.246062994003296 4.88845157623291
1.94389760494232 0.246062994003296 4.88845157623291
2.60826778411865 0.246062994003296 5.06889772415161
0 1 0
2.75590562820435 0.246062994003296 2.95275592803955
2.60826778411865 0.246062994003296 5.06889772415161
2.75590562820435 0.246062994003296 7.54593181610107
0 1 0
1.94389760494232 0.246062994003296 3.10039377212524
2.60826778411865 0.246062994003296 3.10039377212524
2.75590562820435 0.246062994003296 2.95275592803955
0 1 0
2.60826778411865 0.246062994003296 4.88845157623291
2.75590562820435 0.246062994003296 2.95275592803955
2.60826778411865 0.246062994003296 3.10039377212524
0 1 0
2.60826778411865 0.246062994003296 4.88845157623291
2.60826778411865 0.246062994003296 5.06889772415161
2.75590562820435 0.246062994003296 2.95275592803955
0 1 0
1.73064303398132 0.246062994003296 3.10039377212524
1.94389760494232 0.246062994003296 3.10039377212524
2.75590562820435 0.246062994003296 2.95275592803955
0 1 0
1.94389760494232 0.246062994003296 3.10039377212524
1.73064303398132 0.246062994003296 4.88845157623291
1.94389760494232 0.246062994003296 4.88845157623291
0 1 0
1.06627297401428 0.246062994003296 4.88845157623291
1.06627297401428 0.246062994003296 5.06889772415161
1.73064303398132 0.246062994003296 4.88845157623291
0 1 0
1.06627297401428 0.246062994003296 5.06889772415161
1.94389760494232 0.246062994003296 4.88845157623291
1.73064303398132 0.246062994003296 4.88845157623291
0 1 0
1.06627297401428 0.246062994003296 5.06889772415161
0.918635189533234 0.246062994003296 7.54593181610107
1.06627297401428 0.246062994003296 7.39829397201538
0 1 0
2.75590562820435 0.246062994003296 7.54593181610107
1.06627297401428 0.246062994003296 7.39829397201538
0.918635189533234 0.246062994003296 7.54593181610107
0 1 0
2.60826778411865 0.246062994003296 5.06889772415161
1.94389760494232 0.246062994003296 4.88845157623291
1.06627297401428 0.246062994003296 5.06889772415161
0 1 0
0.918635189533234 0.246062994003296 2.95275592803955
0.918635189533234 0.246062994003296 7.54593181610107
1.06627297401428 0.246062994003296 5.06889772415161
0 1 0
1.73064303398132 0.246062994003296 3.10039377212524
0.918635189533234 0.246062994003296 2.95275592803955
1.06627297401428 0.246062994003296 3.10039377212524
0 1 0
1.06627297401428 0.246062994003296 4.88845157623291
1.06627297401428 0.246062994003296 3.10039377212524
0.918635189533234 0.246062994003296 2.95275592803955
0 1 0
0.918635189533234 0.246062994003296 2.95275592803955
1.06627297401428 0.246062994003296 5.06889772415161
1.06627297401428 0.246062994003296 4.88845157623291
0 1 0
2.75590562820435 0.246062994003296 2.95275592803955
0.918635189533234 0.246062994003296 2.95275592803955
1.73064303398132 0.246062994003296 3.10039377212524
0 1 0
1.94389760494232 0.246062994003296 3.10039377212524
1.73064303398132 0.246062994003296 3.10039377212524
1.73064303398132 0.246062994003296 4.88845157623291
0 1 0
1.06627297401428 -0.246062994003296 5.06889772415161
1.06627297401428 -0.246062994003296 7.39829397201538
0.918635189533234 -0.246062994003296 7.54593181610107
0 -1 0
2.60826778411865 -0.246062994003296 7.39829397201538
0.918635189533234 -0.246062994003296 7.54593181610107
1.06627297401428 -0.246062994003296 7.39829397201538
0 -1 0
1.06627297401428 -0.246062994003296 4.88845157623291
1.73064303398132 -0.246062994003296 4.88845157623291
1.06627297401428 -0.246062994003296 5.06889772415161
0 -1 0
0.918635189533234 -0.246062994003296 2.95275592803955
1.06627297401428 -0.246062994003296 5.06889772415161
0.918635189533234 -0.246062994003296 7.54593181610107
0 -1 0
1.73064303398132 -0.246062994003296 3.10039377212524
1.06627297401428 -0.246062994003296 3.10039377212524
0.918635189533234 -0.246062994003296 2.95275592803955
0 -1 0
1.06627297401428 -0.246062994003296 4.88845157623291
0.918635189533234 -0.246062994003296 2.95275592803955
1.06627297401428 -0.246062994003296 3.10039377212524
0 -1 0
1.06627297401428 -0.246062994003296 4.88845157623291
1.06627297401428 -0.246062994003296 5.06889772415161
0.918635189533234 -0.246062994003296 2.95275592803955
0 -1 0
1.94389760494232 -0.246062994003296 3.10039377212524
1.73064303398132 -0.246062994003296 3.10039377212524
0.918635189533234 -0.246062994003296 2.95275592803955
0 -1 0
1.73064303398132 -0.246062994003296 3.10039377212524
1.94389760494232 -0.246062994003296 4.88845157623291
1.73064303398132 -0.246062994003296 4.88845157623291
0 -1 0
2.60826778411865 -0.246062994003296 4.88845157623291
2.60826778411865 -0.246062994003296 5.06889772415161
1.94389760494232 -0.246062994003296 4.88845157623291
0 -1 0
2.60826778411865 -0.246062994003296 5.06889772415161
1.73064303398132 -0.246062994003296 4.88845157623291
1.94389760494232 -0.246062994003296 4.88845157623291
0 -1 0
2.60826778411865 -0.246062994003296 5.06889772415161
2.75590562820435 -0.246062994003296 7.54593181610107
2.60826778411865 -0.246062994003296 7.39829397201538
0 -1 0
0.918635189533234 -0.246062994003296 7.54593181610107
2.60826778411865 -0.246062994003296 7.39829397201538
2.75590562820435 -0.246062994003296 7.54593181610107
0 -1 0
1.06627297401428 -0.246062994003296 5.06889772415161
1.73064303398132 -0.246062994003296 4.88845157623291
2.60826778411865 -0.246062994003296 5.06889772415161
0 -1 0
2.75590562820435 -0.246062994003296 2.95275592803955
2.75590562820435 -0.246062994003296 7.54593181610107
2.60826778411865 -0.246062994003296 5.06889772415161
0 -1 0
1.94389760494232 -0.246062994003296 3.10039377212524
2.75590562820435 -0.246062994003296 2.95275592803955
2.60826778411865 -0.246062994003296 3.10039377212524
0 -1 0
2.60826778411865 -0.246062994003296 4.88845157623291
2.60826778411865 -0.246062994003296 3.10039377212524
2.75590562820435 -0.246062994003296 2.95275592803955
0 -1 0
2.75590562820435 -0.246062994003296 2.95275592803955
2.60826778411865 -0.246062994003296 5.06889772415161
2.60826778411865 -0.246062994003296 4.88845157623291
0 -1 0
0.918635189533234 -0.246062994003296 2.95275592803955
2.75590562820435 -0.246062994003296 2.95275592803955
1.94389760494232 -0.246062994003296 3.10039377212524
0 -1 0
1.73064303398132 -0.246062994003296 3.10039377212524
1.94389760494232 -0.246062994003296 3.10039377212524
1.94389760494232 -0.246062994003296 4.88845157623291
0 -1 0
0.918635189533234 -0.246062994003296 7.54593181610107
2.75590562820435 -0.246062994003296 7.54593181610107
2.75590562820435 0.246062994003296 7.54593181610107
0 0 1
2.75590562820435 0.246062994003296 7.54593181610107
0.918635189533234 0.246062994003296 7.54593181610107
0.918635189533234 -0.246062994003296 7.54593181610107
0 0 1
0.918635189533234 -0.246062994003296 2.95275592803955
0.918635189533234 -0.246062994003296 7.54593181610107
0.918635189533234 0.246062994003296 7.54593181610107
-1 0 0
0.918635189533234 0.246062994003296 7.54593181610107
0.918635189533234 0.246062994003296 2.95275592803955
0.918635189533234 -0.246062994003296 2.95275592803955
-1 0 0
2.75590562820435 -0.246062994003296 2.95275592803955
0.918635189533234 -0.246062994003296 2.95275592803955
0.918635189533234 0.246062994003296 2.95275592803955
0 0 -1
0.918635189533234 0.246062994003296 2.95275592803955
2.75590562820435 0.246062994003296 2.95275592803955
2.75590562820435 -0.246062994003296 2.95275592803955
0 0 -1
2.75590562820435 -0.246062994003296 7.54593181610107
2.75590562820435 -0.246062994003296 2.95275592803955
2.75590562820435 0.246062994003296 2.95275592803955
1 0 0
2.75590562820435 0.246062994003296 2.95275592803955
2.75590562820435 0.246062994003296 7.54593181610107
2.75590562820435 -0.246062994003296 7.54593181610107
1 0 0
2.60826778411865 -0.246062994003296 5.06889772415161
2.60826778411865 -0.246062994003296 7.39829397201538
2.60826778411865 0.246062994003296 7.39829397201538
-1 0 0
2.60826778411865 0.246062994003296 7.39829397201538
2.60826778411865 0.246062994003296 5.06889772415161
2.60826778411865 -0.246062994003296 5.06889772415161
-1 0 0
1.06627297401428 -0.246062994003296 5.06889772415161
2.60826778411865 -0.246062994003296 5.06889772415161
2.60826778411865 0.246062994003296 5.06889772415161
0 0 1
2.60826778411865 0.246062994003296 5.06889772415161
1.06627297401428 0.246062994003296 5.06889772415161
1.06627297401428 -0.246062994003296 5.06889772415161
0 0 1
1.06627297401428 -0.246062994003296 7.39829397201538
1.06627297401428 -0.246062994003296 5.06889772415161
1.06627297401428 0.246062994003296 5.06889772415161
1 0 0
1.06627297401428 0.246062994003296 5.06889772415161
1.06627297401428 0.246062994003296 7.39829397201538
1.06627297401428 -0.246062994003296 7.39829397201538
1 0 0
2.60826778411865 -0.246062994003296 7.39829397201538
1.06627297401428 -0.246062994003296 7.39829397201538
1.06627297401428 0.246062994003296 7.39829397201538
0 0 -1
1.06627297401428 0.246062994003296 7.39829397201538
2.60826778411865 0.246062994003296 7.39829397201538
2.60826778411865 -0.246062994003296 7.39829397201538
0 0 -1
1.73064303398132 -0.246062994003296 4.88845157623291
1.06627297401428 -0.246062994003296 4.88845157623291
1.06627297401428 0.246062994003296 4.88845157623291
0 0 -1
1.06627297401428 0.246062994003296 4.88845157623291
1.73064303398132 0.246062994003296 4.88845157623291
1.73064303398132 -0.246062994003296 4.88845157623291
0 0 -1
1.73064303398132 -0.246062994003296 3.10039377212524
1.73064303398132 -0.246062994003296 4.88845157623291
1.73064303398132 0.246062994003296 4.88845157623291
-1 0 -2.32841269201204E-17
1.73064303398132 0.246062994003296 4.88845157623291
1.73064303398132 0.246062994003296 3.10039377212524
1.73064303398132 -0.246062994003296 3.10039377212524
-1 0 -2.32841269201204E-17
1.06627297401428 -0.246062994003296 3.10039377212524
1.73064303398132 -0.246062994003296 3.10039377212524
1.73064303398132 0.246062994003296 3.10039377212524
-6.01592849610223E-15 0 1
1.73064303398132 0.246062994003296 3.10039377212524
1.06627297401428 0.246062994003296 3.10039377212524
1.06627297401428 -0.246062994003296 3.10039377212524
-6.01592849610223E-15 0 1
1.06627297401428 -0.246062994003296 4.88845157623291
1.06627297401428 -0.246062994003296 3.10039377212524
1.06627297401428 0.246062994003296 3.10039377212524
1 0 0
1.06627297401428 0.246062994003296 3.10039377212524
1.06627297401428 0.246062994003296 4.88845157623291
1.06627297401428 -0.246062994003296 4.88845157623291
1 0 0
1.94389760494232 -0.246062994003296 4.88845157623291
1.94389760494232 -0.246062994003296 3.10039377212524
1.94389760494232 0.246062994003296 3.10039377212524
1 0 -7.7613756400401E-18
1.94389760494232 0.246062994003296 3.10039377212524
1.94389760494232 0.246062994003296 4.88845157623291
1.94389760494232 -0.246062994003296 4.88845157623291
1 0 -7.7613756400401E-18
2.60826778411865 -0.246062994003296 4.88845157623291
1.94389760494232 -0.246062994003296 4.88845157623291
1.94389760494232 0.246062994003296 4.88845157623291
6.68436499566909E-16 0 -1
1.94389760494232 0.246062994003296 4.88845157623291
2.60826778411865 0.246062994003296 4.88845157623291
2.60826778411865 -0.246062994003296 4.88845157623291
6.68436499566909E-16 0 -1
2.60826778411865 -0.246062994003296 3.10039377212524
2.60826778411865 -0.246062994003296 4.88845157623291
2.60826778411865 0.246062994003296 4.88845157623291
-1 0 0
2.60826778411865 0.246062994003296 4.88845157623291
2.60826778411865 0.246062994003296 3.10039377212524
2.60826778411865 -0.246062994003296 3.10039377212524
-1 0 0
1.94389760494232 -0.246062994003296 3.10039377212524
2.60826778411865 -0.246062994003296 3.10039377212524
2.60826778411865 0.246062994003296 3.10039377212524
0 0 1
2.60826778411865 0.246062994003296 3.10039377212524
1.94389760494232 0.246062994003296 3.10039377212524
1.94389760494232 -0.246062994003296 3.10039377212524
0 0 1
-4.44553804397583 0.216535434126854 7.39829397201538
-2.90354323387146 0.216535434126854 7.39829397201538
-2.90354323387146 0.216535434126854 5.06889772415161
0 1 0
-2.90354323387146 0.216535434126854 5.06889772415161
-4.44553804397583 0.216535434126854 5.06889772415161
-4.44553804397583 0.216535434126854 7.39829397201538
0 1 0
-4.28149604797363 0.216535434126854 4.75721788406372
-3.91240167617798 0.216535434126854 4.75721788406372
-3.91240167617798 0.216535434126854 3.23162722587585
0 1 0
-3.91240167617798 0.216535434126854 3.23162722587585
-4.28149604797363 0.216535434126854 3.23162722587585
-4.28149604797363 0.216535434126854 4.75721788406372
0 1 0
-3.43667984008789 0.216535434126854 4.75721788406372
-3.06758522987366 0.216535434126854 4.75721788406372
-3.06758522987366 0.216535434126854 3.23162722587585
0 1 0
-3.06758522987366 0.216535434126854 3.23162722587585
-3.43667984008789 0.216535434126854 3.23162722587585
-3.43667984008789 0.216535434126854 4.75721788406372
0 1 0
-2.90354323387146 0.144356951117516 7.39829397201538
-4.44553804397583 0.144356951117516 7.39829397201538
-4.44553804397583 0.144356951117516 5.06889772415161
0 -1 0
-4.44553804397583 0.144356951117516 5.06889772415161
-2.90354323387146 0.144356951117516 5.06889772415161
-2.90354323387146 0.144356951117516 7.39829397201538
0 -1 0
-3.91240167617798 0.144356951117516 4.75721788406372
-4.28149604797363 0.144356951117516 4.75721788406372
-4.28149604797363 0.144356951117516 3.23162722587585
0 -1 0
-4.28149604797363 0.144356951117516 3.23162722587585
-3.91240167617798 0.144356951117516 3.23162722587585
-3.91240167617798 0.144356951117516 4.75721788406372
0 -1 0
-3.06758522987366 0.144356951117516 4.75721788406372
-3.43667984008789 0.144356951117516 4.75721788406372
-3.43667984008789 0.144356951117516 3.23162722587585
0 -1 0
-3.43667984008789 0.144356951117516 3.23162722587585
-3.06758522987366 0.144356951117516 3.23162722587585
-3.06758522987366 0.144356951117516 4.75721788406372
0 -1 0
-4.44553804397583 0.144356951117516 7.39829397201538
-2.90354323387146 0.144356951117516 7.39829397201538
-2.90354323387146 0.216535434126854 7.39829397201538
0 0 1
-2.90354323387146 0.216535434126854 7.39829397201538
-4.44553804397583 0.216535434126854 7.39829397201538
-4.44553804397583 0.144356951117516 7.39829397201538
0 0 1
-4.44553804397583 0.144356951117516 5.06889772415161
-4.44553804397583 0.144356951117516 7.39829397201538
-4.44553804397583 0.216535434126854 7.39829397201538
-1 0 0
-4.44553804397583 0.216535434126854 7.39829397201538
-4.44553804397583 0.216535434126854 5.06889772415161
-4.44553804397583 0.144356951117516 5.06889772415161
-1 0 0
-2.90354323387146 0.144356951117516 5.06889772415161
-4.44553804397583 0.144356951117516 5.06889772415161
-4.44553804397583 0.216535434126854 5.06889772415161
0 0 -1
-4.44553804397583 0.216535434126854 5.06889772415161
-2.90354323387146 0.216535434126854 5.06889772415161
-2.90354323387146 0.144356951117516 5.06889772415161
0 0 -1
-2.90354323387146 0.144356951117516 7.39829397201538
-2.90354323387146 0.144356951117516 5.06889772415161
-2.90354323387146 0.216535434126854 5.06889772415161
1 0 0
-2.90354323387146 0.216535434126854 5.06889772415161
-2.90354323387146 0.216535434126854 7.39829397201538
-2.90354323387146 0.144356951117516 7.39829397201538
1 0 0
-4.28149604797363 0.144356951117516 4.75721788406372
-3.91240167617798 0.144356951117516 4.75721788406372
-3.91240167617798 0.216535434126854 4.75721788406372
0 0 1
-3.91240167617798 0.216535434126854 4.75721788406372
-4.28149604797363 0.216535434126854 4.75721788406372
-4.28149604797363 0.144356951117516 4.75721788406372
0 0 1
-4.28149604797363 0.144356951117516 3.23162722587585
-4.28149604797363 0.144356951117516 4.75721788406372
-4.28149604797363 0.216535434126854 4.75721788406372
-1 0 0
-4.28149604797363 0.216535434126854 4.75721788406372
-4.28149604797363 0.216535434126854 3.23162722587585
-4.28149604797363 0.144356951117516 3.23162722587585
-1 0 0
-3.91240167617798 0.144356951117516 3.23162722587585
-4.28149604797363 0.144356951117516 3.23162722587585
-4.28149604797363 0.216535434126854 3.23162722587585
0 0 -1
-4.28149604797363 0.216535434126854 3.23162722587585
-3.91240167617798 0.216535434126854 3.23162722587585
-3.91240167617798 0.144356951117516 3.23162722587585
0 0 -1
-3.91240167617798 0.144356951117516 4.75721788406372
-3.91240167617798 0.144356951117516 3.23162722587585
-3.91240167617798 0.216535434126854 3.23162722587585
1 0 -1.81933321454703E-17
-3.91240167617798 0.216535434126854 3.23162722587585
-3.91240167617798 0.216535434126854 4.75721788406372
-3.91240167617798 0.144356951117516 4.75721788406372
1 0 -1.81933321454703E-17
-3.43667984008789 0.144356951117516 4.75721788406372
-3.06758522987366 0.144356951117516 4.75721788406372
-3.06758522987366 0.216535434126854 4.75721788406372
0 0 1
-3.06758522987366 0.216535434126854 4.75721788406372
-3.43667984008789 0.216535434126854 4.75721788406372
-3.43667984008789 0.144356951117516 4.75721788406372
0 0 1
-3.43667984008789 0.144356951117516 3.23162722587585
-3.43667984008789 0.144356951117516 4.75721788406372
-3.43667984008789 0.216535434126854 4.75721788406372
-1 0 1.81933321454703E-17
-3.43667984008789 0.216535434126854 4.75721788406372
-3.43667984008789 0.216535434126854 3.23162722587585
-3.43667984008789 0.144356951117516 3.23162722587585
-1 0 1.81933321454703E-17
-3.06758522987366 0.144356951117516 3.23162722587585
-3.43667984008789 0.144356951117516 3.23162722587585
-3.43667984008789 0.216535434126854 3.23162722587585
0 0 -1
-3.43667984008789 0.216535434126854 3.23162722587585
-3.06758522987366 0.216535434126854 3.23162722587585
-3.06758522987366 0.144356951117516 3.23162722587585
0 0 -1
-3.06758522987366 0.144356951117516 4.75721788406372
-3.06758522987366 0.144356951117516 3.23162722587585
-3.06758522987366 0.216535434126854 3.23162722587585
1 0 0
-3.06758522987366 0.216535434126854 3.23162722587585
-3.06758522987366 0.216535434126854 4.75721788406372
-3.06758522987366 0.144356951117516 4.75721788406372
1 0 0
-3.78116798400879 0.246062994003296 3.10039377212524
-3.91240167617798 0.246062994003296 4.75721788406372
-3.78116798400879 0.246062994003296 4.88845157623291
0 1 0
-4.28149604797363 0.246062994003296 4.75721788406372
-3.78116798400879 0.246062994003296 4.88845157623291
-3.91240167617798 0.246062994003296 4.75721788406372
0 1 0
-4.28149604797363 0.246062994003296 3.23162722587585
-3.91240167617798 0.246062994003296 3.23162722587585
-3.78116798400879 0.246062994003296 3.10039377212524
0 1 0
-3.91240167617798 0.246062994003296 4.75721788406372
-3.78116798400879 0.246062994003296 3.10039377212524
-3.91240167617798 0.246062994003296 3.23162722587585
0 1 0
-4.28149604797363 0.246062994003296 3.23162722587585
-4.44553804397583 0.246062994003296 4.88845157623291
-4.28149604797363 0.246062994003296 4.75721788406372
0 1 0
-3.78116798400879 0.246062994003296 4.88845157623291
-4.28149604797363 0.246062994003296 4.75721788406372
-4.44553804397583 0.246062994003296 4.88845157623291
0 1 0
-3.78116798400879 0.246062994003296 3.10039377212524
-4.44553804397583 0.246062994003296 3.10039377212524
-4.28149604797363 0.246062994003296 3.23162722587585
0 1 0
-4.44553804397583 0.246062994003296 4.88845157623291
-4.28149604797363 0.246062994003296 3.23162722587585
-4.44553804397583 0.246062994003296 3.10039377212524
0 1 0
-3.06758522987366 0.246062994003296 3.23162722587585
-3.06758522987366 0.246062994003296 4.75721788406372
-2.90354323387146 0.246062994003296 4.88845157623291
0 1 0
-3.5679132938385 0.246062994003296 4.88845157623291
-2.90354323387146 0.246062994003296 4.88845157623291
-3.06758522987366 0.246062994003296 4.75721788406372
0 1 0
-3.5679132938385 0.246062994003296 3.10039377212524
-3.06758522987366 0.246062994003296 3.23162722587585
-2.90354323387146 0.246062994003296 3.10039377212524
0 1 0
-2.90354323387146 0.246062994003296 4.88845157623291
-2.90354323387146 0.246062994003296 3.10039377212524
-3.06758522987366 0.246062994003296 3.23162722587585
0 1 0
-3.5679132938385 0.246062994003296 3.10039377212524
-3.5679132938385 0.246062994003296 4.88845157623291
-3.43667984008789 0.246062994003296 4.75721788406372
0 1 0
-3.06758522987366 0.246062994003296 4.75721788406372
-3.43667984008789 0.246062994003296 4.75721788406372
-3.5679132938385 0.246062994003296 4.88845157623291
0 1 0
-3.06758522987366 0.246062994003296 3.23162722587585
-3.5679132938385 0.246062994003296 3.10039377212524
-3.43667984008789 0.246062994003296 3.23162722587585
0 1 0
-3.43667984008789 0.246062994003296 4.75721788406372
-3.43667984008789 0.246062994003296 3.23162722587585
-3.5679132938385 0.246062994003296 3.10039377212524
0 1 0
-4.28149604797363 0.114829398691654 3.23162722587585
-4.28149604797363 0.114829398691654 4.75721788406372
-4.44553804397583 0.114829398691654 4.88845157623291
0 -1 0
-3.78116798400879 0.114829398691654 4.88845157623291
-4.44553804397583 0.114829398691654 4.88845157623291
-4.28149604797363 0.114829398691654 4.75721788406372
0 -1 0
-3.78116798400879 0.114829398691654 3.10039377212524
-4.28149604797363 0.114829398691654 3.23162722587585
-4.44553804397583 0.114829398691654 3.10039377212524
0 -1 0
-4.44553804397583 0.114829398691654 4.88845157623291
-4.44553804397583 0.114829398691654 3.10039377212524
-4.28149604797363 0.114829398691654 3.23162722587585
0 -1 0
-3.78116798400879 0.114829398691654 3.10039377212524
-3.78116798400879 0.114829398691654 4.88845157623291
-3.91240167617798 0.114829398691654 4.75721788406372
0 -1 0
-4.28149604797363 0.114829398691654 4.75721788406372
-3.91240167617798 0.114829398691654 4.75721788406372
-3.78116798400879 0.114829398691654 4.88845157623291
0 -1 0
-4.28149604797363 0.114829398691654 3.23162722587585
-3.78116798400879 0.114829398691654 3.10039377212524
-3.91240167617798 0.114829398691654 3.23162722587585
0 -1 0
-3.91240167617798 0.114829398691654 4.75721788406372
-3.91240167617798 0.114829398691654 3.23162722587585
-3.78116798400879 0.114829398691654 3.10039377212524
0 -1 0
-3.5679132938385 0.114829398691654 3.10039377212524
-3.43667984008789 0.114829398691654 4.75721788406372
-3.5679132938385 0.114829398691654 4.88845157623291
0 -1 0
-3.06758522987366 0.114829398691654 4.75721788406372
-3.5679132938385 0.114829398691654 4.88845157623291
-3.43667984008789 0.114829398691654 4.75721788406372
0 -1 0
-3.06758522987366 0.114829398691654 3.23162722587585
-3.43667984008789 0.114829398691654 3.23162722587585
-3.5679132938385 0.114829398691654 3.10039377212524
0 -1 0
-3.43667984008789 0.114829398691654 4.75721788406372
-3.5679132938385 0.114829398691654 3.10039377212524
-3.43667984008789 0.114829398691654 3.23162722587585
0 -1 0
-3.06758522987366 0.114829398691654 3.23162722587585
-2.90354323387146 0.114829398691654 4.88845157623291
-3.06758522987366 0.114829398691654 4.75721788406372
0 -1 0
-3.5679132938385 0.114829398691654 4.88845157623291
-3.06758522987366 0.114829398691654 4.75721788406372
-2.90354323387146 0.114829398691654 4.88845157623291
0 -1 0
-3.5679132938385 0.114829398691654 3.10039377212524
-2.90354323387146 0.114829398691654 3.10039377212524
-3.06758522987366 0.114829398691654 3.23162722587585
0 -1 0
-2.90354323387146 0.114829398691654 4.88845157623291
-3.06758522987366 0.114829398691654 3.23162722587585
-2.90354323387146 0.114829398691654 3.10039377212524
0 -1 0
-4.44553804397583 0.114829398691654 4.88845157623291
-3.78116798400879 0.114829398691654 4.88845157623291
-3.78116798400879 0.246062994003296 4.88845157623291
0 0 1
-3.78116798400879 0.246062994003296 4.88845157623291
-4.44553804397583 0.246062994003296 4.88845157623291
-4.44553804397583 0.114829398691654 4.88845157623291
0 0 1
-4.44553804397583 0.114829398691654 3.10039377212524
-4.44553804397583 0.114829398691654 4.88845157623291
-4.44553804397583 0.246062994003296 4.88845157623291
-1 0 0
-4.44553804397583 0.246062994003296 4.88845157623291
-4.44553804397583 0.246062994003296 3.10039377212524
-4.44553804397583 0.114829398691654 3.10039377212524
-1 0 0
-3.78116798400879 0.114829398691654 3.10039377212524
-4.44553804397583 0.114829398691654 3.10039377212524
-4.44553804397583 0.246062994003296 3.10039377212524
0 0 -1
-4.44553804397583 0.246062994003296 3.10039377212524
-3.78116798400879 0.246062994003296 3.10039377212524
-3.78116798400879 0.114829398691654 3.10039377212524
0 0 -1
-3.78116798400879 0.114829398691654 4.88845157623291
-3.78116798400879 0.114829398691654 3.10039377212524
-3.78116798400879 0.246062994003296 3.10039377212524
1 0 2.32841269201204E-17
-3.78116798400879 0.246062994003296 3.10039377212524
-3.78116798400879 0.246062994003296 4.88845157623291
-3.78116798400879 0.114829398691654 4.88845157623291
1 0 2.32841269201204E-17
-3.5679132938385 0.114829398691654 4.88845157623291
-2.90354323387146 0.114829398691654 4.88845157623291
-2.90354323387146 0.246062994003296 4.88845157623291
0 0 1
-2.90354323387146 0.246062994003296 4.88845157623291
-3.5679132938385 0.246062994003296 4.88845157623291
-3.5679132938385 0.114829398691654 4.88845157623291
0 0 1
-3.5679132938385 0.114829398691654 3.10039377212524
-3.5679132938385 0.114829398691654 4.88845157623291
-3.5679132938385 0.246062994003296 4.88845157623291
-1 0 7.76137564004014E-18
-3.5679132938385 0.246062994003296 4.88845157623291
-3.5679132938385 0.246062994003296 3.10039377212524
-3.5679132938385 0.114829398691654 3.10039377212524
-1 0 7.76137564004014E-18
-2.90354323387146 0.114829398691654 3.10039377212524
-3.5679132938385 0.114829398691654 3.10039377212524
-3.5679132938385 0.246062994003296 3.10039377212524
0 0 -1
-3.5679132938385 0.246062994003296 3.10039377212524
-2.90354323387146 0.246062994003296 3.10039377212524
-2.90354323387146 0.114829398691654 3.10039377212524
0 0 -1
-2.90354323387146 0.114829398691654 4.88845157623291
-2.90354323387146 0.114829398691654 3.10039377212524
-2.90354323387146 0.246062994003296 3.10039377212524
1 0 0
-2.90354323387146 0.246062994003296 3.10039377212524
-2.90354323387146 0.246062994003296 4.88845157623291
-2.90354323387146 0.114829398691654 4.88845157623291
1 0 0
-3.91240167617798 0.114829398691654 3.23162722587585
-3.91240167617798 0.114829398691654 4.75721788406372
-3.91240167617798 0.246062994003296 4.75721788406372
-1 0 1.81933321454703E-17
-3.91240167617798 0.246062994003296 4.75721788406372
-3.91240167617798 0.246062994003296 3.23162722587585
-3.91240167617798 0.114829398691654 3.23162722587585
-1 0 1.81933321454703E-17
-4.28149604797363 0.114829398691654 3.23162722587585
-3.91240167617798 0.114829398691654 3.23162722587585
-3.91240167617798 0.246062994003296 3.23162722587585
0 0 1
-3.91240167617798 0.246062994003296 3.23162722587585
-4.28149604797363 0.246062994003296 3.23162722587585
-4.28149604797363 0.114829398691654 3.23162722587585
0 0 1
-4.28149604797363 0.114829398691654 4.75721788406372
-4.28149604797363 0.114829398691654 3.23162722587585
-4.28149604797363 0.246062994003296 3.23162722587585
1 0 0
-4.28149604797363 0.246062994003296 3.23162722587585
-4.28149604797363 0.246062994003296 4.75721788406372
-4.28149604797363 0.114829398691654 4.75721788406372
1 0 0
-3.91240167617798 0.114829398691654 4.75721788406372
-4.28149604797363 0.114829398691654 4.75721788406372
-4.28149604797363 0.246062994003296 4.75721788406372
0 0 -1
-4.28149604797363 0.246062994003296 4.75721788406372
-3.91240167617798 0.246062994003296 4.75721788406372
-3.91240167617798 0.114829398691654 4.75721788406372
0 0 -1
-3.06758522987366 0.114829398691654 3.23162722587585
-3.06758522987366 0.114829398691654 4.75721788406372
-3.06758522987366 0.246062994003296 4.75721788406372
-1 0 0
-3.06758522987366 0.246062994003296 4.75721788406372
-3.06758522987366 0.246062994003296 3.23162722587585
-3.06758522987366 0.114829398691654 3.23162722587585
-1 0 0
-3.43667984008789 0.114829398691654 3.23162722587585
-3.06758522987366 0.114829398691654 3.23162722587585
-3.06758522987366 0.246062994003296 3.23162722587585
0 0 1
-3.06758522987366 0.246062994003296 3.23162722587585
-3.43667984008789 0.246062994003296 3.23162722587585
-3.43667984008789 0.114829398691654 3.23162722587585
0 0 1
-3.43667984008789 0.114829398691654 4.75721788406372
-3.43667984008789 0.114829398691654 3.23162722587585
-3.43667984008789 0.246062994003296 3.23162722587585
1 0 -1.81933321454703E-17
-3.43667984008789 0.246062994003296 3.23162722587585
-3.43667984008789 0.246062994003296 4.75721788406372
-3.43667984008789 0.114829398691654 4.75721788406372
1 0 -1.81933321454703E-17
-3.06758522987366 0.114829398691654 4.75721788406372
-3.43667984008789 0.114829398691654 4.75721788406372
-3.43667984008789 0.246062994003296 4.75721788406372
0 0 -1
-3.43667984008789 0.246062994003296 4.75721788406372
-3.06758522987366 0.246062994003296 4.75721788406372
-3.06758522987366 0.114829398691654 4.75721788406372
0 0 -1
-2.90354323387146 0.246062994003296 5.06889772415161
-2.90354323387146 0.246062994003296 7.39829397201538
-2.75590562820435 0.246062994003296 7.54593181610107
0 1 0
-4.44553804397583 0.246062994003296 7.39829397201538
-2.75590562820435 0.246062994003296 7.54593181610107
-2.90354323387146 0.246062994003296 7.39829397201538
0 1 0
-2.90354323387146 0.246062994003296 4.88845157623291
-3.5679132938385 0.246062994003296 4.88845157623291
-2.90354323387146 0.246062994003296 5.06889772415161
0 1 0
-2.75590562820435 0.246062994003296 2.95275592803955
-2.90354323387146 0.246062994003296 5.06889772415161
-2.75590562820435 0.246062994003296 7.54593181610107
0 1 0
-3.5679132938385 0.246062994003296 3.10039377212524
-2.90354323387146 0.246062994003296 3.10039377212524
-2.75590562820435 0.246062994003296 2.95275592803955
0 1 0
-2.90354323387146 0.246062994003296 4.88845157623291
-2.75590562820435 0.246062994003296 2.95275592803955
-2.90354323387146 0.246062994003296 3.10039377212524
0 1 0
-2.90354323387146 0.246062994003296 4.88845157623291
-2.90354323387146 0.246062994003296 5.06889772415161
-2.75590562820435 0.246062994003296 2.95275592803955
0 1 0
-3.78116798400879 0.246062994003296 3.10039377212524
-3.5679132938385 0.246062994003296 3.10039377212524
-2.75590562820435 0.246062994003296 2.95275592803955
0 1 0
-3.5679132938385 0.246062994003296 3.10039377212524
-3.78116798400879 0.246062994003296 4.88845157623291
-3.5679132938385 0.246062994003296 4.88845157623291
0 1 0
-4.44553804397583 0.246062994003296 4.88845157623291
-4.44553804397583 0.246062994003296 5.06889772415161
-3.78116798400879 0.246062994003296 4.88845157623291
0 1 0
-4.44553804397583 0.246062994003296 5.06889772415161
-3.5679132938385 0.246062994003296 4.88845157623291
-3.78116798400879 0.246062994003296 4.88845157623291
0 1 0
-4.44553804397583 0.246062994003296 5.06889772415161
-4.59317588806152 0.246062994003296 7.54593181610107
-4.44553804397583 0.246062994003296 7.39829397201538
0 1 0
-2.75590562820435 0.246062994003296 7.54593181610107
-4.44553804397583 0.246062994003296 7.39829397201538
-4.59317588806152 0.246062994003296 7.54593181610107
0 1 0
-2.90354323387146 0.246062994003296 5.06889772415161
-3.5679132938385 0.246062994003296 4.88845157623291
-4.44553804397583 0.246062994003296 5.06889772415161
0 1 0
-4.59317588806152 0.246062994003296 2.95275592803955
-4.59317588806152 0.246062994003296 7.54593181610107
-4.44553804397583 0.246062994003296 5.06889772415161
0 1 0
-3.78116798400879 0.246062994003296 3.10039377212524
-4.59317588806152 0.246062994003296 2.95275592803955
-4.44553804397583 0.246062994003296 3.10039377212524
0 1 0
-4.44553804397583 0.246062994003296 4.88845157623291
-4.44553804397583 0.246062994003296 3.10039377212524
-4.59317588806152 0.246062994003296 2.95275592803955
0 1 0
-4.59317588806152 0.246062994003296 2.95275592803955
-4.44553804397583 0.246062994003296 5.06889772415161
-4.44553804397583 0.246062994003296 4.88845157623291
0 1 0
-2.75590562820435 0.246062994003296 2.95275592803955
-4.59317588806152 0.246062994003296 2.95275592803955
-3.78116798400879 0.246062994003296 3.10039377212524
0 1 0
-3.5679132938385 0.246062994003296 3.10039377212524
-3.78116798400879 0.246062994003296 3.10039377212524
-3.78116798400879 0.246062994003296 4.88845157623291
0 1 0
-4.44553804397583 -0.246062994003296 5.06889772415161
-4.44553804397583 -0.246062994003296 7.39829397201538
-4.59317588806152 -0.246062994003296 7.54593181610107
0 -1 0
-2.90354323387146 -0.246062994003296 7.39829397201538
-4.59317588806152 -0.246062994003296 7.54593181610107
-4.44553804397583 -0.246062994003296 7.39829397201538
0 -1 0
-4.44553804397583 -0.246062994003296 4.88845157623291
-3.78116798400879 -0.246062994003296 4.88845157623291
-4.44553804397583 -0.246062994003296 5.06889772415161
0 -1 0
-4.59317588806152 -0.246062994003296 2.95275592803955
-4.44553804397583 -0.246062994003296 5.06889772415161
-4.59317588806152 -0.246062994003296 7.54593181610107
0 -1 0
-3.78116798400879 -0.246062994003296 3.10039377212524
-4.44553804397583 -0.246062994003296 3.10039377212524
-4.59317588806152 -0.246062994003296 2.95275592803955
0 -1 0
-4.44553804397583 -0.246062994003296 4.88845157623291
-4.59317588806152 -0.246062994003296 2.95275592803955
-4.44553804397583 -0.246062994003296 3.10039377212524
0 -1 0
-4.44553804397583 -0.246062994003296 4.88845157623291
-4.44553804397583 -0.246062994003296 5.06889772415161
-4.59317588806152 -0.246062994003296 2.95275592803955
0 -1 0
-3.5679132938385 -0.246062994003296 3.10039377212524
-3.78116798400879 -0.246062994003296 3.10039377212524
-4.59317588806152 -0.246062994003296 2.95275592803955
0 -1 0
-3.78116798400879 -0.246062994003296 3.10039377212524
-3.5679132938385 -0.246062994003296 4.88845157623291
-3.78116798400879 -0.246062994003296 4.88845157623291
0 -1 0
-2.90354323387146 -0.246062994003296 4.88845157623291
-2.90354323387146 -0.246062994003296 5.06889772415161
-3.5679132938385 -0.246062994003296 4.88845157623291
0 -1 0
-2.90354323387146 -0.246062994003296 5.06889772415161
-3.78116798400879 -0.246062994003296 4.88845157623291
-3.5679132938385 -0.246062994003296 4.88845157623291
0 -1 0
-2.90354323387146 -0.246062994003296 5.06889772415161
-2.75590562820435 -0.246062994003296 7.54593181610107
-2.90354323387146 -0.246062994003296 7.39829397201538
0 -1 0
-4.59317588806152 -0.246062994003296 7.54593181610107
-2.90354323387146 -0.246062994003296 7.39829397201538
-2.75590562820435 -0.246062994003296 7.54593181610107
0 -1 0
-4.44553804397583 -0.246062994003296 5.06889772415161
-3.78116798400879 -0.246062994003296 4.88845157623291
-2.90354323387146 -0.246062994003296 5.06889772415161
0 -1 0
-2.75590562820435 -0.246062994003296 2.95275592803955
-2.75590562820435 -0.246062994003296 7.54593181610107
-2.90354323387146 -0.246062994003296 5.06889772415161
0 -1 0
-3.5679132938385 -0.246062994003296 3.10039377212524
-2.75590562820435 -0.246062994003296 2.95275592803955
-2.90354323387146 -0.246062994003296 3.10039377212524
0 -1 0
-2.90354323387146 -0.246062994003296 4.88845157623291
-2.90354323387146 -0.246062994003296 3.10039377212524
-2.75590562820435 -0.246062994003296 2.95275592803955
0 -1 0
-2.75590562820435 -0.246062994003296 2.95275592803955
-2.90354323387146 -0.246062994003296 5.06889772415161
-2.90354323387146 -0.246062994003296 4.88845157623291
0 -1 0
-4.59317588806152 -0.246062994003296 2.95275592803955
-2.75590562820435 -0.246062994003296 2.95275592803955
-3.5679132938385 -0.246062994003296 3.10039377212524
0 -1 0
-3.78116798400879 -0.246062994003296 3.10039377212524
-3.5679132938385 -0.246062994003296 3.10039377212524
-3.5679132938385 -0.246062994003296 4.88845157623291
0 -1 0
-4.59317588806152 -0.246062994003296 7.54593181610107
-2.75590562820435 -0.246062994003296 7.54593181610107
-2.75590562820435 0.246062994003296 7.54593181610107
0 0 1
-2.75590562820435 0.246062994003296 7.54593181610107
-4.59317588806152 0.246062994003296 7.54593181610107
-4.59317588806152 -0.246062994003296 7.54593181610107
0 0 1
-4.59317588806152 -0.246062994003296 2.95275592803955
-4.59317588806152 -0.246062994003296 7.54593181610107
-4.59317588806152 0.246062994003296 7.54593181610107
-1 0 0
-4.59317588806152 0.246062994003296 7.54593181610107
-4.59317588806152 0.246062994003296 2.95275592803955
-4.59317588806152 -0.246062994003296 2.95275592803955
-1 0 0
-2.75590562820435 -0.246062994003296 2.95275592803955
-4.59317588806152 -0.246062994003296 2.95275592803955
-4.59317588806152 0.246062994003296 2.95275592803955
0 0 -1
-4.59317588806152 0.246062994003296 2.95275592803955
-2.75590562820435 0.246062994003296 2.95275592803955
-2.75590562820435 -0.246062994003296 2.95275592803955
0 0 -1
-2.75590562820435 -0.246062994003296 7.54593181610107
-2.75590562820435 -0.246062994003296 2.95275592803955
-2.75590562820435 0.246062994003296 2.95275592803955
1 0 0
-2.75590562820435 0.246062994003296 2.95275592803955
-2.75590562820435 0.246062994003296 7.54593181610107
-2.75590562820435 -0.246062994003296 7.54593181610107
1 0 0
-2.90354323387146 -0.246062994003296 5.06889772415161
-2.90354323387146 -0.246062994003296 7.39829397201538
-2.90354323387146 0.246062994003296 7.39829397201538
-1 0 0
-2.90354323387146 0.246062994003296 7.39829397201538
-2.90354323387146 0.246062994003296 5.06889772415161
-2.90354323387146 -0.246062994003296 5.06889772415161
-1 0 0
-4.44553804397583 -0.246062994003296 5.06889772415161
-2.90354323387146 -0.246062994003296 5.06889772415161
-2.90354323387146 0.246062994003296 5.06889772415161
0 0 1
-2.90354323387146 0.246062994003296 5.06889772415161
-4.44553804397583 0.246062994003296 5.06889772415161
-4.44553804397583 -0.246062994003296 5.06889772415161
0 0 1
-4.44553804397583 -0.246062994003296 7.39829397201538
-4.44553804397583 -0.246062994003296 5.06889772415161
-4.44553804397583 0.246062994003296 5.06889772415161
1 0 0
-4.44553804397583 0.246062994003296 5.06889772415161
-4.44553804397583 0.246062994003296 7.39829397201538
-4.44553804397583 -0.246062994003296 7.39829397201538
1 0 0
-2.90354323387146 -0.246062994003296 7.39829397201538
-4.44553804397583 -0.246062994003296 7.39829397201538
-4.44553804397583 0.246062994003296 7.39829397201538
0 0 -1
-4.44553804397583 0.246062994003296 7.39829397201538
-2.90354323387146 0.246062994003296 7.39829397201538
-2.90354323387146 -0.246062994003296 7.39829397201538
0 0 -1
-3.78116798400879 -0.246062994003296 4.88845157623291
-4.44553804397583 -0.246062994003296 4.88845157623291
-4.44553804397583 0.246062994003296 4.88845157623291
0 0 -1
-4.44553804397583 0.246062994003296 4.88845157623291
-3.78116798400879 0.246062994003296 4.88845157623291
-3.78116798400879 -0.246062994003296 4.88845157623291
0 0 -1
-3.78116798400879 -0.246062994003296 3.10039377212524
-3.78116798400879 -0.246062994003296 4.88845157623291
-3.78116798400879 0.246062994003296 4.88845157623291
-1 0 -2.32841269201204E-17
-3.78116798400879 0.246062994003296 4.88845157623291
-3.78116798400879 0.246062994003296 3.10039377212524
-3.78116798400879 -0.246062994003296 3.10039377212524
-1 0 -2.32841269201204E-17
-4.44553804397583 -0.246062994003296 3.10039377212524
-3.78116798400879 -0.246062994003296 3.10039377212524
-3.78116798400879 0.246062994003296 3.10039377212524
-6.01592849610223E-15 0 1
-3.78116798400879 0.246062994003296 3.10039377212524
-4.44553804397583 0.246062994003296 3.10039377212524
-4.44553804397583 -0.246062994003296 3.10039377212524
-6.01592849610223E-15 0 1
-4.44553804397583 -0.246062994003296 4.88845157623291
-4.44553804397583 -0.246062994003296 3.10039377212524
-4.44553804397583 0.246062994003296 3.10039377212524
1 0 0
-4.44553804397583 0.246062994003296 3.10039377212524
-4.44553804397583 0.246062994003296 4.88845157623291
-4.44553804397583 -0.246062994003296 4.88845157623291
1 0 0
-3.5679132938385 -0.246062994003296 4.88845157623291
-3.5679132938385 -0.246062994003296 3.10039377212524
-3.5679132938385 0.246062994003296 3.10039377212524
1 0 -7.7613756400401E-18
-3.5679132938385 0.246062994003296 3.10039377212524
-3.5679132938385 0.246062994003296 4.88845157623291
-3.5679132938385 -0.246062994003296 4.88845157623291
1 0 -7.7613756400401E-18
-2.90354323387146 -0.246062994003296 4.88845157623291
-3.5679132938385 -0.246062994003296 4.88845157623291
-3.5679132938385 0.246062994003296 4.88845157623291
6.68436499566909E-16 0 -1
-3.5679132938385 0.246062994003296 4.88845157623291
-2.90354323387146 0.246062994003296 4.88845157623291
-2.90354323387146 -0.246062994003296 4.88845157623291
6.68436499566909E-16 0 -1
-2.90354323387146 -0.246062994003296 3.10039377212524
-2.90354323387146 -0.246062994003296 4.88845157623291
-2.90354323387146 0.246062994003296 4.88845157623291
-1 0 0
-2.90354323387146 0.246062994003296 4.88845157623291
-2.90354323387146 0.246062994003296 3.10039377212524
-2.90354323387146 -0.246062994003296 3.10039377212524
-1 0 0
-3.5679132938385 -0.246062994003296 3.10039377212524
-2.90354323387146 -0.246062994003296 3.10039377212524
-2.90354323387146 0.246062994003296 3.10039377212524
0 0 1
-2.90354323387146 0.246062994003296 3.10039377212524
-3.5679132938385 0.246062994003296 3.10039377212524
-3.5679132938385 -0.246062994003296 3.10039377212524
0 0 1
2.90354323387146 0.216535434126854 7.39829397201538
4.44553804397583 0.216535434126854 7.39829397201538
4.44553804397583 0.216535434126854 5.06889772415161
0 1 0
4.44553804397583 0.216535434126854 5.06889772415161
2.90354323387146 0.216535434126854 5.06889772415161
2.90354323387146 0.216535434126854 7.39829397201538
0 1 0
3.06758522987366 0.216535434126854 4.75721788406372
3.43667984008789 0.216535434126854 4.75721788406372
3.43667984008789 0.216535434126854 3.23162722587585
0 1 0
3.43667984008789 0.216535434126854 3.23162722587585
3.06758522987366 0.216535434126854 3.23162722587585
3.06758522987366 0.216535434126854 4.75721788406372
0 1 0
3.91240167617798 0.216535434126854 4.75721788406372
4.28149604797363 0.216535434126854 4.75721788406372
4.28149604797363 0.216535434126854 3.23162722587585
0 1 0
4.28149604797363 0.216535434126854 3.23162722587585
3.91240167617798 0.216535434126854 3.23162722587585
3.91240167617798 0.216535434126854 4.75721788406372
0 1 0
4.44553804397583 0.144356951117516 7.39829397201538
2.90354323387146 0.144356951117516 7.39829397201538
2.90354323387146 0.144356951117516 5.06889772415161
0 -1 0
2.90354323387146 0.144356951117516 5.06889772415161
4.44553804397583 0.144356951117516 5.06889772415161
4.44553804397583 0.144356951117516 7.39829397201538
0 -1 0
3.43667984008789 0.144356951117516 4.75721788406372
3.06758522987366 0.144356951117516 4.75721788406372
3.06758522987366 0.144356951117516 3.23162722587585
0 -1 0
3.06758522987366 0.144356951117516 3.23162722587585
3.43667984008789 0.144356951117516 3.23162722587585
3.43667984008789 0.144356951117516 4.75721788406372
0 -1 0
4.28149604797363 0.144356951117516 4.75721788406372
3.91240167617798 0.144356951117516 4.75721788406372
3.91240167617798 0.144356951117516 3.23162722587585
0 -1 0
3.91240167617798 0.144356951117516 3.23162722587585
4.28149604797363 0.144356951117516 3.23162722587585
4.28149604797363 0.144356951117516 4.75721788406372
0 -1 0
2.90354323387146 0.144356951117516 7.39829397201538
4.44553804397583 0.144356951117516 7.39829397201538
4.44553804397583 0.216535434126854 7.39829397201538
0 0 1
4.44553804397583 0.216535434126854 7.39829397201538
2.90354323387146 0.216535434126854 7.39829397201538
2.90354323387146 0.144356951117516 7.39829397201538
0 0 1
2.90354323387146 0.144356951117516 5.06889772415161
2.90354323387146 0.144356951117516 7.39829397201538
2.90354323387146 0.216535434126854 7.39829397201538
-1 0 0
2.90354323387146 0.216535434126854 7.39829397201538
2.90354323387146 0.216535434126854 5.06889772415161
2.90354323387146 0.144356951117516 5.06889772415161
-1 0 0
4.44553804397583 0.144356951117516 5.06889772415161
2.90354323387146 0.144356951117516 5.06889772415161
2.90354323387146 0.216535434126854 5.06889772415161
0 0 -1
2.90354323387146 0.216535434126854 5.06889772415161
4.44553804397583 0.216535434126854 5.06889772415161
4.44553804397583 0.144356951117516 5.06889772415161
0 0 -1
4.44553804397583 0.144356951117516 7.39829397201538
4.44553804397583 0.144356951117516 5.06889772415161
4.44553804397583 0.216535434126854 5.06889772415161
1 0 0
4.44553804397583 0.216535434126854 5.06889772415161
4.44553804397583 0.216535434126854 7.39829397201538
4.44553804397583 0.144356951117516 7.39829397201538
1 0 0
3.06758522987366 0.144356951117516 4.75721788406372
3.43667984008789 0.144356951117516 4.75721788406372
3.43667984008789 0.216535434126854 4.75721788406372
0 0 1
3.43667984008789 0.216535434126854 4.75721788406372
3.06758522987366 0.216535434126854 4.75721788406372
3.06758522987366 0.144356951117516 4.75721788406372
0 0 1
3.06758522987366 0.144356951117516 3.23162722587585
3.06758522987366 0.144356951117516 4.75721788406372
3.06758522987366 0.216535434126854 4.75721788406372
-1 0 0
3.06758522987366 0.216535434126854 4.75721788406372
3.06758522987366 0.216535434126854 3.23162722587585
3.06758522987366 0.144356951117516 3.23162722587585
-1 0 0
3.43667984008789 0.144356951117516 3.23162722587585
3.06758522987366 0.144356951117516 3.23162722587585
3.06758522987366 0.216535434126854 3.23162722587585
0 0 -1
3.06758522987366 0.216535434126854 3.23162722587585
3.43667984008789 0.216535434126854 3.23162722587585
3.43667984008789 0.144356951117516 3.23162722587585
0 0 -1
3.43667984008789 0.144356951117516 4.75721788406372
3.43667984008789 0.144356951117516 3.23162722587585
3.43667984008789 0.216535434126854 3.23162722587585
1 0 -1.81933321454703E-17
3.43667984008789 0.216535434126854 3.23162722587585
3.43667984008789 0.216535434126854 4.75721788406372
3.43667984008789 0.144356951117516 4.75721788406372
1 0 -1.81933321454703E-17
3.91240167617798 0.144356951117516 4.75721788406372
4.28149604797363 0.144356951117516 4.75721788406372
4.28149604797363 0.216535434126854 4.75721788406372
0 0 1
4.28149604797363 0.216535434126854 4.75721788406372
3.91240167617798 0.216535434126854 4.75721788406372
3.91240167617798 0.144356951117516 4.75721788406372
0 0 1
3.91240167617798 0.144356951117516 3.23162722587585
3.91240167617798 0.144356951117516 4.75721788406372
3.91240167617798 0.216535434126854 4.75721788406372
-1 0 1.81933321454703E-17
3.91240167617798 0.216535434126854 4.75721788406372
3.91240167617798 0.216535434126854 3.23162722587585
3.91240167617798 0.144356951117516 3.23162722587585
-1 0 1.81933321454703E-17
4.28149604797363 0.144356951117516 3.23162722587585
3.91240167617798 0.144356951117516 3.23162722587585
3.91240167617798 0.216535434126854 3.23162722587585
0 0 -1
3.91240167617798 0.216535434126854 3.23162722587585
4.28149604797363 0.216535434126854 3.23162722587585
4.28149604797363 0.144356951117516 3.23162722587585
0 0 -1
4.28149604797363 0.144356951117516 4.75721788406372
4.28149604797363 0.144356951117516 3.23162722587585
4.28149604797363 0.216535434126854 3.23162722587585
1 0 0
4.28149604797363 0.216535434126854 3.23162722587585
4.28149604797363 0.216535434126854 4.75721788406372
4.28149604797363 0.144356951117516 4.75721788406372
1 0 0
3.5679132938385 0.246062994003296 3.10039377212524
3.43667984008789 0.246062994003296 4.75721788406372
3.5679132938385 0.246062994003296 4.88845157623291
0 1 0
3.06758522987366 0.246062994003296 4.75721788406372
3.5679132938385 0.246062994003296 4.88845157623291
3.43667984008789 0.246062994003296 4.75721788406372
0 1 0
3.06758522987366 0.246062994003296 3.23162722587585
3.43667984008789 0.246062994003296 3.23162722587585
3.5679132938385 0.246062994003296 3.10039377212524
0 1 0
3.43667984008789 0.246062994003296 4.75721788406372
3.5679132938385 0.246062994003296 3.10039377212524
3.43667984008789 0.246062994003296 3.23162722587585
0 1 0
3.06758522987366 0.246062994003296 3.23162722587585
2.90354323387146 0.246062994003296 4.88845157623291
3.06758522987366 0.246062994003296 4.75721788406372
0 1 0
3.5679132938385 0.246062994003296 4.88845157623291
3.06758522987366 0.246062994003296 4.75721788406372
2.90354323387146 0.246062994003296 4.88845157623291
0 1 0
3.5679132938385 0.246062994003296 3.10039377212524
2.90354323387146 0.246062994003296 3.10039377212524
3.06758522987366 0.246062994003296 3.23162722587585
0 1 0
2.90354323387146 0.246062994003296 4.88845157623291
3.06758522987366 0.246062994003296 3.23162722587585
2.90354323387146 0.246062994003296 3.10039377212524
0 1 0
4.28149604797363 0.246062994003296 3.23162722587585
4.28149604797363 0.246062994003296 4.75721788406372
4.44553804397583 0.246062994003296 4.88845157623291
0 1 0
3.78116798400879 0.246062994003296 4.88845157623291
4.44553804397583 0.246062994003296 4.88845157623291
4.28149604797363 0.246062994003296 4.75721788406372
0 1 0
3.78116798400879 0.246062994003296 3.10039377212524
4.28149604797363 0.246062994003296 3.23162722587585
4.44553804397583 0.246062994003296 3.10039377212524
0 1 0
4.44553804397583 0.246062994003296 4.88845157623291
4.44553804397583 0.246062994003296 3.10039377212524
4.28149604797363 0.246062994003296 3.23162722587585
0 1 0
3.78116798400879 0.246062994003296 3.10039377212524
3.78116798400879 0.246062994003296 4.88845157623291
3.91240167617798 0.246062994003296 4.75721788406372
0 1 0
4.28149604797363 0.246062994003296 4.75721788406372
3.91240167617798 0.246062994003296 4.75721788406372
3.78116798400879 0.246062994003296 4.88845157623291
0 1 0
4.28149604797363 0.246062994003296 3.23162722587585
3.78116798400879 0.246062994003296 3.10039377212524
3.91240167617798 0.246062994003296 3.23162722587585
0 1 0
3.91240167617798 0.246062994003296 4.75721788406372
3.91240167617798 0.246062994003296 3.23162722587585
3.78116798400879 0.246062994003296 3.10039377212524
0 1 0
3.06758522987366 0.114829398691654 3.23162722587585
3.06758522987366 0.114829398691654 4.75721788406372
2.90354323387146 0.114829398691654 4.88845157623291
0 -1 0
3.5679132938385 0.114829398691654 4.88845157623291
2.90354323387146 0.114829398691654 4.88845157623291
3.06758522987366 0.114829398691654 4.75721788406372
0 -1 0
3.5679132938385 0.114829398691654 3.10039377212524
3.06758522987366 0.114829398691654 3.23162722587585
2.90354323387146 0.114829398691654 3.10039377212524
0 -1 0
2.90354323387146 0.114829398691654 4.88845157623291
2.90354323387146 0.114829398691654 3.10039377212524
3.06758522987366 0.114829398691654 3.23162722587585
0 -1 0
3.5679132938385 0.114829398691654 3.10039377212524
3.5679132938385 0.114829398691654 4.88845157623291
3.43667984008789 0.114829398691654 4.75721788406372
0 -1 0
3.06758522987366 0.114829398691654 4.75721788406372
3.43667984008789 0.114829398691654 4.75721788406372
3.5679132938385 0.114829398691654 4.88845157623291
0 -1 0
3.06758522987366 0.114829398691654 3.23162722587585
3.5679132938385 0.114829398691654 3.10039377212524
3.43667984008789 0.114829398691654 3.23162722587585
0 -1 0
3.43667984008789 0.114829398691654 4.75721788406372
3.43667984008789 0.114829398691654 3.23162722587585
3.5679132938385 0.114829398691654 3.10039377212524
0 -1 0
3.78116798400879 0.114829398691654 3.10039377212524
3.91240167617798 0.114829398691654 4.75721788406372
3.78116798400879 0.114829398691654 4.88845157623291
0 -1 0
4.28149604797363 0.114829398691654 4.75721788406372
3.78116798400879 0.114829398691654 4.88845157623291
3.91240167617798 0.114829398691654 4.75721788406372
0 -1 0
4.28149604797363 0.114829398691654 3.23162722587585
3.91240167617798 0.114829398691654 3.23162722587585
3.78116798400879 0.114829398691654 3.10039377212524
0 -1 0
3.91240167617798 0.114829398691654 4.75721788406372
3.78116798400879 0.114829398691654 3.10039377212524
3.91240167617798 0.114829398691654 3.23162722587585
0 -1 0
4.28149604797363 0.114829398691654 3.23162722587585
4.44553804397583 0.114829398691654 4.88845157623291
4.28149604797363 0.114829398691654 4.75721788406372
0 -1 0
3.78116798400879 0.114829398691654 4.88845157623291
4.28149604797363 0.114829398691654 4.75721788406372
4.44553804397583 0.114829398691654 4.88845157623291
0 -1 0
3.78116798400879 0.114829398691654 3.10039377212524
4.44553804397583 0.114829398691654 3.10039377212524
4.28149604797363 0.114829398691654 3.23162722587585
0 -1 0
4.44553804397583 0.114829398691654 4.88845157623291
4.28149604797363 0.114829398691654 3.23162722587585
4.44553804397583 0.114829398691654 3.10039377212524
0 -1 0
2.90354323387146 0.114829398691654 4.88845157623291
3.5679132938385 0.114829398691654 4.88845157623291
3.5679132938385 0.246062994003296 4.88845157623291
0 0 1
3.5679132938385 0.246062994003296 4.88845157623291
2.90354323387146 0.246062994003296 4.88845157623291
2.90354323387146 0.114829398691654 4.88845157623291
0 0 1
2.90354323387146 0.114829398691654 3.10039377212524
2.90354323387146 0.114829398691654 4.88845157623291
2.90354323387146 0.246062994003296 4.88845157623291
-1 0 0
2.90354323387146 0.246062994003296 4.88845157623291
2.90354323387146 0.246062994003296 3.10039377212524
2.90354323387146 0.114829398691654 3.10039377212524
-1 0 0
3.5679132938385 0.114829398691654 3.10039377212524
2.90354323387146 0.114829398691654 3.10039377212524
2.90354323387146 0.246062994003296 3.10039377212524
0 0 -1
2.90354323387146 0.246062994003296 3.10039377212524
3.5679132938385 0.246062994003296 3.10039377212524
3.5679132938385 0.114829398691654 3.10039377212524
0 0 -1
3.5679132938385 0.114829398691654 4.88845157623291
3.5679132938385 0.114829398691654 3.10039377212524
3.5679132938385 0.246062994003296 3.10039377212524
1 0 2.32841269201204E-17
3.5679132938385 0.246062994003296 3.10039377212524
3.5679132938385 0.246062994003296 4.88845157623291
3.5679132938385 0.114829398691654 4.88845157623291
1 0 2.32841269201204E-17
3.78116798400879 0.114829398691654 4.88845157623291
4.44553804397583 0.114829398691654 4.88845157623291
4.44553804397583 0.246062994003296 4.88845157623291
0 0 1
4.44553804397583 0.246062994003296 4.88845157623291
3.78116798400879 0.246062994003296 4.88845157623291
3.78116798400879 0.114829398691654 4.88845157623291
0 0 1
3.78116798400879 0.114829398691654 3.10039377212524
3.78116798400879 0.114829398691654 4.88845157623291
3.78116798400879 0.246062994003296 4.88845157623291
-1 0 7.76137564004014E-18
3.78116798400879 0.246062994003296 4.88845157623291
3.78116798400879 0.246062994003296 3.10039377212524
3.78116798400879 0.114829398691654 3.10039377212524
-1 0 7.76137564004014E-18
4.44553804397583 0.114829398691654 3.10039377212524
3.78116798400879 0.114829398691654 3.10039377212524
3.78116798400879 0.246062994003296 3.10039377212524
0 0 -1
3.78116798400879 0.246062994003296 3.10039377212524
4.44553804397583 0.246062994003296 3.10039377212524
4.44553804397583 0.114829398691654 3.10039377212524
0 0 -1
4.44553804397583 0.114829398691654 4.88845157623291
4.44553804397583 0.114829398691654 3.10039377212524
4.44553804397583 0.246062994003296 3.10039377212524
1 0 0
4.44553804397583 0.246062994003296 3.10039377212524
4.44553804397583 0.246062994003296 4.88845157623291
4.44553804397583 0.114829398691654 4.88845157623291
1 0 0
3.43667984008789 0.114829398691654 3.23162722587585
3.43667984008789 0.114829398691654 4.75721788406372
3.43667984008789 0.246062994003296 4.75721788406372
-1 0 1.81933321454703E-17
3.43667984008789 0.246062994003296 4.75721788406372
3.43667984008789 0.246062994003296 3.23162722587585
3.43667984008789 0.114829398691654 3.23162722587585
-1 0 1.81933321454703E-17
3.06758522987366 0.114829398691654 3.23162722587585
3.43667984008789 0.114829398691654 3.23162722587585
3.43667984008789 0.246062994003296 3.23162722587585
0 0 1
3.43667984008789 0.246062994003296 3.23162722587585
3.06758522987366 0.246062994003296 3.23162722587585
3.06758522987366 0.114829398691654 3.23162722587585
0 0 1
3.06758522987366 0.114829398691654 4.75721788406372
3.06758522987366 0.114829398691654 3.23162722587585
3.06758522987366 0.246062994003296 3.23162722587585
1 0 0
3.06758522987366 0.246062994003296 3.23162722587585
3.06758522987366 0.246062994003296 4.75721788406372
3.06758522987366 0.114829398691654 4.75721788406372
1 0 0
3.43667984008789 0.114829398691654 4.75721788406372
3.06758522987366 0.114829398691654 4.75721788406372
3.06758522987366 0.246062994003296 4.75721788406372
0 0 -1
3.06758522987366 0.246062994003296 4.75721788406372
3.43667984008789 0.246062994003296 4.75721788406372
3.43667984008789 0.114829398691654 4.75721788406372
0 0 -1
4.28149604797363 0.114829398691654 3.23162722587585
4.28149604797363 0.114829398691654 4.75721788406372
4.28149604797363 0.246062994003296 4.75721788406372
-1 0 0
4.28149604797363 0.246062994003296 4.75721788406372
4.28149604797363 0.246062994003296 3.23162722587585
4.28149604797363 0.114829398691654 3.23162722587585
-1 0 0
3.91240167617798 0.114829398691654 3.23162722587585
4.28149604797363 0.114829398691654 3.23162722587585
4.28149604797363 0.246062994003296 3.23162722587585
0 0 1
4.28149604797363 0.246062994003296 3.23162722587585
3.91240167617798 0.246062994003296 3.23162722587585
3.91240167617798 0.114829398691654 3.23162722587585
0 0 1
3.91240167617798 0.114829398691654 4.75721788406372
3.91240167617798 0.114829398691654 3.23162722587585
3.91240167617798 0.246062994003296 3.23162722587585
1 0 -1.81933321454703E-17
3.91240167617798 0.246062994003296 3.23162722587585
3.91240167617798 0.246062994003296 4.75721788406372
3.91240167617798 0.114829398691654 4.75721788406372
1 0 -1.81933321454703E-17
4.28149604797363 0.114829398691654 4.75721788406372
3.91240167617798 0.114829398691654 4.75721788406372
3.91240167617798 0.246062994003296 4.75721788406372
0 0 -1
3.91240167617798 0.246062994003296 4.75721788406372
4.28149604797363 0.246062994003296 4.75721788406372
4.28149604797363 0.114829398691654 4.75721788406372
0 0 -1
4.44553804397583 0.246062994003296 5.06889772415161
4.44553804397583 0.246062994003296 7.39829397201538
4.59317588806152 0.246062994003296 7.54593181610107
0 1 0
2.90354323387146 0.246062994003296 7.39829397201538
4.59317588806152 0.246062994003296 7.54593181610107
4.44553804397583 0.246062994003296 7.39829397201538
0 1 0
4.44553804397583 0.246062994003296 4.88845157623291
3.78116798400879 0.246062994003296 4.88845157623291
4.44553804397583 0.246062994003296 5.06889772415161
0 1 0
4.59317588806152 0.246062994003296 2.95275592803955
4.44553804397583 0.246062994003296 5.06889772415161
4.59317588806152 0.246062994003296 7.54593181610107
0 1 0
3.78116798400879 0.246062994003296 3.10039377212524
4.44553804397583 0.246062994003296 3.10039377212524
4.59317588806152 0.246062994003296 2.95275592803955
0 1 0
4.44553804397583 0.246062994003296 4.88845157623291
4.59317588806152 0.246062994003296 2.95275592803955
4.44553804397583 0.246062994003296 3.10039377212524
0 1 0
4.44553804397583 0.246062994003296 4.88845157623291
4.44553804397583 0.246062994003296 5.06889772415161
4.59317588806152 0.246062994003296 2.95275592803955
0 1 0
3.5679132938385 0.246062994003296 3.10039377212524
3.78116798400879 0.246062994003296 3.10039377212524
4.59317588806152 0.246062994003296 2.95275592803955
0 1 0
3.78116798400879 0.246062994003296 3.10039377212524
3.5679132938385 0.246062994003296 4.88845157623291
3.78116798400879 0.246062994003296 4.88845157623291
0 1 0
2.90354323387146 0.246062994003296 4.88845157623291
2.90354323387146 0.246062994003296 5.06889772415161
3.5679132938385 0.246062994003296 4.88845157623291
0 1 0
2.90354323387146 0.246062994003296 5.06889772415161
3.78116798400879 0.246062994003296 4.88845157623291
3.5679132938385 0.246062994003296 4.88845157623291
0 1 0
2.90354323387146 0.246062994003296 5.06889772415161
2.75590562820435 0.246062994003296 7.54593181610107
2.90354323387146 0.246062994003296 7.39829397201538
0 1 0
4.59317588806152 0.246062994003296 7.54593181610107
2.90354323387146 0.246062994003296 7.39829397201538
2.75590562820435 0.246062994003296 7.54593181610107
0 1 0
4.44553804397583 0.246062994003296 5.06889772415161
3.78116798400879 0.246062994003296 4.88845157623291
2.90354323387146 0.246062994003296 5.06889772415161
0 1 0
2.75590562820435 0.246062994003296 2.95275592803955
2.75590562820435 0.246062994003296 7.54593181610107
2.90354323387146 0.246062994003296 5.06889772415161
0 1 0
3.5679132938385 0.246062994003296 3.10039377212524
2.75590562820435 0.246062994003296 2.95275592803955
2.90354323387146 0.246062994003296 3.10039377212524
0 1 0
2.90354323387146 0.246062994003296 4.88845157623291
2.90354323387146 0.246062994003296 3.10039377212524
2.75590562820435 0.246062994003296 2.95275592803955
0 1 0
2.75590562820435 0.246062994003296 2.95275592803955
2.90354323387146 0.246062994003296 5.06889772415161
2.90354323387146 0.246062994003296 4.88845157623291
0 1 0
4.59317588806152 0.246062994003296 2.95275592803955
2.75590562820435 0.246062994003296 2.95275592803955
3.5679132938385 0.246062994003296 3.10039377212524
0 1 0
3.78116798400879 0.246062994003296 3.10039377212524
3.5679132938385 0.246062994003296 3.10039377212524
3.5679132938385 0.246062994003296 4.88845157623291
0 1 0
2.90354323387146 -0.246062994003296 5.06889772415161
2.90354323387146 -0.246062994003296 7.39829397201538
2.75590562820435 -0.246062994003296 7.54593181610107
0 -1 0
4.44553804397583 -0.246062994003296 7.39829397201538
2.75590562820435 -0.246062994003296 7.54593181610107
2.90354323387146 -0.246062994003296 7.39829397201538
0 -1 0
2.90354323387146 -0.246062994003296 4.88845157623291
3.5679132938385 -0.246062994003296 4.88845157623291
2.90354323387146 -0.246062994003296 5.06889772415161
0 -1 0
2.75590562820435 -0.246062994003296 2.95275592803955
2.90354323387146 -0.246062994003296 5.06889772415161
2.75590562820435 -0.246062994003296 7.54593181610107
0 -1 0
3.5679132938385 -0.246062994003296 3.10039377212524
2.90354323387146 -0.246062994003296 3.10039377212524
2.75590562820435 -0.246062994003296 2.95275592803955
0 -1 0
2.90354323387146 -0.246062994003296 4.88845157623291
2.75590562820435 -0.246062994003296 2.95275592803955
2.90354323387146 -0.246062994003296 3.10039377212524
0 -1 0
2.90354323387146 -0.246062994003296 4.88845157623291
2.90354323387146 -0.246062994003296 5.06889772415161
2.75590562820435 -0.246062994003296 2.95275592803955
0 -1 0
3.78116798400879 -0.246062994003296 3.10039377212524
3.5679132938385 -0.246062994003296 3.10039377212524
2.75590562820435 -0.246062994003296 2.95275592803955
0 -1 0
3.5679132938385 -0.246062994003296 3.10039377212524
3.78116798400879 -0.246062994003296 4.88845157623291
3.5679132938385 -0.246062994003296 4.88845157623291
0 -1 0
4.44553804397583 -0.246062994003296 4.88845157623291
4.44553804397583 -0.246062994003296 5.06889772415161
3.78116798400879 -0.246062994003296 4.88845157623291
0 -1 0
4.44553804397583 -0.246062994003296 5.06889772415161
3.5679132938385 -0.246062994003296 4.88845157623291
3.78116798400879 -0.246062994003296 4.88845157623291
0 -1 0
4.44553804397583 -0.246062994003296 5.06889772415161
4.59317588806152 -0.246062994003296 7.54593181610107
4.44553804397583 -0.246062994003296 7.39829397201538
0 -1 0
2.75590562820435 -0.246062994003296 7.54593181610107
4.44553804397583 -0.246062994003296 7.39829397201538
4.59317588806152 -0.246062994003296 7.54593181610107
0 -1 0
2.90354323387146 -0.246062994003296 5.06889772415161
3.5679132938385 -0.246062994003296 4.88845157623291
4.44553804397583 -0.246062994003296 5.06889772415161
0 -1 0
4.59317588806152 -0.246062994003296 2.95275592803955
4.59317588806152 -0.246062994003296 7.54593181610107
4.44553804397583 -0.246062994003296 5.06889772415161
0 -1 0
3.78116798400879 -0.246062994003296 3.10039377212524
4.59317588806152 -0.246062994003296 2.95275592803955
4.44553804397583 -0.246062994003296 3.10039377212524
0 -1 0
4.44553804397583 -0.246062994003296 4.88845157623291
4.44553804397583 -0.246062994003296 3.10039377212524
4.59317588806152 -0.246062994003296 2.95275592803955
0 -1 0
4.59317588806152 -0.246062994003296 2.95275592803955
4.44553804397583 -0.246062994003296 5.06889772415161
4.44553804397583 -0.246062994003296 4.88845157623291
0 -1 0
2.75590562820435 -0.246062994003296 2.95275592803955
4.59317588806152 -0.246062994003296 2.95275592803955
3.78116798400879 -0.246062994003296 3.10039377212524
0 -1 0
3.5679132938385 -0.246062994003296 3.10039377212524
3.78116798400879 -0.246062994003296 3.10039377212524
3.78116798400879 -0.246062994003296 4.88845157623291
0 -1 0
2.75590562820435 -0.246062994003296 7.54593181610107
4.59317588806152 -0.246062994003296 7.54593181610107
4.59317588806152 0.246062994003296 7.54593181610107
0 0 1
4.59317588806152 0.246062994003296 7.54593181610107
2.75590562820435 0.246062994003296 7.54593181610107
2.75590562820435 -0.246062994003296 7.54593181610107
0 0 1
2.75590562820435 -0.246062994003296 2.95275592803955
2.75590562820435 -0.246062994003296 7.54593181610107
2.75590562820435 0.246062994003296 7.54593181610107
-1 0 0
2.75590562820435 0.246062994003296 7.54593181610107
2.75590562820435 0.246062994003296 2.95275592803955
2.75590562820435 -0.246062994003296 2.95275592803955
-1 0 0
4.59317588806152 -0.246062994003296 2.95275592803955
2.75590562820435 -0.246062994003296 2.95275592803955
2.75590562820435 0.246062994003296 2.95275592803955
0 0 -1
2.75590562820435 0.246062994003296 2.95275592803955
4.59317588806152 0.246062994003296 2.95275592803955
4.59317588806152 -0.246062994003296 2.95275592803955
0 0 -1
4.59317588806152 -0.246062994003296 7.54593181610107
4.59317588806152 -0.246062994003296 2.95275592803955
4.59317588806152 0.246062994003296 2.95275592803955
1 0 0
4.59317588806152 0.246062994003296 2.95275592803955
4.59317588806152 0.246062994003296 7.54593181610107
4.59317588806152 -0.246062994003296 7.54593181610107
1 0 0
4.44553804397583 -0.246062994003296 5.06889772415161
4.44553804397583 -0.246062994003296 7.39829397201538
4.44553804397583 0.246062994003296 7.39829397201538
-1 0 0
4.44553804397583 0.246062994003296 7.39829397201538
4.44553804397583 0.246062994003296 5.06889772415161
4.44553804397583 -0.246062994003296 5.06889772415161
-1 0 0
2.90354323387146 -0.246062994003296 5.06889772415161
4.44553804397583 -0.246062994003296 5.06889772415161
4.44553804397583 0.246062994003296 5.06889772415161
0 0 1
4.44553804397583 0.246062994003296 5.06889772415161
2.90354323387146 0.246062994003296 5.06889772415161
2.90354323387146 -0.246062994003296 5.06889772415161
0 0 1
2.90354323387146 -0.246062994003296 7.39829397201538
2.90354323387146 -0.246062994003296 5.06889772415161
2.90354323387146 0.246062994003296 5.06889772415161
1 0 0
2.90354323387146 0.246062994003296 5.06889772415161
2.90354323387146 0.246062994003296 7.39829397201538
2.90354323387146 -0.246062994003296 7.39829397201538
1 0 0
4.44553804397583 -0.246062994003296 7.39829397201538
2.90354323387146 -0.246062994003296 7.39829397201538
2.90354323387146 0.246062994003296 7.39829397201538
0 0 -1
2.90354323387146 0.246062994003296 7.39829397201538
4.44553804397583 0.246062994003296 7.39829397201538
4.44553804397583 -0.246062994003296 7.39829397201538
0 0 -1
3.5679132938385 -0.246062994003296 4.88845157623291
2.90354323387146 -0.246062994003296 4.88845157623291
2.90354323387146 0.246062994003296 4.88845157623291
0 0 -1
2.90354323387146 0.246062994003296 4.88845157623291
3.5679132938385 0.246062994003296 4.88845157623291
3.5679132938385 -0.246062994003296 4.88845157623291
0 0 -1
3.5679132938385 -0.246062994003296 3.10039377212524
3.5679132938385 -0.246062994003296 4.88845157623291
3.5679132938385 0.246062994003296 4.88845157623291
-1 0 -2.32841269201204E-17
3.5679132938385 0.246062994003296 4.88845157623291
3.5679132938385 0.246062994003296 3.10039377212524
3.5679132938385 -0.246062994003296 3.10039377212524
-1 0 -2.32841269201204E-17
2.90354323387146 -0.246062994003296 3.10039377212524
3.5679132938385 -0.246062994003296 3.10039377212524
3.5679132938385 0.246062994003296 3.10039377212524
-6.01592849610223E-15 0 1
3.5679132938385 0.246062994003296 3.10039377212524
2.90354323387146 0.246062994003296 3.10039377212524
2.90354323387146 -0.246062994003296 3.10039377212524
-6.01592849610223E-15 0 1
2.90354323387146 -0.246062994003296 4.88845157623291
2.90354323387146 -0.246062994003296 3.10039377212524
2.90354323387146 0.246062994003296 3.10039377212524
1 0 0
2.90354323387146 0.246062994003296 3.10039377212524
2.90354323387146 0.246062994003296 4.88845157623291
2.90354323387146 -0.246062994003296 4.88845157623291
1 0 0
3.78116798400879 -0.246062994003296 4.88845157623291
3.78116798400879 -0.246062994003296 3.10039377212524
3.78116798400879 0.246062994003296 3.10039377212524
1 0 -7.7613756400401E-18
3.78116798400879 0.246062994003296 3.10039377212524
3.78116798400879 0.246062994003296 4.88845157623291
3.78116798400879 -0.246062994003296 4.88845157623291
1 0 -7.7613756400401E-18
4.44553804397583 -0.246062994003296 4.88845157623291
3.78116798400879 -0.246062994003296 4.88845157623291
3.78116798400879 0.246062994003296 4.88845157623291
6.68436499566909E-16 0 -1
3.78116798400879 0.246062994003296 4.88845157623291
4.44553804397583 0.246062994003296 4.88845157623291
4.44553804397583 -0.246062994003296 4.88845157623291
6.68436499566909E-16 0 -1
4.44553804397583 -0.246062994003296 3.10039377212524
4.44553804397583 -0.246062994003296 4.88845157623291
4.44553804397583 0.246062994003296 4.88845157623291
-1 0 0
4.44553804397583 0.246062994003296 4.88845157623291
4.44553804397583 0.246062994003296 3.10039377212524
4.44553804397583 -0.246062994003296 3.10039377212524
-1 0 0
3.78116798400879 -0.246062994003296 3.10039377212524
4.44553804397583 -0.246062994003296 3.10039377212524
4.44553804397583 0.246062994003296 3.10039377212524
0 0 1
4.44553804397583 0.246062994003296 3.10039377212524
3.78116798400879 0.246062994003296 3.10039377212524
3.78116798400879 -0.246062994003296 3.10039377212524
0 0 1
[HEADER]
428704,AW1 2800*1400,6
-18.8031785797148 14.3830659319332 0.328083989501312
1
1 -3.17656950436677E-15 0
3.17656950436677E-15 1 0
0 0 1
[HEADER]
428983,AW1 2800*1400,6
-18.8373598466586 14.3830659319332 0.328083989501312
1
1 -3.17656950436677E-15 0
3.17656950436677E-15 1 0
0 0 1
[HEADER]
434859,AW2 1200*900,486
10.2366079725186 -5.4707146146207 2.29658792650915
1
-1 3.21933470872491E-15 0
-3.21933470872491E-15 -1 0
0 0 1
-0.0820209980010986 -0.0738188996911049 4.65879249572754
-0.0820209980010986 -0.0738188996911049 2.23097109794617
-1.70603668689728 -0.0738188996911049 2.23097109794617
0 1 0
-1.70603668689728 -0.0738188996911049 2.23097109794617
-1.70603668689728 -0.0738188996911049 4.65879249572754
-0.0820209980010986 -0.0738188996911049 4.65879249572754
0 1 0
-1.70603668689728 -0.10662729293108 2.23097109794617
-0.0820209980010986 -0.10662729293108 2.23097109794617
-0.0820209980010986 -0.10662729293108 4.65879249572754
0 -1 0
-0.0820209980010986 -0.10662729293108 4.65879249572754
-1.70603668689728 -0.10662729293108 4.65879249572754
-1.70603668689728 -0.10662729293108 2.23097109794617
0 -1 0
-1.70603668689728 -0.0738188996911049 4.65879249572754
-1.70603668689728 -0.10662729293108 4.65879249572754
-0.0820209980010986 -0.10662729293108 4.65879249572754
0 0 1
-0.0820209980010986 -0.10662729293108 4.65879249572754
-0.0820209980010986 -0.0738188996911049 4.65879249572754
-1.70603668689728 -0.0738188996911049 4.65879249572754
0 0 1
-0.0820209980010986 -0.0738188996911049 4.65879249572754
-0.0820209980010986 -0.10662729293108 4.65879249572754
-0.0820209980010986 -0.10662729293108 2.23097109794617
1 0 0
-0.0820209980010986 -0.10662729293108 2.23097109794617
-0.0820209980010986 -0.0738188996911049 2.23097109794617
-0.0820209980010986 -0.0738188996911049 4.65879249572754
1 0 0
-0.0820209980010986 -0.0738188996911049 2.23097109794617
-0.0820209980010986 -0.10662729293108 2.23097109794617
-1.70603668689728 -0.10662729293108 2.23097109794617
0 0 -1
-1.70603668689728 -0.10662729293108 2.23097109794617
-1.70603668689728 -0.0738188996911049 2.23097109794617
-0.0820209980010986 -0.0738188996911049 2.23097109794617
0 0 -1
-1.70603668689728 -0.0738188996911049 2.23097109794617
-1.70603668689728 -0.10662729293108 2.23097109794617
-1.70603668689728 -0.10662729293108 4.65879249572754
-1 0 0
-1.70603668689728 -0.10662729293108 4.65879249572754
-1.70603668689728 -0.0738188996911049 4.65879249572754
-1.70603668689728 -0.0738188996911049 2.23097109794617
-1 0 0
1.70603668689728 0.10662729293108 4.65879249572754
1.70603668689728 0.10662729293108 2.23097109794617
0.0820209980010986 0.10662729293108 2.23097109794617
0 1 0
0.0820209980010986 0.10662729293108 2.23097109794617
0.0820209980010986 0.10662729293108 4.65879249572754
1.70603668689728 0.10662729293108 4.65879249572754
0 1 0
0.0820209980010986 0.0738188996911049 2.23097109794617
1.70603668689728 0.0738188996911049 2.23097109794617
1.70603668689728 0.0738188996911049 4.65879249572754
0 -1 0
1.70603668689728 0.0738188996911049 4.65879249572754
0.0820209980010986 0.0738188996911049 4.65879249572754
0.0820209980010986 0.0738188996911049 2.23097109794617
0 -1 0
0.0820209980010986 0.10662729293108 4.65879249572754
0.0820209980010986 0.0738188996911049 4.65879249572754
1.70603668689728 0.0738188996911049 4.65879249572754
0 0 1
1.70603668689728 0.0738188996911049 4.65879249572754
1.70603668689728 0.10662729293108 4.65879249572754
0.0820209980010986 0.10662729293108 4.65879249572754
0 0 1
1.70603668689728 0.10662729293108 4.65879249572754
1.70603668689728 0.0738188996911049 4.65879249572754
1.70603668689728 0.0738188996911049 2.23097109794617
1 0 0
1.70603668689728 0.0738188996911049 2.23097109794617
1.70603668689728 0.10662729293108 2.23097109794617
1.70603668689728 0.10662729293108 4.65879249572754
1 0 0
1.70603668689728 0.10662729293108 2.23097109794617
1.70603668689728 0.0738188996911049 2.23097109794617
0.0820209980010986 0.0738188996911049 2.23097109794617
0 0 -1
0.0820209980010986 0.0738188996911049 2.23097109794617
0.0820209980010986 0.10662729293108 2.23097109794617
1.70603668689728 0.10662729293108 2.23097109794617
0 0 -1
0.0820209980010986 0.10662729293108 2.23097109794617
0.0820209980010986 0.0738188996911049 2.23097109794617
0.0820209980010986 0.0738188996911049 4.65879249572754
-1 0 0
0.0820209980010986 0.0738188996911049 4.65879249572754
0.0820209980010986 0.10662729293108 4.65879249572754
0.0820209980010986 0.10662729293108 2.23097109794617
-1 0 0
-1.87007868289948 -2.77555756156289E-17 4.82283449172974
-1.70603668689728 -2.77555756156289E-17 4.65879249572754
-1.70603668689728 -2.77555756156289E-17 2.23097109794617
0 1 0
-1.70603668689728 -2.77555756156289E-17 4.65879249572754
-1.87007868289948 -2.77555756156289E-17 4.82283449172974
-0.0820209980010986 -2.77555756156289E-17 4.65879249572754
0 1 0
-1.87007868289948 -2.77555756156289E-17 2.06692910194397
-1.70603668689728 -2.77555756156289E-17 2.23097109794617
-0.0820209980010986 -2.77555756156289E-17 2.23097109794617
0 1 0
-1.70603668689728 -2.77555756156289E-17 2.23097109794617
-1.87007868289948 -2.77555756156289E-17 2.06692910194397
-1.87007868289948 -2.77555756156289E-17 4.82283449172974
0 1 0
-0.0820209980010986 -2.77555756156289E-17 4.65879249572754
0.0820209980010986 -2.77555756156289E-17 4.82283449172974
-0.0820209980010986 -2.77555756156289E-17 2.23097109794617
0 1 0
0.0820209980010986 -2.77555756156289E-17 4.82283449172974
-0.0820209980010986 -2.77555756156289E-17 4.65879249572754
-1.87007868289948 -2.77555756156289E-17 4.82283449172974
0 1 0
-0.0820209980010986 -2.77555756156289E-17 2.23097109794617
0.0820209980010986 -2.77555756156289E-17 2.06692910194397
-1.87007868289948 -2.77555756156289E-17 2.06692910194397
0 1 0
0.0820209980010986 -2.77555756156289E-17 2.06692910194397
-0.0820209980010986 -2.77555756156289E-17 2.23097109794617
0.0820209980010986 -2.77555756156289E-17 4.82283449172974
0 1 0
0.0820209980010986 -0.180446192622185 4.82283449172974
-0.0820209980010986 -0.180446192622185 4.65879249572754
-0.0820209980010986 -0.180446192622185 2.23097109794617
0 -1 0
-0.0820209980010986 -0.180446192622185 4.65879249572754
0.0820209980010986 -0.180446192622185 4.82283449172974
-1.70603668689728 -0.180446192622185 4.65879249572754
0 -1 0
0.0820209980010986 -0.180446192622185 2.06692910194397
-0.0820209980010986 -0.180446192622185 2.23097109794617
-1.70603668689728 -0.180446192622185 2.23097109794617
0 -1 0
-0.0820209980010986 -0.180446192622185 2.23097109794617
0.0820209980010986 -0.180446192622185 2.06692910194397
0.0820209980010986 -0.180446192622185 4.82283449172974
0 -1 0
-1.70603668689728 -0.180446192622185 4.65879249572754
-1.87007868289948 -0.180446192622185 4.82283449172974
-1.70603668689728 -0.180446192622185 2.23097109794617
0 -1 0
-1.87007868289948 -0.180446192622185 4.82283449172974
-1.70603668689728 -0.180446192622185 4.65879249572754
0.0820209980010986 -0.180446192622185 4.82283449172974
0 -1 0
-1.70603668689728 -0.180446192622185 2.23097109794617
-1.87007868289948 -0.180446192622185 2.06692910194397
0.0820209980010986 -0.180446192622185 2.06692910194397
0 -1 0
-1.87007868289948 -0.180446192622185 2.06692910194397
-1.70603668689728 -0.180446192622185 2.23097109794617
-1.87007868289948 -0.180446192622185 4.82283449172974
0 -1 0
-1.87007868289948 -2.77555756156289E-17 4.82283449172974
-1.87007868289948 -0.180446192622185 4.82283449172974
0.0820209980010986 -0.180446192622185 4.82283449172974
0 0 1
0.0820209980010986 -0.180446192622185 4.82283449172974
0.0820209980010986 -2.77555756156289E-17 4.82283449172974
-1.87007868289948 -2.77555756156289E-17 4.82283449172974
0 0 1
0.0820209980010986 -2.77555756156289E-17 4.82283449172974
0.0820209980010986 -0.180446192622185 4.82283449172974
0.0820209980010986 -0.180446192622185 2.06692910194397
1 0 0
0.0820209980010986 -0.180446192622185 2.06692910194397
0.0820209980010986 -2.77555756156289E-17 2.06692910194397
0.0820209980010986 -2.77555756156289E-17 4.82283449172974
1 0 0
0.0820209980010986 -2.77555756156289E-17 2.06692910194397
0.0820209980010986 -0.180446192622185 2.06692910194397
-1.87007868289948 -0.180446192622185 2.06692910194397
0 0 -1
-1.87007868289948 -0.180446192622185 2.06692910194397
-1.87007868289948 -2.77555756156289E-17 2.06692910194397
0.0820209980010986 -2.77555756156289E-17 2.06692910194397
0 0 -1
-1.87007868289948 -2.77555756156289E-17 2.06692910194397
-1.87007868289948 -0.180446192622185 2.06692910194397
-1.87007868289948 -0.180446192622185 4.82283449172974
-1 0 0
-1.87007868289948 -0.180446192622185 4.82283449172974
-1.87007868289948 -2.77555756156289E-17 4.82283449172974
-1.87007868289948 -2.77555756156289E-17 2.06692910194397
-1 0 0
-1.70603668689728 -2.77555756156289E-17 4.65879249572754
-1.70603668689728 -0.180446192622185 4.65879249572754
-1.70603668689728 -0.180446192622185 2.23097109794617
1 0 0
-1.70603668689728 -0.180446192622185 2.23097109794617
-1.70603668689728 -2.77555756156289E-17 2.23097109794617
-1.70603668689728 -2.77555756156289E-17 4.65879249572754
1 0 0
-1.70603668689728 -2.77555756156289E-17 2.23097109794617
-1.70603668689728 -0.180446192622185 2.23097109794617
-0.0820209980010986 -0.180446192622185 2.23097109794617
0 0 1
-0.0820209980010986 -0.180446192622185 2.23097109794617
-0.0820209980010986 -2.77555756156289E-17 2.23097109794617
-1.70603668689728 -2.77555756156289E-17 2.23097109794617
0 0 1
-0.0820209980010986 -2.77555756156289E-17 2.23097109794617
-0.0820209980010986 -0.180446192622185 2.23097109794617
-0.0820209980010986 -0.180446192622185 4.65879249572754
-1 0 0
-0.0820209980010986 -0.180446192622185 4.65879249572754
-0.0820209980010986 -2.77555756156289E-17 4.65879249572754
-0.0820209980010986 -2.77555756156289E-17 2.23097109794617
-1 0 0
-0.0820209980010986 -2.77555756156289E-17 4.65879249572754
-0.0820209980010986 -0.180446192622185 4.65879249572754
-1.70603668689728 -0.180446192622185 4.65879249572754
0 0 -1
-1.70603668689728 -0.180446192622185 4.65879249572754
-1.70603668689728 -2.77555756156289E-17 4.65879249572754
-0.0820209980010986 -2.77555756156289E-17 4.65879249572754
0 0 -1
-0.0820209980010986 0.180446192622185 4.82283449172974
0.0820209980010986 0.180446192622185 4.65879249572754
0.0820209980010986 0.180446192622185 2.23097109794617
0 1 0
0.0820209980010986 0.180446192622185 4.65879249572754
-0.0820209980010986 0.180446192622185 4.82283449172974
1.70603668689728 0.180446192622185 4.65879249572754
0 1 0
-0.0820209980010986 0.180446192622185 2.06692910194397
0.0820209980010986 0.180446192622185 2.23097109794617
1.70603668689728 0.180446192622185 2.23097109794617
0 1 0
0.0820209980010986 0.180446192622185 2.23097109794617
-0.0820209980010986 0.180446192622185 2.06692910194397
-0.0820209980010986 0.180446192622185 4.82283449172974
0 1 0
1.70603668689728 0.180446192622185 4.65879249572754
1.87007868289948 0.180446192622185 4.82283449172974
1.70603668689728 0.180446192622185 2.23097109794617
0 1 0
1.87007868289948 0.180446192622185 4.82283449172974
1.70603668689728 0.180446192622185 4.65879249572754
-0.0820209980010986 0.180446192622185 4.82283449172974
0 1 0
1.70603668689728 0.180446192622185 2.23097109794617
1.87007868289948 0.180446192622185 2.06692910194397
-0.0820209980010986 0.180446192622185 2.06692910194397
0 1 0
1.87007868289948 0.180446192622185 2.06692910194397
1.70603668689728 0.180446192622185 2.23097109794617
1.87007868289948 0.180446192622185 4.82283449172974
0 1 0
1.87007868289948 -4.16333634234434E-17 4.82283449172974
1.70603668689728 -4.16333634234434E-17 4.65879249572754
1.70603668689728 -4.16333634234434E-17 2.23097109794617
0 -1 0
1.70603668689728 -4.16333634234434E-17 4.65879249572754
1.87007868289948 -4.16333634234434E-17 4.82283449172974
0.0820209980010986 -4.16333634234434E-17 4.65879249572754
0 -1 0
1.87007868289948 -4.16333634234434E-17 2.06692910194397
1.70603668689728 -4.16333634234434E-17 2.23097109794617
0.0820209980010986 -4.16333634234434E-17 2.23097109794617
0 -1 0
1.70603668689728 -4.16333634234434E-17 2.23097109794617
1.87007868289948 -4.16333634234434E-17 2.06692910194397
1.87007868289948 -4.16333634234434E-17 4.82283449172974
0 -1 0
0.0820209980010986 -4.16333634234434E-17 4.65879249572754
-0.0820209980010986 -4.16333634234434E-17 4.82283449172974
0.0820209980010986 -4.16333634234434E-17 2.23097109794617
0 -1 0
-0.0820209980010986 -4.16333634234434E-17 4.82283449172974
0.0820209980010986 -4.16333634234434E-17 4.65879249572754
1.87007868289948 -4.16333634234434E-17 4.82283449172974
0 -1 0
0.0820209980010986 -4.16333634234434E-17 2.23097109794617
-0.0820209980010986 -4.16333634234434E-17 2.06692910194397
1.87007868289948 -4.16333634234434E-17 2.06692910194397
0 -1 0
-0.0820209980010986 -4.16333634234434E-17 2.06692910194397
0.0820209980010986 -4.16333634234434E-17 2.23097109794617
-0.0820209980010986 -4.16333634234434E-17 4.82283449172974
0 -1 0
-0.0820209980010986 0.180446192622185 4.82283449172974
-0.0820209980010986 -5.55111512312578E-17 4.82283449172974
1.87007868289948 -5.55111512312578E-17 4.82283449172974
0 0 1
1.87007868289948 -5.55111512312578E-17 4.82283449172974
1.87007868289948 0.180446192622185 4.82283449172974
-0.0820209980010986 0.180446192622185 4.82283449172974
0 0 1
1.87007868289948 0.180446192622185 4.82283449172974
1.87007868289948 -5.55111512312578E-17 4.82283449172974
1.87007868289948 -5.55111512312578E-17 2.06692910194397
1 0 0
1.87007868289948 -5.55111512312578E-17 2.06692910194397
1.87007868289948 0.180446192622185 2.06692910194397
1.87007868289948 0.180446192622185 4.82283449172974
1 0 0
1.87007868289948 0.180446192622185 2.06692910194397
1.87007868289948 -5.55111512312578E-17 2.06692910194397
-0.0820209980010986 -5.55111512312578E-17 2.06692910194397
0 0 -1
-0.0820209980010986 -5.55111512312578E-17 2.06692910194397
-0.0820209980010986 0.180446192622185 2.06692910194397
1.87007868289948 0.180446192622185 2.06692910194397
0 0 -1
-0.0820209980010986 0.180446192622185 2.06692910194397
-0.0820209980010986 -5.55111512312578E-17 2.06692910194397
-0.0820209980010986 -5.55111512312578E-17 4.82283449172974
-1 0 0
-0.0820209980010986 -5.55111512312578E-17 4.82283449172974
-0.0820209980010986 0.180446192622185 4.82283449172974
-0.0820209980010986 0.180446192622185 2.06692910194397
-1 0 0
0.0820209980010986 0.180446192622185 4.65879249572754
0.0820209980010986 -5.55111512312578E-17 4.65879249572754
0.0820209980010986 -5.55111512312578E-17 2.23097109794617
1 0 0
0.0820209980010986 -5.55111512312578E-17 2.23097109794617
0.0820209980010986 0.180446192622185 2.23097109794617
0.0820209980010986 0.180446192622185 4.65879249572754
1 0 0
0.0820209980010986 0.180446192622185 2.23097109794617
0.0820209980010986 -5.55111512312578E-17 2.23097109794617
1.70603668689728 -5.55111512312578E-17 2.23097109794617
0 0 1
1.70603668689728 -5.55111512312578E-17 2.23097109794617
1.70603668689728 0.180446192622185 2.23097109794617
0.0820209980010986 0.180446192622185 2.23097109794617
0 0 1
1.70603668689728 0.180446192622185 2.23097109794617
1.70603668689728 -5.55111512312578E-17 2.23097109794617
1.70603668689728 -5.55111512312578E-17 4.65879249572754
-1 0 0
1.70603668689728 -5.55111512312578E-17 4.65879249572754
1.70603668689728 0.180446192622185 4.65879249572754
1.70603668689728 0.180446192622185 2.23097109794617
-1 0 0
1.70603668689728 0.180446192622185 4.65879249572754
1.70603668689728 -5.55111512312578E-17 4.65879249572754
0.0820209980010986 -5.55111512312578E-17 4.65879249572754
0 0 -1
0.0820209980010986 -5.55111512312578E-17 4.65879249572754
0.0820209980010986 0.180446192622185 4.65879249572754
1.70603668689728 0.180446192622185 4.65879249572754
0 0 -1
-1.96850395202637 0.246062994003296 4.92125988006592
-1.87007868289948 0.246062994003296 4.82283449172974
-1.87007868289948 0.246062994003296 2.06692910194397
0 1 0
-1.87007868289948 0.246062994003296 4.82283449172974
-1.96850395202637 0.246062994003296 4.92125988006592
1.87007868289948 0.246062994003296 4.82283449172974
0 1 0
-1.96850395202637 0.246062994003296 1.96850395202637
-1.87007868289948 0.246062994003296 2.06692910194397
1.87007868289948 0.246062994003296 2.06692910194397
0 1 0
-1.87007868289948 0.246062994003296 2.06692910194397
-1.96850395202637 0.246062994003296 1.96850395202637
-1.96850395202637 0.246062994003296 4.92125988006592
0 1 0
1.87007868289948 0.246062994003296 4.82283449172974
1.96850395202637 0.246062994003296 4.92125988006592
1.87007868289948 0.246062994003296 2.06692910194397
0 1 0
1.96850395202637 0.246062994003296 4.92125988006592
1.87007868289948 0.246062994003296 4.82283449172974
-1.96850395202637 0.246062994003296 4.92125988006592
0 1 0
1.87007868289948 0.246062994003296 2.06692910194397
1.96850395202637 0.246062994003296 1.96850395202637
-1.96850395202637 0.246062994003296 1.96850395202637
0 1 0
1.96850395202637 0.246062994003296 1.96850395202637
1.87007868289948 0.246062994003296 2.06692910194397
1.96850395202637 0.246062994003296 4.92125988006592
0 1 0
1.96850395202637 -0.246062994003296 4.92125988006592
1.87007868289948 -0.246062994003296 4.82283449172974
1.87007868289948 -0.246062994003296 2.06692910194397
0 -1 0
1.87007868289948 -0.246062994003296 4.82283449172974
1.96850395202637 -0.246062994003296 4.92125988006592
-1.87007868289948 -0.246062994003296 4.82283449172974
0 -1 0
1.96850395202637 -0.246062994003296 1.96850395202637
1.87007868289948 -0.246062994003296 2.06692910194397
-1.87007868289948 -0.246062994003296 2.06692910194397
0 -1 0
1.87007868289948 -0.246062994003296 2.06692910194397
1.96850395202637 -0.246062994003296 1.96850395202637
1.96850395202637 -0.246062994003296 4.92125988006592
0 -1 0
-1.87007868289948 -0.246062994003296 4.82283449172974
-1.96850395202637 -0.246062994003296 4.92125988006592
-1.87007868289948 -0.246062994003296 2.06692910194397
0 -1 0
-1.96850395202637 -0.246062994003296 4.92125988006592
-1.87007868289948 -0.246062994003296 4.82283449172974
1.96850395202637 -0.246062994003296 4.92125988006592
0 -1 0
-1.87007868289948 -0.246062994003296 2.06692910194397
-1.96850395202637 -0.246062994003296 1.96850395202637
1.96850395202637 -0.246062994003296 1.96850395202637
0 -1 0
-1.96850395202637 -0.246062994003296 1.96850395202637
-1.87007868289948 -0.246062994003296 2.06692910194397
-1.96850395202637 -0.246062994003296 4.92125988006592
0 -1 0
-1.96850395202637 0.246062994003296 4.92125988006592
-1.96850395202637 -0.246062994003296 4.92125988006592
1.96850395202637 -0.246062994003296 4.92125988006592
0 0 1
1.96850395202637 -0.246062994003296 4.92125988006592
1.96850395202637 0.246062994003296 4.92125988006592
-1.96850395202637 0.246062994003296 4.92125988006592
0 0 1
1.96850395202637 0.246062994003296 4.92125988006592
1.96850395202637 -0.246062994003296 4.92125988006592
1.96850395202637 -0.246062994003296 1.96850395202637
1 0 0
1.96850395202637 -0.246062994003296 1.96850395202637
1.96850395202637 0.246062994003296 1.96850395202637
1.96850395202637 0.246062994003296 4.92125988006592
1 0 0
1.96850395202637 0.246062994003296 1.96850395202637
1.96850395202637 -0.246062994003296 1.96850395202637
-1.96850395202637 -0.246062994003296 1.96850395202637
0 0 -1
-1.96850395202637 -0.246062994003296 1.96850395202637
-1.96850395202637 0.246062994003296 1.96850395202637
1.96850395202637 0.246062994003296 1.96850395202637
0 0 -1
-1.96850395202637 0.246062994003296 1.96850395202637
-1.96850395202637 -0.246062994003296 1.96850395202637
-1.96850395202637 -0.246062994003296 4.92125988006592
-1 0 0
-1.96850395202637 -0.246062994003296 4.92125988006592
-1.96850395202637 0.246062994003296 4.92125988006592
-1.96850395202637 0.246062994003296 1.96850395202637
-1 0 0
-1.87007868289948 0.246062994003296 4.82283449172974
-1.87007868289948 -0.246062994003296 4.82283449172974
-1.87007868289948 -0.246062994003296 2.06692910194397
1 0 -8.05704709299404E-17
-1.87007868289948 -0.246062994003296 2.06692910194397
-1.87007868289948 0.246062994003296 2.06692910194397
-1.87007868289948 0.246062994003296 4.82283449172974
1 0 -8.05704709299404E-17
-1.87007868289948 0.246062994003296 2.06692910194397
-1.87007868289948 -0.246062994003296 2.06692910194397
1.87007868289948 -0.246062994003296 2.06692910194397
0 0 1
1.87007868289948 -0.246062994003296 2.06692910194397
1.87007868289948 0.246062994003296 2.06692910194397
-1.87007868289948 0.246062994003296 2.06692910194397
0 0 1
1.87007868289948 0.246062994003296 2.06692910194397
1.87007868289948 -0.246062994003296 2.06692910194397
1.87007868289948 -0.246062994003296 4.82283449172974
-1 0 8.05704709299404E-17
1.87007868289948 -0.246062994003296 4.82283449172974
1.87007868289948 0.246062994003296 4.82283449172974
1.87007868289948 0.246062994003296 2.06692910194397
-1 0 8.05704709299404E-17
1.87007868289948 0.246062994003296 4.82283449172974
1.87007868289948 -0.246062994003296 4.82283449172974
-1.87007868289948 -0.246062994003296 4.82283449172974
0 0 -1
-1.87007868289948 -0.246062994003296 4.82283449172974
-1.87007868289948 0.246062994003296 4.82283449172974
1.87007868289948 0.246062994003296 4.82283449172974
0 0 -1
[LEVEL]
2F
[HEADER]
440118,AG1 1200*600,1590
29.9008140092644 4.37180507041919 11.1548556430446
1
1.63451642158249E-15 1 0
-1 1.63451642158249E-15 0
0 0 1
2.03067588806152 0.349901586771011 4.03067588806152
1.90600395202637 0.349901586771011 3.90600395202637
-1.90600395202637 0.349901586771011 3.90600395202637
0 1 0
1.90600395202637 0.349901586771011 3.90600395202637
2.03067588806152 0.349901586771011 4.03067588806152
1.90600395202637 0.349901586771011 2.03100395202637
0 1 0
-2.03067588806152 0.349901586771011 4.03067588806152
-1.90600395202637 0.349901586771011 3.90600395202637
-1.90600395202637 0.349901586771011 2.03100395202637
0 1 0
-1.90600395202637 0.349901586771011 3.90600395202637
-2.03067588806152 0.349901586771011 4.03067588806152
2.03067588806152 0.349901586771011 4.03067588806152
0 1 0
1.90600395202637 0.349901586771011 2.03100395202637
2.03067588806152 0.349901586771011 1.90633201599121
-1.90600395202637 0.349901586771011 2.03100395202637
0 1 0
2.03067588806152 0.349901586771011 1.90633201599121
1.90600395202637 0.349901586771011 2.03100395202637
2.03067588806152 0.349901586771011 4.03067588806152
0 1 0
-1.90600395202637 0.349901586771011 2.03100395202637
-2.03067588806152 0.349901586771011 1.90633201599121
-2.03067588806152 0.349901586771011 4.03067588806152
0 1 0
-2.03067588806152 0.349901586771011 1.90633201599121
-1.90600395202637 0.349901586771011 2.03100395202637
2.03067588806152 0.349901586771011 1.90633201599121
0 1 0
2.03067588806152 0.307250648736954 1.90633201599121
1.90600395202637 0.307250648736954 2.03100395202637
-1.90600395202637 0.307250648736954 2.03100395202637
0 -1 0
1.90600395202637 0.307250648736954 2.03100395202637
2.03067588806152 0.307250648736954 1.90633201599121
1.90600395202637 0.307250648736954 3.90600395202637
0 -1 0
-2.03067588806152 0.307250648736954 1.90633201599121
-1.90600395202637 0.307250648736954 2.03100395202637
-1.90600395202637 0.307250648736954 3.90600395202637
0 -1 0
-1.90600395202637 0.307250648736954 2.03100395202637
-2.03067588806152 0.307250648736954 1.90633201599121
2.03067588806152 0.307250648736954 1.90633201599121
0 -1 0
1.90600395202637 0.307250648736954 3.90600395202637
2.03067588806152 0.307250648736954 4.03067588806152
-1.90600395202637 0.307250648736954 3.90600395202637
0 -1 0
2.03067588806152 0.307250648736954 4.03067588806152
1.90600395202637 0.307250648736954 3.90600395202637
2.03067588806152 0.307250648736954 1.90633201599121
0 -1 0
-1.90600395202637 0.307250648736954 3.90600395202637
-2.03067588806152 0.307250648736954 4.03067588806152
-2.03067588806152 0.307250648736954 1.90633201599121
0 -1 0
-2.03067588806152 0.307250648736954 4.03067588806152
-1.90600395202637 0.307250648736954 3.90600395202637
2.03067588806152 0.307250648736954 4.03067588806152
0 -1 0
-1.90600395202637 0.349901586771011 3.90600395202637
-1.90600395202637 0.307250648736954 3.90600395202637
-1.90600395202637 0.307250648736954 2.03100395202637
1 0 1.18423789293347E-16
-1.90600395202637 0.307250648736954 2.03100395202637
-1.90600395202637 0.349901586771011 2.03100395202637
-1.90600395202637 0.349901586771011 3.90600395202637
1 0 1.18423789293347E-16
-1.90600395202637 0.349901586771011 2.03100395202637
-1.90600395202637 0.307250648736954 2.03100395202637
1.90600395202637 0.307250648736954 2.03100395202637
0 0 1
1.90600395202637 0.307250648736954 2.03100395202637
1.90600395202637 0.349901586771011 2.03100395202637
-1.90600395202637 0.349901586771011 2.03100395202637
0 0 1
1.90600395202637 0.349901586771011 2.03100395202637
1.90600395202637 0.307250648736954 2.03100395202637
1.90600395202637 0.307250648736954 3.90600395202637
-1 0 0
1.90600395202637 0.307250648736954 3.90600395202637
1.90600395202637 0.349901586771011 3.90600395202637
1.90600395202637 0.349901586771011 2.03100395202637
-1 0 0
1.90600395202637 0.349901586771011 3.90600395202637
1.90600395202637 0.307250648736954 3.90600395202637
-1.90600395202637 0.307250648736954 3.90600395202637
0 0 -1
-1.90600395202637 0.307250648736954 3.90600395202637
-1.90600395202637 0.349901586771011 3.90600395202637
1.90600395202637 0.349901586771011 3.90600395202637
0 0 -1
-2.03067588806152 0.349901586771011 4.03067588806152
-2.03067588806152 0.307250648736954 4.03067588806152
2.03067588806152 0.307250648736954 4.03067588806152
0 0 1
2.03067588806152 0.307250648736954 4.03067588806152
2.03067588806152 0.349901586771011 4.03067588806152
-2.03067588806152 0.349901586771011 4.03067588806152
0 0 1
2.03067588806152 0.349901586771011 4.03067588806152
2.03067588806152 0.307250648736954 4.03067588806152
2.03067588806152 0.307250648736954 1.90633201599121
1 0 0
2.03067588806152 0.307250648736954 1.90633201599121
2.03067588806152 0.349901586771011 1.90633201599121
2.03067588806152 0.349901586771011 4.03067588806152
1 0 0
2.03067588806152 0.349901586771011 1.90633201599121
2.03067588806152 0.307250648736954 1.90633201599121
-2.03067588806152 0.307250648736954 1.90633201599121
-5.46725871081272E-17 0 -1
-2.03067588806152 0.307250648736954 1.90633201599121
-2.03067588806152 0.349901586771011 1.90633201599121
2.03067588806152 0.349901586771011 1.90633201599121
-5.46725871081272E-17 0 -1
-2.03067588806152 0.349901586771011 1.90633201599121
-2.03067588806152 0.307250648736954 1.90633201599121
-2.03067588806152 0.307250648736954 4.03067588806152
-1 0 -2.09047708358755E-16
-2.03067588806152 0.307250648736954 4.03067588806152
-2.03067588806152 0.349901586771011 4.03067588806152
-2.03067588806152 0.349901586771011 1.90633201599121
-1 0 -2.09047708358755E-16
-2.03067588806152 -0.391568243503571 4.03067588806152
-1.90600395202637 -0.391568243503571 3.90600395202637
1.90600395202637 -0.391568243503571 3.90600395202637
0 -1 0
-1.90600395202637 -0.391568243503571 3.90600395202637
-2.03067588806152 -0.391568243503571 4.03067588806152
-1.90600395202637 -0.391568243503571 2.03100395202637
0 -1 0
2.03067588806152 -0.391568243503571 4.03067588806152
1.90600395202637 -0.391568243503571 3.90600395202637
1.90600395202637 -0.391568243503571 2.03100395202637
0 -1 0
1.90600395202637 -0.391568243503571 3.90600395202637
2.03067588806152 -0.391568243503571 4.03067588806152
-2.03067588806152 -0.391568243503571 4.03067588806152
0 -1 0
-1.90600395202637 -0.391568243503571 2.03100395202637
-2.03067588806152 -0.391568243503571 1.90633201599121
1.90600395202637 -0.391568243503571 2.03100395202637
0 -1 0
-2.03067588806152 -0.391568243503571 1.90633201599121
-1.90600395202637 -0.391568243503571 2.03100395202637
-2.03067588806152 -0.391568243503571 4.03067588806152
0 -1 0
1.90600395202637 -0.391568243503571 2.03100395202637
2.03067588806152 -0.391568243503571 1.90633201599121
2.03067588806152 -0.391568243503571 4.03067588806152
0 -1 0
2.03067588806152 -0.391568243503571 1.90633201599121
1.90600395202637 -0.391568243503571 2.03100395202637
-2.03067588806152 -0.391568243503571 1.90633201599121
0 -1 0
-2.03067588806152 -0.348917335271835 1.90633201599121
-1.90600395202637 -0.348917335271835 2.03100395202637
1.90600395202637 -0.348917335271835 2.03100395202637
0 1 0
-1.90600395202637 -0.348917335271835 2.03100395202637
-2.03067588806152 -0.348917335271835 1.90633201599121
-1.90600395202637 -0.348917335271835 3.90600395202637
0 1 0
2.03067588806152 -0.348917335271835 1.90633201599121
1.90600395202637 -0.348917335271835 2.03100395202637
1.90600395202637 -0.348917335271835 3.90600395202637
0 1 0
1.90600395202637 -0.348917335271835 2.03100395202637
2.03067588806152 -0.348917335271835 1.90633201599121
-2.03067588806152 -0.348917335271835 1.90633201599121
0 1 0
-1.90600395202637 -0.348917335271835 3.90600395202637
-2.03067588806152 -0.348917335271835 4.03067588806152
1.90600395202637 -0.348917335271835 3.90600395202637
0 1 0
-2.03067588806152 -0.348917335271835 4.03067588806152
-1.90600395202637 -0.348917335271835 3.90600395202637
-2.03067588806152 -0.348917335271835 1.90633201599121
0 1 0
1.90600395202637 -0.348917335271835 3.90600395202637
2.03067588806152 -0.348917335271835 4.03067588806152
2.03067588806152 -0.348917335271835 1.90633201599121
0 1 0
2.03067588806152 -0.348917335271835 4.03067588806152
1.90600395202637 -0.348917335271835 3.90600395202637
-2.03067588806152 -0.348917335271835 4.03067588806152
0 1 0
1.90600395202637 -0.391568243503571 3.90600395202637
1.90600395202637 -0.348917335271835 3.90600395202637
1.90600395202637 -0.348917335271835 2.03100395202637
-1 0 0
1.90600395202637 -0.348917335271835 2.03100395202637
1.90600395202637 -0.391568243503571 2.03100395202637
1.90600395202637 -0.391568243503571 3.90600395202637
-1 0 0
1.90600395202637 -0.391568243503571 2.03100395202637
1.90600395202637 -0.348917335271835 2.03100395202637
-1.90600395202637 -0.348917335271835 2.03100395202637
0 0 1
-1.90600395202637 -0.348917335271835 2.03100395202637
-1.90600395202637 -0.391568243503571 2.03100395202637
1.90600395202637 -0.391568243503571 2.03100395202637
0 0 1
-1.90600395202637 -0.391568243503571 2.03100395202637
-1.90600395202637 -0.348917335271835 2.03100395202637
-1.90600395202637 -0.348917335271835 3.90600395202637
1 0 0
-1.90600395202637 -0.348917335271835 3.90600395202637
-1.90600395202637 -0.391568243503571 3.90600395202637
-1.90600395202637 -0.391568243503571 2.03100395202637
1 0 0
-1.90600395202637 -0.391568243503571 3.90600395202637
-1.90600395202637 -0.348917335271835 3.90600395202637
1.90600395202637 -0.348917335271835 3.90600395202637
0 0 -1
1.90600395202637 -0.348917335271835 3.90600395202637
1.90600395202637 -0.391568243503571 3.90600395202637
-1.90600395202637 -0.391568243503571 3.90600395202637
0 0 -1
2.03067588806152 -0.391568243503571 4.03067588806152
2.03067588806152 -0.348917335271835 4.03067588806152
-2.03067588806152 -0.348917335271835 4.03067588806152
0 0 1
-2.03067588806152 -0.348917335271835 4.03067588806152
-2.03067588806152 -0.391568243503571 4.03067588806152
2.03067588806152 -0.391568243503571 4.03067588806152
0 0 1
-2.03067588806152 -0.391568243503571 4.03067588806152
-2.03067588806152 -0.348917335271835 4.03067588806152
-2.03067588806152 -0.348917335271835 1.90633201599121
-1 0 0
-2.03067588806152 -0.348917335271835 1.90633201599121
-2.03067588806152 -0.391568243503571 1.90633201599121
-2.03067588806152 -0.391568243503571 4.03067588806152
-1 0 0
-2.03067588806152 -0.391568243503571 1.90633201599121
-2.03067588806152 -0.348917335271835 1.90633201599121
2.03067588806152 -0.348917335271835 1.90633201599121
5.4672587108127E-17 0 -1
2.03067588806152 -0.348917335271835 1.90633201599121
2.03067588806152 -0.391568243503571 1.90633201599121
-2.03067588806152 -0.391568243503571 1.90633201599121
5.4672587108127E-17 0 -1
2.03067588806152 -0.391568243503571 1.90633201599121
2.03067588806152 -0.348917335271835 1.90633201599121
2.03067588806152 -0.348917335271835 4.03067588806152
1 0 -2.09047708358754E-16
2.03067588806152 -0.348917335271835 4.03067588806152
2.03067588806152 -0.391568243503571 4.03067588806152
2.03067588806152 -0.391568243503571 1.90633201599121
1 0 -2.09047708358754E-16
1.96850395202637 -0.348917335271835 3.96850395202637
1.90600395202637 -0.348917335271835 3.90600395202637
1.90600395202637 -0.348917335271835 2.03100395202637
0 -1 0
1.90600395202637 -0.348917335271835 3.90600395202637
1.96850395202637 -0.348917335271835 3.96850395202637
-1.90600395202637 -0.348917335271835 3.90600395202637
0 -1 0
1.96850395202637 -0.348917335271835 1.96850395202637
1.90600395202637 -0.348917335271835 2.03100395202637
-1.90600395202637 -0.348917335271835 2.03100395202637
0 -1 0
1.90600395202637 -0.348917335271835 2.03100395202637
1.96850395202637 -0.348917335271835 1.96850395202637
1.96850395202637 -0.348917335271835 3.96850395202637
0 -1 0
-1.90600395202637 -0.348917335271835 3.90600395202637
-1.96850395202637 -0.348917335271835 3.96850395202637
-1.90600395202637 -0.348917335271835 2.03100395202637
0 -1 0
-1.96850395202637 -0.348917335271835 3.96850395202637
-1.90600395202637 -0.348917335271835 3.90600395202637
1.96850395202637 -0.348917335271835 3.96850395202637
0 -1 0
-1.90600395202637 -0.348917335271835 2.03100395202637
-1.96850395202637 -0.348917335271835 1.96850395202637
1.96850395202637 -0.348917335271835 1.96850395202637
0 -1 0
-1.96850395202637 -0.348917335271835 1.96850395202637
-1.90600395202637 -0.348917335271835 2.03100395202637
-1.96850395202637 -0.348917335271835 3.96850395202637
0 -1 0
-1.96850395202637 0.307250648736954 3.96850395202637
-1.90600395202637 0.307250648736954 3.90600395202637
-1.90600395202637 0.307250648736954 2.03100395202637
0 1 0
-1.90600395202637 0.307250648736954 3.90600395202637
-1.96850395202637 0.307250648736954 3.96850395202637
1.90600395202637 0.307250648736954 3.90600395202637
0 1 0
-1.96850395202637 0.307250648736954 1.96850395202637
-1.90600395202637 0.307250648736954 2.03100395202637
1.90600395202637 0.307250648736954 2.03100395202637
0 1 0
-1.90600395202637 0.307250648736954 2.03100395202637
-1.96850395202637 0.307250648736954 1.96850395202637
-1.96850395202637 0.307250648736954 3.96850395202637
0 1 0
1.90600395202637 0.307250648736954 3.90600395202637
1.96850395202637 0.307250648736954 3.96850395202637
1.90600395202637 0.307250648736954 2.03100395202637
0 1 0
1.96850395202637 0.307250648736954 3.96850395202637
1.90600395202637 0.307250648736954 3.90600395202637
-1.96850395202637 0.307250648736954 3.96850395202637
0 1 0
1.90600395202637 0.307250648736954 2.03100395202637
1.96850395202637 0.307250648736954 1.96850395202637
-1.96850395202637 0.307250648736954 1.96850395202637
0 1 0
1.96850395202637 0.307250648736954 1.96850395202637
1.90600395202637 0.307250648736954 2.03100395202637
1.96850395202637 0.307250648736954 3.96850395202637
0 1 0
1.96850395202637 -0.348917335271835 3.96850395202637
1.96850395202637 0.307250648736954 3.96850395202637
-1.96850395202637 0.307250648736954 3.96850395202637
0 0 1
-1.96850395202637 0.307250648736954 3.96850395202637
-1.96850395202637 -0.348917335271835 3.96850395202637
1.96850395202637 -0.348917335271835 3.96850395202637
0 0 1
-1.96850395202637 -0.348917335271835 3.96850395202637
-1.96850395202637 0.307250648736954 3.96850395202637
-1.96850395202637 0.307250648736954 1.96850395202637
-1 0 0
-1.96850395202637 0.307250648736954 1.96850395202637
-1.96850395202637 -0.348917335271835 1.96850395202637
-1.96850395202637 -0.348917335271835 3.96850395202637
-1 0 0
-1.96850395202637 -0.348917335271835 1.96850395202637
-1.96850395202637 0.307250648736954 1.96850395202637
1.96850395202637 0.307250648736954 1.96850395202637
0 0 -1
1.96850395202637 0.307250648736954 1.96850395202637
1.96850395202637 -0.348917335271835 1.96850395202637
-1.96850395202637 -0.348917335271835 1.96850395202637
0 0 -1
1.96850395202637 -0.348917335271835 1.96850395202637
1.96850395202637 0.307250648736954 1.96850395202637
1.96850395202637 0.307250648736954 3.96850395202637
1 0 0
1.96850395202637 0.307250648736954 3.96850395202637
1.96850395202637 -0.348917335271835 3.96850395202637
1.96850395202637 -0.348917335271835 1.96850395202637
1 0 0
1.90600395202637 -0.348917335271835 3.90600395202637
1.90600395202637 0.307250648736954 3.90600395202637
1.90600395202637 0.307250648736954 2.03100395202637
-1 0 0
1.90600395202637 0.307250648736954 2.03100395202637
1.90600395202637 -0.348917335271835 2.03100395202637
1.90600395202637 -0.348917335271835 3.90600395202637
-1 0 0
1.90600395202637 -0.348917335271835 2.03100395202637
1.90600395202637 0.307250648736954 2.03100395202637
-1.90600395202637 0.307250648736954 2.03100395202637
0 0 1
-1.90600395202637 0.307250648736954 2.03100395202637
-1.90600395202637 -0.348917335271835 2.03100395202637
1.90600395202637 -0.348917335271835 2.03100395202637
0 0 1
-1.90600395202637 -0.348917335271835 2.03100395202637
-1.90600395202637 0.307250648736954 2.03100395202637
-1.90600395202637 0.307250648736954 3.90600395202637
1 0 0
-1.90600395202637 0.307250648736954 3.90600395202637
-1.90600395202637 -0.348917335271835 3.90600395202637
-1.90600395202637 -0.348917335271835 2.03100395202637
1 0 0
-1.90600395202637 -0.348917335271835 3.90600395202637
-1.90600395202637 0.307250648736954 3.90600395202637
1.90600395202637 0.307250648736954 3.90600395202637
0 0 -1
1.90600395202637 0.307250648736954 3.90600395202637
1.90600395202637 -0.348917335271835 3.90600395202637
-1.90600395202637 -0.348917335271835 3.90600395202637
0 0 -1
-1.90600395202637 0.189399525523186 2.14885497093201
-1.90600395202637 0.189399525523186 2.11939239501953
-1.90600395202637 0.0715483948588371 2.03100395202637
-1 0 0
-1.90600395202637 0.189399525523186 2.11939239501953
-1.90600395202637 0.189399525523186 2.14885497093201
-1.90600395202637 0.307250648736954 2.03100395202637
-1 0 0
-1.90600395202637 0.0715483948588371 2.03100395202637
-1.90600395202637 0.189399525523186 2.11939239501953
-1.90600395202637 0.101011179387569 2.03100395202637
-1 0 0
-1.90600395202637 0.307250648736954 2.03100395202637
-1.90600395202637 0.277787864208221 2.03100395202637
-1.90600395202637 0.189399525523186 2.11939239501953
-1 0 0
-1.90600395202637 0.189399525523186 2.27385497093201
-1.90600395202637 0.189399525523186 2.24439239501953
-1.90600395202637 0.0715483948588371 2.15600395202637
-1 0 0
-1.90600395202637 0.189399525523186 2.24439239501953
-1.90600395202637 0.189399525523186 2.27385497093201
-1.90600395202637 0.307250648736954 2.15600395202637
-1 0 0
-1.90600395202637 0.0715483948588371 2.15600395202637
-1.90600395202637 0.189399525523186 2.24439239501953
-1.90600395202637 0.0715483948588371 2.12654113769531
-1 0 0
-1.90600395202637 0.307250648736954 2.12654113769531
-1.90600395202637 0.189399525523186 2.24439239501953
-1.90600395202637 0.307250648736954 2.15600395202637
-1 0 0
-1.90600395202637 0.189399525523186 2.39885497093201
-1.90600395202637 0.189399525523186 2.36939239501953
-1.90600395202637 0.0715483948588371 2.28100395202637
-1 0 0
-1.90600395202637 0.189399525523186 2.36939239501953
-1.90600395202637 0.189399525523186 2.39885497093201
-1.90600395202637 0.307250648736954 2.28100395202637
-1 0 0
-1.90600395202637 0.0715483948588371 2.28100395202637
-1.90600395202637 0.189399525523186 2.36939239501953
-1.90600395202637 0.0715483948588371 2.25154113769531
-1 0 0
-1.90600395202637 0.307250648736954 2.25154113769531
-1.90600395202637 0.189399525523186 2.36939239501953
-1.90600395202637 0.307250648736954 2.28100395202637
-1 0 0
-1.90600395202637 0.189399525523186 2.52385497093201
-1.90600395202637 0.189399525523186 2.49439239501953
-1.90600395202637 0.0715483948588371 2.40600395202637
-1 0 0
-1.90600395202637 0.189399525523186 2.49439239501953
-1.90600395202637 0.189399525523186 2.52385497093201
-1.90600395202637 0.307250648736954 2.40600395202637
-1 0 0
-1.90600395202637 0.0715483948588371 2.40600395202637
-1.90600395202637 0.189399525523186 2.49439239501953
-1.90600395202637 0.0715483948588371 2.37654113769531
-1 0 0
-1.90600395202637 0.307250648736954 2.37654113769531
-1.90600395202637 0.189399525523186 2.49439239501953
-1.90600395202637 0.307250648736954 2.40600395202637
-1 0 0
-1.90600395202637 0.189399525523186 2.64885497093201
-1.90600395202637 0.189399525523186 2.61939239501953
-1.90600395202637 0.0715483948588371 2.53100395202637
-1 0 0
-1.90600395202637 0.189399525523186 2.61939239501953
-1.90600395202637 0.189399525523186 2.64885497093201
-1.90600395202637 0.307250648736954 2.53100395202637
-1 0 0
-1.90600395202637 0.0715483948588371 2.53100395202637
-1.90600395202637 0.189399525523186 2.61939239501953
-1.90600395202637 0.0715483948588371 2.50154113769531
-1 0 0
-1.90600395202637 0.307250648736954 2.50154113769531
-1.90600395202637 0.189399525523186 2.61939239501953
-1.90600395202637 0.307250648736954 2.53100395202637
-1 0 0
-1.90600395202637 0.189399525523186 2.77385497093201
-1.90600395202637 0.189399525523186 2.74439239501953
-1.90600395202637 0.0715483948588371 2.65600395202637
-1 0 0
-1.90600395202637 0.189399525523186 2.74439239501953
-1.90600395202637 0.189399525523186 2.77385497093201
-1.90600395202637 0.307250648736954 2.65600395202637
-1 0 0
-1.90600395202637 0.0715483948588371 2.65600395202637
-1.90600395202637 0.189399525523186 2.74439239501953
-1.90600395202637 0.0715483948588371 2.62654113769531
-1 0 0
-1.90600395202637 0.307250648736954 2.62654113769531
-1.90600395202637 0.189399525523186 2.74439239501953
-1.90600395202637 0.307250648736954 2.65600395202637
-1 0 0
-1.90600395202637 0.189399525523186 2.89885497093201
-1.90600395202637 0.189399525523186 2.86939239501953
-1.90600395202637 0.0715483948588371 2.78100395202637
-1 0 0
-1.90600395202637 0.189399525523186 2.86939239501953
-1.90600395202637 0.189399525523186 2.89885497093201
-1.90600395202637 0.307250648736954 2.78100395202637
-1 0 0
-1.90600395202637 0.0715483948588371 2.78100395202637
-1.90600395202637 0.189399525523186 2.86939239501953
-1.90600395202637 0.0715483948588371 2.75154113769531
-1 0 0
-1.90600395202637 0.307250648736954 2.75154113769531
-1.90600395202637 0.189399525523186 2.86939239501953
-1.90600395202637 0.307250648736954 2.78100395202637
-1 0 0
-1.90600395202637 0.0715483948588371 2.90600395202637
-1.90600395202637 0.189399525523186 2.99439239501953
-1.90600395202637 0.0715483948588371 2.87654113769531
-1 0 0
-1.90600395202637 0.189399525523186 2.99439239501953
-1.90600395202637 0.0715483948588371 2.90600395202637
-1.90600395202637 0.189399525523186 3.02385497093201
-1 0 0
-1.90600395202637 0.189399525523186 2.99439239501953
-1.90600395202637 0.307250648736954 2.90600395202637
-1.90600395202637 0.307250648736954 2.87654113769531
-1 0 0
-1.90600395202637 0.307250648736954 2.90600395202637
-1.90600395202637 0.189399525523186 2.99439239501953
-1.90600395202637 0.189399525523186 3.02385497093201
-1 0 0
-1.90600395202637 0.189399525523186 3.14885497093201
-1.90600395202637 0.189399525523186 3.11939239501953
-1.90600395202637 0.0715483948588371 3.03100395202637
-1 0 0
-1.90600395202637 0.189399525523186 3.11939239501953
-1.90600395202637 0.189399525523186 3.14885497093201
-1.90600395202637 0.307250648736954 3.03100395202637
-1 0 0
-1.90600395202637 0.0715483948588371 3.03100395202637
-1.90600395202637 0.189399525523186 3.11939239501953
-1.90600395202637 0.0715483948588371 3.00154113769531
-1 0 0
-1.90600395202637 0.307250648736954 3.00154113769531
-1.90600395202637 0.189399525523186 3.11939239501953
-1.90600395202637 0.307250648736954 3.03100395202637
-1 0 0
-1.90600395202637 0.189399525523186 3.27385497093201
-1.90600395202637 0.189399525523186 3.24439239501953
-1.90600395202637 0.0715483948588371 3.15600395202637
-1 0 0
-1.90600395202637 0.189399525523186 3.24439239501953
-1.90600395202637 0.189399525523186 3.27385497093201
-1.90600395202637 0.307250648736954 3.15600395202637
-1 0 0
-1.90600395202637 0.0715483948588371 3.15600395202637
-1.90600395202637 0.189399525523186 3.24439239501953
-1.90600395202637 0.0715483948588371 3.12654113769531
-1 0 0
-1.90600395202637 0.307250648736954 3.12654113769531
-1.90600395202637 0.189399525523186 3.24439239501953
-1.90600395202637 0.307250648736954 3.15600395202637
-1 0 0
-1.90600395202637 0.189399525523186 3.39885497093201
-1.90600395202637 0.189399525523186 3.36939239501953
-1.90600395202637 0.0715483948588371 3.28100395202637
-1 0 0
-1.90600395202637 0.189399525523186 3.36939239501953
-1.90600395202637 0.189399525523186 3.39885497093201
-1.90600395202637 0.307250648736954 3.28100395202637
-1 0 0
-1.90600395202637 0.0715483948588371 3.28100395202637
-1.90600395202637 0.189399525523186 3.36939239501953
-1.90600395202637 0.0715483948588371 3.25154113769531
-1 0 0
-1.90600395202637 0.307250648736954 3.25154113769531
-1.90600395202637 0.189399525523186 3.36939239501953
-1.90600395202637 0.307250648736954 3.28100395202637
-1 0 0
-1.90600395202637 0.189399525523186 3.52385497093201
-1.90600395202637 0.189399525523186 3.49439239501953
-1.90600395202637 0.0715483948588371 3.40600395202637
-1 0 0
-1.90600395202637 0.189399525523186 3.49439239501953
-1.90600395202637 0.189399525523186 3.52385497093201
-1.90600395202637 0.307250648736954 3.40600395202637
-1 0 0
-1.90600395202637 0.0715483948588371 3.40600395202637
-1.90600395202637 0.189399525523186 3.49439239501953
-1.90600395202637 0.0715483948588371 3.37654113769531
-1 0 0
-1.90600395202637 0.307250648736954 3.37654113769531
-1.90600395202637 0.189399525523186 3.49439239501953
-1.90600395202637 0.307250648736954 3.40600395202637
-1 0 0
-1.90600395202637 0.189399525523186 3.64885497093201
-1.90600395202637 0.189399525523186 3.61939239501953
-1.90600395202637 0.0715483948588371 3.53100395202637
-1 0 0
-1.90600395202637 0.189399525523186 3.61939239501953
-1.90600395202637 0.189399525523186 3.64885497093201
-1.90600395202637 0.307250648736954 3.53100395202637
-1 0 0
-1.90600395202637 0.0715483948588371 3.53100395202637
-1.90600395202637 0.189399525523186 3.61939239501953
-1.90600395202637 0.0715483948588371 3.50154113769531
-1 0 0
-1.90600395202637 0.307250648736954 3.50154113769531
-1.90600395202637 0.189399525523186 3.61939239501953
-1.90600395202637 0.307250648736954 3.53100395202637
-1 0 0
-1.90600395202637 0.0715483948588371 3.65600395202637
-1.90600395202637 0.189399525523186 3.77352690696716
-1.90600395202637 0.189399525523186 3.74439239501953
-1 0 0
-1.90600395202637 0.189399525523186 3.74439239501953
-1.90600395202637 0.189399525523186 3.77352690696716
-1.90600395202637 0.307250648736954 3.65600395202637
-1 0 0
-1.90600395202637 0.0715483948588371 3.65600395202637
-1.90600395202637 0.189399525523186 3.74439239501953
-1.90600395202637 0.0715483948588371 3.62654113769531
-1 0 0
-1.90600395202637 0.307250648736954 3.62654113769531
-1.90600395202637 0.189399525523186 3.74439239501953
-1.90600395202637 0.307250648736954 3.65600395202637
-1 0 0
-1.90600395202637 0.189399525523186 3.89852690696716
-1.90600395202637 0.189399525523186 3.86906409263611
-1.90600395202637 0.0715483948588371 3.78067588806152
-1 0 0
-1.90600395202637 0.189399525523186 3.86906409263611
-1.90600395202637 0.189399525523186 3.89852690696716
-1.90600395202637 0.307250648736954 3.78067588806152
-1 0 0
-1.90600395202637 0.0715483948588371 3.78067588806152
-1.90600395202637 0.189399525523186 3.86906409263611
-1.90600395202637 0.0715483948588371 3.75121307373047
-1 0 0
-1.90600395202637 0.307250648736954 3.75121307373047
-1.90600395202637 0.189399525523186 3.86906409263611
-1.90600395202637 0.307250648736954 3.78067588806152
-1 0 0
1.90600395202637 0.277787864208221 2.03100395202637
1.90600395202637 0.307250648736954 2.03100395202637
1.90600395202637 0.189399525523186 2.11939239501953
1 0 0
1.90600395202637 0.189399525523186 2.11939239501953
1.90600395202637 0.189399525523186 2.14885497093201
1.90600395202637 0.0715483948588371 2.03100395202637
1 0 0
1.90600395202637 0.189399525523186 2.14885497093201
1.90600395202637 0.189399525523186 2.11939239501953
1.90600395202637 0.307250648736954 2.03100395202637
1 0 0
1.90600395202637 0.189399525523186 2.11939239501953
1.90600395202637 0.0715483948588371 2.03100395202637
1.90600395202637 0.101011179387569 2.03100395202637
1 0 0
1.90600395202637 0.189399525523186 2.24439239501953
1.90600395202637 0.307250648736954 2.12654113769531
1.90600395202637 0.307250648736954 2.15600395202637
1 0 0
1.90600395202637 0.189399525523186 2.24439239501953
1.90600395202637 0.189399525523186 2.27385497093201
1.90600395202637 0.0715483948588371 2.15600395202637
1 0 0
1.90600395202637 0.189399525523186 2.27385497093201
1.90600395202637 0.189399525523186 2.24439239501953
1.90600395202637 0.307250648736954 2.15600395202637
1 0 0
1.90600395202637 0.189399525523186 2.24439239501953
1.90600395202637 0.0715483948588371 2.15600395202637
1.90600395202637 0.0715483948588371 2.12654113769531
1 0 0
1.90600395202637 0.189399525523186 2.36939239501953
1.90600395202637 0.307250648736954 2.25154113769531
1.90600395202637 0.307250648736954 2.28100395202637
1 0 0
1.90600395202637 0.189399525523186 2.36939239501953
1.90600395202637 0.189399525523186 2.39885497093201
1.90600395202637 0.0715483948588371 2.28100395202637
1 0 0
1.90600395202637 0.189399525523186 2.39885497093201
1.90600395202637 0.189399525523186 2.36939239501953
1.90600395202637 0.307250648736954 2.28100395202637
1 0 0
1.90600395202637 0.189399525523186 2.36939239501953
1.90600395202637 0.0715483948588371 2.28100395202637
1.90600395202637 0.0715483948588371 2.25154113769531
1 0 0
1.90600395202637 0.189399525523186 2.49439239501953
1.90600395202637 0.307250648736954 2.37654113769531
1.90600395202637 0.307250648736954 2.40600395202637
1 0 0
1.90600395202637 0.189399525523186 2.49439239501953
1.90600395202637 0.189399525523186 2.52385497093201
1.90600395202637 0.0715483948588371 2.40600395202637
1 0 0
1.90600395202637 0.189399525523186 2.52385497093201
1.90600395202637 0.189399525523186 2.49439239501953
1.90600395202637 0.307250648736954 2.40600395202637
1 0 0
1.90600395202637 0.189399525523186 2.49439239501953
1.90600395202637 0.0715483948588371 2.40600395202637
1.90600395202637 0.0715483948588371 2.37654113769531
1 0 0
1.90600395202637 0.189399525523186 2.61939239501953
1.90600395202637 0.307250648736954 2.50154113769531
1.90600395202637 0.307250648736954 2.53100395202637
1 0 0
1.90600395202637 0.189399525523186 2.61939239501953
1.90600395202637 0.189399525523186 2.64885497093201
1.90600395202637 0.0715483948588371 2.53100395202637
1 0 0
1.90600395202637 0.189399525523186 2.64885497093201
1.90600395202637 0.189399525523186 2.61939239501953
1.90600395202637 0.307250648736954 2.53100395202637
1 0 0
1.90600395202637 0.189399525523186 2.61939239501953
1.90600395202637 0.0715483948588371 2.53100395202637
1.90600395202637 0.0715483948588371 2.50154113769531
1 0 0
1.90600395202637 0.189399525523186 2.74439239501953
1.90600395202637 0.307250648736954 2.62654113769531
1.90600395202637 0.307250648736954 2.65600395202637
1 0 0
1.90600395202637 0.189399525523186 2.74439239501953
1.90600395202637 0.189399525523186 2.77385497093201
1.90600395202637 0.0715483948588371 2.65600395202637
1 0 0
1.90600395202637 0.189399525523186 2.77385497093201
1.90600395202637 0.189399525523186 2.74439239501953
1.90600395202637 0.307250648736954 2.65600395202637
1 0 0
1.90600395202637 0.189399525523186 2.74439239501953
1.90600395202637 0.0715483948588371 2.65600395202637
1.90600395202637 0.0715483948588371 2.62654113769531
1 0 0
1.90600395202637 0.189399525523186 2.86939239501953
1.90600395202637 0.307250648736954 2.75154113769531
1.90600395202637 0.307250648736954 2.78100395202637
1 0 0
1.90600395202637 0.189399525523186 2.86939239501953
1.90600395202637 0.189399525523186 2.89885497093201
1.90600395202637 0.0715483948588371 2.78100395202637
1 0 0
1.90600395202637 0.189399525523186 2.89885497093201
1.90600395202637 0.189399525523186 2.86939239501953
1.90600395202637 0.307250648736954 2.78100395202637
1 0 0
1.90600395202637 0.189399525523186 2.86939239501953
1.90600395202637 0.0715483948588371 2.78100395202637
1.90600395202637 0.0715483948588371 2.75154113769531
1 0 0
1.90600395202637 0.307250648736954 2.87654113769531
1.90600395202637 0.307250648736954 2.90600395202637
1.90600395202637 0.189399525523186 2.99439239501953
1 0 0
1.90600395202637 0.189399525523186 2.99439239501953
1.90600395202637 0.307250648736954 2.90600395202637
1.90600395202637 0.189399525523186 3.02385497093201
1 0 0
1.90600395202637 0.189399525523186 2.99439239501953
1.90600395202637 0.0715483948588371 2.90600395202637
1.90600395202637 0.0715483948588371 2.87654113769531
1 0 0
1.90600395202637 0.0715483948588371 2.90600395202637
1.90600395202637 0.189399525523186 2.99439239501953
1.90600395202637 0.189399525523186 3.02385497093201
1 0 0
1.90600395202637 0.189399525523186 3.11939239501953
1.90600395202637 0.307250648736954 3.00154113769531
1.90600395202637 0.307250648736954 3.03100395202637
1 0 0
1.90600395202637 0.189399525523186 3.11939239501953
1.90600395202637 0.189399525523186 3.14885497093201
1.90600395202637 0.0715483948588371 3.03100395202637
1 0 0
1.90600395202637 0.189399525523186 3.14885497093201
1.90600395202637 0.189399525523186 3.11939239501953
1.90600395202637 0.307250648736954 3.03100395202637
1 0 0
1.90600395202637 0.189399525523186 3.11939239501953
1.90600395202637 0.0715483948588371 3.03100395202637
1.90600395202637 0.0715483948588371 3.00154113769531
1 0 0
1.90600395202637 0.189399525523186 3.24439239501953
1.90600395202637 0.307250648736954 3.12654113769531
1.90600395202637 0.307250648736954 3.15600395202637
1 0 0
1.90600395202637 0.189399525523186 3.24439239501953
1.90600395202637 0.189399525523186 3.27385497093201
1.90600395202637 0.0715483948588371 3.15600395202637
1 0 0
1.90600395202637 0.189399525523186 3.27385497093201
1.90600395202637 0.189399525523186 3.24439239501953
1.90600395202637 0.307250648736954 3.15600395202637
1 0 0
1.90600395202637 0.189399525523186 3.24439239501953
1.90600395202637 0.0715483948588371 3.15600395202637
1.90600395202637 0.0715483948588371 3.12654113769531
1 0 0
1.90600395202637 0.189399525523186 3.36939239501953
1.90600395202637 0.307250648736954 3.25154113769531
1.90600395202637 0.307250648736954 3.28100395202637
1 0 0
1.90600395202637 0.189399525523186 3.36939239501953
1.90600395202637 0.189399525523186 3.39885497093201
1.90600395202637 0.0715483948588371 3.28100395202637
1 0 0
1.90600395202637 0.189399525523186 3.39885497093201
1.90600395202637 0.189399525523186 3.36939239501953
1.90600395202637 0.307250648736954 3.28100395202637
1 0 0
1.90600395202637 0.189399525523186 3.36939239501953
1.90600395202637 0.0715483948588371 3.28100395202637
1.90600395202637 0.0715483948588371 3.25154113769531
1 0 0
1.90600395202637 0.189399525523186 3.49439239501953
1.90600395202637 0.307250648736954 3.37654113769531
1.90600395202637 0.307250648736954 3.40600395202637
1 0 0
1.90600395202637 0.189399525523186 3.49439239501953
1.90600395202637 0.189399525523186 3.52385497093201
1.90600395202637 0.0715483948588371 3.40600395202637
1 0 0
1.90600395202637 0.189399525523186 3.52385497093201
1.90600395202637 0.189399525523186 3.49439239501953
1.90600395202637 0.307250648736954 3.40600395202637
1 0 0
1.90600395202637 0.189399525523186 3.49439239501953
1.90600395202637 0.0715483948588371 3.40600395202637
1.90600395202637 0.0715483948588371 3.37654113769531
1 0 0
1.90600395202637 0.189399525523186 3.61939239501953
1.90600395202637 0.307250648736954 3.50154113769531
1.90600395202637 0.307250648736954 3.53100395202637
1 0 0
1.90600395202637 0.189399525523186 3.61939239501953
1.90600395202637 0.189399525523186 3.64885497093201
1.90600395202637 0.0715483948588371 3.53100395202637
1 0 0
1.90600395202637 0.189399525523186 3.64885497093201
1.90600395202637 0.189399525523186 3.61939239501953
1.90600395202637 0.307250648736954 3.53100395202637
1 0 0
1.90600395202637 0.189399525523186 3.61939239501953
1.90600395202637 0.0715483948588371 3.53100395202637
1.90600395202637 0.0715483948588371 3.50154113769531
1 0 0
1.90600395202637 0.189399525523186 3.74439239501953
1.90600395202637 0.307250648736954 3.62654113769531
1.90600395202637 0.307250648736954 3.65600395202637
1 0 0
1.90600395202637 0.189399525523186 3.74439239501953
1.90600395202637 0.189399525523186 3.77352690696716
1.90600395202637 0.0715483948588371 3.65600395202637
1 0 0
1.90600395202637 0.189399525523186 3.77352690696716
1.90600395202637 0.189399525523186 3.74439239501953
1.90600395202637 0.307250648736954 3.65600395202637
1 0 0
1.90600395202637 0.189399525523186 3.74439239501953
1.90600395202637 0.0715483948588371 3.65600395202637
1.90600395202637 0.0715483948588371 3.62654113769531
1 0 0
1.90600395202637 0.189399525523186 3.86906409263611
1.90600395202637 0.307250648736954 3.75121307373047
1.90600395202637 0.307250648736954 3.78067588806152
1 0 0
1.90600395202637 0.189399525523186 3.86906409263611
1.90600395202637 0.189399525523186 3.89852690696716
1.90600395202637 0.0715483948588371 3.78067588806152
1 0 0
1.90600395202637 0.189399525523186 3.89852690696716
1.90600395202637 0.189399525523186 3.86906409263611
1.90600395202637 0.307250648736954 3.78067588806152
1 0 0
1.90600395202637 0.189399525523186 3.86906409263611
1.90600395202637 0.0715483948588371 3.78067588806152
1.90600395202637 0.0715483948588371 3.75121307373047
1 0 0
-1.90600395202637 0.189399525523186 2.14885497093201
1.90600395202637 0.189399525523186 2.14885497093201
1.90600395202637 0.307250648736954 2.03100395202637
0 0.7071067811862 0.707106781186895
1.90600395202637 0.307250648736954 2.03100395202637
-1.90600395202637 0.307250648736954 2.03100395202637
-1.90600395202637 0.189399525523186 2.14885497093201
0 0.7071067811862 0.707106781186895
-1.90600395202637 0.307250648736954 2.03100395202637
1.90600395202637 0.307250648736954 2.03100395202637
1.90600395202637 0.277787864208221 2.03100395202637
0 0 -1
1.90600395202637 0.277787864208221 2.03100395202637
-1.90600395202637 0.277787864208221 2.03100395202637
-1.90600395202637 0.307250648736954 2.03100395202637
0 0 -1
-1.90600395202637 0.277787864208221 2.03100395202637
1.90600395202637 0.277787864208221 2.03100395202637
1.90600395202637 0.189399525523186 2.11939239501953
0 -0.707106781186089 -0.707106781187006
1.90600395202637 0.189399525523186 2.11939239501953
-1.90600395202637 0.189399525523186 2.11939239501953
-1.90600395202637 0.277787864208221 2.03100395202637
0 -0.707106781186089 -0.707106781187006
-1.90600395202637 0.189399525523186 2.11939239501953
1.90600395202637 0.189399525523186 2.11939239501953
1.90600395202637 0.101011179387569 2.03100395202637
0 0.707106781187006 -0.707106781186089
1.90600395202637 0.101011179387569 2.03100395202637
-1.90600395202637 0.101011179387569 2.03100395202637
-1.90600395202637 0.189399525523186 2.11939239501953
0 0.707106781187006 -0.707106781186089
-1.90600395202637 0.101011179387569 2.03100395202637
1.90600395202637 0.101011179387569 2.03100395202637
1.90600395202637 0.0715483948588371 2.03100395202637
0 0 -1
1.90600395202637 0.0715483948588371 2.03100395202637
-1.90600395202637 0.0715483948588371 2.03100395202637
-1.90600395202637 0.101011179387569 2.03100395202637
0 0 -1
-1.90600395202637 0.0715483948588371 2.03100395202637
1.90600395202637 0.0715483948588371 2.03100395202637
1.90600395202637 0.189399525523186 2.14885497093201
0 -0.707106781186895 0.7071067811862
1.90600395202637 0.189399525523186 2.14885497093201
-1.90600395202637 0.189399525523186 2.14885497093201
-1.90600395202637 0.0715483948588371 2.03100395202637
0 -0.707106781186895 0.7071067811862
-1.90600395202637 0.189399525523186 2.27385497093201
1.90600395202637 0.189399525523186 2.27385497093201
1.90600395202637 0.307250648736954 2.15600395202637
0 0.707106781186283 0.707106781186812
1.90600395202637 0.307250648736954 2.15600395202637
-1.90600395202637 0.307250648736954 2.15600395202637
-1.90600395202637 0.189399525523186 2.27385497093201
0 0.707106781186283 0.707106781186812
-1.90600395202637 0.307250648736954 2.15600395202637
1.90600395202637 0.307250648736954 2.15600395202637
1.90600395202637 0.307250648736954 2.12654113769531
0 1 0
1.90600395202637 0.307250648736954 2.12654113769531
-1.90600395202637 0.307250648736954 2.12654113769531
-1.90600395202637 0.307250648736954 2.15600395202637
0 1 0
-1.90600395202637 0.307250648736954 2.12654113769531
1.90600395202637 0.307250648736954 2.12654113769531
1.90600395202637 0.189399525523186 2.24439239501953
0 -0.707106781186217 -0.707106781186878
1.90600395202637 0.189399525523186 2.24439239501953
-1.90600395202637 0.189399525523186 2.24439239501953
-1.90600395202637 0.307250648736954 2.12654113769531
0 -0.707106781186217 -0.707106781186878
-1.90600395202637 0.189399525523186 2.24439239501953
1.90600395202637 0.189399525523186 2.24439239501953
1.90600395202637 0.0715483948588371 2.12654113769531
0 0.707106781186879 -0.707106781186217
1.90600395202637 0.0715483948588371 2.12654113769531
-1.90600395202637 0.0715483948588371 2.12654113769531
-1.90600395202637 0.189399525523186 2.24439239501953
0 0.707106781186879 -0.707106781186217
-1.90600395202637 0.0715483948588371 2.12654113769531
1.90600395202637 0.0715483948588371 2.12654113769531
1.90600395202637 0.0715483948588371 2.15600395202637
0 -1 0
1.90600395202637 0.0715483948588371 2.15600395202637
-1.90600395202637 0.0715483948588371 2.15600395202637
-1.90600395202637 0.0715483948588371 2.12654113769531
0 -1 0
-1.90600395202637 0.0715483948588371 2.15600395202637
1.90600395202637 0.0715483948588371 2.15600395202637
1.90600395202637 0.189399525523186 2.27385497093201
0 -0.707106781186728 0.707106781186367
1.90600395202637 0.189399525523186 2.27385497093201
-1.90600395202637 0.189399525523186 2.27385497093201
-1.90600395202637 0.0715483948588371 2.15600395202637
0 -0.707106781186728 0.707106781186367
-1.90600395202637 0.189399525523186 2.39885497093201
1.90600395202637 0.189399525523186 2.39885497093201
1.90600395202637 0.307250648736954 2.28100395202637
0 0.707106781186394 0.707106781186701
1.90600395202637 0.307250648736954 2.28100395202637
-1.90600395202637 0.307250648736954 2.28100395202637
-1.90600395202637 0.189399525523186 2.39885497093201
0 0.707106781186394 0.707106781186701
-1.90600395202637 0.307250648736954 2.28100395202637
1.90600395202637 0.307250648736954 2.28100395202637
1.90600395202637 0.307250648736954 2.25154113769531
0 1 0
1.90600395202637 0.307250648736954 2.25154113769531
-1.90600395202637 0.307250648736954 2.25154113769531
-1.90600395202637 0.307250648736954 2.28100395202637
0 1 0
-1.90600395202637 0.307250648736954 2.25154113769531
1.90600395202637 0.307250648736954 2.25154113769531
1.90600395202637 0.189399525523186 2.36939239501953
0 -0.707106781186347 -0.707106781186748
1.90600395202637 0.189399525523186 2.36939239501953
-1.90600395202637 0.189399525523186 2.36939239501953
-1.90600395202637 0.307250648736954 2.25154113769531
0 -0.707106781186347 -0.707106781186748
-1.90600395202637 0.189399525523186 2.36939239501953
1.90600395202637 0.189399525523186 2.36939239501953
1.90600395202637 0.0715483948588371 2.25154113769531
0 0.707106781186748 -0.707106781186347
1.90600395202637 0.0715483948588371 2.25154113769531
-1.90600395202637 0.0715483948588371 2.25154113769531
-1.90600395202637 0.189399525523186 2.36939239501953
0 0.707106781186748 -0.707106781186347
-1.90600395202637 0.0715483948588371 2.25154113769531
1.90600395202637 0.0715483948588371 2.25154113769531
1.90600395202637 0.0715483948588371 2.28100395202637
0 -1 4.71027737604158E-16
1.90600395202637 0.0715483948588371 2.28100395202637
-1.90600395202637 0.0715483948588371 2.28100395202637
-1.90600395202637 0.0715483948588371 2.25154113769531
0 -1 4.71027737604158E-16
-1.90600395202637 0.0715483948588371 2.28100395202637
1.90600395202637 0.0715483948588371 2.28100395202637
1.90600395202637 0.189399525523186 2.39885497093201
0 -0.7071067811866 0.707106781186495
1.90600395202637 0.189399525523186 2.39885497093201
-1.90600395202637 0.189399525523186 2.39885497093201
-1.90600395202637 0.0715483948588371 2.28100395202637
0 -0.7071067811866 0.707106781186495
-1.90600395202637 0.189399525523186 2.52385497093201
1.90600395202637 0.189399525523186 2.52385497093201
1.90600395202637 0.307250648736954 2.40600395202637
0 0.707106781186389 0.707106781186706
1.90600395202637 0.307250648736954 2.40600395202637
-1.90600395202637 0.307250648736954 2.40600395202637
-1.90600395202637 0.189399525523186 2.52385497093201
0 0.707106781186389 0.707106781186706
-1.90600395202637 0.307250648736954 2.40600395202637
1.90600395202637 0.307250648736954 2.40600395202637
1.90600395202637 0.307250648736954 2.37654113769531
0 1 -1.88411095042089E-15
1.90600395202637 0.307250648736954 2.37654113769531
-1.90600395202637 0.307250648736954 2.37654113769531
-1.90600395202637 0.307250648736954 2.40600395202637
0 1 -1.88411095042089E-15
-1.90600395202637 0.307250648736954 2.37654113769531
1.90600395202637 0.307250648736954 2.37654113769531
1.90600395202637 0.189399525523186 2.49439239501953
0 -0.707106781186348 -0.707106781186748
1.90600395202637 0.189399525523186 2.49439239501953
-1.90600395202637 0.189399525523186 2.49439239501953
-1.90600395202637 0.307250648736954 2.37654113769531
0 -0.707106781186348 -0.707106781186748
-1.90600395202637 0.189399525523186 2.49439239501953
1.90600395202637 0.189399525523186 2.49439239501953
1.90600395202637 0.0715483948588371 2.37654113769531
0 0.707106781186704 -0.707106781186391
1.90600395202637 0.0715483948588371 2.37654113769531
-1.90600395202637 0.0715483948588371 2.37654113769531
-1.90600395202637 0.189399525523186 2.49439239501953
0 0.707106781186704 -0.707106781186391
-1.90600395202637 0.0715483948588371 2.37654113769531
1.90600395202637 0.0715483948588371 2.37654113769531
1.90600395202637 0.0715483948588371 2.40600395202637
0 -1 4.23924963844567E-15
1.90600395202637 0.0715483948588371 2.40600395202637
-1.90600395202637 0.0715483948588371 2.40600395202637
-1.90600395202637 0.0715483948588371 2.37654113769531
0 -1 4.23924963844567E-15
-1.90600395202637 0.0715483948588371 2.40600395202637
1.90600395202637 0.0715483948588371 2.40600395202637
1.90600395202637 0.189399525523186 2.52385497093201
0 -0.707106781186718 0.707106781186377
1.90600395202637 0.189399525523186 2.52385497093201
-1.90600395202637 0.189399525523186 2.52385497093201
-1.90600395202637 0.0715483948588371 2.40600395202637
0 -0.707106781186718 0.707106781186377
-1.90600395202637 0.189399525523186 2.64885497093201
1.90600395202637 0.189399525523186 2.64885497093201
1.90600395202637 0.307250648736954 2.53100395202637
0 0.707106781186433 0.707106781186663
1.90600395202637 0.307250648736954 2.53100395202637
-1.90600395202637 0.307250648736954 2.53100395202637
-1.90600395202637 0.189399525523186 2.64885497093201
0 0.707106781186433 0.707106781186663
-1.90600395202637 0.307250648736954 2.53100395202637
1.90600395202637 0.307250648736954 2.53100395202637
1.90600395202637 0.307250648736954 2.50154113769531
0 1 0
1.90600395202637 0.307250648736954 2.50154113769531
-1.90600395202637 0.307250648736954 2.50154113769531
-1.90600395202637 0.307250648736954 2.53100395202637
0 1 0
-1.90600395202637 0.307250648736954 2.50154113769531
1.90600395202637 0.307250648736954 2.50154113769531
1.90600395202637 0.189399525523186 2.61939239501953
0 -0.707106781186418 -0.707106781186677
1.90600395202637 0.189399525523186 2.61939239501953
-1.90600395202637 0.189399525523186 2.61939239501953
-1.90600395202637 0.307250648736954 2.50154113769531
0 -0.707106781186418 -0.707106781186677
-1.90600395202637 0.189399525523186 2.61939239501953
1.90600395202637 0.189399525523186 2.61939239501953
1.90600395202637 0.0715483948588371 2.50154113769531
0 0.707106781186678 -0.707106781186418
1.90600395202637 0.0715483948588371 2.50154113769531
-1.90600395202637 0.0715483948588371 2.50154113769531
-1.90600395202637 0.189399525523186 2.61939239501953
0 0.707106781186678 -0.707106781186418
-1.90600395202637 0.0715483948588371 2.50154113769531
1.90600395202637 0.0715483948588371 2.50154113769531
1.90600395202637 0.0715483948588371 2.53100395202637
0 -1 0
1.90600395202637 0.0715483948588371 2.53100395202637
-1.90600395202637 0.0715483948588371 2.53100395202637
-1.90600395202637 0.0715483948588371 2.50154113769531
0 -1 0
-1.90600395202637 0.0715483948588371 2.53100395202637
1.90600395202637 0.0715483948588371 2.53100395202637
1.90600395202637 0.189399525523186 2.64885497093201
0 -0.707106781185969 0.707106781187126
1.90600395202637 0.189399525523186 2.64885497093201
-1.90600395202637 0.189399525523186 2.64885497093201
-1.90600395202637 0.0715483948588371 2.53100395202637
0 -0.707106781185969 0.707106781187126
-1.90600395202637 0.189399525523186 2.77385497093201
1.90600395202637 0.189399525523186 2.77385497093201
1.90600395202637 0.307250648736954 2.65600395202637
0 0.707106781186483 0.707106781186612
1.90600395202637 0.307250648736954 2.65600395202637
-1.90600395202637 0.307250648736954 2.65600395202637
-1.90600395202637 0.189399525523186 2.77385497093201
0 0.707106781186483 0.707106781186612
-1.90600395202637 0.307250648736954 2.65600395202637
1.90600395202637 0.307250648736954 2.65600395202637
1.90600395202637 0.307250648736954 2.62654113769531
0 1 -1.88411095042035E-15
1.90600395202637 0.307250648736954 2.62654113769531
-1.90600395202637 0.307250648736954 2.62654113769531
-1.90600395202637 0.307250648736954 2.65600395202637
0 1 -1.88411095042035E-15
-1.90600395202637 0.307250648736954 2.62654113769531
1.90600395202637 0.307250648736954 2.62654113769531
1.90600395202637 0.189399525523186 2.74439239501953
0 -0.707106781186461 -0.707106781186635
1.90600395202637 0.189399525523186 2.74439239501953
-1.90600395202637 0.189399525523186 2.74439239501953
-1.90600395202637 0.307250648736954 2.62654113769531
0 -0.707106781186461 -0.707106781186635
-1.90600395202637 0.189399525523186 2.74439239501953
1.90600395202637 0.189399525523186 2.74439239501953
1.90600395202637 0.0715483948588371 2.62654113769531
0 0.707106781186132 -0.707106781186963
1.90600395202637 0.0715483948588371 2.62654113769531
-1.90600395202637 0.0715483948588371 2.62654113769531
-1.90600395202637 0.189399525523186 2.74439239501953
0 0.707106781186132 -0.707106781186963
-1.90600395202637 0.0715483948588371 2.62654113769531
1.90600395202637 0.0715483948588371 2.62654113769531
1.90600395202637 0.0715483948588371 2.65600395202637
0 -1 4.71027737605195E-15
1.90600395202637 0.0715483948588371 2.65600395202637
-1.90600395202637 0.0715483948588371 2.65600395202637
-1.90600395202637 0.0715483948588371 2.62654113769531
0 -1 4.71027737605195E-15
-1.90600395202637 0.0715483948588371 2.65600395202637
1.90600395202637 0.0715483948588371 2.65600395202637
1.90600395202637 0.189399525523186 2.77385497093201
0 -0.707106781186175 0.70710678118692
1.90600395202637 0.189399525523186 2.77385497093201
-1.90600395202637 0.189399525523186 2.77385497093201
-1.90600395202637 0.0715483948588371 2.65600395202637
0 -0.707106781186175 0.70710678118692
-1.90600395202637 0.189399525523186 2.89885497093201
1.90600395202637 0.189399525523186 2.89885497093201
1.90600395202637 0.307250648736954 2.78100395202637
0 0.707106781186517 0.707106781186578
1.90600395202637 0.307250648736954 2.78100395202637
-1.90600395202637 0.307250648736954 2.78100395202637
-1.90600395202637 0.189399525523186 2.89885497093201
0 0.707106781186517 0.707106781186578
-1.90600395202637 0.307250648736954 2.78100395202637
1.90600395202637 0.307250648736954 2.78100395202637
1.90600395202637 0.307250648736954 2.75154113769531
0 1 0
1.90600395202637 0.307250648736954 2.75154113769531
-1.90600395202637 0.307250648736954 2.75154113769531
-1.90600395202637 0.307250648736954 2.78100395202637
0 1 0
-1.90600395202637 0.307250648736954 2.75154113769531
1.90600395202637 0.307250648736954 2.75154113769531
1.90600395202637 0.189399525523186 2.86939239501953
0 -0.707106781186494 -0.707106781186601
1.90600395202637 0.189399525523186 2.86939239501953
-1.90600395202637 0.189399525523186 2.86939239501953
-1.90600395202637 0.307250648736954 2.75154113769531
0 -0.707106781186494 -0.707106781186601
-1.90600395202637 0.189399525523186 2.86939239501953
1.90600395202637 0.189399525523186 2.86939239501953
1.90600395202637 0.0715483948588371 2.75154113769531
0 0.707106781186151 -0.707106781186944
1.90600395202637 0.0715483948588371 2.75154113769531
-1.90600395202637 0.0715483948588371 2.75154113769531
-1.90600395202637 0.189399525523186 2.86939239501953
0 0.707106781186151 -0.707106781186944
-1.90600395202637 0.0715483948588371 2.75154113769531
1.90600395202637 0.0715483948588371 2.75154113769531
1.90600395202637 0.0715483948588371 2.78100395202637
0 -1 1.41308321281541E-15
1.90600395202637 0.0715483948588371 2.78100395202637
-1.90600395202637 0.0715483948588371 2.78100395202637
-1.90600395202637 0.0715483948588371 2.75154113769531
0 -1 1.41308321281541E-15
-1.90600395202637 0.0715483948588371 2.78100395202637
1.90600395202637 0.0715483948588371 2.78100395202637
1.90600395202637 0.189399525523186 2.89885497093201
0 -0.707106781186202 0.707106781186893
1.90600395202637 0.189399525523186 2.89885497093201
-1.90600395202637 0.189399525523186 2.89885497093201
-1.90600395202637 0.0715483948588371 2.78100395202637
0 -0.707106781186202 0.707106781186893
-1.90600395202637 0.189399525523186 3.02385497093201
1.90600395202637 0.189399525523186 3.02385497093201
1.90600395202637 0.307250648736954 2.90600395202637
0 0.707106781186574 0.707106781186521
1.90600395202637 0.307250648736954 2.90600395202637
-1.90600395202637 0.307250648736954 2.90600395202637
-1.90600395202637 0.189399525523186 3.02385497093201
0 0.707106781186574 0.707106781186521
-1.90600395202637 0.307250648736954 2.90600395202637
1.90600395202637 0.307250648736954 2.90600395202637
1.90600395202637 0.307250648736954 2.87654113769531
0 1 -1.88411095042024E-15
1.90600395202637 0.307250648736954 2.87654113769531
-1.90600395202637 0.307250648736954 2.87654113769531
-1.90600395202637 0.307250648736954 2.90600395202637
0 1 -1.88411095042024E-15
-1.90600395202637 0.307250648736954 2.87654113769531
1.90600395202637 0.307250648736954 2.87654113769531
1.90600395202637 0.189399525523186 2.99439239501953
0 -0.707106781186546 -0.707106781186549
1.90600395202637 0.189399525523186 2.99439239501953
-1.90600395202637 0.189399525523186 2.99439239501953
-1.90600395202637 0.307250648736954 2.87654113769531
0 -0.707106781186546 -0.707106781186549
-1.90600395202637 0.189399525523186 2.99439239501953
1.90600395202637 0.189399525523186 2.99439239501953
1.90600395202637 0.0715483948588371 2.87654113769531
0 0.707106781186417 -0.707106781186678
1.90600395202637 0.0715483948588371 2.87654113769531
-1.90600395202637 0.0715483948588371 2.87654113769531
-1.90600395202637 0.189399525523186 2.99439239501953
0 0.707106781186417 -0.707106781186678
-1.90600395202637 0.0715483948588371 2.87654113769531
1.90600395202637 0.0715483948588371 2.87654113769531
1.90600395202637 0.0715483948588371 2.90600395202637
0 -1 -9.4205547520995E-16
1.90600395202637 0.0715483948588371 2.90600395202637
-1.90600395202637 0.0715483948588371 2.90600395202637
-1.90600395202637 0.0715483948588371 2.87654113769531
0 -1 -9.4205547520995E-16
-1.90600395202637 0.0715483948588371 2.90600395202637
1.90600395202637 0.0715483948588371 2.90600395202637
1.90600395202637 0.189399525523186 3.02385497093201
0 -0.707106781186429 0.707106781186666
1.90600395202637 0.189399525523186 3.02385497093201
-1.90600395202637 0.189399525523186 3.02385497093201
-1.90600395202637 0.0715483948588371 2.90600395202637
0 -0.707106781186429 0.707106781186666
-1.90600395202637 0.189399525523186 3.14885497093201
1.90600395202637 0.189399525523186 3.14885497093201
1.90600395202637 0.307250648736954 3.03100395202637
0 0.707106781186568 0.707106781186527
1.90600395202637 0.307250648736954 3.03100395202637
-1.90600395202637 0.307250648736954 3.03100395202637
-1.90600395202637 0.189399525523186 3.14885497093201
0 0.707106781186568 0.707106781186527
-1.90600395202637 0.307250648736954 3.03100395202637
1.90600395202637 0.307250648736954 3.03100395202637
1.90600395202637 0.307250648736954 3.00154113769531
0 1 0
1.90600395202637 0.307250648736954 3.00154113769531
-1.90600395202637 0.307250648736954 3.00154113769531
-1.90600395202637 0.307250648736954 3.03100395202637
0 1 0
-1.90600395202637 0.307250648736954 3.00154113769531
1.90600395202637 0.307250648736954 3.00154113769531
1.90600395202637 0.189399525523186 3.11939239501953
0 -0.707106781186579 -0.707106781186516
1.90600395202637 0.189399525523186 3.11939239501953
-1.90600395202637 0.189399525523186 3.11939239501953
-1.90600395202637 0.307250648736954 3.00154113769531
0 -0.707106781186579 -0.707106781186516
-1.90600395202637 0.189399525523186 3.11939239501953
1.90600395202637 0.189399525523186 3.11939239501953
1.90600395202637 0.0715483948588371 3.00154113769531
0 0.707106781186516 -0.707106781186579
1.90600395202637 0.0715483948588371 3.00154113769531
-1.90600395202637 0.0715483948588371 3.00154113769531
-1.90600395202637 0.189399525523186 3.11939239501953
0 0.707106781186516 -0.707106781186579
-1.90600395202637 0.0715483948588371 3.00154113769531
1.90600395202637 0.0715483948588371 3.00154113769531
1.90600395202637 0.0715483948588371 3.03100395202637
0 -1 0
1.90600395202637 0.0715483948588371 3.03100395202637
-1.90600395202637 0.0715483948588371 3.03100395202637
-1.90600395202637 0.0715483948588371 3.00154113769531
0 -1 0
-1.90600395202637 0.0715483948588371 3.03100395202637
1.90600395202637 0.0715483948588371 3.03100395202637
1.90600395202637 0.189399525523186 3.14885497093201
0 -0.707106781187864 0.707106781185231
1.90600395202637 0.189399525523186 3.14885497093201
-1.90600395202637 0.189399525523186 3.14885497093201
-1.90600395202637 0.0715483948588371 3.03100395202637
0 -0.707106781187864 0.707106781185231
-1.90600395202637 0.189399525523186 3.27385497093201
1.90600395202637 0.189399525523186 3.27385497093201
1.90600395202637 0.307250648736954 3.15600395202637
0 0.707106781186552 0.707106781186543
1.90600395202637 0.307250648736954 3.15600395202637
-1.90600395202637 0.307250648736954 3.15600395202637
-1.90600395202637 0.189399525523186 3.27385497093201
0 0.707106781186552 0.707106781186543
-1.90600395202637 0.307250648736954 3.15600395202637
1.90600395202637 0.307250648736954 3.15600395202637
1.90600395202637 0.307250648736954 3.12654113769531
0 1 3.76822190083986E-15
1.90600395202637 0.307250648736954 3.12654113769531
-1.90600395202637 0.307250648736954 3.12654113769531
-1.90600395202637 0.307250648736954 3.15600395202637
0 1 3.76822190083986E-15
-1.90600395202637 0.307250648736954 3.12654113769531
1.90600395202637 0.307250648736954 3.12654113769531
1.90600395202637 0.189399525523186 3.24439239501953
0 -0.707106781186533 -0.707106781186562
1.90600395202637 0.189399525523186 3.24439239501953
-1.90600395202637 0.189399525523186 3.24439239501953
-1.90600395202637 0.307250648736954 3.12654113769531
0 -0.707106781186533 -0.707106781186562
-1.90600395202637 0.189399525523186 3.24439239501953
1.90600395202637 0.189399525523186 3.24439239501953
1.90600395202637 0.0715483948588371 3.12654113769531
0 0.707106781187892 -0.707106781185203
1.90600395202637 0.0715483948588371 3.12654113769531
-1.90600395202637 0.0715483948588371 3.12654113769531
-1.90600395202637 0.189399525523186 3.24439239501953
0 0.707106781187892 -0.707106781185203
-1.90600395202637 0.0715483948588371 3.12654113769531
1.90600395202637 0.0715483948588371 3.12654113769531
1.90600395202637 0.0715483948588371 3.15600395202637
0 -1 -9.42055475210447E-16
1.90600395202637 0.0715483948588371 3.15600395202637
-1.90600395202637 0.0715483948588371 3.15600395202637
-1.90600395202637 0.0715483948588371 3.12654113769531
0 -1 -9.42055475210447E-16
-1.90600395202637 0.0715483948588371 3.15600395202637
1.90600395202637 0.0715483948588371 3.15600395202637
1.90600395202637 0.189399525523186 3.27385497093201
0 -0.707106781187956 0.707106781185139
1.90600395202637 0.189399525523186 3.27385497093201
-1.90600395202637 0.189399525523186 3.27385497093201
-1.90600395202637 0.0715483948588371 3.15600395202637
0 -0.707106781187956 0.707106781185139
-1.90600395202637 0.189399525523186 3.39885497093201
1.90600395202637 0.189399525523186 3.39885497093201
1.90600395202637 0.307250648736954 3.28100395202637
0 0.707106781186615 0.70710678118648
1.90600395202637 0.307250648736954 3.28100395202637
-1.90600395202637 0.307250648736954 3.28100395202637
-1.90600395202637 0.189399525523186 3.39885497093201
0 0.707106781186615 0.70710678118648
-1.90600395202637 0.307250648736954 3.28100395202637
1.90600395202637 0.307250648736954 3.28100395202637
1.90600395202637 0.307250648736954 3.25154113769531
0 1 3.76822190083952E-15
1.90600395202637 0.307250648736954 3.25154113769531
-1.90600395202637 0.307250648736954 3.25154113769531
-1.90600395202637 0.307250648736954 3.28100395202637
0 1 3.76822190083952E-15
-1.90600395202637 0.307250648736954 3.25154113769531
1.90600395202637 0.307250648736954 3.25154113769531
1.90600395202637 0.189399525523186 3.36939239501953
0 -0.707106781186631 -0.707106781186464
1.90600395202637 0.189399525523186 3.36939239501953
-1.90600395202637 0.189399525523186 3.36939239501953
-1.90600395202637 0.307250648736954 3.25154113769531
0 -0.707106781186631 -0.707106781186464
-1.90600395202637 0.189399525523186 3.36939239501953
1.90600395202637 0.189399525523186 3.36939239501953
1.90600395202637 0.0715483948588371 3.25154113769531
0 0.70710678118772 -0.707106781185375
1.90600395202637 0.0715483948588371 3.25154113769531
-1.90600395202637 0.0715483948588371 3.25154113769531
-1.90600395202637 0.189399525523186 3.36939239501953
0 0.70710678118772 -0.707106781185375
-1.90600395202637 0.0715483948588371 3.25154113769531
1.90600395202637 0.0715483948588371 3.25154113769531
1.90600395202637 0.0715483948588371 3.28100395202637
0 -1 -2.35513868802633E-15
1.90600395202637 0.0715483948588371 3.28100395202637
-1.90600395202637 0.0715483948588371 3.28100395202637
-1.90600395202637 0.0715483948588371 3.25154113769531
0 -1 -2.35513868802633E-15
-1.90600395202637 0.0715483948588371 3.28100395202637
1.90600395202637 0.0715483948588371 3.28100395202637
1.90600395202637 0.189399525523186 3.39885497093201
0 -0.707106781187765 0.70710678118533
1.90600395202637 0.189399525523186 3.39885497093201
-1.90600395202637 0.189399525523186 3.39885497093201
-1.90600395202637 0.0715483948588371 3.28100395202637
0 -0.707106781187765 0.70710678118533
-1.90600395202637 0.189399525523186 3.52385497093201
1.90600395202637 0.189399525523186 3.52385497093201
1.90600395202637 0.307250648736954 3.40600395202637
0 0.707106781186597 0.707106781186498
1.90600395202637 0.307250648736954 3.40600395202637
-1.90600395202637 0.307250648736954 3.40600395202637
-1.90600395202637 0.189399525523186 3.52385497093201
0 0.707106781186597 0.707106781186498
-1.90600395202637 0.307250648736954 3.40600395202637
1.90600395202637 0.307250648736954 3.40600395202637
1.90600395202637 0.307250648736954 3.37654113769531
0 1 -1.88411095041987E-15
1.90600395202637 0.307250648736954 3.37654113769531
-1.90600395202637 0.307250648736954 3.37654113769531
-1.90600395202637 0.307250648736954 3.40600395202637
0 1 -1.88411095041987E-15
-1.90600395202637 0.307250648736954 3.37654113769531
1.90600395202637 0.307250648736954 3.37654113769531
1.90600395202637 0.189399525523186 3.49439239501953
0 -0.707106781186613 -0.707106781186482
1.90600395202637 0.189399525523186 3.49439239501953
-1.90600395202637 0.189399525523186 3.49439239501953
-1.90600395202637 0.307250648736954 3.37654113769531
0 -0.707106781186613 -0.707106781186482
-1.90600395202637 0.189399525523186 3.49439239501953
1.90600395202637 0.189399525523186 3.49439239501953
1.90600395202637 0.0715483948588371 3.37654113769531
0 0.707106781187893 -0.707106781185202
1.90600395202637 0.0715483948588371 3.37654113769531
-1.90600395202637 0.0715483948588371 3.37654113769531
-1.90600395202637 0.189399525523186 3.49439239501953
0 0.707106781187893 -0.707106781185202
-1.90600395202637 0.0715483948588371 3.37654113769531
1.90600395202637 0.0715483948588371 3.37654113769531
1.90600395202637 0.0715483948588371 3.40600395202637
0 -1 1.88411095041993E-15
1.90600395202637 0.0715483948588371 3.40600395202637
-1.90600395202637 0.0715483948588371 3.40600395202637
-1.90600395202637 0.0715483948588371 3.37654113769531
0 -1 1.88411095041993E-15
-1.90600395202637 0.0715483948588371 3.40600395202637
1.90600395202637 0.0715483948588371 3.40600395202637
1.90600395202637 0.189399525523186 3.52385497093201
0 -0.70710678118788 0.707106781185215
1.90600395202637 0.189399525523186 3.52385497093201
-1.90600395202637 0.189399525523186 3.52385497093201
-1.90600395202637 0.0715483948588371 3.40600395202637
0 -0.70710678118788 0.707106781185215
-1.90600395202637 0.189399525523186 3.64885497093201
1.90600395202637 0.189399525523186 3.64885497093201
1.90600395202637 0.307250648736954 3.53100395202637
0 0.707106781186636 0.707106781186459
1.90600395202637 0.307250648736954 3.53100395202637
-1.90600395202637 0.307250648736954 3.53100395202637
-1.90600395202637 0.189399525523186 3.64885497093201
0 0.707106781186636 0.707106781186459
-1.90600395202637 0.307250648736954 3.53100395202637
1.90600395202637 0.307250648736954 3.53100395202637
1.90600395202637 0.307250648736954 3.50154113769531
0 1 0
1.90600395202637 0.307250648736954 3.50154113769531
-1.90600395202637 0.307250648736954 3.50154113769531
-1.90600395202637 0.307250648736954 3.53100395202637
0 1 0
-1.90600395202637 0.307250648736954 3.50154113769531
1.90600395202637 0.307250648736954 3.50154113769531
1.90600395202637 0.189399525523186 3.61939239501953
0 -0.707106781186636 -0.707106781186459
1.90600395202637 0.189399525523186 3.61939239501953
-1.90600395202637 0.189399525523186 3.61939239501953
-1.90600395202637 0.307250648736954 3.50154113769531
0 -0.707106781186636 -0.707106781186459
-1.90600395202637 0.189399525523186 3.61939239501953
1.90600395202637 0.189399525523186 3.61939239501953
1.90600395202637 0.0715483948588371 3.50154113769531
0 0.70710678118811 -0.707106781184985
1.90600395202637 0.0715483948588371 3.50154113769531
-1.90600395202637 0.0715483948588371 3.50154113769531
-1.90600395202637 0.189399525523186 3.61939239501953
0 0.70710678118811 -0.707106781184985
-1.90600395202637 0.0715483948588371 3.50154113769531
1.90600395202637 0.0715483948588371 3.50154113769531
1.90600395202637 0.0715483948588371 3.53100395202637
0 -1 9.42055475209907E-15
1.90600395202637 0.0715483948588371 3.53100395202637
-1.90600395202637 0.0715483948588371 3.53100395202637
-1.90600395202637 0.0715483948588371 3.50154113769531
0 -1 9.42055475209907E-15
-1.90600395202637 0.0715483948588371 3.53100395202637
1.90600395202637 0.0715483948588371 3.53100395202637
1.90600395202637 0.189399525523186 3.64885497093201
0 -0.707106781188111 0.707106781184984
1.90600395202637 0.189399525523186 3.64885497093201
-1.90600395202637 0.189399525523186 3.64885497093201
-1.90600395202637 0.0715483948588371 3.53100395202637
0 -0.707106781188111 0.707106781184984
-1.90600395202637 0.189399525523186 3.77352690696716
1.90600395202637 0.189399525523186 3.77352690696716
1.90600395202637 0.307250648736954 3.65600395202637
0 0.706120471322756 0.70809171720825
1.90600395202637 0.307250648736954 3.65600395202637
-1.90600395202637 0.307250648736954 3.65600395202637
-1.90600395202637 0.189399525523186 3.77352690696716
0 0.706120471322756 0.70809171720825
-1.90600395202637 0.307250648736954 3.65600395202637
1.90600395202637 0.307250648736954 3.65600395202637
1.90600395202637 0.307250648736954 3.62654113769531
0 1 -1.88411095042072E-15
1.90600395202637 0.307250648736954 3.62654113769531
-1.90600395202637 0.307250648736954 3.62654113769531
-1.90600395202637 0.307250648736954 3.65600395202637
0 1 -1.88411095042072E-15
-1.90600395202637 0.307250648736954 3.62654113769531
1.90600395202637 0.307250648736954 3.62654113769531
1.90600395202637 0.189399525523186 3.74439239501953
0 -0.707106781186569 -0.707106781186526
1.90600395202637 0.189399525523186 3.74439239501953
-1.90600395202637 0.189399525523186 3.74439239501953
-1.90600395202637 0.307250648736954 3.62654113769531
0 -0.707106781186569 -0.707106781186526
-1.90600395202637 0.189399525523186 3.74439239501953
1.90600395202637 0.189399525523186 3.74439239501953
1.90600395202637 0.0715483948588371 3.62654113769531
0 0.707106781188125 -0.70710678118497
1.90600395202637 0.0715483948588371 3.62654113769531
-1.90600395202637 0.0715483948588371 3.62654113769531
-1.90600395202637 0.189399525523186 3.74439239501953
0 0.707106781188125 -0.70710678118497
-1.90600395202637 0.0715483948588371 3.62654113769531
1.90600395202637 0.0715483948588371 3.62654113769531
1.90600395202637 0.0715483948588371 3.65600395202637
0 -1 4.71027737605167E-16
1.90600395202637 0.0715483948588371 3.65600395202637
-1.90600395202637 0.0715483948588371 3.65600395202637
-1.90600395202637 0.0715483948588371 3.62654113769531
0 -1 4.71027737605167E-16
-1.90600395202637 0.0715483948588371 3.65600395202637
1.90600395202637 0.0715483948588371 3.65600395202637
1.90600395202637 0.189399525523186 3.77352690696716
0 -0.706120471324312 0.708091717206699
1.90600395202637 0.189399525523186 3.77352690696716
-1.90600395202637 0.189399525523186 3.77352690696716
-1.90600395202637 0.0715483948588371 3.65600395202637
0 -0.706120471324312 0.708091717206699
-1.90600395202637 0.189399525523186 3.89852690696716
1.90600395202637 0.189399525523186 3.89852690696716
1.90600395202637 0.307250648736954 3.78067588806152
0 0.707106781186556 0.707106781186539
1.90600395202637 0.307250648736954 3.78067588806152
-1.90600395202637 0.307250648736954 3.78067588806152
-1.90600395202637 0.189399525523186 3.89852690696716
0 0.707106781186556 0.707106781186539
-1.90600395202637 0.307250648736954 3.78067588806152
1.90600395202637 0.307250648736954 3.78067588806152
1.90600395202637 0.307250648736954 3.75121307373047
0 1 3.76822190084076E-15
1.90600395202637 0.307250648736954 3.75121307373047
-1.90600395202637 0.307250648736954 3.75121307373047
-1.90600395202637 0.307250648736954 3.78067588806152
0 1 3.76822190084076E-15
-1.90600395202637 0.307250648736954 3.75121307373047
1.90600395202637 0.307250648736954 3.75121307373047
1.90600395202637 0.189399525523186 3.86906409263611
0 -0.707106781186561 -0.707106781186534
1.90600395202637 0.189399525523186 3.86906409263611
-1.90600395202637 0.189399525523186 3.86906409263611
-1.90600395202637 0.307250648736954 3.75121307373047
0 -0.707106781186561 -0.707106781186534
-1.90600395202637 0.189399525523186 3.86906409263611
1.90600395202637 0.189399525523186 3.86906409263611
1.90600395202637 0.0715483948588371 3.75121307373047
0 0.707106781188014 -0.707106781185081
1.90600395202637 0.0715483948588371 3.75121307373047
-1.90600395202637 0.0715483948588371 3.75121307373047
-1.90600395202637 0.189399525523186 3.86906409263611
0 0.707106781188014 -0.707106781185081
-1.90600395202637 0.0715483948588371 3.75121307373047
1.90600395202637 0.0715483948588371 3.75121307373047
1.90600395202637 0.0715483948588371 3.78067588806152
0 -1 9.89158248971118E-15
1.90600395202637 0.0715483948588371 3.78067588806152
-1.90600395202637 0.0715483948588371 3.78067588806152
-1.90600395202637 0.0715483948588371 3.75121307373047
0 -1 9.89158248971118E-15
-1.90600395202637 0.0715483948588371 3.78067588806152
1.90600395202637 0.0715483948588371 3.78067588806152
1.90600395202637 0.189399525523186 3.89852690696716
0 -0.707106781188047 0.707106781185048
1.90600395202637 0.189399525523186 3.89852690696716
-1.90600395202637 0.189399525523186 3.89852690696716
-1.90600395202637 0.0715483948588371 3.78067588806152
0 -0.707106781188047 0.707106781185048
[LEVEL]
3F
[HEADER]
440998,AG1 1200*600,1590
29.9008140092644 4.38205408221505 21.9816272965879
1
1.63451642158249E-15 1 0
-1 1.63451642158249E-15 0
0 0 1
2.03067588806152 0.349901586771011 4.03067588806152
1.90600395202637 0.349901586771011 3.90600395202637
-1.90600395202637 0.349901586771011 3.90600395202637
0 1 0
1.90600395202637 0.349901586771011 3.90600395202637
2.03067588806152 0.349901586771011 4.03067588806152
1.90600395202637 0.349901586771011 2.03100395202637
0 1 0
-2.03067588806152 0.349901586771011 4.03067588806152
-1.90600395202637 0.349901586771011 3.90600395202637
-1.90600395202637 0.349901586771011 2.03100395202637
0 1 0
-1.90600395202637 0.349901586771011 3.90600395202637
-2.03067588806152 0.349901586771011 4.03067588806152
2.03067588806152 0.349901586771011 4.03067588806152
0 1 0
1.90600395202637 0.349901586771011 2.03100395202637
2.03067588806152 0.349901586771011 1.90633201599121
-1.90600395202637 0.349901586771011 2.03100395202637
0 1 0
2.03067588806152 0.349901586771011 1.90633201599121
1.90600395202637 0.349901586771011 2.03100395202637
2.03067588806152 0.349901586771011 4.03067588806152
0 1 0
-1.90600395202637 0.349901586771011 2.03100395202637
-2.03067588806152 0.349901586771011 1.90633201599121
-2.03067588806152 0.349901586771011 4.03067588806152
0 1 0
-2.03067588806152 0.349901586771011 1.90633201599121
-1.90600395202637 0.349901586771011 2.03100395202637
2.03067588806152 0.349901586771011 1.90633201599121
0 1 0
2.03067588806152 0.307250648736954 1.90633201599121
1.90600395202637 0.307250648736954 2.03100395202637
-1.90600395202637 0.307250648736954 2.03100395202637
0 -1 0
1.90600395202637 0.307250648736954 2.03100395202637
2.03067588806152 0.307250648736954 1.90633201599121
1.90600395202637 0.307250648736954 3.90600395202637
0 -1 0
-2.03067588806152 0.307250648736954 1.90633201599121
-1.90600395202637 0.307250648736954 2.03100395202637
-1.90600395202637 0.307250648736954 3.90600395202637
0 -1 0
-1.90600395202637 0.307250648736954 2.03100395202637
-2.03067588806152 0.307250648736954 1.90633201599121
2.03067588806152 0.307250648736954 1.90633201599121
0 -1 0
1.90600395202637 0.307250648736954 3.90600395202637
2.03067588806152 0.307250648736954 4.03067588806152
-1.90600395202637 0.307250648736954 3.90600395202637
0 -1 0
2.03067588806152 0.307250648736954 4.03067588806152
1.90600395202637 0.307250648736954 3.90600395202637
2.03067588806152 0.307250648736954 1.90633201599121
0 -1 0
-1.90600395202637 0.307250648736954 3.90600395202637
-2.03067588806152 0.307250648736954 4.03067588806152
-2.03067588806152 0.307250648736954 1.90633201599121
0 -1 0
-2.03067588806152 0.307250648736954 4.03067588806152
-1.90600395202637 0.307250648736954 3.90600395202637
2.03067588806152 0.307250648736954 4.03067588806152
0 -1 0
-1.90600395202637 0.349901586771011 3.90600395202637
-1.90600395202637 0.307250648736954 3.90600395202637
-1.90600395202637 0.307250648736954 2.03100395202637
1 0 1.18423789293347E-16
-1.90600395202637 0.307250648736954 2.03100395202637
-1.90600395202637 0.349901586771011 2.03100395202637
-1.90600395202637 0.349901586771011 3.90600395202637
1 0 1.18423789293347E-16
-1.90600395202637 0.349901586771011 2.03100395202637
-1.90600395202637 0.307250648736954 2.03100395202637
1.90600395202637 0.307250648736954 2.03100395202637
0 0 1
1.90600395202637 0.307250648736954 2.03100395202637
1.90600395202637 0.349901586771011 2.03100395202637
-1.90600395202637 0.349901586771011 2.03100395202637
0 0 1
1.90600395202637 0.349901586771011 2.03100395202637
1.90600395202637 0.307250648736954 2.03100395202637
1.90600395202637 0.307250648736954 3.90600395202637
-1 0 0
1.90600395202637 0.307250648736954 3.90600395202637
1.90600395202637 0.349901586771011 3.90600395202637
1.90600395202637 0.349901586771011 2.03100395202637
-1 0 0
1.90600395202637 0.349901586771011 3.90600395202637
1.90600395202637 0.307250648736954 3.90600395202637
-1.90600395202637 0.307250648736954 3.90600395202637
0 0 -1
-1.90600395202637 0.307250648736954 3.90600395202637
-1.90600395202637 0.349901586771011 3.90600395202637
1.90600395202637 0.349901586771011 3.90600395202637
0 0 -1
-2.03067588806152 0.349901586771011 4.03067588806152
-2.03067588806152 0.307250648736954 4.03067588806152
2.03067588806152 0.307250648736954 4.03067588806152
0 0 1
2.03067588806152 0.307250648736954 4.03067588806152
2.03067588806152 0.349901586771011 4.03067588806152
-2.03067588806152 0.349901586771011 4.03067588806152
0 0 1
2.03067588806152 0.349901586771011 4.03067588806152
2.03067588806152 0.307250648736954 4.03067588806152
2.03067588806152 0.307250648736954 1.90633201599121
1 0 0
2.03067588806152 0.307250648736954 1.90633201599121
2.03067588806152 0.349901586771011 1.90633201599121
2.03067588806152 0.349901586771011 4.03067588806152
1 0 0
2.03067588806152 0.349901586771011 1.90633201599121
2.03067588806152 0.307250648736954 1.90633201599121
-2.03067588806152 0.307250648736954 1.90633201599121
-5.46725871081272E-17 0 -1
-2.03067588806152 0.307250648736954 1.90633201599121
-2.03067588806152 0.349901586771011 1.90633201599121
2.03067588806152 0.349901586771011 1.90633201599121
-5.46725871081272E-17 0 -1
-2.03067588806152 0.349901586771011 1.90633201599121
-2.03067588806152 0.307250648736954 1.90633201599121
-2.03067588806152 0.307250648736954 4.03067588806152
-1 0 -2.09047708358755E-16
-2.03067588806152 0.307250648736954 4.03067588806152
-2.03067588806152 0.349901586771011 4.03067588806152
-2.03067588806152 0.349901586771011 1.90633201599121
-1 0 -2.09047708358755E-16
-2.03067588806152 -0.391568243503571 4.03067588806152
-1.90600395202637 -0.391568243503571 3.90600395202637
1.90600395202637 -0.391568243503571 3.90600395202637
0 -1 0
-1.90600395202637 -0.391568243503571 3.90600395202637
-2.03067588806152 -0.391568243503571 4.03067588806152
-1.90600395202637 -0.391568243503571 2.03100395202637
0 -1 0
2.03067588806152 -0.391568243503571 4.03067588806152
1.90600395202637 -0.391568243503571 3.90600395202637
1.90600395202637 -0.391568243503571 2.03100395202637
0 -1 0
1.90600395202637 -0.391568243503571 3.90600395202637
2.03067588806152 -0.391568243503571 4.03067588806152
-2.03067588806152 -0.391568243503571 4.03067588806152
0 -1 0
-1.90600395202637 -0.391568243503571 2.03100395202637
-2.03067588806152 -0.391568243503571 1.90633201599121
1.90600395202637 -0.391568243503571 2.03100395202637
0 -1 0
-2.03067588806152 -0.391568243503571 1.90633201599121
-1.90600395202637 -0.391568243503571 2.03100395202637
-2.03067588806152 -0.391568243503571 4.03067588806152
0 -1 0
1.90600395202637 -0.391568243503571 2.03100395202637
2.03067588806152 -0.391568243503571 1.90633201599121
2.03067588806152 -0.391568243503571 4.03067588806152
0 -1 0
2.03067588806152 -0.391568243503571 1.90633201599121
1.90600395202637 -0.391568243503571 2.03100395202637
-2.03067588806152 -0.391568243503571 1.90633201599121
0 -1 0
-2.03067588806152 -0.348917335271835 1.90633201599121
-1.90600395202637 -0.348917335271835 2.03100395202637
1.90600395202637 -0.348917335271835 2.03100395202637
0 1 0
-1.90600395202637 -0.348917335271835 2.03100395202637
-2.03067588806152 -0.348917335271835 1.90633201599121
-1.90600395202637 -0.348917335271835 3.90600395202637
0 1 0
2.03067588806152 -0.348917335271835 1.90633201599121
1.90600395202637 -0.348917335271835 2.03100395202637
1.90600395202637 -0.348917335271835 3.90600395202637
0 1 0
1.90600395202637 -0.348917335271835 2.03100395202637
2.03067588806152 -0.348917335271835 1.90633201599121
-2.03067588806152 -0.348917335271835 1.90633201599121
0 1 0
-1.90600395202637 -0.348917335271835 3.90600395202637
-2.03067588806152 -0.348917335271835 4.03067588806152
1.90600395202637 -0.348917335271835 3.90600395202637
0 1 0
-2.03067588806152 -0.348917335271835 4.03067588806152
-1.90600395202637 -0.348917335271835 3.90600395202637
-2.03067588806152 -0.348917335271835 1.90633201599121
0 1 0
1.90600395202637 -0.348917335271835 3.90600395202637
2.03067588806152 -0.348917335271835 4.03067588806152
2.03067588806152 -0.348917335271835 1.90633201599121
0 1 0
2.03067588806152 -0.348917335271835 4.03067588806152
1.90600395202637 -0.348917335271835 3.90600395202637
-2.03067588806152 -0.348917335271835 4.03067588806152
0 1 0
1.90600395202637 -0.391568243503571 3.90600395202637
1.90600395202637 -0.348917335271835 3.90600395202637
1.90600395202637 -0.348917335271835 2.03100395202637
-1 0 0
1.90600395202637 -0.348917335271835 2.03100395202637
1.90600395202637 -0.391568243503571 2.03100395202637
1.90600395202637 -0.391568243503571 3.90600395202637
-1 0 0
1.90600395202637 -0.391568243503571 2.03100395202637
1.90600395202637 -0.348917335271835 2.03100395202637
-1.90600395202637 -0.348917335271835 2.03100395202637
0 0 1
-1.90600395202637 -0.348917335271835 2.03100395202637
-1.90600395202637 -0.391568243503571 2.03100395202637
1.90600395202637 -0.391568243503571 2.03100395202637
0 0 1
-1.90600395202637 -0.391568243503571 2.03100395202637
-1.90600395202637 -0.348917335271835 2.03100395202637
-1.90600395202637 -0.348917335271835 3.90600395202637
1 0 0
-1.90600395202637 -0.348917335271835 3.90600395202637
-1.90600395202637 -0.391568243503571 3.90600395202637
-1.90600395202637 -0.391568243503571 2.03100395202637
1 0 0
-1.90600395202637 -0.391568243503571 3.90600395202637
-1.90600395202637 -0.348917335271835 3.90600395202637
1.90600395202637 -0.348917335271835 3.90600395202637
0 0 -1
1.90600395202637 -0.348917335271835 3.90600395202637
1.90600395202637 -0.391568243503571 3.90600395202637
-1.90600395202637 -0.391568243503571 3.90600395202637
0 0 -1
2.03067588806152 -0.391568243503571 4.03067588806152
2.03067588806152 -0.348917335271835 4.03067588806152
-2.03067588806152 -0.348917335271835 4.03067588806152
0 0 1
-2.03067588806152 -0.348917335271835 4.03067588806152
-2.03067588806152 -0.391568243503571 4.03067588806152
2.03067588806152 -0.391568243503571 4.03067588806152
0 0 1
-2.03067588806152 -0.391568243503571 4.03067588806152
-2.03067588806152 -0.348917335271835 4.03067588806152
-2.03067588806152 -0.348917335271835 1.90633201599121
-1 0 0
-2.03067588806152 -0.348917335271835 1.90633201599121
-2.03067588806152 -0.391568243503571 1.90633201599121
-2.03067588806152 -0.391568243503571 4.03067588806152
-1 0 0
-2.03067588806152 -0.391568243503571 1.90633201599121
-2.03067588806152 -0.348917335271835 1.90633201599121
2.03067588806152 -0.348917335271835 1.90633201599121
5.4672587108127E-17 0 -1
2.03067588806152 -0.348917335271835 1.90633201599121
2.03067588806152 -0.391568243503571 1.90633201599121
-2.03067588806152 -0.391568243503571 1.90633201599121
5.4672587108127E-17 0 -1
2.03067588806152 -0.391568243503571 1.90633201599121
2.03067588806152 -0.348917335271835 1.90633201599121
2.03067588806152 -0.348917335271835 4.03067588806152
1 0 -2.09047708358754E-16
2.03067588806152 -0.348917335271835 4.03067588806152
2.03067588806152 -0.391568243503571 4.03067588806152
2.03067588806152 -0.391568243503571 1.90633201599121
1 0 -2.09047708358754E-16
1.96850395202637 -0.348917335271835 3.96850395202637
1.90600395202637 -0.348917335271835 3.90600395202637
1.90600395202637 -0.348917335271835 2.03100395202637
0 -1 0
1.90600395202637 -0.348917335271835 3.90600395202637
1.96850395202637 -0.348917335271835 3.96850395202637
-1.90600395202637 -0.348917335271835 3.90600395202637
0 -1 0
1.96850395202637 -0.348917335271835 1.96850395202637
1.90600395202637 -0.348917335271835 2.03100395202637
-1.90600395202637 -0.348917335271835 2.03100395202637
0 -1 0
1.90600395202637 -0.348917335271835 2.03100395202637
1.96850395202637 -0.348917335271835 1.96850395202637
1.96850395202637 -0.348917335271835 3.96850395202637
0 -1 0
-1.90600395202637 -0.348917335271835 3.90600395202637
-1.96850395202637 -0.348917335271835 3.96850395202637
-1.90600395202637 -0.348917335271835 2.03100395202637
0 -1 0
-1.96850395202637 -0.348917335271835 3.96850395202637
-1.90600395202637 -0.348917335271835 3.90600395202637
1.96850395202637 -0.348917335271835 3.96850395202637
0 -1 0
-1.90600395202637 -0.348917335271835 2.03100395202637
-1.96850395202637 -0.348917335271835 1.96850395202637
1.96850395202637 -0.348917335271835 1.96850395202637
0 -1 0
-1.96850395202637 -0.348917335271835 1.96850395202637
-1.90600395202637 -0.348917335271835 2.03100395202637
-1.96850395202637 -0.348917335271835 3.96850395202637
0 -1 0
-1.96850395202637 0.307250648736954 3.96850395202637
-1.90600395202637 0.307250648736954 3.90600395202637
-1.90600395202637 0.307250648736954 2.03100395202637
0 1 0
-1.90600395202637 0.307250648736954 3.90600395202637
-1.96850395202637 0.307250648736954 3.96850395202637
1.90600395202637 0.307250648736954 3.90600395202637
0 1 0
-1.96850395202637 0.307250648736954 1.96850395202637
-1.90600395202637 0.307250648736954 2.03100395202637
1.90600395202637 0.307250648736954 2.03100395202637
0 1 0
-1.90600395202637 0.307250648736954 2.03100395202637
-1.96850395202637 0.307250648736954 1.96850395202637
-1.96850395202637 0.307250648736954 3.96850395202637
0 1 0
1.90600395202637 0.307250648736954 3.90600395202637
1.96850395202637 0.307250648736954 3.96850395202637
1.90600395202637 0.307250648736954 2.03100395202637
0 1 0
1.96850395202637 0.307250648736954 3.96850395202637
1.90600395202637 0.307250648736954 3.90600395202637
-1.96850395202637 0.307250648736954 3.96850395202637
0 1 0
1.90600395202637 0.307250648736954 2.03100395202637
1.96850395202637 0.307250648736954 1.96850395202637
-1.96850395202637 0.307250648736954 1.96850395202637
0 1 0
1.96850395202637 0.307250648736954 1.96850395202637
1.90600395202637 0.307250648736954 2.03100395202637
1.96850395202637 0.307250648736954 3.96850395202637
0 1 0
1.96850395202637 -0.348917335271835 3.96850395202637
1.96850395202637 0.307250648736954 3.96850395202637
-1.96850395202637 0.307250648736954 3.96850395202637
0 0 1
-1.96850395202637 0.307250648736954 3.96850395202637
-1.96850395202637 -0.348917335271835 3.96850395202637
1.96850395202637 -0.348917335271835 3.96850395202637
0 0 1
-1.96850395202637 -0.348917335271835 3.96850395202637
-1.96850395202637 0.307250648736954 3.96850395202637
-1.96850395202637 0.307250648736954 1.96850395202637
-1 0 0
-1.96850395202637 0.307250648736954 1.96850395202637
-1.96850395202637 -0.348917335271835 1.96850395202637
-1.96850395202637 -0.348917335271835 3.96850395202637
-1 0 0
-1.96850395202637 -0.348917335271835 1.96850395202637
-1.96850395202637 0.307250648736954 1.96850395202637
1.96850395202637 0.307250648736954 1.96850395202637
0 0 -1
1.96850395202637 0.307250648736954 1.96850395202637
1.96850395202637 -0.348917335271835 1.96850395202637
-1.96850395202637 -0.348917335271835 1.96850395202637
0 0 -1
1.96850395202637 -0.348917335271835 1.96850395202637
1.96850395202637 0.307250648736954 1.96850395202637
1.96850395202637 0.307250648736954 3.96850395202637
1 0 0
1.96850395202637 0.307250648736954 3.96850395202637
1.96850395202637 -0.348917335271835 3.96850395202637
1.96850395202637 -0.348917335271835 1.96850395202637
1 0 0
1.90600395202637 -0.348917335271835 3.90600395202637
1.90600395202637 0.307250648736954 3.90600395202637
1.90600395202637 0.307250648736954 2.03100395202637
-1 0 0
1.90600395202637 0.307250648736954 2.03100395202637
1.90600395202637 -0.348917335271835 2.03100395202637
1.90600395202637 -0.348917335271835 3.90600395202637
-1 0 0
1.90600395202637 -0.348917335271835 2.03100395202637
1.90600395202637 0.307250648736954 2.03100395202637
-1.90600395202637 0.307250648736954 2.03100395202637
0 0 1
-1.90600395202637 0.307250648736954 2.03100395202637
-1.90600395202637 -0.348917335271835 2.03100395202637
1.90600395202637 -0.348917335271835 2.03100395202637
0 0 1
-1.90600395202637 -0.348917335271835 2.03100395202637
-1.90600395202637 0.307250648736954 2.03100395202637
-1.90600395202637 0.307250648736954 3.90600395202637
1 0 0
-1.90600395202637 0.307250648736954 3.90600395202637
-1.90600395202637 -0.348917335271835 3.90600395202637
-1.90600395202637 -0.348917335271835 2.03100395202637
1 0 0
-1.90600395202637 -0.348917335271835 3.90600395202637
-1.90600395202637 0.307250648736954 3.90600395202637
1.90600395202637 0.307250648736954 3.90600395202637
0 0 -1
1.90600395202637 0.307250648736954 3.90600395202637
1.90600395202637 -0.348917335271835 3.90600395202637
-1.90600395202637 -0.348917335271835 3.90600395202637
0 0 -1
-1.90600395202637 0.189399525523186 2.14885497093201
-1.90600395202637 0.189399525523186 2.11939239501953
-1.90600395202637 0.0715483948588371 2.03100395202637
-1 0 0
-1.90600395202637 0.189399525523186 2.11939239501953
-1.90600395202637 0.189399525523186 2.14885497093201
-1.90600395202637 0.307250648736954 2.03100395202637
-1 0 0
-1.90600395202637 0.0715483948588371 2.03100395202637
-1.90600395202637 0.189399525523186 2.11939239501953
-1.90600395202637 0.101011179387569 2.03100395202637
-1 0 0
-1.90600395202637 0.307250648736954 2.03100395202637
-1.90600395202637 0.277787864208221 2.03100395202637
-1.90600395202637 0.189399525523186 2.11939239501953
-1 0 0
-1.90600395202637 0.189399525523186 2.27385497093201
-1.90600395202637 0.189399525523186 2.24439239501953
-1.90600395202637 0.0715483948588371 2.15600395202637
-1 0 0
-1.90600395202637 0.189399525523186 2.24439239501953
-1.90600395202637 0.189399525523186 2.27385497093201
-1.90600395202637 0.307250648736954 2.15600395202637
-1 0 0
-1.90600395202637 0.0715483948588371 2.15600395202637
-1.90600395202637 0.189399525523186 2.24439239501953
-1.90600395202637 0.0715483948588371 2.12654113769531
-1 0 0
-1.90600395202637 0.307250648736954 2.12654113769531
-1.90600395202637 0.189399525523186 2.24439239501953
-1.90600395202637 0.307250648736954 2.15600395202637
-1 0 0
-1.90600395202637 0.189399525523186 2.39885497093201
-1.90600395202637 0.189399525523186 2.36939239501953
-1.90600395202637 0.0715483948588371 2.28100395202637
-1 0 0
-1.90600395202637 0.189399525523186 2.36939239501953
-1.90600395202637 0.189399525523186 2.39885497093201
-1.90600395202637 0.307250648736954 2.28100395202637
-1 0 0
-1.90600395202637 0.0715483948588371 2.28100395202637
-1.90600395202637 0.189399525523186 2.36939239501953
-1.90600395202637 0.0715483948588371 2.25154113769531
-1 0 0
-1.90600395202637 0.307250648736954 2.25154113769531
-1.90600395202637 0.189399525523186 2.36939239501953
-1.90600395202637 0.307250648736954 2.28100395202637
-1 0 0
-1.90600395202637 0.189399525523186 2.52385497093201
-1.90600395202637 0.189399525523186 2.49439239501953
-1.90600395202637 0.0715483948588371 2.40600395202637
-1 0 0
-1.90600395202637 0.189399525523186 2.49439239501953
-1.90600395202637 0.189399525523186 2.52385497093201
-1.90600395202637 0.307250648736954 2.40600395202637
-1 0 0
-1.90600395202637 0.0715483948588371 2.40600395202637
-1.90600395202637 0.189399525523186 2.49439239501953
-1.90600395202637 0.0715483948588371 2.37654113769531
-1 0 0
-1.90600395202637 0.307250648736954 2.37654113769531
-1.90600395202637 0.189399525523186 2.49439239501953
-1.90600395202637 0.307250648736954 2.40600395202637
-1 0 0
-1.90600395202637 0.189399525523186 2.64885497093201
-1.90600395202637 0.189399525523186 2.61939239501953
-1.90600395202637 0.0715483948588371 2.53100395202637
-1 0 0
-1.90600395202637 0.189399525523186 2.61939239501953
-1.90600395202637 0.189399525523186 2.64885497093201
-1.90600395202637 0.307250648736954 2.53100395202637
-1 0 0
-1.90600395202637 0.0715483948588371 2.53100395202637
-1.90600395202637 0.189399525523186 2.61939239501953
-1.90600395202637 0.0715483948588371 2.50154113769531
-1 0 0
-1.90600395202637 0.307250648736954 2.50154113769531
-1.90600395202637 0.189399525523186 2.61939239501953
-1.90600395202637 0.307250648736954 2.53100395202637
-1 0 0
-1.90600395202637 0.189399525523186 2.77385497093201
-1.90600395202637 0.189399525523186 2.74439239501953
-1.90600395202637 0.0715483948588371 2.65600395202637
-1 0 0
-1.90600395202637 0.189399525523186 2.74439239501953
-1.90600395202637 0.189399525523186 2.77385497093201
-1.90600395202637 0.307250648736954 2.65600395202637
-1 0 0
-1.90600395202637 0.0715483948588371 2.65600395202637
-1.90600395202637 0.189399525523186 2.74439239501953
-1.90600395202637 0.0715483948588371 2.62654113769531
-1 0 0
-1.90600395202637 0.307250648736954 2.62654113769531
-1.90600395202637 0.189399525523186 2.74439239501953
-1.90600395202637 0.307250648736954 2.65600395202637
-1 0 0
-1.90600395202637 0.189399525523186 2.89885497093201
-1.90600395202637 0.189399525523186 2.86939239501953
-1.90600395202637 0.0715483948588371 2.78100395202637
-1 0 0
-1.90600395202637 0.189399525523186 2.86939239501953
-1.90600395202637 0.189399525523186 2.89885497093201
-1.90600395202637 0.307250648736954 2.78100395202637
-1 0 0
-1.90600395202637 0.0715483948588371 2.78100395202637
-1.90600395202637 0.189399525523186 2.86939239501953
-1.90600395202637 0.0715483948588371 2.75154113769531
-1 0 0
-1.90600395202637 0.307250648736954 2.75154113769531
-1.90600395202637 0.189399525523186 2.86939239501953
-1.90600395202637 0.307250648736954 2.78100395202637
-1 0 0
-1.90600395202637 0.0715483948588371 2.90600395202637
-1.90600395202637 0.189399525523186 2.99439239501953
-1.90600395202637 0.0715483948588371 2.87654113769531
-1 0 0
-1.90600395202637 0.189399525523186 2.99439239501953
-1.90600395202637 0.0715483948588371 2.90600395202637
-1.90600395202637 0.189399525523186 3.02385497093201
-1 0 0
-1.90600395202637 0.189399525523186 2.99439239501953
-1.90600395202637 0.307250648736954 2.90600395202637
-1.90600395202637 0.307250648736954 2.87654113769531
-1 0 0
-1.90600395202637 0.307250648736954 2.90600395202637
-1.90600395202637 0.189399525523186 2.99439239501953
-1.90600395202637 0.189399525523186 3.02385497093201
-1 0 0
-1.90600395202637 0.189399525523186 3.14885497093201
-1.90600395202637 0.189399525523186 3.11939239501953
-1.90600395202637 0.0715483948588371 3.03100395202637
-1 0 0
-1.90600395202637 0.189399525523186 3.11939239501953
-1.90600395202637 0.189399525523186 3.14885497093201
-1.90600395202637 0.307250648736954 3.03100395202637
-1 0 0
-1.90600395202637 0.0715483948588371 3.03100395202637
-1.90600395202637 0.189399525523186 3.11939239501953
-1.90600395202637 0.0715483948588371 3.00154113769531
-1 0 0
-1.90600395202637 0.307250648736954 3.00154113769531
-1.90600395202637 0.189399525523186 3.11939239501953
-1.90600395202637 0.307250648736954 3.03100395202637
-1 0 0
-1.90600395202637 0.189399525523186 3.27385497093201
-1.90600395202637 0.189399525523186 3.24439239501953
-1.90600395202637 0.0715483948588371 3.15600395202637
-1 0 0
-1.90600395202637 0.189399525523186 3.24439239501953
-1.90600395202637 0.189399525523186 3.27385497093201
-1.90600395202637 0.307250648736954 3.15600395202637
-1 0 0
-1.90600395202637 0.0715483948588371 3.15600395202637
-1.90600395202637 0.189399525523186 3.24439239501953
-1.90600395202637 0.0715483948588371 3.12654113769531
-1 0 0
-1.90600395202637 0.307250648736954 3.12654113769531
-1.90600395202637 0.189399525523186 3.24439239501953
-1.90600395202637 0.307250648736954 3.15600395202637
-1 0 0
-1.90600395202637 0.189399525523186 3.39885497093201
-1.90600395202637 0.189399525523186 3.36939239501953
-1.90600395202637 0.0715483948588371 3.28100395202637
-1 0 0
-1.90600395202637 0.189399525523186 3.36939239501953
-1.90600395202637 0.189399525523186 3.39885497093201
-1.90600395202637 0.307250648736954 3.28100395202637
-1 0 0
-1.90600395202637 0.0715483948588371 3.28100395202637
-1.90600395202637 0.189399525523186 3.36939239501953
-1.90600395202637 0.0715483948588371 3.25154113769531
-1 0 0
-1.90600395202637 0.307250648736954 3.25154113769531
-1.90600395202637 0.189399525523186 3.36939239501953
-1.90600395202637 0.307250648736954 3.28100395202637
-1 0 0
-1.90600395202637 0.189399525523186 3.52385497093201
-1.90600395202637 0.189399525523186 3.49439239501953
-1.90600395202637 0.0715483948588371 3.40600395202637
-1 0 0
-1.90600395202637 0.189399525523186 3.49439239501953
-1.90600395202637 0.189399525523186 3.52385497093201
-1.90600395202637 0.307250648736954 3.40600395202637
-1 0 0
-1.90600395202637 0.0715483948588371 3.40600395202637
-1.90600395202637 0.189399525523186 3.49439239501953
-1.90600395202637 0.0715483948588371 3.37654113769531
-1 0 0
-1.90600395202637 0.307250648736954 3.37654113769531
-1.90600395202637 0.189399525523186 3.49439239501953
-1.90600395202637 0.307250648736954 3.40600395202637
-1 0 0
-1.90600395202637 0.189399525523186 3.64885497093201
-1.90600395202637 0.189399525523186 3.61939239501953
-1.90600395202637 0.0715483948588371 3.53100395202637
-1 0 0
-1.90600395202637 0.189399525523186 3.61939239501953
-1.90600395202637 0.189399525523186 3.64885497093201
-1.90600395202637 0.307250648736954 3.53100395202637
-1 0 0
-1.90600395202637 0.0715483948588371 3.53100395202637
-1.90600395202637 0.189399525523186 3.61939239501953
-1.90600395202637 0.0715483948588371 3.50154113769531
-1 0 0
-1.90600395202637 0.307250648736954 3.50154113769531
-1.90600395202637 0.189399525523186 3.61939239501953
-1.90600395202637 0.307250648736954 3.53100395202637
-1 0 0
-1.90600395202637 0.0715483948588371 3.65600395202637
-1.90600395202637 0.189399525523186 3.77352690696716
-1.90600395202637 0.189399525523186 3.74439239501953
-1 0 0
-1.90600395202637 0.189399525523186 3.74439239501953
-1.90600395202637 0.189399525523186 3.77352690696716
-1.90600395202637 0.307250648736954 3.65600395202637
-1 0 0
-1.90600395202637 0.0715483948588371 3.65600395202637
-1.90600395202637 0.189399525523186 3.74439239501953
-1.90600395202637 0.0715483948588371 3.62654113769531
-1 0 0
-1.90600395202637 0.307250648736954 3.62654113769531
-1.90600395202637 0.189399525523186 3.74439239501953
-1.90600395202637 0.307250648736954 3.65600395202637
-1 0 0
-1.90600395202637 0.189399525523186 3.89852690696716
-1.90600395202637 0.189399525523186 3.86906409263611
-1.90600395202637 0.0715483948588371 3.78067588806152
-1 0 0
-1.90600395202637 0.189399525523186 3.86906409263611
-1.90600395202637 0.189399525523186 3.89852690696716
-1.90600395202637 0.307250648736954 3.78067588806152
-1 0 0
-1.90600395202637 0.0715483948588371 3.78067588806152
-1.90600395202637 0.189399525523186 3.86906409263611
-1.90600395202637 0.0715483948588371 3.75121307373047
-1 0 0
-1.90600395202637 0.307250648736954 3.75121307373047
-1.90600395202637 0.189399525523186 3.86906409263611
-1.90600395202637 0.307250648736954 3.78067588806152
-1 0 0
1.90600395202637 0.277787864208221 2.03100395202637
1.90600395202637 0.307250648736954 2.03100395202637
1.90600395202637 0.189399525523186 2.11939239501953
1 0 0
1.90600395202637 0.189399525523186 2.11939239501953
1.90600395202637 0.189399525523186 2.14885497093201
1.90600395202637 0.0715483948588371 2.03100395202637
1 0 0
1.90600395202637 0.189399525523186 2.14885497093201
1.90600395202637 0.189399525523186 2.11939239501953
1.90600395202637 0.307250648736954 2.03100395202637
1 0 0
1.90600395202637 0.189399525523186 2.11939239501953
1.90600395202637 0.0715483948588371 2.03100395202637
1.90600395202637 0.101011179387569 2.03100395202637
1 0 0
1.90600395202637 0.189399525523186 2.24439239501953
1.90600395202637 0.307250648736954 2.12654113769531
1.90600395202637 0.307250648736954 2.15600395202637
1 0 0
1.90600395202637 0.189399525523186 2.24439239501953
1.90600395202637 0.189399525523186 2.27385497093201
1.90600395202637 0.0715483948588371 2.15600395202637
1 0 0
1.90600395202637 0.189399525523186 2.27385497093201
1.90600395202637 0.189399525523186 2.24439239501953
1.90600395202637 0.307250648736954 2.15600395202637
1 0 0
1.90600395202637 0.189399525523186 2.24439239501953
1.90600395202637 0.0715483948588371 2.15600395202637
1.90600395202637 0.0715483948588371 2.12654113769531
1 0 0
1.90600395202637 0.189399525523186 2.36939239501953
1.90600395202637 0.307250648736954 2.25154113769531
1.90600395202637 0.307250648736954 2.28100395202637
1 0 0
1.90600395202637 0.189399525523186 2.36939239501953
1.90600395202637 0.189399525523186 2.39885497093201
1.90600395202637 0.0715483948588371 2.28100395202637
1 0 0
1.90600395202637 0.189399525523186 2.39885497093201
1.90600395202637 0.189399525523186 2.36939239501953
1.90600395202637 0.307250648736954 2.28100395202637
1 0 0
1.90600395202637 0.189399525523186 2.36939239501953
1.90600395202637 0.0715483948588371 2.28100395202637
1.90600395202637 0.0715483948588371 2.25154113769531
1 0 0
1.90600395202637 0.189399525523186 2.49439239501953
1.90600395202637 0.307250648736954 2.37654113769531
1.90600395202637 0.307250648736954 2.40600395202637
1 0 0
1.90600395202637 0.189399525523186 2.49439239501953
1.90600395202637 0.189399525523186 2.52385497093201
1.90600395202637 0.0715483948588371 2.40600395202637
1 0 0
1.90600395202637 0.189399525523186 2.52385497093201
1.90600395202637 0.189399525523186 2.49439239501953
1.90600395202637 0.307250648736954 2.40600395202637
1 0 0
1.90600395202637 0.189399525523186 2.49439239501953
1.90600395202637 0.0715483948588371 2.40600395202637
1.90600395202637 0.0715483948588371 2.37654113769531
1 0 0
1.90600395202637 0.189399525523186 2.61939239501953
1.90600395202637 0.307250648736954 2.50154113769531
1.90600395202637 0.307250648736954 2.53100395202637
1 0 0
1.90600395202637 0.189399525523186 2.61939239501953
1.90600395202637 0.189399525523186 2.64885497093201
1.90600395202637 0.0715483948588371 2.53100395202637
1 0 0
1.90600395202637 0.189399525523186 2.64885497093201
1.90600395202637 0.189399525523186 2.61939239501953
1.90600395202637 0.307250648736954 2.53100395202637
1 0 0
1.90600395202637 0.189399525523186 2.61939239501953
1.90600395202637 0.0715483948588371 2.53100395202637
1.90600395202637 0.0715483948588371 2.50154113769531
1 0 0
1.90600395202637 0.189399525523186 2.74439239501953
1.90600395202637 0.307250648736954 2.62654113769531
1.90600395202637 0.307250648736954 2.65600395202637
1 0 0
1.90600395202637 0.189399525523186 2.74439239501953
1.90600395202637 0.189399525523186 2.77385497093201
1.90600395202637 0.0715483948588371 2.65600395202637
1 0 0
1.90600395202637 0.189399525523186 2.77385497093201
1.90600395202637 0.189399525523186 2.74439239501953
1.90600395202637 0.307250648736954 2.65600395202637
1 0 0
1.90600395202637 0.189399525523186 2.74439239501953
1.90600395202637 0.0715483948588371 2.65600395202637
1.90600395202637 0.0715483948588371 2.62654113769531
1 0 0
1.90600395202637 0.189399525523186 2.86939239501953
1.90600395202637 0.307250648736954 2.75154113769531
1.90600395202637 0.307250648736954 2.78100395202637
1 0 0
1.90600395202637 0.189399525523186 2.86939239501953
1.90600395202637 0.189399525523186 2.89885497093201
1.90600395202637 0.0715483948588371 2.78100395202637
1 0 0
1.90600395202637 0.189399525523186 2.89885497093201
1.90600395202637 0.189399525523186 2.86939239501953
1.90600395202637 0.307250648736954 2.78100395202637
1 0 0
1.90600395202637 0.189399525523186 2.86939239501953
1.90600395202637 0.0715483948588371 2.78100395202637
1.90600395202637 0.0715483948588371 2.75154113769531
1 0 0
1.90600395202637 0.307250648736954 2.87654113769531
1.90600395202637 0.307250648736954 2.90600395202637
1.90600395202637 0.189399525523186 2.99439239501953
1 0 0
1.90600395202637 0.189399525523186 2.99439239501953
1.90600395202637 0.307250648736954 2.90600395202637
1.90600395202637 0.189399525523186 3.02385497093201
1 0 0
1.90600395202637 0.189399525523186 2.99439239501953
1.90600395202637 0.0715483948588371 2.90600395202637
1.90600395202637 0.0715483948588371 2.87654113769531
1 0 0
1.90600395202637 0.0715483948588371 2.90600395202637
1.90600395202637 0.189399525523186 2.99439239501953
1.90600395202637 0.189399525523186 3.02385497093201
1 0 0
1.90600395202637 0.189399525523186 3.11939239501953
1.90600395202637 0.307250648736954 3.00154113769531
1.90600395202637 0.307250648736954 3.03100395202637
1 0 0
1.90600395202637 0.189399525523186 3.11939239501953
1.90600395202637 0.189399525523186 3.14885497093201
1.90600395202637 0.0715483948588371 3.03100395202637
1 0 0
1.90600395202637 0.189399525523186 3.14885497093201
1.90600395202637 0.189399525523186 3.11939239501953
1.90600395202637 0.307250648736954 3.03100395202637
1 0 0
1.90600395202637 0.189399525523186 3.11939239501953
1.90600395202637 0.0715483948588371 3.03100395202637
1.90600395202637 0.0715483948588371 3.00154113769531
1 0 0
1.90600395202637 0.189399525523186 3.24439239501953
1.90600395202637 0.307250648736954 3.12654113769531
1.90600395202637 0.307250648736954 3.15600395202637
1 0 0
1.90600395202637 0.189399525523186 3.24439239501953
1.90600395202637 0.189399525523186 3.27385497093201
1.90600395202637 0.0715483948588371 3.15600395202637
1 0 0
1.90600395202637 0.189399525523186 3.27385497093201
1.90600395202637 0.189399525523186 3.24439239501953
1.90600395202637 0.307250648736954 3.15600395202637
1 0 0
1.90600395202637 0.189399525523186 3.24439239501953
1.90600395202637 0.0715483948588371 3.15600395202637
1.90600395202637 0.0715483948588371 3.12654113769531
1 0 0
1.90600395202637 0.189399525523186 3.36939239501953
1.90600395202637 0.307250648736954 3.25154113769531
1.90600395202637 0.307250648736954 3.28100395202637
1 0 0
1.90600395202637 0.189399525523186 3.36939239501953
1.90600395202637 0.189399525523186 3.39885497093201
1.90600395202637 0.0715483948588371 3.28100395202637
1 0 0
1.90600395202637 0.189399525523186 3.39885497093201
1.90600395202637 0.189399525523186 3.36939239501953
1.90600395202637 0.307250648736954 3.28100395202637
1 0 0
1.90600395202637 0.189399525523186 3.36939239501953
1.90600395202637 0.0715483948588371 3.28100395202637
1.90600395202637 0.0715483948588371 3.25154113769531
1 0 0
1.90600395202637 0.189399525523186 3.49439239501953
1.90600395202637 0.307250648736954 3.37654113769531
1.90600395202637 0.307250648736954 3.40600395202637
1 0 0
1.90600395202637 0.189399525523186 3.49439239501953
1.90600395202637 0.189399525523186 3.52385497093201
1.90600395202637 0.0715483948588371 3.40600395202637
1 0 0
1.90600395202637 0.189399525523186 3.52385497093201
1.90600395202637 0.189399525523186 3.49439239501953
1.90600395202637 0.307250648736954 3.40600395202637
1 0 0
1.90600395202637 0.189399525523186 3.49439239501953
1.90600395202637 0.0715483948588371 3.40600395202637
1.90600395202637 0.0715483948588371 3.37654113769531
1 0 0
1.90600395202637 0.189399525523186 3.61939239501953
1.90600395202637 0.307250648736954 3.50154113769531
1.90600395202637 0.307250648736954 3.53100395202637
1 0 0
1.90600395202637 0.189399525523186 3.61939239501953
1.90600395202637 0.189399525523186 3.64885497093201
1.90600395202637 0.0715483948588371 3.53100395202637
1 0 0
1.90600395202637 0.189399525523186 3.64885497093201
1.90600395202637 0.189399525523186 3.61939239501953
1.90600395202637 0.307250648736954 3.53100395202637
1 0 0
1.90600395202637 0.189399525523186 3.61939239501953
1.90600395202637 0.0715483948588371 3.53100395202637
1.90600395202637 0.0715483948588371 3.50154113769531
1 0 0
1.90600395202637 0.189399525523186 3.74439239501953
1.90600395202637 0.307250648736954 3.62654113769531
1.90600395202637 0.307250648736954 3.65600395202637
1 0 0
1.90600395202637 0.189399525523186 3.74439239501953
1.90600395202637 0.189399525523186 3.77352690696716
1.90600395202637 0.0715483948588371 3.65600395202637
1 0 0
1.90600395202637 0.189399525523186 3.77352690696716
1.90600395202637 0.189399525523186 3.74439239501953
1.90600395202637 0.307250648736954 3.65600395202637
1 0 0
1.90600395202637 0.189399525523186 3.74439239501953
1.90600395202637 0.0715483948588371 3.65600395202637
1.90600395202637 0.0715483948588371 3.62654113769531
1 0 0
1.90600395202637 0.189399525523186 3.86906409263611
1.90600395202637 0.307250648736954 3.75121307373047
1.90600395202637 0.307250648736954 3.78067588806152
1 0 0
1.90600395202637 0.189399525523186 3.86906409263611
1.90600395202637 0.189399525523186 3.89852690696716
1.90600395202637 0.0715483948588371 3.78067588806152
1 0 0
1.90600395202637 0.189399525523186 3.89852690696716
1.90600395202637 0.189399525523186 3.86906409263611
1.90600395202637 0.307250648736954 3.78067588806152
1 0 0
1.90600395202637 0.189399525523186 3.86906409263611
1.90600395202637 0.0715483948588371 3.78067588806152
1.90600395202637 0.0715483948588371 3.75121307373047
1 0 0
-1.90600395202637 0.189399525523186 2.14885497093201
1.90600395202637 0.189399525523186 2.14885497093201
1.90600395202637 0.307250648736954 2.03100395202637
0 0.7071067811862 0.707106781186895
1.90600395202637 0.307250648736954 2.03100395202637
-1.90600395202637 0.307250648736954 2.03100395202637
-1.90600395202637 0.189399525523186 2.14885497093201
0 0.7071067811862 0.707106781186895
-1.90600395202637 0.307250648736954 2.03100395202637
1.90600395202637 0.307250648736954 2.03100395202637
1.90600395202637 0.277787864208221 2.03100395202637
0 0 -1
1.90600395202637 0.277787864208221 2.03100395202637
-1.90600395202637 0.277787864208221 2.03100395202637
-1.90600395202637 0.307250648736954 2.03100395202637
0 0 -1
-1.90600395202637 0.277787864208221 2.03100395202637
1.90600395202637 0.277787864208221 2.03100395202637
1.90600395202637 0.189399525523186 2.11939239501953
0 -0.707106781186089 -0.707106781187006
1.90600395202637 0.189399525523186 2.11939239501953
-1.90600395202637 0.189399525523186 2.11939239501953
-1.90600395202637 0.277787864208221 2.03100395202637
0 -0.707106781186089 -0.707106781187006
-1.90600395202637 0.189399525523186 2.11939239501953
1.90600395202637 0.189399525523186 2.11939239501953
1.90600395202637 0.101011179387569 2.03100395202637
0 0.707106781187006 -0.707106781186089
1.90600395202637 0.101011179387569 2.03100395202637
-1.90600395202637 0.101011179387569 2.03100395202637
-1.90600395202637 0.189399525523186 2.11939239501953
0 0.707106781187006 -0.707106781186089
-1.90600395202637 0.101011179387569 2.03100395202637
1.90600395202637 0.101011179387569 2.03100395202637
1.90600395202637 0.0715483948588371 2.03100395202637
0 0 -1
1.90600395202637 0.0715483948588371 2.03100395202637
-1.90600395202637 0.0715483948588371 2.03100395202637
-1.90600395202637 0.101011179387569 2.03100395202637
0 0 -1
-1.90600395202637 0.0715483948588371 2.03100395202637
1.90600395202637 0.0715483948588371 2.03100395202637
1.90600395202637 0.189399525523186 2.14885497093201
0 -0.707106781186895 0.7071067811862
1.90600395202637 0.189399525523186 2.14885497093201
-1.90600395202637 0.189399525523186 2.14885497093201
-1.90600395202637 0.0715483948588371 2.03100395202637
0 -0.707106781186895 0.7071067811862
-1.90600395202637 0.189399525523186 2.27385497093201
1.90600395202637 0.189399525523186 2.27385497093201
1.90600395202637 0.307250648736954 2.15600395202637
0 0.707106781186283 0.707106781186812
1.90600395202637 0.307250648736954 2.15600395202637
-1.90600395202637 0.307250648736954 2.15600395202637
-1.90600395202637 0.189399525523186 2.27385497093201
0 0.707106781186283 0.707106781186812
-1.90600395202637 0.307250648736954 2.15600395202637
1.90600395202637 0.307250648736954 2.15600395202637
1.90600395202637 0.307250648736954 2.12654113769531
0 1 0
1.90600395202637 0.307250648736954 2.12654113769531
-1.90600395202637 0.307250648736954 2.12654113769531
-1.90600395202637 0.307250648736954 2.15600395202637
0 1 0
-1.90600395202637 0.307250648736954 2.12654113769531
1.90600395202637 0.307250648736954 2.12654113769531
1.90600395202637 0.189399525523186 2.24439239501953
0 -0.707106781186217 -0.707106781186878
1.90600395202637 0.189399525523186 2.24439239501953
-1.90600395202637 0.189399525523186 2.24439239501953
-1.90600395202637 0.307250648736954 2.12654113769531
0 -0.707106781186217 -0.707106781186878
-1.90600395202637 0.189399525523186 2.24439239501953
1.90600395202637 0.189399525523186 2.24439239501953
1.90600395202637 0.0715483948588371 2.12654113769531
0 0.707106781186879 -0.707106781186217
1.90600395202637 0.0715483948588371 2.12654113769531
-1.90600395202637 0.0715483948588371 2.12654113769531
-1.90600395202637 0.189399525523186 2.24439239501953
0 0.707106781186879 -0.707106781186217
-1.90600395202637 0.0715483948588371 2.12654113769531
1.90600395202637 0.0715483948588371 2.12654113769531
1.90600395202637 0.0715483948588371 2.15600395202637
0 -1 0
1.90600395202637 0.0715483948588371 2.15600395202637
-1.90600395202637 0.0715483948588371 2.15600395202637
-1.90600395202637 0.0715483948588371 2.12654113769531
0 -1 0
-1.90600395202637 0.0715483948588371 2.15600395202637
1.90600395202637 0.0715483948588371 2.15600395202637
1.90600395202637 0.189399525523186 2.27385497093201
0 -0.707106781186728 0.707106781186367
1.90600395202637 0.189399525523186 2.27385497093201
-1.90600395202637 0.189399525523186 2.27385497093201
-1.90600395202637 0.0715483948588371 2.15600395202637
0 -0.707106781186728 0.707106781186367
-1.90600395202637 0.189399525523186 2.39885497093201
1.90600395202637 0.189399525523186 2.39885497093201
1.90600395202637 0.307250648736954 2.28100395202637
0 0.707106781186394 0.707106781186701
1.90600395202637 0.307250648736954 2.28100395202637
-1.90600395202637 0.307250648736954 2.28100395202637
-1.90600395202637 0.189399525523186 2.39885497093201
0 0.707106781186394 0.707106781186701
-1.90600395202637 0.307250648736954 2.28100395202637
1.90600395202637 0.307250648736954 2.28100395202637
1.90600395202637 0.307250648736954 2.25154113769531
0 1 0
1.90600395202637 0.307250648736954 2.25154113769531
-1.90600395202637 0.307250648736954 2.25154113769531
-1.90600395202637 0.307250648736954 2.28100395202637
0 1 0
-1.90600395202637 0.307250648736954 2.25154113769531
1.90600395202637 0.307250648736954 2.25154113769531
1.90600395202637 0.189399525523186 2.36939239501953
0 -0.707106781186347 -0.707106781186748
1.90600395202637 0.189399525523186 2.36939239501953
-1.90600395202637 0.189399525523186 2.36939239501953
-1.90600395202637 0.307250648736954 2.25154113769531
0 -0.707106781186347 -0.707106781186748
-1.90600395202637 0.189399525523186 2.36939239501953
1.90600395202637 0.189399525523186 2.36939239501953
1.90600395202637 0.0715483948588371 2.25154113769531
0 0.707106781186748 -0.707106781186347
1.90600395202637 0.0715483948588371 2.25154113769531
-1.90600395202637 0.0715483948588371 2.25154113769531
-1.90600395202637 0.189399525523186 2.36939239501953
0 0.707106781186748 -0.707106781186347
-1.90600395202637 0.0715483948588371 2.25154113769531
1.90600395202637 0.0715483948588371 2.25154113769531
1.90600395202637 0.0715483948588371 2.28100395202637
0 -1 4.71027737604158E-16
1.90600395202637 0.0715483948588371 2.28100395202637
-1.90600395202637 0.0715483948588371 2.28100395202637
-1.90600395202637 0.0715483948588371 2.25154113769531
0 -1 4.71027737604158E-16
-1.90600395202637 0.0715483948588371 2.28100395202637
1.90600395202637 0.0715483948588371 2.28100395202637
1.90600395202637 0.189399525523186 2.39885497093201
0 -0.7071067811866 0.707106781186495
1.90600395202637 0.189399525523186 2.39885497093201
-1.90600395202637 0.189399525523186 2.39885497093201
-1.90600395202637 0.0715483948588371 2.28100395202637
0 -0.7071067811866 0.707106781186495
-1.90600395202637 0.189399525523186 2.52385497093201
1.90600395202637 0.189399525523186 2.52385497093201
1.90600395202637 0.307250648736954 2.40600395202637
0 0.707106781186389 0.707106781186706
1.90600395202637 0.307250648736954 2.40600395202637
-1.90600395202637 0.307250648736954 2.40600395202637
-1.90600395202637 0.189399525523186 2.52385497093201
0 0.707106781186389 0.707106781186706
-1.90600395202637 0.307250648736954 2.40600395202637
1.90600395202637 0.307250648736954 2.40600395202637
1.90600395202637 0.307250648736954 2.37654113769531
0 1 -1.88411095042089E-15
1.90600395202637 0.307250648736954 2.37654113769531
-1.90600395202637 0.307250648736954 2.37654113769531
-1.90600395202637 0.307250648736954 2.40600395202637
0 1 -1.88411095042089E-15
-1.90600395202637 0.307250648736954 2.37654113769531
1.90600395202637 0.307250648736954 2.37654113769531
1.90600395202637 0.189399525523186 2.49439239501953
0 -0.707106781186348 -0.707106781186748
1.90600395202637 0.189399525523186 2.49439239501953
-1.90600395202637 0.189399525523186 2.49439239501953
-1.90600395202637 0.307250648736954 2.37654113769531
0 -0.707106781186348 -0.707106781186748
-1.90600395202637 0.189399525523186 2.49439239501953
1.90600395202637 0.189399525523186 2.49439239501953
1.90600395202637 0.0715483948588371 2.37654113769531
0 0.707106781186704 -0.707106781186391
1.90600395202637 0.0715483948588371 2.37654113769531
-1.90600395202637 0.0715483948588371 2.37654113769531
-1.90600395202637 0.189399525523186 2.49439239501953
0 0.707106781186704 -0.707106781186391
-1.90600395202637 0.0715483948588371 2.37654113769531
1.90600395202637 0.0715483948588371 2.37654113769531
1.90600395202637 0.0715483948588371 2.40600395202637
0 -1 4.23924963844567E-15
1.90600395202637 0.0715483948588371 2.40600395202637
-1.90600395202637 0.0715483948588371 2.40600395202637
-1.90600395202637 0.0715483948588371 2.37654113769531
0 -1 4.23924963844567E-15
-1.90600395202637 0.0715483948588371 2.40600395202637
1.90600395202637 0.0715483948588371 2.40600395202637
1.90600395202637 0.189399525523186 2.52385497093201
0 -0.707106781186718 0.707106781186377
1.90600395202637 0.189399525523186 2.52385497093201
-1.90600395202637 0.189399525523186 2.52385497093201
-1.90600395202637 0.0715483948588371 2.40600395202637
0 -0.707106781186718 0.707106781186377
-1.90600395202637 0.189399525523186 2.64885497093201
1.90600395202637 0.189399525523186 2.64885497093201
1.90600395202637 0.307250648736954 2.53100395202637
0 0.707106781186433 0.707106781186663
1.90600395202637 0.307250648736954 2.53100395202637
-1.90600395202637 0.307250648736954 2.53100395202637
-1.90600395202637 0.189399525523186 2.64885497093201
0 0.707106781186433 0.707106781186663
-1.90600395202637 0.307250648736954 2.53100395202637
1.90600395202637 0.307250648736954 2.53100395202637
1.90600395202637 0.307250648736954 2.50154113769531
0 1 0
1.90600395202637 0.307250648736954 2.50154113769531
-1.90600395202637 0.307250648736954 2.50154113769531
-1.90600395202637 0.307250648736954 2.53100395202637
0 1 0
-1.90600395202637 0.307250648736954 2.50154113769531
1.90600395202637 0.307250648736954 2.50154113769531
1.90600395202637 0.189399525523186 2.61939239501953
0 -0.707106781186418 -0.707106781186677
1.90600395202637 0.189399525523186 2.61939239501953
-1.90600395202637 0.189399525523186 2.61939239501953
-1.90600395202637 0.307250648736954 2.50154113769531
0 -0.707106781186418 -0.707106781186677
-1.90600395202637 0.189399525523186 2.61939239501953
1.90600395202637 0.189399525523186 2.61939239501953
1.90600395202637 0.0715483948588371 2.50154113769531
0 0.707106781186678 -0.707106781186418
1.90600395202637 0.0715483948588371 2.50154113769531
-1.90600395202637 0.0715483948588371 2.50154113769531
-1.90600395202637 0.189399525523186 2.61939239501953
0 0.707106781186678 -0.707106781186418
-1.90600395202637 0.0715483948588371 2.50154113769531
1.90600395202637 0.0715483948588371 2.50154113769531
1.90600395202637 0.0715483948588371 2.53100395202637
0 -1 0
1.90600395202637 0.0715483948588371 2.53100395202637
-1.90600395202637 0.0715483948588371 2.53100395202637
-1.90600395202637 0.0715483948588371 2.50154113769531
0 -1 0
-1.90600395202637 0.0715483948588371 2.53100395202637
1.90600395202637 0.0715483948588371 2.53100395202637
1.90600395202637 0.189399525523186 2.64885497093201
0 -0.707106781185969 0.707106781187126
1.90600395202637 0.189399525523186 2.64885497093201
-1.90600395202637 0.189399525523186 2.64885497093201
-1.90600395202637 0.0715483948588371 2.53100395202637
0 -0.707106781185969 0.707106781187126
-1.90600395202637 0.189399525523186 2.77385497093201
1.90600395202637 0.189399525523186 2.77385497093201
1.90600395202637 0.307250648736954 2.65600395202637
0 0.707106781186483 0.707106781186612
1.90600395202637 0.307250648736954 2.65600395202637
-1.90600395202637 0.307250648736954 2.65600395202637
-1.90600395202637 0.189399525523186 2.77385497093201
0 0.707106781186483 0.707106781186612
-1.90600395202637 0.307250648736954 2.65600395202637
1.90600395202637 0.307250648736954 2.65600395202637
1.90600395202637 0.307250648736954 2.62654113769531
0 1 -1.88411095042035E-15
1.90600395202637 0.307250648736954 2.62654113769531
-1.90600395202637 0.307250648736954 2.62654113769531
-1.90600395202637 0.307250648736954 2.65600395202637
0 1 -1.88411095042035E-15
-1.90600395202637 0.307250648736954 2.62654113769531
1.90600395202637 0.307250648736954 2.62654113769531
1.90600395202637 0.189399525523186 2.74439239501953
0 -0.707106781186461 -0.707106781186635
1.90600395202637 0.189399525523186 2.74439239501953
-1.90600395202637 0.189399525523186 2.74439239501953
-1.90600395202637 0.307250648736954 2.62654113769531
0 -0.707106781186461 -0.707106781186635
-1.90600395202637 0.189399525523186 2.74439239501953
1.90600395202637 0.189399525523186 2.74439239501953
1.90600395202637 0.0715483948588371 2.62654113769531
0 0.707106781186132 -0.707106781186963
1.90600395202637 0.0715483948588371 2.62654113769531
-1.90600395202637 0.0715483948588371 2.62654113769531
-1.90600395202637 0.189399525523186 2.74439239501953
0 0.707106781186132 -0.707106781186963
-1.90600395202637 0.0715483948588371 2.62654113769531
1.90600395202637 0.0715483948588371 2.62654113769531
1.90600395202637 0.0715483948588371 2.65600395202637
0 -1 4.71027737605195E-15
1.90600395202637 0.0715483948588371 2.65600395202637
-1.90600395202637 0.0715483948588371 2.65600395202637
-1.90600395202637 0.0715483948588371 2.62654113769531
0 -1 4.71027737605195E-15
-1.90600395202637 0.0715483948588371 2.65600395202637
1.90600395202637 0.0715483948588371 2.65600395202637
1.90600395202637 0.189399525523186 2.77385497093201
0 -0.707106781186175 0.70710678118692
1.90600395202637 0.189399525523186 2.77385497093201
-1.90600395202637 0.189399525523186 2.77385497093201
-1.90600395202637 0.0715483948588371 2.65600395202637
0 -0.707106781186175 0.70710678118692
-1.90600395202637 0.189399525523186 2.89885497093201
1.90600395202637 0.189399525523186 2.89885497093201
1.90600395202637 0.307250648736954 2.78100395202637
0 0.707106781186517 0.707106781186578
1.90600395202637 0.307250648736954 2.78100395202637
-1.90600395202637 0.307250648736954 2.78100395202637
-1.90600395202637 0.189399525523186 2.89885497093201
0 0.707106781186517 0.707106781186578
-1.90600395202637 0.307250648736954 2.78100395202637
1.90600395202637 0.307250648736954 2.78100395202637
1.90600395202637 0.307250648736954 2.75154113769531
0 1 0
1.90600395202637 0.307250648736954 2.75154113769531
-1.90600395202637 0.307250648736954 2.75154113769531
-1.90600395202637 0.307250648736954 2.78100395202637
0 1 0
-1.90600395202637 0.307250648736954 2.75154113769531
1.90600395202637 0.307250648736954 2.75154113769531
1.90600395202637 0.189399525523186 2.86939239501953
0 -0.707106781186494 -0.707106781186601
1.90600395202637 0.189399525523186 2.86939239501953
-1.90600395202637 0.189399525523186 2.86939239501953
-1.90600395202637 0.307250648736954 2.75154113769531
0 -0.707106781186494 -0.707106781186601
-1.90600395202637 0.189399525523186 2.86939239501953
1.90600395202637 0.189399525523186 2.86939239501953
1.90600395202637 0.0715483948588371 2.75154113769531
0 0.707106781186151 -0.707106781186944
1.90600395202637 0.0715483948588371 2.75154113769531
-1.90600395202637 0.0715483948588371 2.75154113769531
-1.90600395202637 0.189399525523186 2.86939239501953
0 0.707106781186151 -0.707106781186944
-1.90600395202637 0.0715483948588371 2.75154113769531
1.90600395202637 0.0715483948588371 2.75154113769531
1.90600395202637 0.0715483948588371 2.78100395202637
0 -1 1.41308321281541E-15
1.90600395202637 0.0715483948588371 2.78100395202637
-1.90600395202637 0.0715483948588371 2.78100395202637
-1.90600395202637 0.0715483948588371 2.75154113769531
0 -1 1.41308321281541E-15
-1.90600395202637 0.0715483948588371 2.78100395202637
1.90600395202637 0.0715483948588371 2.78100395202637
1.90600395202637 0.189399525523186 2.89885497093201
0 -0.707106781186202 0.707106781186893
1.90600395202637 0.189399525523186 2.89885497093201
-1.90600395202637 0.189399525523186 2.89885497093201
-1.90600395202637 0.0715483948588371 2.78100395202637
0 -0.707106781186202 0.707106781186893
-1.90600395202637 0.189399525523186 3.02385497093201
1.90600395202637 0.189399525523186 3.02385497093201
1.90600395202637 0.307250648736954 2.90600395202637
0 0.707106781186574 0.707106781186521
1.90600395202637 0.307250648736954 2.90600395202637
-1.90600395202637 0.307250648736954 2.90600395202637
-1.90600395202637 0.189399525523186 3.02385497093201
0 0.707106781186574 0.707106781186521
-1.90600395202637 0.307250648736954 2.90600395202637
1.90600395202637 0.307250648736954 2.90600395202637
1.90600395202637 0.307250648736954 2.87654113769531
0 1 -1.88411095042024E-15
1.90600395202637 0.307250648736954 2.87654113769531
-1.90600395202637 0.307250648736954 2.87654113769531
-1.90600395202637 0.307250648736954 2.90600395202637
0 1 -1.88411095042024E-15
-1.90600395202637 0.307250648736954 2.87654113769531
1.90600395202637 0.307250648736954 2.87654113769531
1.90600395202637 0.189399525523186 2.99439239501953
0 -0.707106781186546 -0.707106781186549
1.90600395202637 0.189399525523186 2.99439239501953
-1.90600395202637 0.189399525523186 2.99439239501953
-1.90600395202637 0.307250648736954 2.87654113769531
0 -0.707106781186546 -0.707106781186549
-1.90600395202637 0.189399525523186 2.99439239501953
1.90600395202637 0.189399525523186 2.99439239501953
1.90600395202637 0.0715483948588371 2.87654113769531
0 0.707106781186417 -0.707106781186678
1.90600395202637 0.0715483948588371 2.87654113769531
-1.90600395202637 0.0715483948588371 2.87654113769531
-1.90600395202637 0.189399525523186 2.99439239501953
0 0.707106781186417 -0.707106781186678
-1.90600395202637 0.0715483948588371 2.87654113769531
1.90600395202637 0.0715483948588371 2.87654113769531
1.90600395202637 0.0715483948588371 2.90600395202637
0 -1 -9.4205547520995E-16
1.90600395202637 0.0715483948588371 2.90600395202637
-1.90600395202637 0.0715483948588371 2.90600395202637
-1.90600395202637 0.0715483948588371 2.87654113769531
0 -1 -9.4205547520995E-16
-1.90600395202637 0.0715483948588371 2.90600395202637
1.90600395202637 0.0715483948588371 2.90600395202637
1.90600395202637 0.189399525523186 3.02385497093201
0 -0.707106781186429 0.707106781186666
1.90600395202637 0.189399525523186 3.02385497093201
-1.90600395202637 0.189399525523186 3.02385497093201
-1.90600395202637 0.0715483948588371 2.90600395202637
0 -0.707106781186429 0.707106781186666
-1.90600395202637 0.189399525523186 3.14885497093201
1.90600395202637 0.189399525523186 3.14885497093201
1.90600395202637 0.307250648736954 3.03100395202637
0 0.707106781186568 0.707106781186527
1.90600395202637 0.307250648736954 3.03100395202637
-1.90600395202637 0.307250648736954 3.03100395202637
-1.90600395202637 0.189399525523186 3.14885497093201
0 0.707106781186568 0.707106781186527
-1.90600395202637 0.307250648736954 3.03100395202637
1.90600395202637 0.307250648736954 3.03100395202637
1.90600395202637 0.307250648736954 3.00154113769531
0 1 0
1.90600395202637 0.307250648736954 3.00154113769531
-1.90600395202637 0.307250648736954 3.00154113769531
-1.90600395202637 0.307250648736954 3.03100395202637
0 1 0
-1.90600395202637 0.307250648736954 3.00154113769531
1.90600395202637 0.307250648736954 3.00154113769531
1.90600395202637 0.189399525523186 3.11939239501953
0 -0.707106781186579 -0.707106781186516
1.90600395202637 0.189399525523186 3.11939239501953
-1.90600395202637 0.189399525523186 3.11939239501953
-1.90600395202637 0.307250648736954 3.00154113769531
0 -0.707106781186579 -0.707106781186516
-1.90600395202637 0.189399525523186 3.11939239501953
1.90600395202637 0.189399525523186 3.11939239501953
1.90600395202637 0.0715483948588371 3.00154113769531
0 0.707106781186516 -0.707106781186579
1.90600395202637 0.0715483948588371 3.00154113769531
-1.90600395202637 0.0715483948588371 3.00154113769531
-1.90600395202637 0.189399525523186 3.11939239501953
0 0.707106781186516 -0.707106781186579
-1.90600395202637 0.0715483948588371 3.00154113769531
1.90600395202637 0.0715483948588371 3.00154113769531
1.90600395202637 0.0715483948588371 3.03100395202637
0 -1 0
1.90600395202637 0.0715483948588371 3.03100395202637
-1.90600395202637 0.0715483948588371 3.03100395202637
-1.90600395202637 0.0715483948588371 3.00154113769531
0 -1 0
-1.90600395202637 0.0715483948588371 3.03100395202637
1.90600395202637 0.0715483948588371 3.03100395202637
1.90600395202637 0.189399525523186 3.14885497093201
0 -0.707106781187864 0.707106781185231
1.90600395202637 0.189399525523186 3.14885497093201
-1.90600395202637 0.189399525523186 3.14885497093201
-1.90600395202637 0.0715483948588371 3.03100395202637
0 -0.707106781187864 0.707106781185231
-1.90600395202637 0.189399525523186 3.27385497093201
1.90600395202637 0.189399525523186 3.27385497093201
1.90600395202637 0.307250648736954 3.15600395202637
0 0.707106781186552 0.707106781186543
1.90600395202637 0.307250648736954 3.15600395202637
-1.90600395202637 0.307250648736954 3.15600395202637
-1.90600395202637 0.189399525523186 3.27385497093201
0 0.707106781186552 0.707106781186543
-1.90600395202637 0.307250648736954 3.15600395202637
1.90600395202637 0.307250648736954 3.15600395202637
1.90600395202637 0.307250648736954 3.12654113769531
0 1 3.76822190083986E-15
1.90600395202637 0.307250648736954 3.12654113769531
-1.90600395202637 0.307250648736954 3.12654113769531
-1.90600395202637 0.307250648736954 3.15600395202637
0 1 3.76822190083986E-15
-1.90600395202637 0.307250648736954 3.12654113769531
1.90600395202637 0.307250648736954 3.12654113769531
1.90600395202637 0.189399525523186 3.24439239501953
0 -0.707106781186533 -0.707106781186562
1.90600395202637 0.189399525523186 3.24439239501953
-1.90600395202637 0.189399525523186 3.24439239501953
-1.90600395202637 0.307250648736954 3.12654113769531
0 -0.707106781186533 -0.707106781186562
-1.90600395202637 0.189399525523186 3.24439239501953
1.90600395202637 0.189399525523186 3.24439239501953
1.90600395202637 0.0715483948588371 3.12654113769531
0 0.707106781187892 -0.707106781185203
1.90600395202637 0.0715483948588371 3.12654113769531
-1.90600395202637 0.0715483948588371 3.12654113769531
-1.90600395202637 0.189399525523186 3.24439239501953
0 0.707106781187892 -0.707106781185203
-1.90600395202637 0.0715483948588371 3.12654113769531
1.90600395202637 0.0715483948588371 3.12654113769531
1.90600395202637 0.0715483948588371 3.15600395202637
0 -1 -9.42055475210447E-16
1.90600395202637 0.0715483948588371 3.15600395202637
-1.90600395202637 0.0715483948588371 3.15600395202637
-1.90600395202637 0.0715483948588371 3.12654113769531
0 -1 -9.42055475210447E-16
-1.90600395202637 0.0715483948588371 3.15600395202637
1.90600395202637 0.0715483948588371 3.15600395202637
1.90600395202637 0.189399525523186 3.27385497093201
0 -0.707106781187956 0.707106781185139
1.90600395202637 0.189399525523186 3.27385497093201
-1.90600395202637 0.189399525523186 3.27385497093201
-1.90600395202637 0.0715483948588371 3.15600395202637
0 -0.707106781187956 0.707106781185139
-1.90600395202637 0.189399525523186 3.39885497093201
1.90600395202637 0.189399525523186 3.39885497093201
1.90600395202637 0.307250648736954 3.28100395202637
0 0.707106781186615 0.70710678118648
1.90600395202637 0.307250648736954 3.28100395202637
-1.90600395202637 0.307250648736954 3.28100395202637
-1.90600395202637 0.189399525523186 3.39885497093201
0 0.707106781186615 0.70710678118648
-1.90600395202637 0.307250648736954 3.28100395202637
1.90600395202637 0.307250648736954 3.28100395202637
1.90600395202637 0.307250648736954 3.25154113769531
0 1 3.76822190083952E-15
1.90600395202637 0.307250648736954 3.25154113769531
-1.90600395202637 0.307250648736954 3.25154113769531
-1.90600395202637 0.307250648736954 3.28100395202637
0 1 3.76822190083952E-15
-1.90600395202637 0.307250648736954 3.25154113769531
1.90600395202637 0.307250648736954 3.25154113769531
1.90600395202637 0.189399525523186 3.36939239501953
0 -0.707106781186631 -0.707106781186464
1.90600395202637 0.189399525523186 3.36939239501953
-1.90600395202637 0.189399525523186 3.36939239501953
-1.90600395202637 0.307250648736954 3.25154113769531
0 -0.707106781186631 -0.707106781186464
-1.90600395202637 0.189399525523186 3.36939239501953
1.90600395202637 0.189399525523186 3.36939239501953
1.90600395202637 0.0715483948588371 3.25154113769531
0 0.70710678118772 -0.707106781185375
1.90600395202637 0.0715483948588371 3.25154113769531
-1.90600395202637 0.0715483948588371 3.25154113769531
-1.90600395202637 0.189399525523186 3.36939239501953
0 0.70710678118772 -0.707106781185375
-1.90600395202637 0.0715483948588371 3.25154113769531
1.90600395202637 0.0715483948588371 3.25154113769531
1.90600395202637 0.0715483948588371 3.28100395202637
0 -1 -2.35513868802633E-15
1.90600395202637 0.0715483948588371 3.28100395202637
-1.90600395202637 0.0715483948588371 3.28100395202637
-1.90600395202637 0.0715483948588371 3.25154113769531
0 -1 -2.35513868802633E-15
-1.90600395202637 0.0715483948588371 3.28100395202637
1.90600395202637 0.0715483948588371 3.28100395202637
1.90600395202637 0.189399525523186 3.39885497093201
0 -0.707106781187765 0.70710678118533
1.90600395202637 0.189399525523186 3.39885497093201
-1.90600395202637 0.189399525523186 3.39885497093201
-1.90600395202637 0.0715483948588371 3.28100395202637
0 -0.707106781187765 0.70710678118533
-1.90600395202637 0.189399525523186 3.52385497093201
1.90600395202637 0.189399525523186 3.52385497093201
1.90600395202637 0.307250648736954 3.40600395202637
0 0.707106781186597 0.707106781186498
1.90600395202637 0.307250648736954 3.40600395202637
-1.90600395202637 0.307250648736954 3.40600395202637
-1.90600395202637 0.189399525523186 3.52385497093201
0 0.707106781186597 0.707106781186498
-1.90600395202637 0.307250648736954 3.40600395202637
1.90600395202637 0.307250648736954 3.40600395202637
1.90600395202637 0.307250648736954 3.37654113769531
0 1 -1.88411095041987E-15
1.90600395202637 0.307250648736954 3.37654113769531
-1.90600395202637 0.307250648736954 3.37654113769531
-1.90600395202637 0.307250648736954 3.40600395202637
0 1 -1.88411095041987E-15
-1.90600395202637 0.307250648736954 3.37654113769531
1.90600395202637 0.307250648736954 3.37654113769531
1.90600395202637 0.189399525523186 3.49439239501953
0 -0.707106781186613 -0.707106781186482
1.90600395202637 0.189399525523186 3.49439239501953
-1.90600395202637 0.189399525523186 3.49439239501953
-1.90600395202637 0.307250648736954 3.37654113769531
0 -0.707106781186613 -0.707106781186482
-1.90600395202637 0.189399525523186 3.49439239501953
1.90600395202637 0.189399525523186 3.49439239501953
1.90600395202637 0.0715483948588371 3.37654113769531
0 0.707106781187893 -0.707106781185202
1.90600395202637 0.0715483948588371 3.37654113769531
-1.90600395202637 0.0715483948588371 3.37654113769531
-1.90600395202637 0.189399525523186 3.49439239501953
0 0.707106781187893 -0.707106781185202
-1.90600395202637 0.0715483948588371 3.37654113769531
1.90600395202637 0.0715483948588371 3.37654113769531
1.90600395202637 0.0715483948588371 3.40600395202637
0 -1 1.88411095041993E-15
1.90600395202637 0.0715483948588371 3.40600395202637
-1.90600395202637 0.0715483948588371 3.40600395202637
-1.90600395202637 0.0715483948588371 3.37654113769531
0 -1 1.88411095041993E-15
-1.90600395202637 0.0715483948588371 3.40600395202637
1.90600395202637 0.0715483948588371 3.40600395202637
1.90600395202637 0.189399525523186 3.52385497093201
0 -0.70710678118788 0.707106781185215
1.90600395202637 0.189399525523186 3.52385497093201
-1.90600395202637 0.189399525523186 3.52385497093201
-1.90600395202637 0.0715483948588371 3.40600395202637
0 -0.70710678118788 0.707106781185215
-1.90600395202637 0.189399525523186 3.64885497093201
1.90600395202637 0.189399525523186 3.64885497093201
1.90600395202637 0.307250648736954 3.53100395202637
0 0.707106781186636 0.707106781186459
1.90600395202637 0.307250648736954 3.53100395202637
-1.90600395202637 0.307250648736954 3.53100395202637
-1.90600395202637 0.189399525523186 3.64885497093201
0 0.707106781186636 0.707106781186459
-1.90600395202637 0.307250648736954 3.53100395202637
1.90600395202637 0.307250648736954 3.53100395202637
1.90600395202637 0.307250648736954 3.50154113769531
0 1 0
1.90600395202637 0.307250648736954 3.50154113769531
-1.90600395202637 0.307250648736954 3.50154113769531
-1.90600395202637 0.307250648736954 3.53100395202637
0 1 0
-1.90600395202637 0.307250648736954 3.50154113769531
1.90600395202637 0.307250648736954 3.50154113769531
1.90600395202637 0.189399525523186 3.61939239501953
0 -0.707106781186636 -0.707106781186459
1.90600395202637 0.189399525523186 3.61939239501953
-1.90600395202637 0.189399525523186 3.61939239501953
-1.90600395202637 0.307250648736954 3.50154113769531
0 -0.707106781186636 -0.707106781186459
-1.90600395202637 0.189399525523186 3.61939239501953
1.90600395202637 0.189399525523186 3.61939239501953
1.90600395202637 0.0715483948588371 3.50154113769531
0 0.70710678118811 -0.707106781184985
1.90600395202637 0.0715483948588371 3.50154113769531
-1.90600395202637 0.0715483948588371 3.50154113769531
-1.90600395202637 0.189399525523186 3.61939239501953
0 0.70710678118811 -0.707106781184985
-1.90600395202637 0.0715483948588371 3.50154113769531
1.90600395202637 0.0715483948588371 3.50154113769531
1.90600395202637 0.0715483948588371 3.53100395202637
0 -1 9.42055475209907E-15
1.90600395202637 0.0715483948588371 3.53100395202637
-1.90600395202637 0.0715483948588371 3.53100395202637
-1.90600395202637 0.0715483948588371 3.50154113769531
0 -1 9.42055475209907E-15
-1.90600395202637 0.0715483948588371 3.53100395202637
1.90600395202637 0.0715483948588371 3.53100395202637
1.90600395202637 0.189399525523186 3.64885497093201
0 -0.707106781188111 0.707106781184984
1.90600395202637 0.189399525523186 3.64885497093201
-1.90600395202637 0.189399525523186 3.64885497093201
-1.90600395202637 0.0715483948588371 3.53100395202637
0 -0.707106781188111 0.707106781184984
-1.90600395202637 0.189399525523186 3.77352690696716
1.90600395202637 0.189399525523186 3.77352690696716
1.90600395202637 0.307250648736954 3.65600395202637
0 0.706120471322756 0.70809171720825
1.90600395202637 0.307250648736954 3.65600395202637
-1.90600395202637 0.307250648736954 3.65600395202637
-1.90600395202637 0.189399525523186 3.77352690696716
0 0.706120471322756 0.70809171720825
-1.90600395202637 0.307250648736954 3.65600395202637
1.90600395202637 0.307250648736954 3.65600395202637
1.90600395202637 0.307250648736954 3.62654113769531
0 1 -1.88411095042072E-15
1.90600395202637 0.307250648736954 3.62654113769531
-1.90600395202637 0.307250648736954 3.62654113769531
-1.90600395202637 0.307250648736954 3.65600395202637
0 1 -1.88411095042072E-15
-1.90600395202637 0.307250648736954 3.62654113769531
1.90600395202637 0.307250648736954 3.62654113769531
1.90600395202637 0.189399525523186 3.74439239501953
0 -0.707106781186569 -0.707106781186526
1.90600395202637 0.189399525523186 3.74439239501953
-1.90600395202637 0.189399525523186 3.74439239501953
-1.90600395202637 0.307250648736954 3.62654113769531
0 -0.707106781186569 -0.707106781186526
-1.90600395202637 0.189399525523186 3.74439239501953
1.90600395202637 0.189399525523186 3.74439239501953
1.90600395202637 0.0715483948588371 3.62654113769531
0 0.707106781188125 -0.70710678118497
1.90600395202637 0.0715483948588371 3.62654113769531
-1.90600395202637 0.0715483948588371 3.62654113769531
-1.90600395202637 0.189399525523186 3.74439239501953
0 0.707106781188125 -0.70710678118497
-1.90600395202637 0.0715483948588371 3.62654113769531
1.90600395202637 0.0715483948588371 3.62654113769531
1.90600395202637 0.0715483948588371 3.65600395202637
0 -1 4.71027737605167E-16
1.90600395202637 0.0715483948588371 3.65600395202637
-1.90600395202637 0.0715483948588371 3.65600395202637
-1.90600395202637 0.0715483948588371 3.62654113769531
0 -1 4.71027737605167E-16
-1.90600395202637 0.0715483948588371 3.65600395202637
1.90600395202637 0.0715483948588371 3.65600395202637
1.90600395202637 0.189399525523186 3.77352690696716
0 -0.706120471324312 0.708091717206699
1.90600395202637 0.189399525523186 3.77352690696716
-1.90600395202637 0.189399525523186 3.77352690696716
-1.90600395202637 0.0715483948588371 3.65600395202637
0 -0.706120471324312 0.708091717206699
-1.90600395202637 0.189399525523186 3.89852690696716
1.90600395202637 0.189399525523186 3.89852690696716
1.90600395202637 0.307250648736954 3.78067588806152
0 0.707106781186556 0.707106781186539
1.90600395202637 0.307250648736954 3.78067588806152
-1.90600395202637 0.307250648736954 3.78067588806152
-1.90600395202637 0.189399525523186 3.89852690696716
0 0.707106781186556 0.707106781186539
-1.90600395202637 0.307250648736954 3.78067588806152
1.90600395202637 0.307250648736954 3.78067588806152
1.90600395202637 0.307250648736954 3.75121307373047
0 1 3.76822190084076E-15
1.90600395202637 0.307250648736954 3.75121307373047
-1.90600395202637 0.307250648736954 3.75121307373047
-1.90600395202637 0.307250648736954 3.78067588806152
0 1 3.76822190084076E-15
-1.90600395202637 0.307250648736954 3.75121307373047
1.90600395202637 0.307250648736954 3.75121307373047
1.90600395202637 0.189399525523186 3.86906409263611
0 -0.707106781186561 -0.707106781186534
1.90600395202637 0.189399525523186 3.86906409263611
-1.90600395202637 0.189399525523186 3.86906409263611
-1.90600395202637 0.307250648736954 3.75121307373047
0 -0.707106781186561 -0.707106781186534
-1.90600395202637 0.189399525523186 3.86906409263611
1.90600395202637 0.189399525523186 3.86906409263611
1.90600395202637 0.0715483948588371 3.75121307373047
0 0.707106781188014 -0.707106781185081
1.90600395202637 0.0715483948588371 3.75121307373047
-1.90600395202637 0.0715483948588371 3.75121307373047
-1.90600395202637 0.189399525523186 3.86906409263611
0 0.707106781188014 -0.707106781185081
-1.90600395202637 0.0715483948588371 3.75121307373047
1.90600395202637 0.0715483948588371 3.75121307373047
1.90600395202637 0.0715483948588371 3.78067588806152
0 -1 9.89158248971118E-15
1.90600395202637 0.0715483948588371 3.78067588806152
-1.90600395202637 0.0715483948588371 3.78067588806152
-1.90600395202637 0.0715483948588371 3.75121307373047
0 -1 9.89158248971118E-15
-1.90600395202637 0.0715483948588371 3.78067588806152
1.90600395202637 0.0715483948588371 3.78067588806152
1.90600395202637 0.189399525523186 3.89852690696716
0 -0.707106781188047 0.707106781185048
1.90600395202637 0.189399525523186 3.89852690696716
-1.90600395202637 0.189399525523186 3.89852690696716
-1.90600395202637 0.0715483948588371 3.78067588806152
0 -0.707106781188047 0.707106781185048
[LEVEL]
4F
[HEADER]
441148,AG1 1200*600,1590
29.9008140092644 4.42540189237108 32.8083989501312
1
1.63451642158249E-15 1 0
-1 1.63451642158249E-15 0
0 0 1
2.03067588806152 0.349901586771011 4.03067588806152
1.90600395202637 0.349901586771011 3.90600395202637
-1.90600395202637 0.349901586771011 3.90600395202637
0 1 0
1.90600395202637 0.349901586771011 3.90600395202637
2.03067588806152 0.349901586771011 4.03067588806152
1.90600395202637 0.349901586771011 2.03100395202637
0 1 0
-2.03067588806152 0.349901586771011 4.03067588806152
-1.90600395202637 0.349901586771011 3.90600395202637
-1.90600395202637 0.349901586771011 2.03100395202637
0 1 0
-1.90600395202637 0.349901586771011 3.90600395202637
-2.03067588806152 0.349901586771011 4.03067588806152
2.03067588806152 0.349901586771011 4.03067588806152
0 1 0
1.90600395202637 0.349901586771011 2.03100395202637
2.03067588806152 0.349901586771011 1.90633201599121
-1.90600395202637 0.349901586771011 2.03100395202637
0 1 0
2.03067588806152 0.349901586771011 1.90633201599121
1.90600395202637 0.349901586771011 2.03100395202637
2.03067588806152 0.349901586771011 4.03067588806152
0 1 0
-1.90600395202637 0.349901586771011 2.03100395202637
-2.03067588806152 0.349901586771011 1.90633201599121
-2.03067588806152 0.349901586771011 4.03067588806152
0 1 0
-2.03067588806152 0.349901586771011 1.90633201599121
-1.90600395202637 0.349901586771011 2.03100395202637
2.03067588806152 0.349901586771011 1.90633201599121
0 1 0
2.03067588806152 0.307250648736954 1.90633201599121
1.90600395202637 0.307250648736954 2.03100395202637
-1.90600395202637 0.307250648736954 2.03100395202637
0 -1 0
1.90600395202637 0.307250648736954 2.03100395202637
2.03067588806152 0.307250648736954 1.90633201599121
1.90600395202637 0.307250648736954 3.90600395202637
0 -1 0
-2.03067588806152 0.307250648736954 1.90633201599121
-1.90600395202637 0.307250648736954 2.03100395202637
-1.90600395202637 0.307250648736954 3.90600395202637
0 -1 0
-1.90600395202637 0.307250648736954 2.03100395202637
-2.03067588806152 0.307250648736954 1.90633201599121
2.03067588806152 0.307250648736954 1.90633201599121
0 -1 0
1.90600395202637 0.307250648736954 3.90600395202637
2.03067588806152 0.307250648736954 4.03067588806152
-1.90600395202637 0.307250648736954 3.90600395202637
0 -1 0
2.03067588806152 0.307250648736954 4.03067588806152
1.90600395202637 0.307250648736954 3.90600395202637
2.03067588806152 0.307250648736954 1.90633201599121
0 -1 0
-1.90600395202637 0.307250648736954 3.90600395202637
-2.03067588806152 0.307250648736954 4.03067588806152
-2.03067588806152 0.307250648736954 1.90633201599121
0 -1 0
-2.03067588806152 0.307250648736954 4.03067588806152
-1.90600395202637 0.307250648736954 3.90600395202637
2.03067588806152 0.307250648736954 4.03067588806152
0 -1 0
-1.90600395202637 0.349901586771011 3.90600395202637
-1.90600395202637 0.307250648736954 3.90600395202637
-1.90600395202637 0.307250648736954 2.03100395202637
1 0 1.18423789293347E-16
-1.90600395202637 0.307250648736954 2.03100395202637
-1.90600395202637 0.349901586771011 2.03100395202637
-1.90600395202637 0.349901586771011 3.90600395202637
1 0 1.18423789293347E-16
-1.90600395202637 0.349901586771011 2.03100395202637
-1.90600395202637 0.307250648736954 2.03100395202637
1.90600395202637 0.307250648736954 2.03100395202637
0 0 1
1.90600395202637 0.307250648736954 2.03100395202637
1.90600395202637 0.349901586771011 2.03100395202637
-1.90600395202637 0.349901586771011 2.03100395202637
0 0 1
1.90600395202637 0.349901586771011 2.03100395202637
1.90600395202637 0.307250648736954 2.03100395202637
1.90600395202637 0.307250648736954 3.90600395202637
-1 0 0
1.90600395202637 0.307250648736954 3.90600395202637
1.90600395202637 0.349901586771011 3.90600395202637
1.90600395202637 0.349901586771011 2.03100395202637
-1 0 0
1.90600395202637 0.349901586771011 3.90600395202637
1.90600395202637 0.307250648736954 3.90600395202637
-1.90600395202637 0.307250648736954 3.90600395202637
0 0 -1
-1.90600395202637 0.307250648736954 3.90600395202637
-1.90600395202637 0.349901586771011 3.90600395202637
1.90600395202637 0.349901586771011 3.90600395202637
0 0 -1
-2.03067588806152 0.349901586771011 4.03067588806152
-2.03067588806152 0.307250648736954 4.03067588806152
2.03067588806152 0.307250648736954 4.03067588806152
0 0 1
2.03067588806152 0.307250648736954 4.03067588806152
2.03067588806152 0.349901586771011 4.03067588806152
-2.03067588806152 0.349901586771011 4.03067588806152
0 0 1
2.03067588806152 0.349901586771011 4.03067588806152
2.03067588806152 0.307250648736954 4.03067588806152
2.03067588806152 0.307250648736954 1.90633201599121
1 0 0
2.03067588806152 0.307250648736954 1.90633201599121
2.03067588806152 0.349901586771011 1.90633201599121
2.03067588806152 0.349901586771011 4.03067588806152
1 0 0
2.03067588806152 0.349901586771011 1.90633201599121
2.03067588806152 0.307250648736954 1.90633201599121
-2.03067588806152 0.307250648736954 1.90633201599121
-5.46725871081272E-17 0 -1
-2.03067588806152 0.307250648736954 1.90633201599121
-2.03067588806152 0.349901586771011 1.90633201599121
2.03067588806152 0.349901586771011 1.90633201599121
-5.46725871081272E-17 0 -1
-2.03067588806152 0.349901586771011 1.90633201599121
-2.03067588806152 0.307250648736954 1.90633201599121
-2.03067588806152 0.307250648736954 4.03067588806152
-1 0 -2.09047708358755E-16
-2.03067588806152 0.307250648736954 4.03067588806152
-2.03067588806152 0.349901586771011 4.03067588806152
-2.03067588806152 0.349901586771011 1.90633201599121
-1 0 -2.09047708358755E-16
-2.03067588806152 -0.391568243503571 4.03067588806152
-1.90600395202637 -0.391568243503571 3.90600395202637
1.90600395202637 -0.391568243503571 3.90600395202637
0 -1 0
-1.90600395202637 -0.391568243503571 3.90600395202637
-2.03067588806152 -0.391568243503571 4.03067588806152
-1.90600395202637 -0.391568243503571 2.03100395202637
0 -1 0
2.03067588806152 -0.391568243503571 4.03067588806152
1.90600395202637 -0.391568243503571 3.90600395202637
1.90600395202637 -0.391568243503571 2.03100395202637
0 -1 0
1.90600395202637 -0.391568243503571 3.90600395202637
2.03067588806152 -0.391568243503571 4.03067588806152
-2.03067588806152 -0.391568243503571 4.03067588806152
0 -1 0
-1.90600395202637 -0.391568243503571 2.03100395202637
-2.03067588806152 -0.391568243503571 1.90633201599121
1.90600395202637 -0.391568243503571 2.03100395202637
0 -1 0
-2.03067588806152 -0.391568243503571 1.90633201599121
-1.90600395202637 -0.391568243503571 2.03100395202637
-2.03067588806152 -0.391568243503571 4.03067588806152
0 -1 0
1.90600395202637 -0.391568243503571 2.03100395202637
2.03067588806152 -0.391568243503571 1.90633201599121
2.03067588806152 -0.391568243503571 4.03067588806152
0 -1 0
2.03067588806152 -0.391568243503571 1.90633201599121
1.90600395202637 -0.391568243503571 2.03100395202637
-2.03067588806152 -0.391568243503571 1.90633201599121
0 -1 0
-2.03067588806152 -0.348917335271835 1.90633201599121
-1.90600395202637 -0.348917335271835 2.03100395202637
1.90600395202637 -0.348917335271835 2.03100395202637
0 1 0
-1.90600395202637 -0.348917335271835 2.03100395202637
-2.03067588806152 -0.348917335271835 1.90633201599121
-1.90600395202637 -0.348917335271835 3.90600395202637
0 1 0
2.03067588806152 -0.348917335271835 1.90633201599121
1.90600395202637 -0.348917335271835 2.03100395202637
1.90600395202637 -0.348917335271835 3.90600395202637
0 1 0
1.90600395202637 -0.348917335271835 2.03100395202637
2.03067588806152 -0.348917335271835 1.90633201599121
-2.03067588806152 -0.348917335271835 1.90633201599121
0 1 0
-1.90600395202637 -0.348917335271835 3.90600395202637
-2.03067588806152 -0.348917335271835 4.03067588806152
1.90600395202637 -0.348917335271835 3.90600395202637
0 1 0
-2.03067588806152 -0.348917335271835 4.03067588806152
-1.90600395202637 -0.348917335271835 3.90600395202637
-2.03067588806152 -0.348917335271835 1.90633201599121
0 1 0
1.90600395202637 -0.348917335271835 3.90600395202637
2.03067588806152 -0.348917335271835 4.03067588806152
2.03067588806152 -0.348917335271835 1.90633201599121
0 1 0
2.03067588806152 -0.348917335271835 4.03067588806152
1.90600395202637 -0.348917335271835 3.90600395202637
-2.03067588806152 -0.348917335271835 4.03067588806152
0 1 0
1.90600395202637 -0.391568243503571 3.90600395202637
1.90600395202637 -0.348917335271835 3.90600395202637
1.90600395202637 -0.348917335271835 2.03100395202637
-1 0 0
1.90600395202637 -0.348917335271835 2.03100395202637
1.90600395202637 -0.391568243503571 2.03100395202637
1.90600395202637 -0.391568243503571 3.90600395202637
-1 0 0
1.90600395202637 -0.391568243503571 2.03100395202637
1.90600395202637 -0.348917335271835 2.03100395202637
-1.90600395202637 -0.348917335271835 2.03100395202637
0 0 1
-1.90600395202637 -0.348917335271835 2.03100395202637
-1.90600395202637 -0.391568243503571 2.03100395202637
1.90600395202637 -0.391568243503571 2.03100395202637
0 0 1
-1.90600395202637 -0.391568243503571 2.03100395202637
-1.90600395202637 -0.348917335271835 2.03100395202637
-1.90600395202637 -0.348917335271835 3.90600395202637
1 0 0
-1.90600395202637 -0.348917335271835 3.90600395202637
-1.90600395202637 -0.391568243503571 3.90600395202637
-1.90600395202637 -0.391568243503571 2.03100395202637
1 0 0
-1.90600395202637 -0.391568243503571 3.90600395202637
-1.90600395202637 -0.348917335271835 3.90600395202637
1.90600395202637 -0.348917335271835 3.90600395202637
0 0 -1
1.90600395202637 -0.348917335271835 3.90600395202637
1.90600395202637 -0.391568243503571 3.90600395202637
-1.90600395202637 -0.391568243503571 3.90600395202637
0 0 -1
2.03067588806152 -0.391568243503571 4.03067588806152
2.03067588806152 -0.348917335271835 4.03067588806152
-2.03067588806152 -0.348917335271835 4.03067588806152
0 0 1
-2.03067588806152 -0.348917335271835 4.03067588806152
-2.03067588806152 -0.391568243503571 4.03067588806152
2.03067588806152 -0.391568243503571 4.03067588806152
0 0 1
-2.03067588806152 -0.391568243503571 4.03067588806152
-2.03067588806152 -0.348917335271835 4.03067588806152
-2.03067588806152 -0.348917335271835 1.90633201599121
-1 0 0
-2.03067588806152 -0.348917335271835 1.90633201599121
-2.03067588806152 -0.391568243503571 1.90633201599121
-2.03067588806152 -0.391568243503571 4.03067588806152
-1 0 0
-2.03067588806152 -0.391568243503571 1.90633201599121
-2.03067588806152 -0.348917335271835 1.90633201599121
2.03067588806152 -0.348917335271835 1.90633201599121
5.4672587108127E-17 0 -1
2.03067588806152 -0.348917335271835 1.90633201599121
2.03067588806152 -0.391568243503571 1.90633201599121
-2.03067588806152 -0.391568243503571 1.90633201599121
5.4672587108127E-17 0 -1
2.03067588806152 -0.391568243503571 1.90633201599121
2.03067588806152 -0.348917335271835 1.90633201599121
2.03067588806152 -0.348917335271835 4.03067588806152
1 0 -2.09047708358754E-16
2.03067588806152 -0.348917335271835 4.03067588806152
2.03067588806152 -0.391568243503571 4.03067588806152
2.03067588806152 -0.391568243503571 1.90633201599121
1 0 -2.09047708358754E-16
1.96850395202637 -0.348917335271835 3.96850395202637
1.90600395202637 -0.348917335271835 3.90600395202637
1.90600395202637 -0.348917335271835 2.03100395202637
0 -1 0
1.90600395202637 -0.348917335271835 3.90600395202637
1.96850395202637 -0.348917335271835 3.96850395202637
-1.90600395202637 -0.348917335271835 3.90600395202637
0 -1 0
1.96850395202637 -0.348917335271835 1.96850395202637
1.90600395202637 -0.348917335271835 2.03100395202637
-1.90600395202637 -0.348917335271835 2.03100395202637
0 -1 0
1.90600395202637 -0.348917335271835 2.03100395202637
1.96850395202637 -0.348917335271835 1.96850395202637
1.96850395202637 -0.348917335271835 3.96850395202637
0 -1 0
-1.90600395202637 -0.348917335271835 3.90600395202637
-1.96850395202637 -0.348917335271835 3.96850395202637
-1.90600395202637 -0.348917335271835 2.03100395202637
0 -1 0
-1.96850395202637 -0.348917335271835 3.96850395202637
-1.90600395202637 -0.348917335271835 3.90600395202637
1.96850395202637 -0.348917335271835 3.96850395202637
0 -1 0
-1.90600395202637 -0.348917335271835 2.03100395202637
-1.96850395202637 -0.348917335271835 1.96850395202637
1.96850395202637 -0.348917335271835 1.96850395202637
0 -1 0
-1.96850395202637 -0.348917335271835 1.96850395202637
-1.90600395202637 -0.348917335271835 2.03100395202637
-1.96850395202637 -0.348917335271835 3.96850395202637
0 -1 0
-1.96850395202637 0.307250648736954 3.96850395202637
-1.90600395202637 0.307250648736954 3.90600395202637
-1.90600395202637 0.307250648736954 2.03100395202637
0 1 0
-1.90600395202637 0.307250648736954 3.90600395202637
-1.96850395202637 0.307250648736954 3.96850395202637
1.90600395202637 0.307250648736954 3.90600395202637
0 1 0
-1.96850395202637 0.307250648736954 1.96850395202637
-1.90600395202637 0.307250648736954 2.03100395202637
1.90600395202637 0.307250648736954 2.03100395202637
0 1 0
-1.90600395202637 0.307250648736954 2.03100395202637
-1.96850395202637 0.307250648736954 1.96850395202637
-1.96850395202637 0.307250648736954 3.96850395202637
0 1 0
1.90600395202637 0.307250648736954 3.90600395202637
1.96850395202637 0.307250648736954 3.96850395202637
1.90600395202637 0.307250648736954 2.03100395202637
0 1 0
1.96850395202637 0.307250648736954 3.96850395202637
1.90600395202637 0.307250648736954 3.90600395202637
-1.96850395202637 0.307250648736954 3.96850395202637
0 1 0
1.90600395202637 0.307250648736954 2.03100395202637
1.96850395202637 0.307250648736954 1.96850395202637
-1.96850395202637 0.307250648736954 1.96850395202637
0 1 0
1.96850395202637 0.307250648736954 1.96850395202637
1.90600395202637 0.307250648736954 2.03100395202637
1.96850395202637 0.307250648736954 3.96850395202637
0 1 0
1.96850395202637 -0.348917335271835 3.96850395202637
1.96850395202637 0.307250648736954 3.96850395202637
-1.96850395202637 0.307250648736954 3.96850395202637
0 0 1
-1.96850395202637 0.307250648736954 3.96850395202637
-1.96850395202637 -0.348917335271835 3.96850395202637
1.96850395202637 -0.348917335271835 3.96850395202637
0 0 1
-1.96850395202637 -0.348917335271835 3.96850395202637
-1.96850395202637 0.307250648736954 3.96850395202637
-1.96850395202637 0.307250648736954 1.96850395202637
-1 0 0
-1.96850395202637 0.307250648736954 1.96850395202637
-1.96850395202637 -0.348917335271835 1.96850395202637
-1.96850395202637 -0.348917335271835 3.96850395202637
-1 0 0
-1.96850395202637 -0.348917335271835 1.96850395202637
-1.96850395202637 0.307250648736954 1.96850395202637
1.96850395202637 0.307250648736954 1.96850395202637
0 0 -1
1.96850395202637 0.307250648736954 1.96850395202637
1.96850395202637 -0.348917335271835 1.96850395202637
-1.96850395202637 -0.348917335271835 1.96850395202637
0 0 -1
1.96850395202637 -0.348917335271835 1.96850395202637
1.96850395202637 0.307250648736954 1.96850395202637
1.96850395202637 0.307250648736954 3.96850395202637
1 0 0
1.96850395202637 0.307250648736954 3.96850395202637
1.96850395202637 -0.348917335271835 3.96850395202637
1.96850395202637 -0.348917335271835 1.96850395202637
1 0 0
1.90600395202637 -0.348917335271835 3.90600395202637
1.90600395202637 0.307250648736954 3.90600395202637
1.90600395202637 0.307250648736954 2.03100395202637
-1 0 0
1.90600395202637 0.307250648736954 2.03100395202637
1.90600395202637 -0.348917335271835 2.03100395202637
1.90600395202637 -0.348917335271835 3.90600395202637
-1 0 0
1.90600395202637 -0.348917335271835 2.03100395202637
1.90600395202637 0.307250648736954 2.03100395202637
-1.90600395202637 0.307250648736954 2.03100395202637
0 0 1
-1.90600395202637 0.307250648736954 2.03100395202637
-1.90600395202637 -0.348917335271835 2.03100395202637
1.90600395202637 -0.348917335271835 2.03100395202637
0 0 1
-1.90600395202637 -0.348917335271835 2.03100395202637
-1.90600395202637 0.307250648736954 2.03100395202637
-1.90600395202637 0.307250648736954 3.90600395202637
1 0 0
-1.90600395202637 0.307250648736954 3.90600395202637
-1.90600395202637 -0.348917335271835 3.90600395202637
-1.90600395202637 -0.348917335271835 2.03100395202637
1 0 0
-1.90600395202637 -0.348917335271835 3.90600395202637
-1.90600395202637 0.307250648736954 3.90600395202637
1.90600395202637 0.307250648736954 3.90600395202637
0 0 -1
1.90600395202637 0.307250648736954 3.90600395202637
1.90600395202637 -0.348917335271835 3.90600395202637
-1.90600395202637 -0.348917335271835 3.90600395202637
0 0 -1
-1.90600395202637 0.189399525523186 2.14885497093201
-1.90600395202637 0.189399525523186 2.11939239501953
-1.90600395202637 0.0715483948588371 2.03100395202637
-1 0 0
-1.90600395202637 0.189399525523186 2.11939239501953
-1.90600395202637 0.189399525523186 2.14885497093201
-1.90600395202637 0.307250648736954 2.03100395202637
-1 0 0
-1.90600395202637 0.0715483948588371 2.03100395202637
-1.90600395202637 0.189399525523186 2.11939239501953
-1.90600395202637 0.101011179387569 2.03100395202637
-1 0 0
-1.90600395202637 0.307250648736954 2.03100395202637
-1.90600395202637 0.277787864208221 2.03100395202637
-1.90600395202637 0.189399525523186 2.11939239501953
-1 0 0
-1.90600395202637 0.189399525523186 2.27385497093201
-1.90600395202637 0.189399525523186 2.24439239501953
-1.90600395202637 0.0715483948588371 2.15600395202637
-1 0 0
-1.90600395202637 0.189399525523186 2.24439239501953
-1.90600395202637 0.189399525523186 2.27385497093201
-1.90600395202637 0.307250648736954 2.15600395202637
-1 0 0
-1.90600395202637 0.0715483948588371 2.15600395202637
-1.90600395202637 0.189399525523186 2.24439239501953
-1.90600395202637 0.0715483948588371 2.12654113769531
-1 0 0
-1.90600395202637 0.307250648736954 2.12654113769531
-1.90600395202637 0.189399525523186 2.24439239501953
-1.90600395202637 0.307250648736954 2.15600395202637
-1 0 0
-1.90600395202637 0.189399525523186 2.39885497093201
-1.90600395202637 0.189399525523186 2.36939239501953
-1.90600395202637 0.0715483948588371 2.28100395202637
-1 0 0
-1.90600395202637 0.189399525523186 2.36939239501953
-1.90600395202637 0.189399525523186 2.39885497093201
-1.90600395202637 0.307250648736954 2.28100395202637
-1 0 0
-1.90600395202637 0.0715483948588371 2.28100395202637
-1.90600395202637 0.189399525523186 2.36939239501953
-1.90600395202637 0.0715483948588371 2.25154113769531
-1 0 0
-1.90600395202637 0.307250648736954 2.25154113769531
-1.90600395202637 0.189399525523186 2.36939239501953
-1.90600395202637 0.307250648736954 2.28100395202637
-1 0 0
-1.90600395202637 0.189399525523186 2.52385497093201
-1.90600395202637 0.189399525523186 2.49439239501953
-1.90600395202637 0.0715483948588371 2.40600395202637
-1 0 0
-1.90600395202637 0.189399525523186 2.49439239501953
-1.90600395202637 0.189399525523186 2.52385497093201
-1.90600395202637 0.307250648736954 2.40600395202637
-1 0 0
-1.90600395202637 0.0715483948588371 2.40600395202637
-1.90600395202637 0.189399525523186 2.49439239501953
-1.90600395202637 0.0715483948588371 2.37654113769531
-1 0 0
-1.90600395202637 0.307250648736954 2.37654113769531
-1.90600395202637 0.189399525523186 2.49439239501953
-1.90600395202637 0.307250648736954 2.40600395202637
-1 0 0
-1.90600395202637 0.189399525523186 2.64885497093201
-1.90600395202637 0.189399525523186 2.61939239501953
-1.90600395202637 0.0715483948588371 2.53100395202637
-1 0 0
-1.90600395202637 0.189399525523186 2.61939239501953
-1.90600395202637 0.189399525523186 2.64885497093201
-1.90600395202637 0.307250648736954 2.53100395202637
-1 0 0
-1.90600395202637 0.0715483948588371 2.53100395202637
-1.90600395202637 0.189399525523186 2.61939239501953
-1.90600395202637 0.0715483948588371 2.50154113769531
-1 0 0
-1.90600395202637 0.307250648736954 2.50154113769531
-1.90600395202637 0.189399525523186 2.61939239501953
-1.90600395202637 0.307250648736954 2.53100395202637
-1 0 0
-1.90600395202637 0.189399525523186 2.77385497093201
-1.90600395202637 0.189399525523186 2.74439239501953
-1.90600395202637 0.0715483948588371 2.65600395202637
-1 0 0
-1.90600395202637 0.189399525523186 2.74439239501953
-1.90600395202637 0.189399525523186 2.77385497093201
-1.90600395202637 0.307250648736954 2.65600395202637
-1 0 0
-1.90600395202637 0.0715483948588371 2.65600395202637
-1.90600395202637 0.189399525523186 2.74439239501953
-1.90600395202637 0.0715483948588371 2.62654113769531
-1 0 0
-1.90600395202637 0.307250648736954 2.62654113769531
-1.90600395202637 0.189399525523186 2.74439239501953
-1.90600395202637 0.307250648736954 2.65600395202637
-1 0 0
-1.90600395202637 0.189399525523186 2.89885497093201
-1.90600395202637 0.189399525523186 2.86939239501953
-1.90600395202637 0.0715483948588371 2.78100395202637
-1 0 0
-1.90600395202637 0.189399525523186 2.86939239501953
-1.90600395202637 0.189399525523186 2.89885497093201
-1.90600395202637 0.307250648736954 2.78100395202637
-1 0 0
-1.90600395202637 0.0715483948588371 2.78100395202637
-1.90600395202637 0.189399525523186 2.86939239501953
-1.90600395202637 0.0715483948588371 2.75154113769531
-1 0 0
-1.90600395202637 0.307250648736954 2.75154113769531
-1.90600395202637 0.189399525523186 2.86939239501953
-1.90600395202637 0.307250648736954 2.78100395202637
-1 0 0
-1.90600395202637 0.0715483948588371 2.90600395202637
-1.90600395202637 0.189399525523186 2.99439239501953
-1.90600395202637 0.0715483948588371 2.87654113769531
-1 0 0
-1.90600395202637 0.189399525523186 2.99439239501953
-1.90600395202637 0.0715483948588371 2.90600395202637
-1.90600395202637 0.189399525523186 3.02385497093201
-1 0 0
-1.90600395202637 0.189399525523186 2.99439239501953
-1.90600395202637 0.307250648736954 2.90600395202637
-1.90600395202637 0.307250648736954 2.87654113769531
-1 0 0
-1.90600395202637 0.307250648736954 2.90600395202637
-1.90600395202637 0.189399525523186 2.99439239501953
-1.90600395202637 0.189399525523186 3.02385497093201
-1 0 0
-1.90600395202637 0.189399525523186 3.14885497093201
-1.90600395202637 0.189399525523186 3.11939239501953
-1.90600395202637 0.0715483948588371 3.03100395202637
-1 0 0
-1.90600395202637 0.189399525523186 3.11939239501953
-1.90600395202637 0.189399525523186 3.14885497093201
-1.90600395202637 0.307250648736954 3.03100395202637
-1 0 0
-1.90600395202637 0.0715483948588371 3.03100395202637
-1.90600395202637 0.189399525523186 3.11939239501953
-1.90600395202637 0.0715483948588371 3.00154113769531
-1 0 0
-1.90600395202637 0.307250648736954 3.00154113769531
-1.90600395202637 0.189399525523186 3.11939239501953
-1.90600395202637 0.307250648736954 3.03100395202637
-1 0 0
-1.90600395202637 0.189399525523186 3.27385497093201
-1.90600395202637 0.189399525523186 3.24439239501953
-1.90600395202637 0.0715483948588371 3.15600395202637
-1 0 0
-1.90600395202637 0.189399525523186 3.24439239501953
-1.90600395202637 0.189399525523186 3.27385497093201
-1.90600395202637 0.307250648736954 3.15600395202637
-1 0 0
-1.90600395202637 0.0715483948588371 3.15600395202637
-1.90600395202637 0.189399525523186 3.24439239501953
-1.90600395202637 0.0715483948588371 3.12654113769531
-1 0 0
-1.90600395202637 0.307250648736954 3.12654113769531
-1.90600395202637 0.189399525523186 3.24439239501953
-1.90600395202637 0.307250648736954 3.15600395202637
-1 0 0
-1.90600395202637 0.189399525523186 3.39885497093201
-1.90600395202637 0.189399525523186 3.36939239501953
-1.90600395202637 0.0715483948588371 3.28100395202637
-1 0 0
-1.90600395202637 0.189399525523186 3.36939239501953
-1.90600395202637 0.189399525523186 3.39885497093201
-1.90600395202637 0.307250648736954 3.28100395202637
-1 0 0
-1.90600395202637 0.0715483948588371 3.28100395202637
-1.90600395202637 0.189399525523186 3.36939239501953
-1.90600395202637 0.0715483948588371 3.25154113769531
-1 0 0
-1.90600395202637 0.307250648736954 3.25154113769531
-1.90600395202637 0.189399525523186 3.36939239501953
-1.90600395202637 0.307250648736954 3.28100395202637
-1 0 0
-1.90600395202637 0.189399525523186 3.52385497093201
-1.90600395202637 0.189399525523186 3.49439239501953
-1.90600395202637 0.0715483948588371 3.40600395202637
-1 0 0
-1.90600395202637 0.189399525523186 3.49439239501953
-1.90600395202637 0.189399525523186 3.52385497093201
-1.90600395202637 0.307250648736954 3.40600395202637
-1 0 0
-1.90600395202637 0.0715483948588371 3.40600395202637
-1.90600395202637 0.189399525523186 3.49439239501953
-1.90600395202637 0.0715483948588371 3.37654113769531
-1 0 0
-1.90600395202637 0.307250648736954 3.37654113769531
-1.90600395202637 0.189399525523186 3.49439239501953
-1.90600395202637 0.307250648736954 3.40600395202637
-1 0 0
-1.90600395202637 0.189399525523186 3.64885497093201
-1.90600395202637 0.189399525523186 3.61939239501953
-1.90600395202637 0.0715483948588371 3.53100395202637
-1 0 0
-1.90600395202637 0.189399525523186 3.61939239501953
-1.90600395202637 0.189399525523186 3.64885497093201
-1.90600395202637 0.307250648736954 3.53100395202637
-1 0 0
-1.90600395202637 0.0715483948588371 3.53100395202637
-1.90600395202637 0.189399525523186 3.61939239501953
-1.90600395202637 0.0715483948588371 3.50154113769531
-1 0 0
-1.90600395202637 0.307250648736954 3.50154113769531
-1.90600395202637 0.189399525523186 3.61939239501953
-1.90600395202637 0.307250648736954 3.53100395202637
-1 0 0
-1.90600395202637 0.0715483948588371 3.65600395202637
-1.90600395202637 0.189399525523186 3.77352690696716
-1.90600395202637 0.189399525523186 3.74439239501953
-1 0 0
-1.90600395202637 0.189399525523186 3.74439239501953
-1.90600395202637 0.189399525523186 3.77352690696716
-1.90600395202637 0.307250648736954 3.65600395202637
-1 0 0
-1.90600395202637 0.0715483948588371 3.65600395202637
-1.90600395202637 0.189399525523186 3.74439239501953
-1.90600395202637 0.0715483948588371 3.62654113769531
-1 0 0
-1.90600395202637 0.307250648736954 3.62654113769531
-1.90600395202637 0.189399525523186 3.74439239501953
-1.90600395202637 0.307250648736954 3.65600395202637
-1 0 0
-1.90600395202637 0.189399525523186 3.89852690696716
-1.90600395202637 0.189399525523186 3.86906409263611
-1.90600395202637 0.0715483948588371 3.78067588806152
-1 0 0
-1.90600395202637 0.189399525523186 3.86906409263611
-1.90600395202637 0.189399525523186 3.89852690696716
-1.90600395202637 0.307250648736954 3.78067588806152
-1 0 0
-1.90600395202637 0.0715483948588371 3.78067588806152
-1.90600395202637 0.189399525523186 3.86906409263611
-1.90600395202637 0.0715483948588371 3.75121307373047
-1 0 0
-1.90600395202637 0.307250648736954 3.75121307373047
-1.90600395202637 0.189399525523186 3.86906409263611
-1.90600395202637 0.307250648736954 3.78067588806152
-1 0 0
1.90600395202637 0.277787864208221 2.03100395202637
1.90600395202637 0.307250648736954 2.03100395202637
1.90600395202637 0.189399525523186 2.11939239501953
1 0 0
1.90600395202637 0.189399525523186 2.11939239501953
1.90600395202637 0.189399525523186 2.14885497093201
1.90600395202637 0.0715483948588371 2.03100395202637
1 0 0
1.90600395202637 0.189399525523186 2.14885497093201
1.90600395202637 0.189399525523186 2.11939239501953
1.90600395202637 0.307250648736954 2.03100395202637
1 0 0
1.90600395202637 0.189399525523186 2.11939239501953
1.90600395202637 0.0715483948588371 2.03100395202637
1.90600395202637 0.101011179387569 2.03100395202637
1 0 0
1.90600395202637 0.189399525523186 2.24439239501953
1.90600395202637 0.307250648736954 2.12654113769531
1.90600395202637 0.307250648736954 2.15600395202637
1 0 0
1.90600395202637 0.189399525523186 2.24439239501953
1.90600395202637 0.189399525523186 2.27385497093201
1.90600395202637 0.0715483948588371 2.15600395202637
1 0 0
1.90600395202637 0.189399525523186 2.27385497093201
1.90600395202637 0.189399525523186 2.24439239501953
1.90600395202637 0.307250648736954 2.15600395202637
1 0 0
1.90600395202637 0.189399525523186 2.24439239501953
1.90600395202637 0.0715483948588371 2.15600395202637
1.90600395202637 0.0715483948588371 2.12654113769531
1 0 0
1.90600395202637 0.189399525523186 2.36939239501953
1.90600395202637 0.307250648736954 2.25154113769531
1.90600395202637 0.307250648736954 2.28100395202637
1 0 0
1.90600395202637 0.189399525523186 2.36939239501953
1.90600395202637 0.189399525523186 2.39885497093201
1.90600395202637 0.0715483948588371 2.28100395202637
1 0 0
1.90600395202637 0.189399525523186 2.39885497093201
1.90600395202637 0.189399525523186 2.36939239501953
1.90600395202637 0.307250648736954 2.28100395202637
1 0 0
1.90600395202637 0.189399525523186 2.36939239501953
1.90600395202637 0.0715483948588371 2.28100395202637
1.90600395202637 0.0715483948588371 2.25154113769531
1 0 0
1.90600395202637 0.189399525523186 2.49439239501953
1.90600395202637 0.307250648736954 2.37654113769531
1.90600395202637 0.307250648736954 2.40600395202637
1 0 0
1.90600395202637 0.189399525523186 2.49439239501953
1.90600395202637 0.189399525523186 2.52385497093201
1.90600395202637 0.0715483948588371 2.40600395202637
1 0 0
1.90600395202637 0.189399525523186 2.52385497093201
1.90600395202637 0.189399525523186 2.49439239501953
1.90600395202637 0.307250648736954 2.40600395202637
1 0 0
1.90600395202637 0.189399525523186 2.49439239501953
1.90600395202637 0.0715483948588371 2.40600395202637
1.90600395202637 0.0715483948588371 2.37654113769531
1 0 0
1.90600395202637 0.189399525523186 2.61939239501953
1.90600395202637 0.307250648736954 2.50154113769531
1.90600395202637 0.307250648736954 2.53100395202637
1 0 0
1.90600395202637 0.189399525523186 2.61939239501953
1.90600395202637 0.189399525523186 2.64885497093201
1.90600395202637 0.0715483948588371 2.53100395202637
1 0 0
1.90600395202637 0.189399525523186 2.64885497093201
1.90600395202637 0.189399525523186 2.61939239501953
1.90600395202637 0.307250648736954 2.53100395202637
1 0 0
1.90600395202637 0.189399525523186 2.61939239501953
1.90600395202637 0.0715483948588371 2.53100395202637
1.90600395202637 0.0715483948588371 2.50154113769531
1 0 0
1.90600395202637 0.189399525523186 2.74439239501953
1.90600395202637 0.307250648736954 2.62654113769531
1.90600395202637 0.307250648736954 2.65600395202637
1 0 0
1.90600395202637 0.189399525523186 2.74439239501953
1.90600395202637 0.189399525523186 2.77385497093201
1.90600395202637 0.0715483948588371 2.65600395202637
1 0 0
1.90600395202637 0.189399525523186 2.77385497093201
1.90600395202637 0.189399525523186 2.74439239501953
1.90600395202637 0.307250648736954 2.65600395202637
1 0 0
1.90600395202637 0.189399525523186 2.74439239501953
1.90600395202637 0.0715483948588371 2.65600395202637
1.90600395202637 0.0715483948588371 2.62654113769531
1 0 0
1.90600395202637 0.189399525523186 2.86939239501953
1.90600395202637 0.307250648736954 2.75154113769531
1.90600395202637 0.307250648736954 2.78100395202637
1 0 0
1.90600395202637 0.189399525523186 2.86939239501953
1.90600395202637 0.189399525523186 2.89885497093201
1.90600395202637 0.0715483948588371 2.78100395202637
1 0 0
1.90600395202637 0.189399525523186 2.89885497093201
1.90600395202637 0.189399525523186 2.86939239501953
1.90600395202637 0.307250648736954 2.78100395202637
1 0 0
1.90600395202637 0.189399525523186 2.86939239501953
1.90600395202637 0.0715483948588371 2.78100395202637
1.90600395202637 0.0715483948588371 2.75154113769531
1 0 0
1.90600395202637 0.307250648736954 2.87654113769531
1.90600395202637 0.307250648736954 2.90600395202637
1.90600395202637 0.189399525523186 2.99439239501953
1 0 0
1.90600395202637 0.189399525523186 2.99439239501953
1.90600395202637 0.307250648736954 2.90600395202637
1.90600395202637 0.189399525523186 3.02385497093201
1 0 0
1.90600395202637 0.189399525523186 2.99439239501953
1.90600395202637 0.0715483948588371 2.90600395202637
1.90600395202637 0.0715483948588371 2.87654113769531
1 0 0
1.90600395202637 0.0715483948588371 2.90600395202637
1.90600395202637 0.189399525523186 2.99439239501953
1.90600395202637 0.189399525523186 3.02385497093201
1 0 0
1.90600395202637 0.189399525523186 3.11939239501953
1.90600395202637 0.307250648736954 3.00154113769531
1.90600395202637 0.307250648736954 3.03100395202637
1 0 0
1.90600395202637 0.189399525523186 3.11939239501953
1.90600395202637 0.189399525523186 3.14885497093201
1.90600395202637 0.0715483948588371 3.03100395202637
1 0 0
1.90600395202637 0.189399525523186 3.14885497093201
1.90600395202637 0.189399525523186 3.11939239501953
1.90600395202637 0.307250648736954 3.03100395202637
1 0 0
1.90600395202637 0.189399525523186 3.11939239501953
1.90600395202637 0.0715483948588371 3.03100395202637
1.90600395202637 0.0715483948588371 3.00154113769531
1 0 0
1.90600395202637 0.189399525523186 3.24439239501953
1.90600395202637 0.307250648736954 3.12654113769531
1.90600395202637 0.307250648736954 3.15600395202637
1 0 0
1.90600395202637 0.189399525523186 3.24439239501953
1.90600395202637 0.189399525523186 3.27385497093201
1.90600395202637 0.0715483948588371 3.15600395202637
1 0 0
1.90600395202637 0.189399525523186 3.27385497093201
1.90600395202637 0.189399525523186 3.24439239501953
1.90600395202637 0.307250648736954 3.15600395202637
1 0 0
1.90600395202637 0.189399525523186 3.24439239501953
1.90600395202637 0.0715483948588371 3.15600395202637
1.90600395202637 0.0715483948588371 3.12654113769531
1 0 0
1.90600395202637 0.189399525523186 3.36939239501953
1.90600395202637 0.307250648736954 3.25154113769531
1.90600395202637 0.307250648736954 3.28100395202637
1 0 0
1.90600395202637 0.189399525523186 3.36939239501953
1.90600395202637 0.189399525523186 3.39885497093201
1.90600395202637 0.0715483948588371 3.28100395202637
1 0 0
1.90600395202637 0.189399525523186 3.39885497093201
1.90600395202637 0.189399525523186 3.36939239501953
1.90600395202637 0.307250648736954 3.28100395202637
1 0 0
1.90600395202637 0.189399525523186 3.36939239501953
1.90600395202637 0.0715483948588371 3.28100395202637
1.90600395202637 0.0715483948588371 3.25154113769531
1 0 0
1.90600395202637 0.189399525523186 3.49439239501953
1.90600395202637 0.307250648736954 3.37654113769531
1.90600395202637 0.307250648736954 3.40600395202637
1 0 0
1.90600395202637 0.189399525523186 3.49439239501953
1.90600395202637 0.189399525523186 3.52385497093201
1.90600395202637 0.0715483948588371 3.40600395202637
1 0 0
1.90600395202637 0.189399525523186 3.52385497093201
1.90600395202637 0.189399525523186 3.49439239501953
1.90600395202637 0.307250648736954 3.40600395202637
1 0 0
1.90600395202637 0.189399525523186 3.49439239501953
1.90600395202637 0.0715483948588371 3.40600395202637
1.90600395202637 0.0715483948588371 3.37654113769531
1 0 0
1.90600395202637 0.189399525523186 3.61939239501953
1.90600395202637 0.307250648736954 3.50154113769531
1.90600395202637 0.307250648736954 3.53100395202637
1 0 0
1.90600395202637 0.189399525523186 3.61939239501953
1.90600395202637 0.189399525523186 3.64885497093201
1.90600395202637 0.0715483948588371 3.53100395202637
1 0 0
1.90600395202637 0.189399525523186 3.64885497093201
1.90600395202637 0.189399525523186 3.61939239501953
1.90600395202637 0.307250648736954 3.53100395202637
1 0 0
1.90600395202637 0.189399525523186 3.61939239501953
1.90600395202637 0.0715483948588371 3.53100395202637
1.90600395202637 0.0715483948588371 3.50154113769531
1 0 0
1.90600395202637 0.189399525523186 3.74439239501953
1.90600395202637 0.307250648736954 3.62654113769531
1.90600395202637 0.307250648736954 3.65600395202637
1 0 0
1.90600395202637 0.189399525523186 3.74439239501953
1.90600395202637 0.189399525523186 3.77352690696716
1.90600395202637 0.0715483948588371 3.65600395202637
1 0 0
1.90600395202637 0.189399525523186 3.77352690696716
1.90600395202637 0.189399525523186 3.74439239501953
1.90600395202637 0.307250648736954 3.65600395202637
1 0 0
1.90600395202637 0.189399525523186 3.74439239501953
1.90600395202637 0.0715483948588371 3.65600395202637
1.90600395202637 0.0715483948588371 3.62654113769531
1 0 0
1.90600395202637 0.189399525523186 3.86906409263611
1.90600395202637 0.307250648736954 3.75121307373047
1.90600395202637 0.307250648736954 3.78067588806152
1 0 0
1.90600395202637 0.189399525523186 3.86906409263611
1.90600395202637 0.189399525523186 3.89852690696716
1.90600395202637 0.0715483948588371 3.78067588806152
1 0 0
1.90600395202637 0.189399525523186 3.89852690696716
1.90600395202637 0.189399525523186 3.86906409263611
1.90600395202637 0.307250648736954 3.78067588806152
1 0 0
1.90600395202637 0.189399525523186 3.86906409263611
1.90600395202637 0.0715483948588371 3.78067588806152
1.90600395202637 0.0715483948588371 3.75121307373047
1 0 0
-1.90600395202637 0.189399525523186 2.14885497093201
1.90600395202637 0.189399525523186 2.14885497093201
1.90600395202637 0.307250648736954 2.03100395202637
0 0.7071067811862 0.707106781186895
1.90600395202637 0.307250648736954 2.03100395202637
-1.90600395202637 0.307250648736954 2.03100395202637
-1.90600395202637 0.189399525523186 2.14885497093201
0 0.7071067811862 0.707106781186895
-1.90600395202637 0.307250648736954 2.03100395202637
1.90600395202637 0.307250648736954 2.03100395202637
1.90600395202637 0.277787864208221 2.03100395202637
0 0 -1
1.90600395202637 0.277787864208221 2.03100395202637
-1.90600395202637 0.277787864208221 2.03100395202637
-1.90600395202637 0.307250648736954 2.03100395202637
0 0 -1
-1.90600395202637 0.277787864208221 2.03100395202637
1.90600395202637 0.277787864208221 2.03100395202637
1.90600395202637 0.189399525523186 2.11939239501953
0 -0.707106781186089 -0.707106781187006
1.90600395202637 0.189399525523186 2.11939239501953
-1.90600395202637 0.189399525523186 2.11939239501953
-1.90600395202637 0.277787864208221 2.03100395202637
0 -0.707106781186089 -0.707106781187006
-1.90600395202637 0.189399525523186 2.11939239501953
1.90600395202637 0.189399525523186 2.11939239501953
1.90600395202637 0.101011179387569 2.03100395202637
0 0.707106781187006 -0.707106781186089
1.90600395202637 0.101011179387569 2.03100395202637
-1.90600395202637 0.101011179387569 2.03100395202637
-1.90600395202637 0.189399525523186 2.11939239501953
0 0.707106781187006 -0.707106781186089
-1.90600395202637 0.101011179387569 2.03100395202637
1.90600395202637 0.101011179387569 2.03100395202637
1.90600395202637 0.0715483948588371 2.03100395202637
0 0 -1
1.90600395202637 0.0715483948588371 2.03100395202637
-1.90600395202637 0.0715483948588371 2.03100395202637
-1.90600395202637 0.101011179387569 2.03100395202637
0 0 -1
-1.90600395202637 0.0715483948588371 2.03100395202637
1.90600395202637 0.0715483948588371 2.03100395202637
1.90600395202637 0.189399525523186 2.14885497093201
0 -0.707106781186895 0.7071067811862
1.90600395202637 0.189399525523186 2.14885497093201
-1.90600395202637 0.189399525523186 2.14885497093201
-1.90600395202637 0.0715483948588371 2.03100395202637
0 -0.707106781186895 0.7071067811862
-1.90600395202637 0.189399525523186 2.27385497093201
1.90600395202637 0.189399525523186 2.27385497093201
1.90600395202637 0.307250648736954 2.15600395202637
0 0.707106781186283 0.707106781186812
1.90600395202637 0.307250648736954 2.15600395202637
-1.90600395202637 0.307250648736954 2.15600395202637
-1.90600395202637 0.189399525523186 2.27385497093201
0 0.707106781186283 0.707106781186812
-1.90600395202637 0.307250648736954 2.15600395202637
1.90600395202637 0.307250648736954 2.15600395202637
1.90600395202637 0.307250648736954 2.12654113769531
0 1 0
1.90600395202637 0.307250648736954 2.12654113769531
-1.90600395202637 0.307250648736954 2.12654113769531
-1.90600395202637 0.307250648736954 2.15600395202637
0 1 0
-1.90600395202637 0.307250648736954 2.12654113769531
1.90600395202637 0.307250648736954 2.12654113769531
1.90600395202637 0.189399525523186 2.24439239501953
0 -0.707106781186217 -0.707106781186878
1.90600395202637 0.189399525523186 2.24439239501953
-1.90600395202637 0.189399525523186 2.24439239501953
-1.90600395202637 0.307250648736954 2.12654113769531
0 -0.707106781186217 -0.707106781186878
-1.90600395202637 0.189399525523186 2.24439239501953
1.90600395202637 0.189399525523186 2.24439239501953
1.90600395202637 0.0715483948588371 2.12654113769531
0 0.707106781186879 -0.707106781186217
1.90600395202637 0.0715483948588371 2.12654113769531
-1.90600395202637 0.0715483948588371 2.12654113769531
-1.90600395202637 0.189399525523186 2.24439239501953
0 0.707106781186879 -0.707106781186217
-1.90600395202637 0.0715483948588371 2.12654113769531
1.90600395202637 0.0715483948588371 2.12654113769531
1.90600395202637 0.0715483948588371 2.15600395202637
0 -1 0
1.90600395202637 0.0715483948588371 2.15600395202637
-1.90600395202637 0.0715483948588371 2.15600395202637
-1.90600395202637 0.0715483948588371 2.12654113769531
0 -1 0
-1.90600395202637 0.0715483948588371 2.15600395202637
1.90600395202637 0.0715483948588371 2.15600395202637
1.90600395202637 0.189399525523186 2.27385497093201
0 -0.707106781186728 0.707106781186367
1.90600395202637 0.189399525523186 2.27385497093201
-1.90600395202637 0.189399525523186 2.27385497093201
-1.90600395202637 0.0715483948588371 2.15600395202637
0 -0.707106781186728 0.707106781186367
-1.90600395202637 0.189399525523186 2.39885497093201
1.90600395202637 0.189399525523186 2.39885497093201
1.90600395202637 0.307250648736954 2.28100395202637
0 0.707106781186394 0.707106781186701
1.90600395202637 0.307250648736954 2.28100395202637
-1.90600395202637 0.307250648736954 2.28100395202637
-1.90600395202637 0.189399525523186 2.39885497093201
0 0.707106781186394 0.707106781186701
-1.90600395202637 0.307250648736954 2.28100395202637
1.90600395202637 0.307250648736954 2.28100395202637
1.90600395202637 0.307250648736954 2.25154113769531
0 1 0
1.90600395202637 0.307250648736954 2.25154113769531
-1.90600395202637 0.307250648736954 2.25154113769531
-1.90600395202637 0.307250648736954 2.28100395202637
0 1 0
-1.90600395202637 0.307250648736954 2.25154113769531
1.90600395202637 0.307250648736954 2.25154113769531
1.90600395202637 0.189399525523186 2.36939239501953
0 -0.707106781186347 -0.707106781186748
1.90600395202637 0.189399525523186 2.36939239501953
-1.90600395202637 0.189399525523186 2.36939239501953
-1.90600395202637 0.307250648736954 2.25154113769531
0 -0.707106781186347 -0.707106781186748
-1.90600395202637 0.189399525523186 2.36939239501953
1.90600395202637 0.189399525523186 2.36939239501953
1.90600395202637 0.0715483948588371 2.25154113769531
0 0.707106781186748 -0.707106781186347
1.90600395202637 0.0715483948588371 2.25154113769531
-1.90600395202637 0.0715483948588371 2.25154113769531
-1.90600395202637 0.189399525523186 2.36939239501953
0 0.707106781186748 -0.707106781186347
-1.90600395202637 0.0715483948588371 2.25154113769531
1.90600395202637 0.0715483948588371 2.25154113769531
1.90600395202637 0.0715483948588371 2.28100395202637
0 -1 4.71027737604158E-16
1.90600395202637 0.0715483948588371 2.28100395202637
-1.90600395202637 0.0715483948588371 2.28100395202637
-1.90600395202637 0.0715483948588371 2.25154113769531
0 -1 4.71027737604158E-16
-1.90600395202637 0.0715483948588371 2.28100395202637
1.90600395202637 0.0715483948588371 2.28100395202637
1.90600395202637 0.189399525523186 2.39885497093201
0 -0.7071067811866 0.707106781186495
1.90600395202637 0.189399525523186 2.39885497093201
-1.90600395202637 0.189399525523186 2.39885497093201
-1.90600395202637 0.0715483948588371 2.28100395202637
0 -0.7071067811866 0.707106781186495
-1.90600395202637 0.189399525523186 2.52385497093201
1.90600395202637 0.189399525523186 2.52385497093201
1.90600395202637 0.307250648736954 2.40600395202637
0 0.707106781186389 0.707106781186706
1.90600395202637 0.307250648736954 2.40600395202637
-1.90600395202637 0.307250648736954 2.40600395202637
-1.90600395202637 0.189399525523186 2.52385497093201
0 0.707106781186389 0.707106781186706
-1.90600395202637 0.307250648736954 2.40600395202637
1.90600395202637 0.307250648736954 2.40600395202637
1.90600395202637 0.307250648736954 2.37654113769531
0 1 -1.88411095042089E-15
1.90600395202637 0.307250648736954 2.37654113769531
-1.90600395202637 0.307250648736954 2.37654113769531
-1.90600395202637 0.307250648736954 2.40600395202637
0 1 -1.88411095042089E-15
-1.90600395202637 0.307250648736954 2.37654113769531
1.90600395202637 0.307250648736954 2.37654113769531
1.90600395202637 0.189399525523186 2.49439239501953
0 -0.707106781186348 -0.707106781186748
1.90600395202637 0.189399525523186 2.49439239501953
-1.90600395202637 0.189399525523186 2.49439239501953
-1.90600395202637 0.307250648736954 2.37654113769531
0 -0.707106781186348 -0.707106781186748
-1.90600395202637 0.189399525523186 2.49439239501953
1.90600395202637 0.189399525523186 2.49439239501953
1.90600395202637 0.0715483948588371 2.37654113769531
0 0.707106781186704 -0.707106781186391
1.90600395202637 0.0715483948588371 2.37654113769531
-1.90600395202637 0.0715483948588371 2.37654113769531
-1.90600395202637 0.189399525523186 2.49439239501953
0 0.707106781186704 -0.707106781186391
-1.90600395202637 0.0715483948588371 2.37654113769531
1.90600395202637 0.0715483948588371 2.37654113769531
1.90600395202637 0.0715483948588371 2.40600395202637
0 -1 4.23924963844567E-15
1.90600395202637 0.0715483948588371 2.40600395202637
-1.90600395202637 0.0715483948588371 2.40600395202637
-1.90600395202637 0.0715483948588371 2.37654113769531
0 -1 4.23924963844567E-15
-1.90600395202637 0.0715483948588371 2.40600395202637
1.90600395202637 0.0715483948588371 2.40600395202637
1.90600395202637 0.189399525523186 2.52385497093201
0 -0.707106781186718 0.707106781186377
1.90600395202637 0.189399525523186 2.52385497093201
-1.90600395202637 0.189399525523186 2.52385497093201
-1.90600395202637 0.0715483948588371 2.40600395202637
0 -0.707106781186718 0.707106781186377
-1.90600395202637 0.189399525523186 2.64885497093201
1.90600395202637 0.189399525523186 2.64885497093201
1.90600395202637 0.307250648736954 2.53100395202637
0 0.707106781186433 0.707106781186663
1.90600395202637 0.307250648736954 2.53100395202637
-1.90600395202637 0.307250648736954 2.53100395202637
-1.90600395202637 0.189399525523186 2.64885497093201
0 0.707106781186433 0.707106781186663
-1.90600395202637 0.307250648736954 2.53100395202637
1.90600395202637 0.307250648736954 2.53100395202637
1.90600395202637 0.307250648736954 2.50154113769531
0 1 0
1.90600395202637 0.307250648736954 2.50154113769531
-1.90600395202637 0.307250648736954 2.50154113769531
-1.90600395202637 0.307250648736954 2.53100395202637
0 1 0
-1.90600395202637 0.307250648736954 2.50154113769531
1.90600395202637 0.307250648736954 2.50154113769531
1.90600395202637 0.189399525523186 2.61939239501953
0 -0.707106781186418 -0.707106781186677
1.90600395202637 0.189399525523186 2.61939239501953
-1.90600395202637 0.189399525523186 2.61939239501953
-1.90600395202637 0.307250648736954 2.50154113769531
0 -0.707106781186418 -0.707106781186677
-1.90600395202637 0.189399525523186 2.61939239501953
1.90600395202637 0.189399525523186 2.61939239501953
1.90600395202637 0.0715483948588371 2.50154113769531
0 0.707106781186678 -0.707106781186418
1.90600395202637 0.0715483948588371 2.50154113769531
-1.90600395202637 0.0715483948588371 2.50154113769531
-1.90600395202637 0.189399525523186 2.61939239501953
0 0.707106781186678 -0.707106781186418
-1.90600395202637 0.0715483948588371 2.50154113769531
1.90600395202637 0.0715483948588371 2.50154113769531
1.90600395202637 0.0715483948588371 2.53100395202637
0 -1 0
1.90600395202637 0.0715483948588371 2.53100395202637
-1.90600395202637 0.0715483948588371 2.53100395202637
-1.90600395202637 0.0715483948588371 2.50154113769531
0 -1 0
-1.90600395202637 0.0715483948588371 2.53100395202637
1.90600395202637 0.0715483948588371 2.53100395202637
1.90600395202637 0.189399525523186 2.64885497093201
0 -0.707106781185969 0.707106781187126
1.90600395202637 0.189399525523186 2.64885497093201
-1.90600395202637 0.189399525523186 2.64885497093201
-1.90600395202637 0.0715483948588371 2.53100395202637
0 -0.707106781185969 0.707106781187126
-1.90600395202637 0.189399525523186 2.77385497093201
1.90600395202637 0.189399525523186 2.77385497093201
1.90600395202637 0.307250648736954 2.65600395202637
0 0.707106781186483 0.707106781186612
1.90600395202637 0.307250648736954 2.65600395202637
-1.90600395202637 0.307250648736954 2.65600395202637
-1.90600395202637 0.189399525523186 2.77385497093201
0 0.707106781186483 0.707106781186612
-1.90600395202637 0.307250648736954 2.65600395202637
1.90600395202637 0.307250648736954 2.65600395202637
1.90600395202637 0.307250648736954 2.62654113769531
0 1 -1.88411095042035E-15
1.90600395202637 0.307250648736954 2.62654113769531
-1.90600395202637 0.307250648736954 2.62654113769531
-1.90600395202637 0.307250648736954 2.65600395202637
0 1 -1.88411095042035E-15
-1.90600395202637 0.307250648736954 2.62654113769531
1.90600395202637 0.307250648736954 2.62654113769531
1.90600395202637 0.189399525523186 2.74439239501953
0 -0.707106781186461 -0.707106781186635
1.90600395202637 0.189399525523186 2.74439239501953
-1.90600395202637 0.189399525523186 2.74439239501953
-1.90600395202637 0.307250648736954 2.62654113769531
0 -0.707106781186461 -0.707106781186635
-1.90600395202637 0.189399525523186 2.74439239501953
1.90600395202637 0.189399525523186 2.74439239501953
1.90600395202637 0.0715483948588371 2.62654113769531
0 0.707106781186132 -0.707106781186963
1.90600395202637 0.0715483948588371 2.62654113769531
-1.90600395202637 0.0715483948588371 2.62654113769531
-1.90600395202637 0.189399525523186 2.74439239501953
0 0.707106781186132 -0.707106781186963
-1.90600395202637 0.0715483948588371 2.62654113769531
1.90600395202637 0.0715483948588371 2.62654113769531
1.90600395202637 0.0715483948588371 2.65600395202637
0 -1 4.71027737605195E-15
1.90600395202637 0.0715483948588371 2.65600395202637
-1.90600395202637 0.0715483948588371 2.65600395202637
-1.90600395202637 0.0715483948588371 2.62654113769531
0 -1 4.71027737605195E-15
-1.90600395202637 0.0715483948588371 2.65600395202637
1.90600395202637 0.0715483948588371 2.65600395202637
1.90600395202637 0.189399525523186 2.77385497093201
0 -0.707106781186175 0.70710678118692
1.90600395202637 0.189399525523186 2.77385497093201
-1.90600395202637 0.189399525523186 2.77385497093201
-1.90600395202637 0.0715483948588371 2.65600395202637
0 -0.707106781186175 0.70710678118692
-1.90600395202637 0.189399525523186 2.89885497093201
1.90600395202637 0.189399525523186 2.89885497093201
1.90600395202637 0.307250648736954 2.78100395202637
0 0.707106781186517 0.707106781186578
1.90600395202637 0.307250648736954 2.78100395202637
-1.90600395202637 0.307250648736954 2.78100395202637
-1.90600395202637 0.189399525523186 2.89885497093201
0 0.707106781186517 0.707106781186578
-1.90600395202637 0.307250648736954 2.78100395202637
1.90600395202637 0.307250648736954 2.78100395202637
1.90600395202637 0.307250648736954 2.75154113769531
0 1 0
1.90600395202637 0.307250648736954 2.75154113769531
-1.90600395202637 0.307250648736954 2.75154113769531
-1.90600395202637 0.307250648736954 2.78100395202637
0 1 0
-1.90600395202637 0.307250648736954 2.75154113769531
1.90600395202637 0.307250648736954 2.75154113769531
1.90600395202637 0.189399525523186 2.86939239501953
0 -0.707106781186494 -0.707106781186601
1.90600395202637 0.189399525523186 2.86939239501953
-1.90600395202637 0.189399525523186 2.86939239501953
-1.90600395202637 0.307250648736954 2.75154113769531
0 -0.707106781186494 -0.707106781186601
-1.90600395202637 0.189399525523186 2.86939239501953
1.90600395202637 0.189399525523186 2.86939239501953
1.90600395202637 0.0715483948588371 2.75154113769531
0 0.707106781186151 -0.707106781186944
1.90600395202637 0.0715483948588371 2.75154113769531
-1.90600395202637 0.0715483948588371 2.75154113769531
-1.90600395202637 0.189399525523186 2.86939239501953
0 0.707106781186151 -0.707106781186944
-1.90600395202637 0.0715483948588371 2.75154113769531
1.90600395202637 0.0715483948588371 2.75154113769531
1.90600395202637 0.0715483948588371 2.78100395202637
0 -1 1.41308321281541E-15
1.90600395202637 0.0715483948588371 2.78100395202637
-1.90600395202637 0.0715483948588371 2.78100395202637
-1.90600395202637 0.0715483948588371 2.75154113769531
0 -1 1.41308321281541E-15
-1.90600395202637 0.0715483948588371 2.78100395202637
1.90600395202637 0.0715483948588371 2.78100395202637
1.90600395202637 0.189399525523186 2.89885497093201
0 -0.707106781186202 0.707106781186893
1.90600395202637 0.189399525523186 2.89885497093201
-1.90600395202637 0.189399525523186 2.89885497093201
-1.90600395202637 0.0715483948588371 2.78100395202637
0 -0.707106781186202 0.707106781186893
-1.90600395202637 0.189399525523186 3.02385497093201
1.90600395202637 0.189399525523186 3.02385497093201
1.90600395202637 0.307250648736954 2.90600395202637
0 0.707106781186574 0.707106781186521
1.90600395202637 0.307250648736954 2.90600395202637
-1.90600395202637 0.307250648736954 2.90600395202637
-1.90600395202637 0.189399525523186 3.02385497093201
0 0.707106781186574 0.707106781186521
-1.90600395202637 0.307250648736954 2.90600395202637
1.90600395202637 0.307250648736954 2.90600395202637
1.90600395202637 0.307250648736954 2.87654113769531
0 1 -1.88411095042024E-15
1.90600395202637 0.307250648736954 2.87654113769531
-1.90600395202637 0.307250648736954 2.87654113769531
-1.90600395202637 0.307250648736954 2.90600395202637
0 1 -1.88411095042024E-15
-1.90600395202637 0.307250648736954 2.87654113769531
1.90600395202637 0.307250648736954 2.87654113769531
1.90600395202637 0.189399525523186 2.99439239501953
0 -0.707106781186546 -0.707106781186549
1.90600395202637 0.189399525523186 2.99439239501953
-1.90600395202637 0.189399525523186 2.99439239501953
-1.90600395202637 0.307250648736954 2.87654113769531
0 -0.707106781186546 -0.707106781186549
-1.90600395202637 0.189399525523186 2.99439239501953
1.90600395202637 0.189399525523186 2.99439239501953
1.90600395202637 0.0715483948588371 2.87654113769531
0 0.707106781186417 -0.707106781186678
1.90600395202637 0.0715483948588371 2.87654113769531
-1.90600395202637 0.0715483948588371 2.87654113769531
-1.90600395202637 0.189399525523186 2.99439239501953
0 0.707106781186417 -0.707106781186678
-1.90600395202637 0.0715483948588371 2.87654113769531
1.90600395202637 0.0715483948588371 2.87654113769531
1.90600395202637 0.0715483948588371 2.90600395202637
0 -1 -9.4205547520995E-16
1.90600395202637 0.0715483948588371 2.90600395202637
-1.90600395202637 0.0715483948588371 2.90600395202637
-1.90600395202637 0.0715483948588371 2.87654113769531
0 -1 -9.4205547520995E-16
-1.90600395202637 0.0715483948588371 2.90600395202637
1.90600395202637 0.0715483948588371 2.90600395202637
1.90600395202637 0.189399525523186 3.02385497093201
0 -0.707106781186429 0.707106781186666
1.90600395202637 0.189399525523186 3.02385497093201
-1.90600395202637 0.189399525523186 3.02385497093201
-1.90600395202637 0.0715483948588371 2.90600395202637
0 -0.707106781186429 0.707106781186666
-1.90600395202637 0.189399525523186 3.14885497093201
1.90600395202637 0.189399525523186 3.14885497093201
1.90600395202637 0.307250648736954 3.03100395202637
0 0.707106781186568 0.707106781186527
1.90600395202637 0.307250648736954 3.03100395202637
-1.90600395202637 0.307250648736954 3.03100395202637
-1.90600395202637 0.189399525523186 3.14885497093201
0 0.707106781186568 0.707106781186527
-1.90600395202637 0.307250648736954 3.03100395202637
1.90600395202637 0.307250648736954 3.03100395202637
1.90600395202637 0.307250648736954 3.00154113769531
0 1 0
1.90600395202637 0.307250648736954 3.00154113769531
-1.90600395202637 0.307250648736954 3.00154113769531
-1.90600395202637 0.307250648736954 3.03100395202637
0 1 0
-1.90600395202637 0.307250648736954 3.00154113769531
1.90600395202637 0.307250648736954 3.00154113769531
1.90600395202637 0.189399525523186 3.11939239501953
0 -0.707106781186579 -0.707106781186516
1.90600395202637 0.189399525523186 3.11939239501953
-1.90600395202637 0.189399525523186 3.11939239501953
-1.90600395202637 0.307250648736954 3.00154113769531
0 -0.707106781186579 -0.707106781186516
-1.90600395202637 0.189399525523186 3.11939239501953
1.90600395202637 0.189399525523186 3.11939239501953
1.90600395202637 0.0715483948588371 3.00154113769531
0 0.707106781186516 -0.707106781186579
1.90600395202637 0.0715483948588371 3.00154113769531
-1.90600395202637 0.0715483948588371 3.00154113769531
-1.90600395202637 0.189399525523186 3.11939239501953
0 0.707106781186516 -0.707106781186579
-1.90600395202637 0.0715483948588371 3.00154113769531
1.90600395202637 0.0715483948588371 3.00154113769531
1.90600395202637 0.0715483948588371 3.03100395202637
0 -1 0
1.90600395202637 0.0715483948588371 3.03100395202637
-1.90600395202637 0.0715483948588371 3.03100395202637
-1.90600395202637 0.0715483948588371 3.00154113769531
0 -1 0
-1.90600395202637 0.0715483948588371 3.03100395202637
1.90600395202637 0.0715483948588371 3.03100395202637
1.90600395202637 0.189399525523186 3.14885497093201
0 -0.707106781187864 0.707106781185231
1.90600395202637 0.189399525523186 3.14885497093201
-1.90600395202637 0.189399525523186 3.14885497093201
-1.90600395202637 0.0715483948588371 3.03100395202637
0 -0.707106781187864 0.707106781185231
-1.90600395202637 0.189399525523186 3.27385497093201
1.90600395202637 0.189399525523186 3.27385497093201
1.90600395202637 0.307250648736954 3.15600395202637
0 0.707106781186552 0.707106781186543
1.90600395202637 0.307250648736954 3.15600395202637
-1.90600395202637 0.307250648736954 3.15600395202637
-1.90600395202637 0.189399525523186 3.27385497093201
0 0.707106781186552 0.707106781186543
-1.90600395202637 0.307250648736954 3.15600395202637
1.90600395202637 0.307250648736954 3.15600395202637
1.90600395202637 0.307250648736954 3.12654113769531
0 1 3.76822190083986E-15
1.90600395202637 0.307250648736954 3.12654113769531
-1.90600395202637 0.307250648736954 3.12654113769531
-1.90600395202637 0.307250648736954 3.15600395202637
0 1 3.76822190083986E-15
-1.90600395202637 0.307250648736954 3.12654113769531
1.90600395202637 0.307250648736954 3.12654113769531
1.90600395202637 0.189399525523186 3.24439239501953
0 -0.707106781186533 -0.707106781186562
1.90600395202637 0.189399525523186 3.24439239501953
-1.90600395202637 0.189399525523186 3.24439239501953
-1.90600395202637 0.307250648736954 3.12654113769531
0 -0.707106781186533 -0.707106781186562
-1.90600395202637 0.189399525523186 3.24439239501953
1.90600395202637 0.189399525523186 3.24439239501953
1.90600395202637 0.0715483948588371 3.12654113769531
0 0.707106781187892 -0.707106781185203
1.90600395202637 0.0715483948588371 3.12654113769531
-1.90600395202637 0.0715483948588371 3.12654113769531
-1.90600395202637 0.189399525523186 3.24439239501953
0 0.707106781187892 -0.707106781185203
-1.90600395202637 0.0715483948588371 3.12654113769531
1.90600395202637 0.0715483948588371 3.12654113769531
1.90600395202637 0.0715483948588371 3.15600395202637
0 -1 -9.42055475210447E-16
1.90600395202637 0.0715483948588371 3.15600395202637
-1.90600395202637 0.0715483948588371 3.15600395202637
-1.90600395202637 0.0715483948588371 3.12654113769531
0 -1 -9.42055475210447E-16
-1.90600395202637 0.0715483948588371 3.15600395202637
1.90600395202637 0.0715483948588371 3.15600395202637
1.90600395202637 0.189399525523186 3.27385497093201
0 -0.707106781187956 0.707106781185139
1.90600395202637 0.189399525523186 3.27385497093201
-1.90600395202637 0.189399525523186 3.27385497093201
-1.90600395202637 0.0715483948588371 3.15600395202637
0 -0.707106781187956 0.707106781185139
-1.90600395202637 0.189399525523186 3.39885497093201
1.90600395202637 0.189399525523186 3.39885497093201
1.90600395202637 0.307250648736954 3.28100395202637
0 0.707106781186615 0.70710678118648
1.90600395202637 0.307250648736954 3.28100395202637
-1.90600395202637 0.307250648736954 3.28100395202637
-1.90600395202637 0.189399525523186 3.39885497093201
0 0.707106781186615 0.70710678118648
-1.90600395202637 0.307250648736954 3.28100395202637
1.90600395202637 0.307250648736954 3.28100395202637
1.90600395202637 0.307250648736954 3.25154113769531
0 1 3.76822190083952E-15
1.90600395202637 0.307250648736954 3.25154113769531
-1.90600395202637 0.307250648736954 3.25154113769531
-1.90600395202637 0.307250648736954 3.28100395202637
0 1 3.76822190083952E-15
-1.90600395202637 0.307250648736954 3.25154113769531
1.90600395202637 0.307250648736954 3.25154113769531
1.90600395202637 0.189399525523186 3.36939239501953
0 -0.707106781186631 -0.707106781186464
1.90600395202637 0.189399525523186 3.36939239501953
-1.90600395202637 0.189399525523186 3.36939239501953
-1.90600395202637 0.307250648736954 3.25154113769531
0 -0.707106781186631 -0.707106781186464
-1.90600395202637 0.189399525523186 3.36939239501953
1.90600395202637 0.189399525523186 3.36939239501953
1.90600395202637 0.0715483948588371 3.25154113769531
0 0.70710678118772 -0.707106781185375
1.90600395202637 0.0715483948588371 3.25154113769531
-1.90600395202637 0.0715483948588371 3.25154113769531
-1.90600395202637 0.189399525523186 3.36939239501953
0 0.70710678118772 -0.707106781185375
-1.90600395202637 0.0715483948588371 3.25154113769531
1.90600395202637 0.0715483948588371 3.25154113769531
1.90600395202637 0.0715483948588371 3.28100395202637
0 -1 -2.35513868802633E-15
1.90600395202637 0.0715483948588371 3.28100395202637
-1.90600395202637 0.0715483948588371 3.28100395202637
-1.90600395202637 0.0715483948588371 3.25154113769531
0 -1 -2.35513868802633E-15
-1.90600395202637 0.0715483948588371 3.28100395202637
1.90600395202637 0.0715483948588371 3.28100395202637
1.90600395202637 0.189399525523186 3.39885497093201
0 -0.707106781187765 0.70710678118533
1.90600395202637 0.189399525523186 3.39885497093201
-1.90600395202637 0.189399525523186 3.39885497093201
-1.90600395202637 0.0715483948588371 3.28100395202637
0 -0.707106781187765 0.70710678118533
-1.90600395202637 0.189399525523186 3.52385497093201
1.90600395202637 0.189399525523186 3.52385497093201
1.90600395202637 0.307250648736954 3.40600395202637
0 0.707106781186597 0.707106781186498
1.90600395202637 0.307250648736954 3.40600395202637
-1.90600395202637 0.307250648736954 3.40600395202637
-1.90600395202637 0.189399525523186 3.52385497093201
0 0.707106781186597 0.707106781186498
-1.90600395202637 0.307250648736954 3.40600395202637
1.90600395202637 0.307250648736954 3.40600395202637
1.90600395202637 0.307250648736954 3.37654113769531
0 1 -1.88411095041987E-15
1.90600395202637 0.307250648736954 3.37654113769531
-1.90600395202637 0.307250648736954 3.37654113769531
-1.90600395202637 0.307250648736954 3.40600395202637
0 1 -1.88411095041987E-15
-1.90600395202637 0.307250648736954 3.37654113769531
1.90600395202637 0.307250648736954 3.37654113769531
1.90600395202637 0.189399525523186 3.49439239501953
0 -0.707106781186613 -0.707106781186482
1.90600395202637 0.189399525523186 3.49439239501953
-1.90600395202637 0.189399525523186 3.49439239501953
-1.90600395202637 0.307250648736954 3.37654113769531
0 -0.707106781186613 -0.707106781186482
-1.90600395202637 0.189399525523186 3.49439239501953
1.90600395202637 0.189399525523186 3.49439239501953
1.90600395202637 0.0715483948588371 3.37654113769531
0 0.707106781187893 -0.707106781185202
1.90600395202637 0.0715483948588371 3.37654113769531
-1.90600395202637 0.0715483948588371 3.37654113769531
-1.90600395202637 0.189399525523186 3.49439239501953
0 0.707106781187893 -0.707106781185202
-1.90600395202637 0.0715483948588371 3.37654113769531
1.90600395202637 0.0715483948588371 3.37654113769531
1.90600395202637 0.0715483948588371 3.40600395202637
0 -1 1.88411095041993E-15
1.90600395202637 0.0715483948588371 3.40600395202637
-1.90600395202637 0.0715483948588371 3.40600395202637
-1.90600395202637 0.0715483948588371 3.37654113769531
0 -1 1.88411095041993E-15
-1.90600395202637 0.0715483948588371 3.40600395202637
1.90600395202637 0.0715483948588371 3.40600395202637
1.90600395202637 0.189399525523186 3.52385497093201
0 -0.70710678118788 0.707106781185215
1.90600395202637 0.189399525523186 3.52385497093201
-1.90600395202637 0.189399525523186 3.52385497093201
-1.90600395202637 0.0715483948588371 3.40600395202637
0 -0.70710678118788 0.707106781185215
-1.90600395202637 0.189399525523186 3.64885497093201
1.90600395202637 0.189399525523186 3.64885497093201
1.90600395202637 0.307250648736954 3.53100395202637
0 0.707106781186636 0.707106781186459
1.90600395202637 0.307250648736954 3.53100395202637
-1.90600395202637 0.307250648736954 3.53100395202637
-1.90600395202637 0.189399525523186 3.64885497093201
0 0.707106781186636 0.707106781186459
-1.90600395202637 0.307250648736954 3.53100395202637
1.90600395202637 0.307250648736954 3.53100395202637
1.90600395202637 0.307250648736954 3.50154113769531
0 1 0
1.90600395202637 0.307250648736954 3.50154113769531
-1.90600395202637 0.307250648736954 3.50154113769531
-1.90600395202637 0.307250648736954 3.53100395202637
0 1 0
-1.90600395202637 0.307250648736954 3.50154113769531
1.90600395202637 0.307250648736954 3.50154113769531
1.90600395202637 0.189399525523186 3.61939239501953
0 -0.707106781186636 -0.707106781186459
1.90600395202637 0.189399525523186 3.61939239501953
-1.90600395202637 0.189399525523186 3.61939239501953
-1.90600395202637 0.307250648736954 3.50154113769531
0 -0.707106781186636 -0.707106781186459
-1.90600395202637 0.189399525523186 3.61939239501953
1.90600395202637 0.189399525523186 3.61939239501953
1.90600395202637 0.0715483948588371 3.50154113769531
0 0.70710678118811 -0.707106781184985
1.90600395202637 0.0715483948588371 3.50154113769531
-1.90600395202637 0.0715483948588371 3.50154113769531
-1.90600395202637 0.189399525523186 3.61939239501953
0 0.70710678118811 -0.707106781184985
-1.90600395202637 0.0715483948588371 3.50154113769531
1.90600395202637 0.0715483948588371 3.50154113769531
1.90600395202637 0.0715483948588371 3.53100395202637
0 -1 9.42055475209907E-15
1.90600395202637 0.0715483948588371 3.53100395202637
-1.90600395202637 0.0715483948588371 3.53100395202637
-1.90600395202637 0.0715483948588371 3.50154113769531
0 -1 9.42055475209907E-15
-1.90600395202637 0.0715483948588371 3.53100395202637
1.90600395202637 0.0715483948588371 3.53100395202637
1.90600395202637 0.189399525523186 3.64885497093201
0 -0.707106781188111 0.707106781184984
1.90600395202637 0.189399525523186 3.64885497093201
-1.90600395202637 0.189399525523186 3.64885497093201
-1.90600395202637 0.0715483948588371 3.53100395202637
0 -0.707106781188111 0.707106781184984
-1.90600395202637 0.189399525523186 3.77352690696716
1.90600395202637 0.189399525523186 3.77352690696716
1.90600395202637 0.307250648736954 3.65600395202637
0 0.706120471322756 0.70809171720825
1.90600395202637 0.307250648736954 3.65600395202637
-1.90600395202637 0.307250648736954 3.65600395202637
-1.90600395202637 0.189399525523186 3.77352690696716
0 0.706120471322756 0.70809171720825
-1.90600395202637 0.307250648736954 3.65600395202637
1.90600395202637 0.307250648736954 3.65600395202637
1.90600395202637 0.307250648736954 3.62654113769531
0 1 -1.88411095042072E-15
1.90600395202637 0.307250648736954 3.62654113769531
-1.90600395202637 0.307250648736954 3.62654113769531
-1.90600395202637 0.307250648736954 3.65600395202637
0 1 -1.88411095042072E-15
-1.90600395202637 0.307250648736954 3.62654113769531
1.90600395202637 0.307250648736954 3.62654113769531
1.90600395202637 0.189399525523186 3.74439239501953
0 -0.707106781186569 -0.707106781186526
1.90600395202637 0.189399525523186 3.74439239501953
-1.90600395202637 0.189399525523186 3.74439239501953
-1.90600395202637 0.307250648736954 3.62654113769531
0 -0.707106781186569 -0.707106781186526
-1.90600395202637 0.189399525523186 3.74439239501953
1.90600395202637 0.189399525523186 3.74439239501953
1.90600395202637 0.0715483948588371 3.62654113769531
0 0.707106781188125 -0.70710678118497
1.90600395202637 0.0715483948588371 3.62654113769531
-1.90600395202637 0.0715483948588371 3.62654113769531
-1.90600395202637 0.189399525523186 3.74439239501953
0 0.707106781188125 -0.70710678118497
-1.90600395202637 0.0715483948588371 3.62654113769531
1.90600395202637 0.0715483948588371 3.62654113769531
1.90600395202637 0.0715483948588371 3.65600395202637
0 -1 4.71027737605167E-16
1.90600395202637 0.0715483948588371 3.65600395202637
-1.90600395202637 0.0715483948588371 3.65600395202637
-1.90600395202637 0.0715483948588371 3.62654113769531
0 -1 4.71027737605167E-16
-1.90600395202637 0.0715483948588371 3.65600395202637
1.90600395202637 0.0715483948588371 3.65600395202637
1.90600395202637 0.189399525523186 3.77352690696716
0 -0.706120471324312 0.708091717206699
1.90600395202637 0.189399525523186 3.77352690696716
-1.90600395202637 0.189399525523186 3.77352690696716
-1.90600395202637 0.0715483948588371 3.65600395202637
0 -0.706120471324312 0.708091717206699
-1.90600395202637 0.189399525523186 3.89852690696716
1.90600395202637 0.189399525523186 3.89852690696716
1.90600395202637 0.307250648736954 3.78067588806152
0 0.707106781186556 0.707106781186539
1.90600395202637 0.307250648736954 3.78067588806152
-1.90600395202637 0.307250648736954 3.78067588806152
-1.90600395202637 0.189399525523186 3.89852690696716
0 0.707106781186556 0.707106781186539
-1.90600395202637 0.307250648736954 3.78067588806152
1.90600395202637 0.307250648736954 3.78067588806152
1.90600395202637 0.307250648736954 3.75121307373047
0 1 3.76822190084076E-15
1.90600395202637 0.307250648736954 3.75121307373047
-1.90600395202637 0.307250648736954 3.75121307373047
-1.90600395202637 0.307250648736954 3.78067588806152
0 1 3.76822190084076E-15
-1.90600395202637 0.307250648736954 3.75121307373047
1.90600395202637 0.307250648736954 3.75121307373047
1.90600395202637 0.189399525523186 3.86906409263611
0 -0.707106781186561 -0.707106781186534
1.90600395202637 0.189399525523186 3.86906409263611
-1.90600395202637 0.189399525523186 3.86906409263611
-1.90600395202637 0.307250648736954 3.75121307373047
0 -0.707106781186561 -0.707106781186534
-1.90600395202637 0.189399525523186 3.86906409263611
1.90600395202637 0.189399525523186 3.86906409263611
1.90600395202637 0.0715483948588371 3.75121307373047
0 0.707106781188014 -0.707106781185081
1.90600395202637 0.0715483948588371 3.75121307373047
-1.90600395202637 0.0715483948588371 3.75121307373047
-1.90600395202637 0.189399525523186 3.86906409263611
0 0.707106781188014 -0.707106781185081
-1.90600395202637 0.0715483948588371 3.75121307373047
1.90600395202637 0.0715483948588371 3.75121307373047
1.90600395202637 0.0715483948588371 3.78067588806152
0 -1 9.89158248971118E-15
1.90600395202637 0.0715483948588371 3.78067588806152
-1.90600395202637 0.0715483948588371 3.78067588806152
-1.90600395202637 0.0715483948588371 3.75121307373047
0 -1 9.89158248971118E-15
-1.90600395202637 0.0715483948588371 3.78067588806152
1.90600395202637 0.0715483948588371 3.78067588806152
1.90600395202637 0.189399525523186 3.89852690696716
0 -0.707106781188047 0.707106781185048
1.90600395202637 0.189399525523186 3.89852690696716
-1.90600395202637 0.189399525523186 3.89852690696716
-1.90600395202637 0.0715483948588371 3.78067588806152
0 -0.707106781188047 0.707106781185048
[LEVEL]
5F
[HEADER]
441189,AG1 1200*600,1590
29.9008140092644 4.37178753924243 43.6351706036745
1
1.63451642158249E-15 1 0
-1 1.63451642158249E-15 0
0 0 1
2.03067588806152 0.349901586771011 4.03067588806152
1.90600395202637 0.349901586771011 3.90600395202637
-1.90600395202637 0.349901586771011 3.90600395202637
0 1 0
1.90600395202637 0.349901586771011 3.90600395202637
2.03067588806152 0.349901586771011 4.03067588806152
1.90600395202637 0.349901586771011 2.03100395202637
0 1 0
-2.03067588806152 0.349901586771011 4.03067588806152
-1.90600395202637 0.349901586771011 3.90600395202637
-1.90600395202637 0.349901586771011 2.03100395202637
0 1 0
-1.90600395202637 0.349901586771011 3.90600395202637
-2.03067588806152 0.349901586771011 4.03067588806152
2.03067588806152 0.349901586771011 4.03067588806152
0 1 0
1.90600395202637 0.349901586771011 2.03100395202637
2.03067588806152 0.349901586771011 1.90633201599121
-1.90600395202637 0.349901586771011 2.03100395202637
0 1 0
2.03067588806152 0.349901586771011 1.90633201599121
1.90600395202637 0.349901586771011 2.03100395202637
2.03067588806152 0.349901586771011 4.03067588806152
0 1 0
-1.90600395202637 0.349901586771011 2.03100395202637
-2.03067588806152 0.349901586771011 1.90633201599121
-2.03067588806152 0.349901586771011 4.03067588806152
0 1 0
-2.03067588806152 0.349901586771011 1.90633201599121
-1.90600395202637 0.349901586771011 2.03100395202637
2.03067588806152 0.349901586771011 1.90633201599121
0 1 0
2.03067588806152 0.307250648736954 1.90633201599121
1.90600395202637 0.307250648736954 2.03100395202637
-1.90600395202637 0.307250648736954 2.03100395202637
0 -1 0
1.90600395202637 0.307250648736954 2.03100395202637
2.03067588806152 0.307250648736954 1.90633201599121
1.90600395202637 0.307250648736954 3.90600395202637
0 -1 0
-2.03067588806152 0.307250648736954 1.90633201599121
-1.90600395202637 0.307250648736954 2.03100395202637
-1.90600395202637 0.307250648736954 3.90600395202637
0 -1 0
-1.90600395202637 0.307250648736954 2.03100395202637
-2.03067588806152 0.307250648736954 1.90633201599121
2.03067588806152 0.307250648736954 1.90633201599121
0 -1 0
1.90600395202637 0.307250648736954 3.90600395202637
2.03067588806152 0.307250648736954 4.03067588806152
-1.90600395202637 0.307250648736954 3.90600395202637
0 -1 0
2.03067588806152 0.307250648736954 4.03067588806152
1.90600395202637 0.307250648736954 3.90600395202637
2.03067588806152 0.307250648736954 1.90633201599121
0 -1 0
-1.90600395202637 0.307250648736954 3.90600395202637
-2.03067588806152 0.307250648736954 4.03067588806152
-2.03067588806152 0.307250648736954 1.90633201599121
0 -1 0
-2.03067588806152 0.307250648736954 4.03067588806152
-1.90600395202637 0.307250648736954 3.90600395202637
2.03067588806152 0.307250648736954 4.03067588806152
0 -1 0
-1.90600395202637 0.349901586771011 3.90600395202637
-1.90600395202637 0.307250648736954 3.90600395202637
-1.90600395202637 0.307250648736954 2.03100395202637
1 0 1.18423789293347E-16
-1.90600395202637 0.307250648736954 2.03100395202637
-1.90600395202637 0.349901586771011 2.03100395202637
-1.90600395202637 0.349901586771011 3.90600395202637
1 0 1.18423789293347E-16
-1.90600395202637 0.349901586771011 2.03100395202637
-1.90600395202637 0.307250648736954 2.03100395202637
1.90600395202637 0.307250648736954 2.03100395202637
0 0 1
1.90600395202637 0.307250648736954 2.03100395202637
1.90600395202637 0.349901586771011 2.03100395202637
-1.90600395202637 0.349901586771011 2.03100395202637
0 0 1
1.90600395202637 0.349901586771011 2.03100395202637
1.90600395202637 0.307250648736954 2.03100395202637
1.90600395202637 0.307250648736954 3.90600395202637
-1 0 0
1.90600395202637 0.307250648736954 3.90600395202637
1.90600395202637 0.349901586771011 3.90600395202637
1.90600395202637 0.349901586771011 2.03100395202637
-1 0 0
1.90600395202637 0.349901586771011 3.90600395202637
1.90600395202637 0.307250648736954 3.90600395202637
-1.90600395202637 0.307250648736954 3.90600395202637
0 0 -1
-1.90600395202637 0.307250648736954 3.90600395202637
-1.90600395202637 0.349901586771011 3.90600395202637
1.90600395202637 0.349901586771011 3.90600395202637
0 0 -1
-2.03067588806152 0.349901586771011 4.03067588806152
-2.03067588806152 0.307250648736954 4.03067588806152
2.03067588806152 0.307250648736954 4.03067588806152
0 0 1
2.03067588806152 0.307250648736954 4.03067588806152
2.03067588806152 0.349901586771011 4.03067588806152
-2.03067588806152 0.349901586771011 4.03067588806152
0 0 1
2.03067588806152 0.349901586771011 4.03067588806152
2.03067588806152 0.307250648736954 4.03067588806152
2.03067588806152 0.307250648736954 1.90633201599121
1 0 0
2.03067588806152 0.307250648736954 1.90633201599121
2.03067588806152 0.349901586771011 1.90633201599121
2.03067588806152 0.349901586771011 4.03067588806152
1 0 0
2.03067588806152 0.349901586771011 1.90633201599121
2.03067588806152 0.307250648736954 1.90633201599121
-2.03067588806152 0.307250648736954 1.90633201599121
-5.46725871081272E-17 0 -1
-2.03067588806152 0.307250648736954 1.90633201599121
-2.03067588806152 0.349901586771011 1.90633201599121
2.03067588806152 0.349901586771011 1.90633201599121
-5.46725871081272E-17 0 -1
-2.03067588806152 0.349901586771011 1.90633201599121
-2.03067588806152 0.307250648736954 1.90633201599121
-2.03067588806152 0.307250648736954 4.03067588806152
-1 0 -2.09047708358755E-16
-2.03067588806152 0.307250648736954 4.03067588806152
-2.03067588806152 0.349901586771011 4.03067588806152
-2.03067588806152 0.349901586771011 1.90633201599121
-1 0 -2.09047708358755E-16
-2.03067588806152 -0.391568243503571 4.03067588806152
-1.90600395202637 -0.391568243503571 3.90600395202637
1.90600395202637 -0.391568243503571 3.90600395202637
0 -1 0
-1.90600395202637 -0.391568243503571 3.90600395202637
-2.03067588806152 -0.391568243503571 4.03067588806152
-1.90600395202637 -0.391568243503571 2.03100395202637
0 -1 0
2.03067588806152 -0.391568243503571 4.03067588806152
1.90600395202637 -0.391568243503571 3.90600395202637
1.90600395202637 -0.391568243503571 2.03100395202637
0 -1 0
1.90600395202637 -0.391568243503571 3.90600395202637
2.03067588806152 -0.391568243503571 4.03067588806152
-2.03067588806152 -0.391568243503571 4.03067588806152
0 -1 0
-1.90600395202637 -0.391568243503571 2.03100395202637
-2.03067588806152 -0.391568243503571 1.90633201599121
1.90600395202637 -0.391568243503571 2.03100395202637
0 -1 0
-2.03067588806152 -0.391568243503571 1.90633201599121
-1.90600395202637 -0.391568243503571 2.03100395202637
-2.03067588806152 -0.391568243503571 4.03067588806152
0 -1 0
1.90600395202637 -0.391568243503571 2.03100395202637
2.03067588806152 -0.391568243503571 1.90633201599121
2.03067588806152 -0.391568243503571 4.03067588806152
0 -1 0
2.03067588806152 -0.391568243503571 1.90633201599121
1.90600395202637 -0.391568243503571 2.03100395202637
-2.03067588806152 -0.391568243503571 1.90633201599121
0 -1 0
-2.03067588806152 -0.348917335271835 1.90633201599121
-1.90600395202637 -0.348917335271835 2.03100395202637
1.90600395202637 -0.348917335271835 2.03100395202637
0 1 0
-1.90600395202637 -0.348917335271835 2.03100395202637
-2.03067588806152 -0.348917335271835 1.90633201599121
-1.90600395202637 -0.348917335271835 3.90600395202637
0 1 0
2.03067588806152 -0.348917335271835 1.90633201599121
1.90600395202637 -0.348917335271835 2.03100395202637
1.90600395202637 -0.348917335271835 3.90600395202637
0 1 0
1.90600395202637 -0.348917335271835 2.03100395202637
2.03067588806152 -0.348917335271835 1.90633201599121
-2.03067588806152 -0.348917335271835 1.90633201599121
0 1 0
-1.90600395202637 -0.348917335271835 3.90600395202637
-2.03067588806152 -0.348917335271835 4.03067588806152
1.90600395202637 -0.348917335271835 3.90600395202637
0 1 0
-2.03067588806152 -0.348917335271835 4.03067588806152
-1.90600395202637 -0.348917335271835 3.90600395202637
-2.03067588806152 -0.348917335271835 1.90633201599121
0 1 0
1.90600395202637 -0.348917335271835 3.90600395202637
2.03067588806152 -0.348917335271835 4.03067588806152
2.03067588806152 -0.348917335271835 1.90633201599121
0 1 0
2.03067588806152 -0.348917335271835 4.03067588806152
1.90600395202637 -0.348917335271835 3.90600395202637
-2.03067588806152 -0.348917335271835 4.03067588806152
0 1 0
1.90600395202637 -0.391568243503571 3.90600395202637
1.90600395202637 -0.348917335271835 3.90600395202637
1.90600395202637 -0.348917335271835 2.03100395202637
-1 0 0
1.90600395202637 -0.348917335271835 2.03100395202637
1.90600395202637 -0.391568243503571 2.03100395202637
1.90600395202637 -0.391568243503571 3.90600395202637
-1 0 0
1.90600395202637 -0.391568243503571 2.03100395202637
1.90600395202637 -0.348917335271835 2.03100395202637
-1.90600395202637 -0.348917335271835 2.03100395202637
0 0 1
-1.90600395202637 -0.348917335271835 2.03100395202637
-1.90600395202637 -0.391568243503571 2.03100395202637
1.90600395202637 -0.391568243503571 2.03100395202637
0 0 1
-1.90600395202637 -0.391568243503571 2.03100395202637
-1.90600395202637 -0.348917335271835 2.03100395202637
-1.90600395202637 -0.348917335271835 3.90600395202637
1 0 0
-1.90600395202637 -0.348917335271835 3.90600395202637
-1.90600395202637 -0.391568243503571 3.90600395202637
-1.90600395202637 -0.391568243503571 2.03100395202637
1 0 0
-1.90600395202637 -0.391568243503571 3.90600395202637
-1.90600395202637 -0.348917335271835 3.90600395202637
1.90600395202637 -0.348917335271835 3.90600395202637
0 0 -1
1.90600395202637 -0.348917335271835 3.90600395202637
1.90600395202637 -0.391568243503571 3.90600395202637
-1.90600395202637 -0.391568243503571 3.90600395202637
0 0 -1
2.03067588806152 -0.391568243503571 4.03067588806152
2.03067588806152 -0.348917335271835 4.03067588806152
-2.03067588806152 -0.348917335271835 4.03067588806152
0 0 1
-2.03067588806152 -0.348917335271835 4.03067588806152
-2.03067588806152 -0.391568243503571 4.03067588806152
2.03067588806152 -0.391568243503571 4.03067588806152
0 0 1
-2.03067588806152 -0.391568243503571 4.03067588806152
-2.03067588806152 -0.348917335271835 4.03067588806152
-2.03067588806152 -0.348917335271835 1.90633201599121
-1 0 0
-2.03067588806152 -0.348917335271835 1.90633201599121
-2.03067588806152 -0.391568243503571 1.90633201599121
-2.03067588806152 -0.391568243503571 4.03067588806152
-1 0 0
-2.03067588806152 -0.391568243503571 1.90633201599121
-2.03067588806152 -0.348917335271835 1.90633201599121
2.03067588806152 -0.348917335271835 1.90633201599121
5.4672587108127E-17 0 -1
2.03067588806152 -0.348917335271835 1.90633201599121
2.03067588806152 -0.391568243503571 1.90633201599121
-2.03067588806152 -0.391568243503571 1.90633201599121
5.4672587108127E-17 0 -1
2.03067588806152 -0.391568243503571 1.90633201599121
2.03067588806152 -0.348917335271835 1.90633201599121
2.03067588806152 -0.348917335271835 4.03067588806152
1 0 -2.09047708358754E-16
2.03067588806152 -0.348917335271835 4.03067588806152
2.03067588806152 -0.391568243503571 4.03067588806152
2.03067588806152 -0.391568243503571 1.90633201599121
1 0 -2.09047708358754E-16
1.96850395202637 -0.348917335271835 3.96850395202637
1.90600395202637 -0.348917335271835 3.90600395202637
1.90600395202637 -0.348917335271835 2.03100395202637
0 -1 0
1.90600395202637 -0.348917335271835 3.90600395202637
1.96850395202637 -0.348917335271835 3.96850395202637
-1.90600395202637 -0.348917335271835 3.90600395202637
0 -1 0
1.96850395202637 -0.348917335271835 1.96850395202637
1.90600395202637 -0.348917335271835 2.03100395202637
-1.90600395202637 -0.348917335271835 2.03100395202637
0 -1 0
1.90600395202637 -0.348917335271835 2.03100395202637
1.96850395202637 -0.348917335271835 1.96850395202637
1.96850395202637 -0.348917335271835 3.96850395202637
0 -1 0
-1.90600395202637 -0.348917335271835 3.90600395202637
-1.96850395202637 -0.348917335271835 3.96850395202637
-1.90600395202637 -0.348917335271835 2.03100395202637
0 -1 0
-1.96850395202637 -0.348917335271835 3.96850395202637
-1.90600395202637 -0.348917335271835 3.90600395202637
1.96850395202637 -0.348917335271835 3.96850395202637
0 -1 0
-1.90600395202637 -0.348917335271835 2.03100395202637
-1.96850395202637 -0.348917335271835 1.96850395202637
1.96850395202637 -0.348917335271835 1.96850395202637
0 -1 0
-1.96850395202637 -0.348917335271835 1.96850395202637
-1.90600395202637 -0.348917335271835 2.03100395202637
-1.96850395202637 -0.348917335271835 3.96850395202637
0 -1 0
-1.96850395202637 0.307250648736954 3.96850395202637
-1.90600395202637 0.307250648736954 3.90600395202637
-1.90600395202637 0.307250648736954 2.03100395202637
0 1 0
-1.90600395202637 0.307250648736954 3.90600395202637
-1.96850395202637 0.307250648736954 3.96850395202637
1.90600395202637 0.307250648736954 3.90600395202637
0 1 0
-1.96850395202637 0.307250648736954 1.96850395202637
-1.90600395202637 0.307250648736954 2.03100395202637
1.90600395202637 0.307250648736954 2.03100395202637
0 1 0
-1.90600395202637 0.307250648736954 2.03100395202637
-1.96850395202637 0.307250648736954 1.96850395202637
-1.96850395202637 0.307250648736954 3.96850395202637
0 1 0
1.90600395202637 0.307250648736954 3.90600395202637
1.96850395202637 0.307250648736954 3.96850395202637
1.90600395202637 0.307250648736954 2.03100395202637
0 1 0
1.96850395202637 0.307250648736954 3.96850395202637
1.90600395202637 0.307250648736954 3.90600395202637
-1.96850395202637 0.307250648736954 3.96850395202637
0 1 0
1.90600395202637 0.307250648736954 2.03100395202637
1.96850395202637 0.307250648736954 1.96850395202637
-1.96850395202637 0.307250648736954 1.96850395202637
0 1 0
1.96850395202637 0.307250648736954 1.96850395202637
1.90600395202637 0.307250648736954 2.03100395202637
1.96850395202637 0.307250648736954 3.96850395202637
0 1 0
1.96850395202637 -0.348917335271835 3.96850395202637
1.96850395202637 0.307250648736954 3.96850395202637
-1.96850395202637 0.307250648736954 3.96850395202637
0 0 1
-1.96850395202637 0.307250648736954 3.96850395202637
-1.96850395202637 -0.348917335271835 3.96850395202637
1.96850395202637 -0.348917335271835 3.96850395202637
0 0 1
-1.96850395202637 -0.348917335271835 3.96850395202637
-1.96850395202637 0.307250648736954 3.96850395202637
-1.96850395202637 0.307250648736954 1.96850395202637
-1 0 0
-1.96850395202637 0.307250648736954 1.96850395202637
-1.96850395202637 -0.348917335271835 1.96850395202637
-1.96850395202637 -0.348917335271835 3.96850395202637
-1 0 0
-1.96850395202637 -0.348917335271835 1.96850395202637
-1.96850395202637 0.307250648736954 1.96850395202637
1.96850395202637 0.307250648736954 1.96850395202637
0 0 -1
1.96850395202637 0.307250648736954 1.96850395202637
1.96850395202637 -0.348917335271835 1.96850395202637
-1.96850395202637 -0.348917335271835 1.96850395202637
0 0 -1
1.96850395202637 -0.348917335271835 1.96850395202637
1.96850395202637 0.307250648736954 1.96850395202637
1.96850395202637 0.307250648736954 3.96850395202637
1 0 0
1.96850395202637 0.307250648736954 3.96850395202637
1.96850395202637 -0.348917335271835 3.96850395202637
1.96850395202637 -0.348917335271835 1.96850395202637
1 0 0
1.90600395202637 -0.348917335271835 3.90600395202637
1.90600395202637 0.307250648736954 3.90600395202637
1.90600395202637 0.307250648736954 2.03100395202637
-1 0 0
1.90600395202637 0.307250648736954 2.03100395202637
1.90600395202637 -0.348917335271835 2.03100395202637
1.90600395202637 -0.348917335271835 3.90600395202637
-1 0 0
1.90600395202637 -0.348917335271835 2.03100395202637
1.90600395202637 0.307250648736954 2.03100395202637
-1.90600395202637 0.307250648736954 2.03100395202637
0 0 1
-1.90600395202637 0.307250648736954 2.03100395202637
-1.90600395202637 -0.348917335271835 2.03100395202637
1.90600395202637 -0.348917335271835 2.03100395202637
0 0 1
-1.90600395202637 -0.348917335271835 2.03100395202637
-1.90600395202637 0.307250648736954 2.03100395202637
-1.90600395202637 0.307250648736954 3.90600395202637
1 0 0
-1.90600395202637 0.307250648736954 3.90600395202637
-1.90600395202637 -0.348917335271835 3.90600395202637
-1.90600395202637 -0.348917335271835 2.03100395202637
1 0 0
-1.90600395202637 -0.348917335271835 3.90600395202637
-1.90600395202637 0.307250648736954 3.90600395202637
1.90600395202637 0.307250648736954 3.90600395202637
0 0 -1
1.90600395202637 0.307250648736954 3.90600395202637
1.90600395202637 -0.348917335271835 3.90600395202637
-1.90600395202637 -0.348917335271835 3.90600395202637
0 0 -1
-1.90600395202637 0.189399525523186 2.14885497093201
-1.90600395202637 0.189399525523186 2.11939239501953
-1.90600395202637 0.0715483948588371 2.03100395202637
-1 0 0
-1.90600395202637 0.189399525523186 2.11939239501953
-1.90600395202637 0.189399525523186 2.14885497093201
-1.90600395202637 0.307250648736954 2.03100395202637
-1 0 0
-1.90600395202637 0.0715483948588371 2.03100395202637
-1.90600395202637 0.189399525523186 2.11939239501953
-1.90600395202637 0.101011179387569 2.03100395202637
-1 0 0
-1.90600395202637 0.307250648736954 2.03100395202637
-1.90600395202637 0.277787864208221 2.03100395202637
-1.90600395202637 0.189399525523186 2.11939239501953
-1 0 0
-1.90600395202637 0.189399525523186 2.27385497093201
-1.90600395202637 0.189399525523186 2.24439239501953
-1.90600395202637 0.0715483948588371 2.15600395202637
-1 0 0
-1.90600395202637 0.189399525523186 2.24439239501953
-1.90600395202637 0.189399525523186 2.27385497093201
-1.90600395202637 0.307250648736954 2.15600395202637
-1 0 0
-1.90600395202637 0.0715483948588371 2.15600395202637
-1.90600395202637 0.189399525523186 2.24439239501953
-1.90600395202637 0.0715483948588371 2.12654113769531
-1 0 0
-1.90600395202637 0.307250648736954 2.12654113769531
-1.90600395202637 0.189399525523186 2.24439239501953
-1.90600395202637 0.307250648736954 2.15600395202637
-1 0 0
-1.90600395202637 0.189399525523186 2.39885497093201
-1.90600395202637 0.189399525523186 2.36939239501953
-1.90600395202637 0.0715483948588371 2.28100395202637
-1 0 0
-1.90600395202637 0.189399525523186 2.36939239501953
-1.90600395202637 0.189399525523186 2.39885497093201
-1.90600395202637 0.307250648736954 2.28100395202637
-1 0 0
-1.90600395202637 0.0715483948588371 2.28100395202637
-1.90600395202637 0.189399525523186 2.36939239501953
-1.90600395202637 0.0715483948588371 2.25154113769531
-1 0 0
-1.90600395202637 0.307250648736954 2.25154113769531
-1.90600395202637 0.189399525523186 2.36939239501953
-1.90600395202637 0.307250648736954 2.28100395202637
-1 0 0
-1.90600395202637 0.189399525523186 2.52385497093201
-1.90600395202637 0.189399525523186 2.49439239501953
-1.90600395202637 0.0715483948588371 2.40600395202637
-1 0 0
-1.90600395202637 0.189399525523186 2.49439239501953
-1.90600395202637 0.189399525523186 2.52385497093201
-1.90600395202637 0.307250648736954 2.40600395202637
-1 0 0
-1.90600395202637 0.0715483948588371 2.40600395202637
-1.90600395202637 0.189399525523186 2.49439239501953
-1.90600395202637 0.0715483948588371 2.37654113769531
-1 0 0
-1.90600395202637 0.307250648736954 2.37654113769531
-1.90600395202637 0.189399525523186 2.49439239501953
-1.90600395202637 0.307250648736954 2.40600395202637
-1 0 0
-1.90600395202637 0.189399525523186 2.64885497093201
-1.90600395202637 0.189399525523186 2.61939239501953
-1.90600395202637 0.0715483948588371 2.53100395202637
-1 0 0
-1.90600395202637 0.189399525523186 2.61939239501953
-1.90600395202637 0.189399525523186 2.64885497093201
-1.90600395202637 0.307250648736954 2.53100395202637
-1 0 0
-1.90600395202637 0.0715483948588371 2.53100395202637
-1.90600395202637 0.189399525523186 2.61939239501953
-1.90600395202637 0.0715483948588371 2.50154113769531
-1 0 0
-1.90600395202637 0.307250648736954 2.50154113769531
-1.90600395202637 0.189399525523186 2.61939239501953
-1.90600395202637 0.307250648736954 2.53100395202637
-1 0 0
-1.90600395202637 0.189399525523186 2.77385497093201
-1.90600395202637 0.189399525523186 2.74439239501953
-1.90600395202637 0.0715483948588371 2.65600395202637
-1 0 0
-1.90600395202637 0.189399525523186 2.74439239501953
-1.90600395202637 0.189399525523186 2.77385497093201
-1.90600395202637 0.307250648736954 2.65600395202637
-1 0 0
-1.90600395202637 0.0715483948588371 2.65600395202637
-1.90600395202637 0.189399525523186 2.74439239501953
-1.90600395202637 0.0715483948588371 2.62654113769531
-1 0 0
-1.90600395202637 0.307250648736954 2.62654113769531
-1.90600395202637 0.189399525523186 2.74439239501953
-1.90600395202637 0.307250648736954 2.65600395202637
-1 0 0
-1.90600395202637 0.189399525523186 2.89885497093201
-1.90600395202637 0.189399525523186 2.86939239501953
-1.90600395202637 0.0715483948588371 2.78100395202637
-1 0 0
-1.90600395202637 0.189399525523186 2.86939239501953
-1.90600395202637 0.189399525523186 2.89885497093201
-1.90600395202637 0.307250648736954 2.78100395202637
-1 0 0
-1.90600395202637 0.0715483948588371 2.78100395202637
-1.90600395202637 0.189399525523186 2.86939239501953
-1.90600395202637 0.0715483948588371 2.75154113769531
-1 0 0
-1.90600395202637 0.307250648736954 2.75154113769531
-1.90600395202637 0.189399525523186 2.86939239501953
-1.90600395202637 0.307250648736954 2.78100395202637
-1 0 0
-1.90600395202637 0.0715483948588371 2.90600395202637
-1.90600395202637 0.189399525523186 2.99439239501953
-1.90600395202637 0.0715483948588371 2.87654113769531
-1 0 0
-1.90600395202637 0.189399525523186 2.99439239501953
-1.90600395202637 0.0715483948588371 2.90600395202637
-1.90600395202637 0.189399525523186 3.02385497093201
-1 0 0
-1.90600395202637 0.189399525523186 2.99439239501953
-1.90600395202637 0.307250648736954 2.90600395202637
-1.90600395202637 0.307250648736954 2.87654113769531
-1 0 0
-1.90600395202637 0.307250648736954 2.90600395202637
-1.90600395202637 0.189399525523186 2.99439239501953
-1.90600395202637 0.189399525523186 3.02385497093201
-1 0 0
-1.90600395202637 0.189399525523186 3.14885497093201
-1.90600395202637 0.189399525523186 3.11939239501953
-1.90600395202637 0.0715483948588371 3.03100395202637
-1 0 0
-1.90600395202637 0.189399525523186 3.11939239501953
-1.90600395202637 0.189399525523186 3.14885497093201
-1.90600395202637 0.307250648736954 3.03100395202637
-1 0 0
-1.90600395202637 0.0715483948588371 3.03100395202637
-1.90600395202637 0.189399525523186 3.11939239501953
-1.90600395202637 0.0715483948588371 3.00154113769531
-1 0 0
-1.90600395202637 0.307250648736954 3.00154113769531
-1.90600395202637 0.189399525523186 3.11939239501953
-1.90600395202637 0.307250648736954 3.03100395202637
-1 0 0
-1.90600395202637 0.189399525523186 3.27385497093201
-1.90600395202637 0.189399525523186 3.24439239501953
-1.90600395202637 0.0715483948588371 3.15600395202637
-1 0 0
-1.90600395202637 0.189399525523186 3.24439239501953
-1.90600395202637 0.189399525523186 3.27385497093201
-1.90600395202637 0.307250648736954 3.15600395202637
-1 0 0
-1.90600395202637 0.0715483948588371 3.15600395202637
-1.90600395202637 0.189399525523186 3.24439239501953
-1.90600395202637 0.0715483948588371 3.12654113769531
-1 0 0
-1.90600395202637 0.307250648736954 3.12654113769531
-1.90600395202637 0.189399525523186 3.24439239501953
-1.90600395202637 0.307250648736954 3.15600395202637
-1 0 0
-1.90600395202637 0.189399525523186 3.39885497093201
-1.90600395202637 0.189399525523186 3.36939239501953
-1.90600395202637 0.0715483948588371 3.28100395202637
-1 0 0
-1.90600395202637 0.189399525523186 3.36939239501953
-1.90600395202637 0.189399525523186 3.39885497093201
-1.90600395202637 0.307250648736954 3.28100395202637
-1 0 0
-1.90600395202637 0.0715483948588371 3.28100395202637
-1.90600395202637 0.189399525523186 3.36939239501953
-1.90600395202637 0.0715483948588371 3.25154113769531
-1 0 0
-1.90600395202637 0.307250648736954 3.25154113769531
-1.90600395202637 0.189399525523186 3.36939239501953
-1.90600395202637 0.307250648736954 3.28100395202637
-1 0 0
-1.90600395202637 0.189399525523186 3.52385497093201
-1.90600395202637 0.189399525523186 3.49439239501953
-1.90600395202637 0.0715483948588371 3.40600395202637
-1 0 0
-1.90600395202637 0.189399525523186 3.49439239501953
-1.90600395202637 0.189399525523186 3.52385497093201
-1.90600395202637 0.307250648736954 3.40600395202637
-1 0 0
-1.90600395202637 0.0715483948588371 3.40600395202637
-1.90600395202637 0.189399525523186 3.49439239501953
-1.90600395202637 0.0715483948588371 3.37654113769531
-1 0 0
-1.90600395202637 0.307250648736954 3.37654113769531
-1.90600395202637 0.189399525523186 3.49439239501953
-1.90600395202637 0.307250648736954 3.40600395202637
-1 0 0
-1.90600395202637 0.189399525523186 3.64885497093201
-1.90600395202637 0.189399525523186 3.61939239501953
-1.90600395202637 0.0715483948588371 3.53100395202637
-1 0 0
-1.90600395202637 0.189399525523186 3.61939239501953
-1.90600395202637 0.189399525523186 3.64885497093201
-1.90600395202637 0.307250648736954 3.53100395202637
-1 0 0
-1.90600395202637 0.0715483948588371 3.53100395202637
-1.90600395202637 0.189399525523186 3.61939239501953
-1.90600395202637 0.0715483948588371 3.50154113769531
-1 0 0
-1.90600395202637 0.307250648736954 3.50154113769531
-1.90600395202637 0.189399525523186 3.61939239501953
-1.90600395202637 0.307250648736954 3.53100395202637
-1 0 0
-1.90600395202637 0.0715483948588371 3.65600395202637
-1.90600395202637 0.189399525523186 3.77352690696716
-1.90600395202637 0.189399525523186 3.74439239501953
-1 0 0
-1.90600395202637 0.189399525523186 3.74439239501953
-1.90600395202637 0.189399525523186 3.77352690696716
-1.90600395202637 0.307250648736954 3.65600395202637
-1 0 0
-1.90600395202637 0.0715483948588371 3.65600395202637
-1.90600395202637 0.189399525523186 3.74439239501953
-1.90600395202637 0.0715483948588371 3.62654113769531
-1 0 0
-1.90600395202637 0.307250648736954 3.62654113769531
-1.90600395202637 0.189399525523186 3.74439239501953
-1.90600395202637 0.307250648736954 3.65600395202637
-1 0 0
-1.90600395202637 0.189399525523186 3.89852690696716
-1.90600395202637 0.189399525523186 3.86906409263611
-1.90600395202637 0.0715483948588371 3.78067588806152
-1 0 0
-1.90600395202637 0.189399525523186 3.86906409263611
-1.90600395202637 0.189399525523186 3.89852690696716
-1.90600395202637 0.307250648736954 3.78067588806152
-1 0 0
-1.90600395202637 0.0715483948588371 3.78067588806152
-1.90600395202637 0.189399525523186 3.86906409263611
-1.90600395202637 0.0715483948588371 3.75121307373047
-1 0 0
-1.90600395202637 0.307250648736954 3.75121307373047
-1.90600395202637 0.189399525523186 3.86906409263611
-1.90600395202637 0.307250648736954 3.78067588806152
-1 0 0
1.90600395202637 0.277787864208221 2.03100395202637
1.90600395202637 0.307250648736954 2.03100395202637
1.90600395202637 0.189399525523186 2.11939239501953
1 0 0
1.90600395202637 0.189399525523186 2.11939239501953
1.90600395202637 0.189399525523186 2.14885497093201
1.90600395202637 0.0715483948588371 2.03100395202637
1 0 0
1.90600395202637 0.189399525523186 2.14885497093201
1.90600395202637 0.189399525523186 2.11939239501953
1.90600395202637 0.307250648736954 2.03100395202637
1 0 0
1.90600395202637 0.189399525523186 2.11939239501953
1.90600395202637 0.0715483948588371 2.03100395202637
1.90600395202637 0.101011179387569 2.03100395202637
1 0 0
1.90600395202637 0.189399525523186 2.24439239501953
1.90600395202637 0.307250648736954 2.12654113769531
1.90600395202637 0.307250648736954 2.15600395202637
1 0 0
1.90600395202637 0.189399525523186 2.24439239501953
1.90600395202637 0.189399525523186 2.27385497093201
1.90600395202637 0.0715483948588371 2.15600395202637
1 0 0
1.90600395202637 0.189399525523186 2.27385497093201
1.90600395202637 0.189399525523186 2.24439239501953
1.90600395202637 0.307250648736954 2.15600395202637
1 0 0
1.90600395202637 0.189399525523186 2.24439239501953
1.90600395202637 0.0715483948588371 2.15600395202637
1.90600395202637 0.0715483948588371 2.12654113769531
1 0 0
1.90600395202637 0.189399525523186 2.36939239501953
1.90600395202637 0.307250648736954 2.25154113769531
1.90600395202637 0.307250648736954 2.28100395202637
1 0 0
1.90600395202637 0.189399525523186 2.36939239501953
1.90600395202637 0.189399525523186 2.39885497093201
1.90600395202637 0.0715483948588371 2.28100395202637
1 0 0
1.90600395202637 0.189399525523186 2.39885497093201
1.90600395202637 0.189399525523186 2.36939239501953
1.90600395202637 0.307250648736954 2.28100395202637
1 0 0
1.90600395202637 0.189399525523186 2.36939239501953
1.90600395202637 0.0715483948588371 2.28100395202637
1.90600395202637 0.0715483948588371 2.25154113769531
1 0 0
1.90600395202637 0.189399525523186 2.49439239501953
1.90600395202637 0.307250648736954 2.37654113769531
1.90600395202637 0.307250648736954 2.40600395202637
1 0 0
1.90600395202637 0.189399525523186 2.49439239501953
1.90600395202637 0.189399525523186 2.52385497093201
1.90600395202637 0.0715483948588371 2.40600395202637
1 0 0
1.90600395202637 0.189399525523186 2.52385497093201
1.90600395202637 0.189399525523186 2.49439239501953
1.90600395202637 0.307250648736954 2.40600395202637
1 0 0
1.90600395202637 0.189399525523186 2.49439239501953
1.90600395202637 0.0715483948588371 2.40600395202637
1.90600395202637 0.0715483948588371 2.37654113769531
1 0 0
1.90600395202637 0.189399525523186 2.61939239501953
1.90600395202637 0.307250648736954 2.50154113769531
1.90600395202637 0.307250648736954 2.53100395202637
1 0 0
1.90600395202637 0.189399525523186 2.61939239501953
1.90600395202637 0.189399525523186 2.64885497093201
1.90600395202637 0.0715483948588371 2.53100395202637
1 0 0
1.90600395202637 0.189399525523186 2.64885497093201
1.90600395202637 0.189399525523186 2.61939239501953
1.90600395202637 0.307250648736954 2.53100395202637
1 0 0
1.90600395202637 0.189399525523186 2.61939239501953
1.90600395202637 0.0715483948588371 2.53100395202637
1.90600395202637 0.0715483948588371 2.50154113769531
1 0 0
1.90600395202637 0.189399525523186 2.74439239501953
1.90600395202637 0.307250648736954 2.62654113769531
1.90600395202637 0.307250648736954 2.65600395202637
1 0 0
1.90600395202637 0.189399525523186 2.74439239501953
1.90600395202637 0.189399525523186 2.77385497093201
1.90600395202637 0.0715483948588371 2.65600395202637
1 0 0
1.90600395202637 0.189399525523186 2.77385497093201
1.90600395202637 0.189399525523186 2.74439239501953
1.90600395202637 0.307250648736954 2.65600395202637
1 0 0
1.90600395202637 0.189399525523186 2.74439239501953
1.90600395202637 0.0715483948588371 2.65600395202637
1.90600395202637 0.0715483948588371 2.62654113769531
1 0 0
1.90600395202637 0.189399525523186 2.86939239501953
1.90600395202637 0.307250648736954 2.75154113769531
1.90600395202637 0.307250648736954 2.78100395202637
1 0 0
1.90600395202637 0.189399525523186 2.86939239501953
1.90600395202637 0.189399525523186 2.89885497093201
1.90600395202637 0.0715483948588371 2.78100395202637
1 0 0
1.90600395202637 0.189399525523186 2.89885497093201
1.90600395202637 0.189399525523186 2.86939239501953
1.90600395202637 0.307250648736954 2.78100395202637
1 0 0
1.90600395202637 0.189399525523186 2.86939239501953
1.90600395202637 0.0715483948588371 2.78100395202637
1.90600395202637 0.0715483948588371 2.75154113769531
1 0 0
1.90600395202637 0.307250648736954 2.87654113769531
1.90600395202637 0.307250648736954 2.90600395202637
1.90600395202637 0.189399525523186 2.99439239501953
1 0 0
1.90600395202637 0.189399525523186 2.99439239501953
1.90600395202637 0.307250648736954 2.90600395202637
1.90600395202637 0.189399525523186 3.02385497093201
1 0 0
1.90600395202637 0.189399525523186 2.99439239501953
1.90600395202637 0.0715483948588371 2.90600395202637
1.90600395202637 0.0715483948588371 2.87654113769531
1 0 0
1.90600395202637 0.0715483948588371 2.90600395202637
1.90600395202637 0.189399525523186 2.99439239501953
1.90600395202637 0.189399525523186 3.02385497093201
1 0 0
1.90600395202637 0.189399525523186 3.11939239501953
1.90600395202637 0.307250648736954 3.00154113769531
1.90600395202637 0.307250648736954 3.03100395202637
1 0 0
1.90600395202637 0.189399525523186 3.11939239501953
1.90600395202637 0.189399525523186 3.14885497093201
1.90600395202637 0.0715483948588371 3.03100395202637
1 0 0
1.90600395202637 0.189399525523186 3.14885497093201
1.90600395202637 0.189399525523186 3.11939239501953
1.90600395202637 0.307250648736954 3.03100395202637
1 0 0
1.90600395202637 0.189399525523186 3.11939239501953
1.90600395202637 0.0715483948588371 3.03100395202637
1.90600395202637 0.0715483948588371 3.00154113769531
1 0 0
1.90600395202637 0.189399525523186 3.24439239501953
1.90600395202637 0.307250648736954 3.12654113769531
1.90600395202637 0.307250648736954 3.15600395202637
1 0 0
1.90600395202637 0.189399525523186 3.24439239501953
1.90600395202637 0.189399525523186 3.27385497093201
1.90600395202637 0.0715483948588371 3.15600395202637
1 0 0
1.90600395202637 0.189399525523186 3.27385497093201
1.90600395202637 0.189399525523186 3.24439239501953
1.90600395202637 0.307250648736954 3.15600395202637
1 0 0
1.90600395202637 0.189399525523186 3.24439239501953
1.90600395202637 0.0715483948588371 3.15600395202637
1.90600395202637 0.0715483948588371 3.12654113769531
1 0 0
1.90600395202637 0.189399525523186 3.36939239501953
1.90600395202637 0.307250648736954 3.25154113769531
1.90600395202637 0.307250648736954 3.28100395202637
1 0 0
1.90600395202637 0.189399525523186 3.36939239501953
1.90600395202637 0.189399525523186 3.39885497093201
1.90600395202637 0.0715483948588371 3.28100395202637
1 0 0
1.90600395202637 0.189399525523186 3.39885497093201
1.90600395202637 0.189399525523186 3.36939239501953
1.90600395202637 0.307250648736954 3.28100395202637
1 0 0
1.90600395202637 0.189399525523186 3.36939239501953
1.90600395202637 0.0715483948588371 3.28100395202637
1.90600395202637 0.0715483948588371 3.25154113769531
1 0 0
1.90600395202637 0.189399525523186 3.49439239501953
1.90600395202637 0.307250648736954 3.37654113769531
1.90600395202637 0.307250648736954 3.40600395202637
1 0 0
1.90600395202637 0.189399525523186 3.49439239501953
1.90600395202637 0.189399525523186 3.52385497093201
1.90600395202637 0.0715483948588371 3.40600395202637
1 0 0
1.90600395202637 0.189399525523186 3.52385497093201
1.90600395202637 0.189399525523186 3.49439239501953
1.90600395202637 0.307250648736954 3.40600395202637
1 0 0
1.90600395202637 0.189399525523186 3.49439239501953
1.90600395202637 0.0715483948588371 3.40600395202637
1.90600395202637 0.0715483948588371 3.37654113769531
1 0 0
1.90600395202637 0.189399525523186 3.61939239501953
1.90600395202637 0.307250648736954 3.50154113769531
1.90600395202637 0.307250648736954 3.53100395202637
1 0 0
1.90600395202637 0.189399525523186 3.61939239501953
1.90600395202637 0.189399525523186 3.64885497093201
1.90600395202637 0.0715483948588371 3.53100395202637
1 0 0
1.90600395202637 0.189399525523186 3.64885497093201
1.90600395202637 0.189399525523186 3.61939239501953
1.90600395202637 0.307250648736954 3.53100395202637
1 0 0
1.90600395202637 0.189399525523186 3.61939239501953
1.90600395202637 0.0715483948588371 3.53100395202637
1.90600395202637 0.0715483948588371 3.50154113769531
1 0 0
1.90600395202637 0.189399525523186 3.74439239501953
1.90600395202637 0.307250648736954 3.62654113769531
1.90600395202637 0.307250648736954 3.65600395202637
1 0 0
1.90600395202637 0.189399525523186 3.74439239501953
1.90600395202637 0.189399525523186 3.77352690696716
1.90600395202637 0.0715483948588371 3.65600395202637
1 0 0
1.90600395202637 0.189399525523186 3.77352690696716
1.90600395202637 0.189399525523186 3.74439239501953
1.90600395202637 0.307250648736954 3.65600395202637
1 0 0
1.90600395202637 0.189399525523186 3.74439239501953
1.90600395202637 0.0715483948588371 3.65600395202637
1.90600395202637 0.0715483948588371 3.62654113769531
1 0 0
1.90600395202637 0.189399525523186 3.86906409263611
1.90600395202637 0.307250648736954 3.75121307373047
1.90600395202637 0.307250648736954 3.78067588806152
1 0 0
1.90600395202637 0.189399525523186 3.86906409263611
1.90600395202637 0.189399525523186 3.89852690696716
1.90600395202637 0.0715483948588371 3.78067588806152
1 0 0
1.90600395202637 0.189399525523186 3.89852690696716
1.90600395202637 0.189399525523186 3.86906409263611
1.90600395202637 0.307250648736954 3.78067588806152
1 0 0
1.90600395202637 0.189399525523186 3.86906409263611
1.90600395202637 0.0715483948588371 3.78067588806152
1.90600395202637 0.0715483948588371 3.75121307373047
1 0 0
-1.90600395202637 0.189399525523186 2.14885497093201
1.90600395202637 0.189399525523186 2.14885497093201
1.90600395202637 0.307250648736954 2.03100395202637
0 0.7071067811862 0.707106781186895
1.90600395202637 0.307250648736954 2.03100395202637
-1.90600395202637 0.307250648736954 2.03100395202637
-1.90600395202637 0.189399525523186 2.14885497093201
0 0.7071067811862 0.707106781186895
-1.90600395202637 0.307250648736954 2.03100395202637
1.90600395202637 0.307250648736954 2.03100395202637
1.90600395202637 0.277787864208221 2.03100395202637
0 0 -1
1.90600395202637 0.277787864208221 2.03100395202637
-1.90600395202637 0.277787864208221 2.03100395202637
-1.90600395202637 0.307250648736954 2.03100395202637
0 0 -1
-1.90600395202637 0.277787864208221 2.03100395202637
1.90600395202637 0.277787864208221 2.03100395202637
1.90600395202637 0.189399525523186 2.11939239501953
0 -0.707106781186089 -0.707106781187006
1.90600395202637 0.189399525523186 2.11939239501953
-1.90600395202637 0.189399525523186 2.11939239501953
-1.90600395202637 0.277787864208221 2.03100395202637
0 -0.707106781186089 -0.707106781187006
-1.90600395202637 0.189399525523186 2.11939239501953
1.90600395202637 0.189399525523186 2.11939239501953
1.90600395202637 0.101011179387569 2.03100395202637
0 0.707106781187006 -0.707106781186089
1.90600395202637 0.101011179387569 2.03100395202637
-1.90600395202637 0.101011179387569 2.03100395202637
-1.90600395202637 0.189399525523186 2.11939239501953
0 0.707106781187006 -0.707106781186089
-1.90600395202637 0.101011179387569 2.03100395202637
1.90600395202637 0.101011179387569 2.03100395202637
1.90600395202637 0.0715483948588371 2.03100395202637
0 0 -1
1.90600395202637 0.0715483948588371 2.03100395202637
-1.90600395202637 0.0715483948588371 2.03100395202637
-1.90600395202637 0.101011179387569 2.03100395202637
0 0 -1
-1.90600395202637 0.0715483948588371 2.03100395202637
1.90600395202637 0.0715483948588371 2.03100395202637
1.90600395202637 0.189399525523186 2.14885497093201
0 -0.707106781186895 0.7071067811862
1.90600395202637 0.189399525523186 2.14885497093201
-1.90600395202637 0.189399525523186 2.14885497093201
-1.90600395202637 0.0715483948588371 2.03100395202637
0 -0.707106781186895 0.7071067811862
-1.90600395202637 0.189399525523186 2.27385497093201
1.90600395202637 0.189399525523186 2.27385497093201
1.90600395202637 0.307250648736954 2.15600395202637
0 0.707106781186283 0.707106781186812
1.90600395202637 0.307250648736954 2.15600395202637
-1.90600395202637 0.307250648736954 2.15600395202637
-1.90600395202637 0.189399525523186 2.27385497093201
0 0.707106781186283 0.707106781186812
-1.90600395202637 0.307250648736954 2.15600395202637
1.90600395202637 0.307250648736954 2.15600395202637
1.90600395202637 0.307250648736954 2.12654113769531
0 1 0
1.90600395202637 0.307250648736954 2.12654113769531
-1.90600395202637 0.307250648736954 2.12654113769531
-1.90600395202637 0.307250648736954 2.15600395202637
0 1 0
-1.90600395202637 0.307250648736954 2.12654113769531
1.90600395202637 0.307250648736954 2.12654113769531
1.90600395202637 0.189399525523186 2.24439239501953
0 -0.707106781186217 -0.707106781186878
1.90600395202637 0.189399525523186 2.24439239501953
-1.90600395202637 0.189399525523186 2.24439239501953
-1.90600395202637 0.307250648736954 2.12654113769531
0 -0.707106781186217 -0.707106781186878
-1.90600395202637 0.189399525523186 2.24439239501953
1.90600395202637 0.189399525523186 2.24439239501953
1.90600395202637 0.0715483948588371 2.12654113769531
0 0.707106781186879 -0.707106781186217
1.90600395202637 0.0715483948588371 2.12654113769531
-1.90600395202637 0.0715483948588371 2.12654113769531
-1.90600395202637 0.189399525523186 2.24439239501953
0 0.707106781186879 -0.707106781186217
-1.90600395202637 0.0715483948588371 2.12654113769531
1.90600395202637 0.0715483948588371 2.12654113769531
1.90600395202637 0.0715483948588371 2.15600395202637
0 -1 0
1.90600395202637 0.0715483948588371 2.15600395202637
-1.90600395202637 0.0715483948588371 2.15600395202637
-1.90600395202637 0.0715483948588371 2.12654113769531
0 -1 0
-1.90600395202637 0.0715483948588371 2.15600395202637
1.90600395202637 0.0715483948588371 2.15600395202637
1.90600395202637 0.189399525523186 2.27385497093201
0 -0.707106781186728 0.707106781186367
1.90600395202637 0.189399525523186 2.27385497093201
-1.90600395202637 0.189399525523186 2.27385497093201
-1.90600395202637 0.0715483948588371 2.15600395202637
0 -0.707106781186728 0.707106781186367
-1.90600395202637 0.189399525523186 2.39885497093201
1.90600395202637 0.189399525523186 2.39885497093201
1.90600395202637 0.307250648736954 2.28100395202637
0 0.707106781186394 0.707106781186701
1.90600395202637 0.307250648736954 2.28100395202637
-1.90600395202637 0.307250648736954 2.28100395202637
-1.90600395202637 0.189399525523186 2.39885497093201
0 0.707106781186394 0.707106781186701
-1.90600395202637 0.307250648736954 2.28100395202637
1.90600395202637 0.307250648736954 2.28100395202637
1.90600395202637 0.307250648736954 2.25154113769531
0 1 0
1.90600395202637 0.307250648736954 2.25154113769531
-1.90600395202637 0.307250648736954 2.25154113769531
-1.90600395202637 0.307250648736954 2.28100395202637
0 1 0
-1.90600395202637 0.307250648736954 2.25154113769531
1.90600395202637 0.307250648736954 2.25154113769531
1.90600395202637 0.189399525523186 2.36939239501953
0 -0.707106781186347 -0.707106781186748
1.90600395202637 0.189399525523186 2.36939239501953
-1.90600395202637 0.189399525523186 2.36939239501953
-1.90600395202637 0.307250648736954 2.25154113769531
0 -0.707106781186347 -0.707106781186748
-1.90600395202637 0.189399525523186 2.36939239501953
1.90600395202637 0.189399525523186 2.36939239501953
1.90600395202637 0.0715483948588371 2.25154113769531
0 0.707106781186748 -0.707106781186347
1.90600395202637 0.0715483948588371 2.25154113769531
-1.90600395202637 0.0715483948588371 2.25154113769531
-1.90600395202637 0.189399525523186 2.36939239501953
0 0.707106781186748 -0.707106781186347
-1.90600395202637 0.0715483948588371 2.25154113769531
1.90600395202637 0.0715483948588371 2.25154113769531
1.90600395202637 0.0715483948588371 2.28100395202637
0 -1 4.71027737604158E-16
1.90600395202637 0.0715483948588371 2.28100395202637
-1.90600395202637 0.0715483948588371 2.28100395202637
-1.90600395202637 0.0715483948588371 2.25154113769531
0 -1 4.71027737604158E-16
-1.90600395202637 0.0715483948588371 2.28100395202637
1.90600395202637 0.0715483948588371 2.28100395202637
1.90600395202637 0.189399525523186 2.39885497093201
0 -0.7071067811866 0.707106781186495
1.90600395202637 0.189399525523186 2.39885497093201
-1.90600395202637 0.189399525523186 2.39885497093201
-1.90600395202637 0.0715483948588371 2.28100395202637
0 -0.7071067811866 0.707106781186495
-1.90600395202637 0.189399525523186 2.52385497093201
1.90600395202637 0.189399525523186 2.52385497093201
1.90600395202637 0.307250648736954 2.40600395202637
0 0.707106781186389 0.707106781186706
1.90600395202637 0.307250648736954 2.40600395202637
-1.90600395202637 0.307250648736954 2.40600395202637
-1.90600395202637 0.189399525523186 2.52385497093201
0 0.707106781186389 0.707106781186706
-1.90600395202637 0.307250648736954 2.40600395202637
1.90600395202637 0.307250648736954 2.40600395202637
1.90600395202637 0.307250648736954 2.37654113769531
0 1 -1.88411095042089E-15
1.90600395202637 0.307250648736954 2.37654113769531
-1.90600395202637 0.307250648736954 2.37654113769531
-1.90600395202637 0.307250648736954 2.40600395202637
0 1 -1.88411095042089E-15
-1.90600395202637 0.307250648736954 2.37654113769531
1.90600395202637 0.307250648736954 2.37654113769531
1.90600395202637 0.189399525523186 2.49439239501953
0 -0.707106781186348 -0.707106781186748
1.90600395202637 0.189399525523186 2.49439239501953
-1.90600395202637 0.189399525523186 2.49439239501953
-1.90600395202637 0.307250648736954 2.37654113769531
0 -0.707106781186348 -0.707106781186748
-1.90600395202637 0.189399525523186 2.49439239501953
1.90600395202637 0.189399525523186 2.49439239501953
1.90600395202637 0.0715483948588371 2.37654113769531
0 0.707106781186704 -0.707106781186391
1.90600395202637 0.0715483948588371 2.37654113769531
-1.90600395202637 0.0715483948588371 2.37654113769531
-1.90600395202637 0.189399525523186 2.49439239501953
0 0.707106781186704 -0.707106781186391
-1.90600395202637 0.0715483948588371 2.37654113769531
1.90600395202637 0.0715483948588371 2.37654113769531
1.90600395202637 0.0715483948588371 2.40600395202637
0 -1 4.23924963844567E-15
1.90600395202637 0.0715483948588371 2.40600395202637
-1.90600395202637 0.0715483948588371 2.40600395202637
-1.90600395202637 0.0715483948588371 2.37654113769531
0 -1 4.23924963844567E-15
-1.90600395202637 0.0715483948588371 2.40600395202637
1.90600395202637 0.0715483948588371 2.40600395202637
1.90600395202637 0.189399525523186 2.52385497093201
0 -0.707106781186718 0.707106781186377
1.90600395202637 0.189399525523186 2.52385497093201
-1.90600395202637 0.189399525523186 2.52385497093201
-1.90600395202637 0.0715483948588371 2.40600395202637
0 -0.707106781186718 0.707106781186377
-1.90600395202637 0.189399525523186 2.64885497093201
1.90600395202637 0.189399525523186 2.64885497093201
1.90600395202637 0.307250648736954 2.53100395202637
0 0.707106781186433 0.707106781186663
1.90600395202637 0.307250648736954 2.53100395202637
-1.90600395202637 0.307250648736954 2.53100395202637
-1.90600395202637 0.189399525523186 2.64885497093201
0 0.707106781186433 0.707106781186663
-1.90600395202637 0.307250648736954 2.53100395202637
1.90600395202637 0.307250648736954 2.53100395202637
1.90600395202637 0.307250648736954 2.50154113769531
0 1 0
1.90600395202637 0.307250648736954 2.50154113769531
-1.90600395202637 0.307250648736954 2.50154113769531
-1.90600395202637 0.307250648736954 2.53100395202637
0 1 0
-1.90600395202637 0.307250648736954 2.50154113769531
1.90600395202637 0.307250648736954 2.50154113769531
1.90600395202637 0.189399525523186 2.61939239501953
0 -0.707106781186418 -0.707106781186677
1.90600395202637 0.189399525523186 2.61939239501953
-1.90600395202637 0.189399525523186 2.61939239501953
-1.90600395202637 0.307250648736954 2.50154113769531
0 -0.707106781186418 -0.707106781186677
-1.90600395202637 0.189399525523186 2.61939239501953
1.90600395202637 0.189399525523186 2.61939239501953
1.90600395202637 0.0715483948588371 2.50154113769531
0 0.707106781186678 -0.707106781186418
1.90600395202637 0.0715483948588371 2.50154113769531
-1.90600395202637 0.0715483948588371 2.50154113769531
-1.90600395202637 0.189399525523186 2.61939239501953
0 0.707106781186678 -0.707106781186418
-1.90600395202637 0.0715483948588371 2.50154113769531
1.90600395202637 0.0715483948588371 2.50154113769531
1.90600395202637 0.0715483948588371 2.53100395202637
0 -1 0
1.90600395202637 0.0715483948588371 2.53100395202637
-1.90600395202637 0.0715483948588371 2.53100395202637
-1.90600395202637 0.0715483948588371 2.50154113769531
0 -1 0
-1.90600395202637 0.0715483948588371 2.53100395202637
1.90600395202637 0.0715483948588371 2.53100395202637
1.90600395202637 0.189399525523186 2.64885497093201
0 -0.707106781185969 0.707106781187126
1.90600395202637 0.189399525523186 2.64885497093201
-1.90600395202637 0.189399525523186 2.64885497093201
-1.90600395202637 0.0715483948588371 2.53100395202637
0 -0.707106781185969 0.707106781187126
-1.90600395202637 0.189399525523186 2.77385497093201
1.90600395202637 0.189399525523186 2.77385497093201
1.90600395202637 0.307250648736954 2.65600395202637
0 0.707106781186483 0.707106781186612
1.90600395202637 0.307250648736954 2.65600395202637
-1.90600395202637 0.307250648736954 2.65600395202637
-1.90600395202637 0.189399525523186 2.77385497093201
0 0.707106781186483 0.707106781186612
-1.90600395202637 0.307250648736954 2.65600395202637
1.90600395202637 0.307250648736954 2.65600395202637
1.90600395202637 0.307250648736954 2.62654113769531
0 1 -1.88411095042035E-15
1.90600395202637 0.307250648736954 2.62654113769531
-1.90600395202637 0.307250648736954 2.62654113769531
-1.90600395202637 0.307250648736954 2.65600395202637
0 1 -1.88411095042035E-15
-1.90600395202637 0.307250648736954 2.62654113769531
1.90600395202637 0.307250648736954 2.62654113769531
1.90600395202637 0.189399525523186 2.74439239501953
0 -0.707106781186461 -0.707106781186635
1.90600395202637 0.189399525523186 2.74439239501953
-1.90600395202637 0.189399525523186 2.74439239501953
-1.90600395202637 0.307250648736954 2.62654113769531
0 -0.707106781186461 -0.707106781186635
-1.90600395202637 0.189399525523186 2.74439239501953
1.90600395202637 0.189399525523186 2.74439239501953
1.90600395202637 0.0715483948588371 2.62654113769531
0 0.707106781186132 -0.707106781186963
1.90600395202637 0.0715483948588371 2.62654113769531
-1.90600395202637 0.0715483948588371 2.62654113769531
-1.90600395202637 0.189399525523186 2.74439239501953
0 0.707106781186132 -0.707106781186963
-1.90600395202637 0.0715483948588371 2.62654113769531
1.90600395202637 0.0715483948588371 2.62654113769531
1.90600395202637 0.0715483948588371 2.65600395202637
0 -1 4.71027737605195E-15
1.90600395202637 0.0715483948588371 2.65600395202637
-1.90600395202637 0.0715483948588371 2.65600395202637
-1.90600395202637 0.0715483948588371 2.62654113769531
0 -1 4.71027737605195E-15
-1.90600395202637 0.0715483948588371 2.65600395202637
1.90600395202637 0.0715483948588371 2.65600395202637
1.90600395202637 0.189399525523186 2.77385497093201
0 -0.707106781186175 0.70710678118692
1.90600395202637 0.189399525523186 2.77385497093201
-1.90600395202637 0.189399525523186 2.77385497093201
-1.90600395202637 0.0715483948588371 2.65600395202637
0 -0.707106781186175 0.70710678118692
-1.90600395202637 0.189399525523186 2.89885497093201
1.90600395202637 0.189399525523186 2.89885497093201
1.90600395202637 0.307250648736954 2.78100395202637
0 0.707106781186517 0.707106781186578
1.90600395202637 0.307250648736954 2.78100395202637
-1.90600395202637 0.307250648736954 2.78100395202637
-1.90600395202637 0.189399525523186 2.89885497093201
0 0.707106781186517 0.707106781186578
-1.90600395202637 0.307250648736954 2.78100395202637
1.90600395202637 0.307250648736954 2.78100395202637
1.90600395202637 0.307250648736954 2.75154113769531
0 1 0
1.90600395202637 0.307250648736954 2.75154113769531
-1.90600395202637 0.307250648736954 2.75154113769531
-1.90600395202637 0.307250648736954 2.78100395202637
0 1 0
-1.90600395202637 0.307250648736954 2.75154113769531
1.90600395202637 0.307250648736954 2.75154113769531
1.90600395202637 0.189399525523186 2.86939239501953
0 -0.707106781186494 -0.707106781186601
1.90600395202637 0.189399525523186 2.86939239501953
-1.90600395202637 0.189399525523186 2.86939239501953
-1.90600395202637 0.307250648736954 2.75154113769531
0 -0.707106781186494 -0.707106781186601
-1.90600395202637 0.189399525523186 2.86939239501953
1.90600395202637 0.189399525523186 2.86939239501953
1.90600395202637 0.0715483948588371 2.75154113769531
0 0.707106781186151 -0.707106781186944
1.90600395202637 0.0715483948588371 2.75154113769531
-1.90600395202637 0.0715483948588371 2.75154113769531
-1.90600395202637 0.189399525523186 2.86939239501953
0 0.707106781186151 -0.707106781186944
-1.90600395202637 0.0715483948588371 2.75154113769531
1.90600395202637 0.0715483948588371 2.75154113769531
1.90600395202637 0.0715483948588371 2.78100395202637
0 -1 1.41308321281541E-15
1.90600395202637 0.0715483948588371 2.78100395202637
-1.90600395202637 0.0715483948588371 2.78100395202637
-1.90600395202637 0.0715483948588371 2.75154113769531
0 -1 1.41308321281541E-15
-1.90600395202637 0.0715483948588371 2.78100395202637
1.90600395202637 0.0715483948588371 2.78100395202637
1.90600395202637 0.189399525523186 2.89885497093201
0 -0.707106781186202 0.707106781186893
1.90600395202637 0.189399525523186 2.89885497093201
-1.90600395202637 0.189399525523186 2.89885497093201
-1.90600395202637 0.0715483948588371 2.78100395202637
0 -0.707106781186202 0.707106781186893
-1.90600395202637 0.189399525523186 3.02385497093201
1.90600395202637 0.189399525523186 3.02385497093201
1.90600395202637 0.307250648736954 2.90600395202637
0 0.707106781186574 0.707106781186521
1.90600395202637 0.307250648736954 2.90600395202637
-1.90600395202637 0.307250648736954 2.90600395202637
-1.90600395202637 0.189399525523186 3.02385497093201
0 0.707106781186574 0.707106781186521
-1.90600395202637 0.307250648736954 2.90600395202637
1.90600395202637 0.307250648736954 2.90600395202637
1.90600395202637 0.307250648736954 2.87654113769531
0 1 -1.88411095042024E-15
1.90600395202637 0.307250648736954 2.87654113769531
-1.90600395202637 0.307250648736954 2.87654113769531
-1.90600395202637 0.307250648736954 2.90600395202637
0 1 -1.88411095042024E-15
-1.90600395202637 0.307250648736954 2.87654113769531
1.90600395202637 0.307250648736954 2.87654113769531
1.90600395202637 0.189399525523186 2.99439239501953
0 -0.707106781186546 -0.707106781186549
1.90600395202637 0.189399525523186 2.99439239501953
-1.90600395202637 0.189399525523186 2.99439239501953
-1.90600395202637 0.307250648736954 2.87654113769531
0 -0.707106781186546 -0.707106781186549
-1.90600395202637 0.189399525523186 2.99439239501953
1.90600395202637 0.189399525523186 2.99439239501953
1.90600395202637 0.0715483948588371 2.87654113769531
0 0.707106781186417 -0.707106781186678
1.90600395202637 0.0715483948588371 2.87654113769531
-1.90600395202637 0.0715483948588371 2.87654113769531
-1.90600395202637 0.189399525523186 2.99439239501953
0 0.707106781186417 -0.707106781186678
-1.90600395202637 0.0715483948588371 2.87654113769531
1.90600395202637 0.0715483948588371 2.87654113769531
1.90600395202637 0.0715483948588371 2.90600395202637
0 -1 -9.4205547520995E-16
1.90600395202637 0.0715483948588371 2.90600395202637
-1.90600395202637 0.0715483948588371 2.90600395202637
-1.90600395202637 0.0715483948588371 2.87654113769531
0 -1 -9.4205547520995E-16
-1.90600395202637 0.0715483948588371 2.90600395202637
1.90600395202637 0.0715483948588371 2.90600395202637
1.90600395202637 0.189399525523186 3.02385497093201
0 -0.707106781186429 0.707106781186666
1.90600395202637 0.189399525523186 3.02385497093201
-1.90600395202637 0.189399525523186 3.02385497093201
-1.90600395202637 0.0715483948588371 2.90600395202637
0 -0.707106781186429 0.707106781186666
-1.90600395202637 0.189399525523186 3.14885497093201
1.90600395202637 0.189399525523186 3.14885497093201
1.90600395202637 0.307250648736954 3.03100395202637
0 0.707106781186568 0.707106781186527
1.90600395202637 0.307250648736954 3.03100395202637
-1.90600395202637 0.307250648736954 3.03100395202637
-1.90600395202637 0.189399525523186 3.14885497093201
0 0.707106781186568 0.707106781186527
-1.90600395202637 0.307250648736954 3.03100395202637
1.90600395202637 0.307250648736954 3.03100395202637
1.90600395202637 0.307250648736954 3.00154113769531
0 1 0
1.90600395202637 0.307250648736954 3.00154113769531
-1.90600395202637 0.307250648736954 3.00154113769531
-1.90600395202637 0.307250648736954 3.03100395202637
0 1 0
-1.90600395202637 0.307250648736954 3.00154113769531
1.90600395202637 0.307250648736954 3.00154113769531
1.90600395202637 0.189399525523186 3.11939239501953
0 -0.707106781186579 -0.707106781186516
1.90600395202637 0.189399525523186 3.11939239501953
-1.90600395202637 0.189399525523186 3.11939239501953
-1.90600395202637 0.307250648736954 3.00154113769531
0 -0.707106781186579 -0.707106781186516
-1.90600395202637 0.189399525523186 3.11939239501953
1.90600395202637 0.189399525523186 3.11939239501953
1.90600395202637 0.0715483948588371 3.00154113769531
0 0.707106781186516 -0.707106781186579
1.90600395202637 0.0715483948588371 3.00154113769531
-1.90600395202637 0.0715483948588371 3.00154113769531
-1.90600395202637 0.189399525523186 3.11939239501953
0 0.707106781186516 -0.707106781186579
-1.90600395202637 0.0715483948588371 3.00154113769531
1.90600395202637 0.0715483948588371 3.00154113769531
1.90600395202637 0.0715483948588371 3.03100395202637
0 -1 0
1.90600395202637 0.0715483948588371 3.03100395202637
-1.90600395202637 0.0715483948588371 3.03100395202637
-1.90600395202637 0.0715483948588371 3.00154113769531
0 -1 0
-1.90600395202637 0.0715483948588371 3.03100395202637
1.90600395202637 0.0715483948588371 3.03100395202637
1.90600395202637 0.189399525523186 3.14885497093201
0 -0.707106781187864 0.707106781185231
1.90600395202637 0.189399525523186 3.14885497093201
-1.90600395202637 0.189399525523186 3.14885497093201
-1.90600395202637 0.0715483948588371 3.03100395202637
0 -0.707106781187864 0.707106781185231
-1.90600395202637 0.189399525523186 3.27385497093201
1.90600395202637 0.189399525523186 3.27385497093201
1.90600395202637 0.307250648736954 3.15600395202637
0 0.707106781186552 0.707106781186543
1.90600395202637 0.307250648736954 3.15600395202637
-1.90600395202637 0.307250648736954 3.15600395202637
-1.90600395202637 0.189399525523186 3.27385497093201
0 0.707106781186552 0.707106781186543
-1.90600395202637 0.307250648736954 3.15600395202637
1.90600395202637 0.307250648736954 3.15600395202637
1.90600395202637 0.307250648736954 3.12654113769531
0 1 3.76822190083986E-15
1.90600395202637 0.307250648736954 3.12654113769531
-1.90600395202637 0.307250648736954 3.12654113769531
-1.90600395202637 0.307250648736954 3.15600395202637
0 1 3.76822190083986E-15
-1.90600395202637 0.307250648736954 3.12654113769531
1.90600395202637 0.307250648736954 3.12654113769531
1.90600395202637 0.189399525523186 3.24439239501953
0 -0.707106781186533 -0.707106781186562
1.90600395202637 0.189399525523186 3.24439239501953
-1.90600395202637 0.189399525523186 3.24439239501953
-1.90600395202637 0.307250648736954 3.12654113769531
0 -0.707106781186533 -0.707106781186562
-1.90600395202637 0.189399525523186 3.24439239501953
1.90600395202637 0.189399525523186 3.24439239501953
1.90600395202637 0.0715483948588371 3.12654113769531
0 0.707106781187892 -0.707106781185203
1.90600395202637 0.0715483948588371 3.12654113769531
-1.90600395202637 0.0715483948588371 3.12654113769531
-1.90600395202637 0.189399525523186 3.24439239501953
0 0.707106781187892 -0.707106781185203
-1.90600395202637 0.0715483948588371 3.12654113769531
1.90600395202637 0.0715483948588371 3.12654113769531
1.90600395202637 0.0715483948588371 3.15600395202637
0 -1 -9.42055475210447E-16
1.90600395202637 0.0715483948588371 3.15600395202637
-1.90600395202637 0.0715483948588371 3.15600395202637
-1.90600395202637 0.0715483948588371 3.12654113769531
0 -1 -9.42055475210447E-16
-1.90600395202637 0.0715483948588371 3.15600395202637
1.90600395202637 0.0715483948588371 3.15600395202637
1.90600395202637 0.189399525523186 3.27385497093201
0 -0.707106781187956 0.707106781185139
1.90600395202637 0.189399525523186 3.27385497093201
-1.90600395202637 0.189399525523186 3.27385497093201
-1.90600395202637 0.0715483948588371 3.15600395202637
0 -0.707106781187956 0.707106781185139
-1.90600395202637 0.189399525523186 3.39885497093201
1.90600395202637 0.189399525523186 3.39885497093201
1.90600395202637 0.307250648736954 3.28100395202637
0 0.707106781186615 0.70710678118648
1.90600395202637 0.307250648736954 3.28100395202637
-1.90600395202637 0.307250648736954 3.28100395202637
-1.90600395202637 0.189399525523186 3.39885497093201
0 0.707106781186615 0.70710678118648
-1.90600395202637 0.307250648736954 3.28100395202637
1.90600395202637 0.307250648736954 3.28100395202637
1.90600395202637 0.307250648736954 3.25154113769531
0 1 3.76822190083952E-15
1.90600395202637 0.307250648736954 3.25154113769531
-1.90600395202637 0.307250648736954 3.25154113769531
-1.90600395202637 0.307250648736954 3.28100395202637
0 1 3.76822190083952E-15
-1.90600395202637 0.307250648736954 3.25154113769531
1.90600395202637 0.307250648736954 3.25154113769531
1.90600395202637 0.189399525523186 3.36939239501953
0 -0.707106781186631 -0.707106781186464
1.90600395202637 0.189399525523186 3.36939239501953
-1.90600395202637 0.189399525523186 3.36939239501953
-1.90600395202637 0.307250648736954 3.25154113769531
0 -0.707106781186631 -0.707106781186464
-1.90600395202637 0.189399525523186 3.36939239501953
1.90600395202637 0.189399525523186 3.36939239501953
1.90600395202637 0.0715483948588371 3.25154113769531
0 0.70710678118772 -0.707106781185375
1.90600395202637 0.0715483948588371 3.25154113769531
-1.90600395202637 0.0715483948588371 3.25154113769531
-1.90600395202637 0.189399525523186 3.36939239501953
0 0.70710678118772 -0.707106781185375
-1.90600395202637 0.0715483948588371 3.25154113769531
1.90600395202637 0.0715483948588371 3.25154113769531
1.90600395202637 0.0715483948588371 3.28100395202637
0 -1 -2.35513868802633E-15
1.90600395202637 0.0715483948588371 3.28100395202637
-1.90600395202637 0.0715483948588371 3.28100395202637
-1.90600395202637 0.0715483948588371 3.25154113769531
0 -1 -2.35513868802633E-15
-1.90600395202637 0.0715483948588371 3.28100395202637
1.90600395202637 0.0715483948588371 3.28100395202637
1.90600395202637 0.189399525523186 3.39885497093201
0 -0.707106781187765 0.70710678118533
1.90600395202637 0.189399525523186 3.39885497093201
-1.90600395202637 0.189399525523186 3.39885497093201
-1.90600395202637 0.0715483948588371 3.28100395202637
0 -0.707106781187765 0.70710678118533
-1.90600395202637 0.189399525523186 3.52385497093201
1.90600395202637 0.189399525523186 3.52385497093201
1.90600395202637 0.307250648736954 3.40600395202637
0 0.707106781186597 0.707106781186498
1.90600395202637 0.307250648736954 3.40600395202637
-1.90600395202637 0.307250648736954 3.40600395202637
-1.90600395202637 0.189399525523186 3.52385497093201
0 0.707106781186597 0.707106781186498
-1.90600395202637 0.307250648736954 3.40600395202637
1.90600395202637 0.307250648736954 3.40600395202637
1.90600395202637 0.307250648736954 3.37654113769531
0 1 -1.88411095041987E-15
1.90600395202637 0.307250648736954 3.37654113769531
-1.90600395202637 0.307250648736954 3.37654113769531
-1.90600395202637 0.307250648736954 3.40600395202637
0 1 -1.88411095041987E-15
-1.90600395202637 0.307250648736954 3.37654113769531
1.90600395202637 0.307250648736954 3.37654113769531
1.90600395202637 0.189399525523186 3.49439239501953
0 -0.707106781186613 -0.707106781186482
1.90600395202637 0.189399525523186 3.49439239501953
-1.90600395202637 0.189399525523186 3.49439239501953
-1.90600395202637 0.307250648736954 3.37654113769531
0 -0.707106781186613 -0.707106781186482
-1.90600395202637 0.189399525523186 3.49439239501953
1.90600395202637 0.189399525523186 3.49439239501953
1.90600395202637 0.0715483948588371 3.37654113769531
0 0.707106781187893 -0.707106781185202
1.90600395202637 0.0715483948588371 3.37654113769531
-1.90600395202637 0.0715483948588371 3.37654113769531
-1.90600395202637 0.189399525523186 3.49439239501953
0 0.707106781187893 -0.707106781185202
-1.90600395202637 0.0715483948588371 3.37654113769531
1.90600395202637 0.0715483948588371 3.37654113769531
1.90600395202637 0.0715483948588371 3.40600395202637
0 -1 1.88411095041993E-15
1.90600395202637 0.0715483948588371 3.40600395202637
-1.90600395202637 0.0715483948588371 3.40600395202637
-1.90600395202637 0.0715483948588371 3.37654113769531
0 -1 1.88411095041993E-15
-1.90600395202637 0.0715483948588371 3.40600395202637
1.90600395202637 0.0715483948588371 3.40600395202637
1.90600395202637 0.189399525523186 3.52385497093201
0 -0.70710678118788 0.707106781185215
1.90600395202637 0.189399525523186 3.52385497093201
-1.90600395202637 0.189399525523186 3.52385497093201
-1.90600395202637 0.0715483948588371 3.40600395202637
0 -0.70710678118788 0.707106781185215
-1.90600395202637 0.189399525523186 3.64885497093201
1.90600395202637 0.189399525523186 3.64885497093201
1.90600395202637 0.307250648736954 3.53100395202637
0 0.707106781186636 0.707106781186459
1.90600395202637 0.307250648736954 3.53100395202637
-1.90600395202637 0.307250648736954 3.53100395202637
-1.90600395202637 0.189399525523186 3.64885497093201
0 0.707106781186636 0.707106781186459
-1.90600395202637 0.307250648736954 3.53100395202637
1.90600395202637 0.307250648736954 3.53100395202637
1.90600395202637 0.307250648736954 3.50154113769531
0 1 0
1.90600395202637 0.307250648736954 3.50154113769531
-1.90600395202637 0.307250648736954 3.50154113769531
-1.90600395202637 0.307250648736954 3.53100395202637
0 1 0
-1.90600395202637 0.307250648736954 3.50154113769531
1.90600395202637 0.307250648736954 3.50154113769531
1.90600395202637 0.189399525523186 3.61939239501953
0 -0.707106781186636 -0.707106781186459
1.90600395202637 0.189399525523186 3.61939239501953
-1.90600395202637 0.189399525523186 3.61939239501953
-1.90600395202637 0.307250648736954 3.50154113769531
0 -0.707106781186636 -0.707106781186459
-1.90600395202637 0.189399525523186 3.61939239501953
1.90600395202637 0.189399525523186 3.61939239501953
1.90600395202637 0.0715483948588371 3.50154113769531
0 0.70710678118811 -0.707106781184985
1.90600395202637 0.0715483948588371 3.50154113769531
-1.90600395202637 0.0715483948588371 3.50154113769531
-1.90600395202637 0.189399525523186 3.61939239501953
0 0.70710678118811 -0.707106781184985
-1.90600395202637 0.0715483948588371 3.50154113769531
1.90600395202637 0.0715483948588371 3.50154113769531
1.90600395202637 0.0715483948588371 3.53100395202637
0 -1 9.42055475209907E-15
1.90600395202637 0.0715483948588371 3.53100395202637
-1.90600395202637 0.0715483948588371 3.53100395202637
-1.90600395202637 0.0715483948588371 3.50154113769531
0 -1 9.42055475209907E-15
-1.90600395202637 0.0715483948588371 3.53100395202637
1.90600395202637 0.0715483948588371 3.53100395202637
1.90600395202637 0.189399525523186 3.64885497093201
0 -0.707106781188111 0.707106781184984
1.90600395202637 0.189399525523186 3.64885497093201
-1.90600395202637 0.189399525523186 3.64885497093201
-1.90600395202637 0.0715483948588371 3.53100395202637
0 -0.707106781188111 0.707106781184984
-1.90600395202637 0.189399525523186 3.77352690696716
1.90600395202637 0.189399525523186 3.77352690696716
1.90600395202637 0.307250648736954 3.65600395202637
0 0.706120471322756 0.70809171720825
1.90600395202637 0.307250648736954 3.65600395202637
-1.90600395202637 0.307250648736954 3.65600395202637
-1.90600395202637 0.189399525523186 3.77352690696716
0 0.706120471322756 0.70809171720825
-1.90600395202637 0.307250648736954 3.65600395202637
1.90600395202637 0.307250648736954 3.65600395202637
1.90600395202637 0.307250648736954 3.62654113769531
0 1 -1.88411095042072E-15
1.90600395202637 0.307250648736954 3.62654113769531
-1.90600395202637 0.307250648736954 3.62654113769531
-1.90600395202637 0.307250648736954 3.65600395202637
0 1 -1.88411095042072E-15
-1.90600395202637 0.307250648736954 3.62654113769531
1.90600395202637 0.307250648736954 3.62654113769531
1.90600395202637 0.189399525523186 3.74439239501953
0 -0.707106781186569 -0.707106781186526
1.90600395202637 0.189399525523186 3.74439239501953
-1.90600395202637 0.189399525523186 3.74439239501953
-1.90600395202637 0.307250648736954 3.62654113769531
0 -0.707106781186569 -0.707106781186526
-1.90600395202637 0.189399525523186 3.74439239501953
1.90600395202637 0.189399525523186 3.74439239501953
1.90600395202637 0.0715483948588371 3.62654113769531
0 0.707106781188125 -0.70710678118497
1.90600395202637 0.0715483948588371 3.62654113769531
-1.90600395202637 0.0715483948588371 3.62654113769531
-1.90600395202637 0.189399525523186 3.74439239501953
0 0.707106781188125 -0.70710678118497
-1.90600395202637 0.0715483948588371 3.62654113769531
1.90600395202637 0.0715483948588371 3.62654113769531
1.90600395202637 0.0715483948588371 3.65600395202637
0 -1 4.71027737605167E-16
1.90600395202637 0.0715483948588371 3.65600395202637
-1.90600395202637 0.0715483948588371 3.65600395202637
-1.90600395202637 0.0715483948588371 3.62654113769531
0 -1 4.71027737605167E-16
-1.90600395202637 0.0715483948588371 3.65600395202637
1.90600395202637 0.0715483948588371 3.65600395202637
1.90600395202637 0.189399525523186 3.77352690696716
0 -0.706120471324312 0.708091717206699
1.90600395202637 0.189399525523186 3.77352690696716
-1.90600395202637 0.189399525523186 3.77352690696716
-1.90600395202637 0.0715483948588371 3.65600395202637
0 -0.706120471324312 0.708091717206699
-1.90600395202637 0.189399525523186 3.89852690696716
1.90600395202637 0.189399525523186 3.89852690696716
1.90600395202637 0.307250648736954 3.78067588806152
0 0.707106781186556 0.707106781186539
1.90600395202637 0.307250648736954 3.78067588806152
-1.90600395202637 0.307250648736954 3.78067588806152
-1.90600395202637 0.189399525523186 3.89852690696716
0 0.707106781186556 0.707106781186539
-1.90600395202637 0.307250648736954 3.78067588806152
1.90600395202637 0.307250648736954 3.78067588806152
1.90600395202637 0.307250648736954 3.75121307373047
0 1 3.76822190084076E-15
1.90600395202637 0.307250648736954 3.75121307373047
-1.90600395202637 0.307250648736954 3.75121307373047
-1.90600395202637 0.307250648736954 3.78067588806152
0 1 3.76822190084076E-15
-1.90600395202637 0.307250648736954 3.75121307373047
1.90600395202637 0.307250648736954 3.75121307373047
1.90600395202637 0.189399525523186 3.86906409263611
0 -0.707106781186561 -0.707106781186534
1.90600395202637 0.189399525523186 3.86906409263611
-1.90600395202637 0.189399525523186 3.86906409263611
-1.90600395202637 0.307250648736954 3.75121307373047
0 -0.707106781186561 -0.707106781186534
-1.90600395202637 0.189399525523186 3.86906409263611
1.90600395202637 0.189399525523186 3.86906409263611
1.90600395202637 0.0715483948588371 3.75121307373047
0 0.707106781188014 -0.707106781185081
1.90600395202637 0.0715483948588371 3.75121307373047
-1.90600395202637 0.0715483948588371 3.75121307373047
-1.90600395202637 0.189399525523186 3.86906409263611
0 0.707106781188014 -0.707106781185081
-1.90600395202637 0.0715483948588371 3.75121307373047
1.90600395202637 0.0715483948588371 3.75121307373047
1.90600395202637 0.0715483948588371 3.78067588806152
0 -1 9.89158248971118E-15
1.90600395202637 0.0715483948588371 3.78067588806152
-1.90600395202637 0.0715483948588371 3.78067588806152
-1.90600395202637 0.0715483948588371 3.75121307373047
0 -1 9.89158248971118E-15
-1.90600395202637 0.0715483948588371 3.78067588806152
1.90600395202637 0.0715483948588371 3.78067588806152
1.90600395202637 0.189399525523186 3.89852690696716
0 -0.707106781188047 0.707106781185048
1.90600395202637 0.189399525523186 3.89852690696716
-1.90600395202637 0.189399525523186 3.89852690696716
-1.90600395202637 0.0715483948588371 3.78067588806152
0 -0.707106781188047 0.707106781185048
[LEVEL]
6F
[HEADER]
441230,AG1 1200*600,1590
29.9008140092643 4.39336747188966 54.4619422572178
1
1.63451642158249E-15 1 0
-1 1.63451642158249E-15 0
0 0 1
2.03067588806152 0.349901586771011 4.03067588806152
1.90600395202637 0.349901586771011 3.90600395202637
-1.90600395202637 0.349901586771011 3.90600395202637
0 1 0
1.90600395202637 0.349901586771011 3.90600395202637
2.03067588806152 0.349901586771011 4.03067588806152
1.90600395202637 0.349901586771011 2.03100395202637
0 1 0
-2.03067588806152 0.349901586771011 4.03067588806152
-1.90600395202637 0.349901586771011 3.90600395202637
-1.90600395202637 0.349901586771011 2.03100395202637
0 1 0
-1.90600395202637 0.349901586771011 3.90600395202637
-2.03067588806152 0.349901586771011 4.03067588806152
2.03067588806152 0.349901586771011 4.03067588806152
0 1 0
1.90600395202637 0.349901586771011 2.03100395202637
2.03067588806152 0.349901586771011 1.90633201599121
-1.90600395202637 0.349901586771011 2.03100395202637
0 1 0
2.03067588806152 0.349901586771011 1.90633201599121
1.90600395202637 0.349901586771011 2.03100395202637
2.03067588806152 0.349901586771011 4.03067588806152
0 1 0
-1.90600395202637 0.349901586771011 2.03100395202637
-2.03067588806152 0.349901586771011 1.90633201599121
-2.03067588806152 0.349901586771011 4.03067588806152
0 1 0
-2.03067588806152 0.349901586771011 1.90633201599121
-1.90600395202637 0.349901586771011 2.03100395202637
2.03067588806152 0.349901586771011 1.90633201599121
0 1 0
2.03067588806152 0.307250648736954 1.90633201599121
1.90600395202637 0.307250648736954 2.03100395202637
-1.90600395202637 0.307250648736954 2.03100395202637
0 -1 0
1.90600395202637 0.307250648736954 2.03100395202637
2.03067588806152 0.307250648736954 1.90633201599121
1.90600395202637 0.307250648736954 3.90600395202637
0 -1 0
-2.03067588806152 0.307250648736954 1.90633201599121
-1.90600395202637 0.307250648736954 2.03100395202637
-1.90600395202637 0.307250648736954 3.90600395202637
0 -1 0
-1.90600395202637 0.307250648736954 2.03100395202637
-2.03067588806152 0.307250648736954 1.90633201599121
2.03067588806152 0.307250648736954 1.90633201599121
0 -1 0
1.90600395202637 0.307250648736954 3.90600395202637
2.03067588806152 0.307250648736954 4.03067588806152
-1.90600395202637 0.307250648736954 3.90600395202637
0 -1 0
2.03067588806152 0.307250648736954 4.03067588806152
1.90600395202637 0.307250648736954 3.90600395202637
2.03067588806152 0.307250648736954 1.90633201599121
0 -1 0
-1.90600395202637 0.307250648736954 3.90600395202637
-2.03067588806152 0.307250648736954 4.03067588806152
-2.03067588806152 0.307250648736954 1.90633201599121
0 -1 0
-2.03067588806152 0.307250648736954 4.03067588806152
-1.90600395202637 0.307250648736954 3.90600395202637
2.03067588806152 0.307250648736954 4.03067588806152
0 -1 0
-1.90600395202637 0.349901586771011 3.90600395202637
-1.90600395202637 0.307250648736954 3.90600395202637
-1.90600395202637 0.307250648736954 2.03100395202637
1 0 1.18423789293347E-16
-1.90600395202637 0.307250648736954 2.03100395202637
-1.90600395202637 0.349901586771011 2.03100395202637
-1.90600395202637 0.349901586771011 3.90600395202637
1 0 1.18423789293347E-16
-1.90600395202637 0.349901586771011 2.03100395202637
-1.90600395202637 0.307250648736954 2.03100395202637
1.90600395202637 0.307250648736954 2.03100395202637
0 0 1
1.90600395202637 0.307250648736954 2.03100395202637
1.90600395202637 0.349901586771011 2.03100395202637
-1.90600395202637 0.349901586771011 2.03100395202637
0 0 1
1.90600395202637 0.349901586771011 2.03100395202637
1.90600395202637 0.307250648736954 2.03100395202637
1.90600395202637 0.307250648736954 3.90600395202637
-1 0 0
1.90600395202637 0.307250648736954 3.90600395202637
1.90600395202637 0.349901586771011 3.90600395202637
1.90600395202637 0.349901586771011 2.03100395202637
-1 0 0
1.90600395202637 0.349901586771011 3.90600395202637
1.90600395202637 0.307250648736954 3.90600395202637
-1.90600395202637 0.307250648736954 3.90600395202637
0 0 -1
-1.90600395202637 0.307250648736954 3.90600395202637
-1.90600395202637 0.349901586771011 3.90600395202637
1.90600395202637 0.349901586771011 3.90600395202637
0 0 -1
-2.03067588806152 0.349901586771011 4.03067588806152
-2.03067588806152 0.307250648736954 4.03067588806152
2.03067588806152 0.307250648736954 4.03067588806152
0 0 1
2.03067588806152 0.307250648736954 4.03067588806152
2.03067588806152 0.349901586771011 4.03067588806152
-2.03067588806152 0.349901586771011 4.03067588806152
0 0 1
2.03067588806152 0.349901586771011 4.03067588806152
2.03067588806152 0.307250648736954 4.03067588806152
2.03067588806152 0.307250648736954 1.90633201599121
1 0 0
2.03067588806152 0.307250648736954 1.90633201599121
2.03067588806152 0.349901586771011 1.90633201599121
2.03067588806152 0.349901586771011 4.03067588806152
1 0 0
2.03067588806152 0.349901586771011 1.90633201599121
2.03067588806152 0.307250648736954 1.90633201599121
-2.03067588806152 0.307250648736954 1.90633201599121
-5.46725871081272E-17 0 -1
-2.03067588806152 0.307250648736954 1.90633201599121
-2.03067588806152 0.349901586771011 1.90633201599121
2.03067588806152 0.349901586771011 1.90633201599121
-5.46725871081272E-17 0 -1
-2.03067588806152 0.349901586771011 1.90633201599121
-2.03067588806152 0.307250648736954 1.90633201599121
-2.03067588806152 0.307250648736954 4.03067588806152
-1 0 -2.09047708358755E-16
-2.03067588806152 0.307250648736954 4.03067588806152
-2.03067588806152 0.349901586771011 4.03067588806152
-2.03067588806152 0.349901586771011 1.90633201599121
-1 0 -2.09047708358755E-16
-2.03067588806152 -0.391568243503571 4.03067588806152
-1.90600395202637 -0.391568243503571 3.90600395202637
1.90600395202637 -0.391568243503571 3.90600395202637
0 -1 0
-1.90600395202637 -0.391568243503571 3.90600395202637
-2.03067588806152 -0.391568243503571 4.03067588806152
-1.90600395202637 -0.391568243503571 2.03100395202637
0 -1 0
2.03067588806152 -0.391568243503571 4.03067588806152
1.90600395202637 -0.391568243503571 3.90600395202637
1.90600395202637 -0.391568243503571 2.03100395202637
0 -1 0
1.90600395202637 -0.391568243503571 3.90600395202637
2.03067588806152 -0.391568243503571 4.03067588806152
-2.03067588806152 -0.391568243503571 4.03067588806152
0 -1 0
-1.90600395202637 -0.391568243503571 2.03100395202637
-2.03067588806152 -0.391568243503571 1.90633201599121
1.90600395202637 -0.391568243503571 2.03100395202637
0 -1 0
-2.03067588806152 -0.391568243503571 1.90633201599121
-1.90600395202637 -0.391568243503571 2.03100395202637
-2.03067588806152 -0.391568243503571 4.03067588806152
0 -1 0
1.90600395202637 -0.391568243503571 2.03100395202637
2.03067588806152 -0.391568243503571 1.90633201599121
2.03067588806152 -0.391568243503571 4.03067588806152
0 -1 0
2.03067588806152 -0.391568243503571 1.90633201599121
1.90600395202637 -0.391568243503571 2.03100395202637
-2.03067588806152 -0.391568243503571 1.90633201599121
0 -1 0
-2.03067588806152 -0.348917335271835 1.90633201599121
-1.90600395202637 -0.348917335271835 2.03100395202637
1.90600395202637 -0.348917335271835 2.03100395202637
0 1 0
-1.90600395202637 -0.348917335271835 2.03100395202637
-2.03067588806152 -0.348917335271835 1.90633201599121
-1.90600395202637 -0.348917335271835 3.90600395202637
0 1 0
2.03067588806152 -0.348917335271835 1.90633201599121
1.90600395202637 -0.348917335271835 2.03100395202637
1.90600395202637 -0.348917335271835 3.90600395202637
0 1 0
1.90600395202637 -0.348917335271835 2.03100395202637
2.03067588806152 -0.348917335271835 1.90633201599121
-2.03067588806152 -0.348917335271835 1.90633201599121
0 1 0
-1.90600395202637 -0.348917335271835 3.90600395202637
-2.03067588806152 -0.348917335271835 4.03067588806152
1.90600395202637 -0.348917335271835 3.90600395202637
0 1 0
-2.03067588806152 -0.348917335271835 4.03067588806152
-1.90600395202637 -0.348917335271835 3.90600395202637
-2.03067588806152 -0.348917335271835 1.90633201599121
0 1 0
1.90600395202637 -0.348917335271835 3.90600395202637
2.03067588806152 -0.348917335271835 4.03067588806152
2.03067588806152 -0.348917335271835 1.90633201599121
0 1 0
2.03067588806152 -0.348917335271835 4.03067588806152
1.90600395202637 -0.348917335271835 3.90600395202637
-2.03067588806152 -0.348917335271835 4.03067588806152
0 1 0
1.90600395202637 -0.391568243503571 3.90600395202637
1.90600395202637 -0.348917335271835 3.90600395202637
1.90600395202637 -0.348917335271835 2.03100395202637
-1 0 0
1.90600395202637 -0.348917335271835 2.03100395202637
1.90600395202637 -0.391568243503571 2.03100395202637
1.90600395202637 -0.391568243503571 3.90600395202637
-1 0 0
1.90600395202637 -0.391568243503571 2.03100395202637
1.90600395202637 -0.348917335271835 2.03100395202637
-1.90600395202637 -0.348917335271835 2.03100395202637
0 0 1
-1.90600395202637 -0.348917335271835 2.03100395202637
-1.90600395202637 -0.391568243503571 2.03100395202637
1.90600395202637 -0.391568243503571 2.03100395202637
0 0 1
-1.90600395202637 -0.391568243503571 2.03100395202637
-1.90600395202637 -0.348917335271835 2.03100395202637
-1.90600395202637 -0.348917335271835 3.90600395202637
1 0 0
-1.90600395202637 -0.348917335271835 3.90600395202637
-1.90600395202637 -0.391568243503571 3.90600395202637
-1.90600395202637 -0.391568243503571 2.03100395202637
1 0 0
-1.90600395202637 -0.391568243503571 3.90600395202637
-1.90600395202637 -0.348917335271835 3.90600395202637
1.90600395202637 -0.348917335271835 3.90600395202637
0 0 -1
1.90600395202637 -0.348917335271835 3.90600395202637
1.90600395202637 -0.391568243503571 3.90600395202637
-1.90600395202637 -0.391568243503571 3.90600395202637
0 0 -1
2.03067588806152 -0.391568243503571 4.03067588806152
2.03067588806152 -0.348917335271835 4.03067588806152
-2.03067588806152 -0.348917335271835 4.03067588806152
0 0 1
-2.03067588806152 -0.348917335271835 4.03067588806152
-2.03067588806152 -0.391568243503571 4.03067588806152
2.03067588806152 -0.391568243503571 4.03067588806152
0 0 1
-2.03067588806152 -0.391568243503571 4.03067588806152
-2.03067588806152 -0.348917335271835 4.03067588806152
-2.03067588806152 -0.348917335271835 1.90633201599121
-1 0 0
-2.03067588806152 -0.348917335271835 1.90633201599121
-2.03067588806152 -0.391568243503571 1.90633201599121
-2.03067588806152 -0.391568243503571 4.03067588806152
-1 0 0
-2.03067588806152 -0.391568243503571 1.90633201599121
-2.03067588806152 -0.348917335271835 1.90633201599121
2.03067588806152 -0.348917335271835 1.90633201599121
5.4672587108127E-17 0 -1
2.03067588806152 -0.348917335271835 1.90633201599121
2.03067588806152 -0.391568243503571 1.90633201599121
-2.03067588806152 -0.391568243503571 1.90633201599121
5.4672587108127E-17 0 -1
2.03067588806152 -0.391568243503571 1.90633201599121
2.03067588806152 -0.348917335271835 1.90633201599121
2.03067588806152 -0.348917335271835 4.03067588806152
1 0 -2.09047708358754E-16
2.03067588806152 -0.348917335271835 4.03067588806152
2.03067588806152 -0.391568243503571 4.03067588806152
2.03067588806152 -0.391568243503571 1.90633201599121
1 0 -2.09047708358754E-16
1.96850395202637 -0.348917335271835 3.96850395202637
1.90600395202637 -0.348917335271835 3.90600395202637
1.90600395202637 -0.348917335271835 2.03100395202637
0 -1 0
1.90600395202637 -0.348917335271835 3.90600395202637
1.96850395202637 -0.348917335271835 3.96850395202637
-1.90600395202637 -0.348917335271835 3.90600395202637
0 -1 0
1.96850395202637 -0.348917335271835 1.96850395202637
1.90600395202637 -0.348917335271835 2.03100395202637
-1.90600395202637 -0.348917335271835 2.03100395202637
0 -1 0
1.90600395202637 -0.348917335271835 2.03100395202637
1.96850395202637 -0.348917335271835 1.96850395202637
1.96850395202637 -0.348917335271835 3.96850395202637
0 -1 0
-1.90600395202637 -0.348917335271835 3.90600395202637
-1.96850395202637 -0.348917335271835 3.96850395202637
-1.90600395202637 -0.348917335271835 2.03100395202637
0 -1 0
-1.96850395202637 -0.348917335271835 3.96850395202637
-1.90600395202637 -0.348917335271835 3.90600395202637
1.96850395202637 -0.348917335271835 3.96850395202637
0 -1 0
-1.90600395202637 -0.348917335271835 2.03100395202637
-1.96850395202637 -0.348917335271835 1.96850395202637
1.96850395202637 -0.348917335271835 1.96850395202637
0 -1 0
-1.96850395202637 -0.348917335271835 1.96850395202637
-1.90600395202637 -0.348917335271835 2.03100395202637
-1.96850395202637 -0.348917335271835 3.96850395202637
0 -1 0
-1.96850395202637 0.307250648736954 3.96850395202637
-1.90600395202637 0.307250648736954 3.90600395202637
-1.90600395202637 0.307250648736954 2.03100395202637
0 1 0
-1.90600395202637 0.307250648736954 3.90600395202637
-1.96850395202637 0.307250648736954 3.96850395202637
1.90600395202637 0.307250648736954 3.90600395202637
0 1 0
-1.96850395202637 0.307250648736954 1.96850395202637
-1.90600395202637 0.307250648736954 2.03100395202637
1.90600395202637 0.307250648736954 2.03100395202637
0 1 0
-1.90600395202637 0.307250648736954 2.03100395202637
-1.96850395202637 0.307250648736954 1.96850395202637
-1.96850395202637 0.307250648736954 3.96850395202637
0 1 0
1.90600395202637 0.307250648736954 3.90600395202637
1.96850395202637 0.307250648736954 3.96850395202637
1.90600395202637 0.307250648736954 2.03100395202637
0 1 0
1.96850395202637 0.307250648736954 3.96850395202637
1.90600395202637 0.307250648736954 3.90600395202637
-1.96850395202637 0.307250648736954 3.96850395202637
0 1 0
1.90600395202637 0.307250648736954 2.03100395202637
1.96850395202637 0.307250648736954 1.96850395202637
-1.96850395202637 0.307250648736954 1.96850395202637
0 1 0
1.96850395202637 0.307250648736954 1.96850395202637
1.90600395202637 0.307250648736954 2.03100395202637
1.96850395202637 0.307250648736954 3.96850395202637
0 1 0
1.96850395202637 -0.348917335271835 3.96850395202637
1.96850395202637 0.307250648736954 3.96850395202637
-1.96850395202637 0.307250648736954 3.96850395202637
0 0 1
-1.96850395202637 0.307250648736954 3.96850395202637
-1.96850395202637 -0.348917335271835 3.96850395202637
1.96850395202637 -0.348917335271835 3.96850395202637
0 0 1
-1.96850395202637 -0.348917335271835 3.96850395202637
-1.96850395202637 0.307250648736954 3.96850395202637
-1.96850395202637 0.307250648736954 1.96850395202637
-1 0 0
-1.96850395202637 0.307250648736954 1.96850395202637
-1.96850395202637 -0.348917335271835 1.96850395202637
-1.96850395202637 -0.348917335271835 3.96850395202637
-1 0 0
-1.96850395202637 -0.348917335271835 1.96850395202637
-1.96850395202637 0.307250648736954 1.96850395202637
1.96850395202637 0.307250648736954 1.96850395202637
0 0 -1
1.96850395202637 0.307250648736954 1.96850395202637
1.96850395202637 -0.348917335271835 1.96850395202637
-1.96850395202637 -0.348917335271835 1.96850395202637
0 0 -1
1.96850395202637 -0.348917335271835 1.96850395202637
1.96850395202637 0.307250648736954 1.96850395202637
1.96850395202637 0.307250648736954 3.96850395202637
1 0 0
1.96850395202637 0.307250648736954 3.96850395202637
1.96850395202637 -0.348917335271835 3.96850395202637
1.96850395202637 -0.348917335271835 1.96850395202637
1 0 0
1.90600395202637 -0.348917335271835 3.90600395202637
1.90600395202637 0.307250648736954 3.90600395202637
1.90600395202637 0.307250648736954 2.03100395202637
-1 0 0
1.90600395202637 0.307250648736954 2.03100395202637
1.90600395202637 -0.348917335271835 2.03100395202637
1.90600395202637 -0.348917335271835 3.90600395202637
-1 0 0
1.90600395202637 -0.348917335271835 2.03100395202637
1.90600395202637 0.307250648736954 2.03100395202637
-1.90600395202637 0.307250648736954 2.03100395202637
0 0 1
-1.90600395202637 0.307250648736954 2.03100395202637
-1.90600395202637 -0.348917335271835 2.03100395202637
1.90600395202637 -0.348917335271835 2.03100395202637
0 0 1
-1.90600395202637 -0.348917335271835 2.03100395202637
-1.90600395202637 0.307250648736954 2.03100395202637
-1.90600395202637 0.307250648736954 3.90600395202637
1 0 0
-1.90600395202637 0.307250648736954 3.90600395202637
-1.90600395202637 -0.348917335271835 3.90600395202637
-1.90600395202637 -0.348917335271835 2.03100395202637
1 0 0
-1.90600395202637 -0.348917335271835 3.90600395202637
-1.90600395202637 0.307250648736954 3.90600395202637
1.90600395202637 0.307250648736954 3.90600395202637
0 0 -1
1.90600395202637 0.307250648736954 3.90600395202637
1.90600395202637 -0.348917335271835 3.90600395202637
-1.90600395202637 -0.348917335271835 3.90600395202637
0 0 -1
-1.90600395202637 0.189399525523186 2.14885497093201
-1.90600395202637 0.189399525523186 2.11939239501953
-1.90600395202637 0.0715483948588371 2.03100395202637
-1 0 0
-1.90600395202637 0.189399525523186 2.11939239501953
-1.90600395202637 0.189399525523186 2.14885497093201
-1.90600395202637 0.307250648736954 2.03100395202637
-1 0 0
-1.90600395202637 0.0715483948588371 2.03100395202637
-1.90600395202637 0.189399525523186 2.11939239501953
-1.90600395202637 0.101011179387569 2.03100395202637
-1 0 0
-1.90600395202637 0.307250648736954 2.03100395202637
-1.90600395202637 0.277787864208221 2.03100395202637
-1.90600395202637 0.189399525523186 2.11939239501953
-1 0 0
-1.90600395202637 0.189399525523186 2.27385497093201
-1.90600395202637 0.189399525523186 2.24439239501953
-1.90600395202637 0.0715483948588371 2.15600395202637
-1 0 0
-1.90600395202637 0.189399525523186 2.24439239501953
-1.90600395202637 0.189399525523186 2.27385497093201
-1.90600395202637 0.307250648736954 2.15600395202637
-1 0 0
-1.90600395202637 0.0715483948588371 2.15600395202637
-1.90600395202637 0.189399525523186 2.24439239501953
-1.90600395202637 0.0715483948588371 2.12654113769531
-1 0 0
-1.90600395202637 0.307250648736954 2.12654113769531
-1.90600395202637 0.189399525523186 2.24439239501953
-1.90600395202637 0.307250648736954 2.15600395202637
-1 0 0
-1.90600395202637 0.189399525523186 2.39885497093201
-1.90600395202637 0.189399525523186 2.36939239501953
-1.90600395202637 0.0715483948588371 2.28100395202637
-1 0 0
-1.90600395202637 0.189399525523186 2.36939239501953
-1.90600395202637 0.189399525523186 2.39885497093201
-1.90600395202637 0.307250648736954 2.28100395202637
-1 0 0
-1.90600395202637 0.0715483948588371 2.28100395202637
-1.90600395202637 0.189399525523186 2.36939239501953
-1.90600395202637 0.0715483948588371 2.25154113769531
-1 0 0
-1.90600395202637 0.307250648736954 2.25154113769531
-1.90600395202637 0.189399525523186 2.36939239501953
-1.90600395202637 0.307250648736954 2.28100395202637
-1 0 0
-1.90600395202637 0.189399525523186 2.52385497093201
-1.90600395202637 0.189399525523186 2.49439239501953
-1.90600395202637 0.0715483948588371 2.40600395202637
-1 0 0
-1.90600395202637 0.189399525523186 2.49439239501953
-1.90600395202637 0.189399525523186 2.52385497093201
-1.90600395202637 0.307250648736954 2.40600395202637
-1 0 0
-1.90600395202637 0.0715483948588371 2.40600395202637
-1.90600395202637 0.189399525523186 2.49439239501953
-1.90600395202637 0.0715483948588371 2.37654113769531
-1 0 0
-1.90600395202637 0.307250648736954 2.37654113769531
-1.90600395202637 0.189399525523186 2.49439239501953
-1.90600395202637 0.307250648736954 2.40600395202637
-1 0 0
-1.90600395202637 0.189399525523186 2.64885497093201
-1.90600395202637 0.189399525523186 2.61939239501953
-1.90600395202637 0.0715483948588371 2.53100395202637
-1 0 0
-1.90600395202637 0.189399525523186 2.61939239501953
-1.90600395202637 0.189399525523186 2.64885497093201
-1.90600395202637 0.307250648736954 2.53100395202637
-1 0 0
-1.90600395202637 0.0715483948588371 2.53100395202637
-1.90600395202637 0.189399525523186 2.61939239501953
-1.90600395202637 0.0715483948588371 2.50154113769531
-1 0 0
-1.90600395202637 0.307250648736954 2.50154113769531
-1.90600395202637 0.189399525523186 2.61939239501953
-1.90600395202637 0.307250648736954 2.53100395202637
-1 0 0
-1.90600395202637 0.189399525523186 2.77385497093201
-1.90600395202637 0.189399525523186 2.74439239501953
-1.90600395202637 0.0715483948588371 2.65600395202637
-1 0 0
-1.90600395202637 0.189399525523186 2.74439239501953
-1.90600395202637 0.189399525523186 2.77385497093201
-1.90600395202637 0.307250648736954 2.65600395202637
-1 0 0
-1.90600395202637 0.0715483948588371 2.65600395202637
-1.90600395202637 0.189399525523186 2.74439239501953
-1.90600395202637 0.0715483948588371 2.62654113769531
-1 0 0
-1.90600395202637 0.307250648736954 2.62654113769531
-1.90600395202637 0.189399525523186 2.74439239501953
-1.90600395202637 0.307250648736954 2.65600395202637
-1 0 0
-1.90600395202637 0.189399525523186 2.89885497093201
-1.90600395202637 0.189399525523186 2.86939239501953
-1.90600395202637 0.0715483948588371 2.78100395202637
-1 0 0
-1.90600395202637 0.189399525523186 2.86939239501953
-1.90600395202637 0.189399525523186 2.89885497093201
-1.90600395202637 0.307250648736954 2.78100395202637
-1 0 0
-1.90600395202637 0.0715483948588371 2.78100395202637
-1.90600395202637 0.189399525523186 2.86939239501953
-1.90600395202637 0.0715483948588371 2.75154113769531
-1 0 0
-1.90600395202637 0.307250648736954 2.75154113769531
-1.90600395202637 0.189399525523186 2.86939239501953
-1.90600395202637 0.307250648736954 2.78100395202637
-1 0 0
-1.90600395202637 0.0715483948588371 2.90600395202637
-1.90600395202637 0.189399525523186 2.99439239501953
-1.90600395202637 0.0715483948588371 2.87654113769531
-1 0 0
-1.90600395202637 0.189399525523186 2.99439239501953
-1.90600395202637 0.0715483948588371 2.90600395202637
-1.90600395202637 0.189399525523186 3.02385497093201
-1 0 0
-1.90600395202637 0.189399525523186 2.99439239501953
-1.90600395202637 0.307250648736954 2.90600395202637
-1.90600395202637 0.307250648736954 2.87654113769531
-1 0 0
-1.90600395202637 0.307250648736954 2.90600395202637
-1.90600395202637 0.189399525523186 2.99439239501953
-1.90600395202637 0.189399525523186 3.02385497093201
-1 0 0
-1.90600395202637 0.189399525523186 3.14885497093201
-1.90600395202637 0.189399525523186 3.11939239501953
-1.90600395202637 0.0715483948588371 3.03100395202637
-1 0 0
-1.90600395202637 0.189399525523186 3.11939239501953
-1.90600395202637 0.189399525523186 3.14885497093201
-1.90600395202637 0.307250648736954 3.03100395202637
-1 0 0
-1.90600395202637 0.0715483948588371 3.03100395202637
-1.90600395202637 0.189399525523186 3.11939239501953
-1.90600395202637 0.0715483948588371 3.00154113769531
-1 0 0
-1.90600395202637 0.307250648736954 3.00154113769531
-1.90600395202637 0.189399525523186 3.11939239501953
-1.90600395202637 0.307250648736954 3.03100395202637
-1 0 0
-1.90600395202637 0.189399525523186 3.27385497093201
-1.90600395202637 0.189399525523186 3.24439239501953
-1.90600395202637 0.0715483948588371 3.15600395202637
-1 0 0
-1.90600395202637 0.189399525523186 3.24439239501953
-1.90600395202637 0.189399525523186 3.27385497093201
-1.90600395202637 0.307250648736954 3.15600395202637
-1 0 0
-1.90600395202637 0.0715483948588371 3.15600395202637
-1.90600395202637 0.189399525523186 3.24439239501953
-1.90600395202637 0.0715483948588371 3.12654113769531
-1 0 0
-1.90600395202637 0.307250648736954 3.12654113769531
-1.90600395202637 0.189399525523186 3.24439239501953
-1.90600395202637 0.307250648736954 3.15600395202637
-1 0 0
-1.90600395202637 0.189399525523186 3.39885497093201
-1.90600395202637 0.189399525523186 3.36939239501953
-1.90600395202637 0.0715483948588371 3.28100395202637
-1 0 0
-1.90600395202637 0.189399525523186 3.36939239501953
-1.90600395202637 0.189399525523186 3.39885497093201
-1.90600395202637 0.307250648736954 3.28100395202637
-1 0 0
-1.90600395202637 0.0715483948588371 3.28100395202637
-1.90600395202637 0.189399525523186 3.36939239501953
-1.90600395202637 0.0715483948588371 3.25154113769531
-1 0 0
-1.90600395202637 0.307250648736954 3.25154113769531
-1.90600395202637 0.189399525523186 3.36939239501953
-1.90600395202637 0.307250648736954 3.28100395202637
-1 0 0
-1.90600395202637 0.189399525523186 3.52385497093201
-1.90600395202637 0.189399525523186 3.49439239501953
-1.90600395202637 0.0715483948588371 3.40600395202637
-1 0 0
-1.90600395202637 0.189399525523186 3.49439239501953
-1.90600395202637 0.189399525523186 3.52385497093201
-1.90600395202637 0.307250648736954 3.40600395202637
-1 0 0
-1.90600395202637 0.0715483948588371 3.40600395202637
-1.90600395202637 0.189399525523186 3.49439239501953
-1.90600395202637 0.0715483948588371 3.37654113769531
-1 0 0
-1.90600395202637 0.307250648736954 3.37654113769531
-1.90600395202637 0.189399525523186 3.49439239501953
-1.90600395202637 0.307250648736954 3.40600395202637
-1 0 0
-1.90600395202637 0.189399525523186 3.64885497093201
-1.90600395202637 0.189399525523186 3.61939239501953
-1.90600395202637 0.0715483948588371 3.53100395202637
-1 0 0
-1.90600395202637 0.189399525523186 3.61939239501953
-1.90600395202637 0.189399525523186 3.64885497093201
-1.90600395202637 0.307250648736954 3.53100395202637
-1 0 0
-1.90600395202637 0.0715483948588371 3.53100395202637
-1.90600395202637 0.189399525523186 3.61939239501953
-1.90600395202637 0.0715483948588371 3.50154113769531
-1 0 0
-1.90600395202637 0.307250648736954 3.50154113769531
-1.90600395202637 0.189399525523186 3.61939239501953
-1.90600395202637 0.307250648736954 3.53100395202637
-1 0 0
-1.90600395202637 0.0715483948588371 3.65600395202637
-1.90600395202637 0.189399525523186 3.77352690696716
-1.90600395202637 0.189399525523186 3.74439239501953
-1 0 0
-1.90600395202637 0.189399525523186 3.74439239501953
-1.90600395202637 0.189399525523186 3.77352690696716
-1.90600395202637 0.307250648736954 3.65600395202637
-1 0 0
-1.90600395202637 0.0715483948588371 3.65600395202637
-1.90600395202637 0.189399525523186 3.74439239501953
-1.90600395202637 0.0715483948588371 3.62654113769531
-1 0 0
-1.90600395202637 0.307250648736954 3.62654113769531
-1.90600395202637 0.189399525523186 3.74439239501953
-1.90600395202637 0.307250648736954 3.65600395202637
-1 0 0
-1.90600395202637 0.189399525523186 3.89852690696716
-1.90600395202637 0.189399525523186 3.86906409263611
-1.90600395202637 0.0715483948588371 3.78067588806152
-1 0 0
-1.90600395202637 0.189399525523186 3.86906409263611
-1.90600395202637 0.189399525523186 3.89852690696716
-1.90600395202637 0.307250648736954 3.78067588806152
-1 0 0
-1.90600395202637 0.0715483948588371 3.78067588806152
-1.90600395202637 0.189399525523186 3.86906409263611
-1.90600395202637 0.0715483948588371 3.75121307373047
-1 0 0
-1.90600395202637 0.307250648736954 3.75121307373047
-1.90600395202637 0.189399525523186 3.86906409263611
-1.90600395202637 0.307250648736954 3.78067588806152
-1 0 0
1.90600395202637 0.277787864208221 2.03100395202637
1.90600395202637 0.307250648736954 2.03100395202637
1.90600395202637 0.189399525523186 2.11939239501953
1 0 0
1.90600395202637 0.189399525523186 2.11939239501953
1.90600395202637 0.189399525523186 2.14885497093201
1.90600395202637 0.0715483948588371 2.03100395202637
1 0 0
1.90600395202637 0.189399525523186 2.14885497093201
1.90600395202637 0.189399525523186 2.11939239501953
1.90600395202637 0.307250648736954 2.03100395202637
1 0 0
1.90600395202637 0.189399525523186 2.11939239501953
1.90600395202637 0.0715483948588371 2.03100395202637
1.90600395202637 0.101011179387569 2.03100395202637
1 0 0
1.90600395202637 0.189399525523186 2.24439239501953
1.90600395202637 0.307250648736954 2.12654113769531
1.90600395202637 0.307250648736954 2.15600395202637
1 0 0
1.90600395202637 0.189399525523186 2.24439239501953
1.90600395202637 0.189399525523186 2.27385497093201
1.90600395202637 0.0715483948588371 2.15600395202637
1 0 0
1.90600395202637 0.189399525523186 2.27385497093201
1.90600395202637 0.189399525523186 2.24439239501953
1.90600395202637 0.307250648736954 2.15600395202637
1 0 0
1.90600395202637 0.189399525523186 2.24439239501953
1.90600395202637 0.0715483948588371 2.15600395202637
1.90600395202637 0.0715483948588371 2.12654113769531
1 0 0
1.90600395202637 0.189399525523186 2.36939239501953
1.90600395202637 0.307250648736954 2.25154113769531
1.90600395202637 0.307250648736954 2.28100395202637
1 0 0
1.90600395202637 0.189399525523186 2.36939239501953
1.90600395202637 0.189399525523186 2.39885497093201
1.90600395202637 0.0715483948588371 2.28100395202637
1 0 0
1.90600395202637 0.189399525523186 2.39885497093201
1.90600395202637 0.189399525523186 2.36939239501953
1.90600395202637 0.307250648736954 2.28100395202637
1 0 0
1.90600395202637 0.189399525523186 2.36939239501953
1.90600395202637 0.0715483948588371 2.28100395202637
1.90600395202637 0.0715483948588371 2.25154113769531
1 0 0
1.90600395202637 0.189399525523186 2.49439239501953
1.90600395202637 0.307250648736954 2.37654113769531
1.90600395202637 0.307250648736954 2.40600395202637
1 0 0
1.90600395202637 0.189399525523186 2.49439239501953
1.90600395202637 0.189399525523186 2.52385497093201
1.90600395202637 0.0715483948588371 2.40600395202637
1 0 0
1.90600395202637 0.189399525523186 2.52385497093201
1.90600395202637 0.189399525523186 2.49439239501953
1.90600395202637 0.307250648736954 2.40600395202637
1 0 0
1.90600395202637 0.189399525523186 2.49439239501953
1.90600395202637 0.0715483948588371 2.40600395202637
1.90600395202637 0.0715483948588371 2.37654113769531
1 0 0
1.90600395202637 0.189399525523186 2.61939239501953
1.90600395202637 0.307250648736954 2.50154113769531
1.90600395202637 0.307250648736954 2.53100395202637
1 0 0
1.90600395202637 0.189399525523186 2.61939239501953
1.90600395202637 0.189399525523186 2.64885497093201
1.90600395202637 0.0715483948588371 2.53100395202637
1 0 0
1.90600395202637 0.189399525523186 2.64885497093201
1.90600395202637 0.189399525523186 2.61939239501953
1.90600395202637 0.307250648736954 2.53100395202637
1 0 0
1.90600395202637 0.189399525523186 2.61939239501953
1.90600395202637 0.0715483948588371 2.53100395202637
1.90600395202637 0.0715483948588371 2.50154113769531
1 0 0
1.90600395202637 0.189399525523186 2.74439239501953
1.90600395202637 0.307250648736954 2.62654113769531
1.90600395202637 0.307250648736954 2.65600395202637
1 0 0
1.90600395202637 0.189399525523186 2.74439239501953
1.90600395202637 0.189399525523186 2.77385497093201
1.90600395202637 0.0715483948588371 2.65600395202637
1 0 0
1.90600395202637 0.189399525523186 2.77385497093201
1.90600395202637 0.189399525523186 2.74439239501953
1.90600395202637 0.307250648736954 2.65600395202637
1 0 0
1.90600395202637 0.189399525523186 2.74439239501953
1.90600395202637 0.0715483948588371 2.65600395202637
1.90600395202637 0.0715483948588371 2.62654113769531
1 0 0
1.90600395202637 0.189399525523186 2.86939239501953
1.90600395202637 0.307250648736954 2.75154113769531
1.90600395202637 0.307250648736954 2.78100395202637
1 0 0
1.90600395202637 0.189399525523186 2.86939239501953
1.90600395202637 0.189399525523186 2.89885497093201
1.90600395202637 0.0715483948588371 2.78100395202637
1 0 0
1.90600395202637 0.189399525523186 2.89885497093201
1.90600395202637 0.189399525523186 2.86939239501953
1.90600395202637 0.307250648736954 2.78100395202637
1 0 0
1.90600395202637 0.189399525523186 2.86939239501953
1.90600395202637 0.0715483948588371 2.78100395202637
1.90600395202637 0.0715483948588371 2.75154113769531
1 0 0
1.90600395202637 0.307250648736954 2.87654113769531
1.90600395202637 0.307250648736954 2.90600395202637
1.90600395202637 0.189399525523186 2.99439239501953
1 0 0
1.90600395202637 0.189399525523186 2.99439239501953
1.90600395202637 0.307250648736954 2.90600395202637
1.90600395202637 0.189399525523186 3.02385497093201
1 0 0
1.90600395202637 0.189399525523186 2.99439239501953
1.90600395202637 0.0715483948588371 2.90600395202637
1.90600395202637 0.0715483948588371 2.87654113769531
1 0 0
1.90600395202637 0.0715483948588371 2.90600395202637
1.90600395202637 0.189399525523186 2.99439239501953
1.90600395202637 0.189399525523186 3.02385497093201
1 0 0
1.90600395202637 0.189399525523186 3.11939239501953
1.90600395202637 0.307250648736954 3.00154113769531
1.90600395202637 0.307250648736954 3.03100395202637
1 0 0
1.90600395202637 0.189399525523186 3.11939239501953
1.90600395202637 0.189399525523186 3.14885497093201
1.90600395202637 0.0715483948588371 3.03100395202637
1 0 0
1.90600395202637 0.189399525523186 3.14885497093201
1.90600395202637 0.189399525523186 3.11939239501953
1.90600395202637 0.307250648736954 3.03100395202637
1 0 0
1.90600395202637 0.189399525523186 3.11939239501953
1.90600395202637 0.0715483948588371 3.03100395202637
1.90600395202637 0.0715483948588371 3.00154113769531
1 0 0
1.90600395202637 0.189399525523186 3.24439239501953
1.90600395202637 0.307250648736954 3.12654113769531
1.90600395202637 0.307250648736954 3.15600395202637
1 0 0
1.90600395202637 0.189399525523186 3.24439239501953
1.90600395202637 0.189399525523186 3.27385497093201
1.90600395202637 0.0715483948588371 3.15600395202637
1 0 0
1.90600395202637 0.189399525523186 3.27385497093201
1.90600395202637 0.189399525523186 3.24439239501953
1.90600395202637 0.307250648736954 3.15600395202637
1 0 0
1.90600395202637 0.189399525523186 3.24439239501953
1.90600395202637 0.0715483948588371 3.15600395202637
1.90600395202637 0.0715483948588371 3.12654113769531
1 0 0
1.90600395202637 0.189399525523186 3.36939239501953
1.90600395202637 0.307250648736954 3.25154113769531
1.90600395202637 0.307250648736954 3.28100395202637
1 0 0
1.90600395202637 0.189399525523186 3.36939239501953
1.90600395202637 0.189399525523186 3.39885497093201
1.90600395202637 0.0715483948588371 3.28100395202637
1 0 0
1.90600395202637 0.189399525523186 3.39885497093201
1.90600395202637 0.189399525523186 3.36939239501953
1.90600395202637 0.307250648736954 3.28100395202637
1 0 0
1.90600395202637 0.189399525523186 3.36939239501953
1.90600395202637 0.0715483948588371 3.28100395202637
1.90600395202637 0.0715483948588371 3.25154113769531
1 0 0
1.90600395202637 0.189399525523186 3.49439239501953
1.90600395202637 0.307250648736954 3.37654113769531
1.90600395202637 0.307250648736954 3.40600395202637
1 0 0
1.90600395202637 0.189399525523186 3.49439239501953
1.90600395202637 0.189399525523186 3.52385497093201
1.90600395202637 0.0715483948588371 3.40600395202637
1 0 0
1.90600395202637 0.189399525523186 3.52385497093201
1.90600395202637 0.189399525523186 3.49439239501953
1.90600395202637 0.307250648736954 3.40600395202637
1 0 0
1.90600395202637 0.189399525523186 3.49439239501953
1.90600395202637 0.0715483948588371 3.40600395202637
1.90600395202637 0.0715483948588371 3.37654113769531
1 0 0
1.90600395202637 0.189399525523186 3.61939239501953
1.90600395202637 0.307250648736954 3.50154113769531
1.90600395202637 0.307250648736954 3.53100395202637
1 0 0
1.90600395202637 0.189399525523186 3.61939239501953
1.90600395202637 0.189399525523186 3.64885497093201
1.90600395202637 0.0715483948588371 3.53100395202637
1 0 0
1.90600395202637 0.189399525523186 3.64885497093201
1.90600395202637 0.189399525523186 3.61939239501953
1.90600395202637 0.307250648736954 3.53100395202637
1 0 0
1.90600395202637 0.189399525523186 3.61939239501953
1.90600395202637 0.0715483948588371 3.53100395202637
1.90600395202637 0.0715483948588371 3.50154113769531
1 0 0
1.90600395202637 0.189399525523186 3.74439239501953
1.90600395202637 0.307250648736954 3.62654113769531
1.90600395202637 0.307250648736954 3.65600395202637
1 0 0
1.90600395202637 0.189399525523186 3.74439239501953
1.90600395202637 0.189399525523186 3.77352690696716
1.90600395202637 0.0715483948588371 3.65600395202637
1 0 0
1.90600395202637 0.189399525523186 3.77352690696716
1.90600395202637 0.189399525523186 3.74439239501953
1.90600395202637 0.307250648736954 3.65600395202637
1 0 0
1.90600395202637 0.189399525523186 3.74439239501953
1.90600395202637 0.0715483948588371 3.65600395202637
1.90600395202637 0.0715483948588371 3.62654113769531
1 0 0
1.90600395202637 0.189399525523186 3.86906409263611
1.90600395202637 0.307250648736954 3.75121307373047
1.90600395202637 0.307250648736954 3.78067588806152
1 0 0
1.90600395202637 0.189399525523186 3.86906409263611
1.90600395202637 0.189399525523186 3.89852690696716
1.90600395202637 0.0715483948588371 3.78067588806152
1 0 0
1.90600395202637 0.189399525523186 3.89852690696716
1.90600395202637 0.189399525523186 3.86906409263611
1.90600395202637 0.307250648736954 3.78067588806152
1 0 0
1.90600395202637 0.189399525523186 3.86906409263611
1.90600395202637 0.0715483948588371 3.78067588806152
1.90600395202637 0.0715483948588371 3.75121307373047
1 0 0
-1.90600395202637 0.189399525523186 2.14885497093201
1.90600395202637 0.189399525523186 2.14885497093201
1.90600395202637 0.307250648736954 2.03100395202637
0 0.7071067811862 0.707106781186895
1.90600395202637 0.307250648736954 2.03100395202637
-1.90600395202637 0.307250648736954 2.03100395202637
-1.90600395202637 0.189399525523186 2.14885497093201
0 0.7071067811862 0.707106781186895
-1.90600395202637 0.307250648736954 2.03100395202637
1.90600395202637 0.307250648736954 2.03100395202637
1.90600395202637 0.277787864208221 2.03100395202637
0 0 -1
1.90600395202637 0.277787864208221 2.03100395202637
-1.90600395202637 0.277787864208221 2.03100395202637
-1.90600395202637 0.307250648736954 2.03100395202637
0 0 -1
-1.90600395202637 0.277787864208221 2.03100395202637
1.90600395202637 0.277787864208221 2.03100395202637
1.90600395202637 0.189399525523186 2.11939239501953
0 -0.707106781186089 -0.707106781187006
1.90600395202637 0.189399525523186 2.11939239501953
-1.90600395202637 0.189399525523186 2.11939239501953
-1.90600395202637 0.277787864208221 2.03100395202637
0 -0.707106781186089 -0.707106781187006
-1.90600395202637 0.189399525523186 2.11939239501953
1.90600395202637 0.189399525523186 2.11939239501953
1.90600395202637 0.101011179387569 2.03100395202637
0 0.707106781187006 -0.707106781186089
1.90600395202637 0.101011179387569 2.03100395202637
-1.90600395202637 0.101011179387569 2.03100395202637
-1.90600395202637 0.189399525523186 2.11939239501953
0 0.707106781187006 -0.707106781186089
-1.90600395202637 0.101011179387569 2.03100395202637
1.90600395202637 0.101011179387569 2.03100395202637
1.90600395202637 0.0715483948588371 2.03100395202637
0 0 -1
1.90600395202637 0.0715483948588371 2.03100395202637
-1.90600395202637 0.0715483948588371 2.03100395202637
-1.90600395202637 0.101011179387569 2.03100395202637
0 0 -1
-1.90600395202637 0.0715483948588371 2.03100395202637
1.90600395202637 0.0715483948588371 2.03100395202637
1.90600395202637 0.189399525523186 2.14885497093201
0 -0.707106781186895 0.7071067811862
1.90600395202637 0.189399525523186 2.14885497093201
-1.90600395202637 0.189399525523186 2.14885497093201
-1.90600395202637 0.0715483948588371 2.03100395202637
0 -0.707106781186895 0.7071067811862
-1.90600395202637 0.189399525523186 2.27385497093201
1.90600395202637 0.189399525523186 2.27385497093201
1.90600395202637 0.307250648736954 2.15600395202637
0 0.707106781186283 0.707106781186812
1.90600395202637 0.307250648736954 2.15600395202637
-1.90600395202637 0.307250648736954 2.15600395202637
-1.90600395202637 0.189399525523186 2.27385497093201
0 0.707106781186283 0.707106781186812
-1.90600395202637 0.307250648736954 2.15600395202637
1.90600395202637 0.307250648736954 2.15600395202637
1.90600395202637 0.307250648736954 2.12654113769531
0 1 0
1.90600395202637 0.307250648736954 2.12654113769531
-1.90600395202637 0.307250648736954 2.12654113769531
-1.90600395202637 0.307250648736954 2.15600395202637
0 1 0
-1.90600395202637 0.307250648736954 2.12654113769531
1.90600395202637 0.307250648736954 2.12654113769531
1.90600395202637 0.189399525523186 2.24439239501953
0 -0.707106781186217 -0.707106781186878
1.90600395202637 0.189399525523186 2.24439239501953
-1.90600395202637 0.189399525523186 2.24439239501953
-1.90600395202637 0.307250648736954 2.12654113769531
0 -0.707106781186217 -0.707106781186878
-1.90600395202637 0.189399525523186 2.24439239501953
1.90600395202637 0.189399525523186 2.24439239501953
1.90600395202637 0.0715483948588371 2.12654113769531
0 0.707106781186879 -0.707106781186217
1.90600395202637 0.0715483948588371 2.12654113769531
-1.90600395202637 0.0715483948588371 2.12654113769531
-1.90600395202637 0.189399525523186 2.24439239501953
0 0.707106781186879 -0.707106781186217
-1.90600395202637 0.0715483948588371 2.12654113769531
1.90600395202637 0.0715483948588371 2.12654113769531
1.90600395202637 0.0715483948588371 2.15600395202637
0 -1 0
1.90600395202637 0.0715483948588371 2.15600395202637
-1.90600395202637 0.0715483948588371 2.15600395202637
-1.90600395202637 0.0715483948588371 2.12654113769531
0 -1 0
-1.90600395202637 0.0715483948588371 2.15600395202637
1.90600395202637 0.0715483948588371 2.15600395202637
1.90600395202637 0.189399525523186 2.27385497093201
0 -0.707106781186728 0.707106781186367
1.90600395202637 0.189399525523186 2.27385497093201
-1.90600395202637 0.189399525523186 2.27385497093201
-1.90600395202637 0.0715483948588371 2.15600395202637
0 -0.707106781186728 0.707106781186367
-1.90600395202637 0.189399525523186 2.39885497093201
1.90600395202637 0.189399525523186 2.39885497093201
1.90600395202637 0.307250648736954 2.28100395202637
0 0.707106781186394 0.707106781186701
1.90600395202637 0.307250648736954 2.28100395202637
-1.90600395202637 0.307250648736954 2.28100395202637
-1.90600395202637 0.189399525523186 2.39885497093201
0 0.707106781186394 0.707106781186701
-1.90600395202637 0.307250648736954 2.28100395202637
1.90600395202637 0.307250648736954 2.28100395202637
1.90600395202637 0.307250648736954 2.25154113769531
0 1 0
1.90600395202637 0.307250648736954 2.25154113769531
-1.90600395202637 0.307250648736954 2.25154113769531
-1.90600395202637 0.307250648736954 2.28100395202637
0 1 0
-1.90600395202637 0.307250648736954 2.25154113769531
1.90600395202637 0.307250648736954 2.25154113769531
1.90600395202637 0.189399525523186 2.36939239501953
0 -0.707106781186347 -0.707106781186748
1.90600395202637 0.189399525523186 2.36939239501953
-1.90600395202637 0.189399525523186 2.36939239501953
-1.90600395202637 0.307250648736954 2.25154113769531
0 -0.707106781186347 -0.707106781186748
-1.90600395202637 0.189399525523186 2.36939239501953
1.90600395202637 0.189399525523186 2.36939239501953
1.90600395202637 0.0715483948588371 2.25154113769531
0 0.707106781186748 -0.707106781186347
1.90600395202637 0.0715483948588371 2.25154113769531
-1.90600395202637 0.0715483948588371 2.25154113769531
-1.90600395202637 0.189399525523186 2.36939239501953
0 0.707106781186748 -0.707106781186347
-1.90600395202637 0.0715483948588371 2.25154113769531
1.90600395202637 0.0715483948588371 2.25154113769531
1.90600395202637 0.0715483948588371 2.28100395202637
0 -1 4.71027737604158E-16
1.90600395202637 0.0715483948588371 2.28100395202637
-1.90600395202637 0.0715483948588371 2.28100395202637
-1.90600395202637 0.0715483948588371 2.25154113769531
0 -1 4.71027737604158E-16
-1.90600395202637 0.0715483948588371 2.28100395202637
1.90600395202637 0.0715483948588371 2.28100395202637
1.90600395202637 0.189399525523186 2.39885497093201
0 -0.7071067811866 0.707106781186495
1.90600395202637 0.189399525523186 2.39885497093201
-1.90600395202637 0.189399525523186 2.39885497093201
-1.90600395202637 0.0715483948588371 2.28100395202637
0 -0.7071067811866 0.707106781186495
-1.90600395202637 0.189399525523186 2.52385497093201
1.90600395202637 0.189399525523186 2.52385497093201
1.90600395202637 0.307250648736954 2.40600395202637
0 0.707106781186389 0.707106781186706
1.90600395202637 0.307250648736954 2.40600395202637
-1.90600395202637 0.307250648736954 2.40600395202637
-1.90600395202637 0.189399525523186 2.52385497093201
0 0.707106781186389 0.707106781186706
-1.90600395202637 0.307250648736954 2.40600395202637
1.90600395202637 0.307250648736954 2.40600395202637
1.90600395202637 0.307250648736954 2.37654113769531
0 1 -1.88411095042089E-15
1.90600395202637 0.307250648736954 2.37654113769531
-1.90600395202637 0.307250648736954 2.37654113769531
-1.90600395202637 0.307250648736954 2.40600395202637
0 1 -1.88411095042089E-15
-1.90600395202637 0.307250648736954 2.37654113769531
1.90600395202637 0.307250648736954 2.37654113769531
1.90600395202637 0.189399525523186 2.49439239501953
0 -0.707106781186348 -0.707106781186748
1.90600395202637 0.189399525523186 2.49439239501953
-1.90600395202637 0.189399525523186 2.49439239501953
-1.90600395202637 0.307250648736954 2.37654113769531
0 -0.707106781186348 -0.707106781186748
-1.90600395202637 0.189399525523186 2.49439239501953
1.90600395202637 0.189399525523186 2.49439239501953
1.90600395202637 0.0715483948588371 2.37654113769531
0 0.707106781186704 -0.707106781186391
1.90600395202637 0.0715483948588371 2.37654113769531
-1.90600395202637 0.0715483948588371 2.37654113769531
-1.90600395202637 0.189399525523186 2.49439239501953
0 0.707106781186704 -0.707106781186391
-1.90600395202637 0.0715483948588371 2.37654113769531
1.90600395202637 0.0715483948588371 2.37654113769531
1.90600395202637 0.0715483948588371 2.40600395202637
0 -1 4.23924963844567E-15
1.90600395202637 0.0715483948588371 2.40600395202637
-1.90600395202637 0.0715483948588371 2.40600395202637
-1.90600395202637 0.0715483948588371 2.37654113769531
0 -1 4.23924963844567E-15
-1.90600395202637 0.0715483948588371 2.40600395202637
1.90600395202637 0.0715483948588371 2.40600395202637
1.90600395202637 0.189399525523186 2.52385497093201
0 -0.707106781186718 0.707106781186377
1.90600395202637 0.189399525523186 2.52385497093201
-1.90600395202637 0.189399525523186 2.52385497093201
-1.90600395202637 0.0715483948588371 2.40600395202637
0 -0.707106781186718 0.707106781186377
-1.90600395202637 0.189399525523186 2.64885497093201
1.90600395202637 0.189399525523186 2.64885497093201
1.90600395202637 0.307250648736954 2.53100395202637
0 0.707106781186433 0.707106781186663
1.90600395202637 0.307250648736954 2.53100395202637
-1.90600395202637 0.307250648736954 2.53100395202637
-1.90600395202637 0.189399525523186 2.64885497093201
0 0.707106781186433 0.707106781186663
-1.90600395202637 0.307250648736954 2.53100395202637
1.90600395202637 0.307250648736954 2.53100395202637
1.90600395202637 0.307250648736954 2.50154113769531
0 1 0
1.90600395202637 0.307250648736954 2.50154113769531
-1.90600395202637 0.307250648736954 2.50154113769531
-1.90600395202637 0.307250648736954 2.53100395202637
0 1 0
-1.90600395202637 0.307250648736954 2.50154113769531
1.90600395202637 0.307250648736954 2.50154113769531
1.90600395202637 0.189399525523186 2.61939239501953
0 -0.707106781186418 -0.707106781186677
1.90600395202637 0.189399525523186 2.61939239501953
-1.90600395202637 0.189399525523186 2.61939239501953
-1.90600395202637 0.307250648736954 2.50154113769531
0 -0.707106781186418 -0.707106781186677
-1.90600395202637 0.189399525523186 2.61939239501953
1.90600395202637 0.189399525523186 2.61939239501953
1.90600395202637 0.0715483948588371 2.50154113769531
0 0.707106781186678 -0.707106781186418
1.90600395202637 0.0715483948588371 2.50154113769531
-1.90600395202637 0.0715483948588371 2.50154113769531
-1.90600395202637 0.189399525523186 2.61939239501953
0 0.707106781186678 -0.707106781186418
-1.90600395202637 0.0715483948588371 2.50154113769531
1.90600395202637 0.0715483948588371 2.50154113769531
1.90600395202637 0.0715483948588371 2.53100395202637
0 -1 0
1.90600395202637 0.0715483948588371 2.53100395202637
-1.90600395202637 0.0715483948588371 2.53100395202637
-1.90600395202637 0.0715483948588371 2.50154113769531
0 -1 0
-1.90600395202637 0.0715483948588371 2.53100395202637
1.90600395202637 0.0715483948588371 2.53100395202637
1.90600395202637 0.189399525523186 2.64885497093201
0 -0.707106781185969 0.707106781187126
1.90600395202637 0.189399525523186 2.64885497093201
-1.90600395202637 0.189399525523186 2.64885497093201
-1.90600395202637 0.0715483948588371 2.53100395202637
0 -0.707106781185969 0.707106781187126
-1.90600395202637 0.189399525523186 2.77385497093201
1.90600395202637 0.189399525523186 2.77385497093201
1.90600395202637 0.307250648736954 2.65600395202637
0 0.707106781186483 0.707106781186612
1.90600395202637 0.307250648736954 2.65600395202637
-1.90600395202637 0.307250648736954 2.65600395202637
-1.90600395202637 0.189399525523186 2.77385497093201
0 0.707106781186483 0.707106781186612
-1.90600395202637 0.307250648736954 2.65600395202637
1.90600395202637 0.307250648736954 2.65600395202637
1.90600395202637 0.307250648736954 2.62654113769531
0 1 -1.88411095042035E-15
1.90600395202637 0.307250648736954 2.62654113769531
-1.90600395202637 0.307250648736954 2.62654113769531
-1.90600395202637 0.307250648736954 2.65600395202637
0 1 -1.88411095042035E-15
-1.90600395202637 0.307250648736954 2.62654113769531
1.90600395202637 0.307250648736954 2.62654113769531
1.90600395202637 0.189399525523186 2.74439239501953
0 -0.707106781186461 -0.707106781186635
1.90600395202637 0.189399525523186 2.74439239501953
-1.90600395202637 0.189399525523186 2.74439239501953
-1.90600395202637 0.307250648736954 2.62654113769531
0 -0.707106781186461 -0.707106781186635
-1.90600395202637 0.189399525523186 2.74439239501953
1.90600395202637 0.189399525523186 2.74439239501953
1.90600395202637 0.0715483948588371 2.62654113769531
0 0.707106781186132 -0.707106781186963
1.90600395202637 0.0715483948588371 2.62654113769531
-1.90600395202637 0.0715483948588371 2.62654113769531
-1.90600395202637 0.189399525523186 2.74439239501953
0 0.707106781186132 -0.707106781186963
-1.90600395202637 0.0715483948588371 2.62654113769531
1.90600395202637 0.0715483948588371 2.62654113769531
1.90600395202637 0.0715483948588371 2.65600395202637
0 -1 4.71027737605195E-15
1.90600395202637 0.0715483948588371 2.65600395202637
-1.90600395202637 0.0715483948588371 2.65600395202637
-1.90600395202637 0.0715483948588371 2.62654113769531
0 -1 4.71027737605195E-15
-1.90600395202637 0.0715483948588371 2.65600395202637
1.90600395202637 0.0715483948588371 2.65600395202637
1.90600395202637 0.189399525523186 2.77385497093201
0 -0.707106781186175 0.70710678118692
1.90600395202637 0.189399525523186 2.77385497093201
-1.90600395202637 0.189399525523186 2.77385497093201
-1.90600395202637 0.0715483948588371 2.65600395202637
0 -0.707106781186175 0.70710678118692
-1.90600395202637 0.189399525523186 2.89885497093201
1.90600395202637 0.189399525523186 2.89885497093201
1.90600395202637 0.307250648736954 2.78100395202637
0 0.707106781186517 0.707106781186578
1.90600395202637 0.307250648736954 2.78100395202637
-1.90600395202637 0.307250648736954 2.78100395202637
-1.90600395202637 0.189399525523186 2.89885497093201
0 0.707106781186517 0.707106781186578
-1.90600395202637 0.307250648736954 2.78100395202637
1.90600395202637 0.307250648736954 2.78100395202637
1.90600395202637 0.307250648736954 2.75154113769531
0 1 0
1.90600395202637 0.307250648736954 2.75154113769531
-1.90600395202637 0.307250648736954 2.75154113769531
-1.90600395202637 0.307250648736954 2.78100395202637
0 1 0
-1.90600395202637 0.307250648736954 2.75154113769531
1.90600395202637 0.307250648736954 2.75154113769531
1.90600395202637 0.189399525523186 2.86939239501953
0 -0.707106781186494 -0.707106781186601
1.90600395202637 0.189399525523186 2.86939239501953
-1.90600395202637 0.189399525523186 2.86939239501953
-1.90600395202637 0.307250648736954 2.75154113769531
0 -0.707106781186494 -0.707106781186601
-1.90600395202637 0.189399525523186 2.86939239501953
1.90600395202637 0.189399525523186 2.86939239501953
1.90600395202637 0.0715483948588371 2.75154113769531
0 0.707106781186151 -0.707106781186944
1.90600395202637 0.0715483948588371 2.75154113769531
-1.90600395202637 0.0715483948588371 2.75154113769531
-1.90600395202637 0.189399525523186 2.86939239501953
0 0.707106781186151 -0.707106781186944
-1.90600395202637 0.0715483948588371 2.75154113769531
1.90600395202637 0.0715483948588371 2.75154113769531
1.90600395202637 0.0715483948588371 2.78100395202637
0 -1 1.41308321281541E-15
1.90600395202637 0.0715483948588371 2.78100395202637
-1.90600395202637 0.0715483948588371 2.78100395202637
-1.90600395202637 0.0715483948588371 2.75154113769531
0 -1 1.41308321281541E-15
-1.90600395202637 0.0715483948588371 2.78100395202637
1.90600395202637 0.0715483948588371 2.78100395202637
1.90600395202637 0.189399525523186 2.89885497093201
0 -0.707106781186202 0.707106781186893
1.90600395202637 0.189399525523186 2.89885497093201
-1.90600395202637 0.189399525523186 2.89885497093201
-1.90600395202637 0.0715483948588371 2.78100395202637
0 -0.707106781186202 0.707106781186893
-1.90600395202637 0.189399525523186 3.02385497093201
1.90600395202637 0.189399525523186 3.02385497093201
1.90600395202637 0.307250648736954 2.90600395202637
0 0.707106781186574 0.707106781186521
1.90600395202637 0.307250648736954 2.90600395202637
-1.90600395202637 0.307250648736954 2.90600395202637
-1.90600395202637 0.189399525523186 3.02385497093201
0 0.707106781186574 0.707106781186521
-1.90600395202637 0.307250648736954 2.90600395202637
1.90600395202637 0.307250648736954 2.90600395202637
1.90600395202637 0.307250648736954 2.87654113769531
0 1 -1.88411095042024E-15
1.90600395202637 0.307250648736954 2.87654113769531
-1.90600395202637 0.307250648736954 2.87654113769531
-1.90600395202637 0.307250648736954 2.90600395202637
0 1 -1.88411095042024E-15
-1.90600395202637 0.307250648736954 2.87654113769531
1.90600395202637 0.307250648736954 2.87654113769531
1.90600395202637 0.189399525523186 2.99439239501953
0 -0.707106781186546 -0.707106781186549
1.90600395202637 0.189399525523186 2.99439239501953
-1.90600395202637 0.189399525523186 2.99439239501953
-1.90600395202637 0.307250648736954 2.87654113769531
0 -0.707106781186546 -0.707106781186549
-1.90600395202637 0.189399525523186 2.99439239501953
1.90600395202637 0.189399525523186 2.99439239501953
1.90600395202637 0.0715483948588371 2.87654113769531
0 0.707106781186417 -0.707106781186678
1.90600395202637 0.0715483948588371 2.87654113769531
-1.90600395202637 0.0715483948588371 2.87654113769531
-1.90600395202637 0.189399525523186 2.99439239501953
0 0.707106781186417 -0.707106781186678
-1.90600395202637 0.0715483948588371 2.87654113769531
1.90600395202637 0.0715483948588371 2.87654113769531
1.90600395202637 0.0715483948588371 2.90600395202637
0 -1 -9.4205547520995E-16
1.90600395202637 0.0715483948588371 2.90600395202637
-1.90600395202637 0.0715483948588371 2.90600395202637
-1.90600395202637 0.0715483948588371 2.87654113769531
0 -1 -9.4205547520995E-16
-1.90600395202637 0.0715483948588371 2.90600395202637
1.90600395202637 0.0715483948588371 2.90600395202637
1.90600395202637 0.189399525523186 3.02385497093201
0 -0.707106781186429 0.707106781186666
1.90600395202637 0.189399525523186 3.02385497093201
-1.90600395202637 0.189399525523186 3.02385497093201
-1.90600395202637 0.0715483948588371 2.90600395202637
0 -0.707106781186429 0.707106781186666
-1.90600395202637 0.189399525523186 3.14885497093201
1.90600395202637 0.189399525523186 3.14885497093201
1.90600395202637 0.307250648736954 3.03100395202637
0 0.707106781186568 0.707106781186527
1.90600395202637 0.307250648736954 3.03100395202637
-1.90600395202637 0.307250648736954 3.03100395202637
-1.90600395202637 0.189399525523186 3.14885497093201
0 0.707106781186568 0.707106781186527
-1.90600395202637 0.307250648736954 3.03100395202637
1.90600395202637 0.307250648736954 3.03100395202637
1.90600395202637 0.307250648736954 3.00154113769531
0 1 0
1.90600395202637 0.307250648736954 3.00154113769531
-1.90600395202637 0.307250648736954 3.00154113769531
-1.90600395202637 0.307250648736954 3.03100395202637
0 1 0
-1.90600395202637 0.307250648736954 3.00154113769531
1.90600395202637 0.307250648736954 3.00154113769531
1.90600395202637 0.189399525523186 3.11939239501953
0 -0.707106781186579 -0.707106781186516
1.90600395202637 0.189399525523186 3.11939239501953
-1.90600395202637 0.189399525523186 3.11939239501953
-1.90600395202637 0.307250648736954 3.00154113769531
0 -0.707106781186579 -0.707106781186516
-1.90600395202637 0.189399525523186 3.11939239501953
1.90600395202637 0.189399525523186 3.11939239501953
1.90600395202637 0.0715483948588371 3.00154113769531
0 0.707106781186516 -0.707106781186579
1.90600395202637 0.0715483948588371 3.00154113769531
-1.90600395202637 0.0715483948588371 3.00154113769531
-1.90600395202637 0.189399525523186 3.11939239501953
0 0.707106781186516 -0.707106781186579
-1.90600395202637 0.0715483948588371 3.00154113769531
1.90600395202637 0.0715483948588371 3.00154113769531
1.90600395202637 0.0715483948588371 3.03100395202637
0 -1 0
1.90600395202637 0.0715483948588371 3.03100395202637
-1.90600395202637 0.0715483948588371 3.03100395202637
-1.90600395202637 0.0715483948588371 3.00154113769531
0 -1 0
-1.90600395202637 0.0715483948588371 3.03100395202637
1.90600395202637 0.0715483948588371 3.03100395202637
1.90600395202637 0.189399525523186 3.14885497093201
0 -0.707106781187864 0.707106781185231
1.90600395202637 0.189399525523186 3.14885497093201
-1.90600395202637 0.189399525523186 3.14885497093201
-1.90600395202637 0.0715483948588371 3.03100395202637
0 -0.707106781187864 0.707106781185231
-1.90600395202637 0.189399525523186 3.27385497093201
1.90600395202637 0.189399525523186 3.27385497093201
1.90600395202637 0.307250648736954 3.15600395202637
0 0.707106781186552 0.707106781186543
1.90600395202637 0.307250648736954 3.15600395202637
-1.90600395202637 0.307250648736954 3.15600395202637
-1.90600395202637 0.189399525523186 3.27385497093201
0 0.707106781186552 0.707106781186543
-1.90600395202637 0.307250648736954 3.15600395202637
1.90600395202637 0.307250648736954 3.15600395202637
1.90600395202637 0.307250648736954 3.12654113769531
0 1 3.76822190083986E-15
1.90600395202637 0.307250648736954 3.12654113769531
-1.90600395202637 0.307250648736954 3.12654113769531
-1.90600395202637 0.307250648736954 3.15600395202637
0 1 3.76822190083986E-15
-1.90600395202637 0.307250648736954 3.12654113769531
1.90600395202637 0.307250648736954 3.12654113769531
1.90600395202637 0.189399525523186 3.24439239501953
0 -0.707106781186533 -0.707106781186562
1.90600395202637 0.189399525523186 3.24439239501953
-1.90600395202637 0.189399525523186 3.24439239501953
-1.90600395202637 0.307250648736954 3.12654113769531
0 -0.707106781186533 -0.707106781186562
-1.90600395202637 0.189399525523186 3.24439239501953
1.90600395202637 0.189399525523186 3.24439239501953
1.90600395202637 0.0715483948588371 3.12654113769531
0 0.707106781187892 -0.707106781185203
1.90600395202637 0.0715483948588371 3.12654113769531
-1.90600395202637 0.0715483948588371 3.12654113769531
-1.90600395202637 0.189399525523186 3.24439239501953
0 0.707106781187892 -0.707106781185203
-1.90600395202637 0.0715483948588371 3.12654113769531
1.90600395202637 0.0715483948588371 3.12654113769531
1.90600395202637 0.0715483948588371 3.15600395202637
0 -1 -9.42055475210447E-16
1.90600395202637 0.0715483948588371 3.15600395202637
-1.90600395202637 0.0715483948588371 3.15600395202637
-1.90600395202637 0.0715483948588371 3.12654113769531
0 -1 -9.42055475210447E-16
-1.90600395202637 0.0715483948588371 3.15600395202637
1.90600395202637 0.0715483948588371 3.15600395202637
1.90600395202637 0.189399525523186 3.27385497093201
0 -0.707106781187956 0.707106781185139
1.90600395202637 0.189399525523186 3.27385497093201
-1.90600395202637 0.189399525523186 3.27385497093201
-1.90600395202637 0.0715483948588371 3.15600395202637
0 -0.707106781187956 0.707106781185139
-1.90600395202637 0.189399525523186 3.39885497093201
1.90600395202637 0.189399525523186 3.39885497093201
1.90600395202637 0.307250648736954 3.28100395202637
0 0.707106781186615 0.70710678118648
1.90600395202637 0.307250648736954 3.28100395202637
-1.90600395202637 0.307250648736954 3.28100395202637
-1.90600395202637 0.189399525523186 3.39885497093201
0 0.707106781186615 0.70710678118648
-1.90600395202637 0.307250648736954 3.28100395202637
1.90600395202637 0.307250648736954 3.28100395202637
1.90600395202637 0.307250648736954 3.25154113769531
0 1 3.76822190083952E-15
1.90600395202637 0.307250648736954 3.25154113769531
-1.90600395202637 0.307250648736954 3.25154113769531
-1.90600395202637 0.307250648736954 3.28100395202637
0 1 3.76822190083952E-15
-1.90600395202637 0.307250648736954 3.25154113769531
1.90600395202637 0.307250648736954 3.25154113769531
1.90600395202637 0.189399525523186 3.36939239501953
0 -0.707106781186631 -0.707106781186464
1.90600395202637 0.189399525523186 3.36939239501953
-1.90600395202637 0.189399525523186 3.36939239501953
-1.90600395202637 0.307250648736954 3.25154113769531
0 -0.707106781186631 -0.707106781186464
-1.90600395202637 0.189399525523186 3.36939239501953
1.90600395202637 0.189399525523186 3.36939239501953
1.90600395202637 0.0715483948588371 3.25154113769531
0 0.70710678118772 -0.707106781185375
1.90600395202637 0.0715483948588371 3.25154113769531
-1.90600395202637 0.0715483948588371 3.25154113769531
-1.90600395202637 0.189399525523186 3.36939239501953
0 0.70710678118772 -0.707106781185375
-1.90600395202637 0.0715483948588371 3.25154113769531
1.90600395202637 0.0715483948588371 3.25154113769531
1.90600395202637 0.0715483948588371 3.28100395202637
0 -1 -2.35513868802633E-15
1.90600395202637 0.0715483948588371 3.28100395202637
-1.90600395202637 0.0715483948588371 3.28100395202637
-1.90600395202637 0.0715483948588371 3.25154113769531
0 -1 -2.35513868802633E-15
-1.90600395202637 0.0715483948588371 3.28100395202637
1.90600395202637 0.0715483948588371 3.28100395202637
1.90600395202637 0.189399525523186 3.39885497093201
0 -0.707106781187765 0.70710678118533
1.90600395202637 0.189399525523186 3.39885497093201
-1.90600395202637 0.189399525523186 3.39885497093201
-1.90600395202637 0.0715483948588371 3.28100395202637
0 -0.707106781187765 0.70710678118533
-1.90600395202637 0.189399525523186 3.52385497093201
1.90600395202637 0.189399525523186 3.52385497093201
1.90600395202637 0.307250648736954 3.40600395202637
0 0.707106781186597 0.707106781186498
1.90600395202637 0.307250648736954 3.40600395202637
-1.90600395202637 0.307250648736954 3.40600395202637
-1.90600395202637 0.189399525523186 3.52385497093201
0 0.707106781186597 0.707106781186498
-1.90600395202637 0.307250648736954 3.40600395202637
1.90600395202637 0.307250648736954 3.40600395202637
1.90600395202637 0.307250648736954 3.37654113769531
0 1 -1.88411095041987E-15
1.90600395202637 0.307250648736954 3.37654113769531
-1.90600395202637 0.307250648736954 3.37654113769531
-1.90600395202637 0.307250648736954 3.40600395202637
0 1 -1.88411095041987E-15
-1.90600395202637 0.307250648736954 3.37654113769531
1.90600395202637 0.307250648736954 3.37654113769531
1.90600395202637 0.189399525523186 3.49439239501953
0 -0.707106781186613 -0.707106781186482
1.90600395202637 0.189399525523186 3.49439239501953
-1.90600395202637 0.189399525523186 3.49439239501953
-1.90600395202637 0.307250648736954 3.37654113769531
0 -0.707106781186613 -0.707106781186482
-1.90600395202637 0.189399525523186 3.49439239501953
1.90600395202637 0.189399525523186 3.49439239501953
1.90600395202637 0.0715483948588371 3.37654113769531
0 0.707106781187893 -0.707106781185202
1.90600395202637 0.0715483948588371 3.37654113769531
-1.90600395202637 0.0715483948588371 3.37654113769531
-1.90600395202637 0.189399525523186 3.49439239501953
0 0.707106781187893 -0.707106781185202
-1.90600395202637 0.0715483948588371 3.37654113769531
1.90600395202637 0.0715483948588371 3.37654113769531
1.90600395202637 0.0715483948588371 3.40600395202637
0 -1 1.88411095041993E-15
1.90600395202637 0.0715483948588371 3.40600395202637
-1.90600395202637 0.0715483948588371 3.40600395202637
-1.90600395202637 0.0715483948588371 3.37654113769531
0 -1 1.88411095041993E-15
-1.90600395202637 0.0715483948588371 3.40600395202637
1.90600395202637 0.0715483948588371 3.40600395202637
1.90600395202637 0.189399525523186 3.52385497093201
0 -0.70710678118788 0.707106781185215
1.90600395202637 0.189399525523186 3.52385497093201
-1.90600395202637 0.189399525523186 3.52385497093201
-1.90600395202637 0.0715483948588371 3.40600395202637
0 -0.70710678118788 0.707106781185215
-1.90600395202637 0.189399525523186 3.64885497093201
1.90600395202637 0.189399525523186 3.64885497093201
1.90600395202637 0.307250648736954 3.53100395202637
0 0.707106781186636 0.707106781186459
1.90600395202637 0.307250648736954 3.53100395202637
-1.90600395202637 0.307250648736954 3.53100395202637
-1.90600395202637 0.189399525523186 3.64885497093201
0 0.707106781186636 0.707106781186459
-1.90600395202637 0.307250648736954 3.53100395202637
1.90600395202637 0.307250648736954 3.53100395202637
1.90600395202637 0.307250648736954 3.50154113769531
0 1 0
1.90600395202637 0.307250648736954 3.50154113769531
-1.90600395202637 0.307250648736954 3.50154113769531
-1.90600395202637 0.307250648736954 3.53100395202637
0 1 0
-1.90600395202637 0.307250648736954 3.50154113769531
1.90600395202637 0.307250648736954 3.50154113769531
1.90600395202637 0.189399525523186 3.61939239501953
0 -0.707106781186636 -0.707106781186459
1.90600395202637 0.189399525523186 3.61939239501953
-1.90600395202637 0.189399525523186 3.61939239501953
-1.90600395202637 0.307250648736954 3.50154113769531
0 -0.707106781186636 -0.707106781186459
-1.90600395202637 0.189399525523186 3.61939239501953
1.90600395202637 0.189399525523186 3.61939239501953
1.90600395202637 0.0715483948588371 3.50154113769531
0 0.70710678118811 -0.707106781184985
1.90600395202637 0.0715483948588371 3.50154113769531
-1.90600395202637 0.0715483948588371 3.50154113769531
-1.90600395202637 0.189399525523186 3.61939239501953
0 0.70710678118811 -0.707106781184985
-1.90600395202637 0.0715483948588371 3.50154113769531
1.90600395202637 0.0715483948588371 3.50154113769531
1.90600395202637 0.0715483948588371 3.53100395202637
0 -1 9.42055475209907E-15
1.90600395202637 0.0715483948588371 3.53100395202637
-1.90600395202637 0.0715483948588371 3.53100395202637
-1.90600395202637 0.0715483948588371 3.50154113769531
0 -1 9.42055475209907E-15
-1.90600395202637 0.0715483948588371 3.53100395202637
1.90600395202637 0.0715483948588371 3.53100395202637
1.90600395202637 0.189399525523186 3.64885497093201
0 -0.707106781188111 0.707106781184984
1.90600395202637 0.189399525523186 3.64885497093201
-1.90600395202637 0.189399525523186 3.64885497093201
-1.90600395202637 0.0715483948588371 3.53100395202637
0 -0.707106781188111 0.707106781184984
-1.90600395202637 0.189399525523186 3.77352690696716
1.90600395202637 0.189399525523186 3.77352690696716
1.90600395202637 0.307250648736954 3.65600395202637
0 0.706120471322756 0.70809171720825
1.90600395202637 0.307250648736954 3.65600395202637
-1.90600395202637 0.307250648736954 3.65600395202637
-1.90600395202637 0.189399525523186 3.77352690696716
0 0.706120471322756 0.70809171720825
-1.90600395202637 0.307250648736954 3.65600395202637
1.90600395202637 0.307250648736954 3.65600395202637
1.90600395202637 0.307250648736954 3.62654113769531
0 1 -1.88411095042072E-15
1.90600395202637 0.307250648736954 3.62654113769531
-1.90600395202637 0.307250648736954 3.62654113769531
-1.90600395202637 0.307250648736954 3.65600395202637
0 1 -1.88411095042072E-15
-1.90600395202637 0.307250648736954 3.62654113769531
1.90600395202637 0.307250648736954 3.62654113769531
1.90600395202637 0.189399525523186 3.74439239501953
0 -0.707106781186569 -0.707106781186526
1.90600395202637 0.189399525523186 3.74439239501953
-1.90600395202637 0.189399525523186 3.74439239501953
-1.90600395202637 0.307250648736954 3.62654113769531
0 -0.707106781186569 -0.707106781186526
-1.90600395202637 0.189399525523186 3.74439239501953
1.90600395202637 0.189399525523186 3.74439239501953
1.90600395202637 0.0715483948588371 3.62654113769531
0 0.707106781188125 -0.70710678118497
1.90600395202637 0.0715483948588371 3.62654113769531
-1.90600395202637 0.0715483948588371 3.62654113769531
-1.90600395202637 0.189399525523186 3.74439239501953
0 0.707106781188125 -0.70710678118497
-1.90600395202637 0.0715483948588371 3.62654113769531
1.90600395202637 0.0715483948588371 3.62654113769531
1.90600395202637 0.0715483948588371 3.65600395202637
0 -1 4.71027737605167E-16
1.90600395202637 0.0715483948588371 3.65600395202637
-1.90600395202637 0.0715483948588371 3.65600395202637
-1.90600395202637 0.0715483948588371 3.62654113769531
0 -1 4.71027737605167E-16
-1.90600395202637 0.0715483948588371 3.65600395202637
1.90600395202637 0.0715483948588371 3.65600395202637
1.90600395202637 0.189399525523186 3.77352690696716
0 -0.706120471324312 0.708091717206699
1.90600395202637 0.189399525523186 3.77352690696716
-1.90600395202637 0.189399525523186 3.77352690696716
-1.90600395202637 0.0715483948588371 3.65600395202637
0 -0.706120471324312 0.708091717206699
-1.90600395202637 0.189399525523186 3.89852690696716
1.90600395202637 0.189399525523186 3.89852690696716
1.90600395202637 0.307250648736954 3.78067588806152
0 0.707106781186556 0.707106781186539
1.90600395202637 0.307250648736954 3.78067588806152
-1.90600395202637 0.307250648736954 3.78067588806152
-1.90600395202637 0.189399525523186 3.89852690696716
0 0.707106781186556 0.707106781186539
-1.90600395202637 0.307250648736954 3.78067588806152
1.90600395202637 0.307250648736954 3.78067588806152
1.90600395202637 0.307250648736954 3.75121307373047
0 1 3.76822190084076E-15
1.90600395202637 0.307250648736954 3.75121307373047
-1.90600395202637 0.307250648736954 3.75121307373047
-1.90600395202637 0.307250648736954 3.78067588806152
0 1 3.76822190084076E-15
-1.90600395202637 0.307250648736954 3.75121307373047
1.90600395202637 0.307250648736954 3.75121307373047
1.90600395202637 0.189399525523186 3.86906409263611
0 -0.707106781186561 -0.707106781186534
1.90600395202637 0.189399525523186 3.86906409263611
-1.90600395202637 0.189399525523186 3.86906409263611
-1.90600395202637 0.307250648736954 3.75121307373047
0 -0.707106781186561 -0.707106781186534
-1.90600395202637 0.189399525523186 3.86906409263611
1.90600395202637 0.189399525523186 3.86906409263611
1.90600395202637 0.0715483948588371 3.75121307373047
0 0.707106781188014 -0.707106781185081
1.90600395202637 0.0715483948588371 3.75121307373047
-1.90600395202637 0.0715483948588371 3.75121307373047
-1.90600395202637 0.189399525523186 3.86906409263611
0 0.707106781188014 -0.707106781185081
-1.90600395202637 0.0715483948588371 3.75121307373047
1.90600395202637 0.0715483948588371 3.75121307373047
1.90600395202637 0.0715483948588371 3.78067588806152
0 -1 9.89158248971118E-15
1.90600395202637 0.0715483948588371 3.78067588806152
-1.90600395202637 0.0715483948588371 3.78067588806152
-1.90600395202637 0.0715483948588371 3.75121307373047
0 -1 9.89158248971118E-15
-1.90600395202637 0.0715483948588371 3.78067588806152
1.90600395202637 0.0715483948588371 3.78067588806152
1.90600395202637 0.189399525523186 3.89852690696716
0 -0.707106781188047 0.707106781185048
1.90600395202637 0.189399525523186 3.89852690696716
-1.90600395202637 0.189399525523186 3.89852690696716
-1.90600395202637 0.0715483948588371 3.78067588806152
0 -0.707106781188047 0.707106781185048
[LEVEL]
7F
[HEADER]
459058,AW3 900 x 1200mm,1462
-8.13609543955462 8.63689693393582 65.2887139107612
1
1 -3.14380779473753E-15 0
3.14380779473753E-15 1 0
0 0 1
0.628390192985535 0.210383862257004 5.22156620025635
0.628390192985535 0.210383862257004 6.02526235580444
1.7601705789566 0.210383862257004 6.02526235580444
0 1 0
1.7601705789566 0.210383862257004 6.02526235580444
1.7601705789566 0.210383862257004 5.22156620025635
0.628390192985535 0.210383862257004 5.22156620025635
0 1 0
-0.565890192985535 0.210383862257004 5.22156620025635
-0.565890192985535 0.210383862257004 6.02526235580444
0.565890192985535 0.210383862257004 6.02526235580444
0 1 0
0.565890192985535 0.210383862257004 6.02526235580444
0.565890192985535 0.210383862257004 5.22156620025635
-0.565890192985535 0.210383862257004 5.22156620025635
0 1 0
-1.7601705789566 0.210383862257004 5.22156620025635
-1.7601705789566 0.210383862257004 6.02526235580444
-0.628390192985535 0.210383862257004 6.02526235580444
0 1 0
-0.628390192985535 0.210383862257004 6.02526235580444
-0.628390192985535 0.210383862257004 5.22156620025635
-1.7601705789566 0.210383862257004 5.22156620025635
0 1 0
-1.7601705789566 0.210383862257004 4.35536956787109
-1.7601705789566 0.210383862257004 5.15906620025635
-0.628390192985535 0.210383862257004 5.15906620025635
0 1 0
-0.628390192985535 0.210383862257004 5.15906620025635
-0.628390192985535 0.210383862257004 4.35536956787109
-1.7601705789566 0.210383862257004 4.35536956787109
0 1 0
-0.565890192985535 0.210383862257004 4.35536956787109
-0.565890192985535 0.210383862257004 5.15906620025635
0.565890192985535 0.210383862257004 5.15906620025635
0 1 0
0.565890192985535 0.210383862257004 5.15906620025635
0.565890192985535 0.210383862257004 4.35536956787109
-0.565890192985535 0.210383862257004 4.35536956787109
0 1 0
0.628390192985535 0.210383862257004 4.35536956787109
0.628390192985535 0.210383862257004 5.15906620025635
1.7601705789566 0.210383862257004 5.15906620025635
0 1 0
1.7601705789566 0.210383862257004 5.15906620025635
1.7601705789566 0.210383862257004 4.35536956787109
0.628390192985535 0.210383862257004 4.35536956787109
0 1 0
0.628390192985535 0.210383862257004 3.48917317390442
0.628390192985535 0.210383862257004 4.29286956787109
1.7601705789566 0.210383862257004 4.29286956787109
0 1 0
1.7601705789566 0.210383862257004 4.29286956787109
1.7601705789566 0.210383862257004 3.48917317390442
0.628390192985535 0.210383862257004 3.48917317390442
0 1 0
-0.565890192985535 0.210383862257004 3.48917317390442
-0.565890192985535 0.210383862257004 4.29286956787109
0.565890192985535 0.210383862257004 3.48917317390442
0 1 0
0.565890192985535 0.210383862257004 4.29286956787109
0.565890192985535 0.210383862257004 3.48917317390442
-0.565890192985535 0.210383862257004 4.29286956787109
0 1 0
-1.7601705789566 0.210383862257004 3.48917317390442
-1.7601705789566 0.210383862257004 4.29286956787109
-0.628390192985535 0.210383862257004 4.29286956787109
0 1 0
-0.628390192985535 0.210383862257004 4.29286956787109
-0.628390192985535 0.210383862257004 3.48917317390442
-1.7601705789566 0.210383862257004 3.48917317390442
0 1 0
1.7601705789566 0.168717190623283 5.22156620025635
1.7601705789566 0.168717190623283 6.02526235580444
0.628390192985535 0.168717190623283 6.02526235580444
0 -1 0
0.628390192985535 0.168717190623283 6.02526235580444
0.628390192985535 0.168717190623283 5.22156620025635
1.7601705789566 0.168717190623283 5.22156620025635
0 -1 0
0.565890192985535 0.168717190623283 5.22156620025635
0.565890192985535 0.168717190623283 6.02526235580444
-0.565890192985535 0.168717190623283 6.02526235580444
0 -1 0
-0.565890192985535 0.168717190623283 6.02526235580444
-0.565890192985535 0.168717190623283 5.22156620025635
0.565890192985535 0.168717190623283 5.22156620025635
0 -1 0
-0.628390192985535 0.168717190623283 5.22156620025635
-0.628390192985535 0.168717190623283 6.02526235580444
-1.7601705789566 0.168717190623283 6.02526235580444
0 -1 0
-1.7601705789566 0.168717190623283 6.02526235580444
-1.7601705789566 0.168717190623283 5.22156620025635
-0.628390192985535 0.168717190623283 5.22156620025635
0 -1 0
-0.628390192985535 0.168717190623283 4.35536956787109
-0.628390192985535 0.168717190623283 5.15906620025635
-1.7601705789566 0.168717190623283 5.15906620025635
0 -1 0
-1.7601705789566 0.168717190623283 5.15906620025635
-1.7601705789566 0.168717190623283 4.35536956787109
-0.628390192985535 0.168717190623283 4.35536956787109
0 -1 0
0.565890192985535 0.168717190623283 4.35536956787109
0.565890192985535 0.168717190623283 5.15906620025635
-0.565890192985535 0.168717190623283 5.15906620025635
0 -1 0
-0.565890192985535 0.168717190623283 5.15906620025635
-0.565890192985535 0.168717190623283 4.35536956787109
0.565890192985535 0.168717190623283 4.35536956787109
0 -1 0
1.7601705789566 0.168717190623283 4.35536956787109
1.7601705789566 0.168717190623283 5.15906620025635
0.628390192985535 0.168717190623283 5.15906620025635
0 -1 0
0.628390192985535 0.168717190623283 5.15906620025635
0.628390192985535 0.168717190623283 4.35536956787109
1.7601705789566 0.168717190623283 4.35536956787109
0 -1 0
1.7601705789566 0.168717190623283 3.48917317390442
1.7601705789566 0.168717190623283 4.29286956787109
0.628390192985535 0.168717190623283 4.29286956787109
0 -1 0
0.628390192985535 0.168717190623283 4.29286956787109
0.628390192985535 0.168717190623283 3.48917317390442
1.7601705789566 0.168717190623283 3.48917317390442
0 -1 0
0.565890192985535 0.168717190623283 3.48917317390442
0.565890192985535 0.168717190623283 4.29286956787109
-0.565890192985535 0.168717190623283 3.48917317390442
0 -1 0
-0.565890192985535 0.168717190623283 4.29286956787109
-0.565890192985535 0.168717190623283 3.48917317390442
0.565890192985535 0.168717190623283 4.29286956787109
0 -1 0
-0.628390192985535 0.168717190623283 3.48917317390442
-0.628390192985535 0.168717190623283 4.29286956787109
-1.7601705789566 0.168717190623283 4.29286956787109
0 -1 0
-1.7601705789566 0.168717190623283 4.29286956787109
-1.7601705789566 0.168717190623283 3.48917317390442
-0.628390192985535 0.168717190623283 3.48917317390442
0 -1 0
0.628390192985535 0.210383862257004 6.02526235580444
0.628390192985535 0.168717190623283 6.02526235580444
1.7601705789566 0.168717190623283 6.02526235580444
0 0 1
1.7601705789566 0.168717190623283 6.02526235580444
1.7601705789566 0.210383862257004 6.02526235580444
0.628390192985535 0.210383862257004 6.02526235580444
0 0 1
1.7601705789566 0.210383862257004 6.02526235580444
1.7601705789566 0.168717190623283 6.02526235580444
1.7601705789566 0.168717190623283 5.22156620025635
1 0 0
1.7601705789566 0.168717190623283 5.22156620025635
1.7601705789566 0.210383862257004 5.22156620025635
1.7601705789566 0.210383862257004 6.02526235580444
1 0 0
1.7601705789566 0.210383862257004 5.22156620025635
1.7601705789566 0.168717190623283 5.22156620025635
0.628390192985535 0.168717190623283 5.22156620025635
0 0 -1
0.628390192985535 0.168717190623283 5.22156620025635
0.628390192985535 0.210383862257004 5.22156620025635
1.7601705789566 0.210383862257004 5.22156620025635
0 0 -1
0.628390192985535 0.210383862257004 5.22156620025635
0.628390192985535 0.168717190623283 5.22156620025635
0.628390192985535 0.168717190623283 6.02526235580444
-1 0 1.3813960181215E-16
0.628390192985535 0.168717190623283 6.02526235580444
0.628390192985535 0.210383862257004 6.02526235580444
0.628390192985535 0.210383862257004 5.22156620025635
-1 0 1.3813960181215E-16
-0.565890192985535 0.210383862257004 6.02526235580444
-0.565890192985535 0.168717190623283 6.02526235580444
0.565890192985535 0.168717190623283 6.02526235580444
0 0 1
0.565890192985535 0.168717190623283 6.02526235580444
0.565890192985535 0.210383862257004 6.02526235580444
-0.565890192985535 0.210383862257004 6.02526235580444
0 0 1
0.565890192985535 0.210383862257004 6.02526235580444
0.565890192985535 0.168717190623283 6.02526235580444
0.565890192985535 0.168717190623283 5.22156620025635
1 0 0
0.565890192985535 0.168717190623283 5.22156620025635
0.565890192985535 0.210383862257004 5.22156620025635
0.565890192985535 0.210383862257004 6.02526235580444
1 0 0
0.565890192985535 0.210383862257004 5.22156620025635
0.565890192985535 0.168717190623283 5.22156620025635
-0.565890192985535 0.168717190623283 5.22156620025635
0 0 -1
-0.565890192985535 0.168717190623283 5.22156620025635
-0.565890192985535 0.210383862257004 5.22156620025635
0.565890192985535 0.210383862257004 5.22156620025635
0 0 -1
-0.565890192985535 0.210383862257004 5.22156620025635
-0.565890192985535 0.168717190623283 5.22156620025635
-0.565890192985535 0.168717190623283 6.02526235580444
-1 0 0
-0.565890192985535 0.168717190623283 6.02526235580444
-0.565890192985535 0.210383862257004 6.02526235580444
-0.565890192985535 0.210383862257004 5.22156620025635
-1 0 0
-1.7601705789566 0.210383862257004 6.02526235580444
-1.7601705789566 0.168717190623283 6.02526235580444
-0.628390192985535 0.168717190623283 6.02526235580444
0 0 1
-0.628390192985535 0.168717190623283 6.02526235580444
-0.628390192985535 0.210383862257004 6.02526235580444
-1.7601705789566 0.210383862257004 6.02526235580444
0 0 1
-0.628390192985535 0.210383862257004 6.02526235580444
-0.628390192985535 0.168717190623283 6.02526235580444
-0.628390192985535 0.168717190623283 5.22156620025635
1 0 0
-0.628390192985535 0.168717190623283 5.22156620025635
-0.628390192985535 0.210383862257004 5.22156620025635
-0.628390192985535 0.210383862257004 6.02526235580444
1 0 0
-0.628390192985535 0.210383862257004 5.22156620025635
-0.628390192985535 0.168717190623283 5.22156620025635
-1.7601705789566 0.168717190623283 5.22156620025635
0 0 -1
-1.7601705789566 0.168717190623283 5.22156620025635
-1.7601705789566 0.210383862257004 5.22156620025635
-0.628390192985535 0.210383862257004 5.22156620025635
0 0 -1
-1.7601705789566 0.210383862257004 5.22156620025635
-1.7601705789566 0.168717190623283 5.22156620025635
-1.7601705789566 0.168717190623283 6.02526235580444
-1 0 0
-1.7601705789566 0.168717190623283 6.02526235580444
-1.7601705789566 0.210383862257004 6.02526235580444
-1.7601705789566 0.210383862257004 5.22156620025635
-1 0 0
-1.7601705789566 0.210383862257004 5.15906620025635
-1.7601705789566 0.168717190623283 5.15906620025635
-0.628390192985535 0.168717190623283 5.15906620025635
0 0 1
-0.628390192985535 0.168717190623283 5.15906620025635
-0.628390192985535 0.210383862257004 5.15906620025635
-1.7601705789566 0.210383862257004 5.15906620025635
0 0 1
-0.628390192985535 0.210383862257004 5.15906620025635
-0.628390192985535 0.168717190623283 5.15906620025635
-0.628390192985535 0.168717190623283 4.35536956787109
1 0 0
-0.628390192985535 0.168717190623283 4.35536956787109
-0.628390192985535 0.210383862257004 4.35536956787109
-0.628390192985535 0.210383862257004 5.15906620025635
1 0 0
-0.628390192985535 0.210383862257004 4.35536956787109
-0.628390192985535 0.168717190623283 4.35536956787109
-1.7601705789566 0.168717190623283 4.35536956787109
0 0 -1
-1.7601705789566 0.168717190623283 4.35536956787109
-1.7601705789566 0.210383862257004 4.35536956787109
-0.628390192985535 0.210383862257004 4.35536956787109
0 0 -1
-1.7601705789566 0.210383862257004 4.35536956787109
-1.7601705789566 0.168717190623283 4.35536956787109
-1.7601705789566 0.168717190623283 5.15906620025635
-1 0 0
-1.7601705789566 0.168717190623283 5.15906620025635
-1.7601705789566 0.210383862257004 5.15906620025635
-1.7601705789566 0.210383862257004 4.35536956787109
-1 0 0
-0.565890192985535 0.210383862257004 5.15906620025635
-0.565890192985535 0.168717190623283 5.15906620025635
0.565890192985535 0.168717190623283 5.15906620025635
0 0 1
0.565890192985535 0.168717190623283 5.15906620025635
0.565890192985535 0.210383862257004 5.15906620025635
-0.565890192985535 0.210383862257004 5.15906620025635
0 0 1
0.565890192985535 0.210383862257004 5.15906620025635
0.565890192985535 0.168717190623283 5.15906620025635
0.565890192985535 0.168717190623283 4.35536956787109
1 0 0
0.565890192985535 0.168717190623283 4.35536956787109
0.565890192985535 0.210383862257004 4.35536956787109
0.565890192985535 0.210383862257004 5.15906620025635
1 0 0
0.565890192985535 0.210383862257004 4.35536956787109
0.565890192985535 0.168717190623283 4.35536956787109
-0.565890192985535 0.168717190623283 4.35536956787109
0 0 -1
-0.565890192985535 0.168717190623283 4.35536956787109
-0.565890192985535 0.210383862257004 4.35536956787109
0.565890192985535 0.210383862257004 4.35536956787109
0 0 -1
-0.565890192985535 0.210383862257004 4.35536956787109
-0.565890192985535 0.168717190623283 4.35536956787109
-0.565890192985535 0.168717190623283 5.15906620025635
-1 0 -1.38139601812112E-16
-0.565890192985535 0.168717190623283 5.15906620025635
-0.565890192985535 0.210383862257004 5.15906620025635
-0.565890192985535 0.210383862257004 4.35536956787109
-1 0 -1.38139601812112E-16
0.628390192985535 0.210383862257004 5.15906620025635
0.628390192985535 0.168717190623283 5.15906620025635
1.7601705789566 0.168717190623283 5.15906620025635
0 0 1
1.7601705789566 0.168717190623283 5.15906620025635
1.7601705789566 0.210383862257004 5.15906620025635
0.628390192985535 0.210383862257004 5.15906620025635
0 0 1
1.7601705789566 0.210383862257004 5.15906620025635
1.7601705789566 0.168717190623283 5.15906620025635
1.7601705789566 0.168717190623283 4.35536956787109
1 0 0
1.7601705789566 0.168717190623283 4.35536956787109
1.7601705789566 0.210383862257004 4.35536956787109
1.7601705789566 0.210383862257004 5.15906620025635
1 0 0
1.7601705789566 0.210383862257004 4.35536956787109
1.7601705789566 0.168717190623283 4.35536956787109
0.628390192985535 0.168717190623283 4.35536956787109
0 0 -1
0.628390192985535 0.168717190623283 4.35536956787109
0.628390192985535 0.210383862257004 4.35536956787109
1.7601705789566 0.210383862257004 4.35536956787109
0 0 -1
0.628390192985535 0.210383862257004 4.35536956787109
0.628390192985535 0.168717190623283 4.35536956787109
0.628390192985535 0.168717190623283 5.15906620025635
-1 0 0
0.628390192985535 0.168717190623283 5.15906620025635
0.628390192985535 0.210383862257004 5.15906620025635
0.628390192985535 0.210383862257004 4.35536956787109
-1 0 0
0.628390192985535 0.210383862257004 4.29286956787109
0.628390192985535 0.168717190623283 4.29286956787109
1.7601705789566 0.168717190623283 4.29286956787109
0 0 1
1.7601705789566 0.168717190623283 4.29286956787109
1.7601705789566 0.210383862257004 4.29286956787109
0.628390192985535 0.210383862257004 4.29286956787109
0 0 1
1.7601705789566 0.210383862257004 4.29286956787109
1.7601705789566 0.168717190623283 4.29286956787109
1.7601705789566 0.168717190623283 3.48917317390442
1 0 0
1.7601705789566 0.168717190623283 3.48917317390442
1.7601705789566 0.210383862257004 3.48917317390442
1.7601705789566 0.210383862257004 4.29286956787109
1 0 0
1.7601705789566 0.210383862257004 3.48917317390442
1.7601705789566 0.168717190623283 3.48917317390442
0.628390192985535 0.168717190623283 3.48917317390442
0 0 -1
0.628390192985535 0.168717190623283 3.48917317390442
0.628390192985535 0.210383862257004 3.48917317390442
1.7601705789566 0.210383862257004 3.48917317390442
0 0 -1
0.628390192985535 0.210383862257004 3.48917317390442
0.628390192985535 0.168717190623283 3.48917317390442
0.628390192985535 0.168717190623283 4.29286956787109
-1 0 0
0.628390192985535 0.168717190623283 4.29286956787109
0.628390192985535 0.210383862257004 4.29286956787109
0.628390192985535 0.210383862257004 3.48917317390442
-1 0 0
-0.565890192985535 0.210383862257004 4.29286956787109
-0.565890192985535 0.168717190623283 4.29286956787109
0.565890192985535 0.168717190623283 4.29286956787109
0 0 1
0.565890192985535 0.168717190623283 4.29286956787109
0.565890192985535 0.210383862257004 4.29286956787109
-0.565890192985535 0.210383862257004 4.29286956787109
0 0 1
0.565890192985535 0.210383862257004 4.29286956787109
0.565890192985535 0.168717190623283 4.29286956787109
0.565890192985535 0.168717190623283 3.48917317390442
1 0 0
0.565890192985535 0.168717190623283 3.48917317390442
0.565890192985535 0.210383862257004 3.48917317390442
0.565890192985535 0.210383862257004 4.29286956787109
1 0 0
0.565890192985535 0.210383862257004 3.48917317390442
0.565890192985535 0.168717190623283 3.48917317390442
-0.565890192985535 0.168717190623283 3.48917317390442
0 0 -1
-0.565890192985535 0.168717190623283 3.48917317390442
-0.565890192985535 0.210383862257004 3.48917317390442
0.565890192985535 0.210383862257004 3.48917317390442
0 0 -1
-0.565890192985535 0.210383862257004 3.48917317390442
-0.565890192985535 0.168717190623283 3.48917317390442
-0.565890192985535 0.168717190623283 4.29286956787109
-1 0 0
-0.565890192985535 0.168717190623283 4.29286956787109
-0.565890192985535 0.210383862257004 4.29286956787109
-0.565890192985535 0.210383862257004 3.48917317390442
-1 0 0
-1.7601705789566 0.210383862257004 4.29286956787109
-1.7601705789566 0.168717190623283 4.29286956787109
-0.628390192985535 0.168717190623283 4.29286956787109
0 0 1
-0.628390192985535 0.168717190623283 4.29286956787109
-0.628390192985535 0.210383862257004 4.29286956787109
-1.7601705789566 0.210383862257004 4.29286956787109
0 0 1
-0.628390192985535 0.210383862257004 4.29286956787109
-0.628390192985535 0.168717190623283 4.29286956787109
-0.628390192985535 0.168717190623283 3.48917317390442
1 0 0
-0.628390192985535 0.168717190623283 3.48917317390442
-0.628390192985535 0.210383862257004 3.48917317390442
-0.628390192985535 0.210383862257004 4.29286956787109
1 0 0
-0.628390192985535 0.210383862257004 3.48917317390442
-0.628390192985535 0.168717190623283 3.48917317390442
-1.7601705789566 0.168717190623283 3.48917317390442
0 0 -1
-1.7601705789566 0.168717190623283 3.48917317390442
-1.7601705789566 0.210383862257004 3.48917317390442
-0.628390192985535 0.210383862257004 3.48917317390442
0 0 -1
-1.7601705789566 0.210383862257004 3.48917317390442
-1.7601705789566 0.168717190623283 3.48917317390442
-1.7601705789566 0.168717190623283 4.29286956787109
-1 0 0
-1.7601705789566 0.168717190623283 4.29286956787109
-1.7601705789566 0.210383862257004 4.29286956787109
-1.7601705789566 0.210383862257004 3.48917317390442
-1 0 0
-1.90600395202637 0.262467205524445 6.1710958480835
-1.7601705789566 0.262467205524445 6.02526235580444
-1.7601705789566 0.262467205524445 5.22156620025635
0 1 0
-1.7601705789566 0.262467205524445 6.02526235580444
-1.90600395202637 0.262467205524445 6.1710958480835
-0.628390192985535 0.262467205524445 6.02526235580444
0 1 0
-1.7601705789566 0.262467205524445 5.15906620025635
-1.7601705789566 0.262467205524445 5.22156620025635
-0.628390192985535 0.262467205524445 5.22156620025635
0 1 0
-1.7601705789566 0.262467205524445 5.22156620025635
-1.7601705789566 0.262467205524445 5.15906620025635
-1.90600395202637 0.262467205524445 6.1710958480835
0 1 0
-1.90600395202637 0.262467205524445 6.1710958480835
-0.565890192985535 0.262467205524445 6.02526235580444
-0.628390192985535 0.262467205524445 6.02526235580444
0 1 0
-1.90600395202637 0.262467205524445 6.1710958480835
-1.7601705789566 0.262467205524445 5.15906620025635
-1.7601705789566 0.262467205524445 4.35536956787109
0 1 0
-0.628390192985535 0.262467205524445 5.22156620025635
-0.565890192985535 0.262467205524445 6.02526235580444
-0.565890192985535 0.262467205524445 5.22156620025635
0 1 0
-0.565890192985535 0.262467205524445 6.02526235580444
-0.628390192985535 0.262467205524445 5.22156620025635
-0.628390192985535 0.262467205524445 6.02526235580444
0 1 0
-0.628390192985535 0.262467205524445 5.15906620025635
-0.565890192985535 0.262467205524445 5.22156620025635
-0.565890192985535 0.262467205524445 5.15906620025635
0 1 0
-0.565890192985535 0.262467205524445 5.22156620025635
-0.628390192985535 0.262467205524445 5.15906620025635
-0.628390192985535 0.262467205524445 5.22156620025635
0 1 0
0.565890192985535 0.262467205524445 5.22156620025635
-0.565890192985535 0.262467205524445 5.15906620025635
-0.565890192985535 0.262467205524445 5.22156620025635
0 1 0
-0.628390192985535 0.262467205524445 5.22156620025635
-0.628390192985535 0.262467205524445 5.15906620025635
-1.7601705789566 0.262467205524445 5.15906620025635
0 1 0
-1.90600395202637 0.262467205524445 6.1710958480835
0.565890192985535 0.262467205524445 6.02526235580444
-0.565890192985535 0.262467205524445 6.02526235580444
0 1 0
-0.565890192985535 0.262467205524445 4.35536956787109
-0.628390192985535 0.262467205524445 5.15906620025635
-0.565890192985535 0.262467205524445 5.15906620025635
0 1 0
-1.7601705789566 0.262467205524445 4.35536956787109
-1.7601705789566 0.262467205524445 4.29286956787109
-1.90600395202637 0.262467205524445 3.34333992004395
0 1 0
-1.90600395202637 0.262467205524445 3.34333992004395
-1.7601705789566 0.262467205524445 3.48917317390442
-0.628390192985535 0.262467205524445 3.48917317390442
0 1 0
-1.7601705789566 0.262467205524445 3.48917317390442
-1.90600395202637 0.262467205524445 3.34333992004395
-1.7601705789566 0.262467205524445 4.29286956787109
0 1 0
-1.90600395202637 0.262467205524445 3.34333992004395
-0.628390192985535 0.262467205524445 3.48917317390442
-0.565890192985535 0.262467205524445 3.48917317390442
0 1 0
-1.7601705789566 0.262467205524445 4.29286956787109
-1.7601705789566 0.262467205524445 4.35536956787109
-0.628390192985535 0.262467205524445 4.29286956787109
0 1 0
-1.7601705789566 0.262467205524445 4.35536956787109
-1.90600395202637 0.262467205524445 3.34333992004395
-1.90600395202637 0.262467205524445 6.1710958480835
0 1 0
-0.628390192985535 0.262467205524445 4.35536956787109
-0.565890192985535 0.262467205524445 4.35536956787109
-0.565890192985535 0.262467205524445 4.29286956787109
0 1 0
-0.628390192985535 0.262467205524445 4.29286956787109
-0.565890192985535 0.262467205524445 4.29286956787109
-0.565890192985535 0.262467205524445 3.48917317390442
0 1 0
-0.565890192985535 0.262467205524445 4.29286956787109
-0.628390192985535 0.262467205524445 4.29286956787109
-0.628390192985535 0.262467205524445 4.35536956787109
0 1 0
-0.628390192985535 0.262467205524445 4.29286956787109
-0.565890192985535 0.262467205524445 3.48917317390442
-0.628390192985535 0.262467205524445 3.48917317390442
0 1 0
-0.565890192985535 0.262467205524445 4.29286956787109
-0.565890192985535 0.262467205524445 4.35536956787109
0.565890192985535 0.262467205524445 4.35536956787109
0 1 0
-0.628390192985535 0.262467205524445 4.35536956787109
-0.628390192985535 0.262467205524445 4.29286956787109
-1.7601705789566 0.262467205524445 4.35536956787109
0 1 0
-0.628390192985535 0.262467205524445 5.15906620025635
-0.565890192985535 0.262467205524445 4.35536956787109
-0.628390192985535 0.262467205524445 4.35536956787109
0 1 0
-1.90600395202637 0.262467205524445 3.34333992004395
-0.565890192985535 0.262467205524445 3.48917317390442
0.565890192985535 0.262467205524445 3.48917317390442
0 1 0
0.565890192985535 0.262467205524445 6.02526235580444
0.628390192985535 0.262467205524445 5.22156620025635
0.565890192985535 0.262467205524445 5.22156620025635
0 1 0
0.628390192985535 0.262467205524445 5.22156620025635
0.565890192985535 0.262467205524445 6.02526235580444
0.628390192985535 0.262467205524445 6.02526235580444
0 1 0
0.565890192985535 0.262467205524445 5.15906620025635
0.565890192985535 0.262467205524445 5.22156620025635
0.628390192985535 0.262467205524445 5.15906620025635
0 1 0
0.565890192985535 0.262467205524445 5.15906620025635
-0.565890192985535 0.262467205524445 5.15906620025635
0.565890192985535 0.262467205524445 5.22156620025635
0 1 0
0.628390192985535 0.262467205524445 5.15906620025635
0.565890192985535 0.262467205524445 5.22156620025635
0.628390192985535 0.262467205524445 5.22156620025635
0 1 0
0.565890192985535 0.262467205524445 4.35536956787109
0.565890192985535 0.262467205524445 5.15906620025635
0.628390192985535 0.262467205524445 5.15906620025635
0 1 0
0.628390192985535 0.262467205524445 5.22156620025635
1.7601705789566 0.262467205524445 5.15906620025635
0.628390192985535 0.262467205524445 5.15906620025635
0 1 0
1.7601705789566 0.262467205524445 6.02526235580444
1.90600395202637 0.262467205524445 6.1710958480835
1.7601705789566 0.262467205524445 5.22156620025635
0 1 0
1.90600395202637 0.262467205524445 6.1710958480835
1.7601705789566 0.262467205524445 6.02526235580444
0.628390192985535 0.262467205524445 6.02526235580444
0 1 0
1.7601705789566 0.262467205524445 5.22156620025635
1.7601705789566 0.262467205524445 5.15906620025635
0.628390192985535 0.262467205524445 5.22156620025635
0 1 0
1.7601705789566 0.262467205524445 5.15906620025635
1.7601705789566 0.262467205524445 5.22156620025635
1.90600395202637 0.262467205524445 6.1710958480835
0 1 0
1.90600395202637 0.262467205524445 6.1710958480835
1.7601705789566 0.262467205524445 4.35536956787109
1.7601705789566 0.262467205524445 5.15906620025635
0 1 0
1.90600395202637 0.262467205524445 6.1710958480835
0.628390192985535 0.262467205524445 6.02526235580444
0.565890192985535 0.262467205524445 6.02526235580444
0 1 0
0.565890192985535 0.262467205524445 6.02526235580444
-1.90600395202637 0.262467205524445 6.1710958480835
1.90600395202637 0.262467205524445 6.1710958480835
0 1 0
0.565890192985535 0.262467205524445 4.35536956787109
0.628390192985535 0.262467205524445 4.35536956787109
0.565890192985535 0.262467205524445 4.29286956787109
0 1 0
0.565890192985535 0.262467205524445 4.35536956787109
0.628390192985535 0.262467205524445 5.15906620025635
0.628390192985535 0.262467205524445 4.35536956787109
0 1 0
0.565890192985535 0.262467205524445 4.29286956787109
0.628390192985535 0.262467205524445 4.29286956787109
0.565890192985535 0.262467205524445 3.48917317390442
0 1 0
0.628390192985535 0.262467205524445 4.29286956787109
0.565890192985535 0.262467205524445 4.29286956787109
0.628390192985535 0.262467205524445 4.35536956787109
0 1 0
0.565890192985535 0.262467205524445 3.48917317390442
0.628390192985535 0.262467205524445 4.29286956787109
0.628390192985535 0.262467205524445 3.48917317390442
0 1 0
0.628390192985535 0.262467205524445 4.35536956787109
1.7601705789566 0.262467205524445 4.35536956787109
0.628390192985535 0.262467205524445 4.29286956787109
0 1 0
0.565890192985535 0.262467205524445 4.29286956787109
-0.565890192985535 0.262467205524445 4.29286956787109
0.565890192985535 0.262467205524445 4.35536956787109
0 1 0
1.7601705789566 0.262467205524445 4.29286956787109
1.7601705789566 0.262467205524445 4.35536956787109
1.90600395202637 0.262467205524445 3.34333992004395
0 1 0
0.628390192985535 0.262467205524445 3.48917317390442
1.7601705789566 0.262467205524445 3.48917317390442
1.90600395202637 0.262467205524445 3.34333992004395
0 1 0
1.90600395202637 0.262467205524445 3.34333992004395
1.7601705789566 0.262467205524445 3.48917317390442
1.7601705789566 0.262467205524445 4.29286956787109
0 1 0
0.628390192985535 0.262467205524445 3.48917317390442
1.90600395202637 0.262467205524445 3.34333992004395
0.565890192985535 0.262467205524445 3.48917317390442
0 1 0
1.7601705789566 0.262467205524445 4.35536956787109
1.90600395202637 0.262467205524445 6.1710958480835
1.90600395202637 0.262467205524445 3.34333992004395
0 1 0
1.7601705789566 0.262467205524445 4.29286956787109
0.628390192985535 0.262467205524445 4.29286956787109
1.7601705789566 0.262467205524445 4.35536956787109
0 1 0
0.565890192985535 0.262467205524445 3.48917317390442
1.90600395202637 0.262467205524445 3.34333992004395
-1.90600395202637 0.262467205524445 3.34333992004395
0 1 0
1.90600395202637 0.116633854806423 6.1710958480835
1.7601705789566 0.116633854806423 6.02526235580444
1.7601705789566 0.116633854806423 5.22156620025635
0 -1 0
1.7601705789566 0.116633854806423 6.02526235580444
1.90600395202637 0.116633854806423 6.1710958480835
0.628390192985535 0.116633854806423 6.02526235580444
0 -1 0
1.7601705789566 0.116633854806423 5.15906620025635
1.7601705789566 0.116633854806423 5.22156620025635
0.628390192985535 0.116633854806423 5.22156620025635
0 -1 0
1.7601705789566 0.116633854806423 5.22156620025635
1.7601705789566 0.116633854806423 5.15906620025635
1.90600395202637 0.116633854806423 6.1710958480835
0 -1 0
1.90600395202637 0.116633854806423 6.1710958480835
0.565890192985535 0.116633854806423 6.02526235580444
0.628390192985535 0.116633854806423 6.02526235580444
0 -1 0
1.90600395202637 0.116633854806423 6.1710958480835
1.7601705789566 0.116633854806423 5.15906620025635
1.7601705789566 0.116633854806423 4.35536956787109
0 -1 0
0.628390192985535 0.116633854806423 5.22156620025635
0.565890192985535 0.116633854806423 6.02526235580444
0.565890192985535 0.116633854806423 5.22156620025635
0 -1 0
0.565890192985535 0.116633854806423 6.02526235580444
0.628390192985535 0.116633854806423 5.22156620025635
0.628390192985535 0.116633854806423 6.02526235580444
0 -1 0
0.628390192985535 0.116633854806423 5.15906620025635
0.565890192985535 0.116633854806423 5.22156620025635
0.565890192985535 0.116633854806423 5.15906620025635
0 -1 0
0.565890192985535 0.116633854806423 5.22156620025635
0.628390192985535 0.116633854806423 5.15906620025635
0.628390192985535 0.116633854806423 5.22156620025635
0 -1 0
-0.565890192985535 0.116633854806423 5.15906620025635
0.565890192985535 0.116633854806423 5.15906620025635
0.565890192985535 0.116633854806423 5.22156620025635
0 -1 0
0.628390192985535 0.116633854806423 5.22156620025635
0.628390192985535 0.116633854806423 5.15906620025635
1.7601705789566 0.116633854806423 5.15906620025635
0 -1 0
1.90600395202637 0.116633854806423 6.1710958480835
-0.565890192985535 0.116633854806423 6.02526235580444
0.565890192985535 0.116633854806423 6.02526235580444
0 -1 0
0.565890192985535 0.116633854806423 4.35536956787109
0.628390192985535 0.116633854806423 5.15906620025635
0.565890192985535 0.116633854806423 5.15906620025635
0 -1 0
1.7601705789566 0.116633854806423 4.35536956787109
1.7601705789566 0.116633854806423 4.29286956787109
1.90600395202637 0.116633854806423 3.34333992004395
0 -1 0
1.90600395202637 0.116633854806423 3.34333992004395
1.7601705789566 0.116633854806423 3.48917317390442
0.628390192985535 0.116633854806423 3.48917317390442
0 -1 0
1.7601705789566 0.116633854806423 3.48917317390442
1.90600395202637 0.116633854806423 3.34333992004395
1.7601705789566 0.116633854806423 4.29286956787109
0 -1 0
1.90600395202637 0.116633854806423 3.34333992004395
0.628390192985535 0.116633854806423 3.48917317390442
0.565890192985535 0.116633854806423 3.48917317390442
0 -1 0
1.7601705789566 0.116633854806423 4.29286956787109
1.7601705789566 0.116633854806423 4.35536956787109
0.628390192985535 0.116633854806423 4.29286956787109
0 -1 0
1.7601705789566 0.116633854806423 4.35536956787109
1.90600395202637 0.116633854806423 3.34333992004395
1.90600395202637 0.116633854806423 6.1710958480835
0 -1 0
0.628390192985535 0.116633854806423 4.35536956787109
0.565890192985535 0.116633854806423 4.35536956787109
0.565890192985535 0.116633854806423 4.29286956787109
0 -1 0
0.628390192985535 0.116633854806423 4.29286956787109
0.565890192985535 0.116633854806423 4.29286956787109
0.565890192985535 0.116633854806423 3.48917317390442
0 -1 0
0.565890192985535 0.116633854806423 4.29286956787109
0.628390192985535 0.116633854806423 4.29286956787109
0.628390192985535 0.116633854806423 4.35536956787109
0 -1 0
0.628390192985535 0.116633854806423 4.29286956787109
0.565890192985535 0.116633854806423 3.48917317390442
0.628390192985535 0.116633854806423 3.48917317390442
0 -1 0
0.565890192985535 0.116633854806423 4.29286956787109
0.565890192985535 0.116633854806423 4.35536956787109
-0.565890192985535 0.116633854806423 4.35536956787109
0 -1 0
0.628390192985535 0.116633854806423 4.35536956787109
0.628390192985535 0.116633854806423 4.29286956787109
1.7601705789566 0.116633854806423 4.35536956787109
0 -1 0
0.628390192985535 0.116633854806423 5.15906620025635
0.565890192985535 0.116633854806423 4.35536956787109
0.628390192985535 0.116633854806423 4.35536956787109
0 -1 0
1.90600395202637 0.116633854806423 3.34333992004395
0.565890192985535 0.116633854806423 3.48917317390442
-0.565890192985535 0.116633854806423 3.48917317390442
0 -1 0
-0.565890192985535 0.116633854806423 6.02526235580444
-0.628390192985535 0.116633854806423 5.22156620025635
-0.565890192985535 0.116633854806423 5.22156620025635
0 -1 0
-0.628390192985535 0.116633854806423 5.22156620025635
-0.565890192985535 0.116633854806423 6.02526235580444
-0.628390192985535 0.116633854806423 6.02526235580444
0 -1 0
-0.565890192985535 0.116633854806423 5.15906620025635
-0.565890192985535 0.116633854806423 5.22156620025635
-0.628390192985535 0.116633854806423 5.15906620025635
0 -1 0
-0.565890192985535 0.116633854806423 5.15906620025635
0.565890192985535 0.116633854806423 5.22156620025635
-0.565890192985535 0.116633854806423 5.22156620025635
0 -1 0
-0.628390192985535 0.116633854806423 5.15906620025635
-0.565890192985535 0.116633854806423 5.22156620025635
-0.628390192985535 0.116633854806423 5.22156620025635
0 -1 0
-0.565890192985535 0.116633854806423 4.35536956787109
-0.565890192985535 0.116633854806423 5.15906620025635
-0.628390192985535 0.116633854806423 5.15906620025635
0 -1 0
-0.628390192985535 0.116633854806423 5.22156620025635
-1.7601705789566 0.116633854806423 5.15906620025635
-0.628390192985535 0.116633854806423 5.15906620025635
0 -1 0
-1.7601705789566 0.116633854806423 6.02526235580444
-1.90600395202637 0.116633854806423 6.1710958480835
-1.7601705789566 0.116633854806423 5.22156620025635
0 -1 0
-1.90600395202637 0.116633854806423 6.1710958480835
-1.7601705789566 0.116633854806423 6.02526235580444
-0.628390192985535 0.116633854806423 6.02526235580444
0 -1 0
-1.7601705789566 0.116633854806423 5.22156620025635
-1.7601705789566 0.116633854806423 5.15906620025635
-0.628390192985535 0.116633854806423 5.22156620025635
0 -1 0
-1.7601705789566 0.116633854806423 5.15906620025635
-1.7601705789566 0.116633854806423 5.22156620025635
-1.90600395202637 0.116633854806423 6.1710958480835
0 -1 0
-1.90600395202637 0.116633854806423 6.1710958480835
-1.7601705789566 0.116633854806423 4.35536956787109
-1.7601705789566 0.116633854806423 5.15906620025635
0 -1 0
-1.90600395202637 0.116633854806423 6.1710958480835
-0.628390192985535 0.116633854806423 6.02526235580444
-0.565890192985535 0.116633854806423 6.02526235580444
0 -1 0
-0.565890192985535 0.116633854806423 6.02526235580444
1.90600395202637 0.116633854806423 6.1710958480835
-1.90600395202637 0.116633854806423 6.1710958480835
0 -1 0
-0.565890192985535 0.116633854806423 4.35536956787109
-0.628390192985535 0.116633854806423 4.35536956787109
-0.565890192985535 0.116633854806423 4.29286956787109
0 -1 0
-0.565890192985535 0.116633854806423 4.35536956787109
-0.628390192985535 0.116633854806423 5.15906620025635
-0.628390192985535 0.116633854806423 4.35536956787109
0 -1 0
-0.565890192985535 0.116633854806423 4.29286956787109
-0.628390192985535 0.116633854806423 4.29286956787109
-0.565890192985535 0.116633854806423 3.48917317390442
0 -1 0
-0.628390192985535 0.116633854806423 4.29286956787109
-0.565890192985535 0.116633854806423 4.29286956787109
-0.628390192985535 0.116633854806423 4.35536956787109
0 -1 0
-0.565890192985535 0.116633854806423 3.48917317390442
-0.628390192985535 0.116633854806423 4.29286956787109
-0.628390192985535 0.116633854806423 3.48917317390442
0 -1 0
-0.628390192985535 0.116633854806423 4.35536956787109
-1.7601705789566 0.116633854806423 4.35536956787109
-0.628390192985535 0.116633854806423 4.29286956787109
0 -1 0
-0.565890192985535 0.116633854806423 4.29286956787109
0.565890192985535 0.116633854806423 4.29286956787109
-0.565890192985535 0.116633854806423 4.35536956787109
0 -1 0
-1.7601705789566 0.116633854806423 4.29286956787109
-1.7601705789566 0.116633854806423 4.35536956787109
-1.90600395202637 0.116633854806423 3.34333992004395
0 -1 0
-0.628390192985535 0.116633854806423 3.48917317390442
-1.7601705789566 0.116633854806423 3.48917317390442
-1.90600395202637 0.116633854806423 3.34333992004395
0 -1 0
-1.90600395202637 0.116633854806423 3.34333992004395
-1.7601705789566 0.116633854806423 3.48917317390442
-1.7601705789566 0.116633854806423 4.29286956787109
0 -1 0
-0.628390192985535 0.116633854806423 3.48917317390442
-1.90600395202637 0.116633854806423 3.34333992004395
-0.565890192985535 0.116633854806423 3.48917317390442
0 -1 0
-1.7601705789566 0.116633854806423 4.35536956787109
-1.90600395202637 0.116633854806423 6.1710958480835
-1.90600395202637 0.116633854806423 3.34333992004395
0 -1 0
-1.7601705789566 0.116633854806423 4.29286956787109
-0.628390192985535 0.116633854806423 4.29286956787109
-1.7601705789566 0.116633854806423 4.35536956787109
0 -1 0
-0.565890192985535 0.116633854806423 3.48917317390442
-1.90600395202637 0.116633854806423 3.34333992004395
1.90600395202637 0.116633854806423 3.34333992004395
0 -1 0
-1.90600395202637 0.262467205524445 6.1710958480835
-1.90600395202637 0.116633854806423 6.1710958480835
1.90600395202637 0.116633854806423 6.1710958480835
0 0 1
1.90600395202637 0.116633854806423 6.1710958480835
1.90600395202637 0.262467205524445 6.1710958480835
-1.90600395202637 0.262467205524445 6.1710958480835
0 0 1
1.90600395202637 0.262467205524445 6.1710958480835
1.90600395202637 0.116633854806423 6.1710958480835
1.90600395202637 0.116633854806423 3.34333992004395
1 0 0
1.90600395202637 0.116633854806423 3.34333992004395
1.90600395202637 0.262467205524445 3.34333992004395
1.90600395202637 0.262467205524445 6.1710958480835
1 0 0
1.90600395202637 0.262467205524445 3.34333992004395
1.90600395202637 0.116633854806423 3.34333992004395
-1.90600395202637 0.116633854806423 3.34333992004395
0 0 -1
-1.90600395202637 0.116633854806423 3.34333992004395
-1.90600395202637 0.262467205524445 3.34333992004395
1.90600395202637 0.262467205524445 3.34333992004395
0 0 -1
-1.90600395202637 0.262467205524445 3.34333992004395
-1.90600395202637 0.116633854806423 3.34333992004395
-1.90600395202637 0.116633854806423 6.1710958480835
-1 0 0
-1.90600395202637 0.116633854806423 6.1710958480835
-1.90600395202637 0.262467205524445 6.1710958480835
-1.90600395202637 0.262467205524445 3.34333992004395
-1 0 0
-0.628390192985535 0.262467205524445 6.02526235580444
-0.628390192985535 0.116633854806423 6.02526235580444
-1.7601705789566 0.116633854806423 6.02526235580444
0 0 -1
-1.7601705789566 0.116633854806423 6.02526235580444
-1.7601705789566 0.262467205524445 6.02526235580444
-0.628390192985535 0.262467205524445 6.02526235580444
0 0 -1
-1.7601705789566 0.262467205524445 6.02526235580444
-1.7601705789566 0.116633854806423 6.02526235580444
-1.7601705789566 0.116633854806423 5.22156620025635
1 0 0
-1.7601705789566 0.116633854806423 5.22156620025635
-1.7601705789566 0.262467205524445 5.22156620025635
-1.7601705789566 0.262467205524445 6.02526235580444
1 0 0
-1.7601705789566 0.262467205524445 5.22156620025635
-1.7601705789566 0.116633854806423 5.22156620025635
-0.628390192985535 0.116633854806423 5.22156620025635
0 0 1
-0.628390192985535 0.116633854806423 5.22156620025635
-0.628390192985535 0.262467205524445 5.22156620025635
-1.7601705789566 0.262467205524445 5.22156620025635
0 0 1
-0.628390192985535 0.262467205524445 5.22156620025635
-0.628390192985535 0.116633854806423 5.22156620025635
-0.628390192985535 0.116633854806423 6.02526235580444
-1 0 0
-0.628390192985535 0.116633854806423 6.02526235580444
-0.628390192985535 0.262467205524445 6.02526235580444
-0.628390192985535 0.262467205524445 5.22156620025635
-1 0 0
-0.628390192985535 0.262467205524445 5.15906620025635
-0.628390192985535 0.116633854806423 5.15906620025635
-1.7601705789566 0.116633854806423 5.15906620025635
0 0 -1
-1.7601705789566 0.116633854806423 5.15906620025635
-1.7601705789566 0.262467205524445 5.15906620025635
-0.628390192985535 0.262467205524445 5.15906620025635
0 0 -1
-1.7601705789566 0.262467205524445 5.15906620025635
-1.7601705789566 0.116633854806423 5.15906620025635
-1.7601705789566 0.116633854806423 4.35536956787109
1 0 0
-1.7601705789566 0.116633854806423 4.35536956787109
-1.7601705789566 0.262467205524445 4.35536956787109
-1.7601705789566 0.262467205524445 5.15906620025635
1 0 0
-1.7601705789566 0.262467205524445 4.35536956787109
-1.7601705789566 0.116633854806423 4.35536956787109
-0.628390192985535 0.116633854806423 4.35536956787109
0 0 1
-0.628390192985535 0.116633854806423 4.35536956787109
-0.628390192985535 0.262467205524445 4.35536956787109
-1.7601705789566 0.262467205524445 4.35536956787109
0 0 1
-0.628390192985535 0.262467205524445 4.35536956787109
-0.628390192985535 0.116633854806423 4.35536956787109
-0.628390192985535 0.116633854806423 5.15906620025635
-1 0 0
-0.628390192985535 0.116633854806423 5.15906620025635
-0.628390192985535 0.262467205524445 5.15906620025635
-0.628390192985535 0.262467205524445 4.35536956787109
-1 0 0
-0.628390192985535 0.262467205524445 4.29286956787109
-0.628390192985535 0.116633854806423 4.29286956787109
-1.7601705789566 0.116633854806423 4.29286956787109
0 0 -1
-1.7601705789566 0.116633854806423 4.29286956787109
-1.7601705789566 0.262467205524445 4.29286956787109
-0.628390192985535 0.262467205524445 4.29286956787109
0 0 -1
-1.7601705789566 0.262467205524445 4.29286956787109
-1.7601705789566 0.116633854806423 4.29286956787109
-1.7601705789566 0.116633854806423 3.48917317390442
1 0 0
-1.7601705789566 0.116633854806423 3.48917317390442
-1.7601705789566 0.262467205524445 3.48917317390442
-1.7601705789566 0.262467205524445 4.29286956787109
1 0 0
-1.7601705789566 0.262467205524445 3.48917317390442
-1.7601705789566 0.116633854806423 3.48917317390442
-0.628390192985535 0.116633854806423 3.48917317390442
0 0 1
-0.628390192985535 0.116633854806423 3.48917317390442
-0.628390192985535 0.262467205524445 3.48917317390442
-1.7601705789566 0.262467205524445 3.48917317390442
0 0 1
-0.628390192985535 0.262467205524445 3.48917317390442
-0.628390192985535 0.116633854806423 3.48917317390442
-0.628390192985535 0.116633854806423 4.29286956787109
-1 0 -1.38139601812131E-16
-0.628390192985535 0.116633854806423 4.29286956787109
-0.628390192985535 0.262467205524445 4.29286956787109
-0.628390192985535 0.262467205524445 3.48917317390442
-1 0 -1.38139601812131E-16
0.565890192985535 0.262467205524445 6.02526235580444
0.565890192985535 0.116633854806423 6.02526235580444
-0.565890192985535 0.116633854806423 6.02526235580444
0 0 -1
-0.565890192985535 0.116633854806423 6.02526235580444
-0.565890192985535 0.262467205524445 6.02526235580444
0.565890192985535 0.262467205524445 6.02526235580444
0 0 -1
-0.565890192985535 0.262467205524445 6.02526235580444
-0.565890192985535 0.116633854806423 6.02526235580444
-0.565890192985535 0.116633854806423 5.22156620025635
1 0 0
-0.565890192985535 0.116633854806423 5.22156620025635
-0.565890192985535 0.262467205524445 5.22156620025635
-0.565890192985535 0.262467205524445 6.02526235580444
1 0 0
-0.565890192985535 0.262467205524445 5.22156620025635
-0.565890192985535 0.116633854806423 5.22156620025635
0.565890192985535 0.116633854806423 5.22156620025635
0 0 1
0.565890192985535 0.116633854806423 5.22156620025635
0.565890192985535 0.262467205524445 5.22156620025635
-0.565890192985535 0.262467205524445 5.22156620025635
0 0 1
0.565890192985535 0.262467205524445 5.22156620025635
0.565890192985535 0.116633854806423 5.22156620025635
0.565890192985535 0.116633854806423 6.02526235580444
-1 0 0
0.565890192985535 0.116633854806423 6.02526235580444
0.565890192985535 0.262467205524445 6.02526235580444
0.565890192985535 0.262467205524445 5.22156620025635
-1 0 0
0.565890192985535 0.262467205524445 5.15906620025635
0.565890192985535 0.116633854806423 5.15906620025635
-0.565890192985535 0.116633854806423 5.15906620025635
0 0 -1
-0.565890192985535 0.116633854806423 5.15906620025635
-0.565890192985535 0.262467205524445 5.15906620025635
0.565890192985535 0.262467205524445 5.15906620025635
0 0 -1
-0.565890192985535 0.262467205524445 5.15906620025635
-0.565890192985535 0.116633854806423 5.15906620025635
-0.565890192985535 0.116633854806423 4.35536956787109
1 0 0
-0.565890192985535 0.116633854806423 4.35536956787109
-0.565890192985535 0.262467205524445 4.35536956787109
-0.565890192985535 0.262467205524445 5.15906620025635
1 0 0
-0.565890192985535 0.262467205524445 4.35536956787109
-0.565890192985535 0.116633854806423 4.35536956787109
0.565890192985535 0.116633854806423 4.35536956787109
0 0 1
0.565890192985535 0.116633854806423 4.35536956787109
0.565890192985535 0.262467205524445 4.35536956787109
-0.565890192985535 0.262467205524445 4.35536956787109
0 0 1
0.565890192985535 0.262467205524445 4.35536956787109
0.565890192985535 0.116633854806423 4.35536956787109
0.565890192985535 0.116633854806423 5.15906620025635
-1 0 1.38139601812112E-16
0.565890192985535 0.116633854806423 5.15906620025635
0.565890192985535 0.262467205524445 5.15906620025635
0.565890192985535 0.262467205524445 4.35536956787109
-1 0 1.38139601812112E-16
0.565890192985535 0.262467205524445 4.29286956787109
0.565890192985535 0.116633854806423 4.29286956787109
-0.565890192985535 0.116633854806423 4.29286956787109
0 0 -1
-0.565890192985535 0.116633854806423 4.29286956787109
-0.565890192985535 0.262467205524445 4.29286956787109
0.565890192985535 0.262467205524445 4.29286956787109
0 0 -1
-0.565890192985535 0.262467205524445 4.29286956787109
-0.565890192985535 0.116633854806423 4.29286956787109
-0.565890192985535 0.116633854806423 3.48917317390442
1 0 0
-0.565890192985535 0.116633854806423 3.48917317390442
-0.565890192985535 0.262467205524445 3.48917317390442
-0.565890192985535 0.262467205524445 4.29286956787109
1 0 0
-0.565890192985535 0.262467205524445 3.48917317390442
-0.565890192985535 0.116633854806423 3.48917317390442
0.565890192985535 0.116633854806423 3.48917317390442
0 0 1
0.565890192985535 0.116633854806423 3.48917317390442
0.565890192985535 0.262467205524445 3.48917317390442
-0.565890192985535 0.262467205524445 3.48917317390442
0 0 1
0.565890192985535 0.262467205524445 3.48917317390442
0.565890192985535 0.116633854806423 3.48917317390442
0.565890192985535 0.116633854806423 4.29286956787109
-1 0 0
0.565890192985535 0.116633854806423 4.29286956787109
0.565890192985535 0.262467205524445 4.29286956787109
0.565890192985535 0.262467205524445 3.48917317390442
-1 0 0
1.7601705789566 0.262467205524445 6.02526235580444
1.7601705789566 0.116633854806423 6.02526235580444
0.628390192985535 0.116633854806423 6.02526235580444
0 0 -1
0.628390192985535 0.116633854806423 6.02526235580444
0.628390192985535 0.262467205524445 6.02526235580444
1.7601705789566 0.262467205524445 6.02526235580444
0 0 -1
0.628390192985535 0.262467205524445 6.02526235580444
0.628390192985535 0.116633854806423 6.02526235580444
0.628390192985535 0.116633854806423 5.22156620025635
1 0 0
0.628390192985535 0.116633854806423 5.22156620025635
0.628390192985535 0.262467205524445 5.22156620025635
0.628390192985535 0.262467205524445 6.02526235580444
1 0 0
0.628390192985535 0.262467205524445 5.22156620025635
0.628390192985535 0.116633854806423 5.22156620025635
1.7601705789566 0.116633854806423 5.22156620025635
0 0 1
1.7601705789566 0.116633854806423 5.22156620025635
1.7601705789566 0.262467205524445 5.22156620025635
0.628390192985535 0.262467205524445 5.22156620025635
0 0 1
1.7601705789566 0.262467205524445 5.22156620025635
1.7601705789566 0.116633854806423 5.22156620025635
1.7601705789566 0.116633854806423 6.02526235580444
-1 0 0
1.7601705789566 0.116633854806423 6.02526235580444
1.7601705789566 0.262467205524445 6.02526235580444
1.7601705789566 0.262467205524445 5.22156620025635
-1 0 0
1.7601705789566 0.262467205524445 5.15906620025635
1.7601705789566 0.116633854806423 5.15906620025635
0.628390192985535 0.116633854806423 5.15906620025635
0 0 -1
0.628390192985535 0.116633854806423 5.15906620025635
0.628390192985535 0.262467205524445 5.15906620025635
1.7601705789566 0.262467205524445 5.15906620025635
0 0 -1
0.628390192985535 0.262467205524445 5.15906620025635
0.628390192985535 0.116633854806423 5.15906620025635
0.628390192985535 0.116633854806423 4.35536956787109
1 0 0
0.628390192985535 0.116633854806423 4.35536956787109
0.628390192985535 0.262467205524445 4.35536956787109
0.628390192985535 0.262467205524445 5.15906620025635
1 0 0
0.628390192985535 0.262467205524445 4.35536956787109
0.628390192985535 0.116633854806423 4.35536956787109
1.7601705789566 0.116633854806423 4.35536956787109
0 0 1
1.7601705789566 0.116633854806423 4.35536956787109
1.7601705789566 0.262467205524445 4.35536956787109
0.628390192985535 0.262467205524445 4.35536956787109
0 0 1
1.7601705789566 0.262467205524445 4.35536956787109
1.7601705789566 0.116633854806423 4.35536956787109
1.7601705789566 0.116633854806423 5.15906620025635
-1 0 0
1.7601705789566 0.116633854806423 5.15906620025635
1.7601705789566 0.262467205524445 5.15906620025635
1.7601705789566 0.262467205524445 4.35536956787109
-1 0 0
1.7601705789566 0.262467205524445 4.29286956787109
1.7601705789566 0.116633854806423 4.29286956787109
0.628390192985535 0.116633854806423 4.29286956787109
0 0 -1
0.628390192985535 0.116633854806423 4.29286956787109
0.628390192985535 0.262467205524445 4.29286956787109
1.7601705789566 0.262467205524445 4.29286956787109
0 0 -1
0.628390192985535 0.262467205524445 4.29286956787109
0.628390192985535 0.116633854806423 4.29286956787109
0.628390192985535 0.116633854806423 3.48917317390442
1 0 0
0.628390192985535 0.116633854806423 3.48917317390442
0.628390192985535 0.262467205524445 3.48917317390442
0.628390192985535 0.262467205524445 4.29286956787109
1 0 0
0.628390192985535 0.262467205524445 3.48917317390442
0.628390192985535 0.116633854806423 3.48917317390442
1.7601705789566 0.116633854806423 3.48917317390442
0 0 1
1.7601705789566 0.116633854806423 3.48917317390442
1.7601705789566 0.262467205524445 3.48917317390442
0.628390192985535 0.262467205524445 3.48917317390442
0 0 1
1.7601705789566 0.262467205524445 3.48917317390442
1.7601705789566 0.116633854806423 3.48917317390442
1.7601705789566 0.116633854806423 4.29286956787109
-1 0 0
1.7601705789566 0.116633854806423 4.29286956787109
1.7601705789566 0.262467205524445 4.29286956787109
1.7601705789566 0.262467205524445 3.48917317390442
-1 0 0
-1.96850395202637 0.116633854806423 6.2335958480835
-1.86433732509613 0.116633854806423 6.12942934036255
-1.86433732509613 0.116633854806423 3.38500666618347
0 1 0
-1.86433732509613 0.116633854806423 6.12942934036255
-1.96850395202637 0.116633854806423 6.2335958480835
1.86433732509613 0.116633854806423 6.12942934036255
0 1 0
-1.96850395202637 0.116633854806423 3.28083992004395
-1.86433732509613 0.116633854806423 3.38500666618347
1.86433732509613 0.116633854806423 3.38500666618347
0 1 0
-1.86433732509613 0.116633854806423 3.38500666618347
-1.96850395202637 0.116633854806423 3.28083992004395
-1.96850395202637 0.116633854806423 6.2335958480835
0 1 0
1.86433732509613 0.116633854806423 6.12942934036255
1.96850395202637 0.116633854806423 6.2335958480835
1.86433732509613 0.116633854806423 3.38500666618347
0 1 0
1.96850395202637 0.116633854806423 6.2335958480835
1.86433732509613 0.116633854806423 6.12942934036255
-1.96850395202637 0.116633854806423 6.2335958480835
0 1 0
1.86433732509613 0.116633854806423 3.38500666618347
1.96850395202637 0.116633854806423 3.28083992004395
-1.96850395202637 0.116633854806423 3.28083992004395
0 1 0
1.96850395202637 0.116633854806423 3.28083992004395
1.86433732509613 0.116633854806423 3.38500666618347
1.96850395202637 0.116633854806423 6.2335958480835
0 1 0
1.96850395202637 -0.328083992004395 6.2335958480835
1.86433732509613 -0.328083992004395 6.12942934036255
1.86433732509613 -0.328083992004395 3.38500666618347
0 -1 0
1.86433732509613 -0.328083992004395 6.12942934036255
1.96850395202637 -0.328083992004395 6.2335958480835
-1.86433732509613 -0.328083992004395 6.12942934036255
0 -1 0
1.96850395202637 -0.328083992004395 3.28083992004395
1.86433732509613 -0.328083992004395 3.38500666618347
-1.86433732509613 -0.328083992004395 3.38500666618347
0 -1 0
1.86433732509613 -0.328083992004395 3.38500666618347
1.96850395202637 -0.328083992004395 3.28083992004395
1.96850395202637 -0.328083992004395 6.2335958480835
0 -1 0
-1.86433732509613 -0.328083992004395 6.12942934036255
-1.96850395202637 -0.328083992004395 6.2335958480835
-1.86433732509613 -0.328083992004395 3.38500666618347
0 -1 0
-1.96850395202637 -0.328083992004395 6.2335958480835
-1.86433732509613 -0.328083992004395 6.12942934036255
1.96850395202637 -0.328083992004395 6.2335958480835
0 -1 0
-1.86433732509613 -0.328083992004395 3.38500666618347
-1.96850395202637 -0.328083992004395 3.28083992004395
1.96850395202637 -0.328083992004395 3.28083992004395
0 -1 0
-1.96850395202637 -0.328083992004395 3.28083992004395
-1.86433732509613 -0.328083992004395 3.38500666618347
-1.96850395202637 -0.328083992004395 6.2335958480835
0 -1 0
-1.96850395202637 0.116633854806423 6.2335958480835
-1.96850395202637 -0.328083992004395 6.2335958480835
1.96850395202637 -0.328083992004395 6.2335958480835
0 0 1
1.96850395202637 -0.328083992004395 6.2335958480835
1.96850395202637 0.116633854806423 6.2335958480835
-1.96850395202637 0.116633854806423 6.2335958480835
0 0 1
1.96850395202637 0.116633854806423 6.2335958480835
1.96850395202637 -0.328083992004395 6.2335958480835
1.96850395202637 -0.328083992004395 3.28083992004395
1 0 0
1.96850395202637 -0.328083992004395 3.28083992004395
1.96850395202637 0.116633854806423 3.28083992004395
1.96850395202637 0.116633854806423 6.2335958480835
1 0 0
1.96850395202637 0.116633854806423 3.28083992004395
1.96850395202637 -0.328083992004395 3.28083992004395
-1.96850395202637 -0.328083992004395 3.28083992004395
0 0 -1
-1.96850395202637 -0.328083992004395 3.28083992004395
-1.96850395202637 0.116633854806423 3.28083992004395
1.96850395202637 0.116633854806423 3.28083992004395
0 0 -1
-1.96850395202637 0.116633854806423 3.28083992004395
-1.96850395202637 -0.328083992004395 3.28083992004395
-1.96850395202637 -0.328083992004395 6.2335958480835
-1 0 0
-1.96850395202637 -0.328083992004395 6.2335958480835
-1.96850395202637 0.116633854806423 6.2335958480835
-1.96850395202637 0.116633854806423 3.28083992004395
-1 0 0
-1.86433732509613 0.116633854806423 6.12942934036255
-1.86433732509613 -0.328083992004395 6.12942934036255
-1.86433732509613 -0.328083992004395 3.38500666618347
1 0 8.09075858710688E-17
-1.86433732509613 -0.328083992004395 3.38500666618347
-1.86433732509613 0.116633854806423 3.38500666618347
-1.86433732509613 0.116633854806423 6.12942934036255
1 0 8.09075858710688E-17
-1.86433732509613 0.116633854806423 3.38500666618347
-1.86433732509613 -0.328083992004395 3.38500666618347
1.86433732509613 -0.328083992004395 3.38500666618347
0 0 1
1.86433732509613 -0.328083992004395 3.38500666618347
1.86433732509613 0.116633854806423 3.38500666618347
-1.86433732509613 0.116633854806423 3.38500666618347
0 0 1
1.86433732509613 0.116633854806423 3.38500666618347
1.86433732509613 -0.328083992004395 3.38500666618347
1.86433732509613 -0.328083992004395 6.12942934036255
-1 0 0
1.86433732509613 -0.328083992004395 6.12942934036255
1.86433732509613 0.116633854806423 6.12942934036255
1.86433732509613 0.116633854806423 3.38500666618347
-1 0 0
1.86433732509613 0.116633854806423 6.12942934036255
1.86433732509613 -0.328083992004395 6.12942934036255
-1.86433732509613 -0.328083992004395 6.12942934036255
0 0 -1
-1.86433732509613 -0.328083992004395 6.12942934036255
-1.86433732509613 0.116633854806423 6.12942934036255
1.86433732509613 0.116633854806423 6.12942934036255
0 0 -1
1.96850395202637 0.116633854806423 6.2335958480835
1.90600395202637 0.116633854806423 6.1710958480835
1.90600395202637 0.116633854806423 3.34333992004395
0 -1 0
1.90600395202637 0.116633854806423 6.1710958480835
1.96850395202637 0.116633854806423 6.2335958480835
-1.90600395202637 0.116633854806423 6.1710958480835
0 -1 0
1.96850395202637 0.116633854806423 3.28083992004395
1.90600395202637 0.116633854806423 3.34333992004395
-1.90600395202637 0.116633854806423 3.34333992004395
0 -1 0
1.90600395202637 0.116633854806423 3.34333992004395
1.96850395202637 0.116633854806423 3.28083992004395
1.96850395202637 0.116633854806423 6.2335958480835
0 -1 0
-1.90600395202637 0.116633854806423 6.1710958480835
-1.96850395202637 0.116633854806423 6.2335958480835
-1.90600395202637 0.116633854806423 3.34333992004395
0 -1 0
-1.96850395202637 0.116633854806423 6.2335958480835
-1.90600395202637 0.116633854806423 6.1710958480835
1.96850395202637 0.116633854806423 6.2335958480835
0 -1 0
-1.90600395202637 0.116633854806423 3.34333992004395
-1.96850395202637 0.116633854806423 3.28083992004395
1.96850395202637 0.116633854806423 3.28083992004395
0 -1 0
-1.96850395202637 0.116633854806423 3.28083992004395
-1.90600395202637 0.116633854806423 3.34333992004395
-1.96850395202637 0.116633854806423 6.2335958480835
0 -1 0
-1.96850395202637 0.328083992004395 6.2335958480835
-1.90600395202637 0.328083992004395 6.1710958480835
-1.90600395202637 0.328083992004395 3.34333992004395
0 1 0
-1.90600395202637 0.328083992004395 6.1710958480835
-1.96850395202637 0.328083992004395 6.2335958480835
1.90600395202637 0.328083992004395 6.1710958480835
0 1 0
-1.96850395202637 0.328083992004395 3.28083992004395
-1.90600395202637 0.328083992004395 3.34333992004395
1.90600395202637 0.328083992004395 3.34333992004395
0 1 0
-1.90600395202637 0.328083992004395 3.34333992004395
-1.96850395202637 0.328083992004395 3.28083992004395
-1.96850395202637 0.328083992004395 6.2335958480835
0 1 0
1.90600395202637 0.328083992004395 6.1710958480835
1.96850395202637 0.328083992004395 6.2335958480835
1.90600395202637 0.328083992004395 3.34333992004395
0 1 0
1.96850395202637 0.328083992004395 6.2335958480835
1.90600395202637 0.328083992004395 6.1710958480835
-1.96850395202637 0.328083992004395 6.2335958480835
0 1 0
1.90600395202637 0.328083992004395 3.34333992004395
1.96850395202637 0.328083992004395 3.28083992004395
-1.96850395202637 0.328083992004395 3.28083992004395
0 1 0
1.96850395202637 0.328083992004395 3.28083992004395
1.90600395202637 0.328083992004395 3.34333992004395
1.96850395202637 0.328083992004395 6.2335958480835
0 1 0
1.96850395202637 0.116633854806423 6.2335958480835
1.96850395202637 0.328083992004395 6.2335958480835
-1.96850395202637 0.328083992004395 6.2335958480835
0 0 1
-1.96850395202637 0.328083992004395 6.2335958480835
-1.96850395202637 0.116633854806423 6.2335958480835
1.96850395202637 0.116633854806423 6.2335958480835
0 0 1
-1.96850395202637 0.116633854806423 6.2335958480835
-1.96850395202637 0.328083992004395 6.2335958480835
-1.96850395202637 0.328083992004395 3.28083992004395
-1 0 0
-1.96850395202637 0.328083992004395 3.28083992004395
-1.96850395202637 0.116633854806423 3.28083992004395
-1.96850395202637 0.116633854806423 6.2335958480835
-1 0 0
-1.96850395202637 0.116633854806423 3.28083992004395
-1.96850395202637 0.328083992004395 3.28083992004395
1.96850395202637 0.328083992004395 3.28083992004395
0 0 -1
1.96850395202637 0.328083992004395 3.28083992004395
1.96850395202637 0.116633854806423 3.28083992004395
-1.96850395202637 0.116633854806423 3.28083992004395
0 0 -1
1.96850395202637 0.116633854806423 3.28083992004395
1.96850395202637 0.328083992004395 3.28083992004395
1.96850395202637 0.328083992004395 6.2335958480835
1 0 0
1.96850395202637 0.328083992004395 6.2335958480835
1.96850395202637 0.116633854806423 6.2335958480835
1.96850395202637 0.116633854806423 3.28083992004395
1 0 0
1.90600395202637 0.116633854806423 6.1710958480835
1.90600395202637 0.328083992004395 6.1710958480835
1.90600395202637 0.328083992004395 3.34333992004395
-1 0 7.85232574325895E-17
1.90600395202637 0.328083992004395 3.34333992004395
1.90600395202637 0.116633854806423 3.34333992004395
1.90600395202637 0.116633854806423 6.1710958480835
-1 0 7.85232574325895E-17
1.90600395202637 0.116633854806423 3.34333992004395
1.90600395202637 0.328083992004395 3.34333992004395
-1.90600395202637 0.328083992004395 3.34333992004395
0 0 1
-1.90600395202637 0.328083992004395 3.34333992004395
-1.90600395202637 0.116633854806423 3.34333992004395
1.90600395202637 0.116633854806423 3.34333992004395
0 0 1
-1.90600395202637 0.116633854806423 3.34333992004395
-1.90600395202637 0.328083992004395 3.34333992004395
-1.90600395202637 0.328083992004395 6.1710958480835
1 0 0
-1.90600395202637 0.328083992004395 6.1710958480835
-1.90600395202637 0.116633854806423 6.1710958480835
-1.90600395202637 0.116633854806423 3.34333992004395
1 0 0
-1.90600395202637 0.116633854806423 6.1710958480835
-1.90600395202637 0.328083992004395 6.1710958480835
1.90600395202637 0.328083992004395 6.1710958480835
0 0 -1
1.90600395202637 0.328083992004395 6.1710958480835
1.90600395202637 0.116633854806423 6.1710958480835
-1.90600395202637 0.116633854806423 6.1710958480835
0 0 -1
[LEVEL]
G.L
[LEVEL]
Foundation
[LEVEL]
옥탑 및 지붕
