[LEVEL]
1F
[HEADER]
519645,Wall,6
9590.27223047023 4282.35434819235 5.90551181104169
1
-1 0 0
0 -1 0
0 0 1
[HEADER]
519647,Wall,6
9590.27223047023 4282.35434819235 7.87401574804956
1
-1 0 0
0 -1 0
0 0 1
[HEADER]
519649,Wall,6
9590.27223047023 4282.35434819235 9.84251968505744
1
-1 0 0
0 -1 0
0 0 1
[HEADER]
519651,Wall,6
9590.27223047023 4282.35434819235 11.3188976378133
1
-1 0 0
0 -1 0
0 0 1
[HEADER]
519653,Wall,6
9590.27223047023 4282.35434819235 12.7952755905692
1
-1 0 0
0 -1 0
0 0 1
[HEADER]
519733,Wall,6
9589.45414044711 4283.56362884391 5.88090551182909
1
0 1 0
-1 0 0
0 0 1
[HEADER]
519734,Glazed,6
9589.45414044711 4284.38383881816 5.88090551182909
1
0 1 0
-1 0 0
0 0 1
[HEADER]
519735,Glazed,6
0 0 0
1
1 0 0
0 1 0
0 0 1
[HEADER]
519736,Glazed,6
0 0 0
1
1 0 0
0 1 0
0 0 1
[HEADER]
519738,Wall,6
9589.45414044711 4283.7150765393 7.84940944883696
1
0 1 0
-1 0 0
0 0 1
[HEADER]
519739,Wall,6
9589.45414044711 4285.08810803586 9.64217549508101
1
0 1 0
-1 0 0
0 0 1
[HEADER]
519740,Glazed,6
0 0 0
1
1 0 0
0 1 0
0 0 1
[HEADER]
519741,Glazed,6
0 0 0
1
1 0 0
0 1 0
0 0 1
[HEADER]
519743,Wall,6
9589.45414044711 4283.7027733897 9.84251968505744
1
0 1 0
-1 0 0
0 0 1
[HEADER]
519744,Wall,6
9589.45414044711 4287.04430882327 9.84251968505744
1
0 1 0
-1 0 0
0 0 1
[HEADER]
519745,Wall,6
9589.45414044711 4290.98131669728 9.84251968505744
1
0 1 0
-1 0 0
0 0 1
[HEADER]
519746,Wall,6
9589.45414044711 4294.63125506329 9.84251968505744
1
0 1 0
-1 0 0
0 0 1
[HEADER]
519748,Wall,6
9589.45414044711 4283.7027733897 11.3188976378133
1
0 1 0
-1 0 0
0 0 1
[HEADER]
519749,Wall,6
9589.45414044711 4287.04430882327 11.3188976378133
1
0 1 0
-1 0 0
0 0 1
[HEADER]
519750,Wall,6
9589.45414044711 4290.98131669728 11.3188976378133
1
0 1 0
-1 0 0
0 0 1
[HEADER]
519751,Wall,6
9589.45414044711 4294.63125506329 11.3188976378133
1
0 1 0
-1 0 0
0 0 1
[HEADER]
519753,Wall,6
9589.45414044711 4283.7027733897 12.7952755905692
1
0 1 0
-1 0 0
0 0 1
[HEADER]
519754,Wall,6
9589.45414044711 4287.04430882327 12.7952755905692
1
0 1 0
-1 0 0
0 0 1
[HEADER]
519755,Wall,6
9589.45414044711 4290.98131669728 12.7952755905692
1
0 1 0
-1 0 0
0 0 1
[HEADER]
519756,Wall,6
9589.45414044711 4294.63125506329 12.7952755905692
1
0 1 0
-1 0 0
0 0 1
[HEADER]
521557,Wall,6
9593.04242023139 4282.33303069965 1.80672884475243E-11
1
1 0 0
0 1 0
0 0 1
[HEADER]
521561,Wall,6
9596.9794281059 4282.33303069965 1.80670478577838E-11
1
1 0 0
0 1 0
0 0 1
[HEADER]
521563,Wall,6
9600.91643597992 4282.33303069965 1.80670478577838E-11
1
1 0 0
0 1 0
0 0 1
[HEADER]
521565,Wall,6
9604.85344385394 4282.33303069965 1.80670478577838E-11
1
1 0 0
0 1 0
0 0 1
[HEADER]
521567,Wall,6
9608.79045172795 4282.33303069965 1.80670478577838E-11
1
1 0 0
0 1 0
0 0 1
[HEADER]
521569,Wall,6
9612.72745960197 4282.33303069965 1.80670478577838E-11
1
1 0 0
0 1 0
0 0 1
[HEADER]
521571,Wall,6
9616.66446747598 4282.33303069965 1.80670478577838E-11
1
1 0 0
0 1 0
0 0 1
[HEADER]
521573,Wall,6
9619.52700028388 4282.33303069965 1.80670478577838E-11
1
1 0 0
0 1 0
0 0 1
[HEADER]
521575,Wall,6
9593.04242023139 4282.33303069965 1.96850393702594
1
1 0 0
0 1 0
0 0 1
[HEADER]
521576,Wall,6
9596.9794281059 4282.33303069965 1.96850393702594
1
1 0 0
0 1 0
0 0 1
[HEADER]
521577,Wall,6
9600.91643597992 4282.33303069965 1.96850393702594
1
1 0 0
0 1 0
0 0 1
[HEADER]
521578,Wall,6
9604.85344385394 4282.33303069965 1.96850393702594
1
1 0 0
0 1 0
0 0 1
[HEADER]
521579,Wall,6
9608.79045172795 4282.33303069965 1.96850393702594
1
1 0 0
0 1 0
0 0 1
[HEADER]
521580,Wall,6
9612.72745960197 4282.33303069965 1.96850393702594
1
1 0 0
0 1 0
0 0 1
[HEADER]
521581,Wall,6
9616.66446747598 4282.33303069965 1.96850393702594
1
1 0 0
0 1 0
0 0 1
[HEADER]
521582,Wall,6
9619.52700028388 4282.33303069965 1.96850393702594
1
1 0 0
0 1 0
0 0 1
[HEADER]
521584,Wall,6
9593.04242023139 4282.33303069965 3.93700787403382
1
1 0 0
0 1 0
0 0 1
[HEADER]
521585,Wall,6
9596.9794281059 4282.33303069965 3.93700787403381
1
1 0 0
0 1 0
0 0 1
[HEADER]
521586,Wall,6
9600.91643597992 4282.33303069965 3.93700787403381
1
1 0 0
0 1 0
0 0 1
[HEADER]
521587,Wall,6
9604.85344385394 4282.33303069965 3.93700787403381
1
1 0 0
0 1 0
0 0 1
[HEADER]
521588,Wall,6
9608.79045172795 4282.33303069965 3.93700787403381
1
1 0 0
0 1 0
0 0 1
[HEADER]
521589,Wall,6
9612.72745960197 4282.33303069965 3.93700787403381
1
1 0 0
0 1 0
0 0 1
[HEADER]
521590,Wall,6
9616.66446747598 4282.33303069965 3.93700787403381
1
1 0 0
0 1 0
0 0 1
[HEADER]
521591,Wall,6
9619.52700028388 4282.33303069965 3.93700787403381
1
1 0 0
0 1 0
0 0 1
[HEADER]
521720,Wall,6
9593.04242023139 4282.33303069965 5.90551181104169
1
1 0 0
0 1 0
0 0 1
[HEADER]
521721,Wall,6
9596.9794281059 4282.33303069965 5.90551181104169
1
1 0 0
0 1 0
0 0 1
[HEADER]
521722,Wall,6
9600.91643597992 4282.33303069965 5.90551181104169
1
1 0 0
0 1 0
0 0 1
[HEADER]
521723,Wall,6
9604.85344385394 4282.33303069965 5.90551181104169
1
1 0 0
0 1 0
0 0 1
[HEADER]
521724,Wall,6
9608.79045172795 4282.33303069965 5.90551181104169
1
1 0 0
0 1 0
0 0 1
[HEADER]
521725,Wall,6
9612.72745960197 4282.33303069965 5.90551181104169
1
1 0 0
0 1 0
0 0 1
[HEADER]
521726,Wall,6
9616.66446747598 4282.33303069965 5.90551181104169
1
1 0 0
0 1 0
0 0 1
[HEADER]
521727,Wall,6
9619.52700028388 4282.33303069965 5.90551181104169
1
1 0 0
0 1 0
0 0 1
[HEADER]
521729,Wall,6
9593.04242023139 4282.33303069965 7.87401574804956
1
1 0 0
0 1 0
0 0 1
[HEADER]
521730,Wall,6
9596.9794281059 4282.33303069965 7.87401574804956
1
1 0 0
0 1 0
0 0 1
[HEADER]
521731,Wall,6
9600.91643597992 4282.33303069965 7.87401574804956
1
1 0 0
0 1 0
0 0 1
[HEADER]
521732,Wall,6
9604.85344385394 4282.33303069965 7.87401574804956
1
1 0 0
0 1 0
0 0 1
[HEADER]
521733,Wall,6
9608.79045172795 4282.33303069965 7.87401574804956
1
1 0 0
0 1 0
0 0 1
[HEADER]
521734,Wall,6
9612.72745960197 4282.33303069965 7.87401574804956
1
1 0 0
0 1 0
0 0 1
[HEADER]
521735,Wall,6
9616.66446747598 4282.33303069965 7.87401574804956
1
1 0 0
0 1 0
0 0 1
[HEADER]
521736,Wall,6
9619.52700028388 4282.33303069965 7.87401574804956
1
1 0 0
0 1 0
0 0 1
[HEADER]
523492,Wall,6
9620.4046249553 4282.75133778626 1.80670478577838E-11
1
0 1 0
-1 0 0
0 0 1
[HEADER]
523497,Wall,6
9620.4046249553 4282.75133778626 1.96850393702594
1
0 1 0
-1 0 0
0 0 1
[HEADER]
523499,Wall,6
9620.4046249553 4282.75133778626 3.93700787403381
1
0 1 0
-1 0 0
0 0 1
[HEADER]
523501,Wall,6
9620.4046249553 4282.75133778626 5.90551181104169
1
0 1 0
-1 0 0
0 0 1
[HEADER]
523503,Wall,6
9620.4046249553 4282.75133778626 7.87401574804956
1
0 1 0
-1 0 0
0 0 1
[HEADER]
525622,Wall,6
9590.86886380044 4294.04562912484 1.80670478577838E-11
1
-1 0 0
0 -1 0
0 0 1
[HEADER]
525626,Wall,6
9590.86886380044 4294.04562912484 1.96850393702594
1
-1 0 0
0 -1 0
0 0 1
[HEADER]
525628,Wall,6
9590.86886380044 4294.04562912484 3.93700787403381
1
-1 0 0
0 -1 0
0 0 1
[HEADER]
525630,Wall,6
9590.86886380044 4294.04562912484 5.90551181104169
1
-1 0 0
0 -1 0
0 0 1
[HEADER]
525632,Wall,6
9590.86886380044 4294.04562912484 7.87401574804956
1
-1 0 0
0 -1 0
0 0 1
[HEADER]
525709,Wall,6
9590.64740710753 4294.57056350805 1.80670478577838E-11
1
0 1 0
-1 0 0
0 0 1
[HEADER]
525712,Wall,6
9590.64740710753 4294.57056350805 1.96850393702594
1
0 1 0
-1 0 0
0 0 1
[HEADER]
525714,Wall,6
9590.64740710753 4294.57056350805 3.93700787403381
1
0 1 0
-1 0 0
0 0 1
[HEADER]
525716,Wall,6
9590.64740710753 4294.57056350805 5.90551181104169
1
0 1 0
-1 0 0
0 0 1
[HEADER]
525718,Wall,6
9590.64740710753 4294.57056350805 7.87401574804956
1
0 1 0
-1 0 0
0 0 1
[HEADER]
525836,Wall,6
9592.59950684556 4295.09549789125 1.80670478577838E-11
1
1 0 0
0 1 0
0 0 1
[HEADER]
525839,Wall,6
9596.53651472008 4295.09549789125 1.80670478577838E-11
1
1 0 0
0 1 0
0 0 1
[HEADER]
525841,Wall,6
9598.96433624189 4295.09549789125 1.80670478577838E-11
1
1 0 0
0 1 0
0 0 1
[HEADER]
525843,Wall,6
9592.59950684556 4295.09549789125 1.96850393702594
1
1 0 0
0 1 0
0 0 1
[HEADER]
525844,Wall,6
9596.53651472008 4295.09549789125 1.96850393702594
1
1 0 0
0 1 0
0 0 1
[HEADER]
525845,Wall,6
9598.96433624189 4295.09549789125 1.96850393702594
1
1 0 0
0 1 0
0 0 1
[HEADER]
525847,Wall,6
9592.59950684556 4295.09549789125 3.93700787403381
1
1 0 0
0 1 0
0 0 1
[HEADER]
525848,Wall,6
9596.53651472008 4295.09549789125 3.93700787403381
1
1 0 0
0 1 0
0 0 1
[HEADER]
525849,Wall,6
9598.96433624189 4295.09549789125 3.93700787403381
1
1 0 0
0 1 0
0 0 1
[HEADER]
525851,Wall,6
9592.59950684556 4295.09549789125 5.90551181104169
1
1 0 0
0 1 0
0 0 1
[HEADER]
525852,Wall,6
9596.53651472008 4295.09549789125 5.90551181104169
1
1 0 0
0 1 0
0 0 1
[HEADER]
525853,Wall,6
9598.96433624189 4295.09549789125 5.90551181104169
1
1 0 0
0 1 0
0 0 1
[HEADER]
525855,Wall,6
9592.59950684556 4295.09549789125 7.87401574804956
1
1 0 0
0 1 0
0 0 1
[HEADER]
525856,Wall,6
9596.53651472008 4295.09549789125 7.87401574804956
1
1 0 0
0 1 0
0 0 1
[HEADER]
525857,Wall,6
9598.96433624189 4295.09549789125 7.87401574804956
1
1 0 0
0 1 0
0 0 1
[HEADER]
525949,Wall,6
9599.40724962721 4294.87404119833 1.80670478577838E-11
1
0 -1 0
1 0 0
0 0 1
[HEADER]
525952,Wall,6
9599.40724962721 4294.87404119833 1.96850393702594
1
0 -1 0
1 0 0
0 0 1
[HEADER]
525954,Wall,6
9599.40724962721 4294.87404119833 3.93700787403381
1
0 -1 0
1 0 0
0 0 1
[HEADER]
525956,Wall,6
9599.40724962721 4294.87404119833 5.90551181104169
1
0 -1 0
1 0 0
0 0 1
[HEADER]
525958,Wall,6
9599.40724962721 4294.87404119833 7.87401574804956
1
0 -1 0
1 0 0
0 0 1
[HEADER]
526900,Wall,6
9590.86886380044 4294.04562912484 9.84251968505744
1
-1 0 0
0 -1 0
0 0 1
[HEADER]
526903,Wall,6
9590.64740710753 4294.57056350805 9.84251968505744
1
0 1 0
-1 0 0
0 0 1
[HEADER]
526906,Wall,6
9592.59950684556 4295.09549789125 9.84251968505744
1
1 0 0
0 1 0
0 0 1
[HEADER]
526907,Wall,6
9596.53651472008 4295.09549789125 9.84251968505744
1
1 0 0
0 1 0
0 0 1
[HEADER]
526908,Wall,6
9598.96433624189 4295.09549789125 9.84251968505744
1
1 0 0
0 1 0
0 0 1
[HEADER]
526913,Wall,6
9599.40724962721 4294.87404119833 9.84251968505744
1
0 -1 0
1 0 0
0 0 1
[HEADER]
527366,Glazed,6
9593.28835941823 4282.33303069965 8.8582677165535
1
1 0 0
0 1 0
0 0 1
[HEADER]
527367,Glazed,6
9596.9794281059 4282.33303069965 8.54111986003557
1
1 0 0
0 1 0
0 0 1
[HEADER]
527368,Glazed,6
9600.91643597992 4282.33303069965 8.54111986003557
1
1 0 0
0 1 0
0 0 1
[HEADER]
527369,Glazed,6
9604.85344385394 4282.33303069965 8.54111986003557
1
1 0 0
0 1 0
0 0 1
[HEADER]
527370,Glazed,6
9608.79045172795 4282.33303069965 8.54111986003557
1
1 0 0
0 1 0
0 0 1
[HEADER]
527371,Glazed,6
9612.72745960197 4282.33303069965 8.54111986003557
1
1 0 0
0 1 0
0 0 1
[HEADER]
527372,Glazed,6
9616.66446747598 4282.33303069965 8.54111986003557
1
1 0 0
0 1 0
0 0 1
[HEADER]
527373,Glazed,6
9619.52700028388 4282.33303069965 8.54111986003557
1
1 0 0
0 1 0
0 0 1
[HEADER]
527846,Glazed,6
9593.29656151797 4282.33303069965 1.80672884475243E-11
1
1 0 0
0 1 0
0 0 1
[HEADER]
527847,Glazed,6
9593.29656151797 4282.33303069965 1.96850393702594
1
1 0 0
0 1 0
0 0 1
[HEADER]
527848,Glazed,6
9593.29656151797 4282.33303069965 3.93700787403382
1
1 0 0
0 1 0
0 0 1
[HEADER]
527849,Glazed,6
9593.29656151797 4282.33303069965 5.90551181104169
1
1 0 0
0 1 0
0 0 1
[HEADER]
527850,Glazed,6
9593.29656151797 4282.33303069965 7.87401574804956
1
1 0 0
0 1 0
0 0 1
[HEADER]
527851,Glazed,6
9593.28835941823 4282.33303069965 8.8582677165535
1
1 0 0
0 1 0
0 0 1
[HEADER]
529300,투명강화유리(주출입구),54
9591.41840448286 4291.95819474164 8.03805774280022
1
0 -1 0
1 0 0
0 0 1
-1.84137141704559 -0.0984251946210861 1.60761153697968
-1.84137141704559 -0.0984251946210861 0
1.84137141704559 -0.0984251946210861 1.60761153697968
0 -1 0
1.84137141704559 -0.0984251946210861 0
1.84137141704559 -0.0984251946210861 1.60761153697968
-1.84137141704559 -0.0984251946210861 0
0 -1 0
1.84137141704559 -0.0656168013811111 1.60761153697968
1.84137141704559 -0.0656168013811111 0
-1.84137141704559 -0.0656168013811111 1.60761153697968
0 1 0
-1.84137141704559 -0.0656168013811111 0
-1.84137141704559 -0.0656168013811111 1.60761153697968
1.84137141704559 -0.0656168013811111 0
0 1 0
1.84137141704559 -0.0984251946210861 0
-1.84137141704559 -0.0984251946210861 0
-1.84137141704559 -0.0656168013811111 0
0 0 -1
-1.84137141704559 -0.0656168013811111 0
1.84137141704559 -0.0656168013811111 0
1.84137141704559 -0.0984251946210861 0
0 0 -1
1.84137141704559 -0.0984251946210861 1.60761153697968
1.84137141704559 -0.0984251946210861 0
1.84137141704559 -0.0656168013811111 0
1 0 0
1.84137141704559 -0.0656168013811111 0
1.84137141704559 -0.0656168013811111 1.60761153697968
1.84137141704559 -0.0984251946210861 1.60761153697968
1 0 0
-1.84137141704559 -0.0984251946210861 1.60761153697968
1.84137141704559 -0.0984251946210861 1.60761153697968
1.84137141704559 -0.0656168013811111 1.60761153697968
0 0 1
1.84137141704559 -0.0656168013811111 1.60761153697968
-1.84137141704559 -0.0656168013811111 1.60761153697968
-1.84137141704559 -0.0984251946210861 1.60761153697968
0 0 1
-1.84137141704559 -0.0984251946210861 0
-1.84137141704559 -0.0984251946210861 1.60761153697968
-1.84137141704559 -0.0656168013811111 1.60761153697968
-1 0 0
-1.84137141704559 -0.0656168013811111 1.60761153697968
-1.84137141704559 -0.0656168013811111 0
-1.84137141704559 -0.0984251946210861 0
-1 0 0
[HEADER]
529355,투명강화유리(주출입구),6
9591.41840448286 4284.94572561195 0.688976377970823
1
0 -1 0
1 0 0
0 0 1
[HEADER]
529356,투명강화유리(주출입구),6
9591.41840448286 4285.56889333002 8.03805774280022
1
0 -1 0
1 0 0
0 0 1
[HEADER]
529604,투명강화유리,6
9591.41840448286 4288.07860156579 0.328083989519379
1
0 -1 0
1 0 0
0 0 1
[HEADER]
529605,투명강화유리(주출입구),6
9591.41840448286 4288.02938896736 8.03805774280022
1
0 -1 0
1 0 0
0 0 1
[HEADER]
703383,투명강화유리(주출입구),6
9598.55423125451 4284.85927741879 0.688976377970823
1
0 1 0
-1 0 0
0 0 1
[HEADER]
703385,투명강화유리(주출입구),6
9598.55423125451 4284.85927741879 8.03805774280022
1
0 1 0
-1 0 0
0 0 1
[HEADER]
703387,투명강화유리,6
9598.30816826238 4291.94589159203 0.524934383220167
1
0 1 0
-1 0 0
0 0 1
[HEADER]
703388,투명강화유리(주출입구),6
9598.55423125451 4291.89667899361 8.03805774280022
1
0 1 0
-1 0 0
0 0 1
[HEADER]
703391,투명강화유리(주출입구),6
9598.55423125451 4287.92686272064 8.03805774280022
1
0 1 0
-1 0 0
0 0 1
[LEVEL]
2F
[HEADER]
479704,Wall,6
9606.09278112377 4241.50789946605 8.85826771655184
1
1 0 0
0 1 0
0 0 1
[HEADER]
479707,Wall,6
9616.11902784293 4241.50789946605 8.85826771655184
1
1 0 0
0 1 0
0 0 1
[HEADER]
479709,Glazed,6
9617.33703965396 4241.50789946605 8.85826771655184
1
1 0 0
0 1 0
0 0 1
[HEADER]
479711,Wall,6
9606.09278112377 4241.50789946605 9.43241469817914
1
1 0 0
0 1 0
0 0 1
[HEADER]
479712,Wall,6
9616.11902784293 4241.50789946605 9.43241469817914
1
1 0 0
0 1 0
0 0 1
[HEADER]
479713,Glazed,6
9609.79110789543 4241.50789946605 9.43241469817913
1
1 0 0
0 1 0
0 0 1
[HEADER]
479715,Wall,6
9606.09278112377 4241.50789946605 14.1076115485728
1
1 0 0
0 1 0
0 0 1
[HEADER]
479716,Wall,6
9616.11902784293 4241.50789946605 14.1076115485728
1
1 0 0
0 1 0
0 0 1
[HEADER]
479717,Glazed,6
9617.33703965396 4241.50789946605 14.1322178477854
1
1 0 0
0 1 0
0 0 1
[HEADER]
479719,Wall,6
9606.09278112377 4241.50789946605 18.7828083989665
1
1 0 0
0 1 0
0 0 1
[HEADER]
479720,Wall,6
9616.11902784293 4241.50789946605 18.7828083989665
1
1 0 0
0 1 0
0 0 1
[HEADER]
479721,Glazed,6
9617.33703965396 4241.50789946605 18.8074146981791
1
1 0 0
0 1 0
0 0 1
[HEADER]
479723,Wall,6
9606.09278112377 4241.50789946605 23.4580052493602
1
1 0 0
0 1 0
0 0 1
[HEADER]
479724,Wall,6
9616.11902784293 4241.50789946605 23.4580052493602
1
1 0 0
0 1 0
0 0 1
[HEADER]
479725,Glazed,6
9617.33703965396 4241.50789946605 23.4826115485728
1
1 0 0
0 1 0
0 0 1
[HEADER]
479727,Wall,6
9606.09278112377 4241.50789946605 28.1332020997539
1
1 0 0
0 1 0
0 0 1
[HEADER]
479728,Wall,6
9616.11902784293 4241.50789946605 28.1332020997539
1
1 0 0
0 1 0
0 0 1
[HEADER]
479729,Glazed,6
9617.33703965396 4241.50789946605 28.1578083989665
1
1 0 0
0 1 0
0 0 1
[HEADER]
479731,Wall,6
9606.09278112377 4241.50789946605 32.8083989501476
1
1 0 0
0 1 0
0 0 1
[HEADER]
479732,Wall,6
9616.11902784293 4241.50789946605 32.8083989501476
1
1 0 0
0 1 0
0 0 1
[HEADER]
479733,Glazed,6
9617.33703965396 4241.50789946605 32.8330052493602
1
1 0 0
0 1 0
0 0 1
[HEADER]
480429,AL복합패널_(지정색1)폭647,150
9606.09278112377 4241.50789946605 37.4835958005413
1
1 0 0
0 1 0
0 0 1
1.3000328540802 -0.00492125982418656 0
1.3000328540802 0.00492125982418656 2.85433077812195
1.3000328540802 -0.00492125982418656 2.86417317390442
1 -1.20841686689865E-16 0
1.3000328540802 -0.00492125982418656 0
1.3000328540802 0.00492125982418656 0
1.3000328540802 0.00492125982418656 2.85433077812195
1 -1.20841686689865E-16 0
1.3000328540802 2.20964574813843 2.85433077812195
1.3000328540802 -0.00492125982418656 2.86417317390442
1.3000328540802 0.00492125982418656 2.85433077812195
1 -1.20841686689865E-16 0
1.3000328540802 2.2194881439209 2.20800518989563
1.3000328540802 2.2194881439209 2.86417317390442
1.3000328540802 2.20964574813843 2.85433077812195
1 -1.20841686689865E-16 0
1.3000328540802 -0.00492125982418656 2.86417317390442
1.3000328540802 2.20964574813843 2.85433077812195
1.3000328540802 2.2194881439209 2.86417317390442
1 -1.20841686689865E-16 0
1.3000328540802 2.12762475013733 2.20800518989563
1.3000328540802 2.2194881439209 2.20800518989563
1.3000328540802 2.20964574813843 2.21784782409668
1 -1.20841686689865E-16 0
1.3000328540802 2.20964574813843 2.85433077812195
1.3000328540802 2.20964574813843 2.21784782409668
1.3000328540802 2.2194881439209 2.20800518989563
1 -1.20841686689865E-16 0
1.3000328540802 2.12762475013733 2.21784782409668
1.3000328540802 2.12762475013733 2.20800518989563
1.3000328540802 2.20964574813843 2.21784782409668
1 -1.20841686689865E-16 0
-1.3000328540802 2.2194881439209 2.20800518989563
-1.3000328540802 2.20964574813843 2.85433077812195
-1.3000328540802 2.2194881439209 2.86417317390442
-1 1.20841686689865E-16 0
-1.3000328540802 0.00492125982418656 2.85433077812195
-1.3000328540802 2.2194881439209 2.86417317390442
-1.3000328540802 2.20964574813843 2.85433077812195
-1 1.20841686689865E-16 0
-1.3000328540802 2.20964574813843 2.21784782409668
-1.3000328540802 2.2194881439209 2.20800518989563
-1.3000328540802 2.12762475013733 2.20800518989563
-1 1.20841686689865E-16 0
-1.3000328540802 2.20964574813843 2.85433077812195
-1.3000328540802 2.2194881439209 2.20800518989563
-1.3000328540802 2.20964574813843 2.21784782409668
-1 1.20841686689865E-16 0
-1.3000328540802 2.12762475013733 2.21784782409668
-1.3000328540802 2.20964574813843 2.21784782409668
-1.3000328540802 2.12762475013733 2.20800518989563
-1 1.20841686689865E-16 0
-1.3000328540802 -0.00492125982418656 0
-1.3000328540802 -0.00492125982418656 2.86417317390442
-1.3000328540802 0.00492125982418656 2.85433077812195
-1 1.20841686689865E-16 0
-1.3000328540802 -0.00492125982418656 0
-1.3000328540802 0.00492125982418656 2.85433077812195
-1.3000328540802 0.00492125982418656 0
-1 1.20841686689865E-16 0
-1.3000328540802 -0.00492125982418656 2.86417317390442
-1.3000328540802 2.2194881439209 2.86417317390442
-1.3000328540802 0.00492125982418656 2.85433077812195
-1 1.20841686689865E-16 0
-1.3000328540802 -0.00492125982418656 2.86417317390442
1.3000328540802 -0.00492125982418656 2.86417317390442
1.3000328540802 2.2194881439209 2.86417317390442
0 0 1
1.3000328540802 2.2194881439209 2.86417317390442
-1.3000328540802 2.2194881439209 2.86417317390442
-1.3000328540802 -0.00492125982418656 2.86417317390442
0 0 1
-1.3000328540802 2.2194881439209 2.20800518989563
1.3000328540802 2.2194881439209 2.86417317390442
1.3000328540802 2.2194881439209 2.20800518989563
1.70799231684808E-16 1 0
1.3000328540802 2.2194881439209 2.86417317390442
-1.3000328540802 2.2194881439209 2.20800518989563
-1.3000328540802 2.2194881439209 2.86417317390442
1.70799231684808E-16 1 0
-1.3000328540802 2.20964574813843 2.21784782409668
1.3000328540802 2.20964574813843 2.21784782409668
1.3000328540802 2.20964574813843 2.85433077812195
-1.70799231684808E-16 -1 0
1.3000328540802 2.20964574813843 2.85433077812195
-1.3000328540802 2.20964574813843 2.85433077812195
-1.3000328540802 2.20964574813843 2.21784782409668
-1.70799231684808E-16 -1 0
-1.3000328540802 0.00492125982418656 2.85433077812195
1.3000328540802 2.20964574813843 2.85433077812195
1.3000328540802 0.00492125982418656 2.85433077812195
0 0 -1
1.3000328540802 2.20964574813843 2.85433077812195
-1.3000328540802 0.00492125982418656 2.85433077812195
-1.3000328540802 2.20964574813843 2.85433077812195
0 0 -1
-1.3000328540802 0.00492125982418656 2.85433077812195
1.3000328540802 0.00492125982418656 2.85433077812195
1.3000328540802 0.00492125982418656 0
0 1 0
1.3000328540802 0.00492125982418656 0
-1.3000328540802 0.00492125982418656 0
-1.3000328540802 0.00492125982418656 2.85433077812195
0 1 0
-1.3000328540802 0.00492125982418656 0
1.3000328540802 0.00492125982418656 0
1.3000328540802 -0.00492125982418656 0
0 0 -1
1.3000328540802 -0.00492125982418656 0
-1.3000328540802 -0.00492125982418656 0
-1.3000328540802 0.00492125982418656 0
0 0 -1
-1.3000328540802 -0.00492125982418656 2.86417317390442
1.3000328540802 -0.00492125982418656 0
1.3000328540802 -0.00492125982418656 2.86417317390442
-1.70799231684808E-16 -1 -3.87624258769471E-17
1.3000328540802 -0.00492125982418656 0
-1.3000328540802 -0.00492125982418656 2.86417317390442
-1.3000328540802 -0.00492125982418656 0
-1.70799231684808E-16 -1 -3.87624258769471E-17
-1.3000328540802 2.12762475013733 2.20800518989563
1.3000328540802 2.2194881439209 2.20800518989563
1.3000328540802 2.12762475013733 2.20800518989563
0 0 -1
1.3000328540802 2.2194881439209 2.20800518989563
-1.3000328540802 2.12762475013733 2.20800518989563
-1.3000328540802 2.2194881439209 2.20800518989563
0 0 -1
-1.3000328540802 2.12762475013733 2.20800518989563
1.3000328540802 2.12762475013733 2.20800518989563
1.3000328540802 2.12762475013733 2.21784782409668
-1.70799231684808E-16 -1 0
1.3000328540802 2.12762475013733 2.21784782409668
-1.3000328540802 2.12762475013733 2.21784782409668
-1.3000328540802 2.12762475013733 2.20800518989563
-1.70799231684808E-16 -1 0
-1.3000328540802 2.12762475013733 2.21784782409668
1.3000328540802 2.12762475013733 2.21784782409668
1.3000328540802 2.20964574813843 2.21784782409668
0 0 1
1.3000328540802 2.20964574813843 2.21784782409668
-1.3000328540802 2.20964574813843 2.21784782409668
-1.3000328540802 2.12762475013733 2.21784782409668
0 0 1
[HEADER]
480430,AL복합패널_(지정색1)폭647,6
9616.11902784293 4241.50789946605 37.4835958005413
1
1 0 0
0 1 0
0 0 1
[HEADER]
480431,Glazed,6
9617.33703965396 4241.50789946605 37.5082020997539
1
1 0 0
0 1 0
0 0 1
[HEADER]
481830,Wall,6
9613.56899503504 4241.50789946605 8.85826771655184
1
1 0 0
0 1 0
0 0 1
[HEADER]
481831,Wall,6
9613.56899503504 4241.50789946605 9.43241469817914
1
1 0 0
0 1 0
0 0 1
[HEADER]
481832,Wall,6
9613.55669188543 4241.50789946605 14.1076115485728
1
1 0 0
0 1 0
0 0 1
[HEADER]
481833,Wall,6
9613.55669188543 4241.50789946605 18.7828083989665
1
1 0 0
0 1 0
0 0 1
[HEADER]
481834,Wall,6
9613.55669188543 4241.50789946605 23.4580052493602
1
1 0 0
0 1 0
0 0 1
[HEADER]
481835,Wall,6
9613.55669188543 4241.50789946605 28.1332020997539
1
1 0 0
0 1 0
0 0 1
[HEADER]
481836,Wall,6
9613.56899503504 4241.50789946605 32.8083989501476
1
1 0 0
0 1 0
0 0 1
[HEADER]
481837,AL복합패널_(지정색1)폭647,6
9613.56899503504 4241.50789946605 37.4835958005413
1
1 0 0
0 1 0
0 0 1
[HEADER]
481839,Wall,6
9611.10836511378 4241.50789946605 8.85826771655184
1
1 0 0
0 1 0
0 0 1
[HEADER]
481840,Wall,6
9611.10836511378 4241.50789946605 9.43241469817914
1
1 0 0
0 1 0
0 0 1
[HEADER]
481841,Wall,6
9611.10836511378 4241.50789946605 14.0830052493602
1
1 0 0
0 1 0
0 0 1
[HEADER]
481842,Glazed,6
9611.10836511378 4241.50789946605 18.7828083989665
1
1 0 0
0 1 0
0 0 1
[HEADER]
481843,Glazed,6
9611.10836511378 4241.50789946605 23.4580052493602
1
1 0 0
0 1 0
0 0 1
[HEADER]
481844,Glazed,6
9611.10836511378 4241.50789946605 28.1332020997539
1
1 0 0
0 1 0
0 0 1
[HEADER]
481845,Wall,6
9611.10836511378 4241.50789946605 32.783792650935
1
1 0 0
0 1 0
0 0 1
[HEADER]
481846,AL복합패널_(지정색1)폭647,6
9611.10836511378 4241.50789946605 37.4835958005413
1
1 0 0
0 1 0
0 0 1
[HEADER]
481848,Wall,6
9608.64773519252 4241.50789946605 8.85826771655184
1
1 0 0
0 1 0
0 0 1
[HEADER]
481849,Wall,6
9608.64773519252 4241.50789946605 9.43241469817914
1
1 0 0
0 1 0
0 0 1
[HEADER]
481850,Wall,6
9608.66003834212 4241.50789946605 14.1076115485728
1
1 0 0
0 1 0
0 0 1
[HEADER]
481851,Wall,6
9608.66003834212 4241.50789946605 18.7828083989665
1
1 0 0
0 1 0
0 0 1
[HEADER]
481852,Wall,6
9608.66003834212 4241.50789946605 23.4580052493602
1
1 0 0
0 1 0
0 0 1
[HEADER]
481853,Wall,6
9608.66003834212 4241.50789946605 28.1332020997539
1
1 0 0
0 1 0
0 0 1
[HEADER]
481854,Wall,6
9608.64773519252 4241.50789946605 32.8083989501476
1
1 0 0
0 1 0
0 0 1
[HEADER]
481855,AL복합패널_(지정색1)폭647,6
9608.64773519252 4241.50789946605 37.4835958005413
1
1 0 0
0 1 0
0 0 1
[HEADER]
484393,Glazed,6
9606.18710527126 4241.50789946605 8.85826771655184
1
1 0 0
0 1 0
0 0 1
[HEADER]
484394,Glazed,6
0 0 0
1
1 0 0
0 1 0
0 0 1
[HEADER]
484395,Glazed,6
9606.18710527126 4241.50789946605 14.1322178477854
1
1 0 0
0 1 0
0 0 1
[HEADER]
484396,Glazed,6
9606.18710527126 4241.50789946605 18.8074146981791
1
1 0 0
0 1 0
0 0 1
[HEADER]
484397,Glazed,6
9606.18710527126 4241.50789946605 23.4826115485728
1
1 0 0
0 1 0
0 0 1
[HEADER]
484398,Glazed,6
9606.18710527126 4241.50789946605 28.1578083989665
1
1 0 0
0 1 0
0 0 1
[HEADER]
484399,Glazed,6
9606.18710527126 4241.50789946605 32.8330052493602
1
1 0 0
0 1 0
0 0 1
[HEADER]
484400,Glazed,6
9606.18710527126 4241.50789946605 37.5082020997539
1
1 0 0
0 1 0
0 0 1
[HEADER]
486579,Wall,6
9644.80669188493 4241.50789946605 8.85826771655184
1
1 0 0
0 1 0
0 0 1
[HEADER]
486581,Wall,6
9654.83293860409 4241.50789946605 8.85826771655184
1
1 0 0
0 1 0
0 0 1
[HEADER]
486583,Glazed,6
9617.33703965396 4241.50789946605 8.85826771655184
1
1 0 0
0 1 0
0 0 1
[HEADER]
486585,Wall,6
9644.80669188493 4241.50789946605 9.43241469817914
1
1 0 0
0 1 0
0 0 1
[HEADER]
486586,Wall,6
9654.83293860409 4241.50789946605 9.43241469817914
1
1 0 0
0 1 0
0 0 1
[HEADER]
486587,Glazed,6
9609.79110789543 4241.50789946605 9.43241469817913
1
1 0 0
0 1 0
0 0 1
[HEADER]
486589,Wall,6
9644.80669188493 4241.50789946605 14.1076115485728
1
1 0 0
0 1 0
0 0 1
[HEADER]
486590,Wall,6
9654.83293860409 4241.50789946605 14.1076115485728
1
1 0 0
0 1 0
0 0 1
[HEADER]
486591,Glazed,6
9617.33703965396 4241.50789946605 14.1322178477854
1
1 0 0
0 1 0
0 0 1
[HEADER]
486593,Wall,6
9644.80669188493 4241.50789946605 18.7828083989665
1
1 0 0
0 1 0
0 0 1
[HEADER]
486594,Wall,6
9654.83293860409 4241.50789946605 18.7828083989665
1
1 0 0
0 1 0
0 0 1
[HEADER]
486595,Glazed,6
9617.33703965396 4241.50789946605 18.8074146981791
1
1 0 0
0 1 0
0 0 1
[HEADER]
486597,Wall,6
9644.80669188493 4241.50789946605 23.4580052493602
1
1 0 0
0 1 0
0 0 1
[HEADER]
486598,Wall,6
9654.83293860409 4241.50789946605 23.4580052493602
1
1 0 0
0 1 0
0 0 1
[HEADER]
486599,Glazed,6
9617.33703965396 4241.50789946605 23.4826115485728
1
1 0 0
0 1 0
0 0 1
[HEADER]
486601,Wall,6
9644.80669188493 4241.50789946605 28.1332020997539
1
1 0 0
0 1 0
0 0 1
[HEADER]
486602,Wall,6
9654.83293860409 4241.50789946605 28.1332020997539
1
1 0 0
0 1 0
0 0 1
[HEADER]
486603,Glazed,6
9617.33703965396 4241.50789946605 28.1578083989665
1
1 0 0
0 1 0
0 0 1
[HEADER]
486605,Wall,6
9644.80669188493 4241.50789946605 32.8083989501476
1
1 0 0
0 1 0
0 0 1
[HEADER]
486606,Wall,6
9654.83293860409 4241.50789946605 32.8083989501476
1
1 0 0
0 1 0
0 0 1
[HEADER]
486607,Glazed,6
9617.33703965396 4241.50789946605 32.8330052493602
1
1 0 0
0 1 0
0 0 1
[HEADER]
486632,AL복합패널_(지정색2)폭647,150
9644.80669188493 4241.50789946605 37.4835958005413
1
1 0 0
0 1 0
0 0 1
1.3000328540802 -0.00492125982418656 0
1.3000328540802 0.00492125982418656 2.85433077812195
1.3000328540802 -0.00492125982418656 2.86417317390442
1 -1.20841686689865E-16 0
1.3000328540802 -0.00492125982418656 0
1.3000328540802 0.00492125982418656 0
1.3000328540802 0.00492125982418656 2.85433077812195
1 -1.20841686689865E-16 0
1.3000328540802 2.20964574813843 2.85433077812195
1.3000328540802 -0.00492125982418656 2.86417317390442
1.3000328540802 0.00492125982418656 2.85433077812195
1 -1.20841686689865E-16 0
1.3000328540802 2.2194881439209 2.20800518989563
1.3000328540802 2.2194881439209 2.86417317390442
1.3000328540802 2.20964574813843 2.85433077812195
1 -1.20841686689865E-16 0
1.3000328540802 -0.00492125982418656 2.86417317390442
1.3000328540802 2.20964574813843 2.85433077812195
1.3000328540802 2.2194881439209 2.86417317390442
1 -1.20841686689865E-16 0
1.3000328540802 2.12762475013733 2.20800518989563
1.3000328540802 2.2194881439209 2.20800518989563
1.3000328540802 2.20964574813843 2.21784782409668
1 -1.20841686689865E-16 0
1.3000328540802 2.20964574813843 2.85433077812195
1.3000328540802 2.20964574813843 2.21784782409668
1.3000328540802 2.2194881439209 2.20800518989563
1 -1.20841686689865E-16 0
1.3000328540802 2.12762475013733 2.21784782409668
1.3000328540802 2.12762475013733 2.20800518989563
1.3000328540802 2.20964574813843 2.21784782409668
1 -1.20841686689865E-16 0
-1.3000328540802 2.2194881439209 2.20800518989563
-1.3000328540802 2.20964574813843 2.85433077812195
-1.3000328540802 2.2194881439209 2.86417317390442
-1 1.20841686689865E-16 0
-1.3000328540802 0.00492125982418656 2.85433077812195
-1.3000328540802 2.2194881439209 2.86417317390442
-1.3000328540802 2.20964574813843 2.85433077812195
-1 1.20841686689865E-16 0
-1.3000328540802 2.20964574813843 2.21784782409668
-1.3000328540802 2.2194881439209 2.20800518989563
-1.3000328540802 2.12762475013733 2.20800518989563
-1 1.20841686689865E-16 0
-1.3000328540802 2.20964574813843 2.85433077812195
-1.3000328540802 2.2194881439209 2.20800518989563
-1.3000328540802 2.20964574813843 2.21784782409668
-1 1.20841686689865E-16 0
-1.3000328540802 2.12762475013733 2.21784782409668
-1.3000328540802 2.20964574813843 2.21784782409668
-1.3000328540802 2.12762475013733 2.20800518989563
-1 1.20841686689865E-16 0
-1.3000328540802 -0.00492125982418656 0
-1.3000328540802 -0.00492125982418656 2.86417317390442
-1.3000328540802 0.00492125982418656 2.85433077812195
-1 1.20841686689865E-16 0
-1.3000328540802 -0.00492125982418656 0
-1.3000328540802 0.00492125982418656 2.85433077812195
-1.3000328540802 0.00492125982418656 0
-1 1.20841686689865E-16 0
-1.3000328540802 -0.00492125982418656 2.86417317390442
-1.3000328540802 2.2194881439209 2.86417317390442
-1.3000328540802 0.00492125982418656 2.85433077812195
-1 1.20841686689865E-16 0
-1.3000328540802 -0.00492125982418656 2.86417317390442
1.3000328540802 -0.00492125982418656 2.86417317390442
1.3000328540802 2.2194881439209 2.86417317390442
0 0 1
1.3000328540802 2.2194881439209 2.86417317390442
-1.3000328540802 2.2194881439209 2.86417317390442
-1.3000328540802 -0.00492125982418656 2.86417317390442
0 0 1
-1.3000328540802 2.2194881439209 2.20800518989563
1.3000328540802 2.2194881439209 2.86417317390442
1.3000328540802 2.2194881439209 2.20800518989563
1.70799231684808E-16 1 0
1.3000328540802 2.2194881439209 2.86417317390442
-1.3000328540802 2.2194881439209 2.20800518989563
-1.3000328540802 2.2194881439209 2.86417317390442
1.70799231684808E-16 1 0
-1.3000328540802 2.20964574813843 2.21784782409668
1.3000328540802 2.20964574813843 2.21784782409668
1.3000328540802 2.20964574813843 2.85433077812195
-1.70799231684808E-16 -1 0
1.3000328540802 2.20964574813843 2.85433077812195
-1.3000328540802 2.20964574813843 2.85433077812195
-1.3000328540802 2.20964574813843 2.21784782409668
-1.70799231684808E-16 -1 0
-1.3000328540802 0.00492125982418656 2.85433077812195
1.3000328540802 2.20964574813843 2.85433077812195
1.3000328540802 0.00492125982418656 2.85433077812195
0 0 -1
1.3000328540802 2.20964574813843 2.85433077812195
-1.3000328540802 0.00492125982418656 2.85433077812195
-1.3000328540802 2.20964574813843 2.85433077812195
0 0 -1
-1.3000328540802 0.00492125982418656 2.85433077812195
1.3000328540802 0.00492125982418656 2.85433077812195
1.3000328540802 0.00492125982418656 0
0 1 0
1.3000328540802 0.00492125982418656 0
-1.3000328540802 0.00492125982418656 0
-1.3000328540802 0.00492125982418656 2.85433077812195
0 1 0
-1.3000328540802 0.00492125982418656 0
1.3000328540802 0.00492125982418656 0
1.3000328540802 -0.00492125982418656 0
0 0 -1
1.3000328540802 -0.00492125982418656 0
-1.3000328540802 -0.00492125982418656 0
-1.3000328540802 0.00492125982418656 0
0 0 -1
-1.3000328540802 -0.00492125982418656 2.86417317390442
1.3000328540802 -0.00492125982418656 0
1.3000328540802 -0.00492125982418656 2.86417317390442
-1.70799231684808E-16 -1 -3.87624258769471E-17
1.3000328540802 -0.00492125982418656 0
-1.3000328540802 -0.00492125982418656 2.86417317390442
-1.3000328540802 -0.00492125982418656 0
-1.70799231684808E-16 -1 -3.87624258769471E-17
-1.3000328540802 2.12762475013733 2.20800518989563
1.3000328540802 2.2194881439209 2.20800518989563
1.3000328540802 2.12762475013733 2.20800518989563
0 0 -1
1.3000328540802 2.2194881439209 2.20800518989563
-1.3000328540802 2.12762475013733 2.20800518989563
-1.3000328540802 2.2194881439209 2.20800518989563
0 0 -1
-1.3000328540802 2.12762475013733 2.20800518989563
1.3000328540802 2.12762475013733 2.20800518989563
1.3000328540802 2.12762475013733 2.21784782409668
-1.70799231684808E-16 -1 0
1.3000328540802 2.12762475013733 2.21784782409668
-1.3000328540802 2.12762475013733 2.21784782409668
-1.3000328540802 2.12762475013733 2.20800518989563
-1.70799231684808E-16 -1 0
-1.3000328540802 2.12762475013733 2.21784782409668
1.3000328540802 2.12762475013733 2.21784782409668
1.3000328540802 2.20964574813843 2.21784782409668
0 0 1
1.3000328540802 2.20964574813843 2.21784782409668
-1.3000328540802 2.20964574813843 2.21784782409668
-1.3000328540802 2.12762475013733 2.21784782409668
0 0 1
[HEADER]
486633,AL복합패널_(지정색2)폭647,6
9654.83293860409 4241.50789946605 37.4835958005413
1
1 0 0
0 1 0
0 0 1
[HEADER]
486634,Glazed,6
9617.33703965396 4241.50789946605 37.5082020997539
1
1 0 0
0 1 0
0 0 1
[HEADER]
486652,Wall,6
9652.28290579619 4241.50789946605 8.85826771655184
1
1 0 0
0 1 0
0 0 1
[HEADER]
486653,Wall,6
9652.28290579619 4241.50789946605 9.43241469817914
1
1 0 0
0 1 0
0 0 1
[HEADER]
486654,Wall,6
9652.27060264659 4241.50789946605 14.1076115485728
1
1 0 0
0 1 0
0 0 1
[HEADER]
486655,Wall,6
9652.27060264659 4241.50789946605 18.7828083989665
1
1 0 0
0 1 0
0 0 1
[HEADER]
486656,Wall,6
9652.27060264659 4241.50789946605 23.4580052493602
1
1 0 0
0 1 0
0 0 1
[HEADER]
486657,Wall,6
9652.27060264659 4241.50789946605 28.1332020997539
1
1 0 0
0 1 0
0 0 1
[HEADER]
486658,Wall,6
9652.28290579619 4241.50789946605 32.8083989501476
1
1 0 0
0 1 0
0 0 1
[HEADER]
486659,AL복합패널_(지정색2)폭647,6
9652.28290579619 4241.50789946605 37.4835958005413
1
1 0 0
0 1 0
0 0 1
[HEADER]
486661,Wall,6
9649.82227587493 4241.50789946605 8.85826771655184
1
1 0 0
0 1 0
0 0 1
[HEADER]
486662,Wall,6
9649.82227587493 4241.50789946605 9.43241469817914
1
1 0 0
0 1 0
0 0 1
[HEADER]
486663,Wall,6
9649.82227587493 4241.50789946605 14.0830052493602
1
1 0 0
0 1 0
0 0 1
[HEADER]
486664,Glazed,6
9649.82227587493 4241.50789946605 18.7828083989665
1
1 0 0
0 1 0
0 0 1
[HEADER]
486665,Glazed,6
9649.82227587493 4241.50789946605 23.4580052493602
1
1 0 0
0 1 0
0 0 1
[HEADER]
486666,Glazed,6
9649.82227587493 4241.50789946605 28.1332020997539
1
1 0 0
0 1 0
0 0 1
[HEADER]
486667,Wall,6
9649.82227587493 4241.50789946605 32.783792650935
1
1 0 0
0 1 0
0 0 1
[HEADER]
486668,AL복합패널_(지정색2)폭647,6
9649.82227587493 4241.50789946605 37.4835958005413
1
1 0 0
0 1 0
0 0 1
[HEADER]
486670,Wall,6
9647.36164595367 4241.50789946605 8.85826771655184
1
1 0 0
0 1 0
0 0 1
[HEADER]
486671,Wall,6
9647.36164595367 4241.50789946605 9.43241469817914
1
1 0 0
0 1 0
0 0 1
[HEADER]
486672,Wall,6
9647.37394910328 4241.50789946605 14.1076115485728
1
1 0 0
0 1 0
0 0 1
[HEADER]
486673,Wall,6
9647.37394910328 4241.50789946605 18.7828083989665
1
1 0 0
0 1 0
0 0 1
[HEADER]
486674,Wall,6
9647.37394910328 4241.50789946605 23.4580052493602
1
1 0 0
0 1 0
0 0 1
[HEADER]
486675,Wall,6
9647.37394910328 4241.50789946605 28.1332020997539
1
1 0 0
0 1 0
0 0 1
[HEADER]
486676,Wall,6
9647.36164595367 4241.50789946605 32.8083989501476
1
1 0 0
0 1 0
0 0 1
[HEADER]
486677,AL복합패널_(지정색2)폭647,6
9647.36164595367 4241.50789946605 37.4835958005413
1
1 0 0
0 1 0
0 0 1
[HEADER]
486755,Glazed,6
9606.18710527126 4241.50789946605 8.85826771655184
1
1 0 0
0 1 0
0 0 1
[HEADER]
486756,Glazed,6
0 0 0
1
1 0 0
0 1 0
0 0 1
[HEADER]
486757,Glazed,6
9606.18710527126 4241.50789946605 14.1322178477854
1
1 0 0
0 1 0
0 0 1
[HEADER]
486758,Glazed,6
9606.18710527126 4241.50789946605 18.8074146981791
1
1 0 0
0 1 0
0 0 1
[HEADER]
486759,Glazed,6
9606.18710527126 4241.50789946605 23.4826115485728
1
1 0 0
0 1 0
0 0 1
[HEADER]
486760,Glazed,6
9606.18710527126 4241.50789946605 28.1578083989665
1
1 0 0
0 1 0
0 0 1
[HEADER]
486761,Glazed,6
9606.18710527126 4241.50789946605 32.8330052493602
1
1 0 0
0 1 0
0 0 1
[HEADER]
486762,Glazed,6
9606.18710527126 4241.50789946605 37.5082020997539
1
1 0 0
0 1 0
0 0 1
[HEADER]
489335,Wall,6
9619.21614070383 4241.50789946605 8.85826771655184
1
1 0 0
0 1 0
0 0 1
[HEADER]
489339,Wall,6
9621.77109477257 4241.50789946605 8.85826771655184
1
1 0 0
0 1 0
0 0 1
[HEADER]
489341,Wall,6
9624.23172469383 4241.50789946605 8.85826771655184
1
1 0 0
0 1 0
0 0 1
[HEADER]
489343,Wall,6
9626.69235461509 4241.50789946605 8.85826771655184
1
1 0 0
0 1 0
0 0 1
[HEADER]
489345,Wall,6
9629.07834542824 4241.50789946605 8.85826771655184
1
1 0 0
0 1 0
0 0 1
[HEADER]
489347,Wall,6
9619.21614070383 4241.50789946605 9.43241469817914
1
1 0 0
0 1 0
0 0 1
[HEADER]
489348,Wall,6
9621.77109477257 4241.50789946605 9.43241469817914
1
1 0 0
0 1 0
0 0 1
[HEADER]
489349,Wall,6
9624.23172469383 4241.50789946605 9.43241469817914
1
1 0 0
0 1 0
0 0 1
[HEADER]
489350,Wall,6
9626.69235461509 4241.50789946605 9.43241469817914
1
1 0 0
0 1 0
0 0 1
[HEADER]
489351,Wall,6
9629.07834542824 4241.50789946605 9.43241469817914
1
1 0 0
0 1 0
0 0 1
[HEADER]
489353,Wall,6
9619.21614070383 4241.50789946605 14.1076115485728
1
1 0 0
0 1 0
0 0 1
[HEADER]
489354,Wall,6
9621.78339792217 4241.50789946605 14.1076115485728
1
1 0 0
0 1 0
0 0 1
[HEADER]
489355,Wall,6
9624.23172469383 4241.50789946605 14.0830052493602
1
1 0 0
0 1 0
0 0 1
[HEADER]
489356,Wall,6
9626.68005146548 4241.50789946605 14.1076115485728
1
1 0 0
0 1 0
0 0 1
[HEADER]
489357,Wall,6
9629.07834542824 4241.50789946605 14.1076115485728
1
1 0 0
0 1 0
0 0 1
[HEADER]
489359,Wall,6
9619.21614070383 4241.50789946605 18.7828083989665
1
1 0 0
0 1 0
0 0 1
[HEADER]
489360,Wall,6
9621.78339792217 4241.50789946605 18.7828083989665
1
1 0 0
0 1 0
0 0 1
[HEADER]
489361,Glazed,6
9624.23172469383 4241.50789946605 18.7828083989665
1
1 0 0
0 1 0
0 0 1
[HEADER]
489362,Wall,6
9626.68005146548 4241.50789946605 18.7828083989665
1
1 0 0
0 1 0
0 0 1
[HEADER]
489363,Wall,6
9629.07834542824 4241.50789946605 18.7828083989665
1
1 0 0
0 1 0
0 0 1
[HEADER]
489365,Wall,6
9619.21614070383 4241.50789946605 23.4580052493602
1
1 0 0
0 1 0
0 0 1
[HEADER]
489366,Wall,6
9621.78339792217 4241.50789946605 23.4580052493602
1
1 0 0
0 1 0
0 0 1
[HEADER]
489367,Glazed,6
9624.23172469383 4241.50789946605 23.4580052493602
1
1 0 0
0 1 0
0 0 1
[HEADER]
489368,Wall,6
9626.68005146548 4241.50789946605 23.4580052493602
1
1 0 0
0 1 0
0 0 1
[HEADER]
489369,Wall,6
9629.07834542824 4241.50789946605 23.4580052493602
1
1 0 0
0 1 0
0 0 1
[HEADER]
489371,Wall,6
9619.21614070383 4241.50789946605 28.1332020997539
1
1 0 0
0 1 0
0 0 1
[HEADER]
489372,Wall,6
9621.78339792217 4241.50789946605 28.1332020997539
1
1 0 0
0 1 0
0 0 1
[HEADER]
489373,Glazed,6
9624.23172469383 4241.50789946605 28.1332020997539
1
1 0 0
0 1 0
0 0 1
[HEADER]
489374,Wall,6
9626.68005146548 4241.50789946605 28.1332020997539
1
1 0 0
0 1 0
0 0 1
[HEADER]
489375,Wall,6
9629.07834542824 4241.50789946605 28.1332020997539
1
1 0 0
0 1 0
0 0 1
[HEADER]
489377,Wall,6
9619.21614070383 4241.50789946605 32.8083989501476
1
1 0 0
0 1 0
0 0 1
[HEADER]
489378,Wall,6
9621.77109477257 4241.50789946605 32.8083989501476
1
1 0 0
0 1 0
0 0 1
[HEADER]
489379,Wall,6
9624.23172469383 4241.50789946605 32.783792650935
1
1 0 0
0 1 0
0 0 1
[HEADER]
489380,Wall,6
9626.69235461509 4241.50789946605 32.8083989501476
1
1 0 0
0 1 0
0 0 1
[HEADER]
489381,Wall,6
9629.07834542824 4241.50789946605 32.8083989501476
1
1 0 0
0 1 0
0 0 1
[HEADER]
489488,Glazed,6
9619.2858585521 4241.50789946605 8.85826771655184
1
1 0 0
0 1 0
0 0 1
[HEADER]
489489,Glazed,6
9619.2858585521 4241.50789946605 9.43241469817914
1
1 0 0
0 1 0
0 0 1
[HEADER]
489490,Glazed,6
9619.2858585521 4241.50789946605 14.1322178477854
1
1 0 0
0 1 0
0 0 1
[HEADER]
489491,Glazed,6
9619.2858585521 4241.50789946605 18.8074146981791
1
1 0 0
0 1 0
0 0 1
[HEADER]
489492,Glazed,6
9619.2858585521 4241.50789946605 23.4826115485728
1
1 0 0
0 1 0
0 0 1
[HEADER]
489493,Glazed,6
9619.2858585521 4241.50789946605 28.1578083989665
1
1 0 0
0 1 0
0 0 1
[HEADER]
489494,Glazed,6
9619.2858585521 4241.50789946605 32.8330052493602
1
1 0 0
0 1 0
0 0 1
[HEADER]
489587,AL복합패널_(지정색2)폭647,6
9619.21614070383 4241.50789946605 37.4835958005413
1
1 0 0
0 1 0
0 0 1
[HEADER]
489588,Glazed,6
9619.2858585521 4241.50789946605 37.5082020997539
1
1 0 0
0 1 0
0 0 1
[HEADER]
489589,AL복합패널_(지정색2)폭647,6
9621.77109477257 4241.50789946605 37.4835958005413
1
1 0 0
0 1 0
0 0 1
[HEADER]
489590,AL복합패널_(지정색2)폭647,6
9624.23172469383 4241.50789946605 37.4835958005413
1
1 0 0
0 1 0
0 0 1
[HEADER]
489591,AL복합패널_(지정색2)폭647,6
9626.69235461509 4241.50789946605 37.4835958005413
1
1 0 0
0 1 0
0 0 1
[HEADER]
489592,AL복합패널_(지정색2)폭647,6
9629.07834542824 4241.50789946605 37.4835958005413
1
1 0 0
0 1 0
0 0 1
[HEADER]
490048,Wall,6
9632.01141629438 4241.50789946605 8.85826771655184
1
1 0 0
0 1 0
0 0 1
[HEADER]
490050,Wall,6
9634.56637036312 4241.50789946605 8.85826771655184
1
1 0 0
0 1 0
0 0 1
[HEADER]
490052,Wall,6
9637.02700028438 4241.50789946605 8.85826771655184
1
1 0 0
0 1 0
0 0 1
[HEADER]
490054,Wall,6
9639.48763020564 4241.50789946605 8.85826771655184
1
1 0 0
0 1 0
0 0 1
[HEADER]
490056,Wall,6
9641.87362101879 4241.50789946605 8.85826771655184
1
1 0 0
0 1 0
0 0 1
[HEADER]
490058,Wall,6
9632.01141629438 4241.50789946605 9.43241469817914
1
1 0 0
0 1 0
0 0 1
[HEADER]
490059,Wall,6
9634.56637036312 4241.50789946605 9.43241469817914
1
1 0 0
0 1 0
0 0 1
[HEADER]
490060,Wall,6
9637.02700028438 4241.50789946605 9.43241469817914
1
1 0 0
0 1 0
0 0 1
[HEADER]
490061,Wall,6
9639.48763020564 4241.50789946605 9.43241469817914
1
1 0 0
0 1 0
0 0 1
[HEADER]
490062,Wall,6
9641.87362101879 4241.50789946605 9.43241469817914
1
1 0 0
0 1 0
0 0 1
[HEADER]
490064,Wall,6
9632.01141629438 4241.50789946605 14.1076115485728
1
1 0 0
0 1 0
0 0 1
[HEADER]
490065,Wall,6
9634.57867351273 4241.50789946605 14.1076115485728
1
1 0 0
0 1 0
0 0 1
[HEADER]
490066,Wall,6
9637.02700028438 4241.50789946605 14.0830052493602
1
1 0 0
0 1 0
0 0 1
[HEADER]
490067,Wall,6
9639.47532705603 4241.50789946605 14.1076115485728
1
1 0 0
0 1 0
0 0 1
[HEADER]
490068,Wall,6
9641.87362101879 4241.50789946605 14.1076115485728
1
1 0 0
0 1 0
0 0 1
[HEADER]
490070,Wall,6
9632.01141629438 4241.50789946605 18.7828083989665
1
1 0 0
0 1 0
0 0 1
[HEADER]
490071,Wall,6
9634.57867351273 4241.50789946605 18.7828083989665
1
1 0 0
0 1 0
0 0 1
[HEADER]
490072,Glazed,6
9637.02700028438 4241.50789946605 18.7828083989665
1
1 0 0
0 1 0
0 0 1
[HEADER]
490073,Wall,6
9639.47532705603 4241.50789946605 18.7828083989665
1
1 0 0
0 1 0
0 0 1
[HEADER]
490074,Wall,6
9641.87362101879 4241.50789946605 18.7828083989665
1
1 0 0
0 1 0
0 0 1
[HEADER]
490076,Wall,6
9632.01141629438 4241.50789946605 23.4580052493602
1
1 0 0
0 1 0
0 0 1
[HEADER]
490077,Wall,6
9634.57867351273 4241.50789946605 23.4580052493602
1
1 0 0
0 1 0
0 0 1
[HEADER]
490078,Glazed,6
9637.02700028438 4241.50789946605 23.4580052493602
1
1 0 0
0 1 0
0 0 1
[HEADER]
490079,Wall,6
9639.47532705603 4241.50789946605 23.4580052493602
1
1 0 0
0 1 0
0 0 1
[HEADER]
490080,Wall,6
9641.87362101879 4241.50789946605 23.4580052493602
1
1 0 0
0 1 0
0 0 1
[HEADER]
490082,Wall,6
9632.01141629438 4241.50789946605 28.1332020997539
1
1 0 0
0 1 0
0 0 1
[HEADER]
490083,Wall,6
9634.57867351273 4241.50789946605 28.1332020997539
1
1 0 0
0 1 0
0 0 1
[HEADER]
490084,Glazed,6
9637.02700028438 4241.50789946605 28.1332020997539
1
1 0 0
0 1 0
0 0 1
[HEADER]
490085,Wall,6
9639.47532705603 4241.50789946605 28.1332020997539
1
1 0 0
0 1 0
0 0 1
[HEADER]
490086,Wall,6
9641.87362101879 4241.50789946605 28.1332020997539
1
1 0 0
0 1 0
0 0 1
[HEADER]
490088,Wall,6
9632.01141629438 4241.50789946605 32.8083989501476
1
1 0 0
0 1 0
0 0 1
[HEADER]
490089,Wall,6
9634.56637036312 4241.50789946605 32.8083989501476
1
1 0 0
0 1 0
0 0 1
[HEADER]
490090,Wall,6
9637.02700028438 4241.50789946605 32.783792650935
1
1 0 0
0 1 0
0 0 1
[HEADER]
490091,Wall,6
9639.48763020564 4241.50789946605 32.8083989501476
1
1 0 0
0 1 0
0 0 1
[HEADER]
490092,Wall,6
9641.87362101879 4241.50789946605 32.8083989501476
1
1 0 0
0 1 0
0 0 1
[HEADER]
490171,Glazed,6
9619.2858585521 4241.50789946605 8.85826771655184
1
1 0 0
0 1 0
0 0 1
[HEADER]
490172,Glazed,6
9619.2858585521 4241.50789946605 9.43241469817914
1
1 0 0
0 1 0
0 0 1
[HEADER]
490173,Glazed,6
9619.2858585521 4241.50789946605 14.1322178477854
1
1 0 0
0 1 0
0 0 1
[HEADER]
490174,Glazed,6
9619.2858585521 4241.50789946605 18.8074146981791
1
1 0 0
0 1 0
0 0 1
[HEADER]
490175,Glazed,6
9619.2858585521 4241.50789946605 23.4826115485728
1
1 0 0
0 1 0
0 0 1
[HEADER]
490176,Glazed,6
9619.2858585521 4241.50789946605 28.1578083989665
1
1 0 0
0 1 0
0 0 1
[HEADER]
490177,Glazed,6
9619.2858585521 4241.50789946605 32.8330052493602
1
1 0 0
0 1 0
0 0 1
[HEADER]
490184,AL복합패널_(지정색1)폭647,6
9632.01141629438 4241.50789946605 37.4835958005413
1
1 0 0
0 1 0
0 0 1
[HEADER]
490185,Glazed,6
9619.2858585521 4241.50789946605 37.5082020997539
1
1 0 0
0 1 0
0 0 1
[HEADER]
490186,AL복합패널_(지정색1)폭647,6
9634.56637036312 4241.50789946605 37.4835958005413
1
1 0 0
0 1 0
0 0 1
[HEADER]
490187,AL복합패널_(지정색1)폭647,6
9637.02700028438 4241.50789946605 37.4835958005413
1
1 0 0
0 1 0
0 0 1
[HEADER]
490188,AL복합패널_(지정색1)폭647,6
9639.48763020564 4241.50789946605 37.4835958005413
1
1 0 0
0 1 0
0 0 1
[HEADER]
490189,AL복합패널_(지정색1)폭647,6
9641.87362101879 4241.50789946605 37.4835958005413
1
1 0 0
0 1 0
0 0 1
[HEADER]
490613,Wall,6
9670.80980868233 4242.80793227495 8.85826771655184
1
0 1 0
-1 0 0
0 0 1
[HEADER]
490617,Wall,6
9670.80980868233 4245.36288634369 8.85826771655184
1
0 1 0
-1 0 0
0 0 1
[HEADER]
490619,Wall,6
9670.80980868233 4247.82351626495 8.85826771655184
1
0 1 0
-1 0 0
0 0 1
[HEADER]
490621,Wall,6
9670.80980868233 4250.28414618621 8.85826771655184
1
0 1 0
-1 0 0
0 0 1
[HEADER]
490623,Wall,6
9670.80980868233 4252.74477610747 8.85826771655184
1
0 1 0
-1 0 0
0 0 1
[HEADER]
490625,Wall,6
9670.80980868233 4255.20540602873 8.85826771655184
1
0 1 0
-1 0 0
0 0 1
[HEADER]
490627,Wall,6
9670.80980868233 4257.82234459731 8.85826771655184
1
0 1 0
-1 0 0
0 0 1
[HEADER]
490629,Glazed,6
9670.80980868233 4259.05265955794 8.85826771655184
1
0 1 0
-1 0 0
0 0 1
[HEADER]
490631,Wall,6
9670.80980868233 4242.80793227495 9.43241469817913
1
0 1 0
-1 0 0
0 0 1
[HEADER]
490632,Wall,6
9670.80980868233 4245.36288634369 9.43241469817913
1
0 1 0
-1 0 0
0 0 1
[HEADER]
490633,Wall,6
9670.80980868233 4247.82351626495 9.43241469817913
1
0 1 0
-1 0 0
0 0 1
[HEADER]
490634,Wall,6
9670.80980868233 4250.28414618621 9.43241469817913
1
0 1 0
-1 0 0
0 0 1
[HEADER]
490635,Wall,6
9670.80980868233 4252.74477610747 9.43241469817913
1
0 1 0
-1 0 0
0 0 1
[HEADER]
490636,Wall,6
9670.80980868233 4255.20540602873 9.43241469817913
1
0 1 0
-1 0 0
0 0 1
[HEADER]
490637,Wall,6
9670.80980868233 4257.82234459731 9.43241469817913
1
0 1 0
-1 0 0
0 0 1
[HEADER]
490638,Glazed,6
9670.80980868233 4258.95833541096 9.43241469817913
1
0 1 0
-1 0 0
0 0 1
[HEADER]
490640,Wall,6
9670.80980868233 4242.80793227495 14.1076115485728
1
0 1 0
-1 0 0
0 0 1
[HEADER]
490641,Wall,6
9670.80980868233 4245.36288634369 14.1076115485728
1
0 1 0
-1 0 0
0 0 1
[HEADER]
490642,Wall,6
9670.80980868233 4247.82351626495 14.1076115485728
1
0 1 0
-1 0 0
0 0 1
[HEADER]
490643,Wall,6
9670.80980868233 4249.38683647442 14.1076115485728
1
0 1 0
-1 0 0
0 0 1
[HEADER]
490644,Empty,6
9670.80980868233 4252.09106875789 14.0830052493602
1
0 1 0
-1 0 0
0 0 1
[HEADER]
490645,Wall,6
9670.80980868233 4255.20540602873 14.1076115485728
1
0 1 0
-1 0 0
0 0 1
[HEADER]
490646,Wall,6
9670.80980868233 4257.82234459731 14.1076115485728
1
0 1 0
-1 0 0
0 0 1
[HEADER]
490647,Glazed,6
9670.80980868233 4259.05265955794 14.1322178477854
1
0 1 0
-1 0 0
0 0 1
[HEADER]
490649,Wall,6
9670.80980868233 4242.80793227495 18.7828083989665
1
0 1 0
-1 0 0
0 0 1
[HEADER]
490650,Wall,6
9670.80980868233 4245.36288634369 18.7828083989665
1
0 1 0
-1 0 0
0 0 1
[HEADER]
490651,Wall,6
9670.80980868233 4247.82351626495 18.7828083989665
1
0 1 0
-1 0 0
0 0 1
[HEADER]
490652,Wall,6
9670.80980868233 4250.28414618621 18.7828083989665
1
0 1 0
-1 0 0
0 0 1
[HEADER]
490653,Wall,6
9670.80980868233 4252.74477610747 18.7828083989665
1
0 1 0
-1 0 0
0 0 1
[HEADER]
490654,Wall,6
9670.80980868233 4255.20540602873 18.7828083989665
1
0 1 0
-1 0 0
0 0 1
[HEADER]
490655,Wall,6
9670.80980868233 4257.82234459731 18.7828083989665
1
0 1 0
-1 0 0
0 0 1
[HEADER]
490656,Glazed,6
9670.80980868233 4259.05265955794 18.8074146981791
1
0 1 0
-1 0 0
0 0 1
[HEADER]
490658,Wall,6
9670.80980868233 4242.80793227495 23.4580052493602
1
0 1 0
-1 0 0
0 0 1
[HEADER]
490659,Wall,6
9670.80980868233 4245.36288634369 23.4580052493602
1
0 1 0
-1 0 0
0 0 1
[HEADER]
490660,Wall,6
9670.80980868233 4247.82351626495 23.4580052493602
1
0 1 0
-1 0 0
0 0 1
[HEADER]
490661,Wall,6
9670.80980868233 4250.28414618621 23.4580052493602
1
0 1 0
-1 0 0
0 0 1
[HEADER]
490662,Wall,6
9670.80980868233 4252.74477610747 23.4580052493602
1
0 1 0
-1 0 0
0 0 1
[HEADER]
490663,Wall,6
9670.80980868233 4255.20540602873 23.4580052493602
1
0 1 0
-1 0 0
0 0 1
[HEADER]
490664,Wall,6
9670.80980868233 4257.82234459731 23.4580052493602
1
0 1 0
-1 0 0
0 0 1
[HEADER]
490665,Glazed,6
9670.80980868233 4259.05265955794 23.4826115485728
1
0 1 0
-1 0 0
0 0 1
[HEADER]
490667,Wall,6
9670.80980868233 4242.80793227495 28.1332020997539
1
0 1 0
-1 0 0
0 0 1
[HEADER]
490668,Wall,6
9670.80980868233 4245.36288634369 28.1332020997539
1
0 1 0
-1 0 0
0 0 1
[HEADER]
490669,Wall,6
9670.80980868233 4247.82351626495 28.1332020997539
1
0 1 0
-1 0 0
0 0 1
[HEADER]
490670,Wall,6
9670.80980868233 4249.38683647442 28.1332020997539
1
0 1 0
-1 0 0
0 0 1
[HEADER]
490671,Wall,6
9670.80980868233 4253.30908056891 28.1332020997539
1
0 1 0
-1 0 0
0 0 1
[HEADER]
490672,Wall,6
9670.80980868233 4255.20540602873 28.1332020997539
1
0 1 0
-1 0 0
0 0 1
[HEADER]
490673,Wall,6
9670.80980868233 4257.82234459731 28.1332020997539
1
0 1 0
-1 0 0
0 0 1
[HEADER]
490674,Glazed,6
9670.80980868233 4259.05265955794 28.1578083989665
1
0 1 0
-1 0 0
0 0 1
[HEADER]
490676,Wall,6
9670.80980868233 4242.80793227495 32.8083989501476
1
0 1 0
-1 0 0
0 0 1
[HEADER]
490677,Wall,6
9670.80980868233 4245.36288634369 32.8083989501476
1
0 1 0
-1 0 0
0 0 1
[HEADER]
490678,Wall,6
9670.80980868233 4247.82351626495 32.8083989501476
1
0 1 0
-1 0 0
0 0 1
[HEADER]
490679,Wall,6
9670.80980868233 4250.28414618621 32.8083989501476
1
0 1 0
-1 0 0
0 0 1
[HEADER]
490680,Wall,6
9670.80980868233 4252.74477610747 32.8083989501476
1
0 1 0
-1 0 0
0 0 1
[HEADER]
490681,Wall,6
9670.80980868233 4255.20540602873 32.8083989501476
1
0 1 0
-1 0 0
0 0 1
[HEADER]
490682,Wall,6
9670.80980868233 4257.82234459731 32.8083989501476
1
0 1 0
-1 0 0
0 0 1
[HEADER]
490683,Glazed,6
9670.80980868233 4259.05265955794 32.8330052493602
1
0 1 0
-1 0 0
0 0 1
[HEADER]
491431,AL복합패널_(지정색2)폭446.9,150
9670.80980868233 4242.80793227495 37.4835958005413
1
0 1 0
-1 0 0
0 0 1
1.3000328540802 -0.00492125982418656 0
1.3000328540802 0.00492125982418656 3.83858275413513
1.3000328540802 -0.00492125982418656 3.8484251499176
1 -1.20841686689865E-16 0
1.3000328540802 1.55314958095551 3.83858275413513
1.3000328540802 -0.00492125982418656 3.8484251499176
1.3000328540802 0.00492125982418656 3.83858275413513
1 -1.20841686689865E-16 0
1.3000328540802 -0.00492125982418656 0
1.3000328540802 0.00492125982418656 0
1.3000328540802 0.00492125982418656 3.83858275413513
1 -1.20841686689865E-16 0
1.3000328540802 1.56299209594727 2.20800518989563
1.3000328540802 1.56299209594727 3.8484251499176
1.3000328540802 1.55314958095551 3.83858275413513
1 -1.20841686689865E-16 0
1.3000328540802 -0.00492125982418656 3.8484251499176
1.3000328540802 1.55314958095551 3.83858275413513
1.3000328540802 1.56299209594727 3.8484251499176
1 -1.20841686689865E-16 0
1.3000328540802 1.47112858295441 2.20800518989563
1.3000328540802 1.56299209594727 2.20800518989563
1.3000328540802 1.55314958095551 2.21784782409668
1 -1.20841686689865E-16 0
1.3000328540802 1.55314958095551 3.83858275413513
1.3000328540802 1.55314958095551 2.21784782409668
1.3000328540802 1.56299209594727 2.20800518989563
1 -1.20841686689865E-16 0
1.3000328540802 1.47112858295441 2.21784782409668
1.3000328540802 1.47112858295441 2.20800518989563
1.3000328540802 1.55314958095551 2.21784782409668
1 -1.20841686689865E-16 0
0.924274086952209 1.56299209594727 3.8484251499176
1.3000328540802 -0.00492125982418656 3.8484251499176
1.3000328540802 1.56299209594727 3.8484251499176
0 0 1
1.3000328540802 -0.00492125982418656 3.8484251499176
0.924274086952209 1.56299209594727 3.8484251499176
-1.3000328540802 -0.00492125982418656 3.8484251499176
0 0 1
0.924274086952209 1.56299209594727 3.8484251499176
1.3000328540802 1.56299209594727 3.8484251499176
1.3000328540802 1.56299209594727 2.20800518989563
8.53996158424039E-17 1 0
1.3000328540802 1.56299209594727 2.20800518989563
0.924274086952209 1.56299209594727 2.20800518989563
0.924274086952209 1.56299209594727 3.8484251499176
8.53996158424039E-17 1 0
0.910311043262482 1.55314958095551 2.21784782409668
1.3000328540802 1.55314958095551 2.21784782409668
1.3000328540802 1.55314958095551 3.83858275413513
-8.53996158424039E-17 -1 0
1.3000328540802 1.55314958095551 3.83858275413513
0.910311043262482 1.55314958095551 3.83858275413513
0.910311043262482 1.55314958095551 2.21784782409668
-8.53996158424039E-17 -1 0
0.910311043262482 1.55314958095551 3.83858275413513
1.3000328540802 1.55314958095551 3.83858275413513
1.3000328540802 0.00492125982418656 3.83858275413513
0 0 -1
1.3000328540802 0.00492125982418656 3.83858275413513
-1.28606975078583 0.00492125982418656 3.83858275413513
0.910311043262482 1.55314958095551 3.83858275413513
0 0 -1
-1.28606975078583 0.00492125982418656 3.83858275413513
1.3000328540802 0.00492125982418656 3.83858275413513
1.3000328540802 0.00492125982418656 0
1.70799231684808E-16 1 -2.313818652347E-16
1.3000328540802 0.00492125982418656 0
-1.28606975078583 0.00492125982418656 0
-1.28606975078583 0.00492125982418656 3.83858275413513
1.70799231684808E-16 1 -2.313818652347E-16
-1.28606975078583 0.00492125982418656 0
1.3000328540802 0.00492125982418656 0
1.3000328540802 -0.00492125982418656 0
0 0 -1
1.3000328540802 -0.00492125982418656 0
-1.3000328540802 -0.00492125982418656 0
-1.28606975078583 0.00492125982418656 0
0 0 -1
-1.3000328540802 -0.00492125982418656 3.8484251499176
1.3000328540802 -0.00492125982418656 0
1.3000328540802 -0.00492125982418656 3.8484251499176
-8.53996158424039E-17 -1 -2.88487619697994E-17
1.3000328540802 -0.00492125982418656 0
-1.3000328540802 -0.00492125982418656 3.8484251499176
-1.3000328540802 -0.00492125982418656 0
-8.53996158424039E-17 -1 -2.88487619697994E-17
0.924274086952209 1.56299209594727 2.20800518989563
1.3000328540802 1.56299209594727 2.20800518989563
1.3000328540802 1.47112858295441 2.20800518989563
0 0 -1
1.3000328540802 1.47112858295441 2.20800518989563
0.793952703475952 1.47112858295441 2.20800518989563
0.924274086952209 1.56299209594727 2.20800518989563
0 0 -1
0.793952703475952 1.47112858295441 2.20800518989563
1.3000328540802 1.47112858295441 2.20800518989563
1.3000328540802 1.47112858295441 2.21784782409668
-8.53996158424039E-17 -1 0
1.3000328540802 1.47112858295441 2.21784782409668
0.793952703475952 1.47112858295441 2.21784782409668
0.793952703475952 1.47112858295441 2.20800518989563
-8.53996158424039E-17 -1 0
0.910311043262482 1.55314958095551 2.21784782409668
1.3000328540802 1.47112858295441 2.21784782409668
1.3000328540802 1.55314958095551 2.21784782409668
0 0 1
1.3000328540802 1.47112858295441 2.21784782409668
0.910311043262482 1.55314958095551 2.21784782409668
0.793952703475952 1.47112858295441 2.21784782409668
0 0 1
0.924274086952209 1.56299209594727 3.8484251499176
0.910311043262482 1.55314958095551 3.83858275413513
-1.28606975078583 0.00492125982418656 3.83858275413513
-0.576147043678484 0.81734606138437 0
0.910311043262482 1.55314958095551 2.21784782409668
0.910311043262482 1.55314958095551 3.83858275413513
0.924274086952209 1.56299209594727 2.20800518989563
-0.576147043678484 0.81734606138437 0
-1.3000328540802 -0.00492125982418656 0
-1.3000328540802 -0.00492125982418656 3.8484251499176
-1.28606975078583 0.00492125982418656 3.83858275413513
-0.576147043678484 0.81734606138437 0
-1.28606975078583 0.00492125982418656 3.83858275413513
-1.3000328540802 -0.00492125982418656 3.8484251499176
0.924274086952209 1.56299209594727 3.8484251499176
-0.576147043678484 0.81734606138437 0
0.910311043262482 1.55314958095551 3.83858275413513
0.924274086952209 1.56299209594727 3.8484251499176
0.924274086952209 1.56299209594727 2.20800518989563
-0.576147043678484 0.81734606138437 0
0.910311043262482 1.55314958095551 2.21784782409668
0.793952703475952 1.47112858295441 2.20800518989563
0.793952703475952 1.47112858295441 2.21784782409668
-0.576147043678484 0.81734606138437 0
0.793952703475952 1.47112858295441 2.20800518989563
0.910311043262482 1.55314958095551 2.21784782409668
0.924274086952209 1.56299209594727 2.20800518989563
-0.576147043678484 0.81734606138437 0
-1.3000328540802 -0.00492125982418656 0
-1.28606975078583 0.00492125982418656 3.83858275413513
-1.28606975078583 0.00492125982418656 0
-0.576147043678484 0.81734606138437 0
[HEADER]
491432,AL복합패널_(지정색2)폭446.9,6
9670.80980868233 4245.36288634369 37.4835958005413
1
0 1 0
-1 0 0
0 0 1
[HEADER]
491433,AL복합패널_(지정색2)폭446.9,6
9670.80980868233 4247.82351626495 37.4835958005413
1
0 1 0
-1 0 0
0 0 1
[HEADER]
491434,AL복합패널_(지정색2)폭446.9,6
9670.80980868233 4250.28414618621 37.4835958005413
1
0 1 0
-1 0 0
0 0 1
[HEADER]
491435,AL복합패널_(지정색2)폭446.9,6
9670.80980868233 4252.74477610747 37.4835958005413
1
0 1 0
-1 0 0
0 0 1
[HEADER]
491436,AL복합패널_(지정색2)폭446.9,6
9670.80980868233 4255.20540602873 37.4835958005413
1
0 1 0
-1 0 0
0 0 1
[HEADER]
491437,AL복합패널_(지정색2)폭446.9,6
9670.80980868233 4257.82234459731 37.4835958005413
1
0 1 0
-1 0 0
0 0 1
[HEADER]
491438,Glazed,6
9670.80980868233 4259.05265955794 37.5082020997539
1
0 1 0
-1 0 0
0 0 1
[HEADER]
491783,Glazed,6
9670.80980868233 4242.87765012322 8.85826771655184
1
0 1 0
-1 0 0
0 0 1
[HEADER]
491784,Glazed,6
0 0 0
1
1 0 0
0 1 0
0 0 1
[HEADER]
491785,Glazed,6
9670.80980868233 4242.87765012322 14.1322178477854
1
0 1 0
-1 0 0
0 0 1
[HEADER]
491786,Glazed,6
9670.80980868233 4242.87765012322 18.8074146981791
1
0 1 0
-1 0 0
0 0 1
[HEADER]
491787,Glazed,6
9670.80980868233 4242.87765012322 23.4826115485728
1
0 1 0
-1 0 0
0 0 1
[HEADER]
491788,Glazed,6
9670.80980868233 4242.87765012322 28.1578083989665
1
0 1 0
-1 0 0
0 0 1
[HEADER]
491789,Glazed,6
9670.80980868233 4242.87765012322 32.8330052493602
1
0 1 0
-1 0 0
0 0 1
[HEADER]
491790,Glazed,6
9670.80980868233 4242.87765012322 37.5082020997539
1
0 1 0
-1 0 0
0 0 1
[HEADER]
499694,Wall,6
9590.11098978469 4242.85222361251 8.85826771655184
1
0 1 0
-1 0 0
0 0 1
[HEADER]
499698,Wall,6
9590.11098978469 4245.45146901882 8.85826771655184
1
0 1 0
-1 0 0
0 0 1
[HEADER]
499700,Wall,6
9590.11098978469 4247.91209894008 8.85826771655184
1
0 1 0
-1 0 0
0 0 1
[HEADER]
499702,Wall,6
9590.11098978469 4250.37272886134 8.85826771655184
1
0 1 0
-1 0 0
0 0 1
[HEADER]
499704,Wall,6
9590.11098978469 4242.85222361251 9.43241469817913
1
0 1 0
-1 0 0
0 0 1
[HEADER]
499705,Wall,6
9590.11098978469 4245.45146901882 9.43241469817913
1
0 1 0
-1 0 0
0 0 1
[HEADER]
499706,Wall,6
9590.11098978469 4247.91209894008 9.43241469817913
1
0 1 0
-1 0 0
0 0 1
[HEADER]
499707,Wall,6
9590.11098978469 4250.37272886134 9.43241469817913
1
0 1 0
-1 0 0
0 0 1
[HEADER]
499709,Wall,6
9590.11098978469 4242.85222361251 14.1076115485728
1
0 1 0
-1 0 0
0 0 1
[HEADER]
499710,Wall,6
9590.11098978469 4245.45146901882 14.1076115485728
1
0 1 0
-1 0 0
0 0 1
[HEADER]
499711,Wall,6
9590.11098978469 4247.91209894008 14.1076115485728
1
0 1 0
-1 0 0
0 0 1
[HEADER]
499712,Wall,6
9590.11098978469 4249.43112781199 14.1076115485728
1
0 1 0
-1 0 0
0 0 1
[HEADER]
499714,Wall,6
9590.11098978469 4242.85222361251 18.7828083989665
1
0 1 0
-1 0 0
0 0 1
[HEADER]
499715,Wall,6
9590.11098978469 4245.45146901882 18.7828083989665
1
0 1 0
-1 0 0
0 0 1
[HEADER]
499716,Wall,6
9590.11098978469 4247.91209894008 18.7828083989665
1
0 1 0
-1 0 0
0 0 1
[HEADER]
499717,Wall,6
9590.11098978469 4250.37272886134 18.7828083989665
1
0 1 0
-1 0 0
0 0 1
[HEADER]
499719,Wall,6
9590.11098978469 4242.85222361251 23.4580052493602
1
0 1 0
-1 0 0
0 0 1
[HEADER]
499720,Wall,6
9590.11098978469 4245.45146901882 23.4580052493602
1
0 1 0
-1 0 0
0 0 1
[HEADER]
499721,Wall,6
9590.11098978469 4247.91209894008 23.4580052493602
1
0 1 0
-1 0 0
0 0 1
[HEADER]
499722,Wall,6
9590.11098978469 4250.37272886134 23.4580052493602
1
0 1 0
-1 0 0
0 0 1
[HEADER]
499724,Wall,6
9590.11098978469 4242.85222361251 28.1332020997539
1
0 1 0
-1 0 0
0 0 1
[HEADER]
499725,Wall,6
9590.11098978469 4245.45146901882 28.1332020997539
1
0 1 0
-1 0 0
0 0 1
[HEADER]
499726,Wall,6
9590.11098978469 4247.91209894008 28.1332020997539
1
0 1 0
-1 0 0
0 0 1
[HEADER]
499727,Wall,6
9590.11098978469 4249.43112781199 28.1332020997539
1
0 1 0
-1 0 0
0 0 1
[HEADER]
499729,Wall,6
9590.11098978469 4242.85222361251 32.8083989501476
1
0 1 0
-1 0 0
0 0 1
[HEADER]
499730,Wall,6
9590.11098978469 4245.45146901882 32.8083989501476
1
0 1 0
-1 0 0
0 0 1
[HEADER]
499731,Wall,6
9590.11098978469 4247.91209894008 32.8083989501476
1
0 1 0
-1 0 0
0 0 1
[HEADER]
499732,Wall,6
9590.11098978469 4250.37272886134 32.8083989501476
1
0 1 0
-1 0 0
0 0 1
[HEADER]
500149,Wall,6
9590.11098978469 4252.8333587826 8.85826771655184
1
0 1 0
-1 0 0
0 0 1
[HEADER]
500150,Wall,6
9590.11098978469 4252.8333587826 9.43241469817913
1
0 1 0
-1 0 0
0 0 1
[HEADER]
500151,Empty,6
9590.11098978469 4252.13536009545 14.0830052493602
1
0 1 0
-1 0 0
0 0 1
[HEADER]
500152,Wall,6
9590.11098978469 4252.8333587826 18.7828083989665
1
0 1 0
-1 0 0
0 0 1
[HEADER]
500153,Wall,6
9590.11098978469 4252.8333587826 23.4580052493602
1
0 1 0
-1 0 0
0 0 1
[HEADER]
500154,Wall,6
9590.11098978469 4253.35337190648 28.1332020997539
1
0 1 0
-1 0 0
0 0 1
[HEADER]
500155,Wall,6
9590.11098978469 4252.8333587826 32.8083989501476
1
0 1 0
-1 0 0
0 0 1
[HEADER]
500157,Wall,6
9590.11098978469 4255.29398870386 8.85826771655184
1
0 1 0
-1 0 0
0 0 1
[HEADER]
500158,Wall,6
9590.11098978469 4255.29398870386 9.43241469817913
1
0 1 0
-1 0 0
0 0 1
[HEADER]
500159,Wall,6
9590.11098978469 4255.29398870386 14.1076115485728
1
0 1 0
-1 0 0
0 0 1
[HEADER]
500160,Wall,6
9590.11098978469 4255.29398870386 18.7828083989665
1
0 1 0
-1 0 0
0 0 1
[HEADER]
500161,Wall,6
9590.11098978469 4255.29398870386 23.4580052493602
1
0 1 0
-1 0 0
0 0 1
[HEADER]
500162,Wall,6
9590.11098978469 4255.29398870386 28.1332020997539
1
0 1 0
-1 0 0
0 0 1
[HEADER]
500163,Wall,6
9590.11098978469 4255.29398870386 32.8083989501476
1
0 1 0
-1 0 0
0 0 1
[HEADER]
500165,Wall,6
9590.11098978469 4257.8489427726 8.85826771655184
1
0 1 0
-1 0 0
0 0 1
[HEADER]
500166,Wall,6
9590.11098978469 4257.8489427726 9.43241469817913
1
0 1 0
-1 0 0
0 0 1
[HEADER]
500167,Wall,6
9590.11098978469 4257.8489427726 14.1076115485728
1
0 1 0
-1 0 0
0 0 1
[HEADER]
500168,Wall,6
9590.11098978469 4257.8489427726 18.7828083989665
1
0 1 0
-1 0 0
0 0 1
[HEADER]
500169,Wall,6
9590.11098978469 4257.8489427726 23.4580052493602
1
0 1 0
-1 0 0
0 0 1
[HEADER]
500170,Wall,6
9590.11098978469 4257.8489427726 28.1332020997539
1
0 1 0
-1 0 0
0 0 1
[HEADER]
500171,Wall,6
9590.11098978469 4257.8489427726 32.8083989501476
1
0 1 0
-1 0 0
0 0 1
[HEADER]
500173,Glazed,6
9590.11098978469 4258.98083253638 8.85826771655184
1
0 1 0
-1 0 0
0 0 1
[HEADER]
500174,Glazed,6
9590.11098978469 4258.98083253638 9.43241469817913
1
0 1 0
-1 0 0
0 0 1
[HEADER]
500175,Glazed,6
9590.11098978469 4258.98083253638 14.1322178477854
1
0 1 0
-1 0 0
0 0 1
[HEADER]
500176,Glazed,6
9590.11098978469 4258.98083253638 18.8074146981791
1
0 1 0
-1 0 0
0 0 1
[HEADER]
500177,Glazed,6
9590.11098978469 4258.98083253638 23.4826115485728
1
0 1 0
-1 0 0
0 0 1
[HEADER]
500178,Glazed,6
9590.11098978469 4258.98083253638 28.1578083989665
1
0 1 0
-1 0 0
0 0 1
[HEADER]
500179,Glazed,6
9590.11098978469 4258.98083253638 32.8330052493602
1
0 1 0
-1 0 0
0 0 1
[HEADER]
500501,AL복합패널_(지정색2)폭446.9,6
9590.11098978469 4242.85222361251 37.4835958005413
1
0 1 0
-1 0 0
0 0 1
[HEADER]
500502,AL복합패널_(지정색2)폭446.9,6
9590.11098978469 4245.45146901882 37.4835958005413
1
0 1 0
-1 0 0
0 0 1
[HEADER]
500503,AL복합패널_(지정색2)폭446.9,6
9590.11098978469 4247.91209894008 37.4835958005413
1
0 1 0
-1 0 0
0 0 1
[HEADER]
500504,AL복합패널_(지정색2)폭446.9,6
9590.11098978469 4250.37272886134 37.4835958005413
1
0 1 0
-1 0 0
0 0 1
[HEADER]
500505,AL복합패널_(지정색2)폭446.9,6
9590.11098978469 4252.8333587826 37.4835958005413
1
0 1 0
-1 0 0
0 0 1
[HEADER]
500506,AL복합패널_(지정색2)폭446.9,6
9590.11098978469 4255.29398870386 37.4835958005413
1
0 1 0
-1 0 0
0 0 1
[HEADER]
500507,AL복합패널_(지정색2)폭446.9,6
9590.11098978469 4257.8489427726 37.4835958005413
1
0 1 0
-1 0 0
0 0 1
[HEADER]
500508,Glazed,6
9590.11098978469 4258.98083253638 37.5082020997539
1
0 1 0
-1 0 0
0 0 1
[HEADER]
500593,Glazed,6
9590.11098978469 4242.91702019992 8.85826771655184
1
0 1 0
-1 0 0
0 0 1
[HEADER]
500594,Glazed,6
9590.11098978469 4242.91702019992 9.43241469817913
1
0 1 0
-1 0 0
0 0 1
[HEADER]
500595,Glazed,6
9590.11098978469 4242.91702019992 14.1076115485728
1
0 1 0
-1 0 0
0 0 1
[HEADER]
500596,Glazed,6
9590.11098978469 4242.91702019992 18.7828083989665
1
0 1 0
-1 0 0
0 0 1
[HEADER]
500597,Glazed,6
9590.11098978469 4242.91702019992 23.4580052493602
1
0 1 0
-1 0 0
0 0 1
[HEADER]
500598,Glazed,6
9590.11098978469 4242.91702019992 28.1332020997539
1
0 1 0
-1 0 0
0 0 1
[HEADER]
500599,Glazed,6
9590.11098978469 4242.91702019992 32.8083989501476
1
0 1 0
-1 0 0
0 0 1
[HEADER]
500600,Glazed,6
9590.11098978469 4242.91702019992 37.4835958005413
1
0 1 0
-1 0 0
0 0 1
[HEADER]
507037,Wall,6
9590.58682577467 4259.1489755815 8.85826771655184
1
1 0 0
0 1 0
0 0 1
[HEADER]
507042,Wall,6
9590.58682577467 4259.1489755815 9.43241469817913
1
1 0 0
0 1 0
0 0 1
[HEADER]
507044,Wall,6
9590.58682577467 4259.1489755815 14.1076115485728
1
1 0 0
0 1 0
0 0 1
[HEADER]
507046,Wall,6
9590.58682577467 4259.1489755815 18.7828083989665
1
1 0 0
0 1 0
0 0 1
[HEADER]
507048,Wall,6
9590.58682577467 4259.1489755815 23.4580052493602
1
1 0 0
0 1 0
0 0 1
[HEADER]
507050,Wall,6
9590.58682577467 4259.1489755815 28.1332020997539
1
1 0 0
0 1 0
0 0 1
[HEADER]
507052,Wall,6
9590.58682577467 4259.1489755815 32.8083989501476
1
1 0 0
0 1 0
0 0 1
[HEADER]
507373,Wall,6
9590.88756458784 4259.1489755815 37.4835958005413
1
1 0 0
0 1 0
0 0 1
[HEADER]
508130,Wall,6
9670.27900902403 4259.18436190605 8.85826771655184
1
-1 0 0
0 -1 0
0 0 1
[HEADER]
508135,Wall,6
9670.27900902403 4259.18436190605 9.43241469817913
1
-1 0 0
0 -1 0
0 0 1
[HEADER]
508137,Wall,6
9670.27900902403 4259.18436190605 14.1076115485728
1
-1 0 0
0 -1 0
0 0 1
[HEADER]
508139,Wall,6
9670.27900902403 4259.18436190605 18.7828083989665
1
-1 0 0
0 -1 0
0 0 1
[HEADER]
508141,Wall,6
9670.27900902403 4259.18436190605 23.4580052493602
1
-1 0 0
0 -1 0
0 0 1
[HEADER]
508143,Wall,6
9670.27900902403 4259.18436190605 28.1332020997539
1
-1 0 0
0 -1 0
0 0 1
[HEADER]
508145,Wall,6
9670.27900902403 4259.18436190605 32.8083989501476
1
-1 0 0
0 -1 0
0 0 1
[HEADER]
508241,Wall,6
9670.03323387918 4259.18436190605 37.4835958005413
1
-1 0 0
0 -1 0
0 0 1
[HEADER]
509128,Wall,6
9669.96581261984 4241.50789946605 8.85826771655184
1
-1 0 0
0 -1 0
0 0 1
[HEADER]
509132,Wall,6
9667.8668952975 4241.50789946605 8.85826771655184
1
-1 0 0
0 -1 0
0 0 1
[HEADER]
509134,Wall,6
9665.40626537624 4241.50789946605 8.85826771655184
1
-1 0 0
0 -1 0
0 0 1
[HEADER]
509136,Wall,6
9662.94563545498 4241.50789946605 8.85826771655184
1
-1 0 0
0 -1 0
0 0 1
[HEADER]
509138,Wall,6
9660.48500553372 4241.50789946605 8.85826771655184
1
-1 0 0
0 -1 0
0 0 1
[HEADER]
509140,Wall,6
9657.93005146498 4241.50789946605 8.85826771655184
1
-1 0 0
0 -1 0
0 0 1
[HEADER]
509142,Wall,6
9669.96581261984 4241.50789946605 9.43241469817913
1
-1 0 0
0 -1 0
0 0 1
[HEADER]
509143,Wall,6
9667.8668952975 4241.50789946605 9.43241469817913
1
-1 0 0
0 -1 0
0 0 1
[HEADER]
509144,Wall,6
9665.40626537624 4241.50789946605 9.43241469817913
1
-1 0 0
0 -1 0
0 0 1
[HEADER]
509145,Wall,6
9662.94563545498 4241.50789946605 9.43241469817913
1
-1 0 0
0 -1 0
0 0 1
[HEADER]
509146,Wall,6
9660.48500553372 4241.50789946605 9.43241469817913
1
-1 0 0
0 -1 0
0 0 1
[HEADER]
509147,Wall,6
9657.93005146498 4241.50789946605 9.43241469817913
1
-1 0 0
0 -1 0
0 0 1
[HEADER]
509149,Wall,6
9669.96581261984 4241.50789946605 14.1076115485728
1
-1 0 0
0 -1 0
0 0 1
[HEADER]
509150,Wall,6
9667.8668952975 4241.50789946605 14.1076115485728
1
-1 0 0
0 -1 0
0 0 1
[HEADER]
509151,Wall,6
9665.39396222664 4241.50789946605 14.1076115485728
1
-1 0 0
0 -1 0
0 0 1
[HEADER]
509152,Wall,6
9662.94563545498 4241.50789946605 14.0830052493602
1
-1 0 0
0 -1 0
0 0 1
[HEADER]
509153,Wall,6
9660.49730868333 4241.50789946605 14.1076115485728
1
-1 0 0
0 -1 0
0 0 1
[HEADER]
509154,Wall,6
9657.93005146498 4241.50789946605 14.1076115485728
1
-1 0 0
0 -1 0
0 0 1
[HEADER]
509156,Wall,6
9669.96581261984 4241.50789946605 18.7828083989665
1
-1 0 0
0 -1 0
0 0 1
[HEADER]
509157,Wall,6
9667.8668952975 4241.50789946605 18.7828083989665
1
-1 0 0
0 -1 0
0 0 1
[HEADER]
509158,Wall,6
9665.39396222664 4241.50789946605 18.7828083989665
1
-1 0 0
0 -1 0
0 0 1
[HEADER]
509159,Glazed,6
9662.94563545498 4241.50789946605 18.7828083989665
1
-1 0 0
0 -1 0
0 0 1
[HEADER]
509160,Wall,6
9660.49730868333 4241.50789946605 18.7828083989665
1
-1 0 0
0 -1 0
0 0 1
[HEADER]
509161,Wall,6
9657.93005146498 4241.50789946605 18.7828083989665
1
-1 0 0
0 -1 0
0 0 1
[HEADER]
509163,Wall,6
9669.96581261984 4241.50789946605 23.4580052493602
1
-1 0 0
0 -1 0
0 0 1
[HEADER]
509164,Wall,6
9667.8668952975 4241.50789946605 23.4580052493602
1
-1 0 0
0 -1 0
0 0 1
[HEADER]
509165,Wall,6
9665.39396222664 4241.50789946605 23.4580052493602
1
-1 0 0
0 -1 0
0 0 1
[HEADER]
509166,Glazed,6
9662.94563545498 4241.50789946605 23.4580052493602
1
-1 0 0
0 -1 0
0 0 1
[HEADER]
509167,Wall,6
9660.49730868333 4241.50789946605 23.4580052493602
1
-1 0 0
0 -1 0
0 0 1
[HEADER]
509168,Wall,6
9657.93005146498 4241.50789946605 23.4580052493602
1
-1 0 0
0 -1 0
0 0 1
[HEADER]
509170,Wall,6
9669.96581261984 4241.50789946605 28.1332020997539
1
-1 0 0
0 -1 0
0 0 1
[HEADER]
509171,Wall,6
9667.8668952975 4241.50789946605 28.1332020997539
1
-1 0 0
0 -1 0
0 0 1
[HEADER]
509172,Wall,6
9665.39396222664 4241.50789946605 28.1332020997539
1
-1 0 0
0 -1 0
0 0 1
[HEADER]
509173,Glazed,6
9662.94563545498 4241.50789946605 28.1332020997539
1
-1 0 0
0 -1 0
0 0 1
[HEADER]
509174,Wall,6
9660.49730868333 4241.50789946605 28.1332020997539
1
-1 0 0
0 -1 0
0 0 1
[HEADER]
509175,Wall,6
9657.93005146498 4241.50789946605 28.1332020997539
1
-1 0 0
0 -1 0
0 0 1
[HEADER]
509177,Wall,6
9669.96581261984 4241.50789946605 32.8083989501476
1
-1 0 0
0 -1 0
0 0 1
[HEADER]
509178,Wall,6
9667.8668952975 4241.50789946605 32.8083989501476
1
-1 0 0
0 -1 0
0 0 1
[HEADER]
509179,Wall,6
9665.40626537624 4241.50789946605 32.8083989501476
1
-1 0 0
0 -1 0
0 0 1
[HEADER]
509180,Wall,6
9662.94563545498 4241.50789946605 32.783792650935
1
-1 0 0
0 -1 0
0 0 1
[HEADER]
509181,Wall,6
9660.48500553372 4241.50789946605 32.8083989501476
1
-1 0 0
0 -1 0
0 0 1
[HEADER]
509182,Wall,6
9657.93005146498 4241.50789946605 32.8083989501476
1
-1 0 0
0 -1 0
0 0 1
[HEADER]
509379,Wall,6
9656.63001865608 4241.83598345555 8.85826771655184
1
0 1 0
-1 0 0
0 0 1
[HEADER]
509382,Wall,6
9656.63001865608 4241.83598345555 9.43241469817913
1
0 1 0
-1 0 0
0 0 1
[HEADER]
509384,Wall,6
9656.63001865608 4241.83598345555 14.1076115485728
1
0 1 0
-1 0 0
0 0 1
[HEADER]
509386,Wall,6
9656.63001865608 4241.83598345555 18.7828083989665
1
0 1 0
-1 0 0
0 0 1
[HEADER]
509388,Wall,6
9656.63001865608 4241.83598345555 23.4580052493602
1
0 1 0
-1 0 0
0 0 1
[HEADER]
509390,Wall,6
9656.63001865608 4241.83598345555 28.1332020997539
1
0 1 0
-1 0 0
0 0 1
[HEADER]
509392,Wall,6
9656.63001865608 4241.83598345555 32.8083989501476
1
0 1 0
-1 0 0
0 0 1
[HEADER]
509429,Wall,6
9656.37903440411 4242.16406744505 8.85826771655184
1
-1 0 0
0 -1 0
0 0 1
[HEADER]
509432,Wall,6
9656.37903440411 4242.16406744505 9.43241469817913
1
-1 0 0
0 -1 0
0 0 1
[HEADER]
509434,Wall,6
9656.37903440411 4242.16406744505 14.1076115485728
1
-1 0 0
0 -1 0
0 0 1
[HEADER]
509436,Wall,6
9656.37903440411 4242.16406744505 18.7828083989665
1
-1 0 0
0 -1 0
0 0 1
[HEADER]
509438,Wall,6
9656.37903440411 4242.16406744505 23.4580052493602
1
-1 0 0
0 -1 0
0 0 1
[HEADER]
509440,Wall,6
9656.37903440411 4242.16406744505 28.1332020997539
1
-1 0 0
0 -1 0
0 0 1
[HEADER]
509442,Wall,6
9656.37903440411 4242.16406744505 32.8083989501476
1
-1 0 0
0 -1 0
0 0 1
[HEADER]
509489,Wall,6
9656.12805015215 4241.83598345555 8.85826771655184
1
0 -1 0
1 0 0
0 0 1
[HEADER]
509492,Wall,6
9656.12805015215 4241.83598345555 9.43241469817913
1
0 -1 0
1 0 0
0 0 1
[HEADER]
509494,Wall,6
9656.12805015215 4241.83598345555 14.1076115485728
1
0 -1 0
1 0 0
0 0 1
[HEADER]
509496,Wall,6
9656.12805015215 4241.83598345555 18.7828083989665
1
0 -1 0
1 0 0
0 0 1
[HEADER]
509498,Wall,6
9656.12805015215 4241.83598345555 23.4580052493602
1
0 -1 0
1 0 0
0 0 1
[HEADER]
509500,Wall,6
9656.12805015215 4241.83598345555 28.1332020997539
1
0 -1 0
1 0 0
0 0 1
[HEADER]
509502,Wall,6
9656.12805015215 4241.83598345555 32.8083989501476
1
0 -1 0
1 0 0
0 0 1
[HEADER]
509714,Wall,6
9656.63001865608 4242.6127223007 37.4835958005413
1
0 1 0
-1 0 0
0 0 1
[HEADER]
509757,Glazed,6
9656.68743335475 4241.50789946605 8.85826771655184
1
-1 0 0
0 -1 0
0 0 1
[HEADER]
509758,Glazed,6
9656.68743335475 4241.50789946605 9.43241469817913
1
-1 0 0
0 -1 0
0 0 1
[HEADER]
509759,Glazed,6
9656.68743335475 4241.50789946605 14.1076115485728
1
-1 0 0
0 -1 0
0 0 1
[HEADER]
509760,Glazed,6
9656.68743335475 4241.50789946605 18.7828083989665
1
-1 0 0
0 -1 0
0 0 1
[HEADER]
509761,Glazed,6
9656.68743335475 4241.50789946605 23.4580052493602
1
-1 0 0
0 -1 0
0 0 1
[HEADER]
509762,Glazed,6
9656.68743335475 4241.50789946605 28.1332020997539
1
-1 0 0
0 -1 0
0 0 1
[HEADER]
509763,Glazed,6
9656.68743335475 4241.50789946605 32.8083989501476
1
-1 0 0
0 -1 0
0 0 1
[HEADER]
509765,AL복합패널_(지정색1)폭647,6
9669.96581261984 4241.50789946605 37.4835958005413
1
-1 0 0
0 -1 0
0 0 1
[HEADER]
509766,AL복합패널_(지정색1)폭647,6
9667.8668952975 4241.50789946605 37.4835958005413
1
-1 0 0
0 -1 0
0 0 1
[HEADER]
509767,AL복합패널_(지정색1)폭647,6
9665.40626537624 4241.50789946605 37.4835958005413
1
-1 0 0
0 -1 0
0 0 1
[HEADER]
509768,AL복합패널_(지정색1)폭647,6
9662.94563545498 4241.50789946605 37.4835958005413
1
-1 0 0
0 -1 0
0 0 1
[HEADER]
509769,AL복합패널_(지정색1)폭647,6
9660.48500553372 4241.50789946605 37.4835958005413
1
-1 0 0
0 -1 0
0 0 1
[HEADER]
509770,AL복합패널_(지정색1)폭647,6
9657.93005146498 4241.50789946605 37.4835958005413
1
-1 0 0
0 -1 0
0 0 1
[HEADER]
509771,Glazed,6
9656.68743335475 4241.50789946605 37.4835958005413
1
-1 0 0
0 -1 0
0 0 1
[HEADER]
509888,AL복합패널_(지정색1)폭447,150
9656.37903440411 4242.16406744505 37.4835958005413
1
-1 0 0
0 -1 0
0 0 1
0.250984251499176 0.00492125982418656 2.86417317390442
0.250984251499176 -0.00492125982418656 2.85433077812195
0.250984251499176 0.00492125982418656 0
1 1.20841686689865E-16 0
0.250984251499176 -0.00492125982418656 2.85433077812195
0.250984251499176 -0.00492125982418656 0
0.250984251499176 0.00492125982418656 0
1 1.20841686689865E-16 0
0.250984251499176 -0.00492125982418656 2.85433077812195
0.250984251499176 0.00492125982418656 2.86417317390442
0.250984251499176 -1.55347764492035 2.85433077812195
1 1.20841686689865E-16 0
0.250984251499176 -1.55347764492035 2.85433077812195
0.250984251499176 -1.56332015991211 2.86417317390442
0.250984251499176 -1.56332015991211 2.20800518989563
1 1.20841686689865E-16 0
0.250984251499176 -1.56332015991211 2.86417317390442
0.250984251499176 -1.55347764492035 2.85433077812195
0.250984251499176 0.00492125982418656 2.86417317390442
1 1.20841686689865E-16 0
0.250984251499176 -1.55347764492035 2.21784782409668
0.250984251499176 -1.56332015991211 2.20800518989563
0.250984251499176 -1.47145664691925 2.20800518989563
1 1.20841686689865E-16 0
0.250984251499176 -1.56332015991211 2.20800518989563
0.250984251499176 -1.55347764492035 2.21784782409668
0.250984251499176 -1.55347764492035 2.85433077812195
1 1.20841686689865E-16 0
0.250984251499176 -1.55347764492035 2.21784782409668
0.250984251499176 -1.47145664691925 2.20800518989563
0.250984251499176 -1.47145664691925 2.21784782409668
1 1.20841686689865E-16 0
-0.250984251499176 -1.56332015991211 2.86417317390442
-0.250984251499176 -1.55347764492035 2.85433077812195
-0.250984251499176 -1.56332015991211 2.20800518989563
-1 -1.20841686689865E-16 0
-0.250984251499176 -1.55347764492035 2.85433077812195
-0.250984251499176 -1.56332015991211 2.86417317390442
-0.250984251499176 -0.00492125982418656 2.85433077812195
-1 -1.20841686689865E-16 0
-0.250984251499176 -1.47145664691925 2.20800518989563
-0.250984251499176 -1.56332015991211 2.20800518989563
-0.250984251499176 -1.55347764492035 2.21784782409668
-1 -1.20841686689865E-16 0
-0.250984251499176 -1.55347764492035 2.21784782409668
-0.250984251499176 -1.56332015991211 2.20800518989563
-0.250984251499176 -1.55347764492035 2.85433077812195
-1 -1.20841686689865E-16 0
-0.250984251499176 -1.47145664691925 2.20800518989563
-0.250984251499176 -1.55347764492035 2.21784782409668
-0.250984251499176 -1.47145664691925 2.21784782409668
-1 -1.20841686689865E-16 0
-0.250984251499176 -0.00492125982418656 2.85433077812195
-0.250984251499176 0.00492125982418656 2.86417317390442
-0.250984251499176 0.00492125982418656 0
-1 -1.20841686689865E-16 0
-0.250984251499176 -0.00492125982418656 0
-0.250984251499176 -0.00492125982418656 2.85433077812195
-0.250984251499176 0.00492125982418656 0
-1 -1.20841686689865E-16 0
-0.250984251499176 -0.00492125982418656 2.85433077812195
-0.250984251499176 -1.56332015991211 2.86417317390442
-0.250984251499176 0.00492125982418656 2.86417317390442
-1 -1.20841686689865E-16 0
0.250984251499176 -1.56332015991211 2.86417317390442
0.250984251499176 0.00492125982418656 2.86417317390442
-0.250984251499176 -1.56332015991211 2.86417317390442
0 0 1
-0.250984251499176 0.00492125982418656 2.86417317390442
-0.250984251499176 -1.56332015991211 2.86417317390442
0.250984251499176 0.00492125982418656 2.86417317390442
0 0 1
0.250984251499176 -1.56332015991211 2.20800518989563
0.250984251499176 -1.56332015991211 2.86417317390442
-0.250984251499176 -1.56332015991211 2.20800518989563
0 -1 0
-0.250984251499176 -1.56332015991211 2.86417317390442
-0.250984251499176 -1.56332015991211 2.20800518989563
0.250984251499176 -1.56332015991211 2.86417317390442
0 -1 0
0.250984251499176 -1.55347764492035 2.85433077812195
0.250984251499176 -1.55347764492035 2.21784782409668
-0.250984251499176 -1.55347764492035 2.21784782409668
0 1 0
-0.250984251499176 -1.55347764492035 2.21784782409668
-0.250984251499176 -1.55347764492035 2.85433077812195
0.250984251499176 -1.55347764492035 2.85433077812195
0 1 0
0.250984251499176 -0.00492125982418656 2.85433077812195
0.250984251499176 -1.55347764492035 2.85433077812195
-0.250984251499176 -1.55347764492035 2.85433077812195
0 0 -1
-0.250984251499176 -1.55347764492035 2.85433077812195
-0.250984251499176 -0.00492125982418656 2.85433077812195
0.250984251499176 -0.00492125982418656 2.85433077812195
0 0 -1
0.250984251499176 -0.00492125982418656 0
0.250984251499176 -0.00492125982418656 2.85433077812195
-0.250984251499176 -0.00492125982418656 0
0 -1 0
-0.250984251499176 -0.00492125982418656 2.85433077812195
-0.250984251499176 -0.00492125982418656 0
0.250984251499176 -0.00492125982418656 2.85433077812195
0 -1 0
0.250984251499176 0.00492125982418656 0
0.250984251499176 -0.00492125982418656 0
-0.250984251499176 0.00492125982418656 0
0 0 -1
-0.250984251499176 -0.00492125982418656 0
-0.250984251499176 0.00492125982418656 0
0.250984251499176 -0.00492125982418656 0
0 0 -1
0.250984251499176 0.00492125982418656 2.86417317390442
0.250984251499176 0.00492125982418656 0
-0.250984251499176 0.00492125982418656 0
-4.42347683536976E-16 1 -3.8762425876947E-17
-0.250984251499176 0.00492125982418656 0
-0.250984251499176 0.00492125982418656 2.86417317390442
0.250984251499176 0.00492125982418656 2.86417317390442
-4.42347683536976E-16 1 -3.8762425876947E-17
0.250984251499176 -1.47145664691925 2.20800518989563
0.250984251499176 -1.56332015991211 2.20800518989563
-0.250984251499176 -1.56332015991211 2.20800518989563
0 0 -1
-0.250984251499176 -1.56332015991211 2.20800518989563
-0.250984251499176 -1.47145664691925 2.20800518989563
0.250984251499176 -1.47145664691925 2.20800518989563
0 0 -1
0.250984251499176 -1.47145664691925 2.21784782409668
0.250984251499176 -1.47145664691925 2.20800518989563
-0.250984251499176 -1.47145664691925 2.20800518989563
0 1 0
-0.250984251499176 -1.47145664691925 2.20800518989563
-0.250984251499176 -1.47145664691925 2.21784782409668
0.250984251499176 -1.47145664691925 2.21784782409668
0 1 0
0.250984251499176 -1.55347764492035 2.21784782409668
0.250984251499176 -1.47145664691925 2.21784782409668
-0.250984251499176 -1.47145664691925 2.21784782409668
0 0 1
-0.250984251499176 -1.47145664691925 2.21784782409668
-0.250984251499176 -1.55347764492035 2.21784782409668
0.250984251499176 -1.55347764492035 2.21784782409668
0 0 1
[HEADER]
509956,Wall,6
9656.12805015215 4241.83598345555 37.4835958005413
1
0 -1 0
1 0 0
0 0 1
[HEADER]
510393,Wall,6
9643.50665907603 4241.83598345555 8.85826771655184
1
0 1 0
-1 0 0
0 0 1
[HEADER]
510395,Wall,6
9643.50665907603 4241.83598345555 9.43241469817913
1
0 1 0
-1 0 0
0 0 1
[HEADER]
510397,Wall,6
9643.50665907603 4241.83598345555 14.1076115485728
1
0 1 0
-1 0 0
0 0 1
[HEADER]
510399,Wall,6
9643.50665907603 4241.83598345555 18.7828083989665
1
0 1 0
-1 0 0
0 0 1
[HEADER]
510401,Wall,6
9643.50665907603 4241.83598345555 23.4580052493602
1
0 1 0
-1 0 0
0 0 1
[HEADER]
510403,Wall,6
9643.50665907603 4241.83598345555 28.1332020997539
1
0 1 0
-1 0 0
0 0 1
[HEADER]
510405,Wall,6
9643.50665907603 4241.83598345555 32.8083989501476
1
0 1 0
-1 0 0
0 0 1
[HEADER]
510420,Wall,6
9643.25567482406 4242.16406744505 8.85826771655184
1
-1 0 0
0 -1 0
0 0 1
[HEADER]
510422,Wall,6
9643.25567482406 4242.16406744505 9.43241469817913
1
-1 0 0
0 -1 0
0 0 1
[HEADER]
510424,Wall,6
9643.25567482406 4242.16406744505 14.1076115485728
1
-1 0 0
0 -1 0
0 0 1
[HEADER]
510426,Wall,6
9643.25567482406 4242.16406744505 18.7828083989665
1
-1 0 0
0 -1 0
0 0 1
[HEADER]
510428,Wall,6
9643.25567482406 4242.16406744505 23.4580052493602
1
-1 0 0
0 -1 0
0 0 1
[HEADER]
510430,Wall,6
9643.25567482406 4242.16406744505 28.1332020997539
1
-1 0 0
0 -1 0
0 0 1
[HEADER]
510432,Wall,6
9643.25567482406 4242.16406744505 32.8083989501476
1
-1 0 0
0 -1 0
0 0 1
[HEADER]
510447,Wall,6
9643.00469057209 4241.83598345555 8.85826771655184
1
0 -1 0
1 0 0
0 0 1
[HEADER]
510449,Wall,6
9643.00469057209 4241.83598345555 9.43241469817913
1
0 -1 0
1 0 0
0 0 1
[HEADER]
510451,Wall,6
9643.00469057209 4241.83598345555 14.1076115485728
1
0 -1 0
1 0 0
0 0 1
[HEADER]
510453,Wall,6
9643.00469057209 4241.83598345555 18.7828083989665
1
0 -1 0
1 0 0
0 0 1
[HEADER]
510455,Wall,6
9643.00469057209 4241.83598345555 23.4580052493602
1
0 -1 0
1 0 0
0 0 1
[HEADER]
510457,Wall,6
9643.00469057209 4241.83598345555 28.1332020997539
1
0 -1 0
1 0 0
0 0 1
[HEADER]
510459,Wall,6
9643.00469057209 4241.83598345555 32.8083989501476
1
0 -1 0
1 0 0
0 0 1
[HEADER]
510474,Wall,6
9643.50665907603 4241.83598345555 37.4835958005413
1
0 1 0
-1 0 0
0 0 1
[HEADER]
510478,AL복합패널_(지정색1)폭447,6
9643.25567482406 4242.16406744505 37.4835958005413
1
-1 0 0
0 -1 0
0 0 1
[HEADER]
510482,Wall,6
9643.00469057209 4241.83598345555 37.4835958005413
1
0 -1 0
1 0 0
0 0 1
[HEADER]
510544,Wall,6
9630.71138348548 4241.83598345555 8.85826771655184
1
0 1 0
-1 0 0
0 0 1
[HEADER]
510546,Wall,6
9630.71138348548 4241.83598345555 9.43241469817913
1
0 1 0
-1 0 0
0 0 1
[HEADER]
510548,Wall,6
9630.71138348548 4241.83598345555 14.1076115485728
1
0 1 0
-1 0 0
0 0 1
[HEADER]
510550,Wall,6
9630.71138348548 4241.83598345555 18.7828083989665
1
0 1 0
-1 0 0
0 0 1
[HEADER]
510552,Wall,6
9630.71138348548 4241.83598345555 23.4580052493602
1
0 1 0
-1 0 0
0 0 1
[HEADER]
510554,Wall,6
9630.71138348548 4241.83598345555 28.1332020997539
1
0 1 0
-1 0 0
0 0 1
[HEADER]
510556,Wall,6
9630.71138348548 4241.83598345555 32.8083989501476
1
0 1 0
-1 0 0
0 0 1
[HEADER]
510571,Wall,6
9630.46039923351 4242.16406744505 8.85826771655184
1
-1 0 0
0 -1 0
0 0 1
[HEADER]
510573,Wall,6
9630.46039923351 4242.16406744505 9.43241469817913
1
-1 0 0
0 -1 0
0 0 1
[HEADER]
510575,Wall,6
9630.46039923351 4242.16406744505 14.1076115485728
1
-1 0 0
0 -1 0
0 0 1
[HEADER]
510577,Wall,6
9630.46039923351 4242.16406744505 18.7828083989665
1
-1 0 0
0 -1 0
0 0 1
[HEADER]
510579,Wall,6
9630.46039923351 4242.16406744505 23.4580052493602
1
-1 0 0
0 -1 0
0 0 1
[HEADER]
510581,Wall,6
9630.46039923351 4242.16406744505 28.1332020997539
1
-1 0 0
0 -1 0
0 0 1
[HEADER]
510583,Wall,6
9630.46039923351 4242.16406744505 32.8083989501476
1
-1 0 0
0 -1 0
0 0 1
[HEADER]
510598,Wall,6
9630.20941498154 4241.83598345555 8.85826771655184
1
0 -1 0
1 0 0
0 0 1
[HEADER]
510600,Wall,6
9630.20941498154 4241.83598345555 9.43241469817913
1
0 -1 0
1 0 0
0 0 1
[HEADER]
510602,Wall,6
9630.20941498154 4241.83598345555 14.1076115485728
1
0 -1 0
1 0 0
0 0 1
[HEADER]
510604,Wall,6
9630.20941498154 4241.83598345555 18.7828083989665
1
0 -1 0
1 0 0
0 0 1
[HEADER]
510606,Wall,6
9630.20941498154 4241.83598345555 23.4580052493602
1
0 -1 0
1 0 0
0 0 1
[HEADER]
510608,Wall,6
9630.20941498154 4241.83598345555 28.1332020997539
1
0 -1 0
1 0 0
0 0 1
[HEADER]
510610,Wall,6
9630.20941498154 4241.83598345555 32.8083989501476
1
0 -1 0
1 0 0
0 0 1
[HEADER]
510625,Wall,6
9630.71138348548 4241.83598345555 37.4835958005413
1
0 1 0
-1 0 0
0 0 1
[HEADER]
510629,AL복합패널_(지정색1)폭447,6
9630.46039923351 4242.16406744505 37.4835958005413
1
-1 0 0
0 -1 0
0 0 1
[HEADER]
510633,Wall,6
9630.20941498154 4241.83598345555 37.4835958005413
1
0 -1 0
1 0 0
0 0 1
[HEADER]
510685,Wall,6
9617.91610789493 4241.83598345555 8.85826771655184
1
0 1 0
-1 0 0
0 0 1
[HEADER]
510687,Wall,6
9617.91610789493 4241.83598345555 9.43241469817913
1
0 1 0
-1 0 0
0 0 1
[HEADER]
510689,Wall,6
9617.91610789493 4241.83598345555 14.1076115485728
1
0 1 0
-1 0 0
0 0 1
[HEADER]
510691,Wall,6
9617.91610789493 4241.83598345555 18.7828083989665
1
0 1 0
-1 0 0
0 0 1
[HEADER]
510693,Wall,6
9617.91610789493 4241.83598345555 23.4580052493602
1
0 1 0
-1 0 0
0 0 1
[HEADER]
510695,Wall,6
9617.91610789493 4241.83598345555 28.1332020997539
1
0 1 0
-1 0 0
0 0 1
[HEADER]
510697,Wall,6
9617.91610789493 4241.83598345555 32.8083989501476
1
0 1 0
-1 0 0
0 0 1
[HEADER]
510712,Wall,6
9617.66512364296 4242.16406744505 8.85826771655184
1
-1 0 0
0 -1 0
0 0 1
[HEADER]
510714,Wall,6
9617.66512364296 4242.16406744505 9.43241469817913
1
-1 0 0
0 -1 0
0 0 1
[HEADER]
510716,Wall,6
9617.66512364296 4242.16406744505 14.1076115485728
1
-1 0 0
0 -1 0
0 0 1
[HEADER]
510718,Wall,6
9617.66512364296 4242.16406744505 18.7828083989665
1
-1 0 0
0 -1 0
0 0 1
[HEADER]
510720,Wall,6
9617.66512364296 4242.16406744505 23.4580052493602
1
-1 0 0
0 -1 0
0 0 1
[HEADER]
510722,Wall,6
9617.66512364296 4242.16406744505 28.1332020997539
1
-1 0 0
0 -1 0
0 0 1
[HEADER]
510724,Wall,6
9617.66512364296 4242.16406744505 32.8083989501476
1
-1 0 0
0 -1 0
0 0 1
[HEADER]
510739,Wall,6
9617.41413939099 4241.83598345555 8.85826771655184
1
0 -1 0
1 0 0
0 0 1
[HEADER]
510741,Wall,6
9617.41413939099 4241.83598345555 9.43241469817913
1
0 -1 0
1 0 0
0 0 1
[HEADER]
510743,Wall,6
9617.41413939099 4241.83598345555 14.1076115485728
1
0 -1 0
1 0 0
0 0 1
[HEADER]
510745,Wall,6
9617.41413939099 4241.83598345555 18.7828083989665
1
0 -1 0
1 0 0
0 0 1
[HEADER]
510747,Wall,6
9617.41413939099 4241.83598345555 23.4580052493602
1
0 -1 0
1 0 0
0 0 1
[HEADER]
510749,Wall,6
9617.41413939099 4241.83598345555 28.1332020997539
1
0 -1 0
1 0 0
0 0 1
[HEADER]
510751,Wall,6
9617.41413939099 4241.83598345555 32.8083989501476
1
0 -1 0
1 0 0
0 0 1
[HEADER]
510766,Wall,6
9617.91610789493 4241.83598345555 37.4835958005413
1
0 1 0
-1 0 0
0 0 1
[HEADER]
510770,AL복합패널_(지정색1)폭447,6
9617.66512364296 4242.16406744505 37.4835958005413
1
-1 0 0
0 -1 0
0 0 1
[HEADER]
510774,Wall,6
9617.41413939099 4241.83598345555 37.4835958005413
1
0 -1 0
1 0 0
0 0 1
[HEADER]
510832,Wall,6
9604.79274831488 4241.83598345555 8.85826771655184
1
0 1 0
-1 0 0
0 0 1
[HEADER]
510834,Wall,6
9604.79274831488 4241.83598345555 9.43241469817913
1
0 1 0
-1 0 0
0 0 1
[HEADER]
510836,Wall,6
9604.79274831488 4241.83598345555 14.1076115485728
1
0 1 0
-1 0 0
0 0 1
[HEADER]
510838,Wall,6
9604.79274831488 4241.83598345555 18.7828083989665
1
0 1 0
-1 0 0
0 0 1
[HEADER]
510840,Wall,6
9604.79274831488 4241.83598345555 23.4580052493602
1
0 1 0
-1 0 0
0 0 1
[HEADER]
510842,Wall,6
9604.79274831488 4241.83598345555 28.1332020997539
1
0 1 0
-1 0 0
0 0 1
[HEADER]
510844,Wall,6
9604.79274831488 4241.83598345555 32.8083989501476
1
0 1 0
-1 0 0
0 0 1
[HEADER]
510859,Wall,6
9604.54176406291 4242.16406744505 8.85826771655184
1
-1 0 0
0 -1 0
0 0 1
[HEADER]
510861,Wall,6
9604.54176406291 4242.16406744505 9.43241469817913
1
-1 0 0
0 -1 0
0 0 1
[HEADER]
510863,Wall,6
9604.54176406291 4242.16406744505 14.1076115485728
1
-1 0 0
0 -1 0
0 0 1
[HEADER]
510865,Wall,6
9604.54176406291 4242.16406744505 18.7828083989665
1
-1 0 0
0 -1 0
0 0 1
[HEADER]
510867,Wall,6
9604.54176406291 4242.16406744505 23.4580052493602
1
-1 0 0
0 -1 0
0 0 1
[HEADER]
510869,Wall,6
9604.54176406291 4242.16406744505 28.1332020997539
1
-1 0 0
0 -1 0
0 0 1
[HEADER]
510871,Wall,6
9604.54176406291 4242.16406744505 32.8083989501476
1
-1 0 0
0 -1 0
0 0 1
[HEADER]
510886,Wall,6
9604.29077981094 4241.83598345555 8.85826771655184
1
0 -1 0
1 0 0
0 0 1
[HEADER]
510888,Wall,6
9604.29077981094 4241.83598345555 9.43241469817913
1
0 -1 0
1 0 0
0 0 1
[HEADER]
510890,Wall,6
9604.29077981094 4241.83598345555 14.1076115485728
1
0 -1 0
1 0 0
0 0 1
[HEADER]
510892,Wall,6
9604.29077981094 4241.83598345555 18.7828083989665
1
0 -1 0
1 0 0
0 0 1
[HEADER]
510894,Wall,6
9604.29077981094 4241.83598345555 23.4580052493602
1
0 -1 0
1 0 0
0 0 1
[HEADER]
510896,Wall,6
9604.29077981094 4241.83598345555 28.1332020997539
1
0 -1 0
1 0 0
0 0 1
[HEADER]
510898,Wall,6
9604.29077981094 4241.83598345555 32.8083989501476
1
0 -1 0
1 0 0
0 0 1
[HEADER]
510913,Wall,6
9604.79274831488 4241.83598345555 37.4835958005413
1
0 1 0
-1 0 0
0 0 1
[HEADER]
510917,AL복합패널_(지정색1)폭447,6
9604.54176406291 4242.16406744505 37.4835958005413
1
-1 0 0
0 -1 0
0 0 1
[HEADER]
510921,Wall,6
9604.29077981094 4242.6127223007 37.4835958005413
1
0 -1 0
1 0 0
0 0 1
[HEADER]
512208,Wall,6
9590.60334417934 4260.19556350851 32.8822178477854
1
0 1 0
-1 0 0
0 0 1
[HEADER]
512211,Wall,6
9590.60334417934 4263.23034041189 32.8822178477854
1
0 1 0
-1 0 0
0 0 1
[HEADER]
512213,Wall,6
9590.60334417934 4267.16734828591 32.8822178477854
1
0 1 0
-1 0 0
0 0 1
[HEADER]
512215,Wall,6
9590.60334417934 4271.10435615993 32.8822178477854
1
0 1 0
-1 0 0
0 0 1
[HEADER]
512217,Wall,6
9590.60334417934 4275.04136403394 32.8822178477854
1
0 1 0
-1 0 0
0 0 1
[HEADER]
512219,Wall,6
9590.60334417934 4278.97837190796 32.8822178477854
1
0 1 0
-1 0 0
0 0 1
[HEADER]
513379,Wall,6
9590.60334417934 4281.66045453834 32.8822178477854
1
0 1 0
-1 0 0
0 0 1
[HEADER]
514094,Wall,6
9590.47844385294 4283.56005685426 14.1076115485728
1
0 1 0
-1 0 0
0 0 1
[HEADER]
514097,Wall,6
9590.47844385294 4286.02068677602 14.1076115485728
1
0 1 0
-1 0 0
0 0 1
[HEADER]
514099,Wall,6
9590.47844385294 4288.48131669728 14.1076115485728
1
0 1 0
-1 0 0
0 0 1
[HEADER]
514101,Wall,6
9590.47844385294 4283.56005685426 19.0288713910925
1
0 1 0
-1 0 0
0 0 1
[HEADER]
514102,Wall,6
9590.47844385294 4286.02068677602 19.0288713910925
1
0 1 0
-1 0 0
0 0 1
[HEADER]
514103,Wall,6
9590.47844385294 4288.48131669728 19.6850393700951
1
0 1 0
-1 0 0
0 0 1
[HEADER]
514105,Wall,6
9590.47844385294 4283.56005685426 23.9501312336122
1
0 1 0
-1 0 0
0 0 1
[HEADER]
514106,Wall,6
9590.47844385294 4286.02068677602 23.9501312336122
1
0 1 0
-1 0 0
0 0 1
[HEADER]
514107,Wall,6
9590.47844385294 4288.48131669728 23.9501312336122
1
0 1 0
-1 0 0
0 0 1
[HEADER]
514109,Wall,6
9590.47844385294 4283.56005685426 28.8713910761319
1
0 1 0
-1 0 0
0 0 1
[HEADER]
514110,Wall,6
9590.47844385294 4286.02068677602 28.8713910761319
1
0 1 0
-1 0 0
0 0 1
[HEADER]
514111,Wall,6
9590.47844385294 4288.48131669728 31.4960629921424
1
0 1 0
-1 0 0
0 0 1
[HEADER]
514113,Wall,6
9590.47844385294 4283.56005685426 33.7926509186516
1
0 1 0
-1 0 0
0 0 1
[HEADER]
514114,Wall,6
9590.47844385294 4286.02068677602 33.7926509186516
1
0 1 0
-1 0 0
0 0 1
[HEADER]
514115,Wall,6
9590.47844385294 4288.48131669728 33.7926509186516
1
0 1 0
-1 0 0
0 0 1
[HEADER]
514117,Wall,6
9590.47844385294 4283.56005685426 38.7139107611713
1
0 1 0
-1 0 0
0 0 1
[HEADER]
514118,Wall,6
9590.47844385294 4286.02068677602 38.7139107611713
1
0 1 0
-1 0 0
0 0 1
[HEADER]
514119,Wall,6
9590.47844385294 4288.48131669728 38.7139107611713
1
0 1 0
-1 0 0
0 0 1
[HEADER]
514121,AL복합패널_(지정색1)폭385,182
9590.47844385294 4283.56005685426 43.6351706036909
1
0 1 0
-1 0 0
0 0 1
1.20570862293243 0.00492125982418656 3.60236215591431
1.20570862293243 -0.00492125982418656 3.59251976013184
1.20570862293243 0.00492125982418656 0
1 1.20841686689865E-16 0
1.20570862293243 -0.00492125982418656 3.59251976013184
1.20570862293243 -0.00492125982418656 0
1.20570862293243 0.00492125982418656 0
1 1.20841686689865E-16 0
1.20570862293243 -0.00492125982418656 3.59251976013184
1.20570862293243 0.00492125982418656 3.60236215591431
1.20570862293243 -1.35006558895111 3.59251976013184
1 1.20841686689865E-16 0
1.20570862293243 -1.35006558895111 3.59251976013184
1.20570862293243 -1.35990810394287 3.60236215591431
1.20570862293243 -1.35990810394287 3.27427816390991
1 1.20841686689865E-16 0
1.20570862293243 -1.35990810394287 3.60236215591431
1.20570862293243 -1.35006558895111 3.59251976013184
1.20570862293243 0.00492125982418656 3.60236215591431
1 1.20841686689865E-16 0
1.20570862293243 -1.35006558895111 3.28412079811096
1.20570862293243 -1.35990810394287 3.27427816390991
1.20570862293243 -1.26804459095001 3.27427816390991
1 1.20841686689865E-16 0
1.20570862293243 -1.35990810394287 3.27427816390991
1.20570862293243 -1.35006558895111 3.28412079811096
1.20570862293243 -1.35006558895111 3.59251976013184
1 1.20841686689865E-16 0
1.20570862293243 -1.35006558895111 3.28412079811096
1.20570862293243 -1.26804459095001 3.27427816390991
1.20570862293243 -1.26804459095001 3.28412079811096
1 1.20841686689865E-16 0
-1.20570862293243 -1.19619417190552 3.60236215591431
-1.20570862293243 -0.00492125982418656 3.59251976013184
-1.20570862293243 -1.19619417190552 3.59251976013184
-1 -1.20841686689865E-16 0
-1.20570862293243 -0.00492125982418656 3.59251976013184
-1.20570862293243 -1.19619417190552 3.60236215591431
-1.20570862293243 0.00492125982418656 3.60236215591431
-1 -1.20841686689865E-16 0
-1.20570862293243 -0.00492125982418656 3.59251976013184
-1.20570862293243 0.00492125982418656 0
-1.20570862293243 -0.00492125982418656 0
-1 -1.20841686689865E-16 0
-1.20570862293243 0.00492125982418656 0
-1.20570862293243 -0.00492125982418656 3.59251976013184
-1.20570862293243 0.00492125982418656 3.60236215591431
-1 -1.20841686689865E-16 0
0.16732282936573 -1.35990810394287 3.60236215591431
1.20570862293243 -1.35990810394287 3.60236215591431
0.16732282936573 -1.19619417190552 3.60236215591431
0 0 1
0.16732282936573 -1.19619417190552 3.60236215591431
1.20570862293243 -1.35990810394287 3.60236215591431
1.20570862293243 0.00492125982418656 3.60236215591431
0 0 1
0.16732282936573 -1.19619417190552 3.60236215591431
-1.20570862293243 0.00492125982418656 3.60236215591431
-1.20570862293243 -1.19619417190552 3.60236215591431
0 0 1
-1.20570862293243 0.00492125982418656 3.60236215591431
0.16732282936573 -1.19619417190552 3.60236215591431
1.20570862293243 0.00492125982418656 3.60236215591431
0 0 1
1.20570862293243 -1.35990810394287 3.27427816390991
1.20570862293243 -1.35990810394287 3.60236215591431
0.16732282936573 -1.35990810394287 3.27427816390991
9.20805381674492E-17 -1 0
0.16732282936573 -1.35990810394287 3.60236215591431
0.16732282936573 -1.35990810394287 3.27427816390991
1.20570862293243 -1.35990810394287 3.60236215591431
9.20805381674492E-17 -1 0
1.20570862293243 -1.35006558895111 3.59251976013184
1.20570862293243 -1.35006558895111 3.28412079811096
0.16732282936573 -1.35006558895111 3.28412079811096
-9.20805381674492E-17 1 0
0.16732282936573 -1.35006558895111 3.28412079811096
0.16732282936573 -1.35006558895111 3.59251976013184
1.20570862293243 -1.35006558895111 3.59251976013184
-9.20805381674492E-17 1 0
0.16732282936573 -1.19619417190552 3.59251976013184
1.20570862293243 -0.00492125982418656 3.59251976013184
1.20570862293243 -1.35006558895111 3.59251976013184
0 0 -1
0.16732282936573 -1.19619417190552 3.59251976013184
1.20570862293243 -1.35006558895111 3.59251976013184
0.16732282936573 -1.35006558895111 3.59251976013184
0 0 -1
0.16732282936573 -1.19619417190552 3.59251976013184
-1.20570862293243 -1.19619417190552 3.59251976013184
-1.20570862293243 -0.00492125982418656 3.59251976013184
0 0 -1
0.16732282936573 -1.19619417190552 3.59251976013184
-1.20570862293243 -0.00492125982418656 3.59251976013184
1.20570862293243 -0.00492125982418656 3.59251976013184
0 0 -1
1.20570862293243 -0.00492125982418656 0
1.20570862293243 -0.00492125982418656 3.59251976013184
-1.20570862293243 -0.00492125982418656 3.59251976013184
1.84161076334898E-16 -1 0
-1.20570862293243 -0.00492125982418656 3.59251976013184
-1.20570862293243 -0.00492125982418656 0
1.20570862293243 -0.00492125982418656 0
1.84161076334898E-16 -1 0
1.20570862293243 0.00492125982418656 0
1.20570862293243 -0.00492125982418656 0
-1.20570862293243 0.00492125982418656 0
0 0 -1
-1.20570862293243 -0.00492125982418656 0
-1.20570862293243 0.00492125982418656 0
1.20570862293243 -0.00492125982418656 0
0 0 -1
1.20570862293243 0.00492125982418656 3.60236215591431
1.20570862293243 0.00492125982418656 0
-1.20570862293243 0.00492125982418656 3.60236215591431
-9.20805381674492E-17 1 -3.08193058201956E-17
-1.20570862293243 0.00492125982418656 0
-1.20570862293243 0.00492125982418656 3.60236215591431
1.20570862293243 0.00492125982418656 0
-9.20805381674492E-17 1 -3.08193058201956E-17
1.20570862293243 -1.26804459095001 3.27427816390991
1.20570862293243 -1.35990810394287 3.27427816390991
0.16732282936573 -1.35990810394287 3.27427816390991
0 0 -1
0.16732282936573 -1.35990810394287 3.27427816390991
0.16732282936573 -1.26804459095001 3.27427816390991
1.20570862293243 -1.26804459095001 3.27427816390991
0 0 -1
1.20570862293243 -1.26804459095001 3.28412079811096
1.20570862293243 -1.26804459095001 3.27427816390991
0.16732282936573 -1.26804459095001 3.27427816390991
-9.20805381674492E-17 1 0
0.16732282936573 -1.26804459095001 3.27427816390991
0.16732282936573 -1.26804459095001 3.28412079811096
1.20570862293243 -1.26804459095001 3.28412079811096
-9.20805381674492E-17 1 0
1.20570862293243 -1.35006558895111 3.28412079811096
1.20570862293243 -1.26804459095001 3.28412079811096
0.16732282936573 -1.26804459095001 3.28412079811096
0 0 1
0.16732282936573 -1.26804459095001 3.28412079811096
0.16732282936573 -1.35006558895111 3.28412079811096
1.20570862293243 -1.35006558895111 3.28412079811096
0 0 1
0.16732282936573 -1.19619417190552 3.60236215591431
0.16732282936573 -1.35006558895111 3.59251976013184
0.16732282936573 -1.35990810394287 3.60236215591431
-1 0 0
0.16732282936573 -1.35006558895111 3.28412079811096
0.16732282936573 -1.35990810394287 3.60236215591431
0.16732282936573 -1.35006558895111 3.59251976013184
-1 0 0
0.16732282936573 -1.35006558895111 3.59251976013184
0.16732282936573 -1.19619417190552 3.60236215591431
0.16732282936573 -1.19619417190552 3.59251976013184
-1 0 0
0.16732282936573 -1.26804459095001 3.27427816390991
0.16732282936573 -1.35990810394287 3.27427816390991
0.16732282936573 -1.35006558895111 3.28412079811096
-1 0 0
0.16732282936573 -1.35990810394287 3.60236215591431
0.16732282936573 -1.35006558895111 3.28412079811096
0.16732282936573 -1.35990810394287 3.27427816390991
-1 0 0
0.16732282936573 -1.35006558895111 3.28412079811096
0.16732282936573 -1.26804459095001 3.28412079811096
0.16732282936573 -1.26804459095001 3.27427816390991
-1 0 0
0.16732282936573 -1.19619417190552 3.59251976013184
0.16732282936573 -1.19619417190552 3.60236215591431
-1.20570862293243 -1.19619417190552 3.60236215591431
0 -1 0
-1.20570862293243 -1.19619417190552 3.60236215591431
-1.20570862293243 -1.19619417190552 3.59251976013184
0.16732282936573 -1.19619417190552 3.59251976013184
0 -1 0
[HEADER]
514122,AL복합패널_(지정색1)폭385,6
9590.47844385294 4286.02068677602 43.6351706036909
1
0 1 0
-1 0 0
0 0 1
[HEADER]
514123,AL복합패널_(지정색1)폭385,6
9590.47844385294 4288.48131669728 43.6351706036909
1
0 1 0
-1 0 0
0 0 1
[HEADER]
514311,Wall,6
9591.68415251485 4295.26446114584 14.1076115485728
1
1 0 0
0 1 0
0 0 1
[HEADER]
514314,Wall,6
9594.14478243661 4295.26446114584 14.1076115485728
1
1 0 0
0 1 0
0 0 1
[HEADER]
514316,Wall,6
9591.68415251485 4295.26446114584 19.6850393700951
1
1 0 0
0 1 0
0 0 1
[HEADER]
514317,Wall,6
9594.14478243661 4295.26446114584 19.6850393700951
1
1 0 0
0 1 0
0 0 1
[HEADER]
514319,Wall,6
9591.68415251485 4295.26446114584 23.9747375328248
1
1 0 0
0 1 0
0 0 1
[HEADER]
514320,Wall,6
9594.14478243661 4295.26446114584 23.9747375328248
1
1 0 0
0 1 0
0 0 1
[HEADER]
514322,Wall,6
9591.68415251485 4295.26446114584 31.4960629921424
1
1 0 0
0 1 0
0 0 1
[HEADER]
514323,Wall,6
9594.14478243661 4295.26446114584 31.4960629921424
1
1 0 0
0 1 0
0 0 1
[HEADER]
514325,Wall,6
9591.68415251485 4295.26446114584 33.8172572178642
1
1 0 0
0 1 0
0 0 1
[HEADER]
514326,Wall,6
9594.14478243661 4295.26446114584 33.8172572178642
1
1 0 0
0 1 0
0 0 1
[HEADER]
514328,Wall,6
9591.68415251485 4295.26446114584 38.7385170603839
1
1 0 0
0 1 0
0 0 1
[HEADER]
514329,Wall,6
9594.14478243661 4295.26446114584 38.7385170603839
1
1 0 0
0 1 0
0 0 1
[HEADER]
514331,AL복합패널_(지정색1)폭385,6
9591.68415251485 4295.26446114584 43.6597769029035
1
1 0 0
0 1 0
0 0 1
[HEADER]
514332,AL복합패널_(지정색1)폭385,6
9594.14478243661 4295.26446114584 43.6597769029035
1
1 0 0
0 1 0
0 0 1
[HEADER]
514526,Wall,6
9599.4515409658 4294.95852282563 14.1076115485728
1
0 -1 0
1 0 0
0 0 1
[HEADER]
514530,Wall,6
9599.4515409658 4294.95852282563 19.0288713910925
1
0 -1 0
1 0 0
0 0 1
[HEADER]
514532,Wall,6
9599.4515409658 4294.95852282563 23.9501312336122
1
0 -1 0
1 0 0
0 0 1
[HEADER]
514534,Wall,6
9599.4515409658 4294.95852282563 28.8713910761319
1
0 -1 0
1 0 0
0 0 1
[HEADER]
514536,Wall,6
9599.4515409658 4294.95852282563 33.7926509186516
1
0 -1 0
1 0 0
0 0 1
[HEADER]
514538,Wall,6
9599.4515409658 4294.95852282563 38.7139107611713
1
0 -1 0
1 0 0
0 0 1
[HEADER]
514540,Wall,6
9599.4515409658 4294.58942833744 43.6351706036909
1
0 -1 0
1 0 0
0 0 1
[HEADER]
515525,Wall,6
9590.47844385294 4290.94194661854 14.1076115485728
1
0 1 0
-1 0 0
0 0 1
[HEADER]
515526,Wall,6
9590.47844385294 4290.94194661854 19.6850393700951
1
0 1 0
-1 0 0
0 0 1
[HEADER]
515527,Wall,6
9590.47844385294 4290.94194661854 23.9501312336122
1
0 1 0
-1 0 0
0 0 1
[HEADER]
515528,Wall,6
9590.47844385294 4290.94194661854 31.4960629921424
1
0 1 0
-1 0 0
0 0 1
[HEADER]
515529,Wall,6
9590.47844385294 4290.94194661854 33.7926509186516
1
0 1 0
-1 0 0
0 0 1
[HEADER]
515530,Wall,6
9590.47844385294 4290.94194661854 38.7139107611713
1
0 1 0
-1 0 0
0 0 1
[HEADER]
515531,AL복합패널_(지정색1)폭385,6
9590.47844385294 4290.94194661854 43.6351706036909
1
0 1 0
-1 0 0
0 0 1
[HEADER]
515540,Wall,6
9590.47844385294 4293.4025765398 14.1076115485728
1
0 1 0
-1 0 0
0 0 1
[HEADER]
515541,Wall,6
9590.47844385294 4293.4025765398 19.6850393700951
1
0 1 0
-1 0 0
0 0 1
[HEADER]
515542,Wall,6
9590.47844385294 4293.4025765398 23.9501312336122
1
0 1 0
-1 0 0
0 0 1
[HEADER]
515543,Wall,6
9590.47844385294 4293.4025765398 31.4960629921424
1
0 1 0
-1 0 0
0 0 1
[HEADER]
515544,Wall,6
9590.47844385294 4293.4025765398 33.7926509186516
1
0 1 0
-1 0 0
0 0 1
[HEADER]
515545,Wall,6
9590.47844385294 4293.4025765398 38.7139107611713
1
0 1 0
-1 0 0
0 0 1
[HEADER]
515546,AL복합패널_(지정색1)폭385,6
9590.47844385294 4293.4025765398 43.6351706036909
1
0 1 0
-1 0 0
0 0 1
[HEADER]
515555,Wall,6
9590.47844385294 4294.96097947274 14.1076115485728
1
0 1 0
-1 0 0
0 0 1
[HEADER]
515556,Wall,6
9590.47844385294 4294.96097947274 19.6850393700951
1
0 1 0
-1 0 0
0 0 1
[HEADER]
515557,Wall,6
9590.47844385294 4294.96097947274 23.9501312336122
1
0 1 0
-1 0 0
0 0 1
[HEADER]
515558,Wall,6
9590.47844385294 4294.96097947274 31.4960629921424
1
0 1 0
-1 0 0
0 0 1
[HEADER]
515559,Wall,6
9590.47844385294 4294.96097947274 33.7926509186516
1
0 1 0
-1 0 0
0 0 1
[HEADER]
515560,Wall,6
9590.47844385294 4294.96097947274 38.7139107611713
1
0 1 0
-1 0 0
0 0 1
[HEADER]
515561,AL복합패널_(지정색1)폭385,6
9590.47844385294 4294.96097947274 43.6351706036909
1
0 1 0
-1 0 0
0 0 1
[HEADER]
515640,Wall,6
9596.60541235787 4295.26446114584 14.1076115485728
1
1 0 0
0 1 0
0 0 1
[HEADER]
515641,Wall,6
9596.60541235787 4295.26446114584 19.6850393700951
1
1 0 0
0 1 0
0 0 1
[HEADER]
515642,Wall,6
9596.60541235787 4295.26446114584 23.9747375328248
1
1 0 0
0 1 0
0 0 1
[HEADER]
515643,Wall,6
9596.60541235787 4295.26446114584 31.4960629921424
1
1 0 0
0 1 0
0 0 1
[HEADER]
515644,Wall,6
9596.60541235787 4295.26446114584 33.8172572178642
1
1 0 0
0 1 0
0 0 1
[HEADER]
515645,Wall,6
9596.60541235787 4295.26446114584 38.7385170603839
1
1 0 0
0 1 0
0 0 1
[HEADER]
515646,AL복합패널_(지정색1)폭385,6
9596.60541235787 4295.26446114584 43.6597769029035
1
1 0 0
0 1 0
0 0 1
[HEADER]
515655,Wall,6
9598.65839792168 4295.26446114584 14.1076115485728
1
1 0 0
0 1 0
0 0 1
[HEADER]
515656,Wall,6
9598.65839792168 4295.26446114584 19.6850393700951
1
1 0 0
0 1 0
0 0 1
[HEADER]
515657,Wall,6
9598.65839792168 4295.26446114584 23.9747375328248
1
1 0 0
0 1 0
0 0 1
[HEADER]
515658,Wall,6
9598.65839792168 4295.26446114584 31.4960629921424
1
1 0 0
0 1 0
0 0 1
[HEADER]
515659,Wall,6
9598.65839792168 4295.26446114584 33.8172572178642
1
1 0 0
0 1 0
0 0 1
[HEADER]
515660,Wall,6
9598.65839792168 4295.26446114584 38.7385170603839
1
1 0 0
0 1 0
0 0 1
[HEADER]
515661,AL복합패널_(지정색1)폭385,6
9598.65839792168 4295.26446114584 43.6597769029035
1
1 0 0
0 1 0
0 0 1
[HEADER]
518266,Wall,6
9590.27223047023 4282.35434819235 1.80673254135399E-11
1
-1 0 0
0 -1 0
0 0 1
[HEADER]
518270,Wall,6
9590.27223047023 4282.35434819235 1.96850393702594
1
-1 0 0
0 -1 0
0 0 1
[HEADER]
518272,Wall,6
9590.27223047023 4282.35434819235 3.93700787403382
1
-1 0 0
0 -1 0
0 0 1
[HEADER]
518432,Wall,6
9589.45414044711 4283.07150285985 1.80655490567005E-11
1
0 1 0
-1 0 0
0 0 1
[HEADER]
518435,Glazed,6
9589.45414044711 4283.15352385773 1.80655490567005E-11
1
0 1 0
-1 0 0
0 0 1
[HEADER]
518437,Glazed,6
9589.45414044711 4292.17226157917 9.84251968505744
1
0 1 0
-1 0 0
0 0 1
[HEADER]
518439,Glazed,6
9589.45414044711 4295.22672750424 9.84251968505744
1
0 1 0
-1 0 0
0 0 1
[HEADER]
518441,Wall,6
9589.45414044711 4283.23554485454 1.94389763781334
1
0 1 0
-1 0 0
0 0 1
[HEADER]
518442,Glazed,6
9589.45414044711 4284.05575482879 3.1559550200355
1
0 1 0
-1 0 0
0 0 1
[HEADER]
518443,Glazed,6
9589.45414044711 4292.17226157917 11.8110236220653
1
0 1 0
-1 0 0
0 0 1
[HEADER]
518444,Glazed,6
9589.45414044711 4295.22672750424 11.8110236220653
1
0 1 0
-1 0 0
0 0 1
[HEADER]
518446,Wall,6
9589.45414044711 4283.39958684922 3.91240157482122
1
0 1 0
-1 0 0
0 0 1
[HEADER]
518447,Glazed,6
9589.45414044711 4284.21979682348 3.91240157482122
1
0 1 0
-1 0 0
0 0 1
[HEADER]
518448,Glazed,6
9589.45414044711 4292.17226157917 9.84251968505744
1
0 1 0
-1 0 0
0 0 1
[HEADER]
518449,Glazed,6
9589.45414044711 4295.22672750424 9.84251968505744
1
0 1 0
-1 0 0
0 0 1
[HEADER]
518764,Wall,6
9591.39803808541 4296.28808319309 9.84251968505744
1
1 0 0
0 1 0
0 0 1
[HEADER]
518767,Wall,6
9595.33504595992 4296.28808319309 9.84251968505744
1
1 0 0
0 1 0
0 0 1
[HEADER]
518769,Wall,6
9598.38984858097 4296.28808319309 9.84251968505744
1
1 0 0
0 1 0
0 0 1
[HEADER]
518771,Wall,6
9591.39803808541 4296.28808319309 11.3188976378133
1
1 0 0
0 1 0
0 0 1
[HEADER]
518772,Wall,6
9595.33504595992 4296.28808319309 11.3188976378133
1
1 0 0
0 1 0
0 0 1
[HEADER]
518773,Wall,6
9598.38984858097 4296.28808319309 11.3188976378133
1
1 0 0
0 1 0
0 0 1
[HEADER]
518775,Wall,6
9591.39803808541 4296.28808319309 12.7952755905692
1
1 0 0
0 1 0
0 0 1
[HEADER]
518776,Wall,6
9595.33504595992 4296.28808319309 12.7952755905692
1
1 0 0
0 1 0
0 0 1
[HEADER]
518777,Wall,6
9598.38984858097 4296.28808319309 12.7952755905692
1
1 0 0
0 1 0
0 0 1
[HEADER]
518997,Wall,6
9599.4515409658 4295.66718424295 9.84251968505744
1
0 -1 0
1 0 0
0 0 1
[HEADER]
519000,Wall,6
9599.4515409658 4295.66718424295 11.3188976378133
1
0 -1 0
1 0 0
0 0 1
[HEADER]
519002,Wall,6
9599.4515409658 4295.66718424295 12.7952755905692
1
0 -1 0
1 0 0
0 0 1
[HEADER]
597070,Glazed,6
9590.11098978469 4253.59834128513 8.85826771655184
1
0 1 0
-1 0 0
0 0 1
[HEADER]
597071,Glazed,6
9590.11098978469 4253.59834128513 9.43241469817913
1
0 1 0
-1 0 0
0 0 1
[HEADER]
597072,Wall,6
9590.11098978469 4253.35337190648 14.1076115485728
1
0 1 0
-1 0 0
0 0 1
[HEADER]
597073,Glazed,6
9590.11098978469 4253.59834128513 18.7828083989665
1
0 1 0
-1 0 0
0 0 1
[HEADER]
597074,Glazed,6
9590.11098978469 4253.59834128513 23.4580052493602
1
0 1 0
-1 0 0
0 0 1
[HEADER]
597075,Glazed,6
9590.11098978469 4253.59834128513 28.1332020997539
1
0 1 0
-1 0 0
0 0 1
[HEADER]
597076,Glazed,6
9590.11098978469 4253.59834128513 32.8083989501476
1
0 1 0
-1 0 0
0 0 1
[HEADER]
597077,Glazed,6
9590.11098978469 4253.59834128513 37.4835958005413
1
0 1 0
-1 0 0
0 0 1
[HEADER]
597248,Glazed,6
9590.11098978469 4250.60238765399 8.85826771655184
1
0 1 0
-1 0 0
0 0 1
[HEADER]
597249,Glazed,6
9590.11098978469 4250.60238765399 9.43241469817913
1
0 1 0
-1 0 0
0 0 1
[HEADER]
597250,Empty,6
9590.11098978469 4250.64913962301 14.0830052493602
1
0 1 0
-1 0 0
0 0 1
[HEADER]
597251,Glazed,6
9590.11098978469 4250.60238765399 18.7828083989665
1
0 1 0
-1 0 0
0 0 1
[HEADER]
597252,Glazed,6
9590.11098978469 4250.60238765399 23.4580052493602
1
0 1 0
-1 0 0
0 0 1
[HEADER]
597253,Glazed,6
9590.11098978469 4249.66078660464 28.1332020997539
1
0 1 0
-1 0 0
0 0 1
[HEADER]
597254,Glazed,6
9590.11098978469 4250.60238765399 32.8083989501476
1
0 1 0
-1 0 0
0 0 1
[HEADER]
597255,Glazed,6
9590.11098978469 4250.60238765399 37.4835958005413
1
0 1 0
-1 0 0
0 0 1
[HEADER]
601978,Wall,6
9590.95990710803 4241.50789946605 8.85826771655184
1
1 0 0
0 1 0
0 0 1
[HEADER]
601980,Wall,6
9602.99566826288 4241.50789946605 8.85826771655184
1
1 0 0
0 1 0
0 0 1
[HEADER]
601982,Glazed,6
9617.33703965396 4241.50789946605 8.85826771655184
1
1 0 0
0 1 0
0 0 1
[HEADER]
601984,Wall,6
9590.95990710803 4241.50789946605 9.43241469817914
1
1 0 0
0 1 0
0 0 1
[HEADER]
601985,Wall,6
9602.99566826288 4241.50789946605 9.43241469817914
1
1 0 0
0 1 0
0 0 1
[HEADER]
601986,Glazed,6
9609.79110789543 4241.50789946605 9.43241469817913
1
1 0 0
0 1 0
0 0 1
[HEADER]
601988,Wall,6
9590.95990710803 4241.50789946605 14.1076115485728
1
1 0 0
0 1 0
0 0 1
[HEADER]
601989,Wall,6
9602.99566826288 4241.50789946605 14.1076115485728
1
1 0 0
0 1 0
0 0 1
[HEADER]
601990,Glazed,6
9617.33703965396 4241.50789946605 14.1322178477854
1
1 0 0
0 1 0
0 0 1
[HEADER]
601992,Wall,6
9590.95990710803 4241.50789946605 18.7828083989665
1
1 0 0
0 1 0
0 0 1
[HEADER]
601993,Wall,6
9602.99566826288 4241.50789946605 18.7828083989665
1
1 0 0
0 1 0
0 0 1
[HEADER]
601994,Glazed,6
9617.33703965396 4241.50789946605 18.8074146981791
1
1 0 0
0 1 0
0 0 1
[HEADER]
601996,Wall,6
9590.95990710803 4241.50789946605 23.4580052493602
1
1 0 0
0 1 0
0 0 1
[HEADER]
601997,Wall,6
9602.99566826288 4241.50789946605 23.4580052493602
1
1 0 0
0 1 0
0 0 1
[HEADER]
601998,Glazed,6
9617.33703965396 4241.50789946605 23.4826115485728
1
1 0 0
0 1 0
0 0 1
[HEADER]
602000,Wall,6
9590.95990710803 4241.50789946605 28.1332020997539
1
1 0 0
0 1 0
0 0 1
[HEADER]
602001,Wall,6
9602.99566826288 4241.50789946605 28.1332020997539
1
1 0 0
0 1 0
0 0 1
[HEADER]
602002,Glazed,6
9617.33703965396 4241.50789946605 28.1578083989665
1
1 0 0
0 1 0
0 0 1
[HEADER]
602004,Wall,6
9590.95990710803 4241.50789946605 32.8083989501476
1
1 0 0
0 1 0
0 0 1
[HEADER]
602005,Wall,6
9602.99566826288 4241.50789946605 32.8083989501476
1
1 0 0
0 1 0
0 0 1
[HEADER]
602006,Glazed,6
9617.33703965396 4241.50789946605 32.8330052493602
1
1 0 0
0 1 0
0 0 1
[HEADER]
602031,AL복합패널_(지정색1)폭647,6
9590.95990710803 4241.50789946605 37.4835958005413
1
1 0 0
0 1 0
0 0 1
[HEADER]
602032,AL복합패널_(지정색1)폭647,6
9602.99566826288 4241.50789946605 37.4835958005413
1
1 0 0
0 1 0
0 0 1
[HEADER]
602033,Glazed,6
9617.33703965396 4241.50789946605 37.5082020997539
1
1 0 0
0 1 0
0 0 1
[HEADER]
602039,Wall,6
9600.44563545498 4241.50789946605 8.85826771655184
1
1 0 0
0 1 0
0 0 1
[HEADER]
602040,Wall,6
9600.44563545498 4241.50789946605 9.43241469817914
1
1 0 0
0 1 0
0 0 1
[HEADER]
602041,Wall,6
9600.43333230538 4241.50789946605 14.1076115485728
1
1 0 0
0 1 0
0 0 1
[HEADER]
602042,Wall,6
9600.43333230538 4241.50789946605 18.7828083989665
1
1 0 0
0 1 0
0 0 1
[HEADER]
602043,Wall,6
9600.43333230538 4241.50789946605 23.4580052493602
1
1 0 0
0 1 0
0 0 1
[HEADER]
602044,Wall,6
9600.43333230538 4241.50789946605 28.1332020997539
1
1 0 0
0 1 0
0 0 1
[HEADER]
602045,Wall,6
9600.44563545498 4241.50789946605 32.8083989501476
1
1 0 0
0 1 0
0 0 1
[HEADER]
602046,AL복합패널_(지정색1)폭647,6
9600.44563545498 4241.50789946605 37.4835958005413
1
1 0 0
0 1 0
0 0 1
[HEADER]
602048,Wall,6
9597.98500553372 4241.50789946605 8.85826771655184
1
1 0 0
0 1 0
0 0 1
[HEADER]
602049,Wall,6
9597.98500553372 4241.50789946605 9.43241469817914
1
1 0 0
0 1 0
0 0 1
[HEADER]
602050,Wall,6
9597.98500553372 4241.50789946605 14.0830052493602
1
1 0 0
0 1 0
0 0 1
[HEADER]
602051,Glazed,6
9611.10836511378 4241.50789946605 18.7828083989665
1
1 0 0
0 1 0
0 0 1
[HEADER]
602052,Glazed,6
9611.10836511378 4241.50789946605 23.4580052493602
1
1 0 0
0 1 0
0 0 1
[HEADER]
602053,Glazed,6
9611.10836511378 4241.50789946605 28.1332020997539
1
1 0 0
0 1 0
0 0 1
[HEADER]
602054,Wall,6
9597.98500553372 4241.50789946605 32.783792650935
1
1 0 0
0 1 0
0 0 1
[HEADER]
602055,AL복합패널_(지정색1)폭647,6
9597.98500553372 4241.50789946605 37.4835958005413
1
1 0 0
0 1 0
0 0 1
[HEADER]
602057,Wall,6
9595.52437561247 4241.50789946605 8.85826771655184
1
1 0 0
0 1 0
0 0 1
[HEADER]
602058,Wall,6
9595.52437561247 4241.50789946605 9.43241469817914
1
1 0 0
0 1 0
0 0 1
[HEADER]
602059,Wall,6
9595.53667876207 4241.50789946605 14.1076115485728
1
1 0 0
0 1 0
0 0 1
[HEADER]
602060,Wall,6
9595.53667876207 4241.50789946605 18.7828083989665
1
1 0 0
0 1 0
0 0 1
[HEADER]
602061,Wall,6
9595.53667876207 4241.50789946605 23.4580052493602
1
1 0 0
0 1 0
0 0 1
[HEADER]
602062,Wall,6
9595.53667876207 4241.50789946605 28.1332020997539
1
1 0 0
0 1 0
0 0 1
[HEADER]
602063,Wall,6
9595.52437561247 4241.50789946605 32.8083989501476
1
1 0 0
0 1 0
0 0 1
[HEADER]
602064,AL복합패널_(지정색1)폭647,6
9595.52437561247 4241.50789946605 37.4835958005413
1
1 0 0
0 1 0
0 0 1
[HEADER]
602125,Wall,6
9593.0637456912 4241.50789946605 8.85826771655184
1
1 0 0
0 1 0
0 0 1
[HEADER]
602126,Wall,6
9593.0637456912 4241.50789946605 9.43241469817914
1
1 0 0
0 1 0
0 0 1
[HEADER]
602127,Wall,6
9593.0637456912 4241.50789946605 14.1076115485728
1
1 0 0
0 1 0
0 0 1
[HEADER]
602128,Wall,6
9593.0637456912 4241.50789946605 18.7828083989665
1
1 0 0
0 1 0
0 0 1
[HEADER]
602129,Wall,6
9593.0637456912 4241.50789946605 23.4580052493602
1
1 0 0
0 1 0
0 0 1
[HEADER]
602130,Wall,6
9593.0637456912 4241.50789946605 28.1332020997539
1
1 0 0
0 1 0
0 0 1
[HEADER]
602131,Wall,6
9593.0637456912 4241.50789946605 32.8083989501476
1
1 0 0
0 1 0
0 0 1
[HEADER]
602132,AL복합패널_(지정색1)폭647,6
9593.0637456912 4241.50789946605 37.4835958005413
1
1 0 0
0 1 0
0 0 1
[HEADER]
612918,Glazed,6
9670.80980868233 4253.41734828595 8.85826771655184
1
0 1 0
-1 0 0
0 0 1
[HEADER]
612919,Glazed,6
9670.80980868233 4253.41734828595 9.43241469817913
1
0 1 0
-1 0 0
0 0 1
[HEADER]
612920,Wall,6
9670.80980868233 4253.30908056891 14.1076115485728
1
0 1 0
-1 0 0
0 0 1
[HEADER]
612921,Glazed,6
9670.80980868233 4253.41734828595 18.7828083989665
1
0 1 0
-1 0 0
0 0 1
[HEADER]
612922,Glazed,6
9670.80980868233 4253.41734828595 23.4580052493602
1
0 1 0
-1 0 0
0 0 1
[HEADER]
612923,Glazed,6
9670.80980868233 4253.41734828595 28.1332020997539
1
0 1 0
-1 0 0
0 0 1
[HEADER]
612924,Glazed,6
9670.80980868233 4253.41734828595 32.8083989501476
1
0 1 0
-1 0 0
0 0 1
[HEADER]
612925,Glazed,6
9670.80980868233 4253.41734828595 37.4835958005413
1
0 1 0
-1 0 0
0 0 1
[HEADER]
613106,Glazed,6
9670.80980868233 4250.44449723583 8.85826771655184
1
0 1 0
-1 0 0
0 0 1
[HEADER]
613107,Glazed,6
9670.80980868233 4250.44449723583 9.43241469817913
1
0 1 0
-1 0 0
0 0 1
[HEADER]
613108,Empty,6
9670.80980868233 4250.60484828545 14.0830052493602
1
0 1 0
-1 0 0
0 0 1
[HEADER]
613109,Glazed,6
9670.80980868233 4250.44449723583 18.7828083989665
1
0 1 0
-1 0 0
0 0 1
[HEADER]
613110,Glazed,6
9670.80980868233 4250.44449723583 23.4580052493602
1
0 1 0
-1 0 0
0 0 1
[HEADER]
613111,Glazed,6
9670.80980868233 4249.54718752404 28.1332020997539
1
0 1 0
-1 0 0
0 0 1
[HEADER]
613112,Glazed,6
9670.80980868233 4250.44449723583 32.8083989501476
1
0 1 0
-1 0 0
0 0 1
[HEADER]
613113,Glazed,6
9670.80980868233 4250.44449723583 37.4835958005413
1
0 1 0
-1 0 0
0 0 1
[HEADER]
617304,Wall,6
9590.77055280879 4282.35434819235 14.1076115485728
1
1 0 0
0 1 0
0 0 1
[HEADER]
617308,Wall,6
9590.77055280879 4282.35434819235 19.0288713910925
1
1 0 0
0 1 0
0 0 1
[HEADER]
617310,Wall,6
9590.77055280879 4282.35434819235 23.9501312336122
1
1 0 0
0 1 0
0 0 1
[HEADER]
617312,Wall,6
9590.77055280879 4282.35434819235 28.8713910761319
1
1 0 0
0 1 0
0 0 1
[HEADER]
617314,Wall,6
9590.77055280879 4282.35434819235 33.7926509186516
1
1 0 0
0 1 0
0 0 1
[HEADER]
617316,Wall,6
9591.07403049908 4282.35434819235 38.7139107611713
1
1 0 0
0 1 0
0 0 1
[HEADER]
617318,Wall,6
9591.07403049908 4282.35434819235 43.6351706036909
1
1 0 0
0 1 0
0 0 1
[HEADER]
683993,투명강화유리(커튼월),54
9638.33466259211 4278.51085222192 12.9265091863681
1
-1 0 0
0 -1 0
0 0 1
-1.64041996002197 -0.0393700785934925 7.93963241577148
-1.64041996002197 -0.0393700785934925 0
1.64041996002197 -0.0393700785934925 0
0 -1 0
1.64041996002197 -0.0393700785934925 0
1.64041996002197 -0.0393700785934925 7.93963241577148
-1.64041996002197 -0.0393700785934925 7.93963241577148
0 -1 0
1.64041996002197 0.0393700785934925 7.93963241577148
1.64041996002197 0.0393700785934925 0
-1.64041996002197 0.0393700785934925 0
0 1 0
-1.64041996002197 0.0393700785934925 0
-1.64041996002197 0.0393700785934925 7.93963241577148
1.64041996002197 0.0393700785934925 7.93963241577148
0 1 0
1.64041996002197 -0.0393700785934925 0
-1.64041996002197 -0.0393700785934925 0
-1.64041996002197 0.0393700785934925 0
0 0 -1
-1.64041996002197 0.0393700785934925 0
1.64041996002197 0.0393700785934925 0
1.64041996002197 -0.0393700785934925 0
0 0 -1
1.64041996002197 -0.0393700785934925 7.93963241577148
1.64041996002197 -0.0393700785934925 0
1.64041996002197 0.0393700785934925 0
1 0 0
1.64041996002197 0.0393700785934925 0
1.64041996002197 0.0393700785934925 7.93963241577148
1.64041996002197 -0.0393700785934925 7.93963241577148
1 0 0
-1.64041996002197 -0.0393700785934925 7.93963241577148
1.64041996002197 -0.0393700785934925 7.93963241577148
1.64041996002197 0.0393700785934925 7.93963241577148
0 0 1
1.64041996002197 0.0393700785934925 7.93963241577148
-1.64041996002197 0.0393700785934925 7.93963241577148
-1.64041996002197 -0.0393700785934925 7.93963241577148
0 0 1
-1.64041996002197 -0.0393700785934925 0
-1.64041996002197 -0.0393700785934925 7.93963241577148
-1.64041996002197 0.0393700785934925 7.93963241577148
-1 0 0
-1.64041996002197 0.0393700785934925 7.93963241577148
-1.64041996002197 0.0393700785934925 0
-1.64041996002197 -0.0393700785934925 0
-1 0 0
[HEADER]
683995,투명강화유리(커튼월),6
9623.30841587295 4279.13421180197 12.9265091863681
1
0 1 0
-1 0 0
0 0 1
[HEADER]
683997,투명강화유리(커튼월),6
9623.30841587295 4279.16702020092 19.6850393700952
1
0 1 0
-1 0 0
0 0 1
[HEADER]
684003,투명강화유리(커튼월),6
9640.04069933752 4279.16702020092 12.9265091863681
1
0 1 0
-1 0 0
0 0 1
[HEADER]
684005,투명강화유리(커튼월),6
9640.04069933752 4279.19982859987 19.6850393700952
1
0 1 0
-1 0 0
0 0 1
[HEADER]
684013,투명강화유리(커튼월),6
9624.98164421941 4278.51085222192 12.9265091863681
1
-1 0 0
0 -1 0
0 0 1
[HEADER]
684016,투명강화유리(커튼월),6
9628.32810091232 4278.51085222192 12.9265091863681
1
-1 0 0
0 -1 0
0 0 1
[HEADER]
684019,투명강화유리(커튼월),6
9631.67455760523 4278.51085222192 12.9265091863681
1
-1 0 0
0 -1 0
0 0 1
[HEADER]
684022,투명강화유리(커튼월),6
9635.02101429815 4278.51085222192 12.9265091863681
1
-1 0 0
0 -1 0
0 0 1
[HEADER]
684026,투명강화유리(커튼월),6
9623.30841587295 4281.26675773373 19.7506561679954
1
0 1 0
-1 0 0
0 0 1
[HEADER]
684034,투명강화유리(커튼월),6
9640.04069933752 4281.26675773373 19.7506561679954
1
0 1 0
-1 0 0
0 0 1
[HEADER]
688837,투명강화유리(커튼월),6
9617.66512364296 4246.17407400669 12.9265091863681
1
0 1 0
-1 0 0
0 0 1
[HEADER]
688839,투명강화유리(커튼월),6
9615.15293766621 4259.01610156575 12.9265091863681
1
-1 0 0
0 -1 0
0 0 1
[HEADER]
688841,투명강화유리(커튼월),6
9611.76898566021 4259.01610156575 12.9265091863681
1
-1 0 0
0 -1 0
0 0 1
[HEADER]
688843,투명강화유리(커튼월),6
9608.31941685631 4259.01610156575 12.9265091863681
1
-1 0 0
0 -1 0
0 0 1
[HEADER]
688845,투명강화유리(커튼월),6
9604.86984805241 4259.01610156575 12.9265091863681
1
-1 0 0
0 -1 0
0 0 1
[HEADER]
688847,투명강화유리(커튼월),6
9601.42027924851 4259.01610156575 12.9265091863681
1
-1 0 0
0 -1 0
0 0 1
[HEADER]
688849,투명강화유리(커튼월),6
9598.00351884356 4259.01610156575 12.9265091863681
1
-1 0 0
0 -1 0
0 0 1
[HEADER]
688853,투명강화유리(커튼월),6
9615.21855446411 4259.01610156575 19.6850393700951
1
-1 0 0
0 -1 0
0 0 1
[HEADER]
688854,투명강화유리(커튼월),6
9611.76898566021 4259.01610156575 19.6850393700951
1
-1 0 0
0 -1 0
0 0 1
[HEADER]
688855,투명강화유리(커튼월),6
9608.31941685631 4259.01610156575 19.6850393700951
1
-1 0 0
0 -1 0
0 0 1
[HEADER]
688856,투명강화유리(커튼월),6
9604.86984805241 4259.01610156575 19.6850393700951
1
-1 0 0
0 -1 0
0 0 1
[HEADER]
688857,투명강화유리(커튼월),6
9601.42027924851 4259.01610156575 19.6850393700951
1
-1 0 0
0 -1 0
0 0 1
[HEADER]
688858,투명강화유리(커튼월),6
9597.97071044461 4259.01610156575 19.6850393700951
1
-1 0 0
0 -1 0
0 0 1
[HEADER]
688859,투명강화유리(커튼월),6
9594.55395003966 4259.01610156575 19.7506561679954
1
-1 0 0
0 -1 0
0 0 1
[HEADER]
688881,투명강화유리(커튼월),6
9617.66512364296 4249.31547820616 12.9265091863681
1
0 1 0
-1 0 0
0 0 1
[HEADER]
688883,투명강화유리(커튼월),6
9617.66512364296 4252.55530760249 12.9265091863681
1
0 1 0
-1 0 0
0 0 1
[HEADER]
688885,투명강화유리(커튼월),6
9617.66512364296 4255.69671180197 12.9265091863681
1
0 1 0
-1 0 0
0 0 1
[HEADER]
689392,투명강화유리(커튼월),6
9656.1491280009 4245.72049789123 12.9265091863681
1
0 1 0
-1 0 0
0 0 1
[HEADER]
689394,투명강화유리(커튼월),6
9647.85307553223 4282.94654775997 12.9265091863681
1
1 0 0
0 1 0
0 0 1
[HEADER]
689400,투명강화유리(커튼월),6
9656.1491280009 4276.88191521404 12.9265091863681
1
0 1 0
-1 0 0
0 0 1
[HEADER]
689402,투명강화유리(커튼월),6
9656.1491280009 4273.00724329804 12.9265091863681
1
0 1 0
-1 0 0
0 0 1
[HEADER]
689404,투명강화유리(커튼월),6
9656.1491280009 4269.09976298308 12.9265091863681
1
0 1 0
-1 0 0
0 0 1
[HEADER]
689406,투명강화유리(커튼월),6
9656.1491280009 4265.19228266812 12.9265091863681
1
0 1 0
-1 0 0
0 0 1
[HEADER]
689408,투명강화유리(커튼월),6
9656.1491280009 4261.28480235316 12.9265091863681
1
0 1 0
-1 0 0
0 0 1
[HEADER]
689410,투명강화유리(커튼월),6
9656.1491280009 4255.87797820619 12.9265091863681
1
0 1 0
-1 0 0
0 0 1
[HEADER]
689412,투명강화유리(커튼월),6
9656.1491280009 4251.79661337679 12.9265091863681
1
0 1 0
-1 0 0
0 0 1
[HEADER]
689414,투명강화유리(커튼월),6
9656.1491280009 4249.56236140829 12.9265091863681
1
0 1 0
-1 0 0
0 0 1
[HEADER]
689416,투명강화유리(커튼월),6
9656.1491280009 4282.54792571273 12.9265091863681
1
0 1 0
-1 0 0
0 0 1
[HEADER]
689420,투명강화유리(커튼월),6
9656.1491280009 4245.65488109333 19.6850393700952
1
0 1 0
-1 0 0
0 0 1
[HEADER]
689421,투명강화유리(커튼월),6
9656.1491280009 4249.56236140829 19.6850393700952
1
0 1 0
-1 0 0
0 0 1
[HEADER]
689422,투명강화유리(커튼월),6
9656.1491280009 4251.82942177574 19.6850393700952
1
0 1 0
-1 0 0
0 0 1
[HEADER]
689423,투명강화유리(커튼월),6
9656.1491280009 4253.78316193322 19.7506561679954
1
0 1 0
-1 0 0
0 0 1
[HEADER]
689424,투명강화유리(커튼월),6
9656.1491280009 4257.3773220382 19.6850393700952
1
0 1 0
-1 0 0
0 0 1
[HEADER]
689425,투명강화유리(커튼월),6
9656.1491280009 4261.28480235316 19.6850393700952
1
0 1 0
-1 0 0
0 0 1
[HEADER]
689426,투명강화유리(커튼월),6
9656.1491280009 4265.19228266812 19.6850393700952
1
0 1 0
-1 0 0
0 0 1
[HEADER]
689427,투명강화유리(커튼월),6
9656.1491280009 4269.09976298308 19.6850393700952
1
0 1 0
-1 0 0
0 0 1
[HEADER]
689428,투명강화유리(커튼월),6
9656.1491280009 4273.00724329804 19.6850393700952
1
0 1 0
-1 0 0
0 0 1
[HEADER]
689429,투명강화유리(커튼월),6
9656.1491280009 4276.91472361299 19.6850393700952
1
0 1 0
-1 0 0
0 0 1
[HEADER]
689430,투명강화유리(커튼월),6
9656.1491280009 4280.50888371798 19.7506561679954
1
0 1 0
-1 0 0
0 0 1
[HEADER]
689431,투명강화유리(커튼월),6
9656.1491280009 4282.46262387546 19.6850393700952
1
0 1 0
-1 0 0
0 0 1
[HEADER]
689467,투명강화유리(커튼월),6
9652.31899503403 4282.94654775997 12.9265091863681
1
1 0 0
0 1 0
0 0 1
[HEADER]
689471,투명강화유리(커튼월),6
9656.31751865608 4282.94654775997 12.9265091863681
1
1 0 0
0 1 0
0 0 1
[HEADER]
689475,투명강화유리(커튼월),6
9648.00046571694 4282.81531416417 19.6850393700951
1
1 0 0
0 1 0
0 0 1
[HEADER]
689476,투명강화유리(커튼월),6
9650.18644910228 4282.94654775997 19.7506561679954
1
1 0 0
0 1 0
0 0 1
[HEADER]
689477,투명강화유리(커튼월),6
9652.31899503403 4282.81531416417 19.6850393700951
1
1 0 0
0 1 0
0 0 1
[HEADER]
689478,투명강화유리(커튼월),6
9654.45154096579 4282.94654775997 19.7506561679954
1
1 0 0
0 1 0
0 0 1
[HEADER]
689479,투명강화유리(커튼월),6
9656.35032705504 4282.81531416417 19.6850393700951
1
1 0 0
0 1 0
0 0 1
[HEADER]
770673,BIM-H_Folding-Doors(CP),2118
9662.74361618988 4256.26675773377 12.7952755905676
1
-1 0 0
0 -1 0
0 0 1
-3.33432137406491E-16 6.88338275267597E-14 8.20209980010986
-0.164041996002197 6.57540699406517E-14 7.87401580810547
-2.01224851608276 6.90371425391551E-14 7.87401580810547
1.77635683940025E-15 1 -1.02752821442426E-14
-0.164041996002197 6.57540699406517E-14 7.87401580810547
-3.33432137406491E-16 6.88338275267597E-14 8.20209980010986
-0.164041996002197 -1.00969308868687E-14 0.492125988006592
1.77635683940025E-15 1 -1.02752821442426E-14
-2.17629051208496 7.26996926742919E-14 8.20209980010986
-2.01224851608276 6.90371425391551E-14 7.87401580810547
-2.01224851608276 -6.81385659429944E-15 0.492125988006592
1.77635683940025E-15 1 -1.02752821442426E-14
-2.01224851608276 6.90371425391551E-14 7.87401580810547
-2.17629051208496 7.26996926742919E-14 8.20209980010986
-3.33432137406491E-16 6.88338275267597E-14 8.20209980010986
1.77635683940025E-15 1 -1.02752821442426E-14
-0.164041996002197 -1.00969308868687E-14 0.492125988006592
-3.33432137406491E-16 -1.54450613404486E-14 -8.88178419700125E-15
-2.01224851608276 -6.81385659429944E-15 0.492125988006592
1.77635683940025E-15 1 -1.02752821442426E-14
-3.33432137406491E-16 -1.54450613404486E-14 -8.88178419700125E-15
-0.164041996002197 -1.00969308868687E-14 0.492125988006592
-3.33432137406491E-16 6.88338275267597E-14 8.20209980010986
1.77635683940025E-15 1 -1.02752821442426E-14
-2.01224851608276 -6.81385659429944E-15 0.492125988006592
-2.17629051208496 -1.15791928047846E-14 -7.105427357601E-15
-2.17629051208496 7.26996926742919E-14 8.20209980010986
1.77635683940025E-15 1 -1.02752821442426E-14
-2.17629051208496 -1.15791928047846E-14 -7.105427357601E-15
-2.01224851608276 -6.81385659429944E-15 0.492125988006592
-3.33432137406491E-16 -1.54450613404486E-14 -8.88178419700125E-15
1.77635683940025E-15 1 -1.02752821442426E-14
-5.665498452323E-16 -0.131233602762222 -7.105427357601E-15
-0.164041996002197 -0.131233602762222 0.492125988006592
-2.01224851608276 -0.131233602762222 0.492125988006592
-1.77635683940025E-15 -1 1.02752821442426E-14
-0.164041996002197 -0.131233602762222 0.492125988006592
-5.665498452323E-16 -0.131233602762222 -7.105427357601E-15
-5.665498452323E-16 -0.131233602762222 8.20209980010986
-1.77635683940025E-15 -1 1.02752821442426E-14
-2.17629051208496 -0.131233602762222 -7.105427357601E-15
-2.01224851608276 -0.131233602762222 0.492125988006592
-2.17629051208496 -0.131233602762222 8.20209980010986
-1.77635683940025E-15 -1 1.02752821442426E-14
-2.01224851608276 -0.131233602762222 0.492125988006592
-2.17629051208496 -0.131233602762222 -7.105427357601E-15
-5.665498452323E-16 -0.131233602762222 -7.105427357601E-15
-1.77635683940025E-15 -1 1.02752821442426E-14
-0.164041996002197 -0.131233602762222 7.87401580810547
-5.665498452323E-16 -0.131233602762222 8.20209980010986
-2.01224851608276 -0.131233602762222 7.87401580810547
-1.77635683940025E-15 -1 1.02752821442426E-14
-5.665498452323E-16 -0.131233602762222 8.20209980010986
-0.164041996002197 -0.131233602762222 7.87401580810547
-0.164041996002197 -0.131233602762222 0.492125988006592
-1.77635683940025E-15 -1 1.02752821442426E-14
-2.01224851608276 -0.131233602762222 7.87401580810547
-2.17629051208496 -0.131233602762222 8.20209980010986
-2.01224851608276 -0.131233602762222 0.492125988006592
-1.77635683940025E-15 -1 1.02752821442426E-14
-2.17629051208496 -0.131233602762222 8.20209980010986
-2.01224851608276 -0.131233602762222 7.87401580810547
-5.665498452323E-16 -0.131233602762222 8.20209980010986
-1.77635683940025E-15 -1 1.02752821442426E-14
-3.33432137406491E-16 -1.54321000422897E-14 -8.88178419700125E-15
-3.33432137406491E-16 6.88338275267597E-14 8.20209980010986
-5.665498452323E-16 -0.131233602762222 -7.105427357601E-15
1 -1.77635683940025E-15 0
-5.665498452323E-16 -0.131233602762222 8.20209980010986
-5.665498452323E-16 -0.131233602762222 -7.105427357601E-15
-3.33432137406491E-16 6.88338275267597E-14 8.20209980010986
1 -1.77635683940025E-15 0
-2.17629051208496 -1.15662315066257E-14 -7.99360577730113E-15
-3.33432137406491E-16 -1.54321000422897E-14 -8.88178419700125E-15
-5.665498452323E-16 -0.131233602762222 -7.105427357601E-15
-4.08115752248119E-16 -1.35358391162299E-14 -1
-5.665498452323E-16 -0.131233602762222 -7.105427357601E-15
-2.17629051208496 -0.131233602762222 -6.21724893790088E-15
-2.17629051208496 -1.15662315066257E-14 -7.99360577730113E-15
-4.08115752248119E-16 -1.35358391162299E-14 -1
-2.17629051208496 7.26996926742919E-14 8.20209980010986
-2.17629051208496 -1.15662315066257E-14 -7.105427357601E-15
-2.17629051208496 -0.131233602762222 8.20209980010986
-1 1.77635683940025E-15 0
-2.17629051208496 -0.131233602762222 -7.105427357601E-15
-2.17629051208496 -0.131233602762222 8.20209980010986
-2.17629051208496 -1.15662315066257E-14 -7.105427357601E-15
-1 1.77635683940025E-15 0
-4.44089209850063E-16 6.88338275267597E-14 8.20209980010986
-2.17629051208496 7.26996926742919E-14 8.20209980010986
-2.17629051208496 -0.131233602762222 8.20209980010986
2.40444803911364E-29 1.35358391162299E-14 1
-2.17629051208496 -0.131233602762222 8.20209980010986
-8.88178419700125E-16 -0.131233602762222 8.20209980010986
-4.44089209850063E-16 6.88338275267597E-14 8.20209980010986
2.40444803911364E-29 1.35358391162299E-14 1
-0.164041996002197 6.57668025399148E-14 7.87401580810547
-0.164041996002197 -1.00891881586978E-14 0.492125988006592
-0.164041996002197 -0.131233602762222 0.492125988006592
-1 1.77635683940025E-15 0
-0.164041996002197 -0.131233602762222 0.492125988006592
-0.164041996002197 -0.131233602762222 7.87401580810547
-0.164041996002197 6.57668025399148E-14 7.87401580810547
-1 1.77635683940025E-15 0
-2.01224851608276 6.90498751384182E-14 7.87401580810547
-0.164041996002197 6.57668025399148E-14 7.87401580810547
-0.164041996002197 -0.131233602762222 7.87401580810547
-2.40444803911364E-29 -1.35358391162299E-14 -1
-0.164041996002197 -0.131233602762222 7.87401580810547
-2.01224851608276 -0.131233602762222 7.87401580810547
-2.01224851608276 6.90498751384182E-14 7.87401580810547
-2.40444803911364E-29 -1.35358391162299E-14 -1
-2.01224851608276 -6.80611386612859E-15 0.492125988006592
-2.01224851608276 6.90498751384182E-14 7.87401580810547
-2.01224851608276 -0.131233602762222 0.492125988006592
1 -1.77635683940025E-15 0
-2.01224851608276 -0.131233602762222 7.87401580810547
-2.01224851608276 -0.131233602762222 0.492125988006592
-2.01224851608276 6.90498751384182E-14 7.87401580810547
1 -1.77635683940025E-15 0
-0.164041996002197 -1.00891881586978E-14 0.492125988006592
-2.01224851608276 -6.80611386612859E-15 0.492125988006592
-2.01224851608276 -0.131233602762222 0.492125988006592
1.20222401955682E-29 6.76791955811495E-15 1
-2.01224851608276 -0.131233602762222 0.492125988006592
-0.164041996002197 -0.131233602762222 0.492125988006592
-0.164041996002197 -1.00891881586978E-14 0.492125988006592
1.20222401955682E-29 6.76791955811495E-15 1
-0.164041996002197 -0.0328084006905556 7.87401580810547
-0.164041996002197 -0.0328084006905556 0.492125988006592
-2.01224851608276 -0.0328084006905556 0.492125988006592
1.77635683940025E-15 1 -1.02752821442426E-14
-2.01224851608276 -0.0328084006905556 0.492125988006592
-2.01224851608276 -0.0328084006905556 7.87401580810547
-0.164041996002197 -0.0328084006905556 7.87401580810547
1.77635683940025E-15 1 -1.02752821442426E-14
-2.01224851608276 -0.0984251946210861 7.87401580810547
-2.01224851608276 -0.0984251946210861 0.492125988006592
-0.164041996002197 -0.0984251946210861 0.492125988006592
-1.77635683940025E-15 -1 1.02752821442426E-14
-0.164041996002197 -0.0984251946210861 0.492125988006592
-0.164041996002197 -0.0984251946210861 7.87401580810547
-2.01224851608276 -0.0984251946210861 7.87401580810547
-1.77635683940025E-15 -1 1.02752821442426E-14
-2.01224851608276 -0.0328084006905556 0.492125988006592
-0.164041996002197 -0.0328084006905556 0.492125988006592
-0.164041996002197 -0.0984251946210861 0.492125988006592
-1.80333602933523E-29 -1.01518793371724E-14 -1
-0.164041996002197 -0.0984251946210861 0.492125988006592
-2.01224851608276 -0.0984251946210861 0.492125988006592
-2.01224851608276 -0.0328084006905556 0.492125988006592
-1.80333602933523E-29 -1.01518793371724E-14 -1
-2.01224851608276 -0.0328084006905556 7.87401580810547
-2.01224851608276 -0.0328084006905556 0.492125988006592
-2.01224851608276 -0.0984251946210861 0.492125988006592
-1 1.77635683940025E-15 0
-2.01224851608276 -0.0984251946210861 0.492125988006592
-2.01224851608276 -0.0984251946210861 7.87401580810547
-2.01224851608276 -0.0328084006905556 7.87401580810547
-1 1.77635683940025E-15 0
-0.164041996002197 -0.0328084006905556 7.87401580810547
-2.01224851608276 -0.0328084006905556 7.87401580810547
-2.01224851608276 -0.0984251946210861 7.87401580810547
2.40444803911364E-29 1.35358391162299E-14 1
-2.01224851608276 -0.0984251946210861 7.87401580810547
-0.164041996002197 -0.0984251946210861 7.87401580810547
-0.164041996002197 -0.0328084006905556 7.87401580810547
2.40444803911364E-29 1.35358391162299E-14 1
-0.164041996002197 -0.0328084006905556 0.492125988006592
-0.164041996002197 -0.0328084006905556 7.87401580810547
-0.164041996002197 -0.0984251946210861 0.492125988006592
1 -1.77635683940025E-15 0
-0.164041996002197 -0.0984251946210861 7.87401580810547
-0.164041996002197 -0.0984251946210861 0.492125988006592
-0.164041996002197 -0.0328084006905556 7.87401580810547
1 -1.77635683940025E-15 0
2.17629051208496 6.88338275267597E-14 8.20209980010986
2.01224851608276 6.57540699406517E-14 7.87401580810547
0.164041996002197 6.90371425391551E-14 7.87401580810547
1.77635683940025E-15 1 -1.02752821442426E-14
2.01224851608276 6.57540699406517E-14 7.87401580810547
2.17629051208496 6.88338275267597E-14 8.20209980010986
2.01224851608276 -1.00969308868687E-14 0.492125988006592
1.77635683940025E-15 1 -1.02752821442426E-14
-5.32907051820075E-15 7.26996926742919E-14 8.20209980010986
0.164041996002197 6.90371425391551E-14 7.87401580810547
0.164041996002197 -6.81385659429944E-15 0.492125988006592
1.77635683940025E-15 1 -1.02752821442426E-14
0.164041996002197 6.90371425391551E-14 7.87401580810547
-5.32907051820075E-15 7.26996926742919E-14 8.20209980010986
2.17629051208496 6.88338275267597E-14 8.20209980010986
1.77635683940025E-15 1 -1.02752821442426E-14
2.01224851608276 -1.00969308868687E-14 0.492125988006592
2.17629051208496 -1.54450613404486E-14 -8.88178419700125E-15
0.164041996002197 -6.81385659429944E-15 0.492125988006592
1.77635683940025E-15 1 -1.02752821442426E-14
2.17629051208496 -1.54450613404486E-14 -8.88178419700125E-15
2.01224851608276 -1.00969308868687E-14 0.492125988006592
2.17629051208496 6.88338275267597E-14 8.20209980010986
1.77635683940025E-15 1 -1.02752821442426E-14
0.164041996002197 -6.81385659429944E-15 0.492125988006592
-5.32907051820075E-15 -1.15791928047846E-14 -7.105427357601E-15
-5.32907051820075E-15 7.26996926742919E-14 8.20209980010986
1.77635683940025E-15 1 -1.02752821442426E-14
-5.32907051820075E-15 -1.15791928047846E-14 -7.105427357601E-15
0.164041996002197 -6.81385659429944E-15 0.492125988006592
2.17629051208496 -1.54450613404486E-14 -8.88178419700125E-15
1.77635683940025E-15 1 -1.02752821442426E-14
2.17629051208496 -0.131233602762222 -7.105427357601E-15
2.01224851608276 -0.131233602762222 0.492125988006592
0.164041996002197 -0.131233602762222 0.492125988006592
-1.77635683940025E-15 -1 1.02752821442426E-14
2.01224851608276 -0.131233602762222 0.492125988006592
2.17629051208496 -0.131233602762222 -7.105427357601E-15
2.17629051208496 -0.131233602762222 8.20209980010986
-1.77635683940025E-15 -1 1.02752821442426E-14
-5.77315972805081E-15 -0.131233602762222 -7.105427357601E-15
0.164041996002197 -0.131233602762222 0.492125988006592
-5.77315972805081E-15 -0.131233602762222 8.20209980010986
-1.77635683940025E-15 -1 1.02752821442426E-14
0.164041996002197 -0.131233602762222 0.492125988006592
-5.77315972805081E-15 -0.131233602762222 -7.105427357601E-15
2.17629051208496 -0.131233602762222 -7.105427357601E-15
-1.77635683940025E-15 -1 1.02752821442426E-14
2.01224851608276 -0.131233602762222 7.87401580810547
2.17629051208496 -0.131233602762222 8.20209980010986
0.164041996002197 -0.131233602762222 7.87401580810547
-1.77635683940025E-15 -1 1.02752821442426E-14
2.17629051208496 -0.131233602762222 8.20209980010986
2.01224851608276 -0.131233602762222 7.87401580810547
2.01224851608276 -0.131233602762222 0.492125988006592
-1.77635683940025E-15 -1 1.02752821442426E-14
0.164041996002197 -0.131233602762222 7.87401580810547
-5.77315972805081E-15 -0.131233602762222 8.20209980010986
0.164041996002197 -0.131233602762222 0.492125988006592
-1.77635683940025E-15 -1 1.02752821442426E-14
-5.77315972805081E-15 -0.131233602762222 8.20209980010986
0.164041996002197 -0.131233602762222 7.87401580810547
2.17629051208496 -0.131233602762222 8.20209980010986
-1.77635683940025E-15 -1 1.02752821442426E-14
2.17629051208496 -1.54321000422897E-14 -8.88178419700125E-15
2.17629051208496 6.88338275267597E-14 8.20209980010986
2.17629051208496 -0.131233602762222 -7.105427357601E-15
1 -1.77635683940025E-15 0
2.17629051208496 -0.131233602762222 8.20209980010986
2.17629051208496 -0.131233602762222 -7.105427357601E-15
2.17629051208496 6.88338275267597E-14 8.20209980010986
1 -1.77635683940025E-15 0
-5.32907051820075E-15 -1.15662315066257E-14 -7.99360577730113E-15
2.17629051208496 -1.54321000422897E-14 -8.88178419700125E-15
2.17629051208496 -0.131233602762222 -7.105427357601E-15
-4.08115752248119E-16 -1.35358391162299E-14 -1
2.17629051208496 -0.131233602762222 -7.105427357601E-15
-5.77315972805081E-15 -0.131233602762222 -6.21724893790088E-15
-5.32907051820075E-15 -1.15662315066257E-14 -7.99360577730113E-15
-4.08115752248119E-16 -1.35358391162299E-14 -1
-5.32907051820075E-15 7.26996926742919E-14 8.20209980010986
-5.32907051820075E-15 -1.15662315066257E-14 -7.105427357601E-15
-5.56218838484524E-15 -0.131233602762222 8.20209980010986
-1 1.77635683940025E-15 0
-5.56218838484524E-15 -0.131233602762222 -7.105427357601E-15
-5.56218838484524E-15 -0.131233602762222 8.20209980010986
-5.32907051820075E-15 -1.15662315066257E-14 -7.105427357601E-15
-1 1.77635683940025E-15 0
2.17629051208496 6.88338275267597E-14 8.20209980010986
-5.32907051820075E-15 7.26996926742919E-14 8.20209980010986
-5.56218838484524E-15 -0.131233602762222 8.20209980010986
2.40444803911364E-29 1.35358391162299E-14 1
-5.56218838484524E-15 -0.131233602762222 8.20209980010986
2.17629051208496 -0.131233602762222 8.20209980010986
2.17629051208496 6.88338275267597E-14 8.20209980010986
2.40444803911364E-29 1.35358391162299E-14 1
2.01224851608276 6.57668025399148E-14 7.87401580810547
2.01224851608276 -1.00891881586978E-14 0.492125988006592
2.01224851608276 -0.131233602762222 0.492125988006592
-1 1.77635683940025E-15 0
2.01224851608276 -0.131233602762222 0.492125988006592
2.01224851608276 -0.131233602762222 7.87401580810547
2.01224851608276 6.57668025399148E-14 7.87401580810547
-1 1.77635683940025E-15 0
0.164041996002197 6.90498751384182E-14 7.87401580810547
2.01224851608276 6.57668025399148E-14 7.87401580810547
2.01224851608276 -0.131233602762222 7.87401580810547
-2.40444803911364E-29 -1.35358391162299E-14 -1
2.01224851608276 -0.131233602762222 7.87401580810547
0.164041996002197 -0.131233602762222 7.87401580810547
0.164041996002197 6.90498751384182E-14 7.87401580810547
-2.40444803911364E-29 -1.35358391162299E-14 -1
0.164041996002197 -6.80611386612859E-15 0.492125988006592
0.164041996002197 6.90498751384182E-14 7.87401580810547
0.164041996002197 -0.131233602762222 0.492125988006592
1 -1.77635683940025E-15 0
0.164041996002197 -0.131233602762222 7.87401580810547
0.164041996002197 -0.131233602762222 0.492125988006592
0.164041996002197 6.90498751384182E-14 7.87401580810547
1 -1.77635683940025E-15 0
2.01224851608276 -1.00891881586978E-14 0.492125988006592
0.164041996002197 -6.80611386612859E-15 0.492125988006592
0.164041996002197 -0.131233602762222 0.492125988006592
1.20222401955682E-29 6.76791955811495E-15 1
0.164041996002197 -0.131233602762222 0.492125988006592
2.01224851608276 -0.131233602762222 0.492125988006592
2.01224851608276 -1.00891881586978E-14 0.492125988006592
1.20222401955682E-29 6.76791955811495E-15 1
2.01224851608276 -0.0328084006905556 7.87401580810547
2.01224851608276 -0.0328084006905556 0.492125988006592
0.164041996002197 -0.0328084006905556 0.492125988006592
1.77635683940025E-15 1 -1.02752821442426E-14
0.164041996002197 -0.0328084006905556 0.492125988006592
0.164041996002197 -0.0328084006905556 7.87401580810547
2.01224851608276 -0.0328084006905556 7.87401580810547
1.77635683940025E-15 1 -1.02752821442426E-14
0.164041996002197 -0.0984251946210861 7.87401580810547
0.164041996002197 -0.0984251946210861 0.492125988006592
2.01224851608276 -0.0984251946210861 0.492125988006592
-1.77635683940025E-15 -1 1.02752821442426E-14
2.01224851608276 -0.0984251946210861 0.492125988006592
2.01224851608276 -0.0984251946210861 7.87401580810547
0.164041996002197 -0.0984251946210861 7.87401580810547
-1.77635683940025E-15 -1 1.02752821442426E-14
0.164041996002197 -0.0328084006905556 0.492125988006592
2.01224851608276 -0.0328084006905556 0.492125988006592
2.01224851608276 -0.0984251946210861 0.492125988006592
-1.80333602933523E-29 -1.01518793371724E-14 -1
2.01224851608276 -0.0984251946210861 0.492125988006592
0.164041996002197 -0.0984251946210861 0.492125988006592
0.164041996002197 -0.0328084006905556 0.492125988006592
-1.80333602933523E-29 -1.01518793371724E-14 -1
0.164041996002197 -0.0328084006905556 7.87401580810547
0.164041996002197 -0.0328084006905556 0.492125988006592
0.164041996002197 -0.0984251946210861 0.492125988006592
-1 1.77635683940025E-15 0
0.164041996002197 -0.0984251946210861 0.492125988006592
0.164041996002197 -0.0984251946210861 7.87401580810547
0.164041996002197 -0.0328084006905556 7.87401580810547
-1 1.77635683940025E-15 0
2.01224851608276 -0.0328084006905556 7.87401580810547
0.164041996002197 -0.0328084006905556 7.87401580810547
0.164041996002197 -0.0984251946210861 7.87401580810547
2.40444803911364E-29 1.35358391162299E-14 1
0.164041996002197 -0.0984251946210861 7.87401580810547
2.01224851608276 -0.0984251946210861 7.87401580810547
2.01224851608276 -0.0328084006905556 7.87401580810547
2.40444803911364E-29 1.35358391162299E-14 1
2.01224851608276 -0.0328084006905556 0.492125988006592
2.01224851608276 -0.0328084006905556 7.87401580810547
2.01224851608276 -0.0984251946210861 0.492125988006592
1 -1.77635683940025E-15 0
2.01224851608276 -0.0984251946210861 7.87401580810547
2.01224851608276 -0.0984251946210861 0.492125988006592
2.01224851608276 -0.0328084006905556 7.87401580810547
1 -1.77635683940025E-15 0
4.35258102416992 6.88338275267597E-14 8.20209980010986
4.18853902816772 6.57540699406517E-14 7.87401580810547
2.34033250808716 6.90371425391551E-14 7.87401580810547
1.77635683940025E-15 1 -1.02752821442426E-14
4.18853902816772 6.57540699406517E-14 7.87401580810547
4.35258102416992 6.88338275267597E-14 8.20209980010986
4.18853902816772 -1.00969308868687E-14 0.492125988006592
1.77635683940025E-15 1 -1.02752821442426E-14
2.17629051208496 7.26996926742919E-14 8.20209980010986
2.34033250808716 6.90371425391551E-14 7.87401580810547
2.34033250808716 -6.81385659429944E-15 0.492125988006592
1.77635683940025E-15 1 -1.02752821442426E-14
2.34033250808716 6.90371425391551E-14 7.87401580810547
2.17629051208496 7.26996926742919E-14 8.20209980010986
4.35258102416992 6.88338275267597E-14 8.20209980010986
1.77635683940025E-15 1 -1.02752821442426E-14
4.18853902816772 -1.00969308868687E-14 0.492125988006592
4.35258102416992 -1.54450613404486E-14 -8.88178419700125E-15
2.34033250808716 -6.81385659429944E-15 0.492125988006592
1.77635683940025E-15 1 -1.02752821442426E-14
4.35258102416992 -1.54450613404486E-14 -8.88178419700125E-15
4.18853902816772 -1.00969308868687E-14 0.492125988006592
4.35258102416992 6.88338275267597E-14 8.20209980010986
1.77635683940025E-15 1 -1.02752821442426E-14
2.34033250808716 -6.81385659429944E-15 0.492125988006592
2.17629051208496 -1.15791928047846E-14 -7.105427357601E-15
2.17629051208496 7.26996926742919E-14 8.20209980010986
1.77635683940025E-15 1 -1.02752821442426E-14
2.17629051208496 -1.15791928047846E-14 -7.105427357601E-15
2.34033250808716 -6.81385659429944E-15 0.492125988006592
4.35258102416992 -1.54450613404486E-14 -8.88178419700125E-15
1.77635683940025E-15 1 -1.02752821442426E-14
4.35258102416992 -0.131233602762222 -7.105427357601E-15
4.18853902816772 -0.131233602762222 0.492125988006592
2.34033250808716 -0.131233602762222 0.492125988006592
-1.77635683940025E-15 -1 1.02752821442426E-14
4.18853902816772 -0.131233602762222 0.492125988006592
4.35258102416992 -0.131233602762222 -7.105427357601E-15
4.35258102416992 -0.131233602762222 8.20209980010986
-1.77635683940025E-15 -1 1.02752821442426E-14
2.17629051208496 -0.131233602762222 -7.105427357601E-15
2.34033250808716 -0.131233602762222 0.492125988006592
2.17629051208496 -0.131233602762222 8.20209980010986
-1.77635683940025E-15 -1 1.02752821442426E-14
2.34033250808716 -0.131233602762222 0.492125988006592
2.17629051208496 -0.131233602762222 -7.105427357601E-15
4.35258102416992 -0.131233602762222 -7.105427357601E-15
-1.77635683940025E-15 -1 1.02752821442426E-14
4.18853902816772 -0.131233602762222 7.87401580810547
4.35258102416992 -0.131233602762222 8.20209980010986
2.34033250808716 -0.131233602762222 7.87401580810547
-1.77635683940025E-15 -1 1.02752821442426E-14
4.35258102416992 -0.131233602762222 8.20209980010986
4.18853902816772 -0.131233602762222 7.87401580810547
4.18853902816772 -0.131233602762222 0.492125988006592
-1.77635683940025E-15 -1 1.02752821442426E-14
2.34033250808716 -0.131233602762222 7.87401580810547
2.17629051208496 -0.131233602762222 8.20209980010986
2.34033250808716 -0.131233602762222 0.492125988006592
-1.77635683940025E-15 -1 1.02752821442426E-14
2.17629051208496 -0.131233602762222 8.20209980010986
2.34033250808716 -0.131233602762222 7.87401580810547
4.35258102416992 -0.131233602762222 8.20209980010986
-1.77635683940025E-15 -1 1.02752821442426E-14
4.35258102416992 -1.54321000422897E-14 -8.88178419700125E-15
4.35258102416992 6.88338275267597E-14 8.20209980010986
4.35258102416992 -0.131233602762222 -7.105427357601E-15
1 -1.77635683940025E-15 0
4.35258102416992 -0.131233602762222 8.20209980010986
4.35258102416992 -0.131233602762222 -7.105427357601E-15
4.35258102416992 6.88338275267597E-14 8.20209980010986
1 -1.77635683940025E-15 0
2.17629051208496 -1.15662315066257E-14 -7.99360577730113E-15
4.35258102416992 -1.54321000422897E-14 -8.88178419700125E-15
4.35258102416992 -0.131233602762222 -7.105427357601E-15
-4.08115752248119E-16 -1.35358391162299E-14 -1
4.35258102416992 -0.131233602762222 -7.105427357601E-15
2.17629051208496 -0.131233602762222 -6.21724893790088E-15
2.17629051208496 -1.15662315066257E-14 -7.99360577730113E-15
-4.08115752248119E-16 -1.35358391162299E-14 -1
2.17629051208496 7.26996926742919E-14 8.20209980010986
2.17629051208496 -1.15662315066257E-14 -7.105427357601E-15
2.17629051208496 -0.131233602762222 8.20209980010986
-1 1.77635683940025E-15 0
2.17629051208496 -0.131233602762222 -7.105427357601E-15
2.17629051208496 -0.131233602762222 8.20209980010986
2.17629051208496 -1.15662315066257E-14 -7.105427357601E-15
-1 1.77635683940025E-15 0
4.35258102416992 6.88338275267597E-14 8.20209980010986
2.17629051208496 7.26996926742919E-14 8.20209980010986
2.17629051208496 -0.131233602762222 8.20209980010986
2.40444803911364E-29 1.35358391162299E-14 1
2.17629051208496 -0.131233602762222 8.20209980010986
4.35258102416992 -0.131233602762222 8.20209980010986
4.35258102416992 6.88338275267597E-14 8.20209980010986
2.40444803911364E-29 1.35358391162299E-14 1
4.18853902816772 6.57668025399148E-14 7.87401580810547
4.18853902816772 -1.00891881586978E-14 0.492125988006592
4.18853902816772 -0.131233602762222 0.492125988006592
-1 1.77635683940025E-15 0
4.18853902816772 -0.131233602762222 0.492125988006592
4.18853902816772 -0.131233602762222 7.87401580810547
4.18853902816772 6.57668025399148E-14 7.87401580810547
-1 1.77635683940025E-15 0
2.34033250808716 6.90498751384182E-14 7.87401580810547
4.18853902816772 6.57668025399148E-14 7.87401580810547
4.18853902816772 -0.131233602762222 7.87401580810547
-2.40444803911364E-29 -1.35358391162299E-14 -1
4.18853902816772 -0.131233602762222 7.87401580810547
2.34033250808716 -0.131233602762222 7.87401580810547
2.34033250808716 6.90498751384182E-14 7.87401580810547
-2.40444803911364E-29 -1.35358391162299E-14 -1
2.34033250808716 -6.80611386612859E-15 0.492125988006592
2.34033250808716 6.90498751384182E-14 7.87401580810547
2.34033250808716 -0.131233602762222 0.492125988006592
1 -1.77635683940025E-15 0
2.34033250808716 -0.131233602762222 7.87401580810547
2.34033250808716 -0.131233602762222 0.492125988006592
2.34033250808716 6.90498751384182E-14 7.87401580810547
1 -1.77635683940025E-15 0
4.18853902816772 -1.00891881586978E-14 0.492125988006592
2.34033250808716 -6.80611386612859E-15 0.492125988006592
2.34033250808716 -0.131233602762222 0.492125988006592
1.20222401955682E-29 6.76791955811495E-15 1
2.34033250808716 -0.131233602762222 0.492125988006592
4.18853902816772 -0.131233602762222 0.492125988006592
4.18853902816772 -1.00891881586978E-14 0.492125988006592
1.20222401955682E-29 6.76791955811495E-15 1
4.18853902816772 -0.0328084006905556 7.87401580810547
4.18853902816772 -0.0328084006905556 0.492125988006592
2.34033250808716 -0.0328084006905556 0.492125988006592
1.77635683940025E-15 1 -1.02752821442426E-14
2.34033250808716 -0.0328084006905556 0.492125988006592
2.34033250808716 -0.0328084006905556 7.87401580810547
4.18853902816772 -0.0328084006905556 7.87401580810547
1.77635683940025E-15 1 -1.02752821442426E-14
2.34033250808716 -0.0984251946210861 7.87401580810547
2.34033250808716 -0.0984251946210861 0.492125988006592
4.18853902816772 -0.0984251946210861 0.492125988006592
-1.77635683940025E-15 -1 1.02752821442426E-14
4.18853902816772 -0.0984251946210861 0.492125988006592
4.18853902816772 -0.0984251946210861 7.87401580810547
2.34033250808716 -0.0984251946210861 7.87401580810547
-1.77635683940025E-15 -1 1.02752821442426E-14
2.34033250808716 -0.0328084006905556 0.492125988006592
4.18853902816772 -0.0328084006905556 0.492125988006592
4.18853902816772 -0.0984251946210861 0.492125988006592
-1.80333602933523E-29 -1.01518793371724E-14 -1
4.18853902816772 -0.0984251946210861 0.492125988006592
2.34033250808716 -0.0984251946210861 0.492125988006592
2.34033250808716 -0.0328084006905556 0.492125988006592
-1.80333602933523E-29 -1.01518793371724E-14 -1
2.34033250808716 -0.0328084006905556 7.87401580810547
2.34033250808716 -0.0328084006905556 0.492125988006592
2.34033250808716 -0.0984251946210861 0.492125988006592
-1 1.77635683940025E-15 0
2.34033250808716 -0.0984251946210861 0.492125988006592
2.34033250808716 -0.0984251946210861 7.87401580810547
2.34033250808716 -0.0328084006905556 7.87401580810547
-1 1.77635683940025E-15 0
4.18853902816772 -0.0328084006905556 7.87401580810547
2.34033250808716 -0.0328084006905556 7.87401580810547
2.34033250808716 -0.0984251946210861 7.87401580810547
2.40444803911364E-29 1.35358391162299E-14 1
2.34033250808716 -0.0984251946210861 7.87401580810547
4.18853902816772 -0.0984251946210861 7.87401580810547
4.18853902816772 -0.0328084006905556 7.87401580810547
2.40444803911364E-29 1.35358391162299E-14 1
4.18853902816772 -0.0328084006905556 0.492125988006592
4.18853902816772 -0.0328084006905556 7.87401580810547
4.18853902816772 -0.0984251946210861 0.492125988006592
1 -1.77635683940025E-15 0
4.18853902816772 -0.0984251946210861 7.87401580810547
4.18853902816772 -0.0984251946210861 0.492125988006592
4.18853902816772 -0.0328084006905556 7.87401580810547
1 -1.77635683940025E-15 0
-2.17629051208496 9.0205620750794E-14 8.20209980010986
-2.34033250808716 8.7125863164686E-14 7.87401580810547
-4.18853902816772 9.04089357631893E-14 7.87401580810547
1.77635683940025E-15 1 -1.02752821442426E-14
-2.34033250808716 8.7125863164686E-14 7.87401580810547
-2.17629051208496 9.0205620750794E-14 8.20209980010986
-2.34033250808716 1.12748623371656E-14 0.492125988006592
1.77635683940025E-15 1 -1.02752821442426E-14
-4.35258102416992 9.40714858983262E-14 8.20209980010986
-4.18853902816772 9.04089357631893E-14 7.87401580810547
-4.18853902816772 1.45579366297348E-14 0.492125988006592
1.77635683940025E-15 1 -1.02752821442426E-14
-4.18853902816772 9.04089357631893E-14 7.87401580810547
-4.35258102416992 9.40714858983262E-14 8.20209980010986
-2.17629051208496 9.0205620750794E-14 8.20209980010986
1.77635683940025E-15 1 -1.02752821442426E-14
-2.34033250808716 1.12748623371656E-14 0.492125988006592
-2.17629051208496 5.9267318835857E-15 -8.88178419700125E-15
-4.18853902816772 1.45579366297348E-14 0.492125988006592
1.77635683940025E-15 1 -1.02752821442426E-14
-2.17629051208496 5.9267318835857E-15 -8.88178419700125E-15
-2.34033250808716 1.12748623371656E-14 0.492125988006592
-2.17629051208496 9.0205620750794E-14 8.20209980010986
1.77635683940025E-15 1 -1.02752821442426E-14
-4.18853902816772 1.45579366297348E-14 0.492125988006592
-4.35258102416992 9.7926004192497E-15 -7.105427357601E-15
-4.35258102416992 9.40714858983262E-14 8.20209980010986
1.77635683940025E-15 1 -1.02752821442426E-14
-4.35258102416992 9.7926004192497E-15 -7.105427357601E-15
-4.18853902816772 1.45579366297348E-14 0.492125988006592
-2.17629051208496 5.9267318835857E-15 -8.88178419700125E-15
1.77635683940025E-15 1 -1.02752821442426E-14
-2.17629051208496 -0.131233602762222 -7.105427357601E-15
-2.34033250808716 -0.131233602762222 0.492125988006592
-4.18853902816772 -0.131233602762222 0.492125988006592
-1.77635683940025E-15 -1 1.02752821442426E-14
-2.34033250808716 -0.131233602762222 0.492125988006592
-2.17629051208496 -0.131233602762222 -7.105427357601E-15
-2.17629051208496 -0.131233602762222 8.20209980010986
-1.77635683940025E-15 -1 1.02752821442426E-14
-4.35258102416992 -0.131233602762222 -7.105427357601E-15
-4.18853902816772 -0.131233602762222 0.492125988006592
-4.35258102416992 -0.131233602762222 8.20209980010986
-1.77635683940025E-15 -1 1.02752821442426E-14
-4.18853902816772 -0.131233602762222 0.492125988006592
-4.35258102416992 -0.131233602762222 -7.105427357601E-15
-2.17629051208496 -0.131233602762222 -7.105427357601E-15
-1.77635683940025E-15 -1 1.02752821442426E-14
-2.34033250808716 -0.131233602762222 7.87401580810547
-2.17629051208496 -0.131233602762222 8.20209980010986
-4.18853902816772 -0.131233602762222 7.87401580810547
-1.77635683940025E-15 -1 1.02752821442426E-14
-2.17629051208496 -0.131233602762222 8.20209980010986
-2.34033250808716 -0.131233602762222 7.87401580810547
-2.34033250808716 -0.131233602762222 0.492125988006592
-1.77635683940025E-15 -1 1.02752821442426E-14
-4.18853902816772 -0.131233602762222 7.87401580810547
-4.35258102416992 -0.131233602762222 8.20209980010986
-4.18853902816772 -0.131233602762222 0.492125988006592
-1.77635683940025E-15 -1 1.02752821442426E-14
-4.35258102416992 -0.131233602762222 8.20209980010986
-4.18853902816772 -0.131233602762222 7.87401580810547
-2.17629051208496 -0.131233602762222 8.20209980010986
-1.77635683940025E-15 -1 1.02752821442426E-14
-2.17629051208496 5.93969318174459E-15 -8.88178419700125E-15
-2.17629051208496 9.0205620750794E-14 8.20209980010986
-2.17629051208496 -0.131233602762222 -7.105427357601E-15
1 -1.77635683940025E-15 0
-2.17629051208496 -0.131233602762222 8.20209980010986
-2.17629051208496 -0.131233602762222 -7.105427357601E-15
-2.17629051208496 9.0205620750794E-14 8.20209980010986
1 -1.77635683940025E-15 0
-4.35258102416992 9.80556171740858E-15 -7.99360577730113E-15
-2.17629051208496 5.93969318174459E-15 -8.88178419700125E-15
-2.17629051208496 -0.131233602762222 -7.105427357601E-15
-4.08115752248119E-16 -1.35358391162299E-14 -1
-2.17629051208496 -0.131233602762222 -7.105427357601E-15
-4.35258102416992 -0.131233602762222 -6.21724893790088E-15
-4.35258102416992 9.80556171740858E-15 -7.99360577730113E-15
-4.08115752248119E-16 -1.35358391162299E-14 -1
-4.35258102416992 9.40714858983262E-14 8.20209980010986
-4.35258102416992 9.80556171740858E-15 -7.105427357601E-15
-4.35258102416992 -0.131233602762222 8.20209980010986
-1 1.77635683940025E-15 0
-4.35258102416992 -0.131233602762222 -7.105427357601E-15
-4.35258102416992 -0.131233602762222 8.20209980010986
-4.35258102416992 9.80556171740858E-15 -7.105427357601E-15
-1 1.77635683940025E-15 0
-2.17629051208496 9.0205620750794E-14 8.20209980010986
-4.35258102416992 9.40714858983262E-14 8.20209980010986
-4.35258102416992 -0.131233602762222 8.20209980010986
2.40444803911364E-29 1.35358391162299E-14 1
-4.35258102416992 -0.131233602762222 8.20209980010986
-2.17629051208496 -0.131233602762222 8.20209980010986
-2.17629051208496 9.0205620750794E-14 8.20209980010986
2.40444803911364E-29 1.35358391162299E-14 1
-2.34033250808716 8.71385957639491E-14 7.87401580810547
-2.34033250808716 1.12826050653364E-14 0.492125988006592
-2.34033250808716 -0.131233602762222 0.492125988006592
-1 1.77635683940025E-15 0
-2.34033250808716 -0.131233602762222 0.492125988006592
-2.34033250808716 -0.131233602762222 7.87401580810547
-2.34033250808716 8.71385957639491E-14 7.87401580810547
-1 1.77635683940025E-15 0
-4.18853902816772 9.04216683624524E-14 7.87401580810547
-2.34033250808716 8.71385957639491E-14 7.87401580810547
-2.34033250808716 -0.131233602762222 7.87401580810547
-2.40444803911364E-29 -1.35358391162299E-14 -1
-2.34033250808716 -0.131233602762222 7.87401580810547
-4.18853902816772 -0.131233602762222 7.87401580810547
-4.18853902816772 9.04216683624524E-14 7.87401580810547
-2.40444803911364E-29 -1.35358391162299E-14 -1
-4.18853902816772 1.45656785108727E-14 0.492125988006592
-4.18853902816772 9.04216683624524E-14 7.87401580810547
-4.18853902816772 -0.131233602762222 0.492125988006592
1 -1.77635683940025E-15 0
-4.18853902816772 -0.131233602762222 7.87401580810547
-4.18853902816772 -0.131233602762222 0.492125988006592
-4.18853902816772 9.04216683624524E-14 7.87401580810547
1 -1.77635683940025E-15 0
-2.34033250808716 1.12826050653364E-14 0.492125988006592
-4.18853902816772 1.45656785108727E-14 0.492125988006592
-4.18853902816772 -0.131233602762222 0.492125988006592
1.20222401955682E-29 6.76791955811495E-15 1
-4.18853902816772 -0.131233602762222 0.492125988006592
-2.34033250808716 -0.131233602762222 0.492125988006592
-2.34033250808716 1.12826050653364E-14 0.492125988006592
1.20222401955682E-29 6.76791955811495E-15 1
-2.34033250808716 -0.0328084006905556 7.87401580810547
-2.34033250808716 -0.0328084006905556 0.492125988006592
-4.18853902816772 -0.0328084006905556 0.492125988006592
1.77635683940025E-15 1 -1.02752821442426E-14
-4.18853902816772 -0.0328084006905556 0.492125988006592
-4.18853902816772 -0.0328084006905556 7.87401580810547
-2.34033250808716 -0.0328084006905556 7.87401580810547
1.77635683940025E-15 1 -1.02752821442426E-14
-4.18853902816772 -0.0984251946210861 7.87401580810547
-4.18853902816772 -0.0984251946210861 0.492125988006592
-2.34033250808716 -0.0984251946210861 0.492125988006592
-1.77635683940025E-15 -1 1.02752821442426E-14
-2.34033250808716 -0.0984251946210861 0.492125988006592
-2.34033250808716 -0.0984251946210861 7.87401580810547
-4.18853902816772 -0.0984251946210861 7.87401580810547
-1.77635683940025E-15 -1 1.02752821442426E-14
-4.18853902816772 -0.0328084006905556 0.492125988006592
-2.34033250808716 -0.0328084006905556 0.492125988006592
-2.34033250808716 -0.0984251946210861 0.492125988006592
-1.80333602933523E-29 -1.01518793371724E-14 -1
-2.34033250808716 -0.0984251946210861 0.492125988006592
-4.18853902816772 -0.0984251946210861 0.492125988006592
-4.18853902816772 -0.0328084006905556 0.492125988006592
-1.80333602933523E-29 -1.01518793371724E-14 -1
-4.18853902816772 -0.0328084006905556 7.87401580810547
-4.18853902816772 -0.0328084006905556 0.492125988006592
-4.18853902816772 -0.0984251946210861 0.492125988006592
-1 1.77635683940025E-15 0
-4.18853902816772 -0.0984251946210861 0.492125988006592
-4.18853902816772 -0.0984251946210861 7.87401580810547
-4.18853902816772 -0.0328084006905556 7.87401580810547
-1 1.77635683940025E-15 0
-2.34033250808716 -0.0328084006905556 7.87401580810547
-4.18853902816772 -0.0328084006905556 7.87401580810547
-4.18853902816772 -0.0984251946210861 7.87401580810547
2.40444803911364E-29 1.35358391162299E-14 1
-4.18853902816772 -0.0984251946210861 7.87401580810547
-2.34033250808716 -0.0984251946210861 7.87401580810547
-2.34033250808716 -0.0328084006905556 7.87401580810547
2.40444803911364E-29 1.35358391162299E-14 1
-2.34033250808716 -0.0328084006905556 0.492125988006592
-2.34033250808716 -0.0328084006905556 7.87401580810547
-2.34033250808716 -0.0984251946210861 0.492125988006592
1 -1.77635683940025E-15 0
-2.34033250808716 -0.0984251946210861 7.87401580810547
-2.34033250808716 -0.0984251946210861 0.492125988006592
-2.34033250808716 -0.0328084006905556 7.87401580810547
1 -1.77635683940025E-15 0
6.52887153625488 6.59472476627343E-14 8.20209980010986
6.36482954025269 6.28674900766263E-14 7.87401580810547
4.51662302017212 6.61505626751296E-14 7.87401580810547
1.77635683940025E-15 1 -1.02752821442426E-14
6.36482954025269 6.28674900766263E-14 7.87401580810547
6.52887153625488 6.59472476627343E-14 8.20209980010986
6.36482954025269 -1.29835107508941E-14 0.492125988006592
1.77635683940025E-15 1 -1.02752821442426E-14
4.35258102416992 6.98131128102665E-14 8.20209980010986
4.51662302017212 6.61505626751296E-14 7.87401580810547
4.51662302017212 -9.70043645832485E-15 0.492125988006592
1.77635683940025E-15 1 -1.02752821442426E-14
4.51662302017212 6.61505626751296E-14 7.87401580810547
4.35258102416992 6.98131128102665E-14 8.20209980010986
6.52887153625488 6.59472476627343E-14 8.20209980010986
1.77635683940025E-15 1 -1.02752821442426E-14
6.36482954025269 -1.29835107508941E-14 0.492125988006592
6.52887153625488 -1.8331641204474E-14 -8.88178419700125E-15
4.51662302017212 -9.70043645832485E-15 0.492125988006592
1.77635683940025E-15 1 -1.02752821442426E-14
6.52887153625488 -1.8331641204474E-14 -8.88178419700125E-15
6.36482954025269 -1.29835107508941E-14 0.492125988006592
6.52887153625488 6.59472476627343E-14 8.20209980010986
1.77635683940025E-15 1 -1.02752821442426E-14
4.51662302017212 -9.70043645832485E-15 0.492125988006592
4.35258102416992 -1.446577266881E-14 -7.105427357601E-15
4.35258102416992 6.98131128102665E-14 8.20209980010986
1.77635683940025E-15 1 -1.02752821442426E-14
4.35258102416992 -1.446577266881E-14 -7.105427357601E-15
4.51662302017212 -9.70043645832485E-15 0.492125988006592
6.52887153625488 -1.8331641204474E-14 -8.88178419700125E-15
1.77635683940025E-15 1 -1.02752821442426E-14
6.52887153625488 -0.131233602762222 -7.105427357601E-15
6.36482954025269 -0.131233602762222 0.492125988006592
4.51662302017212 -0.131233602762222 0.492125988006592
-1.77635683940025E-15 -1 1.02752821442426E-14
6.36482954025269 -0.131233602762222 0.492125988006592
6.52887153625488 -0.131233602762222 -7.105427357601E-15
6.52887153625488 -0.131233602762222 8.20209980010986
-1.77635683940025E-15 -1 1.02752821442426E-14
4.35258102416992 -0.131233602762222 -7.105427357601E-15
4.51662302017212 -0.131233602762222 0.492125988006592
4.35258102416992 -0.131233602762222 8.20209980010986
-1.77635683940025E-15 -1 1.02752821442426E-14
4.51662302017212 -0.131233602762222 0.492125988006592
4.35258102416992 -0.131233602762222 -7.105427357601E-15
6.52887153625488 -0.131233602762222 -7.105427357601E-15
-1.77635683940025E-15 -1 1.02752821442426E-14
6.36482954025269 -0.131233602762222 7.87401580810547
6.52887153625488 -0.131233602762222 8.20209980010986
4.51662302017212 -0.131233602762222 7.87401580810547
-1.77635683940025E-15 -1 1.02752821442426E-14
6.52887153625488 -0.131233602762222 8.20209980010986
6.36482954025269 -0.131233602762222 7.87401580810547
6.36482954025269 -0.131233602762222 0.492125988006592
-1.77635683940025E-15 -1 1.02752821442426E-14
4.51662302017212 -0.131233602762222 7.87401580810547
4.35258102416992 -0.131233602762222 8.20209980010986
4.51662302017212 -0.131233602762222 0.492125988006592
-1.77635683940025E-15 -1 1.02752821442426E-14
4.35258102416992 -0.131233602762222 8.20209980010986
4.51662302017212 -0.131233602762222 7.87401580810547
6.52887153625488 -0.131233602762222 8.20209980010986
-1.77635683940025E-15 -1 1.02752821442426E-14
6.52887153625488 -1.83186799063151E-14 -8.88178419700125E-15
6.52887153625488 6.59472476627343E-14 8.20209980010986
6.52887153625488 -0.131233602762222 -7.105427357601E-15
1 -1.77635683940025E-15 0
6.52887153625488 -0.131233602762222 8.20209980010986
6.52887153625488 -0.131233602762222 -7.105427357601E-15
6.52887153625488 6.59472476627343E-14 8.20209980010986
1 -1.77635683940025E-15 0
4.35258102416992 -1.44528113706511E-14 -7.99360577730113E-15
6.52887153625488 -1.83186799063151E-14 -8.88178419700125E-15
6.52887153625488 -0.131233602762222 -7.105427357601E-15
-4.08115752248119E-16 -1.35358391162299E-14 -1
6.52887153625488 -0.131233602762222 -7.105427357601E-15
4.35258102416992 -0.131233602762222 -6.21724893790088E-15
4.35258102416992 -1.44528113706511E-14 -7.99360577730113E-15
-4.08115752248119E-16 -1.35358391162299E-14 -1
4.35258102416992 6.98131128102665E-14 8.20209980010986
4.35258102416992 -1.44528113706511E-14 -7.105427357601E-15
4.35258102416992 -0.131233602762222 8.20209980010986
-1 1.77635683940025E-15 0
4.35258102416992 -0.131233602762222 -7.105427357601E-15
4.35258102416992 -0.131233602762222 8.20209980010986
4.35258102416992 -1.44528113706511E-14 -7.105427357601E-15
-1 1.77635683940025E-15 0
6.52887153625488 6.59472476627343E-14 8.20209980010986
4.35258102416992 6.98131128102665E-14 8.20209980010986
4.35258102416992 -0.131233602762222 8.20209980010986
2.40444803911364E-29 1.35358391162299E-14 1
4.35258102416992 -0.131233602762222 8.20209980010986
6.52887153625488 -0.131233602762222 8.20209980010986
6.52887153625488 6.59472476627343E-14 8.20209980010986
2.40444803911364E-29 1.35358391162299E-14 1
6.36482954025269 6.28802226758894E-14 7.87401580810547
6.36482954025269 -1.29757680227232E-14 0.492125988006592
6.36482954025269 -0.131233602762222 0.492125988006592
-1 1.77635683940025E-15 0
6.36482954025269 -0.131233602762222 0.492125988006592
6.36482954025269 -0.131233602762222 7.87401580810547
6.36482954025269 6.28802226758894E-14 7.87401580810547
-1 1.77635683940025E-15 0
4.51662302017212 6.61632952743928E-14 7.87401580810547
6.36482954025269 6.28802226758894E-14 7.87401580810547
6.36482954025269 -0.131233602762222 7.87401580810547
-2.40444803911364E-29 -1.35358391162299E-14 -1
6.36482954025269 -0.131233602762222 7.87401580810547
4.51662302017212 -0.131233602762222 7.87401580810547
4.51662302017212 6.61632952743928E-14 7.87401580810547
-2.40444803911364E-29 -1.35358391162299E-14 -1
4.51662302017212 -9.692693730154E-15 0.492125988006592
4.51662302017212 6.61632952743928E-14 7.87401580810547
4.51662302017212 -0.131233602762222 0.492125988006592
1 -1.77635683940025E-15 0
4.51662302017212 -0.131233602762222 7.87401580810547
4.51662302017212 -0.131233602762222 0.492125988006592
4.51662302017212 6.61632952743928E-14 7.87401580810547
1 -1.77635683940025E-15 0
6.36482954025269 -1.29757680227232E-14 0.492125988006592
4.51662302017212 -9.692693730154E-15 0.492125988006592
4.51662302017212 -0.131233602762222 0.492125988006592
1.20222401955682E-29 6.76791955811495E-15 1
4.51662302017212 -0.131233602762222 0.492125988006592
6.36482954025269 -0.131233602762222 0.492125988006592
6.36482954025269 -1.29757680227232E-14 0.492125988006592
1.20222401955682E-29 6.76791955811495E-15 1
6.36482954025269 -0.0328084006905556 7.87401580810547
6.36482954025269 -0.0328084006905556 0.492125988006592
4.51662302017212 -0.0328084006905556 0.492125988006592
1.77635683940025E-15 1 -1.02752821442426E-14
4.51662302017212 -0.0328084006905556 0.492125988006592
4.51662302017212 -0.0328084006905556 7.87401580810547
6.36482954025269 -0.0328084006905556 7.87401580810547
1.77635683940025E-15 1 -1.02752821442426E-14
4.51662302017212 -0.0984251946210861 7.87401580810547
4.51662302017212 -0.0984251946210861 0.492125988006592
6.36482954025269 -0.0984251946210861 0.492125988006592
-1.77635683940025E-15 -1 1.02752821442426E-14
6.36482954025269 -0.0984251946210861 0.492125988006592
6.36482954025269 -0.0984251946210861 7.87401580810547
4.51662302017212 -0.0984251946210861 7.87401580810547
-1.77635683940025E-15 -1 1.02752821442426E-14
4.51662302017212 -0.0328084006905556 0.492125988006592
6.36482954025269 -0.0328084006905556 0.492125988006592
6.36482954025269 -0.0984251946210861 0.492125988006592
-1.80333602933523E-29 -1.01518793371724E-14 -1
6.36482954025269 -0.0984251946210861 0.492125988006592
4.51662302017212 -0.0984251946210861 0.492125988006592
4.51662302017212 -0.0328084006905556 0.492125988006592
-1.80333602933523E-29 -1.01518793371724E-14 -1
4.51662302017212 -0.0328084006905556 7.87401580810547
4.51662302017212 -0.0328084006905556 0.492125988006592
4.51662302017212 -0.0984251946210861 0.492125988006592
-1 1.77635683940025E-15 0
4.51662302017212 -0.0984251946210861 0.492125988006592
4.51662302017212 -0.0984251946210861 7.87401580810547
4.51662302017212 -0.0328084006905556 7.87401580810547
-1 1.77635683940025E-15 0
6.36482954025269 -0.0328084006905556 7.87401580810547
4.51662302017212 -0.0328084006905556 7.87401580810547
4.51662302017212 -0.0984251946210861 7.87401580810547
2.40444803911364E-29 1.35358391162299E-14 1
4.51662302017212 -0.0984251946210861 7.87401580810547
6.36482954025269 -0.0984251946210861 7.87401580810547
6.36482954025269 -0.0328084006905556 7.87401580810547
2.40444803911364E-29 1.35358391162299E-14 1
6.36482954025269 -0.0328084006905556 0.492125988006592
6.36482954025269 -0.0328084006905556 7.87401580810547
6.36482954025269 -0.0984251946210861 0.492125988006592
1 -1.77635683940025E-15 0
6.36482954025269 -0.0984251946210861 7.87401580810547
6.36482954025269 -0.0984251946210861 0.492125988006592
6.36482954025269 -0.0328084006905556 7.87401580810547
1 -1.77635683940025E-15 0
-4.35258102416992 9.6339602961848E-14 8.20209980010986
-4.51662302017212 9.32598453757399E-14 7.87401580810547
-6.36482954025269 9.65429179742433E-14 7.87401580810547
1.77635683940025E-15 1 -1.02752821442426E-14
-4.51662302017212 9.32598453757399E-14 7.87401580810547
-4.35258102416992 9.6339602961848E-14 8.20209980010986
-4.51662302017212 1.74088445482196E-14 0.492125988006592
1.77635683940025E-15 1 -1.02752821442426E-14
-6.52887153625488 1.0020546810938E-13 8.20209980010986
-6.36482954025269 9.65429179742433E-14 7.87401580810547
-6.36482954025269 2.06919188407888E-14 0.492125988006592
1.77635683940025E-15 1 -1.02752821442426E-14
-6.36482954025269 9.65429179742433E-14 7.87401580810547
-6.52887153625488 1.0020546810938E-13 8.20209980010986
-4.35258102416992 9.6339602961848E-14 8.20209980010986
1.77635683940025E-15 1 -1.02752821442426E-14
-4.51662302017212 1.74088445482196E-14 0.492125988006592
-4.35258102416992 1.20607140946397E-14 -8.88178419700125E-15
-6.36482954025269 2.06919188407888E-14 0.492125988006592
1.77635683940025E-15 1 -1.02752821442426E-14
-4.35258102416992 1.20607140946397E-14 -8.88178419700125E-15
-4.51662302017212 1.74088445482196E-14 0.492125988006592
-4.35258102416992 9.6339602961848E-14 8.20209980010986
1.77635683940025E-15 1 -1.02752821442426E-14
-6.36482954025269 2.06919188407888E-14 0.492125988006592
-6.52887153625488 1.59265826303037E-14 -7.105427357601E-15
-6.52887153625488 1.0020546810938E-13 8.20209980010986
1.77635683940025E-15 1 -1.02752821442426E-14
-6.52887153625488 1.59265826303037E-14 -7.105427357601E-15
-6.36482954025269 2.06919188407888E-14 0.492125988006592
-4.35258102416992 1.20607140946397E-14 -8.88178419700125E-15
1.77635683940025E-15 1 -1.02752821442426E-14
-4.35258102416992 -0.131233602762222 -7.105427357601E-15
-4.51662302017212 -0.131233602762222 0.492125988006592
-6.36482954025269 -0.131233602762222 0.492125988006592
-1.77635683940025E-15 -1 1.02752821442426E-14
-4.51662302017212 -0.131233602762222 0.492125988006592
-4.35258102416992 -0.131233602762222 -7.105427357601E-15
-4.35258102416992 -0.131233602762222 8.20209980010986
-1.77635683940025E-15 -1 1.02752821442426E-14
-6.52887153625488 -0.131233602762222 -7.105427357601E-15
-6.36482954025269 -0.131233602762222 0.492125988006592
-6.52887153625488 -0.131233602762222 8.20209980010986
-1.77635683940025E-15 -1 1.02752821442426E-14
-6.36482954025269 -0.131233602762222 0.492125988006592
-6.52887153625488 -0.131233602762222 -7.105427357601E-15
-4.35258102416992 -0.131233602762222 -7.105427357601E-15
-1.77635683940025E-15 -1 1.02752821442426E-14
-4.51662302017212 -0.131233602762222 7.87401580810547
-4.35258102416992 -0.131233602762222 8.20209980010986
-6.36482954025269 -0.131233602762222 7.87401580810547
-1.77635683940025E-15 -1 1.02752821442426E-14
-4.35258102416992 -0.131233602762222 8.20209980010986
-4.51662302017212 -0.131233602762222 7.87401580810547
-4.51662302017212 -0.131233602762222 0.492125988006592
-1.77635683940025E-15 -1 1.02752821442426E-14
-6.36482954025269 -0.131233602762222 7.87401580810547
-6.52887153625488 -0.131233602762222 8.20209980010986
-6.36482954025269 -0.131233602762222 0.492125988006592
-1.77635683940025E-15 -1 1.02752821442426E-14
-6.52887153625488 -0.131233602762222 8.20209980010986
-6.36482954025269 -0.131233602762222 7.87401580810547
-4.35258102416992 -0.131233602762222 8.20209980010986
-1.77635683940025E-15 -1 1.02752821442426E-14
-4.35258102416992 1.20736753927986E-14 -8.88178419700125E-15
-4.35258102416992 9.6339602961848E-14 8.20209980010986
-4.35258102416992 -0.131233602762222 -7.105427357601E-15
1 -1.77635683940025E-15 0
-4.35258102416992 -0.131233602762222 8.20209980010986
-4.35258102416992 -0.131233602762222 -7.105427357601E-15
-4.35258102416992 9.6339602961848E-14 8.20209980010986
1 -1.77635683940025E-15 0
-6.52887153625488 1.59395439284626E-14 -7.99360577730113E-15
-4.35258102416992 1.20736753927986E-14 -8.88178419700125E-15
-4.35258102416992 -0.131233602762222 -7.105427357601E-15
-4.08115752248119E-16 -1.35358391162299E-14 -1
-4.35258102416992 -0.131233602762222 -7.105427357601E-15
-6.52887153625488 -0.131233602762222 -6.21724893790088E-15
-6.52887153625488 1.59395439284626E-14 -7.99360577730113E-15
-4.08115752248119E-16 -1.35358391162299E-14 -1
-6.52887153625488 1.0020546810938E-13 8.20209980010986
-6.52887153625488 1.59395439284626E-14 -7.105427357601E-15
-6.52887153625488 -0.131233602762222 8.20209980010986
-1 1.77635683940025E-15 0
-6.52887153625488 -0.131233602762222 -7.105427357601E-15
-6.52887153625488 -0.131233602762222 8.20209980010986
-6.52887153625488 1.59395439284626E-14 -7.105427357601E-15
-1 1.77635683940025E-15 0
-4.35258102416992 9.6339602961848E-14 8.20209980010986
-6.52887153625488 1.0020546810938E-13 8.20209980010986
-6.52887153625488 -0.131233602762222 8.20209980010986
2.40444803911364E-29 1.35358391162299E-14 1
-6.52887153625488 -0.131233602762222 8.20209980010986
-4.35258102416992 -0.131233602762222 8.20209980010986
-4.35258102416992 9.6339602961848E-14 8.20209980010986
2.40444803911364E-29 1.35358391162299E-14 1
-4.51662302017212 9.32725779750031E-14 7.87401580810547
-4.51662302017212 1.74165864293575E-14 0.492125988006592
-4.51662302017212 -0.131233602762222 0.492125988006592
-1 1.77635683940025E-15 0
-4.51662302017212 -0.131233602762222 0.492125988006592
-4.51662302017212 -0.131233602762222 7.87401580810547
-4.51662302017212 9.32725779750031E-14 7.87401580810547
-1 1.77635683940025E-15 0
-6.36482954025269 9.65556505735064E-14 7.87401580810547
-4.51662302017212 9.32725779750031E-14 7.87401580810547
-4.51662302017212 -0.131233602762222 7.87401580810547
-2.40444803911364E-29 -1.35358391162299E-14 -1
-4.51662302017212 -0.131233602762222 7.87401580810547
-6.36482954025269 -0.131233602762222 7.87401580810547
-6.36482954025269 9.65556505735064E-14 7.87401580810547
-2.40444803911364E-29 -1.35358391162299E-14 -1
-6.36482954025269 2.06996607219267E-14 0.492125988006592
-6.36482954025269 9.65556505735064E-14 7.87401580810547
-6.36482954025269 -0.131233602762222 0.492125988006592
1 -1.77635683940025E-15 0
-6.36482954025269 -0.131233602762222 7.87401580810547
-6.36482954025269 -0.131233602762222 0.492125988006592
-6.36482954025269 9.65556505735064E-14 7.87401580810547
1 -1.77635683940025E-15 0
-4.51662302017212 1.74165864293575E-14 0.492125988006592
-6.36482954025269 2.06996607219267E-14 0.492125988006592
-6.36482954025269 -0.131233602762222 0.492125988006592
1.20222401955682E-29 6.76791955811495E-15 1
-6.36482954025269 -0.131233602762222 0.492125988006592
-4.51662302017212 -0.131233602762222 0.492125988006592
-4.51662302017212 1.74165864293575E-14 0.492125988006592
1.20222401955682E-29 6.76791955811495E-15 1
-4.51662302017212 -0.0328084006905556 7.87401580810547
-4.51662302017212 -0.0328084006905556 0.492125988006592
-6.36482954025269 -0.0328084006905556 0.492125988006592
1.77635683940025E-15 1 -1.02752821442426E-14
-6.36482954025269 -0.0328084006905556 0.492125988006592
-6.36482954025269 -0.0328084006905556 7.87401580810547
-4.51662302017212 -0.0328084006905556 7.87401580810547
1.77635683940025E-15 1 -1.02752821442426E-14
-6.36482954025269 -0.0984251946210861 7.87401580810547
-6.36482954025269 -0.0984251946210861 0.492125988006592
-4.51662302017212 -0.0984251946210861 0.492125988006592
-1.77635683940025E-15 -1 1.02752821442426E-14
-4.51662302017212 -0.0984251946210861 0.492125988006592
-4.51662302017212 -0.0984251946210861 7.87401580810547
-6.36482954025269 -0.0984251946210861 7.87401580810547
-1.77635683940025E-15 -1 1.02752821442426E-14
-6.36482954025269 -0.0328084006905556 0.492125988006592
-4.51662302017212 -0.0328084006905556 0.492125988006592
-4.51662302017212 -0.0984251946210861 0.492125988006592
-1.80333602933523E-29 -1.01518793371724E-14 -1
-4.51662302017212 -0.0984251946210861 0.492125988006592
-6.36482954025269 -0.0984251946210861 0.492125988006592
-6.36482954025269 -0.0328084006905556 0.492125988006592
-1.80333602933523E-29 -1.01518793371724E-14 -1
-6.36482954025269 -0.0328084006905556 7.87401580810547
-6.36482954025269 -0.0328084006905556 0.492125988006592
-6.36482954025269 -0.0984251946210861 0.492125988006592
-1 1.77635683940025E-15 0
-6.36482954025269 -0.0984251946210861 0.492125988006592
-6.36482954025269 -0.0984251946210861 7.87401580810547
-6.36482954025269 -0.0328084006905556 7.87401580810547
-1 1.77635683940025E-15 0
-4.51662302017212 -0.0328084006905556 7.87401580810547
-6.36482954025269 -0.0328084006905556 7.87401580810547
-6.36482954025269 -0.0984251946210861 7.87401580810547
2.40444803911364E-29 1.35358391162299E-14 1
-6.36482954025269 -0.0984251946210861 7.87401580810547
-4.51662302017212 -0.0984251946210861 7.87401580810547
-4.51662302017212 -0.0328084006905556 7.87401580810547
2.40444803911364E-29 1.35358391162299E-14 1
-4.51662302017212 -0.0328084006905556 0.492125988006592
-4.51662302017212 -0.0328084006905556 7.87401580810547
-4.51662302017212 -0.0984251946210861 0.492125988006592
1 -1.77635683940025E-15 0
-4.51662302017212 -0.0984251946210861 7.87401580810547
-4.51662302017212 -0.0984251946210861 0.492125988006592
-4.51662302017212 -0.0328084006905556 7.87401580810547
1 -1.77635683940025E-15 0
-3.99312782287598 2.12043929100037 8.20209980010986
-3.96464204788208 1.95888936519623 7.87401580810547
-3.64370441436768 0.138761356472969 7.87401580810547
-0.984807753012209 -0.173648177666927 1.02752821442426E-14
-3.96464204788208 1.95888936519623 7.87401580810547
-3.99312782287598 2.12043929100037 8.20209980010986
-3.96464204788208 1.95888936519623 0.492125988006592
-0.984807753012209 -0.173648177666927 1.02752821442426E-14
-3.61521887779236 -0.0227884743362665 8.20209980010986
-3.64370441436768 0.138761356472969 7.87401580810547
-3.64370441436768 0.138761356472969 0.492125988006592
-0.984807753012209 -0.173648177666927 1.02752821442426E-14
-3.64370441436768 0.138761356472969 7.87401580810547
-3.61521887779236 -0.0227884743362665 8.20209980010986
-3.99312782287598 2.12043929100037 8.20209980010986
-0.984807753012209 -0.173648177666927 1.02752821442426E-14
-3.96464204788208 1.95888936519623 0.492125988006592
-3.99312782287598 2.12043929100037 -4.86878688543213E-15
-3.64370441436768 0.138761356472969 0.492125988006592
-0.984807753012209 -0.173648177666927 1.02752821442426E-14
-3.99312782287598 2.12043929100037 -4.86878688543213E-15
-3.96464204788208 1.95888936519623 0.492125988006592
-3.99312782287598 2.12043929100037 8.20209980010986
-0.984807753012209 -0.173648177666927 1.02752821442426E-14
-3.64370441436768 0.138761356472969 0.492125988006592
-3.61521887779236 -0.0227884743362665 -5.32907051820075E-15
-3.61521887779236 -0.0227884743362665 8.20209980010986
-0.984807753012209 -0.173648177666927 1.02752821442426E-14
-3.61521887779236 -0.0227884743362665 -5.32907051820075E-15
-3.64370441436768 0.138761356472969 0.492125988006592
-3.99312782287598 2.12043929100037 -4.86878688543213E-15
-0.984807753012209 -0.173648177666927 1.02752821442426E-14
-3.86388778686523 2.14322781562805 -6.21724893790088E-15
-3.83540225028992 1.98167788982391 0.492125988006592
-3.51446461677551 0.16154982149601 0.492125988006592
0.984807753012209 0.173648177666927 -1.02752821442426E-14
-3.83540225028992 1.98167788982391 0.492125988006592
-3.86388778686523 2.14322781562805 -6.21724893790088E-15
-3.86388778686523 2.14322781562805 8.20209980010986
0.984807753012209 0.173648177666927 -1.02752821442426E-14
-3.4859790802002 -1.24344978758018E-14 -7.105427357601E-15
-3.51446461677551 0.16154982149601 0.492125988006592
-3.4859790802002 2.22044604925031E-15 8.20209980010986
0.984807753012209 0.173648177666927 -1.02752821442426E-14
-3.51446461677551 0.16154982149601 0.492125988006592
-3.4859790802002 -1.24344978758018E-14 -7.105427357601E-15
-3.86388778686523 2.14322781562805 -6.21724893790088E-15
0.984807753012209 0.173648177666927 -1.02752821442426E-14
-3.83540225028992 1.98167788982391 7.87401580810547
-3.86388778686523 2.14322781562805 8.20209980010986
-3.51446461677551 0.16154982149601 7.87401580810547
0.984807753012209 0.173648177666927 -1.02752821442426E-14
-3.86388778686523 2.14322781562805 8.20209980010986
-3.83540225028992 1.98167788982391 7.87401580810547
-3.83540225028992 1.98167788982391 0.492125988006592
0.984807753012209 0.173648177666927 -1.02752821442426E-14
-3.51446461677551 0.16154982149601 7.87401580810547
-3.4859790802002 2.22044604925031E-15 8.20209980010986
-3.51446461677551 0.16154982149601 0.492125988006592
0.984807753012209 0.173648177666927 -1.02752821442426E-14
-3.4859790802002 2.22044604925031E-15 8.20209980010986
-3.51446461677551 0.16154982149601 7.87401580810547
-3.86388778686523 2.14322781562805 8.20209980010986
0.984807753012209 0.173648177666927 -1.02752821442426E-14
-3.86388778686523 2.14322781562805 8.20209980010986
-3.86388778686523 2.14322781562805 -6.21724893790088E-15
-3.99312782287598 2.12043929100037 8.20209980010986
-0.173648177666927 0.984807753012209 0
-3.99312782287598 2.12043929100037 -4.86878688543213E-15
-3.99312782287598 2.12043929100037 8.20209980010986
-3.86388778686523 2.14322781562805 -6.21724893790088E-15
-0.173648177666927 0.984807753012209 0
-3.4859790802002 2.22044604925031E-15 8.20209980010986
-3.86388778686523 2.14322781562805 8.20209980010986
-3.99312782287598 2.12043929100037 8.20209980010986
1.33301993051891E-14 2.35047379572603E-15 1
-3.99312782287598 2.12043929100037 8.20209980010986
-3.61521887779236 -0.0227884743362665 8.20209980010986
-3.4859790802002 2.22044604925031E-15 8.20209980010986
1.33301993051891E-14 2.35047379572603E-15 1
-3.4859790802002 -1.23645270251279E-14 -7.105427357601E-15
-3.4859790802002 2.27034836006309E-15 8.20209980010986
-3.61521887779236 -0.0227884743362665 -5.32907051820075E-15
0.173648177666927 -0.984807753012209 0
-3.61521887779236 -0.0227884743362665 8.20209980010986
-3.61521887779236 -0.0227884743362665 -5.32907051820075E-15
-3.4859790802002 2.27034836006309E-15 8.20209980010986
0.173648177666927 -0.984807753012209 0
-3.86388778686523 2.14322781562805 -6.21724893790088E-15
-3.4859790802002 -1.23645270251279E-14 -7.105427357601E-15
-3.61521887779236 -0.0227884743362665 -5.75696530513226E-15
-1.0190046076693E-14 -1.3823684624209E-15 -1
-3.61521887779236 -0.0227884743362665 -5.75696530513226E-15
-3.99312782287598 2.12043929100037 -4.86878688543213E-15
-3.86388778686523 2.14322781562805 -6.21724893790088E-15
-1.0190046076693E-14 -1.3823684624209E-15 -1
-3.51446461677551 0.16154982149601 0.492125988006592
-3.83540225028992 1.98167788982391 0.492125988006592
-3.96464204788208 1.95888936519623 0.492125988006592
9.99764947889185E-15 1.76285534679452E-15 1
-3.96464204788208 1.95888936519623 0.492125988006592
-3.64370441436768 0.138761356472969 0.492125988006592
-3.51446461677551 0.16154982149601 0.492125988006592
9.99764947889185E-15 1.76285534679452E-15 1
-3.51446461677551 0.16154982149601 7.87401580810547
-3.51446461677551 0.16154982149601 0.492125988006592
-3.64370441436768 0.138761356472969 0.492125988006592
-0.173648177666927 0.984807753012209 0
-3.64370441436768 0.138761356472969 0.492125988006592
-3.64370441436768 0.138761356472969 7.87401580810547
-3.51446461677551 0.16154982149601 7.87401580810547
-0.173648177666927 0.984807753012209 0
-3.83540225028992 1.98167788982391 7.87401580810547
-3.51446461677551 0.16154982149601 7.87401580810547
-3.64370441436768 0.138761356472969 7.87401580810547
-1.33301993051891E-14 -2.35047379572603E-15 -1
-3.64370441436768 0.138761356472969 7.87401580810547
-3.96464204788208 1.95888936519623 7.87401580810547
-3.83540225028992 1.98167788982391 7.87401580810547
-1.33301993051891E-14 -2.35047379572603E-15 -1
-3.83540225028992 1.98167788982391 0.492125988006592
-3.83540225028992 1.98167788982391 7.87401580810547
-3.96464204788208 1.95888936519623 7.87401580810547
0.173648177666927 -0.984807753012209 0
-3.96464204788208 1.95888936519623 7.87401580810547
-3.96464204788208 1.95888936519623 0.492125988006592
-3.83540225028992 1.98167788982391 0.492125988006592
0.173648177666927 -0.984807753012209 0
-3.61139440536499 0.144458472728729 7.87401580810547
-3.93233203887939 1.96458649635315 7.87401580810547
-3.61139440536499 0.144458472728729 0.492125988006592
-0.984807753012209 -0.173648177666927 1.02752821442426E-14
-3.93233203887939 1.96458649635315 0.492125988006592
-3.61139440536499 0.144458472728729 0.492125988006592
-3.93233203887939 1.96458649635315 7.87401580810547
-0.984807753012209 -0.173648177666927 1.02752821442426E-14
-3.5467746257782 0.15585270524025 0.492125988006592
-3.8677122592926 1.97598075866699 0.492125988006592
-3.5467746257782 0.15585270524025 7.87401580810547
0.984807753012209 0.173648177666927 -1.02752821442426E-14
-3.8677122592926 1.97598075866699 7.87401580810547
-3.5467746257782 0.15585270524025 7.87401580810547
-3.8677122592926 1.97598075866699 0.492125988006592
0.984807753012209 0.173648177666927 -1.02752821442426E-14
-3.8677122592926 1.97598075866699 7.87401580810547
-3.8677122592926 1.97598075866699 0.492125988006592
-3.93233203887939 1.96458649635315 0.492125988006592
-0.173648177666927 0.984807753012209 0
-3.93233203887939 1.96458649635315 0.492125988006592
-3.93233203887939 1.96458649635315 7.87401580810547
-3.8677122592926 1.97598075866699 7.87401580810547
-0.173648177666927 0.984807753012209 0
-3.5467746257782 0.15585270524025 7.87401580810547
-3.8677122592926 1.97598075866699 7.87401580810547
-3.93233203887939 1.96458649635315 7.87401580810547
1.33301993051891E-14 2.35047379572603E-15 1
-3.93233203887939 1.96458649635315 7.87401580810547
-3.61139440536499 0.144458472728729 7.87401580810547
-3.5467746257782 0.15585270524025 7.87401580810547
1.33301993051891E-14 2.35047379572603E-15 1
-3.5467746257782 0.15585270524025 0.492125988006592
-3.5467746257782 0.15585270524025 7.87401580810547
-3.61139440536499 0.144458472728729 7.87401580810547
0.173648177666927 -0.984807753012209 0
-3.61139440536499 0.144458472728729 7.87401580810547
-3.61139440536499 0.144458472728729 0.492125988006592
-3.5467746257782 0.15585270524025 0.492125988006592
0.173648177666927 -0.984807753012209 0
-3.8677122592926 1.97598075866699 0.492125988006592
-3.5467746257782 0.15585270524025 0.492125988006592
-3.61139440536499 0.144458472728729 0.492125988006592
-9.99764947889186E-15 -1.76285534679452E-15 -1
-3.61139440536499 0.144458472728729 0.492125988006592
-3.93233203887939 1.96458649635315 0.492125988006592
-3.8677122592926 1.97598075866699 0.492125988006592
-9.99764947889186E-15 -1.76285534679452E-15 -1
-4.37103652954102 -0.0227884743362665 8.20209980010986
-4.34255075454712 0.138761356472969 7.87401580810547
-4.02161312103271 1.95888936519623 7.87401580810547
0.984807753012207 -0.173648177666939 -1.02752821442426E-14
-4.34255075454712 0.138761356472969 7.87401580810547
-4.37103652954102 -0.0227884743362665 8.20209980010986
-4.34255075454712 0.138761356472969 0.492125988006592
0.984807753012207 -0.173648177666939 -1.02752821442426E-14
-3.99312782287598 2.12043929100037 8.20209980010986
-4.02161312103271 1.95888936519623 7.87401580810547
-4.02161312103271 1.95888936519623 0.492125988006592
0.984807753012207 -0.173648177666939 -1.02752821442426E-14
-4.02161312103271 1.95888936519623 7.87401580810547
-3.99312782287598 2.12043929100037 8.20209980010986
-4.37103652954102 -0.0227884743362665 8.20209980010986
0.984807753012207 -0.173648177666939 -1.02752821442426E-14
-4.34255075454712 0.138761356472969 0.492125988006592
-4.37103652954102 -0.0227884743362665 -8.88178419700125E-15
-4.02161312103271 1.95888936519623 0.492125988006592
0.984807753012207 -0.173648177666939 -1.02752821442426E-14
-4.37103652954102 -0.0227884743362665 -8.88178419700125E-15
-4.34255075454712 0.138761356472969 0.492125988006592
-4.37103652954102 -0.0227884743362665 8.20209980010986
0.984807753012207 -0.173648177666939 -1.02752821442426E-14
-4.02161312103271 1.95888936519623 0.492125988006592
-3.99312782287598 2.12043929100037 -7.105427357601E-15
-3.99312782287598 2.12043929100037 8.20209980010986
0.984807753012207 -0.173648177666939 -1.02752821442426E-14
-3.99312782287598 2.12043929100037 -7.105427357601E-15
-4.02161312103271 1.95888936519623 0.492125988006592
-4.37103652954102 -0.0227884743362665 -8.88178419700125E-15
0.984807753012207 -0.173648177666939 -1.02752821442426E-14
-4.50027656555176 2.39518725220298E-14 -7.105427357601E-15
-4.47179079055786 0.16154982149601 0.492125988006592
-4.15085315704346 1.98167788982391 0.492125988006592
-0.984807753012207 0.173648177666939 1.02752821442426E-14
-4.47179079055786 0.16154982149601 0.492125988006592
-4.50027656555176 2.39518725220298E-14 -7.105427357601E-15
-4.50027656555176 9.31699734859704E-15 8.20209980010986
-0.984807753012207 0.173648177666939 1.02752821442426E-14
-4.12236738204956 2.14322781562805 -7.105427357601E-15
-4.15085315704346 1.98167788982391 0.492125988006592
-4.12236738204956 2.14322781562805 8.20209980010986
-0.984807753012207 0.173648177666939 1.02752821442426E-14
-4.15085315704346 1.98167788982391 0.492125988006592
-4.12236738204956 2.14322781562805 -7.105427357601E-15
-4.50027656555176 2.39518725220298E-14 -7.105427357601E-15
-0.984807753012207 0.173648177666939 1.02752821442426E-14
-4.47179079055786 0.16154982149601 7.87401580810547
-4.50027656555176 9.31699734859704E-15 8.20209980010986
-4.15085315704346 1.98167788982391 7.87401580810547
-0.984807753012207 0.173648177666939 1.02752821442426E-14
-4.50027656555176 9.31699734859704E-15 8.20209980010986
-4.47179079055786 0.16154982149601 7.87401580810547
-4.47179079055786 0.16154982149601 0.492125988006592
-0.984807753012207 0.173648177666939 1.02752821442426E-14
-4.15085315704346 1.98167788982391 7.87401580810547
-4.12236738204956 2.14322781562805 8.20209980010986
-4.15085315704346 1.98167788982391 0.492125988006592
-0.984807753012207 0.173648177666939 1.02752821442426E-14
-4.12236738204956 2.14322781562805 8.20209980010986
-4.15085315704346 1.98167788982391 7.87401580810547
-4.50027656555176 9.31699734859704E-15 8.20209980010986
-0.984807753012207 0.173648177666939 1.02752821442426E-14
-4.37103652954102 -0.0227884743362665 -8.88178419700125E-15
-4.37103652954102 -0.0227884743362665 8.20209980010986
-4.50027656555176 2.39565312032397E-14 -7.105427357601E-15
-0.173648177666939 -0.984807753012207 3.94430452610506E-31
-4.50027656555176 9.31893451294741E-15 8.20209980010986
-4.50027656555176 2.39565312032397E-14 -7.105427357601E-15
-4.37103652954102 -0.0227884743362665 8.20209980010986
-0.173648177666939 -0.984807753012207 3.94430452610506E-31
-3.99312782287598 2.12043929100037 -7.99360577730113E-15
-4.37103652954102 -0.0227884743362665 -8.88178419700125E-15
-4.50027656555176 2.39565312032397E-14 -7.105427357601E-15
-1.3259330748534E-14 2.75238935266653E-15 -1
-4.50027656555176 2.39565312032397E-14 -7.105427357601E-15
-4.12236738204956 2.14322781562805 -6.21724893790088E-15
-3.99312782287598 2.12043929100037 -7.99360577730113E-15
-1.3259330748534E-14 2.75238935266653E-15 -1
-3.99312782287598 2.12043929100037 8.20209980010986
-3.99312782287598 2.12043929100037 -7.105427357601E-15
-4.12236738204956 2.14322781562805 8.20209980010986
0.173648177666939 0.984807753012207 0
-4.12236738204956 2.14322781562805 -7.105427357601E-15
-4.12236738204956 2.14322781562805 8.20209980010986
-3.99312782287598 2.12043929100037 -7.105427357601E-15
0.173648177666939 0.984807753012207 0
-4.37103652954102 -0.0227884743362665 8.20209980010986
-3.99312782287598 2.12043929100037 8.20209980010986
-4.12236738204956 2.14322781562805 8.20209980010986
1.33301993051891E-14 -2.3504737957262E-15 1
-4.12236738204956 2.14322781562805 8.20209980010986
-4.50027656555176 9.32587340685131E-15 8.20209980010986
-4.37103652954102 -0.0227884743362665 8.20209980010986
1.33301993051891E-14 -2.3504737957262E-15 1
-4.34255075454712 0.138761356472969 7.87401580810547
-4.34255075454712 0.138761356472969 0.492125988006592
-4.47179079055786 0.16154982149601 0.492125988006592
0.173648177666939 0.984807753012207 -1.97215226305253E-31
-4.47179079055786 0.16154982149601 0.492125988006592
-4.47179079055786 0.16154982149601 7.87401580810547
-4.34255075454712 0.138761356472969 7.87401580810547
0.173648177666939 0.984807753012207 -1.97215226305253E-31
-4.02161312103271 1.95888936519623 7.87401580810547
-4.34255075454712 0.138761356472969 7.87401580810547
-4.47179079055786 0.16154982149601 7.87401580810547
-1.33301993051891E-14 2.3504737957262E-15 -1
-4.47179079055786 0.16154982149601 7.87401580810547
-4.15085315704346 1.98167788982391 7.87401580810547
-4.02161312103271 1.95888936519623 7.87401580810547
-1.33301993051891E-14 2.3504737957262E-15 -1
-4.02161312103271 1.95888936519623 0.492125988006592
-4.02161312103271 1.95888936519623 7.87401580810547
-4.15085315704346 1.98167788982391 0.492125988006592
-0.173648177666939 -0.984807753012207 0
-4.15085315704346 1.98167788982391 7.87401580810547
-4.15085315704346 1.98167788982391 0.492125988006592
-4.02161312103271 1.95888936519623 7.87401580810547
-0.173648177666939 -0.984807753012207 0
-4.34255075454712 0.138761356472969 0.492125988006592
-4.02161312103271 1.95888936519623 0.492125988006592
-4.15085315704346 1.98167788982391 0.492125988006592
6.66509965259455E-15 -1.1752368978631E-15 1
-4.15085315704346 1.98167788982391 0.492125988006592
-4.47179079055786 0.16154982149601 0.492125988006592
-4.34255075454712 0.138761356472969 0.492125988006592
6.66509965259455E-15 -1.1752368978631E-15 1
-4.3748607635498 0.144458472728729 7.87401580810547
-4.3748607635498 0.144458472728729 0.492125988006592
-4.0539231300354 1.96458649635315 0.492125988006592
0.984807753012207 -0.173648177666939 -1.02752821442426E-14
-4.0539231300354 1.96458649635315 0.492125988006592
-4.0539231300354 1.96458649635315 7.87401580810547
-4.3748607635498 0.144458472728729 7.87401580810547
0.984807753012207 -0.173648177666939 -1.02752821442426E-14
-4.11854314804077 1.97598075866699 7.87401580810547
-4.11854314804077 1.97598075866699 0.492125988006592
-4.43948078155518 0.15585270524025 0.492125988006592
-0.984807753012207 0.173648177666939 1.02752821442426E-14
-4.43948078155518 0.15585270524025 0.492125988006592
-4.43948078155518 0.15585270524025 7.87401580810547
-4.11854314804077 1.97598075866699 7.87401580810547
-0.984807753012207 0.173648177666939 1.02752821442426E-14
-4.0539231300354 1.96458649635315 0.492125988006592
-4.3748607635498 0.144458472728729 0.492125988006592
-4.43948078155518 0.15585270524025 0.492125988006592
-9.99764947889183E-15 1.76285534679465E-15 -1
-4.43948078155518 0.15585270524025 0.492125988006592
-4.11854314804077 1.97598075866699 0.492125988006592
-4.0539231300354 1.96458649635315 0.492125988006592
-9.99764947889183E-15 1.76285534679465E-15 -1
-4.0539231300354 1.96458649635315 7.87401580810547
-4.0539231300354 1.96458649635315 0.492125988006592
-4.11854314804077 1.97598075866699 0.492125988006592
0.173648177666939 0.984807753012207 0
-4.11854314804077 1.97598075866699 0.492125988006592
-4.11854314804077 1.97598075866699 7.87401580810547
-4.0539231300354 1.96458649635315 7.87401580810547
0.173648177666939 0.984807753012207 0
-4.3748607635498 0.144458472728729 7.87401580810547
-4.0539231300354 1.96458649635315 7.87401580810547
-4.11854314804077 1.97598075866699 7.87401580810547
1.33301993051891E-14 -2.3504737957262E-15 1
-4.11854314804077 1.97598075866699 7.87401580810547
-4.43948078155518 0.15585270524025 7.87401580810547
-4.3748607635498 0.144458472728729 7.87401580810547
1.33301993051891E-14 -2.3504737957262E-15 1
-4.3748607635498 0.144458472728729 0.492125988006592
-4.3748607635498 0.144458472728729 7.87401580810547
-4.43948078155518 0.15585270524025 0.492125988006592
-0.173648177666939 -0.984807753012207 0
-4.43948078155518 0.15585270524025 7.87401580810547
-4.43948078155518 0.15585270524025 0.492125988006592
-4.3748607635498 0.144458472728729 7.87401580810547
-0.173648177666939 -0.984807753012207 0
-5.00742530822754 2.12043929100037 8.20209980010986
-4.97893953323364 1.95888936519623 7.87401580810547
-4.65800189971924 0.138761356472969 7.87401580810547
-0.984807753012209 -0.173648177666924 1.02752821442426E-14
-4.97893953323364 1.95888936519623 7.87401580810547
-5.00742530822754 2.12043929100037 8.20209980010986
-4.97893953323364 1.95888936519623 0.492125988006592
-0.984807753012209 -0.173648177666924 1.02752821442426E-14
-4.62951612472534 -0.0227884743362665 8.20209980010986
-4.65800189971924 0.138761356472969 7.87401580810547
-4.65800189971924 0.138761356472969 0.492125988006592
-0.984807753012209 -0.173648177666924 1.02752821442426E-14
-4.65800189971924 0.138761356472969 7.87401580810547
-4.62951612472534 -0.0227884743362665 8.20209980010986
-5.00742530822754 2.12043929100037 8.20209980010986
-0.984807753012209 -0.173648177666924 1.02752821442426E-14
-4.97893953323364 1.95888936519623 0.492125988006592
-5.00742530822754 2.12043929100037 -4.86878688543213E-15
-4.65800189971924 0.138761356472969 0.492125988006592
-0.984807753012209 -0.173648177666924 1.02752821442426E-14
-5.00742530822754 2.12043929100037 -4.86878688543213E-15
-4.97893953323364 1.95888936519623 0.492125988006592
-5.00742530822754 2.12043929100037 8.20209980010986
-0.984807753012209 -0.173648177666924 1.02752821442426E-14
-4.65800189971924 0.138761356472969 0.492125988006592
-4.62951612472534 -0.0227884743362665 -5.32907051820075E-15
-4.62951612472534 -0.0227884743362665 8.20209980010986
-0.984807753012209 -0.173648177666924 1.02752821442426E-14
-4.62951612472534 -0.0227884743362665 -5.32907051820075E-15
-4.65800189971924 0.138761356472969 0.492125988006592
-5.00742530822754 2.12043929100037 -4.86878688543213E-15
-0.984807753012209 -0.173648177666924 1.02752821442426E-14
-4.8781852722168 2.14322781562805 -6.21724893790088E-15
-4.8496994972229 1.98167788982391 0.492125988006592
-4.5287618637085 0.16154982149601 0.492125988006592
0.984807753012209 0.173648177666924 -1.02752821442426E-14
-4.8496994972229 1.98167788982391 0.492125988006592
-4.8781852722168 2.14322781562805 -6.21724893790088E-15
-4.8781852722168 2.14322781562805 8.20209980010986
0.984807753012209 0.173648177666924 -1.02752821442426E-14
-4.50027656555176 2.39808173319034E-14 -7.105427357601E-15
-4.5287618637085 0.16154982149601 0.492125988006592
-4.50027656555176 3.86357612569554E-14 8.20209980010986
0.984807753012209 0.173648177666924 -1.02752821442426E-14
-4.5287618637085 0.16154982149601 0.492125988006592
-4.50027656555176 2.39808173319034E-14 -7.105427357601E-15
-4.8781852722168 2.14322781562805 -6.21724893790088E-15
0.984807753012209 0.173648177666924 -1.02752821442426E-14
-4.8496994972229 1.98167788982391 7.87401580810547
-4.8781852722168 2.14322781562805 8.20209980010986
-4.5287618637085 0.16154982149601 7.87401580810547
0.984807753012209 0.173648177666924 -1.02752821442426E-14
-4.8781852722168 2.14322781562805 8.20209980010986
-4.8496994972229 1.98167788982391 7.87401580810547
-4.8496994972229 1.98167788982391 0.492125988006592
0.984807753012209 0.173648177666924 -1.02752821442426E-14
-4.5287618637085 0.16154982149601 7.87401580810547
-4.50027656555176 3.86357612569554E-14 8.20209980010986
-4.5287618637085 0.16154982149601 0.492125988006592
0.984807753012209 0.173648177666924 -1.02752821442426E-14
-4.50027656555176 3.86357612569554E-14 8.20209980010986
-4.5287618637085 0.16154982149601 7.87401580810547
-4.8781852722168 2.14322781562805 8.20209980010986
0.984807753012209 0.173648177666924 -1.02752821442426E-14
-4.8781852722168 2.14322781562805 8.20209980010986
-4.8781852722168 2.14322781562805 -6.21724893790088E-15
-5.00742530822754 2.12043929100037 8.20209980010986
-0.173648177666924 0.984807753012209 1.97215226305253E-31
-5.00742530822754 2.12043929100037 -4.86878688543213E-15
-5.00742530822754 2.12043929100037 8.20209980010986
-4.8781852722168 2.14322781562805 -6.21724893790088E-15
-0.173648177666924 0.984807753012209 1.97215226305253E-31
-4.50027656555176 3.86357612569554E-14 8.20209980010986
-4.8781852722168 2.14322781562805 8.20209980010986
-5.00742530822754 2.12043929100037 8.20209980010986
1.33301993051891E-14 2.35047379572599E-15 1
-5.00742530822754 2.12043929100037 8.20209980010986
-4.62951612472534 -0.0227884743362665 8.20209980010986
-4.50027656555176 3.86357612569554E-14 8.20209980010986
1.33301993051891E-14 2.35047379572599E-15 1
-4.50027656555176 2.40446971686535E-14 -7.105427357601E-15
-4.50027656555176 3.86795731891192E-14 8.20209980010986
-4.62951612472534 -0.0227884743362665 -5.32907051820075E-15
0.173648177666924 -0.984807753012209 0
-4.62951612472534 -0.0227884743362665 8.20209980010986
-4.62951612472534 -0.0227884743362665 -5.32907051820075E-15
-4.50027656555176 3.86795731891192E-14 8.20209980010986
0.173648177666924 -0.984807753012209 0
-4.8781852722168 2.14322781562805 -6.21724893790088E-15
-4.50027656555176 2.40446971686535E-14 -7.105427357601E-15
-4.62951612472534 -0.0227884743362665 -5.75696530513226E-15
-1.0190046076693E-14 -1.38236846242087E-15 -1
-4.62951612472534 -0.0227884743362665 -5.75696530513226E-15
-5.00742530822754 2.12043929100037 -4.86878688543213E-15
-4.8781852722168 2.14322781562805 -6.21724893790088E-15
-1.0190046076693E-14 -1.38236846242087E-15 -1
-4.5287618637085 0.16154982149601 0.492125988006592
-4.8496994972229 1.98167788982391 0.492125988006592
-4.97893953323364 1.95888936519623 0.492125988006592
9.99764947889186E-15 1.76285534679449E-15 1
-4.97893953323364 1.95888936519623 0.492125988006592
-4.65800189971924 0.138761356472969 0.492125988006592
-4.5287618637085 0.16154982149601 0.492125988006592
9.99764947889186E-15 1.76285534679449E-15 1
-4.5287618637085 0.16154982149601 7.87401580810547
-4.5287618637085 0.16154982149601 0.492125988006592
-4.65800189971924 0.138761356472969 0.492125988006592
-0.173648177666924 0.984807753012209 -1.97215226305253E-31
-4.65800189971924 0.138761356472969 0.492125988006592
-4.65800189971924 0.138761356472969 7.87401580810547
-4.5287618637085 0.16154982149601 7.87401580810547
-0.173648177666924 0.984807753012209 -1.97215226305253E-31
-4.8496994972229 1.98167788982391 7.87401580810547
-4.5287618637085 0.16154982149601 7.87401580810547
-4.65800189971924 0.138761356472969 7.87401580810547
-1.33301993051891E-14 -2.35047379572599E-15 -1
-4.65800189971924 0.138761356472969 7.87401580810547
-4.97893953323364 1.95888936519623 7.87401580810547
-4.8496994972229 1.98167788982391 7.87401580810547
-1.33301993051891E-14 -2.35047379572599E-15 -1
-4.8496994972229 1.98167788982391 0.492125988006592
-4.8496994972229 1.98167788982391 7.87401580810547
-4.97893953323364 1.95888936519623 7.87401580810547
0.173648177666924 -0.984807753012209 0
-4.97893953323364 1.95888936519623 7.87401580810547
-4.97893953323364 1.95888936519623 0.492125988006592
-4.8496994972229 1.98167788982391 0.492125988006592
0.173648177666924 -0.984807753012209 0
-4.62569189071655 0.144458472728729 7.87401580810547
-4.94662952423096 1.96458649635315 7.87401580810547
-4.62569189071655 0.144458472728729 0.492125988006592
-0.984807753012209 -0.173648177666924 1.02752821442426E-14
-4.94662952423096 1.96458649635315 0.492125988006592
-4.62569189071655 0.144458472728729 0.492125988006592
-4.94662952423096 1.96458649635315 7.87401580810547
-0.984807753012209 -0.173648177666924 1.02752821442426E-14
-4.56107187271118 0.15585270524025 0.492125988006592
-4.88200950622559 1.97598075866699 0.492125988006592
-4.56107187271118 0.15585270524025 7.87401580810547
0.984807753012209 0.173648177666924 -1.02752821442426E-14
-4.88200950622559 1.97598075866699 7.87401580810547
-4.56107187271118 0.15585270524025 7.87401580810547
-4.88200950622559 1.97598075866699 0.492125988006592
0.984807753012209 0.173648177666924 -1.02752821442426E-14
-4.88200950622559 1.97598075866699 7.87401580810547
-4.88200950622559 1.97598075866699 0.492125988006592
-4.94662952423096 1.96458649635315 0.492125988006592
-0.173648177666924 0.984807753012209 0
-4.94662952423096 1.96458649635315 0.492125988006592
-4.94662952423096 1.96458649635315 7.87401580810547
-4.88200950622559 1.97598075866699 7.87401580810547
-0.173648177666924 0.984807753012209 0
-4.56107187271118 0.15585270524025 7.87401580810547
-4.88200950622559 1.97598075866699 7.87401580810547
-4.94662952423096 1.96458649635315 7.87401580810547
1.33301993051891E-14 2.35047379572599E-15 1
-4.94662952423096 1.96458649635315 7.87401580810547
-4.62569189071655 0.144458472728729 7.87401580810547
-4.56107187271118 0.15585270524025 7.87401580810547
1.33301993051891E-14 2.35047379572599E-15 1
-4.56107187271118 0.15585270524025 0.492125988006592
-4.56107187271118 0.15585270524025 7.87401580810547
-4.62569189071655 0.144458472728729 7.87401580810547
0.173648177666924 -0.984807753012209 -3.94430452610506E-31
-4.62569189071655 0.144458472728729 7.87401580810547
-4.62569189071655 0.144458472728729 0.492125988006592
-4.56107187271118 0.15585270524025 0.492125988006592
0.173648177666924 -0.984807753012209 -3.94430452610506E-31
-4.88200950622559 1.97598075866699 0.492125988006592
-4.56107187271118 0.15585270524025 0.492125988006592
-4.62569189071655 0.144458472728729 0.492125988006592
-9.99764947889186E-15 -1.76285534679449E-15 -1
-4.62569189071655 0.144458472728729 0.492125988006592
-4.94662952423096 1.96458649635315 0.492125988006592
-4.88200950622559 1.97598075866699 0.492125988006592
-9.99764947889186E-15 -1.76285534679449E-15 -1
-6.39963150024414 -0.0227884743362665 8.20209980010986
-6.37114572525024 0.138761356472969 7.87401580810547
-6.05020809173584 1.95888936519623 7.87401580810547
0.984807753012206 -0.173648177666939 -1.02752821442426E-14
-6.37114572525024 0.138761356472969 7.87401580810547
-6.39963150024414 -0.0227884743362665 8.20209980010986
-6.37114572525024 0.138761356472969 0.492125988006592
0.984807753012206 -0.173648177666939 -1.02752821442426E-14
-6.0217227935791 2.12043929100037 8.20209980010986
-6.05020809173584 1.95888936519623 7.87401580810547
-6.05020809173584 1.95888936519623 0.492125988006592
0.984807753012206 -0.173648177666939 -1.02752821442426E-14
-6.05020809173584 1.95888936519623 7.87401580810547
-6.0217227935791 2.12043929100037 8.20209980010986
-6.39963150024414 -0.0227884743362665 8.20209980010986
0.984807753012206 -0.173648177666939 -1.02752821442426E-14
-6.37114572525024 0.138761356472969 0.492125988006592
-6.39963150024414 -0.0227884743362665 -8.88178419700125E-15
-6.05020809173584 1.95888936519623 0.492125988006592
0.984807753012206 -0.173648177666939 -1.02752821442426E-14
-6.39963150024414 -0.0227884743362665 -8.88178419700125E-15
-6.37114572525024 0.138761356472969 0.492125988006592
-6.39963150024414 -0.0227884743362665 8.20209980010986
0.984807753012206 -0.173648177666939 -1.02752821442426E-14
-6.05020809173584 1.95888936519623 0.492125988006592
-6.0217227935791 2.12043929100037 -7.105427357601E-15
-6.0217227935791 2.12043929100037 8.20209980010986
0.984807753012206 -0.173648177666939 -1.02752821442426E-14
-6.0217227935791 2.12043929100037 -7.105427357601E-15
-6.05020809173584 1.95888936519623 0.492125988006592
-6.39963150024414 -0.0227884743362665 -8.88178419700125E-15
0.984807753012206 -0.173648177666939 -1.02752821442426E-14
-6.52887153625488 2.43382957288308E-14 -7.105427357601E-15
-6.50038576126099 0.16154982149601 0.492125988006592
-6.17944812774658 1.98167788982391 0.492125988006592
-0.984807753012206 0.173648177666939 1.02752821442426E-14
-6.50038576126099 0.16154982149601 0.492125988006592
-6.52887153625488 2.43382957288308E-14 -7.105427357601E-15
-6.52887153625488 9.70342055539803E-15 8.20209980010986
-0.984807753012206 0.173648177666939 1.02752821442426E-14
-6.15096235275269 2.14322781562805 -7.105427357601E-15
-6.17944812774658 1.98167788982391 0.492125988006592
-6.15096235275269 2.14322781562805 8.20209980010986
-0.984807753012206 0.173648177666939 1.02752821442426E-14
-6.17944812774658 1.98167788982391 0.492125988006592
-6.15096235275269 2.14322781562805 -7.105427357601E-15
-6.52887153625488 2.43382957288308E-14 -7.105427357601E-15
-0.984807753012206 0.173648177666939 1.02752821442426E-14
-6.50038576126099 0.16154982149601 7.87401580810547
-6.52887153625488 9.70342055539803E-15 8.20209980010986
-6.17944812774658 1.98167788982391 7.87401580810547
-0.984807753012206 0.173648177666939 1.02752821442426E-14
-6.52887153625488 9.70342055539803E-15 8.20209980010986
-6.50038576126099 0.16154982149601 7.87401580810547
-6.50038576126099 0.16154982149601 0.492125988006592
-0.984807753012206 0.173648177666939 1.02752821442426E-14
-6.17944812774658 1.98167788982391 7.87401580810547
-6.15096235275269 2.14322781562805 8.20209980010986
-6.17944812774658 1.98167788982391 0.492125988006592
-0.984807753012206 0.173648177666939 1.02752821442426E-14
-6.15096235275269 2.14322781562805 8.20209980010986
-6.17944812774658 1.98167788982391 7.87401580810547
-6.52887153625488 9.70342055539803E-15 8.20209980010986
-0.984807753012206 0.173648177666939 1.02752821442426E-14
-6.39963150024414 -0.0227884743362665 -8.88178419700125E-15
-6.39963150024414 -0.0227884743362665 8.20209980010986
-6.52887153625488 2.43416398149066E-14 -7.105427357601E-15
-0.173648177666939 -0.984807753012206 3.94430452610506E-31
-6.52887153625488 9.70404312461426E-15 8.20209980010986
-6.52887153625488 2.43416398149066E-14 -7.105427357601E-15
-6.39963150024414 -0.0227884743362665 8.20209980010986
-0.173648177666939 -0.984807753012206 3.94430452610506E-31
-6.0217227935791 2.12043929100037 -7.99360577730113E-15
-6.39963150024414 -0.0227884743362665 -8.88178419700125E-15
-6.52887153625488 2.43416398149066E-14 -7.105427357601E-15
-1.3259330748534E-14 2.75238935266653E-15 -1
-6.52887153625488 2.43416398149066E-14 -7.105427357601E-15
-6.15096235275269 2.14322781562805 -6.21724893790088E-15
-6.0217227935791 2.12043929100037 -7.99360577730113E-15
-1.3259330748534E-14 2.75238935266653E-15 -1
-6.0217227935791 2.12043929100037 8.20209980010986
-6.0217227935791 2.12043929100037 -7.105427357601E-15
-6.15096235275269 2.14322781562805 8.20209980010986
0.173648177666939 0.984807753012206 0
-6.15096235275269 2.14322781562805 -7.105427357601E-15
-6.15096235275269 2.14322781562805 8.20209980010986
-6.0217227935791 2.12043929100037 -7.105427357601E-15
0.173648177666939 0.984807753012206 0
-6.39963150024414 -0.0227884743362665 8.20209980010986
-6.0217227935791 2.12043929100037 8.20209980010986
-6.15096235275269 2.14322781562805 8.20209980010986
1.33301993051891E-14 -2.3504737957262E-15 1
-6.15096235275269 2.14322781562805 8.20209980010986
-6.52887153625488 9.76996261670138E-15 8.20209980010986
-6.39963150024414 -0.0227884743362665 8.20209980010986
1.33301993051891E-14 -2.3504737957262E-15 1
-6.37114572525024 0.138761356472969 7.87401580810547
-6.37114572525024 0.138761356472969 0.492125988006592
-6.50038576126099 0.16154982149601 0.492125988006592
0.173648177666939 0.984807753012206 -1.97215226305253E-31
-6.50038576126099 0.16154982149601 0.492125988006592
-6.50038576126099 0.16154982149601 7.87401580810547
-6.37114572525024 0.138761356472969 7.87401580810547
0.173648177666939 0.984807753012206 -1.97215226305253E-31
-6.05020809173584 1.95888936519623 7.87401580810547
-6.37114572525024 0.138761356472969 7.87401580810547
-6.50038576126099 0.16154982149601 7.87401580810547
-1.33301993051891E-14 2.3504737957262E-15 -1
-6.50038576126099 0.16154982149601 7.87401580810547
-6.17944812774658 1.98167788982391 7.87401580810547
-6.05020809173584 1.95888936519623 7.87401580810547
-1.33301993051891E-14 2.3504737957262E-15 -1
-6.05020809173584 1.95888936519623 0.492125988006592
-6.05020809173584 1.95888936519623 7.87401580810547
-6.17944812774658 1.98167788982391 0.492125988006592
-0.173648177666939 -0.984807753012206 -3.94430452610506E-31
-6.17944812774658 1.98167788982391 7.87401580810547
-6.17944812774658 1.98167788982391 0.492125988006592
-6.05020809173584 1.95888936519623 7.87401580810547
-0.173648177666939 -0.984807753012206 -3.94430452610506E-31
-6.37114572525024 0.138761356472969 0.492125988006592
-6.05020809173584 1.95888936519623 0.492125988006592
-6.17944812774658 1.98167788982391 0.492125988006592
6.66509965259455E-15 -1.1752368978631E-15 1
-6.17944812774658 1.98167788982391 0.492125988006592
-6.50038576126099 0.16154982149601 0.492125988006592
-6.37114572525024 0.138761356472969 0.492125988006592
6.66509965259455E-15 -1.1752368978631E-15 1
-6.40345573425293 0.144458472728729 7.87401580810547
-6.40345573425293 0.144458472728729 0.492125988006592
-6.08251810073853 1.96458649635315 0.492125988006592
0.984807753012206 -0.173648177666939 -1.02752821442426E-14
-6.08251810073853 1.96458649635315 0.492125988006592
-6.08251810073853 1.96458649635315 7.87401580810547
-6.40345573425293 0.144458472728729 7.87401580810547
0.984807753012206 -0.173648177666939 -1.02752821442426E-14
-6.1471381187439 1.97598075866699 7.87401580810547
-6.1471381187439 1.97598075866699 0.492125988006592
-6.4680757522583 0.15585270524025 0.492125988006592
-0.984807753012206 0.173648177666939 1.02752821442426E-14
-6.4680757522583 0.15585270524025 0.492125988006592
-6.4680757522583 0.15585270524025 7.87401580810547
-6.1471381187439 1.97598075866699 7.87401580810547
-0.984807753012206 0.173648177666939 1.02752821442426E-14
-6.08251810073853 1.96458649635315 0.492125988006592
-6.40345573425293 0.144458472728729 0.492125988006592
-6.4680757522583 0.15585270524025 0.492125988006592
-9.99764947889183E-15 1.76285534679465E-15 -1
-6.4680757522583 0.15585270524025 0.492125988006592
-6.1471381187439 1.97598075866699 0.492125988006592
-6.08251810073853 1.96458649635315 0.492125988006592
-9.99764947889183E-15 1.76285534679465E-15 -1
-6.08251810073853 1.96458649635315 7.87401580810547
-6.08251810073853 1.96458649635315 0.492125988006592
-6.1471381187439 1.97598075866699 0.492125988006592
0.173648177666939 0.984807753012206 1.97215226305253E-31
-6.1471381187439 1.97598075866699 0.492125988006592
-6.1471381187439 1.97598075866699 7.87401580810547
-6.08251810073853 1.96458649635315 7.87401580810547
0.173648177666939 0.984807753012206 1.97215226305253E-31
-6.40345573425293 0.144458472728729 7.87401580810547
-6.08251810073853 1.96458649635315 7.87401580810547
-6.1471381187439 1.97598075866699 7.87401580810547
1.33301993051891E-14 -2.3504737957262E-15 1
-6.1471381187439 1.97598075866699 7.87401580810547
-6.4680757522583 0.15585270524025 7.87401580810547
-6.40345573425293 0.144458472728729 7.87401580810547
1.33301993051891E-14 -2.3504737957262E-15 1
-6.40345573425293 0.144458472728729 0.492125988006592
-6.40345573425293 0.144458472728729 7.87401580810547
-6.4680757522583 0.15585270524025 0.492125988006592
-0.173648177666939 -0.984807753012206 0
-6.4680757522583 0.15585270524025 7.87401580810547
-6.4680757522583 0.15585270524025 0.492125988006592
-6.40345573425293 0.144458472728729 7.87401580810547
-0.173648177666939 -0.984807753012206 0
-5.38533401489258 -0.0227884743362665 8.20209980010986
-5.35684823989868 0.138761356472969 7.87401580810547
-5.03591060638428 1.95888936519623 7.87401580810547
0.984807753012207 -0.173648177666939 -1.02752821442426E-14
-5.35684823989868 0.138761356472969 7.87401580810547
-5.38533401489258 -0.0227884743362665 8.20209980010986
-5.35684823989868 0.138761356472969 0.492125988006592
0.984807753012207 -0.173648177666939 -1.02752821442426E-14
-5.00742530822754 2.12043929100037 8.20209980010986
-5.03591060638428 1.95888936519623 7.87401580810547
-5.03591060638428 1.95888936519623 0.492125988006592
0.984807753012207 -0.173648177666939 -1.02752821442426E-14
-5.03591060638428 1.95888936519623 7.87401580810547
-5.00742530822754 2.12043929100037 8.20209980010986
-5.38533401489258 -0.0227884743362665 8.20209980010986
0.984807753012207 -0.173648177666939 -1.02752821442426E-14
-5.35684823989868 0.138761356472969 0.492125988006592
-5.38533401489258 -0.0227884743362665 -8.88178419700125E-15
-5.03591060638428 1.95888936519623 0.492125988006592
0.984807753012207 -0.173648177666939 -1.02752821442426E-14
-5.38533401489258 -0.0227884743362665 -8.88178419700125E-15
-5.35684823989868 0.138761356472969 0.492125988006592
-5.38533401489258 -0.0227884743362665 8.20209980010986
0.984807753012207 -0.173648177666939 -1.02752821442426E-14
-5.03591060638428 1.95888936519623 0.492125988006592
-5.00742530822754 2.12043929100037 -7.105427357601E-15
-5.00742530822754 2.12043929100037 8.20209980010986
0.984807753012207 -0.173648177666939 -1.02752821442426E-14
-5.00742530822754 2.12043929100037 -7.105427357601E-15
-5.03591060638428 1.95888936519623 0.492125988006592
-5.38533401489258 -0.0227884743362665 -8.88178419700125E-15
0.984807753012207 -0.173648177666939 -1.02752821442426E-14
-5.51457405090332 2.28393049102067E-14 -7.105427357601E-15
-5.48608827590942 0.16154982149601 0.492125988006592
-5.16515064239502 1.98167788982391 0.492125988006592
-0.984807753012207 0.173648177666939 1.02752821442426E-14
-5.48608827590942 0.16154982149601 0.492125988006592
-5.51457405090332 2.28393049102067E-14 -7.105427357601E-15
-5.51457405090332 8.20442973677388E-15 8.20209980010986
-0.984807753012207 0.173648177666939 1.02752821442426E-14
-5.13666486740112 2.14322781562805 -7.105427357601E-15
-5.16515064239502 1.98167788982391 0.492125988006592
-5.13666486740112 2.14322781562805 8.20209980010986
-0.984807753012207 0.173648177666939 1.02752821442426E-14
-5.16515064239502 1.98167788982391 0.492125988006592
-5.13666486740112 2.14322781562805 -7.105427357601E-15
-5.51457405090332 2.28393049102067E-14 -7.105427357601E-15
-0.984807753012207 0.173648177666939 1.02752821442426E-14
-5.48608827590942 0.16154982149601 7.87401580810547
-5.51457405090332 8.20442973677388E-15 8.20209980010986
-5.16515064239502 1.98167788982391 7.87401580810547
-0.984807753012207 0.173648177666939 1.02752821442426E-14
-5.51457405090332 8.20442973677388E-15 8.20209980010986
-5.48608827590942 0.16154982149601 7.87401580810547
-5.48608827590942 0.16154982149601 0.492125988006592
-0.984807753012207 0.173648177666939 1.02752821442426E-14
-5.16515064239502 1.98167788982391 7.87401580810547
-5.13666486740112 2.14322781562805 8.20209980010986
-5.16515064239502 1.98167788982391 0.492125988006592
-0.984807753012207 0.173648177666939 1.02752821442426E-14
-5.13666486740112 2.14322781562805 8.20209980010986
-5.16515064239502 1.98167788982391 7.87401580810547
-5.51457405090332 8.20442973677388E-15 8.20209980010986
-0.984807753012207 0.173648177666939 1.02752821442426E-14
-5.38533401489258 -0.0227884743362665 -8.88178419700125E-15
-5.38533401489258 -0.0227884743362665 8.20209980010986
-5.51457405090332 2.28428387316626E-14 -7.105427357601E-15
-0.173648177666939 -0.984807753012207 0
-5.51457405090332 8.2052420413703E-15 8.20209980010986
-5.51457405090332 2.28428387316626E-14 -7.105427357601E-15
-5.38533401489258 -0.0227884743362665 8.20209980010986
-0.173648177666939 -0.984807753012207 0
-5.00742530822754 2.12043929100037 -7.99360577730113E-15
-5.38533401489258 -0.0227884743362665 -8.88178419700125E-15
-5.51457405090332 2.28428387316626E-14 -7.105427357601E-15
-1.3259330748534E-14 2.75238935266653E-15 -1
-5.51457405090332 2.28428387316626E-14 -7.105427357601E-15
-5.13666486740112 2.14322781562805 -6.21724893790088E-15
-5.00742530822754 2.12043929100037 -7.99360577730113E-15
-1.3259330748534E-14 2.75238935266653E-15 -1
-5.00742530822754 2.12043929100037 8.20209980010986
-5.00742530822754 2.12043929100037 -7.105427357601E-15
-5.13666486740112 2.14322781562805 8.20209980010986
0.173648177666939 0.984807753012207 0
-5.13666486740112 2.14322781562805 -7.105427357601E-15
-5.13666486740112 2.14322781562805 8.20209980010986
-5.00742530822754 2.12043929100037 -7.105427357601E-15
0.173648177666939 0.984807753012207 0
-5.38533401489258 -0.0227884743362665 8.20209980010986
-5.00742530822754 2.12043929100037 8.20209980010986
-5.13666486740112 2.14322781562805 8.20209980010986
1.33301993051891E-14 -2.3504737957262E-15 1
-5.13666486740112 2.14322781562805 8.20209980010986
-5.51457405090332 8.43769498715119E-15 8.20209980010986
-5.38533401489258 -0.0227884743362665 8.20209980010986
1.33301993051891E-14 -2.3504737957262E-15 1
-5.35684823989868 0.138761356472969 7.87401580810547
-5.35684823989868 0.138761356472969 0.492125988006592
-5.48608827590942 0.16154982149601 0.492125988006592
0.173648177666939 0.984807753012207 0
-5.48608827590942 0.16154982149601 0.492125988006592
-5.48608827590942 0.16154982149601 7.87401580810547
-5.35684823989868 0.138761356472969 7.87401580810547
0.173648177666939 0.984807753012207 0
-5.03591060638428 1.95888936519623 7.87401580810547
-5.35684823989868 0.138761356472969 7.87401580810547
-5.48608827590942 0.16154982149601 7.87401580810547
-1.33301993051891E-14 2.3504737957262E-15 -1
-5.48608827590942 0.16154982149601 7.87401580810547
-5.16515064239502 1.98167788982391 7.87401580810547
-5.03591060638428 1.95888936519623 7.87401580810547
-1.33301993051891E-14 2.3504737957262E-15 -1
-5.03591060638428 1.95888936519623 0.492125988006592
-5.03591060638428 1.95888936519623 7.87401580810547
-5.16515064239502 1.98167788982391 0.492125988006592
-0.173648177666939 -0.984807753012207 0
-5.16515064239502 1.98167788982391 7.87401580810547
-5.16515064239502 1.98167788982391 0.492125988006592
-5.03591060638428 1.95888936519623 7.87401580810547
-0.173648177666939 -0.984807753012207 0
-5.35684823989868 0.138761356472969 0.492125988006592
-5.03591060638428 1.95888936519623 0.492125988006592
-5.16515064239502 1.98167788982391 0.492125988006592
6.66509965259455E-15 -1.1752368978631E-15 1
-5.16515064239502 1.98167788982391 0.492125988006592
-5.48608827590942 0.16154982149601 0.492125988006592
-5.35684823989868 0.138761356472969 0.492125988006592
6.66509965259455E-15 -1.1752368978631E-15 1
-5.38915824890137 0.144458472728729 7.87401580810547
-5.38915824890137 0.144458472728729 0.492125988006592
-5.06822061538696 1.96458649635315 0.492125988006592
0.984807753012207 -0.173648177666939 -1.02752821442426E-14
-5.06822061538696 1.96458649635315 0.492125988006592
-5.06822061538696 1.96458649635315 7.87401580810547
-5.38915824890137 0.144458472728729 7.87401580810547
0.984807753012207 -0.173648177666939 -1.02752821442426E-14
-5.13284063339233 1.97598075866699 7.87401580810547
-5.13284063339233 1.97598075866699 0.492125988006592
-5.45377826690674 0.15585270524025 0.492125988006592
-0.984807753012207 0.173648177666939 1.02752821442426E-14
-5.45377826690674 0.15585270524025 0.492125988006592
-5.45377826690674 0.15585270524025 7.87401580810547
-5.13284063339233 1.97598075866699 7.87401580810547
-0.984807753012207 0.173648177666939 1.02752821442426E-14
-5.06822061538696 1.96458649635315 0.492125988006592
-5.38915824890137 0.144458472728729 0.492125988006592
-5.45377826690674 0.15585270524025 0.492125988006592
-9.99764947889183E-15 1.76285534679465E-15 -1
-5.45377826690674 0.15585270524025 0.492125988006592
-5.13284063339233 1.97598075866699 0.492125988006592
-5.06822061538696 1.96458649635315 0.492125988006592
-9.99764947889183E-15 1.76285534679465E-15 -1
-5.06822061538696 1.96458649635315 7.87401580810547
-5.06822061538696 1.96458649635315 0.492125988006592
-5.13284063339233 1.97598075866699 0.492125988006592
0.173648177666939 0.984807753012207 0
-5.13284063339233 1.97598075866699 0.492125988006592
-5.13284063339233 1.97598075866699 7.87401580810547
-5.06822061538696 1.96458649635315 7.87401580810547
0.173648177666939 0.984807753012207 0
-5.38915824890137 0.144458472728729 7.87401580810547
-5.06822061538696 1.96458649635315 7.87401580810547
-5.13284063339233 1.97598075866699 7.87401580810547
1.33301993051891E-14 -2.3504737957262E-15 1
-5.13284063339233 1.97598075866699 7.87401580810547
-5.45377826690674 0.15585270524025 7.87401580810547
-5.38915824890137 0.144458472728729 7.87401580810547
1.33301993051891E-14 -2.3504737957262E-15 1
-5.38915824890137 0.144458472728729 0.492125988006592
-5.38915824890137 0.144458472728729 7.87401580810547
-5.45377826690674 0.15585270524025 0.492125988006592
-0.173648177666939 -0.984807753012207 0
-5.45377826690674 0.15585270524025 7.87401580810547
-5.45377826690674 0.15585270524025 0.492125988006592
-5.38915824890137 0.144458472728729 7.87401580810547
-0.173648177666939 -0.984807753012207 0
-6.0217227935791 2.12043929100037 8.20209980010986
-5.99323701858521 1.95888936519623 7.87401580810547
-5.6722993850708 0.138761356472969 7.87401580810547
-0.984807753012209 -0.173648177666924 1.02752821442426E-14
-5.99323701858521 1.95888936519623 7.87401580810547
-6.0217227935791 2.12043929100037 8.20209980010986
-5.99323701858521 1.95888936519623 0.492125988006592
-0.984807753012209 -0.173648177666924 1.02752821442426E-14
-5.6438136100769 -0.0227884743362665 8.20209980010986
-5.6722993850708 0.138761356472969 7.87401580810547
-5.6722993850708 0.138761356472969 0.492125988006592
-0.984807753012209 -0.173648177666924 1.02752821442426E-14
-5.6722993850708 0.138761356472969 7.87401580810547
-5.6438136100769 -0.0227884743362665 8.20209980010986
-6.0217227935791 2.12043929100037 8.20209980010986
-0.984807753012209 -0.173648177666924 1.02752821442426E-14
-5.99323701858521 1.95888936519623 0.492125988006592
-6.0217227935791 2.12043929100037 -4.86878688543213E-15
-5.6722993850708 0.138761356472969 0.492125988006592
-0.984807753012209 -0.173648177666924 1.02752821442426E-14
-6.0217227935791 2.12043929100037 -4.86878688543213E-15
-5.99323701858521 1.95888936519623 0.492125988006592
-6.0217227935791 2.12043929100037 8.20209980010986
-0.984807753012209 -0.173648177666924 1.02752821442426E-14
-5.6722993850708 0.138761356472969 0.492125988006592
-5.6438136100769 -0.0227884743362665 -5.32907051820075E-15
-5.6438136100769 -0.0227884743362665 8.20209980010986
-0.984807753012209 -0.173648177666924 1.02752821442426E-14
-5.6438136100769 -0.0227884743362665 -5.32907051820075E-15
-5.6722993850708 0.138761356472969 0.492125988006592
-6.0217227935791 2.12043929100037 -4.86878688543213E-15
-0.984807753012209 -0.173648177666924 1.02752821442426E-14
-5.89248275756836 2.14322781562805 -6.21724893790088E-15
-5.86399698257446 1.98167788982391 0.492125988006592
-5.54305934906006 0.16154982149601 0.492125988006592
0.984807753012209 0.173648177666924 -1.02752821442426E-14
-5.86399698257446 1.98167788982391 0.492125988006592
-5.89248275756836 2.14322781562805 -6.21724893790088E-15
-5.89248275756836 2.14322781562805 8.20209980010986
0.984807753012209 0.173648177666924 -1.02752821442426E-14
-5.51457405090332 2.39808173319034E-14 -7.105427357601E-15
-5.54305934906006 0.16154982149601 0.492125988006592
-5.51457405090332 3.86357612569554E-14 8.20209980010986
0.984807753012209 0.173648177666924 -1.02752821442426E-14
-5.54305934906006 0.16154982149601 0.492125988006592
-5.51457405090332 2.39808173319034E-14 -7.105427357601E-15
-5.89248275756836 2.14322781562805 -6.21724893790088E-15
0.984807753012209 0.173648177666924 -1.02752821442426E-14
-5.86399698257446 1.98167788982391 7.87401580810547
-5.89248275756836 2.14322781562805 8.20209980010986
-5.54305934906006 0.16154982149601 7.87401580810547
0.984807753012209 0.173648177666924 -1.02752821442426E-14
-5.89248275756836 2.14322781562805 8.20209980010986
-5.86399698257446 1.98167788982391 7.87401580810547
-5.86399698257446 1.98167788982391 0.492125988006592
0.984807753012209 0.173648177666924 -1.02752821442426E-14
-5.54305934906006 0.16154982149601 7.87401580810547
-5.51457405090332 3.86357612569554E-14 8.20209980010986
-5.54305934906006 0.16154982149601 0.492125988006592
0.984807753012209 0.173648177666924 -1.02752821442426E-14
-5.51457405090332 3.86357612569554E-14 8.20209980010986
-5.54305934906006 0.16154982149601 7.87401580810547
-5.89248275756836 2.14322781562805 8.20209980010986
0.984807753012209 0.173648177666924 -1.02752821442426E-14
-5.89248275756836 2.14322781562805 8.20209980010986
-5.89248275756836 2.14322781562805 -6.21724893790088E-15
-6.0217227935791 2.12043929100037 8.20209980010986
-0.173648177666924 0.984807753012209 1.97215226305253E-31
-6.0217227935791 2.12043929100037 -4.86878688543213E-15
-6.0217227935791 2.12043929100037 8.20209980010986
-5.89248275756836 2.14322781562805 -6.21724893790088E-15
-0.173648177666924 0.984807753012209 1.97215226305253E-31
-5.51457405090332 3.86357612569554E-14 8.20209980010986
-5.89248275756836 2.14322781562805 8.20209980010986
-6.0217227935791 2.12043929100037 8.20209980010986
1.33301993051891E-14 2.35047379572599E-15 1
-6.0217227935791 2.12043929100037 8.20209980010986
-5.6438136100769 -0.0227884743362665 8.20209980010986
-5.51457405090332 3.86357612569554E-14 8.20209980010986
1.33301993051891E-14 2.35047379572599E-15 1
-5.51457405090332 2.4020665149874E-14 -7.105427357601E-15
-5.51457405090332 3.86555411703397E-14 8.20209980010986
-5.6438136100769 -0.0227884743362665 -5.32907051820075E-15
0.173648177666924 -0.984807753012209 -3.94430452610506E-31
-5.6438136100769 -0.0227884743362665 8.20209980010986
-5.6438136100769 -0.0227884743362665 -5.32907051820075E-15
-5.51457405090332 3.86555411703397E-14 8.20209980010986
0.173648177666924 -0.984807753012209 -3.94430452610506E-31
-5.89248275756836 2.14322781562805 -6.21724893790088E-15
-5.51457405090332 2.4020665149874E-14 -7.105427357601E-15
-5.6438136100769 -0.0227884743362665 -5.75696530513226E-15
-1.0190046076693E-14 -1.38236846242087E-15 -1
-5.6438136100769 -0.0227884743362665 -5.75696530513226E-15
-6.0217227935791 2.12043929100037 -4.86878688543213E-15
-5.89248275756836 2.14322781562805 -6.21724893790088E-15
-1.0190046076693E-14 -1.38236846242087E-15 -1
-5.54305934906006 0.16154982149601 0.492125988006592
-5.86399698257446 1.98167788982391 0.492125988006592
-5.99323701858521 1.95888936519623 0.492125988006592
9.99764947889186E-15 1.76285534679449E-15 1
-5.99323701858521 1.95888936519623 0.492125988006592
-5.6722993850708 0.138761356472969 0.492125988006592
-5.54305934906006 0.16154982149601 0.492125988006592
9.99764947889186E-15 1.76285534679449E-15 1
-5.54305934906006 0.16154982149601 7.87401580810547
-5.54305934906006 0.16154982149601 0.492125988006592
-5.6722993850708 0.138761356472969 0.492125988006592
-0.173648177666924 0.984807753012209 1.97215226305253E-31
-5.6722993850708 0.138761356472969 0.492125988006592
-5.6722993850708 0.138761356472969 7.87401580810547
-5.54305934906006 0.16154982149601 7.87401580810547
-0.173648177666924 0.984807753012209 1.97215226305253E-31
-5.86399698257446 1.98167788982391 7.87401580810547
-5.54305934906006 0.16154982149601 7.87401580810547
-5.6722993850708 0.138761356472969 7.87401580810547
-1.33301993051891E-14 -2.35047379572599E-15 -1
-5.6722993850708 0.138761356472969 7.87401580810547
-5.99323701858521 1.95888936519623 7.87401580810547
-5.86399698257446 1.98167788982391 7.87401580810547
-1.33301993051891E-14 -2.35047379572599E-15 -1
-5.86399698257446 1.98167788982391 0.492125988006592
-5.86399698257446 1.98167788982391 7.87401580810547
-5.99323701858521 1.95888936519623 7.87401580810547
0.173648177666924 -0.984807753012209 -3.94430452610506E-31
-5.99323701858521 1.95888936519623 7.87401580810547
-5.99323701858521 1.95888936519623 0.492125988006592
-5.86399698257446 1.98167788982391 0.492125988006592
0.173648177666924 -0.984807753012209 -3.94430452610506E-31
-5.63998937606812 0.144458472728729 7.87401580810547
-5.96092700958252 1.96458649635315 7.87401580810547
-5.63998937606812 0.144458472728729 0.492125988006592
-0.984807753012209 -0.173648177666924 1.02752821442426E-14
-5.96092700958252 1.96458649635315 0.492125988006592
-5.63998937606812 0.144458472728729 0.492125988006592
-5.96092700958252 1.96458649635315 7.87401580810547
-0.984807753012209 -0.173648177666924 1.02752821442426E-14
-5.57536935806274 0.15585270524025 0.492125988006592
-5.89630699157715 1.97598075866699 0.492125988006592
-5.57536935806274 0.15585270524025 7.87401580810547
0.984807753012209 0.173648177666924 -1.02752821442426E-14
-5.89630699157715 1.97598075866699 7.87401580810547
-5.57536935806274 0.15585270524025 7.87401580810547
-5.89630699157715 1.97598075866699 0.492125988006592
0.984807753012209 0.173648177666924 -1.02752821442426E-14
-5.89630699157715 1.97598075866699 7.87401580810547
-5.89630699157715 1.97598075866699 0.492125988006592
-5.96092700958252 1.96458649635315 0.492125988006592
-0.173648177666924 0.984807753012209 1.97215226305253E-31
-5.96092700958252 1.96458649635315 0.492125988006592
-5.96092700958252 1.96458649635315 7.87401580810547
-5.89630699157715 1.97598075866699 7.87401580810547
-0.173648177666924 0.984807753012209 1.97215226305253E-31
-5.57536935806274 0.15585270524025 7.87401580810547
-5.89630699157715 1.97598075866699 7.87401580810547
-5.96092700958252 1.96458649635315 7.87401580810547
1.33301993051891E-14 2.35047379572599E-15 1
-5.96092700958252 1.96458649635315 7.87401580810547
-5.63998937606812 0.144458472728729 7.87401580810547
-5.57536935806274 0.15585270524025 7.87401580810547
1.33301993051891E-14 2.35047379572599E-15 1
-5.57536935806274 0.15585270524025 0.492125988006592
-5.57536935806274 0.15585270524025 7.87401580810547
-5.63998937606812 0.144458472728729 7.87401580810547
0.173648177666924 -0.984807753012209 0
-5.63998937606812 0.144458472728729 7.87401580810547
-5.63998937606812 0.144458472728729 0.492125988006592
-5.57536935806274 0.15585270524025 0.492125988006592
0.173648177666924 -0.984807753012209 0
-5.89630699157715 1.97598075866699 0.492125988006592
-5.57536935806274 0.15585270524025 0.492125988006592
-5.63998937606812 0.144458472728729 0.492125988006592
-9.99764947889186E-15 -1.76285534679449E-15 -1
-5.63998937606812 0.144458472728729 0.492125988006592
-5.96092700958252 1.96458649635315 0.492125988006592
-5.89630699157715 1.97598075866699 0.492125988006592
-9.99764947889186E-15 -1.76285534679449E-15 -1
[HEADER]
1119291,Wall,6
9590.60334417934 4260.19556350851 8.85826771655184
1
0 1 0
-1 0 0
0 0 1
[HEADER]
1119293,Wall,6
9590.60334417934 4263.23034041189 8.85826771655184
1
0 1 0
-1 0 0
0 0 1
[HEADER]
1119295,Wall,6
9590.60334417934 4267.16734828591 8.85826771655184
1
0 1 0
-1 0 0
0 0 1
[HEADER]
1119297,Wall,6
9590.60334417934 4271.10435615993 8.85826771655184
1
0 1 0
-1 0 0
0 0 1
[HEADER]
1119299,Wall,6
9590.60334417934 4275.04136403394 8.85826771655184
1
0 1 0
-1 0 0
0 0 1
[HEADER]
1119301,Wall,6
9590.60334417934 4278.97837190796 8.85826771655184
1
0 1 0
-1 0 0
0 0 1
[HEADER]
1119303,Wall,6
9590.60334417934 4260.19556350851 9.43241469817914
1
0 1 0
-1 0 0
0 0 1
[HEADER]
1119304,Wall,6
9590.60334417934 4263.23034041189 9.43241469817914
1
0 1 0
-1 0 0
0 0 1
[HEADER]
1119305,Wall,6
9590.60334417934 4267.16734828591 9.43241469817914
1
0 1 0
-1 0 0
0 0 1
[HEADER]
1119306,Wall,6
9590.60334417934 4271.10435615993 9.43241469817914
1
0 1 0
-1 0 0
0 0 1
[HEADER]
1119307,Wall,6
9590.60334417934 4275.04136403394 9.43241469817914
1
0 1 0
-1 0 0
0 0 1
[HEADER]
1119308,Wall,6
9590.60334417934 4278.97837190796 9.43241469817914
1
0 1 0
-1 0 0
0 0 1
[HEADER]
1119310,Wall,6
9590.60334417934 4260.19556350851 11.400918635187
1
0 1 0
-1 0 0
0 0 1
[HEADER]
1119311,Wall,6
9590.60334417934 4263.23034041189 11.400918635187
1
0 1 0
-1 0 0
0 0 1
[HEADER]
1119312,Wall,6
9590.60334417934 4267.16734828591 11.400918635187
1
0 1 0
-1 0 0
0 0 1
[HEADER]
1119313,Wall,6
9590.60334417934 4271.10435615993 11.400918635187
1
0 1 0
-1 0 0
0 0 1
[HEADER]
1119314,Wall,6
9590.60334417934 4275.04136403394 11.400918635187
1
0 1 0
-1 0 0
0 0 1
[HEADER]
1119315,Wall,6
9590.60334417934 4278.97837190796 11.400918635187
1
0 1 0
-1 0 0
0 0 1
[HEADER]
1119317,Wall,6
9590.60334417934 4260.19556350851 13.3694225721949
1
0 1 0
-1 0 0
0 0 1
[HEADER]
1119318,Wall,6
9590.60334417934 4263.23034041189 13.3694225721949
1
0 1 0
-1 0 0
0 0 1
[HEADER]
1119319,Wall,6
9590.60334417934 4267.16734828591 13.3694225721949
1
0 1 0
-1 0 0
0 0 1
[HEADER]
1119320,Wall,6
9590.60334417934 4271.10435615993 13.3694225721949
1
0 1 0
-1 0 0
0 0 1
[HEADER]
1119321,Wall,6
9590.60334417934 4275.04136403394 13.3694225721949
1
0 1 0
-1 0 0
0 0 1
[HEADER]
1119322,Wall,6
9590.60334417934 4278.97837190796 13.3694225721949
1
0 1 0
-1 0 0
0 0 1
[HEADER]
1119500,Wall,6
9590.60334417934 4281.66045453834 8.85826771655184
1
0 1 0
-1 0 0
0 0 1
[HEADER]
1119501,Wall,6
9590.60334417934 4281.66045453834 9.43241469817914
1
0 1 0
-1 0 0
0 0 1
[HEADER]
1119502,Wall,6
9590.60334417934 4281.66045453834 11.400918635187
1
0 1 0
-1 0 0
0 0 1
[HEADER]
1119503,Wall,6
9590.60334417934 4281.66045453834 13.3694225721949
1
0 1 0
-1 0 0
0 0 1
[HEADER]
1120032,투명강화유리,54
9590.60334417934 4260.31859500457 14.3782808399114
1
0 1 0
-1 0 0
0 0 1
-0.967847764492035 -0.0164042003452778 2.59186363220215
-0.967847764492035 -0.0164042003452778 0
0.967847764492035 -0.0164042003452778 0
0 -1 0
0.967847764492035 -0.0164042003452778 0
0.967847764492035 -0.0164042003452778 2.59186363220215
-0.967847764492035 -0.0164042003452778 2.59186363220215
0 -1 0
0.967847764492035 0.0164042003452778 2.59186363220215
0.967847764492035 0.0164042003452778 0
-0.967847764492035 0.0164042003452778 0
0 1 0
-0.967847764492035 0.0164042003452778 0
-0.967847764492035 0.0164042003452778 2.59186363220215
0.967847764492035 0.0164042003452778 2.59186363220215
0 1 0
0.967847764492035 -0.0164042003452778 0
-0.967847764492035 -0.0164042003452778 0
-0.967847764492035 0.0164042003452778 0
0 0 -1
-0.967847764492035 0.0164042003452778 0
0.967847764492035 0.0164042003452778 0
0.967847764492035 -0.0164042003452778 0
0 0 -1
0.967847764492035 -0.0164042003452778 2.59186363220215
0.967847764492035 -0.0164042003452778 0
0.967847764492035 0.0164042003452778 0
1 0 0
0.967847764492035 0.0164042003452778 0
0.967847764492035 0.0164042003452778 2.59186363220215
0.967847764492035 -0.0164042003452778 2.59186363220215
1 0 0
-0.967847764492035 -0.0164042003452778 2.59186363220215
0.967847764492035 -0.0164042003452778 2.59186363220215
0.967847764492035 0.0164042003452778 2.59186363220215
0 0 1
0.967847764492035 0.0164042003452778 2.59186363220215
-0.967847764492035 0.0164042003452778 2.59186363220215
-0.967847764492035 -0.0164042003452778 2.59186363220215
0 0 1
-0.967847764492035 -0.0164042003452778 0
-0.967847764492035 -0.0164042003452778 2.59186363220215
-0.967847764492035 0.0164042003452778 2.59186363220215
-1 0 0
-0.967847764492035 0.0164042003452778 2.59186363220215
-0.967847764492035 0.0164042003452778 0
-0.967847764492035 -0.0164042003452778 0
-1 0 0
[HEADER]
1120034,투명강화유리,6
9590.60334417934 4263.35337190796 14.3782808399114
1
0 1 0
-1 0 0
0 0 1
[HEADER]
1120036,투명강화유리,6
9590.60334417934 4267.29037978197 14.3782808399114
1
0 1 0
-1 0 0
0 0 1
[HEADER]
1120038,투명강화유리,6
9590.60334417934 4271.22738765599 14.3782808399114
1
0 1 0
-1 0 0
0 0 1
[HEADER]
1120040,투명강화유리,6
9590.60334417934 4275.16439553 14.3782808399114
1
0 1 0
-1 0 0
0 0 1
[HEADER]
1120042,투명강화유리,6
9590.60334417934 4279.10140340402 14.3782808399114
1
0 1 0
-1 0 0
0 0 1
[HEADER]
1120241,투명강화유리,6
9590.60334417934 4281.66045453834 14.3782808399114
1
0 1 0
-1 0 0
0 0 1
[HEADER]
1120297,투명강화유리,6
9590.60334417934 4260.31859500457 30.9137139107776
1
0 1 0
-1 0 0
0 0 1
[HEADER]
1120298,투명강화유리,6
9590.60334417934 4263.35337190796 30.9137139107776
1
0 1 0
-1 0 0
0 0 1
[HEADER]
1120299,투명강화유리,6
9590.60334417934 4267.29037978197 30.9137139107776
1
0 1 0
-1 0 0
0 0 1
[HEADER]
1120300,투명강화유리,6
9590.60334417934 4271.22738765599 30.9137139107776
1
0 1 0
-1 0 0
0 0 1
[HEADER]
1120301,투명강화유리,6
9590.60334417934 4275.16439553 30.9137139107776
1
0 1 0
-1 0 0
0 0 1
[HEADER]
1120302,투명강화유리,6
9590.60334417934 4279.10140340402 30.9137139107776
1
0 1 0
-1 0 0
0 0 1
[HEADER]
1120303,투명강화유리,6
9590.60334417934 4281.66045453834 30.9137139107776
1
0 1 0
-1 0 0
0 0 1
[HEADER]
1120318,투명강화유리,6
9590.60334417934 4260.31859500457 28.9452099737697
1
0 1 0
-1 0 0
0 0 1
[HEADER]
1120319,투명강화유리,6
9590.60334417934 4263.35337190796 28.9452099737697
1
0 1 0
-1 0 0
0 0 1
[HEADER]
1120320,투명강화유리,6
9590.60334417934 4267.29037978197 28.9452099737697
1
0 1 0
-1 0 0
0 0 1
[HEADER]
1120321,투명강화유리,6
9590.60334417934 4271.22738765599 28.9452099737697
1
0 1 0
-1 0 0
0 0 1
[HEADER]
1120322,투명강화유리,6
9590.60334417934 4275.16439553 28.9452099737697
1
0 1 0
-1 0 0
0 0 1
[HEADER]
1120323,투명강화유리,6
9590.60334417934 4279.10140340402 28.9452099737697
1
0 1 0
-1 0 0
0 0 1
[HEADER]
1120324,투명강화유리,6
9590.60334417934 4281.66045453834 28.9452099737697
1
0 1 0
-1 0 0
0 0 1
[HEADER]
1120339,투명강화유리,6
9590.60334417934 4260.31859500457 26.1564960630085
1
0 1 0
-1 0 0
0 0 1
[HEADER]
1120340,투명강화유리,6
9590.60334417934 4263.35337190796 26.1564960630085
1
0 1 0
-1 0 0
0 0 1
[HEADER]
1120341,투명강화유리,6
9590.60334417934 4267.29037978197 26.1564960630085
1
0 1 0
-1 0 0
0 0 1
[HEADER]
1120342,투명강화유리,6
9590.60334417934 4271.22738765599 26.1564960630085
1
0 1 0
-1 0 0
0 0 1
[HEADER]
1120343,투명강화유리,6
9590.60334417934 4275.16439553 26.1564960630085
1
0 1 0
-1 0 0
0 0 1
[HEADER]
1120344,투명강화유리,6
9590.60334417934 4279.10140340402 26.1564960630085
1
0 1 0
-1 0 0
0 0 1
[HEADER]
1120345,투명강화유리,6
9590.60334417934 4281.66045453834 26.1564960630085
1
0 1 0
-1 0 0
0 0 1
[HEADER]
1120360,투명강화유리,6
9590.60334417934 4260.31859500457 16.9701443569718
1
0 1 0
-1 0 0
0 0 1
[HEADER]
1120361,투명강화유리,6
9590.60334417934 4263.35337190796 16.9701443569718
1
0 1 0
-1 0 0
0 0 1
[HEADER]
1120362,투명강화유리,6
9590.60334417934 4267.29037978197 16.9701443569718
1
0 1 0
-1 0 0
0 0 1
[HEADER]
1120363,투명강화유리,6
9590.60334417934 4271.22738765599 16.9701443569718
1
0 1 0
-1 0 0
0 0 1
[HEADER]
1120364,투명강화유리,6
9590.60334417934 4275.16439553 16.9701443569718
1
0 1 0
-1 0 0
0 0 1
[HEADER]
1120365,투명강화유리,6
9590.60334417934 4279.10140340402 16.9701443569718
1
0 1 0
-1 0 0
0 0 1
[HEADER]
1120366,투명강화유리,6
9590.60334417934 4281.66045453834 16.9701443569718
1
0 1 0
-1 0 0
0 0 1
[HEADER]
1120381,투명강화유리,6
9590.60334417934 4260.31859500457 18.9386482939797
1
0 1 0
-1 0 0
0 0 1
[HEADER]
1120382,투명강화유리,6
9590.60334417934 4263.35337190796 18.9386482939797
1
0 1 0
-1 0 0
0 0 1
[HEADER]
1120383,투명강화유리,6
9590.60334417934 4267.29037978197 18.9386482939797
1
0 1 0
-1 0 0
0 0 1
[HEADER]
1120384,투명강화유리,6
9590.60334417934 4271.22738765599 18.9386482939797
1
0 1 0
-1 0 0
0 0 1
[HEADER]
1120385,투명강화유리,6
9590.60334417934 4275.16439553 18.9386482939797
1
0 1 0
-1 0 0
0 0 1
[HEADER]
1120386,투명강화유리,6
9590.60334417934 4279.10140340402 18.9386482939797
1
0 1 0
-1 0 0
0 0 1
[HEADER]
1120387,투명강화유리,6
9590.60334417934 4281.66045453834 18.9386482939797
1
0 1 0
-1 0 0
0 0 1
[HEADER]
1120402,투명강화유리,6
9590.60334417934 4260.31859500457 20.9071522309875
1
0 1 0
-1 0 0
0 0 1
[HEADER]
1120403,투명강화유리,6
9590.60334417934 4263.35337190796 20.9071522309875
1
0 1 0
-1 0 0
0 0 1
[HEADER]
1120404,투명강화유리,6
9590.60334417934 4267.29037978197 20.9071522309875
1
0 1 0
-1 0 0
0 0 1
[HEADER]
1120405,투명강화유리,6
9590.60334417934 4271.22738765599 20.9071522309875
1
0 1 0
-1 0 0
0 0 1
[HEADER]
1120406,투명강화유리,6
9590.60334417934 4275.16439553 20.9071522309875
1
0 1 0
-1 0 0
0 0 1
[HEADER]
1120407,투명강화유리,6
9590.60334417934 4279.10140340402 20.9071522309875
1
0 1 0
-1 0 0
0 0 1
[HEADER]
1120408,투명강화유리,6
9590.60334417934 4281.66045453834 20.9071522309875
1
0 1 0
-1 0 0
0 0 1
[HEADER]
1895016,투명강화유리(커튼월),6
9656.1491280009 4257.86452676262 12.9265091863681
1
0 1 0
-1 0 0
0 0 1
[HEADER]
1895017,투명강화유리(커튼월),6
0 0 0
1
1 0 0
0 1 0
0 0 1
[LEVEL]
GL
[LEVEL]
3F
[HEADER]
697182,투명강화유리(커튼월),86
9647.85307553223 4282.92030104081 24.7375328084154
1
1 0 0
0 1 0
0 0 1
-0.791378796100616 -0.0393700785934925 6.7585301399231
-0.791378796100616 -0.0393700785934925 1.32348898008484E-23
0.791378796100616 -0.0393700785934925 0
0 -1 0
-0.791378796100616 -0.0393700785934925 7.93963241577148
-0.791378796100616 -0.0393700785934925 6.7585301399231
0.791378796100616 -0.0393700785934925 6.7585301399231
0 -1 0
0.791378796100616 -0.0393700785934925 0
0.791378796100616 -0.0393700785934925 6.7585301399231
-0.791378796100616 -0.0393700785934925 6.7585301399231
0 -1 0
0.791378796100616 -0.0393700785934925 6.7585301399231
0.791378796100616 -0.0393700785934925 7.93963241577148
-0.791378796100616 -0.0393700785934925 7.93963241577148
0 -1 0
0.791378796100616 0.0393700785934925 6.7585301399231
0.791378796100616 0.0393700785934925 1.32348898008484E-23
-0.791378796100616 0.0393700785934925 0
0 1 0
0.791378796100616 0.0393700785934925 7.93963241577148
0.791378796100616 0.0393700785934925 6.7585301399231
-0.791378796100616 0.0393700785934925 6.7585301399231
0 1 0
-0.791378796100616 0.0393700785934925 0
-0.791378796100616 0.0393700785934925 6.7585301399231
0.791378796100616 0.0393700785934925 6.7585301399231
0 1 0
-0.791378796100616 0.0393700785934925 6.7585301399231
-0.791378796100616 0.0393700785934925 7.93963241577148
0.791378796100616 0.0393700785934925 7.93963241577148
0 1 0
0.791378796100616 -0.0393700785934925 0
-0.791378796100616 -0.0393700785934925 0
-0.791378796100616 0.0393700785934925 0
0 0 -1
-0.791378796100616 0.0393700785934925 0
0.791378796100616 0.0393700785934925 0
0.791378796100616 -0.0393700785934925 0
0 0 -1
0.791378796100616 -0.0393700785934925 6.7585301399231
0.791378796100616 -0.0393700785934925 0
0.791378796100616 0.0393700785934925 6.7585301399231
1 0 0
0.791378796100616 0.0393700785934925 0
0.791378796100616 0.0393700785934925 6.7585301399231
0.791378796100616 -0.0393700785934925 0
1 0 0
0.791378796100616 -0.0393700785934925 7.93963241577148
0.791378796100616 -0.0393700785934925 6.7585301399231
0.791378796100616 0.0393700785934925 6.7585301399231
1 0 0
0.791378796100616 0.0393700785934925 6.7585301399231
0.791378796100616 0.0393700785934925 7.93963241577148
0.791378796100616 -0.0393700785934925 7.93963241577148
1 0 0
-0.791378796100616 -0.0393700785934925 7.93963241577148
0.791378796100616 -0.0393700785934925 7.93963241577148
0.791378796100616 0.0393700785934925 7.93963241577148
0 0 1
0.791378796100616 0.0393700785934925 7.93963241577148
-0.791378796100616 0.0393700785934925 7.93963241577148
-0.791378796100616 -0.0393700785934925 7.93963241577148
0 0 1
-0.791378796100616 -0.0393700785934925 6.7585301399231
-0.791378796100616 -0.0393700785934925 7.93963241577148
-0.791378796100616 0.0393700785934925 7.93963241577148
-1 0 0
-0.791378796100616 0.0393700785934925 7.93963241577148
-0.791378796100616 0.0393700785934925 6.7585301399231
-0.791378796100616 -0.0393700785934925 6.7585301399231
-1 0 0
-0.791378796100616 -0.0393700785934925 0
-0.791378796100616 -0.0393700785934925 6.7585301399231
-0.791378796100616 0.0393700785934925 0
-1 0 0
-0.791378796100616 0.0393700785934925 6.7585301399231
-0.791378796100616 0.0393700785934925 0
-0.791378796100616 -0.0393700785934925 6.7585301399231
-1 0 0
[HEADER]
697185,투명강화유리(커튼월),6
9652.31899503403 4282.92030104081 24.7375328084154
1
1 0 0
0 1 0
0 0 1
[HEADER]
697189,투명강화유리(커튼월),6
9656.31751865608 4282.92030104081 24.7375328084154
1
1 0 0
0 1 0
0 0 1
[HEADER]
697193,투명강화유리(커튼월),6
9648.00046571694 4282.81531416417 19.6850393700951
1
1 0 0
0 1 0
0 0 1
[HEADER]
697194,투명강화유리(커튼월),6
9650.18644910228 4282.92030104081 31.5616797900427
1
1 0 0
0 1 0
0 0 1
[HEADER]
697195,투명강화유리(커튼월),6
9652.31899503403 4282.81531416417 19.6850393700951
1
1 0 0
0 1 0
0 0 1
[HEADER]
697196,투명강화유리(커튼월),6
9654.45154096579 4282.92030104081 31.5616797900427
1
1 0 0
0 1 0
0 0 1
[HEADER]
697197,투명강화유리(커튼월),6
9656.35032705504 4282.81531416417 19.6850393700951
1
1 0 0
0 1 0
0 0 1
[HEADER]
697352,투명강화유리(커튼월),6
9638.33466259211 4278.51085222192 24.7375328084154
1
-1 0 0
0 -1 0
0 0 1
[HEADER]
697354,투명강화유리(커튼월),6
9623.30841587295 4279.13421180197 24.7375328084154
1
0 1 0
-1 0 0
0 0 1
[HEADER]
697356,투명강화유리(커튼월),6
9623.30841587295 4279.16702020092 19.6850393700952
1
0 1 0
-1 0 0
0 0 1
[HEADER]
697362,투명강화유리(커튼월),6
9640.04069933752 4279.16702020092 24.7375328084154
1
0 1 0
-1 0 0
0 0 1
[HEADER]
697364,투명강화유리(커튼월),6
9640.04069933752 4279.19982859987 19.6850393700952
1
0 1 0
-1 0 0
0 0 1
[HEADER]
697372,투명강화유리(커튼월),6
9624.98164421941 4278.51085222192 24.7375328084154
1
-1 0 0
0 -1 0
0 0 1
[HEADER]
697375,투명강화유리(커튼월),6
9628.32810091232 4278.51085222192 24.7375328084154
1
-1 0 0
0 -1 0
0 0 1
[HEADER]
697378,투명강화유리(커튼월),6
9631.67455760523 4278.51085222192 24.7375328084154
1
-1 0 0
0 -1 0
0 0 1
[HEADER]
697381,투명강화유리(커튼월),6
9635.02101429815 4278.51085222192 24.7375328084154
1
-1 0 0
0 -1 0
0 0 1
[HEADER]
697385,투명강화유리(커튼월),6
9623.30841587295 4281.26675773373 31.5616797900427
1
0 1 0
-1 0 0
0 0 1
[HEADER]
697393,투명강화유리(커튼월),6
9640.04069933752 4281.26675773373 31.5616797900427
1
0 1 0
-1 0 0
0 0 1
[LEVEL]
ROOF
[HEADER]
517107,Wall,6
9591.66961714522 4282.40110414414 40.2559055118274
1
0 1 0
-1 0 0
0 0 1
[HEADER]
517111,Wall,6
9591.66961714522 4282.40110414414 45.1771653543471
1
0 1 0
-1 0 0
0 0 1
[HEADER]
1122187,Wall,6
9590.60334417934 4260.19556350851 37.7296587926673
1
0 1 0
-1 0 0
0 0 1
[HEADER]
1122188,Wall,6
9590.60334417934 4263.23034041189 37.7296587926673
1
0 1 0
-1 0 0
0 0 1
[HEADER]
1122189,Wall,6
9590.60334417934 4267.16734828591 37.7296587926673
1
0 1 0
-1 0 0
0 0 1
[HEADER]
1122190,Wall,6
9590.60334417934 4271.10435615993 37.7296587926673
1
0 1 0
-1 0 0
0 0 1
[HEADER]
1122191,Wall,6
9590.60334417934 4275.04136403394 37.7296587926673
1
0 1 0
-1 0 0
0 0 1
[HEADER]
1122192,Wall,6
9590.60334417934 4278.97837190796 37.7296587926673
1
0 1 0
-1 0 0
0 0 1
[HEADER]
1122193,Wall,6
9590.60334417934 4281.66045453834 37.7296587926673
1
0 1 0
-1 0 0
0 0 1
[HEADER]
1122236,Wall,6
9590.60334417934 4260.19556350851 35.7611548556594
1
0 1 0
-1 0 0
0 0 1
[HEADER]
1122237,Wall,6
9590.60334417934 4263.23034041189 35.7611548556594
1
0 1 0
-1 0 0
0 0 1
[HEADER]
1122238,Wall,6
9590.60334417934 4267.16734828591 35.7611548556594
1
0 1 0
-1 0 0
0 0 1
[HEADER]
1122239,Wall,6
9590.60334417934 4271.10435615993 35.7611548556594
1
0 1 0
-1 0 0
0 0 1
[HEADER]
1122240,Wall,6
9590.60334417934 4275.04136403394 35.7611548556594
1
0 1 0
-1 0 0
0 0 1
[HEADER]
1122241,Wall,6
9590.60334417934 4278.97837190796 35.7611548556594
1
0 1 0
-1 0 0
0 0 1
[HEADER]
1122242,Wall,6
9590.60334417934 4281.66045453834 35.7611548556594
1
0 1 0
-1 0 0
0 0 1
[HEADER]
1122351,Wall,6
9590.60334417934 4260.19556350851 33.7926509186516
1
0 1 0
-1 0 0
0 0 1
[HEADER]
1122352,Wall,6
9590.60334417934 4263.23034041189 33.7926509186516
1
0 1 0
-1 0 0
0 0 1
[HEADER]
1122353,Wall,6
9590.60334417934 4267.16734828591 33.7926509186516
1
0 1 0
-1 0 0
0 0 1
[HEADER]
1122354,Wall,6
9590.60334417934 4271.10435615993 33.7926509186516
1
0 1 0
-1 0 0
0 0 1
[HEADER]
1122355,Wall,6
9590.60334417934 4275.04136403394 33.7926509186516
1
0 1 0
-1 0 0
0 0 1
[HEADER]
1122356,Wall,6
9590.60334417934 4278.97837190796 33.7926509186516
1
0 1 0
-1 0 0
0 0 1
[HEADER]
1122357,Wall,6
9590.60334417934 4281.66045453834 33.7926509186516
1
0 1 0
-1 0 0
0 0 1
[HEADER]
1122439,AL복합패널_(지정색1)폭297,294
9590.60334417934 4260.19556350851 39.6981627296752
1
0 1 0
-1 0 0
0 0 1
-1.04166662693024 -1.06791341304779 -0.987532794475555
-1.04166662693024 -0.979330718517303 -0.987532794475555
-1.04166662693024 -1.06135165691376 -0.980971157550812
1 1.20841686689865E-16 0
-1.04166662693024 -1.06791341304779 -0.987532794475555
-1.04166662693024 -1.06135165691376 0.63976377248764
-1.04166662693024 -1.06791341304779 0.646325469017029
1 1.20841686689865E-16 0
-1.04166662693024 -1.06135165691376 0.63976377248764
-1.04166662693024 -1.06791341304779 -0.987532794475555
-1.04166662693024 -1.06135165691376 -0.980971157550812
1 1.20841686689865E-16 0
-1.04166662693024 -1.06791341304779 0.646325469017029
-1.04166662693024 -1.06135165691376 0.63976377248764
-1.04166662693024 -0.00492125982418656 0.63976377248764
1 1.20841686689865E-16 0
-1.04166662693024 -1.06135165691376 -0.980971157550812
-1.04166662693024 -0.979330718517303 -0.987532794475555
-1.04166662693024 -0.979330718517303 -0.980971157550812
1 1.20841686689865E-16 0
-1.04166662693024 -0.00492125982418656 0.63976377248764
-1.04166662693024 0.00164041994139552 0
-1.04166662693024 0.00164041994139552 0.646325469017029
1 1.20841686689865E-16 0
-1.04166662693024 0.00164041994139552 0
-1.04166662693024 -0.00492125982418656 0.63976377248764
-1.04166662693024 -0.00492125982418656 0
1 1.20841686689865E-16 0
-1.04166662693024 -0.00492125982418656 0.63976377248764
-1.04166662693024 0.00164041994139552 0.646325469017029
-1.04166662693024 -1.06791341304779 0.646325469017029
1 1.20841686689865E-16 0
-1.09087932109833 0.00164041994139552 0.646325469017029
-1.09087932109833 0.00164041994139552 0
-1.09087932109833 -0.00492125982418656 0.63976377248764
-1 -1.20841686689865E-16 0
-1.09087932109833 -0.00492125982418656 0.63976377248764
-1.09087932109833 0.00164041994139552 0
-1.09087932109833 -0.00492125982418656 6.61744490042422E-24
-1 -1.20841686689865E-16 0
-1.09087932109833 0.00164041994139552 0.646325469017029
-1.09087932109833 -0.00492125982418656 0.63976377248764
-1.09087932109833 -1.06135165691376 0.63976377248764
-1 -1.20841686689865E-16 0
-1.09087932109833 -0.979330718517303 -0.987532794475555
-1.09087932109833 -1.06791341304779 -0.987532794475555
-1.09087932109833 -1.06135165691376 -0.980971157550812
-1 -1.20841686689865E-16 0
-1.09087932109833 -1.06791341304779 -0.987532794475555
-1.09087932109833 -1.06135165691376 0.63976377248764
-1.09087932109833 -1.06135165691376 -0.980971157550812
-1 -1.20841686689865E-16 0
-1.09087932109833 -1.06135165691376 0.63976377248764
-1.09087932109833 -1.06791341304779 -0.987532794475555
-1.09087932109833 -1.06791341304779 0.646325469017029
-1 -1.20841686689865E-16 0
-1.09087932109833 -1.06135165691376 0.63976377248764
-1.09087932109833 -1.06791341304779 0.646325469017029
-1.09087932109833 0.00164041994139552 0.646325469017029
-1 -1.20841686689865E-16 0
-1.09087932109833 -1.06135165691376 -0.980971157550812
-1.09087932109833 -0.979330718517303 -0.980971157550812
-1.09087932109833 -0.979330718517303 -0.987532794475555
-1 -1.20841686689865E-16 0
-1.04166662693024 0.00164041994139552 0
-1.04166662693024 -0.00492125982418656 0
-1.09087932109833 0.00164041994139552 0
0 0 -1
-1.09087932109833 -0.00492125982418656 0
-1.09087932109833 0.00164041994139552 0
-1.04166662693024 -0.00492125982418656 0
0 0 -1
-1.04166662693024 0.00164041994139552 0.646325469017029
-1.04166662693024 0.00164041994139552 0
-1.09087932109833 0.00164041994139552 0
-1.18967335982486E-16 1 1.71774608073983E-16
-1.09087932109833 0.00164041994139552 0
-1.09087932109833 0.00164041994139552 0.646325469017029
-1.04166662693024 0.00164041994139552 0.646325469017029
-1.18967335982486E-16 1 1.71774608073983E-16
-1.04166662693024 -1.06791341304779 0.646325469017029
-1.04166662693024 0.00164041994139552 0.646325469017029
-1.09087932109833 0.00164041994139552 0.646325469017029
0 0 1
-1.09087932109833 0.00164041994139552 0.646325469017029
-1.09087932109833 -1.06791341304779 0.646325469017029
-1.04166662693024 -1.06791341304779 0.646325469017029
0 0 1
-1.04166662693024 -1.06791341304779 -0.987532794475555
-1.04166662693024 -1.06791341304779 0.646325469017029
-1.09087932109833 -1.06791341304779 0.646325469017029
0 -1 0
-1.09087932109833 -1.06791341304779 0.646325469017029
-1.09087932109833 -1.06791341304779 -0.987532794475555
-1.04166662693024 -1.06791341304779 -0.987532794475555
0 -1 0
-1.04166662693024 -1.06135165691376 0.63976377248764
-1.04166662693024 -1.06135165691376 -0.980971157550812
-1.09087932109833 -1.06135165691376 0.63976377248764
0 1 0
-1.09087932109833 -1.06135165691376 -0.980971157550812
-1.09087932109833 -1.06135165691376 0.63976377248764
-1.04166662693024 -1.06135165691376 -0.980971157550812
0 1 0
-1.04166662693024 -0.00492125982418656 0.63976377248764
-1.04166662693024 -1.06135165691376 0.63976377248764
-1.09087932109833 -1.06135165691376 0.63976377248764
0 0 -1
-1.09087932109833 -1.06135165691376 0.63976377248764
-1.09087932109833 -0.00492125982418656 0.63976377248764
-1.04166662693024 -0.00492125982418656 0.63976377248764
0 0 -1
-1.04166662693024 -0.00492125982418656 0
-1.04166662693024 -0.00492125982418656 0.63976377248764
-1.09087932109833 -0.00492125982418656 0.63976377248764
1.23373533611467E-16 -1 -3.47072797852048E-15
-1.09087932109833 -0.00492125982418656 0.63976377248764
-1.09087932109833 -0.00492125982418656 0
-1.04166662693024 -0.00492125982418656 0
1.23373533611467E-16 -1 -3.47072797852048E-15
-1.04166662693024 -0.979330718517303 -0.987532794475555
-1.04166662693024 -1.06791341304779 -0.987532794475555
-1.09087932109833 -1.06791341304779 -0.987532794475555
0 0 -1
-1.09087932109833 -1.06791341304779 -0.987532794475555
-1.09087932109833 -0.979330718517303 -0.987532794475555
-1.04166662693024 -0.979330718517303 -0.987532794475555
0 0 -1
-1.04166662693024 -0.979330718517303 -0.980971157550812
-1.04166662693024 -0.979330718517303 -0.987532794475555
-1.09087932109833 -0.979330718517303 -0.987532794475555
0 1 0
-1.09087932109833 -0.979330718517303 -0.987532794475555
-1.09087932109833 -0.979330718517303 -0.980971157550812
-1.04166662693024 -0.979330718517303 -0.980971157550812
0 1 0
-1.04166662693024 -1.06135165691376 -0.980971157550812
-1.04166662693024 -0.979330718517303 -0.980971157550812
-1.09087932109833 -0.979330718517303 -0.980971157550812
0 0 1
-1.09087932109833 -0.979330718517303 -0.980971157550812
-1.09087932109833 -1.06135165691376 -0.980971157550812
-1.04166662693024 -1.06135165691376 -0.980971157550812
0 0 1
1.04166662693024 0.00492125982418656 0.649606287479401
1.04166662693024 -0.00492125982418656 0.63976377248764
1.04166662693024 0.00492125982418656 0
1 1.20841686689865E-16 0
1.04166662693024 -0.00492125982418656 0.63976377248764
1.04166662693024 0.00492125982418656 0.649606287479401
1.04166662693024 -1.06135165691376 0.63976377248764
1 1.20841686689865E-16 0
1.04166662693024 -0.00492125982418656 0
1.04166662693024 0.00492125982418656 0
1.04166662693024 -0.00492125982418656 0.63976377248764
1 1.20841686689865E-16 0
1.04166662693024 -1.06135165691376 0.63976377248764
1.04166662693024 -1.07119417190552 0.649606287479401
1.04166662693024 -1.06135165691376 -0.980971157550812
1 1.20841686689865E-16 0
1.04166662693024 -1.07119417190552 0.649606287479401
1.04166662693024 -1.06135165691376 0.63976377248764
1.04166662693024 0.00492125982418656 0.649606287479401
1 1.20841686689865E-16 0
1.04166662693024 -0.979330718517303 -0.990813672542572
1.04166662693024 -1.06135165691376 -0.980971157550812
1.04166662693024 -1.07119417190552 -0.990813672542572
1 1.20841686689865E-16 0
1.04166662693024 -0.979330718517303 -0.990813672542572
1.04166662693024 -0.979330718517303 -0.980971157550812
1.04166662693024 -1.06135165691376 -0.980971157550812
1 1.20841686689865E-16 0
1.04166662693024 -1.07119417190552 -0.990813672542572
1.04166662693024 -1.06135165691376 -0.980971157550812
1.04166662693024 -1.07119417190552 0.649606287479401
1 1.20841686689865E-16 0
-1.04166662693024 -1.07119417190552 0.649606287479401
-1.04166662693024 -1.06135165691376 0.63976377248764
-1.04166662693024 -1.06135165691376 -0.980971157550812
-1 -1.20841686689865E-16 0
-1.04166662693024 -1.06135165691376 0.63976377248764
-1.04166662693024 -1.07119417190552 0.649606287479401
-1.04166662693024 -0.00492125982418656 0.63976377248764
-1 -1.20841686689865E-16 0
-1.04166662693024 -1.07119417190552 -0.990813672542572
-1.04166662693024 -1.06135165691376 -0.980971157550812
-1.04166662693024 -0.979330718517303 -0.990813672542572
-1 -1.20841686689865E-16 0
-1.04166662693024 -1.06135165691376 -0.980971157550812
-1.04166662693024 -1.07119417190552 -0.990813672542572
-1.04166662693024 -1.07119417190552 0.649606287479401
-1 -1.20841686689865E-16 0
-1.04166662693024 -0.979330718517303 -0.980971157550812
-1.04166662693024 -0.979330718517303 -0.990813672542572
-1.04166662693024 -1.06135165691376 -0.980971157550812
-1 -1.20841686689865E-16 0
-1.04166662693024 -0.00492125982418656 0.63976377248764
-1.04166662693024 0.00492125982418656 0.649606287479401
-1.04166662693024 0.00492125982418656 0
-1 -1.20841686689865E-16 0
-1.04166662693024 0.00492125982418656 0.649606287479401
-1.04166662693024 -0.00492125982418656 0.63976377248764
-1.04166662693024 -1.07119417190552 0.649606287479401
-1 -1.20841686689865E-16 0
-1.04166662693024 0.00492125982418656 0
-1.04166662693024 -0.00492125982418656 0
-1.04166662693024 -0.00492125982418656 0.63976377248764
-1 -1.20841686689865E-16 0
1.04166662693024 -1.07119417190552 0.649606287479401
1.04166662693024 0.00492125982418656 0.649606287479401
-1.04166662693024 0.00492125982418656 0.649606287479401
0 0 1
-1.04166662693024 0.00492125982418656 0.649606287479401
-1.04166662693024 -1.07119417190552 0.649606287479401
1.04166662693024 -1.07119417190552 0.649606287479401
0 0 1
1.04166662693024 -1.07119417190552 -0.990813672542572
1.04166662693024 -1.07119417190552 0.649606287479401
-1.04166662693024 -1.07119417190552 0.649606287479401
1.06581410312849E-16 -1 0
-1.04166662693024 -1.07119417190552 0.649606287479401
-1.04166662693024 -1.07119417190552 -0.990813672542572
1.04166662693024 -1.07119417190552 -0.990813672542572
1.06581410312849E-16 -1 0
1.04166662693024 -1.06135165691376 0.63976377248764
1.04166662693024 -1.06135165691376 -0.980971157550812
-1.04166662693024 -1.06135165691376 -0.980971157550812
-1.06581410312849E-16 1 0
-1.04166662693024 -1.06135165691376 -0.980971157550812
-1.04166662693024 -1.06135165691376 0.63976377248764
1.04166662693024 -1.06135165691376 0.63976377248764
-1.06581410312849E-16 1 0
1.04166662693024 -0.00492125982418656 0.63976377248764
1.04166662693024 -1.06135165691376 0.63976377248764
-1.04166662693024 -1.06135165691376 0.63976377248764
0 0 -1
-1.04166662693024 -1.06135165691376 0.63976377248764
-1.04166662693024 -0.00492125982418656 0.63976377248764
1.04166662693024 -0.00492125982418656 0.63976377248764
0 0 -1
1.04166662693024 -0.00492125982418656 0
1.04166662693024 -0.00492125982418656 0.63976377248764
-1.04166662693024 -0.00492125982418656 0
2.13162820625697E-16 -1 0
-1.04166662693024 -0.00492125982418656 0.63976377248764
-1.04166662693024 -0.00492125982418656 0
1.04166662693024 -0.00492125982418656 0.63976377248764
2.13162820625697E-16 -1 0
1.04166662693024 0.00492125982418656 0
1.04166662693024 -0.00492125982418656 0
-1.04166662693024 -0.00492125982418656 0
0 0 -1
-1.04166662693024 -0.00492125982418656 0
-1.04166662693024 0.00492125982418656 0
1.04166662693024 0.00492125982418656 0
0 0 -1
1.04166662693024 0.00492125982418656 0.649606287479401
1.04166662693024 0.00492125982418656 0
-1.04166662693024 0.00492125982418656 0.649606287479401
-1.06581410312849E-16 1 -1.70907059548357E-16
-1.04166662693024 0.00492125982418656 0
-1.04166662693024 0.00492125982418656 0.649606287479401
1.04166662693024 0.00492125982418656 0
-1.06581410312849E-16 1 -1.70907059548357E-16
1.04166662693024 -0.979330718517303 -0.990813672542572
1.04166662693024 -1.07119417190552 -0.990813672542572
-1.04166662693024 -1.07119417190552 -0.990813672542572
0 0 -1
-1.04166662693024 -1.07119417190552 -0.990813672542572
-1.04166662693024 -0.979330718517303 -0.990813672542572
1.04166662693024 -0.979330718517303 -0.990813672542572
0 0 -1
1.04166662693024 -0.979330718517303 -0.980971157550812
1.04166662693024 -0.979330718517303 -0.990813672542572
-1.04166662693024 -0.979330718517303 -0.990813672542572
-1.06581410312849E-16 1 0
-1.04166662693024 -0.979330718517303 -0.990813672542572
-1.04166662693024 -0.979330718517303 -0.980971157550812
1.04166662693024 -0.979330718517303 -0.980971157550812
-1.06581410312849E-16 1 0
1.04166662693024 -1.06135165691376 -0.980971157550812
1.04166662693024 -0.979330718517303 -0.980971157550812
-1.04166662693024 -1.06135165691376 -0.980971157550812
0 0 1
-1.04166662693024 -0.979330718517303 -0.980971157550812
-1.04166662693024 -1.06135165691376 -0.980971157550812
1.04166662693024 -0.979330718517303 -0.980971157550812
0 0 1
[HEADER]
1122440,AL복합패널_(지정색1)폭297,6
9590.60334417934 4263.23034041189 39.6981627296752
1
0 1 0
-1 0 0
0 0 1
[HEADER]
1122441,AL복합패널_(지정색1)폭297,6
9590.60334417934 4267.16734828591 39.6981627296752
1
0 1 0
-1 0 0
0 0 1
[HEADER]
1122442,AL복합패널_(지정색1)폭297,6
9590.60334417934 4271.10435615993 39.6981627296752
1
0 1 0
-1 0 0
0 0 1
[HEADER]
1122443,AL복합패널_(지정색1)폭297,6
9590.60334417934 4275.04136403394 39.6981627296752
1
0 1 0
-1 0 0
0 0 1
[HEADER]
1122444,AL복합패널_(지정색1)폭297,6
9590.60334417934 4278.97837190796 39.6981627296752
1
0 1 0
-1 0 0
0 0 1
[HEADER]
1122445,AL복합패널_(지정색1)폭297,6
9590.60334417934 4281.66045453834 39.6981627296752
1
0 1 0
-1 0 0
0 0 1
[LEVEL]
PHR
[LEVEL]
PILE
[LEVEL]
B1F
[HEADER]
1952473,투명강화유리(커튼월),54
9638.33466259211 4278.51085222192 -11.6797900262467
1
-1 0 0
0 -1 0
0 0 1
-1.64041996002197 -0.0393700785934925 7.93963241577148
-1.64041996002197 -0.0393700785934925 0
1.64041996002197 -0.0393700785934925 0
0 -1 0
1.64041996002197 -0.0393700785934925 0
1.64041996002197 -0.0393700785934925 7.93963241577148
-1.64041996002197 -0.0393700785934925 7.93963241577148
0 -1 0
1.64041996002197 0.0393700785934925 7.93963241577148
1.64041996002197 0.0393700785934925 0
-1.64041996002197 0.0393700785934925 0
0 1 0
-1.64041996002197 0.0393700785934925 0
-1.64041996002197 0.0393700785934925 7.93963241577148
1.64041996002197 0.0393700785934925 7.93963241577148
0 1 0
1.64041996002197 -0.0393700785934925 0
-1.64041996002197 -0.0393700785934925 0
-1.64041996002197 0.0393700785934925 0
0 0 -1
-1.64041996002197 0.0393700785934925 0
1.64041996002197 0.0393700785934925 0
1.64041996002197 -0.0393700785934925 0
0 0 -1
1.64041996002197 -0.0393700785934925 7.93963241577148
1.64041996002197 -0.0393700785934925 0
1.64041996002197 0.0393700785934925 0
1 0 0
1.64041996002197 0.0393700785934925 0
1.64041996002197 0.0393700785934925 7.93963241577148
1.64041996002197 -0.0393700785934925 7.93963241577148
1 0 0
-1.64041996002197 -0.0393700785934925 7.93963241577148
1.64041996002197 -0.0393700785934925 7.93963241577148
1.64041996002197 0.0393700785934925 7.93963241577148
0 0 1
1.64041996002197 0.0393700785934925 7.93963241577148
-1.64041996002197 0.0393700785934925 7.93963241577148
-1.64041996002197 -0.0393700785934925 7.93963241577148
0 0 1
-1.64041996002197 -0.0393700785934925 0
-1.64041996002197 -0.0393700785934925 7.93963241577148
-1.64041996002197 0.0393700785934925 7.93963241577148
-1 0 0
-1.64041996002197 0.0393700785934925 7.93963241577148
-1.64041996002197 0.0393700785934925 0
-1.64041996002197 -0.0393700785934925 0
-1 0 0
[HEADER]
1952475,투명강화유리(커튼월),6
9623.30841587295 4279.13421180197 -11.6797900262467
1
0 1 0
-1 0 0
0 0 1
[HEADER]
1952477,투명강화유리(커튼월),6
9623.30841587295 4279.16702020092 19.6850393700952
1
0 1 0
-1 0 0
0 0 1
[HEADER]
1952483,투명강화유리(커튼월),6
9640.04069933752 4279.16702020092 -11.6797900262467
1
0 1 0
-1 0 0
0 0 1
[HEADER]
1952485,투명강화유리(커튼월),6
9640.04069933752 4279.19982859987 19.6850393700952
1
0 1 0
-1 0 0
0 0 1
[HEADER]
1952493,투명강화유리(커튼월),6
9624.98164421941 4278.51085222192 -11.6797900262467
1
-1 0 0
0 -1 0
0 0 1
[HEADER]
1952496,투명강화유리(커튼월),6
9628.32810091232 4278.51085222192 -11.6797900262467
1
-1 0 0
0 -1 0
0 0 1
[HEADER]
1952499,투명강화유리(커튼월),6
9631.67455760523 4278.51085222192 -11.6797900262467
1
-1 0 0
0 -1 0
0 0 1
[HEADER]
1952502,투명강화유리(커튼월),6
9635.02101429815 4278.51085222192 -11.6797900262467
1
-1 0 0
0 -1 0
0 0 1
[HEADER]
1952506,투명강화유리(커튼월),6
9623.30841587295 4281.26675773373 -4.8556430446194
1
0 1 0
-1 0 0
0 0 1
[HEADER]
1952514,투명강화유리(커튼월),6
9640.04069933752 4281.26675773373 -4.8556430446194
1
0 1 0
-1 0 0
0 0 1
[HEADER]
1952525,투명강화유리(커튼월),6
9617.66512364296 4246.17407400669 -11.6797900262467
1
0 1 0
-1 0 0
0 0 1
[HEADER]
1952527,투명강화유리(커튼월),6
9615.15293766621 4259.01610156575 -11.6797900262467
1
-1 0 0
0 -1 0
0 0 1
[HEADER]
1952529,투명강화유리(커튼월),6
9611.76898566021 4259.01610156575 -11.6797900262467
1
-1 0 0
0 -1 0
0 0 1
[HEADER]
1952531,투명강화유리(커튼월),6
9608.31941685631 4259.01610156575 -11.6797900262467
1
-1 0 0
0 -1 0
0 0 1
[HEADER]
1952533,투명강화유리(커튼월),6
9604.86984805241 4259.01610156575 -11.6797900262467
1
-1 0 0
0 -1 0
0 0 1
[HEADER]
1952535,투명강화유리(커튼월),6
9601.42027924851 4259.01610156575 -11.6797900262467
1
-1 0 0
0 -1 0
0 0 1
[HEADER]
1952537,투명강화유리(커튼월),6
9598.00351884356 4259.01610156575 -11.6797900262467
1
-1 0 0
0 -1 0
0 0 1
[HEADER]
1952541,투명강화유리(커튼월),6
9615.21855446411 4259.01610156575 19.6850393700951
1
-1 0 0
0 -1 0
0 0 1
[HEADER]
1952542,투명강화유리(커튼월),6
9611.76898566021 4259.01610156575 19.6850393700951
1
-1 0 0
0 -1 0
0 0 1
[HEADER]
1952543,투명강화유리(커튼월),6
9608.31941685631 4259.01610156575 19.6850393700951
1
-1 0 0
0 -1 0
0 0 1
[HEADER]
1952544,투명강화유리(커튼월),6
9604.86984805241 4259.01610156575 19.6850393700951
1
-1 0 0
0 -1 0
0 0 1
[HEADER]
1952545,투명강화유리(커튼월),6
9601.42027924851 4259.01610156575 19.6850393700951
1
-1 0 0
0 -1 0
0 0 1
[HEADER]
1952546,투명강화유리(커튼월),6
9597.97071044461 4259.01610156575 19.6850393700951
1
-1 0 0
0 -1 0
0 0 1
[HEADER]
1952547,투명강화유리(커튼월),6
9594.55395003966 4259.01610156575 -4.85564304461943
1
-1 0 0
0 -1 0
0 0 1
[HEADER]
1952569,투명강화유리(커튼월),6
9617.66512364296 4249.31547820616 -11.6797900262467
1
0 1 0
-1 0 0
0 0 1
[HEADER]
1952571,투명강화유리(커튼월),6
9617.66512364296 4252.55530760249 -11.6797900262467
1
0 1 0
-1 0 0
0 0 1
[HEADER]
1952573,투명강화유리(커튼월),6
9617.66512364296 4255.69671180197 -11.6797900262467
1
0 1 0
-1 0 0
0 0 1
[HEADER]
1952627,투명강화유리(커튼월),6
9656.1491280009 4245.72049789123 -11.6797900262467
1
0 1 0
-1 0 0
0 0 1
[HEADER]
1952629,투명강화유리(커튼월),6
9647.85307553223 4282.94654775997 -11.6797900262467
1
1 0 0
0 1 0
0 0 1
[HEADER]
1952635,투명강화유리(커튼월),6
9656.1491280009 4276.88191521404 -11.6797900262467
1
0 1 0
-1 0 0
0 0 1
[HEADER]
1952637,투명강화유리(커튼월),6
9656.1491280009 4273.00724329804 -11.6797900262467
1
0 1 0
-1 0 0
0 0 1
[HEADER]
1952639,투명강화유리(커튼월),6
9656.1491280009 4269.09976298308 -11.6797900262467
1
0 1 0
-1 0 0
0 0 1
[HEADER]
1952641,투명강화유리(커튼월),6
9656.1491280009 4265.19228266812 -11.6797900262467
1
0 1 0
-1 0 0
0 0 1
[HEADER]
1952643,투명강화유리(커튼월),6
9656.1491280009 4261.28480235316 -11.6797900262467
1
0 1 0
-1 0 0
0 0 1
[HEADER]
1952645,투명강화유리(커튼월),6
9656.1491280009 4255.87797820619 -11.6797900262467
1
0 1 0
-1 0 0
0 0 1
[HEADER]
1952647,투명강화유리(커튼월),6
9656.1491280009 4251.79661337679 -11.6797900262467
1
0 1 0
-1 0 0
0 0 1
[HEADER]
1952649,투명강화유리(커튼월),6
9656.1491280009 4249.56236140829 -11.6797900262467
1
0 1 0
-1 0 0
0 0 1
[HEADER]
1952651,투명강화유리(커튼월),6
9656.1491280009 4282.54792571273 -11.6797900262467
1
0 1 0
-1 0 0
0 0 1
[HEADER]
1952655,투명강화유리(커튼월),6
9656.1491280009 4245.65488109333 19.6850393700952
1
0 1 0
-1 0 0
0 0 1
[HEADER]
1952656,투명강화유리(커튼월),6
9656.1491280009 4249.56236140829 19.6850393700952
1
0 1 0
-1 0 0
0 0 1
[HEADER]
1952657,투명강화유리(커튼월),6
9656.1491280009 4251.82942177574 19.6850393700952
1
0 1 0
-1 0 0
0 0 1
[HEADER]
1952658,투명강화유리(커튼월),6
9656.1491280009 4253.78316193322 -4.8556430446194
1
0 1 0
-1 0 0
0 0 1
[HEADER]
1952659,투명강화유리(커튼월),6
9656.1491280009 4257.3773220382 19.6850393700952
1
0 1 0
-1 0 0
0 0 1
[HEADER]
1952660,투명강화유리(커튼월),6
9656.1491280009 4261.28480235316 19.6850393700952
1
0 1 0
-1 0 0
0 0 1
[HEADER]
1952661,투명강화유리(커튼월),6
9656.1491280009 4265.19228266812 19.6850393700952
1
0 1 0
-1 0 0
0 0 1
[HEADER]
1952662,투명강화유리(커튼월),6
9656.1491280009 4269.09976298308 19.6850393700952
1
0 1 0
-1 0 0
0 0 1
[HEADER]
1952663,투명강화유리(커튼월),6
9656.1491280009 4273.00724329804 19.6850393700952
1
0 1 0
-1 0 0
0 0 1
[HEADER]
1952664,투명강화유리(커튼월),6
9656.1491280009 4276.91472361299 19.6850393700952
1
0 1 0
-1 0 0
0 0 1
[HEADER]
1952665,투명강화유리(커튼월),6
9656.1491280009 4280.50888371798 -4.8556430446194
1
0 1 0
-1 0 0
0 0 1
[HEADER]
1952666,투명강화유리(커튼월),6
9656.1491280009 4282.46262387546 19.6850393700952
1
0 1 0
-1 0 0
0 0 1
[HEADER]
1952702,투명강화유리(커튼월),6
9652.31899503403 4282.94654775997 -11.6797900262467
1
1 0 0
0 1 0
0 0 1
[HEADER]
1952706,투명강화유리(커튼월),6
9656.31751865608 4282.94654775997 -11.6797900262467
1
1 0 0
0 1 0
0 0 1
[HEADER]
1952710,투명강화유리(커튼월),6
9648.00046571694 4282.81531416417 19.6850393700951
1
1 0 0
0 1 0
0 0 1
[HEADER]
1952711,투명강화유리(커튼월),6
9650.18644910228 4282.94654775997 -4.85564304461943
1
1 0 0
0 1 0
0 0 1
[HEADER]
1952712,투명강화유리(커튼월),6
9652.31899503403 4282.81531416417 19.6850393700951
1
1 0 0
0 1 0
0 0 1
[HEADER]
1952713,투명강화유리(커튼월),6
9654.45154096579 4282.94654775997 -4.85564304461943
1
1 0 0
0 1 0
0 0 1
[HEADER]
1952714,투명강화유리(커튼월),6
9656.35032705504 4282.81531416417 19.6850393700951
1
1 0 0
0 1 0
0 0 1
[HEADER]
1953035,BIM-H_Folding-Doors(CP),2118
9662.74361618988 4256.26675773377 -11.8110236220472
1
-1 0 0
0 -1 0
0 0 1
-3.33432137406491E-16 6.88338275267597E-14 8.20209980010986
-0.164041996002197 6.57540699406517E-14 7.87401580810547
-2.01224851608276 6.90371425391551E-14 7.87401580810547
1.77635683940025E-15 1 -1.02752821442426E-14
-0.164041996002197 6.57540699406517E-14 7.87401580810547
-3.33432137406491E-16 6.88338275267597E-14 8.20209980010986
-0.164041996002197 -1.00969308868687E-14 0.492125988006592
1.77635683940025E-15 1 -1.02752821442426E-14
-2.17629051208496 7.26996926742919E-14 8.20209980010986
-2.01224851608276 6.90371425391551E-14 7.87401580810547
-2.01224851608276 -6.81385659429944E-15 0.492125988006592
1.77635683940025E-15 1 -1.02752821442426E-14
-2.01224851608276 6.90371425391551E-14 7.87401580810547
-2.17629051208496 7.26996926742919E-14 8.20209980010986
-3.33432137406491E-16 6.88338275267597E-14 8.20209980010986
1.77635683940025E-15 1 -1.02752821442426E-14
-0.164041996002197 -1.00969308868687E-14 0.492125988006592
-3.33432137406491E-16 -1.54450613404486E-14 -8.88178419700125E-15
-2.01224851608276 -6.81385659429944E-15 0.492125988006592
1.77635683940025E-15 1 -1.02752821442426E-14
-3.33432137406491E-16 -1.54450613404486E-14 -8.88178419700125E-15
-0.164041996002197 -1.00969308868687E-14 0.492125988006592
-3.33432137406491E-16 6.88338275267597E-14 8.20209980010986
1.77635683940025E-15 1 -1.02752821442426E-14
-2.01224851608276 -6.81385659429944E-15 0.492125988006592
-2.17629051208496 -1.15791928047846E-14 -7.105427357601E-15
-2.17629051208496 7.26996926742919E-14 8.20209980010986
1.77635683940025E-15 1 -1.02752821442426E-14
-2.17629051208496 -1.15791928047846E-14 -7.105427357601E-15
-2.01224851608276 -6.81385659429944E-15 0.492125988006592
-3.33432137406491E-16 -1.54450613404486E-14 -8.88178419700125E-15
1.77635683940025E-15 1 -1.02752821442426E-14
-5.665498452323E-16 -0.131233602762222 -7.105427357601E-15
-0.164041996002197 -0.131233602762222 0.492125988006592
-2.01224851608276 -0.131233602762222 0.492125988006592
-1.77635683940025E-15 -1 1.02752821442426E-14
-0.164041996002197 -0.131233602762222 0.492125988006592
-5.665498452323E-16 -0.131233602762222 -7.105427357601E-15
-5.665498452323E-16 -0.131233602762222 8.20209980010986
-1.77635683940025E-15 -1 1.02752821442426E-14
-2.17629051208496 -0.131233602762222 -7.105427357601E-15
-2.01224851608276 -0.131233602762222 0.492125988006592
-2.17629051208496 -0.131233602762222 8.20209980010986
-1.77635683940025E-15 -1 1.02752821442426E-14
-2.01224851608276 -0.131233602762222 0.492125988006592
-2.17629051208496 -0.131233602762222 -7.105427357601E-15
-5.665498452323E-16 -0.131233602762222 -7.105427357601E-15
-1.77635683940025E-15 -1 1.02752821442426E-14
-0.164041996002197 -0.131233602762222 7.87401580810547
-5.665498452323E-16 -0.131233602762222 8.20209980010986
-2.01224851608276 -0.131233602762222 7.87401580810547
-1.77635683940025E-15 -1 1.02752821442426E-14
-5.665498452323E-16 -0.131233602762222 8.20209980010986
-0.164041996002197 -0.131233602762222 7.87401580810547
-0.164041996002197 -0.131233602762222 0.492125988006592
-1.77635683940025E-15 -1 1.02752821442426E-14
-2.01224851608276 -0.131233602762222 7.87401580810547
-2.17629051208496 -0.131233602762222 8.20209980010986
-2.01224851608276 -0.131233602762222 0.492125988006592
-1.77635683940025E-15 -1 1.02752821442426E-14
-2.17629051208496 -0.131233602762222 8.20209980010986
-2.01224851608276 -0.131233602762222 7.87401580810547
-5.665498452323E-16 -0.131233602762222 8.20209980010986
-1.77635683940025E-15 -1 1.02752821442426E-14
-3.33432137406491E-16 -1.54321000422897E-14 -8.88178419700125E-15
-3.33432137406491E-16 6.88338275267597E-14 8.20209980010986
-5.665498452323E-16 -0.131233602762222 -7.105427357601E-15
1 -1.77635683940025E-15 0
-5.665498452323E-16 -0.131233602762222 8.20209980010986
-5.665498452323E-16 -0.131233602762222 -7.105427357601E-15
-3.33432137406491E-16 6.88338275267597E-14 8.20209980010986
1 -1.77635683940025E-15 0
-2.17629051208496 -1.15662315066257E-14 -7.99360577730113E-15
-3.33432137406491E-16 -1.54321000422897E-14 -8.88178419700125E-15
-5.665498452323E-16 -0.131233602762222 -7.105427357601E-15
-4.08115752248119E-16 -1.35358391162299E-14 -1
-5.665498452323E-16 -0.131233602762222 -7.105427357601E-15
-2.17629051208496 -0.131233602762222 -6.21724893790088E-15
-2.17629051208496 -1.15662315066257E-14 -7.99360577730113E-15
-4.08115752248119E-16 -1.35358391162299E-14 -1
-2.17629051208496 7.26996926742919E-14 8.20209980010986
-2.17629051208496 -1.15662315066257E-14 -7.105427357601E-15
-2.17629051208496 -0.131233602762222 8.20209980010986
-1 1.77635683940025E-15 0
-2.17629051208496 -0.131233602762222 -7.105427357601E-15
-2.17629051208496 -0.131233602762222 8.20209980010986
-2.17629051208496 -1.15662315066257E-14 -7.105427357601E-15
-1 1.77635683940025E-15 0
-4.44089209850063E-16 6.88338275267597E-14 8.20209980010986
-2.17629051208496 7.26996926742919E-14 8.20209980010986
-2.17629051208496 -0.131233602762222 8.20209980010986
2.40444803911364E-29 1.35358391162299E-14 1
-2.17629051208496 -0.131233602762222 8.20209980010986
-8.88178419700125E-16 -0.131233602762222 8.20209980010986
-4.44089209850063E-16 6.88338275267597E-14 8.20209980010986
2.40444803911364E-29 1.35358391162299E-14 1
-0.164041996002197 6.57668025399148E-14 7.87401580810547
-0.164041996002197 -1.00891881586978E-14 0.492125988006592
-0.164041996002197 -0.131233602762222 0.492125988006592
-1 1.77635683940025E-15 0
-0.164041996002197 -0.131233602762222 0.492125988006592
-0.164041996002197 -0.131233602762222 7.87401580810547
-0.164041996002197 6.57668025399148E-14 7.87401580810547
-1 1.77635683940025E-15 0
-2.01224851608276 6.90498751384182E-14 7.87401580810547
-0.164041996002197 6.57668025399148E-14 7.87401580810547
-0.164041996002197 -0.131233602762222 7.87401580810547
-2.40444803911364E-29 -1.35358391162299E-14 -1
-0.164041996002197 -0.131233602762222 7.87401580810547
-2.01224851608276 -0.131233602762222 7.87401580810547
-2.01224851608276 6.90498751384182E-14 7.87401580810547
-2.40444803911364E-29 -1.35358391162299E-14 -1
-2.01224851608276 -6.80611386612859E-15 0.492125988006592
-2.01224851608276 6.90498751384182E-14 7.87401580810547
-2.01224851608276 -0.131233602762222 0.492125988006592
1 -1.77635683940025E-15 0
-2.01224851608276 -0.131233602762222 7.87401580810547
-2.01224851608276 -0.131233602762222 0.492125988006592
-2.01224851608276 6.90498751384182E-14 7.87401580810547
1 -1.77635683940025E-15 0
-0.164041996002197 -1.00891881586978E-14 0.492125988006592
-2.01224851608276 -6.80611386612859E-15 0.492125988006592
-2.01224851608276 -0.131233602762222 0.492125988006592
1.20222401955682E-29 6.76791955811495E-15 1
-2.01224851608276 -0.131233602762222 0.492125988006592
-0.164041996002197 -0.131233602762222 0.492125988006592
-0.164041996002197 -1.00891881586978E-14 0.492125988006592
1.20222401955682E-29 6.76791955811495E-15 1
-0.164041996002197 -0.0328084006905556 7.87401580810547
-0.164041996002197 -0.0328084006905556 0.492125988006592
-2.01224851608276 -0.0328084006905556 0.492125988006592
1.77635683940025E-15 1 -1.02752821442426E-14
-2.01224851608276 -0.0328084006905556 0.492125988006592
-2.01224851608276 -0.0328084006905556 7.87401580810547
-0.164041996002197 -0.0328084006905556 7.87401580810547
1.77635683940025E-15 1 -1.02752821442426E-14
-2.01224851608276 -0.0984251946210861 7.87401580810547
-2.01224851608276 -0.0984251946210861 0.492125988006592
-0.164041996002197 -0.0984251946210861 0.492125988006592
-1.77635683940025E-15 -1 1.02752821442426E-14
-0.164041996002197 -0.0984251946210861 0.492125988006592
-0.164041996002197 -0.0984251946210861 7.87401580810547
-2.01224851608276 -0.0984251946210861 7.87401580810547
-1.77635683940025E-15 -1 1.02752821442426E-14
-2.01224851608276 -0.0328084006905556 0.492125988006592
-0.164041996002197 -0.0328084006905556 0.492125988006592
-0.164041996002197 -0.0984251946210861 0.492125988006592
-1.80333602933523E-29 -1.01518793371724E-14 -1
-0.164041996002197 -0.0984251946210861 0.492125988006592
-2.01224851608276 -0.0984251946210861 0.492125988006592
-2.01224851608276 -0.0328084006905556 0.492125988006592
-1.80333602933523E-29 -1.01518793371724E-14 -1
-2.01224851608276 -0.0328084006905556 7.87401580810547
-2.01224851608276 -0.0328084006905556 0.492125988006592
-2.01224851608276 -0.0984251946210861 0.492125988006592
-1 1.77635683940025E-15 0
-2.01224851608276 -0.0984251946210861 0.492125988006592
-2.01224851608276 -0.0984251946210861 7.87401580810547
-2.01224851608276 -0.0328084006905556 7.87401580810547
-1 1.77635683940025E-15 0
-0.164041996002197 -0.0328084006905556 7.87401580810547
-2.01224851608276 -0.0328084006905556 7.87401580810547
-2.01224851608276 -0.0984251946210861 7.87401580810547
2.40444803911364E-29 1.35358391162299E-14 1
-2.01224851608276 -0.0984251946210861 7.87401580810547
-0.164041996002197 -0.0984251946210861 7.87401580810547
-0.164041996002197 -0.0328084006905556 7.87401580810547
2.40444803911364E-29 1.35358391162299E-14 1
-0.164041996002197 -0.0328084006905556 0.492125988006592
-0.164041996002197 -0.0328084006905556 7.87401580810547
-0.164041996002197 -0.0984251946210861 0.492125988006592
1 -1.77635683940025E-15 0
-0.164041996002197 -0.0984251946210861 7.87401580810547
-0.164041996002197 -0.0984251946210861 0.492125988006592
-0.164041996002197 -0.0328084006905556 7.87401580810547
1 -1.77635683940025E-15 0
2.17629051208496 6.88338275267597E-14 8.20209980010986
2.01224851608276 6.57540699406517E-14 7.87401580810547
0.164041996002197 6.90371425391551E-14 7.87401580810547
1.77635683940025E-15 1 -1.02752821442426E-14
2.01224851608276 6.57540699406517E-14 7.87401580810547
2.17629051208496 6.88338275267597E-14 8.20209980010986
2.01224851608276 -1.00969308868687E-14 0.492125988006592
1.77635683940025E-15 1 -1.02752821442426E-14
-5.32907051820075E-15 7.26996926742919E-14 8.20209980010986
0.164041996002197 6.90371425391551E-14 7.87401580810547
0.164041996002197 -6.81385659429944E-15 0.492125988006592
1.77635683940025E-15 1 -1.02752821442426E-14
0.164041996002197 6.90371425391551E-14 7.87401580810547
-5.32907051820075E-15 7.26996926742919E-14 8.20209980010986
2.17629051208496 6.88338275267597E-14 8.20209980010986
1.77635683940025E-15 1 -1.02752821442426E-14
2.01224851608276 -1.00969308868687E-14 0.492125988006592
2.17629051208496 -1.54450613404486E-14 -8.88178419700125E-15
0.164041996002197 -6.81385659429944E-15 0.492125988006592
1.77635683940025E-15 1 -1.02752821442426E-14
2.17629051208496 -1.54450613404486E-14 -8.88178419700125E-15
2.01224851608276 -1.00969308868687E-14 0.492125988006592
2.17629051208496 6.88338275267597E-14 8.20209980010986
1.77635683940025E-15 1 -1.02752821442426E-14
0.164041996002197 -6.81385659429944E-15 0.492125988006592
-5.32907051820075E-15 -1.15791928047846E-14 -7.105427357601E-15
-5.32907051820075E-15 7.26996926742919E-14 8.20209980010986
1.77635683940025E-15 1 -1.02752821442426E-14
-5.32907051820075E-15 -1.15791928047846E-14 -7.105427357601E-15
0.164041996002197 -6.81385659429944E-15 0.492125988006592
2.17629051208496 -1.54450613404486E-14 -8.88178419700125E-15
1.77635683940025E-15 1 -1.02752821442426E-14
2.17629051208496 -0.131233602762222 -7.105427357601E-15
2.01224851608276 -0.131233602762222 0.492125988006592
0.164041996002197 -0.131233602762222 0.492125988006592
-1.77635683940025E-15 -1 1.02752821442426E-14
2.01224851608276 -0.131233602762222 0.492125988006592
2.17629051208496 -0.131233602762222 -7.105427357601E-15
2.17629051208496 -0.131233602762222 8.20209980010986
-1.77635683940025E-15 -1 1.02752821442426E-14
-5.77315972805081E-15 -0.131233602762222 -7.105427357601E-15
0.164041996002197 -0.131233602762222 0.492125988006592
-5.77315972805081E-15 -0.131233602762222 8.20209980010986
-1.77635683940025E-15 -1 1.02752821442426E-14
0.164041996002197 -0.131233602762222 0.492125988006592
-5.77315972805081E-15 -0.131233602762222 -7.105427357601E-15
2.17629051208496 -0.131233602762222 -7.105427357601E-15
-1.77635683940025E-15 -1 1.02752821442426E-14
2.01224851608276 -0.131233602762222 7.87401580810547
2.17629051208496 -0.131233602762222 8.20209980010986
0.164041996002197 -0.131233602762222 7.87401580810547
-1.77635683940025E-15 -1 1.02752821442426E-14
2.17629051208496 -0.131233602762222 8.20209980010986
2.01224851608276 -0.131233602762222 7.87401580810547
2.01224851608276 -0.131233602762222 0.492125988006592
-1.77635683940025E-15 -1 1.02752821442426E-14
0.164041996002197 -0.131233602762222 7.87401580810547
-5.77315972805081E-15 -0.131233602762222 8.20209980010986
0.164041996002197 -0.131233602762222 0.492125988006592
-1.77635683940025E-15 -1 1.02752821442426E-14
-5.77315972805081E-15 -0.131233602762222 8.20209980010986
0.164041996002197 -0.131233602762222 7.87401580810547
2.17629051208496 -0.131233602762222 8.20209980010986
-1.77635683940025E-15 -1 1.02752821442426E-14
2.17629051208496 -1.54321000422897E-14 -8.88178419700125E-15
2.17629051208496 6.88338275267597E-14 8.20209980010986
2.17629051208496 -0.131233602762222 -7.105427357601E-15
1 -1.77635683940025E-15 0
2.17629051208496 -0.131233602762222 8.20209980010986
2.17629051208496 -0.131233602762222 -7.105427357601E-15
2.17629051208496 6.88338275267597E-14 8.20209980010986
1 -1.77635683940025E-15 0
-5.32907051820075E-15 -1.15662315066257E-14 -7.99360577730113E-15
2.17629051208496 -1.54321000422897E-14 -8.88178419700125E-15
2.17629051208496 -0.131233602762222 -7.105427357601E-15
-4.08115752248119E-16 -1.35358391162299E-14 -1
2.17629051208496 -0.131233602762222 -7.105427357601E-15
-5.77315972805081E-15 -0.131233602762222 -6.21724893790088E-15
-5.32907051820075E-15 -1.15662315066257E-14 -7.99360577730113E-15
-4.08115752248119E-16 -1.35358391162299E-14 -1
-5.32907051820075E-15 7.26996926742919E-14 8.20209980010986
-5.32907051820075E-15 -1.15662315066257E-14 -7.105427357601E-15
-5.56218838484524E-15 -0.131233602762222 8.20209980010986
-1 1.77635683940025E-15 0
-5.56218838484524E-15 -0.131233602762222 -7.105427357601E-15
-5.56218838484524E-15 -0.131233602762222 8.20209980010986
-5.32907051820075E-15 -1.15662315066257E-14 -7.105427357601E-15
-1 1.77635683940025E-15 0
2.17629051208496 6.88338275267597E-14 8.20209980010986
-5.32907051820075E-15 7.26996926742919E-14 8.20209980010986
-5.56218838484524E-15 -0.131233602762222 8.20209980010986
2.40444803911364E-29 1.35358391162299E-14 1
-5.56218838484524E-15 -0.131233602762222 8.20209980010986
2.17629051208496 -0.131233602762222 8.20209980010986
2.17629051208496 6.88338275267597E-14 8.20209980010986
2.40444803911364E-29 1.35358391162299E-14 1
2.01224851608276 6.57668025399148E-14 7.87401580810547
2.01224851608276 -1.00891881586978E-14 0.492125988006592
2.01224851608276 -0.131233602762222 0.492125988006592
-1 1.77635683940025E-15 0
2.01224851608276 -0.131233602762222 0.492125988006592
2.01224851608276 -0.131233602762222 7.87401580810547
2.01224851608276 6.57668025399148E-14 7.87401580810547
-1 1.77635683940025E-15 0
0.164041996002197 6.90498751384182E-14 7.87401580810547
2.01224851608276 6.57668025399148E-14 7.87401580810547
2.01224851608276 -0.131233602762222 7.87401580810547
-2.40444803911364E-29 -1.35358391162299E-14 -1
2.01224851608276 -0.131233602762222 7.87401580810547
0.164041996002197 -0.131233602762222 7.87401580810547
0.164041996002197 6.90498751384182E-14 7.87401580810547
-2.40444803911364E-29 -1.35358391162299E-14 -1
0.164041996002197 -6.80611386612859E-15 0.492125988006592
0.164041996002197 6.90498751384182E-14 7.87401580810547
0.164041996002197 -0.131233602762222 0.492125988006592
1 -1.77635683940025E-15 0
0.164041996002197 -0.131233602762222 7.87401580810547
0.164041996002197 -0.131233602762222 0.492125988006592
0.164041996002197 6.90498751384182E-14 7.87401580810547
1 -1.77635683940025E-15 0
2.01224851608276 -1.00891881586978E-14 0.492125988006592
0.164041996002197 -6.80611386612859E-15 0.492125988006592
0.164041996002197 -0.131233602762222 0.492125988006592
1.20222401955682E-29 6.76791955811495E-15 1
0.164041996002197 -0.131233602762222 0.492125988006592
2.01224851608276 -0.131233602762222 0.492125988006592
2.01224851608276 -1.00891881586978E-14 0.492125988006592
1.20222401955682E-29 6.76791955811495E-15 1
2.01224851608276 -0.0328084006905556 7.87401580810547
2.01224851608276 -0.0328084006905556 0.492125988006592
0.164041996002197 -0.0328084006905556 0.492125988006592
1.77635683940025E-15 1 -1.02752821442426E-14
0.164041996002197 -0.0328084006905556 0.492125988006592
0.164041996002197 -0.0328084006905556 7.87401580810547
2.01224851608276 -0.0328084006905556 7.87401580810547
1.77635683940025E-15 1 -1.02752821442426E-14
0.164041996002197 -0.0984251946210861 7.87401580810547
0.164041996002197 -0.0984251946210861 0.492125988006592
2.01224851608276 -0.0984251946210861 0.492125988006592
-1.77635683940025E-15 -1 1.02752821442426E-14
2.01224851608276 -0.0984251946210861 0.492125988006592
2.01224851608276 -0.0984251946210861 7.87401580810547
0.164041996002197 -0.0984251946210861 7.87401580810547
-1.77635683940025E-15 -1 1.02752821442426E-14
0.164041996002197 -0.0328084006905556 0.492125988006592
2.01224851608276 -0.0328084006905556 0.492125988006592
2.01224851608276 -0.0984251946210861 0.492125988006592
-1.80333602933523E-29 -1.01518793371724E-14 -1
2.01224851608276 -0.0984251946210861 0.492125988006592
0.164041996002197 -0.0984251946210861 0.492125988006592
0.164041996002197 -0.0328084006905556 0.492125988006592
-1.80333602933523E-29 -1.01518793371724E-14 -1
0.164041996002197 -0.0328084006905556 7.87401580810547
0.164041996002197 -0.0328084006905556 0.492125988006592
0.164041996002197 -0.0984251946210861 0.492125988006592
-1 1.77635683940025E-15 0
0.164041996002197 -0.0984251946210861 0.492125988006592
0.164041996002197 -0.0984251946210861 7.87401580810547
0.164041996002197 -0.0328084006905556 7.87401580810547
-1 1.77635683940025E-15 0
2.01224851608276 -0.0328084006905556 7.87401580810547
0.164041996002197 -0.0328084006905556 7.87401580810547
0.164041996002197 -0.0984251946210861 7.87401580810547
2.40444803911364E-29 1.35358391162299E-14 1
0.164041996002197 -0.0984251946210861 7.87401580810547
2.01224851608276 -0.0984251946210861 7.87401580810547
2.01224851608276 -0.0328084006905556 7.87401580810547
2.40444803911364E-29 1.35358391162299E-14 1
2.01224851608276 -0.0328084006905556 0.492125988006592
2.01224851608276 -0.0328084006905556 7.87401580810547
2.01224851608276 -0.0984251946210861 0.492125988006592
1 -1.77635683940025E-15 0
2.01224851608276 -0.0984251946210861 7.87401580810547
2.01224851608276 -0.0984251946210861 0.492125988006592
2.01224851608276 -0.0328084006905556 7.87401580810547
1 -1.77635683940025E-15 0
4.35258102416992 6.88338275267597E-14 8.20209980010986
4.18853902816772 6.57540699406517E-14 7.87401580810547
2.34033250808716 6.90371425391551E-14 7.87401580810547
1.77635683940025E-15 1 -1.02752821442426E-14
4.18853902816772 6.57540699406517E-14 7.87401580810547
4.35258102416992 6.88338275267597E-14 8.20209980010986
4.18853902816772 -1.00969308868687E-14 0.492125988006592
1.77635683940025E-15 1 -1.02752821442426E-14
2.17629051208496 7.26996926742919E-14 8.20209980010986
2.34033250808716 6.90371425391551E-14 7.87401580810547
2.34033250808716 -6.81385659429944E-15 0.492125988006592
1.77635683940025E-15 1 -1.02752821442426E-14
2.34033250808716 6.90371425391551E-14 7.87401580810547
2.17629051208496 7.26996926742919E-14 8.20209980010986
4.35258102416992 6.88338275267597E-14 8.20209980010986
1.77635683940025E-15 1 -1.02752821442426E-14
4.18853902816772 -1.00969308868687E-14 0.492125988006592
4.35258102416992 -1.54450613404486E-14 -8.88178419700125E-15
2.34033250808716 -6.81385659429944E-15 0.492125988006592
1.77635683940025E-15 1 -1.02752821442426E-14
4.35258102416992 -1.54450613404486E-14 -8.88178419700125E-15
4.18853902816772 -1.00969308868687E-14 0.492125988006592
4.35258102416992 6.88338275267597E-14 8.20209980010986
1.77635683940025E-15 1 -1.02752821442426E-14
2.34033250808716 -6.81385659429944E-15 0.492125988006592
2.17629051208496 -1.15791928047846E-14 -7.105427357601E-15
2.17629051208496 7.26996926742919E-14 8.20209980010986
1.77635683940025E-15 1 -1.02752821442426E-14
2.17629051208496 -1.15791928047846E-14 -7.105427357601E-15
2.34033250808716 -6.81385659429944E-15 0.492125988006592
4.35258102416992 -1.54450613404486E-14 -8.88178419700125E-15
1.77635683940025E-15 1 -1.02752821442426E-14
4.35258102416992 -0.131233602762222 -7.105427357601E-15
4.18853902816772 -0.131233602762222 0.492125988006592
2.34033250808716 -0.131233602762222 0.492125988006592
-1.77635683940025E-15 -1 1.02752821442426E-14
4.18853902816772 -0.131233602762222 0.492125988006592
4.35258102416992 -0.131233602762222 -7.105427357601E-15
4.35258102416992 -0.131233602762222 8.20209980010986
-1.77635683940025E-15 -1 1.02752821442426E-14
2.17629051208496 -0.131233602762222 -7.105427357601E-15
2.34033250808716 -0.131233602762222 0.492125988006592
2.17629051208496 -0.131233602762222 8.20209980010986
-1.77635683940025E-15 -1 1.02752821442426E-14
2.34033250808716 -0.131233602762222 0.492125988006592
2.17629051208496 -0.131233602762222 -7.105427357601E-15
4.35258102416992 -0.131233602762222 -7.105427357601E-15
-1.77635683940025E-15 -1 1.02752821442426E-14
4.18853902816772 -0.131233602762222 7.87401580810547
4.35258102416992 -0.131233602762222 8.20209980010986
2.34033250808716 -0.131233602762222 7.87401580810547
-1.77635683940025E-15 -1 1.02752821442426E-14
4.35258102416992 -0.131233602762222 8.20209980010986
4.18853902816772 -0.131233602762222 7.87401580810547
4.18853902816772 -0.131233602762222 0.492125988006592
-1.77635683940025E-15 -1 1.02752821442426E-14
2.34033250808716 -0.131233602762222 7.87401580810547
2.17629051208496 -0.131233602762222 8.20209980010986
2.34033250808716 -0.131233602762222 0.492125988006592
-1.77635683940025E-15 -1 1.02752821442426E-14
2.17629051208496 -0.131233602762222 8.20209980010986
2.34033250808716 -0.131233602762222 7.87401580810547
4.35258102416992 -0.131233602762222 8.20209980010986
-1.77635683940025E-15 -1 1.02752821442426E-14
4.35258102416992 -1.54321000422897E-14 -8.88178419700125E-15
4.35258102416992 6.88338275267597E-14 8.20209980010986
4.35258102416992 -0.131233602762222 -7.105427357601E-15
1 -1.77635683940025E-15 0
4.35258102416992 -0.131233602762222 8.20209980010986
4.35258102416992 -0.131233602762222 -7.105427357601E-15
4.35258102416992 6.88338275267597E-14 8.20209980010986
1 -1.77635683940025E-15 0
2.17629051208496 -1.15662315066257E-14 -7.99360577730113E-15
4.35258102416992 -1.54321000422897E-14 -8.88178419700125E-15
4.35258102416992 -0.131233602762222 -7.105427357601E-15
-4.08115752248119E-16 -1.35358391162299E-14 -1
4.35258102416992 -0.131233602762222 -7.105427357601E-15
2.17629051208496 -0.131233602762222 -6.21724893790088E-15
2.17629051208496 -1.15662315066257E-14 -7.99360577730113E-15
-4.08115752248119E-16 -1.35358391162299E-14 -1
2.17629051208496 7.26996926742919E-14 8.20209980010986
2.17629051208496 -1.15662315066257E-14 -7.105427357601E-15
2.17629051208496 -0.131233602762222 8.20209980010986
-1 1.77635683940025E-15 0
2.17629051208496 -0.131233602762222 -7.105427357601E-15
2.17629051208496 -0.131233602762222 8.20209980010986
2.17629051208496 -1.15662315066257E-14 -7.105427357601E-15
-1 1.77635683940025E-15 0
4.35258102416992 6.88338275267597E-14 8.20209980010986
2.17629051208496 7.26996926742919E-14 8.20209980010986
2.17629051208496 -0.131233602762222 8.20209980010986
2.40444803911364E-29 1.35358391162299E-14 1
2.17629051208496 -0.131233602762222 8.20209980010986
4.35258102416992 -0.131233602762222 8.20209980010986
4.35258102416992 6.88338275267597E-14 8.20209980010986
2.40444803911364E-29 1.35358391162299E-14 1
4.18853902816772 6.57668025399148E-14 7.87401580810547
4.18853902816772 -1.00891881586978E-14 0.492125988006592
4.18853902816772 -0.131233602762222 0.492125988006592
-1 1.77635683940025E-15 0
4.18853902816772 -0.131233602762222 0.492125988006592
4.18853902816772 -0.131233602762222 7.87401580810547
4.18853902816772 6.57668025399148E-14 7.87401580810547
-1 1.77635683940025E-15 0
2.34033250808716 6.90498751384182E-14 7.87401580810547
4.18853902816772 6.57668025399148E-14 7.87401580810547
4.18853902816772 -0.131233602762222 7.87401580810547
-2.40444803911364E-29 -1.35358391162299E-14 -1
4.18853902816772 -0.131233602762222 7.87401580810547
2.34033250808716 -0.131233602762222 7.87401580810547
2.34033250808716 6.90498751384182E-14 7.87401580810547
-2.40444803911364E-29 -1.35358391162299E-14 -1
2.34033250808716 -6.80611386612859E-15 0.492125988006592
2.34033250808716 6.90498751384182E-14 7.87401580810547
2.34033250808716 -0.131233602762222 0.492125988006592
1 -1.77635683940025E-15 0
2.34033250808716 -0.131233602762222 7.87401580810547
2.34033250808716 -0.131233602762222 0.492125988006592
2.34033250808716 6.90498751384182E-14 7.87401580810547
1 -1.77635683940025E-15 0
4.18853902816772 -1.00891881586978E-14 0.492125988006592
2.34033250808716 -6.80611386612859E-15 0.492125988006592
2.34033250808716 -0.131233602762222 0.492125988006592
1.20222401955682E-29 6.76791955811495E-15 1
2.34033250808716 -0.131233602762222 0.492125988006592
4.18853902816772 -0.131233602762222 0.492125988006592
4.18853902816772 -1.00891881586978E-14 0.492125988006592
1.20222401955682E-29 6.76791955811495E-15 1
4.18853902816772 -0.0328084006905556 7.87401580810547
4.18853902816772 -0.0328084006905556 0.492125988006592
2.34033250808716 -0.0328084006905556 0.492125988006592
1.77635683940025E-15 1 -1.02752821442426E-14
2.34033250808716 -0.0328084006905556 0.492125988006592
2.34033250808716 -0.0328084006905556 7.87401580810547
4.18853902816772 -0.0328084006905556 7.87401580810547
1.77635683940025E-15 1 -1.02752821442426E-14
2.34033250808716 -0.0984251946210861 7.87401580810547
2.34033250808716 -0.0984251946210861 0.492125988006592
4.18853902816772 -0.0984251946210861 0.492125988006592
-1.77635683940025E-15 -1 1.02752821442426E-14
4.18853902816772 -0.0984251946210861 0.492125988006592
4.18853902816772 -0.0984251946210861 7.87401580810547
2.34033250808716 -0.0984251946210861 7.87401580810547
-1.77635683940025E-15 -1 1.02752821442426E-14
2.34033250808716 -0.0328084006905556 0.492125988006592
4.18853902816772 -0.0328084006905556 0.492125988006592
4.18853902816772 -0.0984251946210861 0.492125988006592
-1.80333602933523E-29 -1.01518793371724E-14 -1
4.18853902816772 -0.0984251946210861 0.492125988006592
2.34033250808716 -0.0984251946210861 0.492125988006592
2.34033250808716 -0.0328084006905556 0.492125988006592
-1.80333602933523E-29 -1.01518793371724E-14 -1
2.34033250808716 -0.0328084006905556 7.87401580810547
2.34033250808716 -0.0328084006905556 0.492125988006592
2.34033250808716 -0.0984251946210861 0.492125988006592
-1 1.77635683940025E-15 0
2.34033250808716 -0.0984251946210861 0.492125988006592
2.34033250808716 -0.0984251946210861 7.87401580810547
2.34033250808716 -0.0328084006905556 7.87401580810547
-1 1.77635683940025E-15 0
4.18853902816772 -0.0328084006905556 7.87401580810547
2.34033250808716 -0.0328084006905556 7.87401580810547
2.34033250808716 -0.0984251946210861 7.87401580810547
2.40444803911364E-29 1.35358391162299E-14 1
2.34033250808716 -0.0984251946210861 7.87401580810547
4.18853902816772 -0.0984251946210861 7.87401580810547
4.18853902816772 -0.0328084006905556 7.87401580810547
2.40444803911364E-29 1.35358391162299E-14 1
4.18853902816772 -0.0328084006905556 0.492125988006592
4.18853902816772 -0.0328084006905556 7.87401580810547
4.18853902816772 -0.0984251946210861 0.492125988006592
1 -1.77635683940025E-15 0
4.18853902816772 -0.0984251946210861 7.87401580810547
4.18853902816772 -0.0984251946210861 0.492125988006592
4.18853902816772 -0.0328084006905556 7.87401580810547
1 -1.77635683940025E-15 0
-2.17629051208496 9.0205620750794E-14 8.20209980010986
-2.34033250808716 8.7125863164686E-14 7.87401580810547
-4.18853902816772 9.04089357631893E-14 7.87401580810547
1.77635683940025E-15 1 -1.02752821442426E-14
-2.34033250808716 8.7125863164686E-14 7.87401580810547
-2.17629051208496 9.0205620750794E-14 8.20209980010986
-2.34033250808716 1.12748623371656E-14 0.492125988006592
1.77635683940025E-15 1 -1.02752821442426E-14
-4.35258102416992 9.40714858983262E-14 8.20209980010986
-4.18853902816772 9.04089357631893E-14 7.87401580810547
-4.18853902816772 1.45579366297348E-14 0.492125988006592
1.77635683940025E-15 1 -1.02752821442426E-14
-4.18853902816772 9.04089357631893E-14 7.87401580810547
-4.35258102416992 9.40714858983262E-14 8.20209980010986
-2.17629051208496 9.0205620750794E-14 8.20209980010986
1.77635683940025E-15 1 -1.02752821442426E-14
-2.34033250808716 1.12748623371656E-14 0.492125988006592
-2.17629051208496 5.9267318835857E-15 -8.88178419700125E-15
-4.18853902816772 1.45579366297348E-14 0.492125988006592
1.77635683940025E-15 1 -1.02752821442426E-14
-2.17629051208496 5.9267318835857E-15 -8.88178419700125E-15
-2.34033250808716 1.12748623371656E-14 0.492125988006592
-2.17629051208496 9.0205620750794E-14 8.20209980010986
1.77635683940025E-15 1 -1.02752821442426E-14
-4.18853902816772 1.45579366297348E-14 0.492125988006592
-4.35258102416992 9.7926004192497E-15 -7.105427357601E-15
-4.35258102416992 9.40714858983262E-14 8.20209980010986
1.77635683940025E-15 1 -1.02752821442426E-14
-4.35258102416992 9.7926004192497E-15 -7.105427357601E-15
-4.18853902816772 1.45579366297348E-14 0.492125988006592
-2.17629051208496 5.9267318835857E-15 -8.88178419700125E-15
1.77635683940025E-15 1 -1.02752821442426E-14
-2.17629051208496 -0.131233602762222 -7.105427357601E-15
-2.34033250808716 -0.131233602762222 0.492125988006592
-4.18853902816772 -0.131233602762222 0.492125988006592
-1.77635683940025E-15 -1 1.02752821442426E-14
-2.34033250808716 -0.131233602762222 0.492125988006592
-2.17629051208496 -0.131233602762222 -7.105427357601E-15
-2.17629051208496 -0.131233602762222 8.20209980010986
-1.77635683940025E-15 -1 1.02752821442426E-14
-4.35258102416992 -0.131233602762222 -7.105427357601E-15
-4.18853902816772 -0.131233602762222 0.492125988006592
-4.35258102416992 -0.131233602762222 8.20209980010986
-1.77635683940025E-15 -1 1.02752821442426E-14
-4.18853902816772 -0.131233602762222 0.492125988006592
-4.35258102416992 -0.131233602762222 -7.105427357601E-15
-2.17629051208496 -0.131233602762222 -7.105427357601E-15
-1.77635683940025E-15 -1 1.02752821442426E-14
-2.34033250808716 -0.131233602762222 7.87401580810547
-2.17629051208496 -0.131233602762222 8.20209980010986
-4.18853902816772 -0.131233602762222 7.87401580810547
-1.77635683940025E-15 -1 1.02752821442426E-14
-2.17629051208496 -0.131233602762222 8.20209980010986
-2.34033250808716 -0.131233602762222 7.87401580810547
-2.34033250808716 -0.131233602762222 0.492125988006592
-1.77635683940025E-15 -1 1.02752821442426E-14
-4.18853902816772 -0.131233602762222 7.87401580810547
-4.35258102416992 -0.131233602762222 8.20209980010986
-4.18853902816772 -0.131233602762222 0.492125988006592
-1.77635683940025E-15 -1 1.02752821442426E-14
-4.35258102416992 -0.131233602762222 8.20209980010986
-4.18853902816772 -0.131233602762222 7.87401580810547
-2.17629051208496 -0.131233602762222 8.20209980010986
-1.77635683940025E-15 -1 1.02752821442426E-14
-2.17629051208496 5.93969318174459E-15 -8.88178419700125E-15
-2.17629051208496 9.0205620750794E-14 8.20209980010986
-2.17629051208496 -0.131233602762222 -7.105427357601E-15
1 -1.77635683940025E-15 0
-2.17629051208496 -0.131233602762222 8.20209980010986
-2.17629051208496 -0.131233602762222 -7.105427357601E-15
-2.17629051208496 9.0205620750794E-14 8.20209980010986
1 -1.77635683940025E-15 0
-4.35258102416992 9.80556171740858E-15 -7.99360577730113E-15
-2.17629051208496 5.93969318174459E-15 -8.88178419700125E-15
-2.17629051208496 -0.131233602762222 -7.105427357601E-15
-4.08115752248119E-16 -1.35358391162299E-14 -1
-2.17629051208496 -0.131233602762222 -7.105427357601E-15
-4.35258102416992 -0.131233602762222 -6.21724893790088E-15
-4.35258102416992 9.80556171740858E-15 -7.99360577730113E-15
-4.08115752248119E-16 -1.35358391162299E-14 -1
-4.35258102416992 9.40714858983262E-14 8.20209980010986
-4.35258102416992 9.80556171740858E-15 -7.105427357601E-15
-4.35258102416992 -0.131233602762222 8.20209980010986
-1 1.77635683940025E-15 0
-4.35258102416992 -0.131233602762222 -7.105427357601E-15
-4.35258102416992 -0.131233602762222 8.20209980010986
-4.35258102416992 9.80556171740858E-15 -7.105427357601E-15
-1 1.77635683940025E-15 0
-2.17629051208496 9.0205620750794E-14 8.20209980010986
-4.35258102416992 9.40714858983262E-14 8.20209980010986
-4.35258102416992 -0.131233602762222 8.20209980010986
2.40444803911364E-29 1.35358391162299E-14 1
-4.35258102416992 -0.131233602762222 8.20209980010986
-2.17629051208496 -0.131233602762222 8.20209980010986
-2.17629051208496 9.0205620750794E-14 8.20209980010986
2.40444803911364E-29 1.35358391162299E-14 1
-2.34033250808716 8.71385957639491E-14 7.87401580810547
-2.34033250808716 1.12826050653364E-14 0.492125988006592
-2.34033250808716 -0.131233602762222 0.492125988006592
-1 1.77635683940025E-15 0
-2.34033250808716 -0.131233602762222 0.492125988006592
-2.34033250808716 -0.131233602762222 7.87401580810547
-2.34033250808716 8.71385957639491E-14 7.87401580810547
-1 1.77635683940025E-15 0
-4.18853902816772 9.04216683624524E-14 7.87401580810547
-2.34033250808716 8.71385957639491E-14 7.87401580810547
-2.34033250808716 -0.131233602762222 7.87401580810547
-2.40444803911364E-29 -1.35358391162299E-14 -1
-2.34033250808716 -0.131233602762222 7.87401580810547
-4.18853902816772 -0.131233602762222 7.87401580810547
-4.18853902816772 9.04216683624524E-14 7.87401580810547
-2.40444803911364E-29 -1.35358391162299E-14 -1
-4.18853902816772 1.45656785108727E-14 0.492125988006592
-4.18853902816772 9.04216683624524E-14 7.87401580810547
-4.18853902816772 -0.131233602762222 0.492125988006592
1 -1.77635683940025E-15 0
-4.18853902816772 -0.131233602762222 7.87401580810547
-4.18853902816772 -0.131233602762222 0.492125988006592
-4.18853902816772 9.04216683624524E-14 7.87401580810547
1 -1.77635683940025E-15 0
-2.34033250808716 1.12826050653364E-14 0.492125988006592
-4.18853902816772 1.45656785108727E-14 0.492125988006592
-4.18853902816772 -0.131233602762222 0.492125988006592
1.20222401955682E-29 6.76791955811495E-15 1
-4.18853902816772 -0.131233602762222 0.492125988006592
-2.34033250808716 -0.131233602762222 0.492125988006592
-2.34033250808716 1.12826050653364E-14 0.492125988006592
1.20222401955682E-29 6.76791955811495E-15 1
-2.34033250808716 -0.0328084006905556 7.87401580810547
-2.34033250808716 -0.0328084006905556 0.492125988006592
-4.18853902816772 -0.0328084006905556 0.492125988006592
1.77635683940025E-15 1 -1.02752821442426E-14
-4.18853902816772 -0.0328084006905556 0.492125988006592
-4.18853902816772 -0.0328084006905556 7.87401580810547
-2.34033250808716 -0.0328084006905556 7.87401580810547
1.77635683940025E-15 1 -1.02752821442426E-14
-4.18853902816772 -0.0984251946210861 7.87401580810547
-4.18853902816772 -0.0984251946210861 0.492125988006592
-2.34033250808716 -0.0984251946210861 0.492125988006592
-1.77635683940025E-15 -1 1.02752821442426E-14
-2.34033250808716 -0.0984251946210861 0.492125988006592
-2.34033250808716 -0.0984251946210861 7.87401580810547
-4.18853902816772 -0.0984251946210861 7.87401580810547
-1.77635683940025E-15 -1 1.02752821442426E-14
-4.18853902816772 -0.0328084006905556 0.492125988006592
-2.34033250808716 -0.0328084006905556 0.492125988006592
-2.34033250808716 -0.0984251946210861 0.492125988006592
-1.80333602933523E-29 -1.01518793371724E-14 -1
-2.34033250808716 -0.0984251946210861 0.492125988006592
-4.18853902816772 -0.0984251946210861 0.492125988006592
-4.18853902816772 -0.0328084006905556 0.492125988006592
-1.80333602933523E-29 -1.01518793371724E-14 -1
-4.18853902816772 -0.0328084006905556 7.87401580810547
-4.18853902816772 -0.0328084006905556 0.492125988006592
-4.18853902816772 -0.0984251946210861 0.492125988006592
-1 1.77635683940025E-15 0
-4.18853902816772 -0.0984251946210861 0.492125988006592
-4.18853902816772 -0.0984251946210861 7.87401580810547
-4.18853902816772 -0.0328084006905556 7.87401580810547
-1 1.77635683940025E-15 0
-2.34033250808716 -0.0328084006905556 7.87401580810547
-4.18853902816772 -0.0328084006905556 7.87401580810547
-4.18853902816772 -0.0984251946210861 7.87401580810547
2.40444803911364E-29 1.35358391162299E-14 1
-4.18853902816772 -0.0984251946210861 7.87401580810547
-2.34033250808716 -0.0984251946210861 7.87401580810547
-2.34033250808716 -0.0328084006905556 7.87401580810547
2.40444803911364E-29 1.35358391162299E-14 1
-2.34033250808716 -0.0328084006905556 0.492125988006592
-2.34033250808716 -0.0328084006905556 7.87401580810547
-2.34033250808716 -0.0984251946210861 0.492125988006592
1 -1.77635683940025E-15 0
-2.34033250808716 -0.0984251946210861 7.87401580810547
-2.34033250808716 -0.0984251946210861 0.492125988006592
-2.34033250808716 -0.0328084006905556 7.87401580810547
1 -1.77635683940025E-15 0
6.52887153625488 6.59472476627343E-14 8.20209980010986
6.36482954025269 6.28674900766263E-14 7.87401580810547
4.51662302017212 6.61505626751296E-14 7.87401580810547
1.77635683940025E-15 1 -1.02752821442426E-14
6.36482954025269 6.28674900766263E-14 7.87401580810547
6.52887153625488 6.59472476627343E-14 8.20209980010986
6.36482954025269 -1.29835107508941E-14 0.492125988006592
1.77635683940025E-15 1 -1.02752821442426E-14
4.35258102416992 6.98131128102665E-14 8.20209980010986
4.51662302017212 6.61505626751296E-14 7.87401580810547
4.51662302017212 -9.70043645832485E-15 0.492125988006592
1.77635683940025E-15 1 -1.02752821442426E-14
4.51662302017212 6.61505626751296E-14 7.87401580810547
4.35258102416992 6.98131128102665E-14 8.20209980010986
6.52887153625488 6.59472476627343E-14 8.20209980010986
1.77635683940025E-15 1 -1.02752821442426E-14
6.36482954025269 -1.29835107508941E-14 0.492125988006592
6.52887153625488 -1.8331641204474E-14 -8.88178419700125E-15
4.51662302017212 -9.70043645832485E-15 0.492125988006592
1.77635683940025E-15 1 -1.02752821442426E-14
6.52887153625488 -1.8331641204474E-14 -8.88178419700125E-15
6.36482954025269 -1.29835107508941E-14 0.492125988006592
6.52887153625488 6.59472476627343E-14 8.20209980010986
1.77635683940025E-15 1 -1.02752821442426E-14
4.51662302017212 -9.70043645832485E-15 0.492125988006592
4.35258102416992 -1.446577266881E-14 -7.105427357601E-15
4.35258102416992 6.98131128102665E-14 8.20209980010986
1.77635683940025E-15 1 -1.02752821442426E-14
4.35258102416992 -1.446577266881E-14 -7.105427357601E-15
4.51662302017212 -9.70043645832485E-15 0.492125988006592
6.52887153625488 -1.8331641204474E-14 -8.88178419700125E-15
1.77635683940025E-15 1 -1.02752821442426E-14
6.52887153625488 -0.131233602762222 -7.105427357601E-15
6.36482954025269 -0.131233602762222 0.492125988006592
4.51662302017212 -0.131233602762222 0.492125988006592
-1.77635683940025E-15 -1 1.02752821442426E-14
6.36482954025269 -0.131233602762222 0.492125988006592
6.52887153625488 -0.131233602762222 -7.105427357601E-15
6.52887153625488 -0.131233602762222 8.20209980010986
-1.77635683940025E-15 -1 1.02752821442426E-14
4.35258102416992 -0.131233602762222 -7.105427357601E-15
4.51662302017212 -0.131233602762222 0.492125988006592
4.35258102416992 -0.131233602762222 8.20209980010986
-1.77635683940025E-15 -1 1.02752821442426E-14
4.51662302017212 -0.131233602762222 0.492125988006592
4.35258102416992 -0.131233602762222 -7.105427357601E-15
6.52887153625488 -0.131233602762222 -7.105427357601E-15
-1.77635683940025E-15 -1 1.02752821442426E-14
6.36482954025269 -0.131233602762222 7.87401580810547
6.52887153625488 -0.131233602762222 8.20209980010986
4.51662302017212 -0.131233602762222 7.87401580810547
-1.77635683940025E-15 -1 1.02752821442426E-14
6.52887153625488 -0.131233602762222 8.20209980010986
6.36482954025269 -0.131233602762222 7.87401580810547
6.36482954025269 -0.131233602762222 0.492125988006592
-1.77635683940025E-15 -1 1.02752821442426E-14
4.51662302017212 -0.131233602762222 7.87401580810547
4.35258102416992 -0.131233602762222 8.20209980010986
4.51662302017212 -0.131233602762222 0.492125988006592
-1.77635683940025E-15 -1 1.02752821442426E-14
4.35258102416992 -0.131233602762222 8.20209980010986
4.51662302017212 -0.131233602762222 7.87401580810547
6.52887153625488 -0.131233602762222 8.20209980010986
-1.77635683940025E-15 -1 1.02752821442426E-14
6.52887153625488 -1.83186799063151E-14 -8.88178419700125E-15
6.52887153625488 6.59472476627343E-14 8.20209980010986
6.52887153625488 -0.131233602762222 -7.105427357601E-15
1 -1.77635683940025E-15 0
6.52887153625488 -0.131233602762222 8.20209980010986
6.52887153625488 -0.131233602762222 -7.105427357601E-15
6.52887153625488 6.59472476627343E-14 8.20209980010986
1 -1.77635683940025E-15 0
4.35258102416992 -1.44528113706511E-14 -7.99360577730113E-15
6.52887153625488 -1.83186799063151E-14 -8.88178419700125E-15
6.52887153625488 -0.131233602762222 -7.105427357601E-15
-4.08115752248119E-16 -1.35358391162299E-14 -1
6.52887153625488 -0.131233602762222 -7.105427357601E-15
4.35258102416992 -0.131233602762222 -6.21724893790088E-15
4.35258102416992 -1.44528113706511E-14 -7.99360577730113E-15
-4.08115752248119E-16 -1.35358391162299E-14 -1
4.35258102416992 6.98131128102665E-14 8.20209980010986
4.35258102416992 -1.44528113706511E-14 -7.105427357601E-15
4.35258102416992 -0.131233602762222 8.20209980010986
-1 1.77635683940025E-15 0
4.35258102416992 -0.131233602762222 -7.105427357601E-15
4.35258102416992 -0.131233602762222 8.20209980010986
4.35258102416992 -1.44528113706511E-14 -7.105427357601E-15
-1 1.77635683940025E-15 0
6.52887153625488 6.59472476627343E-14 8.20209980010986
4.35258102416992 6.98131128102665E-14 8.20209980010986
4.35258102416992 -0.131233602762222 8.20209980010986
2.40444803911364E-29 1.35358391162299E-14 1
4.35258102416992 -0.131233602762222 8.20209980010986
6.52887153625488 -0.131233602762222 8.20209980010986
6.52887153625488 6.59472476627343E-14 8.20209980010986
2.40444803911364E-29 1.35358391162299E-14 1
6.36482954025269 6.28802226758894E-14 7.87401580810547
6.36482954025269 -1.29757680227232E-14 0.492125988006592
6.36482954025269 -0.131233602762222 0.492125988006592
-1 1.77635683940025E-15 0
6.36482954025269 -0.131233602762222 0.492125988006592
6.36482954025269 -0.131233602762222 7.87401580810547
6.36482954025269 6.28802226758894E-14 7.87401580810547
-1 1.77635683940025E-15 0
4.51662302017212 6.61632952743928E-14 7.87401580810547
6.36482954025269 6.28802226758894E-14 7.87401580810547
6.36482954025269 -0.131233602762222 7.87401580810547
-2.40444803911364E-29 -1.35358391162299E-14 -1
6.36482954025269 -0.131233602762222 7.87401580810547
4.51662302017212 -0.131233602762222 7.87401580810547
4.51662302017212 6.61632952743928E-14 7.87401580810547
-2.40444803911364E-29 -1.35358391162299E-14 -1
4.51662302017212 -9.692693730154E-15 0.492125988006592
4.51662302017212 6.61632952743928E-14 7.87401580810547
4.51662302017212 -0.131233602762222 0.492125988006592
1 -1.77635683940025E-15 0
4.51662302017212 -0.131233602762222 7.87401580810547
4.51662302017212 -0.131233602762222 0.492125988006592
4.51662302017212 6.61632952743928E-14 7.87401580810547
1 -1.77635683940025E-15 0
6.36482954025269 -1.29757680227232E-14 0.492125988006592
4.51662302017212 -9.692693730154E-15 0.492125988006592
4.51662302017212 -0.131233602762222 0.492125988006592
1.20222401955682E-29 6.76791955811495E-15 1
4.51662302017212 -0.131233602762222 0.492125988006592
6.36482954025269 -0.131233602762222 0.492125988006592
6.36482954025269 -1.29757680227232E-14 0.492125988006592
1.20222401955682E-29 6.76791955811495E-15 1
6.36482954025269 -0.0328084006905556 7.87401580810547
6.36482954025269 -0.0328084006905556 0.492125988006592
4.51662302017212 -0.0328084006905556 0.492125988006592
1.77635683940025E-15 1 -1.02752821442426E-14
4.51662302017212 -0.0328084006905556 0.492125988006592
4.51662302017212 -0.0328084006905556 7.87401580810547
6.36482954025269 -0.0328084006905556 7.87401580810547
1.77635683940025E-15 1 -1.02752821442426E-14
4.51662302017212 -0.0984251946210861 7.87401580810547
4.51662302017212 -0.0984251946210861 0.492125988006592
6.36482954025269 -0.0984251946210861 0.492125988006592
-1.77635683940025E-15 -1 1.02752821442426E-14
6.36482954025269 -0.0984251946210861 0.492125988006592
6.36482954025269 -0.0984251946210861 7.87401580810547
4.51662302017212 -0.0984251946210861 7.87401580810547
-1.77635683940025E-15 -1 1.02752821442426E-14
4.51662302017212 -0.0328084006905556 0.492125988006592
6.36482954025269 -0.0328084006905556 0.492125988006592
6.36482954025269 -0.0984251946210861 0.492125988006592
-1.80333602933523E-29 -1.01518793371724E-14 -1
6.36482954025269 -0.0984251946210861 0.492125988006592
4.51662302017212 -0.0984251946210861 0.492125988006592
4.51662302017212 -0.0328084006905556 0.492125988006592
-1.80333602933523E-29 -1.01518793371724E-14 -1
4.51662302017212 -0.0328084006905556 7.87401580810547
4.51662302017212 -0.0328084006905556 0.492125988006592
4.51662302017212 -0.0984251946210861 0.492125988006592
-1 1.77635683940025E-15 0
4.51662302017212 -0.0984251946210861 0.492125988006592
4.51662302017212 -0.0984251946210861 7.87401580810547
4.51662302017212 -0.0328084006905556 7.87401580810547
-1 1.77635683940025E-15 0
6.36482954025269 -0.0328084006905556 7.87401580810547
4.51662302017212 -0.0328084006905556 7.87401580810547
4.51662302017212 -0.0984251946210861 7.87401580810547
2.40444803911364E-29 1.35358391162299E-14 1
4.51662302017212 -0.0984251946210861 7.87401580810547
6.36482954025269 -0.0984251946210861 7.87401580810547
6.36482954025269 -0.0328084006905556 7.87401580810547
2.40444803911364E-29 1.35358391162299E-14 1
6.36482954025269 -0.0328084006905556 0.492125988006592
6.36482954025269 -0.0328084006905556 7.87401580810547
6.36482954025269 -0.0984251946210861 0.492125988006592
1 -1.77635683940025E-15 0
6.36482954025269 -0.0984251946210861 7.87401580810547
6.36482954025269 -0.0984251946210861 0.492125988006592
6.36482954025269 -0.0328084006905556 7.87401580810547
1 -1.77635683940025E-15 0
-4.35258102416992 9.6339602961848E-14 8.20209980010986
-4.51662302017212 9.32598453757399E-14 7.87401580810547
-6.36482954025269 9.65429179742433E-14 7.87401580810547
1.77635683940025E-15 1 -1.02752821442426E-14
-4.51662302017212 9.32598453757399E-14 7.87401580810547
-4.35258102416992 9.6339602961848E-14 8.20209980010986
-4.51662302017212 1.74088445482196E-14 0.492125988006592
1.77635683940025E-15 1 -1.02752821442426E-14
-6.52887153625488 1.0020546810938E-13 8.20209980010986
-6.36482954025269 9.65429179742433E-14 7.87401580810547
-6.36482954025269 2.06919188407888E-14 0.492125988006592
1.77635683940025E-15 1 -1.02752821442426E-14
-6.36482954025269 9.65429179742433E-14 7.87401580810547
-6.52887153625488 1.0020546810938E-13 8.20209980010986
-4.35258102416992 9.6339602961848E-14 8.20209980010986
1.77635683940025E-15 1 -1.02752821442426E-14
-4.51662302017212 1.74088445482196E-14 0.492125988006592
-4.35258102416992 1.20607140946397E-14 -8.88178419700125E-15
-6.36482954025269 2.06919188407888E-14 0.492125988006592
1.77635683940025E-15 1 -1.02752821442426E-14
-4.35258102416992 1.20607140946397E-14 -8.88178419700125E-15
-4.51662302017212 1.74088445482196E-14 0.492125988006592
-4.35258102416992 9.6339602961848E-14 8.20209980010986
1.77635683940025E-15 1 -1.02752821442426E-14
-6.36482954025269 2.06919188407888E-14 0.492125988006592
-6.52887153625488 1.59265826303037E-14 -7.105427357601E-15
-6.52887153625488 1.0020546810938E-13 8.20209980010986
1.77635683940025E-15 1 -1.02752821442426E-14
-6.52887153625488 1.59265826303037E-14 -7.105427357601E-15
-6.36482954025269 2.06919188407888E-14 0.492125988006592
-4.35258102416992 1.20607140946397E-14 -8.88178419700125E-15
1.77635683940025E-15 1 -1.02752821442426E-14
-4.35258102416992 -0.131233602762222 -7.105427357601E-15
-4.51662302017212 -0.131233602762222 0.492125988006592
-6.36482954025269 -0.131233602762222 0.492125988006592
-1.77635683940025E-15 -1 1.02752821442426E-14
-4.51662302017212 -0.131233602762222 0.492125988006592
-4.35258102416992 -0.131233602762222 -7.105427357601E-15
-4.35258102416992 -0.131233602762222 8.20209980010986
-1.77635683940025E-15 -1 1.02752821442426E-14
-6.52887153625488 -0.131233602762222 -7.105427357601E-15
-6.36482954025269 -0.131233602762222 0.492125988006592
-6.52887153625488 -0.131233602762222 8.20209980010986
-1.77635683940025E-15 -1 1.02752821442426E-14
-6.36482954025269 -0.131233602762222 0.492125988006592
-6.52887153625488 -0.131233602762222 -7.105427357601E-15
-4.35258102416992 -0.131233602762222 -7.105427357601E-15
-1.77635683940025E-15 -1 1.02752821442426E-14
-4.51662302017212 -0.131233602762222 7.87401580810547
-4.35258102416992 -0.131233602762222 8.20209980010986
-6.36482954025269 -0.131233602762222 7.87401580810547
-1.77635683940025E-15 -1 1.02752821442426E-14
-4.35258102416992 -0.131233602762222 8.20209980010986
-4.51662302017212 -0.131233602762222 7.87401580810547
-4.51662302017212 -0.131233602762222 0.492125988006592
-1.77635683940025E-15 -1 1.02752821442426E-14
-6.36482954025269 -0.131233602762222 7.87401580810547
-6.52887153625488 -0.131233602762222 8.20209980010986
-6.36482954025269 -0.131233602762222 0.492125988006592
-1.77635683940025E-15 -1 1.02752821442426E-14
-6.52887153625488 -0.131233602762222 8.20209980010986
-6.36482954025269 -0.131233602762222 7.87401580810547
-4.35258102416992 -0.131233602762222 8.20209980010986
-1.77635683940025E-15 -1 1.02752821442426E-14
-4.35258102416992 1.20736753927986E-14 -8.88178419700125E-15
-4.35258102416992 9.6339602961848E-14 8.20209980010986
-4.35258102416992 -0.131233602762222 -7.105427357601E-15
1 -1.77635683940025E-15 0
-4.35258102416992 -0.131233602762222 8.20209980010986
-4.35258102416992 -0.131233602762222 -7.105427357601E-15
-4.35258102416992 9.6339602961848E-14 8.20209980010986
1 -1.77635683940025E-15 0
-6.52887153625488 1.59395439284626E-14 -7.99360577730113E-15
-4.35258102416992 1.20736753927986E-14 -8.88178419700125E-15
-4.35258102416992 -0.131233602762222 -7.105427357601E-15
-4.08115752248119E-16 -1.35358391162299E-14 -1
-4.35258102416992 -0.131233602762222 -7.105427357601E-15
-6.52887153625488 -0.131233602762222 -6.21724893790088E-15
-6.52887153625488 1.59395439284626E-14 -7.99360577730113E-15
-4.08115752248119E-16 -1.35358391162299E-14 -1
-6.52887153625488 1.0020546810938E-13 8.20209980010986
-6.52887153625488 1.59395439284626E-14 -7.105427357601E-15
-6.52887153625488 -0.131233602762222 8.20209980010986
-1 1.77635683940025E-15 0
-6.52887153625488 -0.131233602762222 -7.105427357601E-15
-6.52887153625488 -0.131233602762222 8.20209980010986
-6.52887153625488 1.59395439284626E-14 -7.105427357601E-15
-1 1.77635683940025E-15 0
-4.35258102416992 9.6339602961848E-14 8.20209980010986
-6.52887153625488 1.0020546810938E-13 8.20209980010986
-6.52887153625488 -0.131233602762222 8.20209980010986
2.40444803911364E-29 1.35358391162299E-14 1
-6.52887153625488 -0.131233602762222 8.20209980010986
-4.35258102416992 -0.131233602762222 8.20209980010986
-4.35258102416992 9.6339602961848E-14 8.20209980010986
2.40444803911364E-29 1.35358391162299E-14 1
-4.51662302017212 9.32725779750031E-14 7.87401580810547
-4.51662302017212 1.74165864293575E-14 0.492125988006592
-4.51662302017212 -0.131233602762222 0.492125988006592
-1 1.77635683940025E-15 0
-4.51662302017212 -0.131233602762222 0.492125988006592
-4.51662302017212 -0.131233602762222 7.87401580810547
-4.51662302017212 9.32725779750031E-14 7.87401580810547
-1 1.77635683940025E-15 0
-6.36482954025269 9.65556505735064E-14 7.87401580810547
-4.51662302017212 9.32725779750031E-14 7.87401580810547
-4.51662302017212 -0.131233602762222 7.87401580810547
-2.40444803911364E-29 -1.35358391162299E-14 -1
-4.51662302017212 -0.131233602762222 7.87401580810547
-6.36482954025269 -0.131233602762222 7.87401580810547
-6.36482954025269 9.65556505735064E-14 7.87401580810547
-2.40444803911364E-29 -1.35358391162299E-14 -1
-6.36482954025269 2.06996607219267E-14 0.492125988006592
-6.36482954025269 9.65556505735064E-14 7.87401580810547
-6.36482954025269 -0.131233602762222 0.492125988006592
1 -1.77635683940025E-15 0
-6.36482954025269 -0.131233602762222 7.87401580810547
-6.36482954025269 -0.131233602762222 0.492125988006592
-6.36482954025269 9.65556505735064E-14 7.87401580810547
1 -1.77635683940025E-15 0
-4.51662302017212 1.74165864293575E-14 0.492125988006592
-6.36482954025269 2.06996607219267E-14 0.492125988006592
-6.36482954025269 -0.131233602762222 0.492125988006592
1.20222401955682E-29 6.76791955811495E-15 1
-6.36482954025269 -0.131233602762222 0.492125988006592
-4.51662302017212 -0.131233602762222 0.492125988006592
-4.51662302017212 1.74165864293575E-14 0.492125988006592
1.20222401955682E-29 6.76791955811495E-15 1
-4.51662302017212 -0.0328084006905556 7.87401580810547
-4.51662302017212 -0.0328084006905556 0.492125988006592
-6.36482954025269 -0.0328084006905556 0.492125988006592
1.77635683940025E-15 1 -1.02752821442426E-14
-6.36482954025269 -0.0328084006905556 0.492125988006592
-6.36482954025269 -0.0328084006905556 7.87401580810547
-4.51662302017212 -0.0328084006905556 7.87401580810547
1.77635683940025E-15 1 -1.02752821442426E-14
-6.36482954025269 -0.0984251946210861 7.87401580810547
-6.36482954025269 -0.0984251946210861 0.492125988006592
-4.51662302017212 -0.0984251946210861 0.492125988006592
-1.77635683940025E-15 -1 1.02752821442426E-14
-4.51662302017212 -0.0984251946210861 0.492125988006592
-4.51662302017212 -0.0984251946210861 7.87401580810547
-6.36482954025269 -0.0984251946210861 7.87401580810547
-1.77635683940025E-15 -1 1.02752821442426E-14
-6.36482954025269 -0.0328084006905556 0.492125988006592
-4.51662302017212 -0.0328084006905556 0.492125988006592
-4.51662302017212 -0.0984251946210861 0.492125988006592
-1.80333602933523E-29 -1.01518793371724E-14 -1
-4.51662302017212 -0.0984251946210861 0.492125988006592
-6.36482954025269 -0.0984251946210861 0.492125988006592
-6.36482954025269 -0.0328084006905556 0.492125988006592
-1.80333602933523E-29 -1.01518793371724E-14 -1
-6.36482954025269 -0.0328084006905556 7.87401580810547
-6.36482954025269 -0.0328084006905556 0.492125988006592
-6.36482954025269 -0.0984251946210861 0.492125988006592
-1 1.77635683940025E-15 0
-6.36482954025269 -0.0984251946210861 0.492125988006592
-6.36482954025269 -0.0984251946210861 7.87401580810547
-6.36482954025269 -0.0328084006905556 7.87401580810547
-1 1.77635683940025E-15 0
-4.51662302017212 -0.0328084006905556 7.87401580810547
-6.36482954025269 -0.0328084006905556 7.87401580810547
-6.36482954025269 -0.0984251946210861 7.87401580810547
2.40444803911364E-29 1.35358391162299E-14 1
-6.36482954025269 -0.0984251946210861 7.87401580810547
-4.51662302017212 -0.0984251946210861 7.87401580810547
-4.51662302017212 -0.0328084006905556 7.87401580810547
2.40444803911364E-29 1.35358391162299E-14 1
-4.51662302017212 -0.0328084006905556 0.492125988006592
-4.51662302017212 -0.0328084006905556 7.87401580810547
-4.51662302017212 -0.0984251946210861 0.492125988006592
1 -1.77635683940025E-15 0
-4.51662302017212 -0.0984251946210861 7.87401580810547
-4.51662302017212 -0.0984251946210861 0.492125988006592
-4.51662302017212 -0.0328084006905556 7.87401580810547
1 -1.77635683940025E-15 0
-3.99312782287598 2.12043929100037 8.20209980010986
-3.96464204788208 1.95888936519623 7.87401580810547
-3.64370441436768 0.138761356472969 7.87401580810547
-0.984807753012209 -0.173648177666927 1.02752821442426E-14
-3.96464204788208 1.95888936519623 7.87401580810547
-3.99312782287598 2.12043929100037 8.20209980010986
-3.96464204788208 1.95888936519623 0.492125988006592
-0.984807753012209 -0.173648177666927 1.02752821442426E-14
-3.61521887779236 -0.0227884743362665 8.20209980010986
-3.64370441436768 0.138761356472969 7.87401580810547
-3.64370441436768 0.138761356472969 0.492125988006592
-0.984807753012209 -0.173648177666927 1.02752821442426E-14
-3.64370441436768 0.138761356472969 7.87401580810547
-3.61521887779236 -0.0227884743362665 8.20209980010986
-3.99312782287598 2.12043929100037 8.20209980010986
-0.984807753012209 -0.173648177666927 1.02752821442426E-14
-3.96464204788208 1.95888936519623 0.492125988006592
-3.99312782287598 2.12043929100037 -4.86878688543213E-15
-3.64370441436768 0.138761356472969 0.492125988006592
-0.984807753012209 -0.173648177666927 1.02752821442426E-14
-3.99312782287598 2.12043929100037 -4.86878688543213E-15
-3.96464204788208 1.95888936519623 0.492125988006592
-3.99312782287598 2.12043929100037 8.20209980010986
-0.984807753012209 -0.173648177666927 1.02752821442426E-14
-3.64370441436768 0.138761356472969 0.492125988006592
-3.61521887779236 -0.0227884743362665 -5.32907051820075E-15
-3.61521887779236 -0.0227884743362665 8.20209980010986
-0.984807753012209 -0.173648177666927 1.02752821442426E-14
-3.61521887779236 -0.0227884743362665 -5.32907051820075E-15
-3.64370441436768 0.138761356472969 0.492125988006592
-3.99312782287598 2.12043929100037 -4.86878688543213E-15
-0.984807753012209 -0.173648177666927 1.02752821442426E-14
-3.86388778686523 2.14322781562805 -6.21724893790088E-15
-3.83540225028992 1.98167788982391 0.492125988006592
-3.51446461677551 0.16154982149601 0.492125988006592
0.984807753012209 0.173648177666927 -1.02752821442426E-14
-3.83540225028992 1.98167788982391 0.492125988006592
-3.86388778686523 2.14322781562805 -6.21724893790088E-15
-3.86388778686523 2.14322781562805 8.20209980010986
0.984807753012209 0.173648177666927 -1.02752821442426E-14
-3.4859790802002 -1.24344978758018E-14 -7.105427357601E-15
-3.51446461677551 0.16154982149601 0.492125988006592
-3.4859790802002 2.22044604925031E-15 8.20209980010986
0.984807753012209 0.173648177666927 -1.02752821442426E-14
-3.51446461677551 0.16154982149601 0.492125988006592
-3.4859790802002 -1.24344978758018E-14 -7.105427357601E-15
-3.86388778686523 2.14322781562805 -6.21724893790088E-15
0.984807753012209 0.173648177666927 -1.02752821442426E-14
-3.83540225028992 1.98167788982391 7.87401580810547
-3.86388778686523 2.14322781562805 8.20209980010986
-3.51446461677551 0.16154982149601 7.87401580810547
0.984807753012209 0.173648177666927 -1.02752821442426E-14
-3.86388778686523 2.14322781562805 8.20209980010986
-3.83540225028992 1.98167788982391 7.87401580810547
-3.83540225028992 1.98167788982391 0.492125988006592
0.984807753012209 0.173648177666927 -1.02752821442426E-14
-3.51446461677551 0.16154982149601 7.87401580810547
-3.4859790802002 2.22044604925031E-15 8.20209980010986
-3.51446461677551 0.16154982149601 0.492125988006592
0.984807753012209 0.173648177666927 -1.02752821442426E-14
-3.4859790802002 2.22044604925031E-15 8.20209980010986
-3.51446461677551 0.16154982149601 7.87401580810547
-3.86388778686523 2.14322781562805 8.20209980010986
0.984807753012209 0.173648177666927 -1.02752821442426E-14
-3.86388778686523 2.14322781562805 8.20209980010986
-3.86388778686523 2.14322781562805 -6.21724893790088E-15
-3.99312782287598 2.12043929100037 8.20209980010986
-0.173648177666927 0.984807753012209 0
-3.99312782287598 2.12043929100037 -4.86878688543213E-15
-3.99312782287598 2.12043929100037 8.20209980010986
-3.86388778686523 2.14322781562805 -6.21724893790088E-15
-0.173648177666927 0.984807753012209 0
-3.4859790802002 2.22044604925031E-15 8.20209980010986
-3.86388778686523 2.14322781562805 8.20209980010986
-3.99312782287598 2.12043929100037 8.20209980010986
1.33301993051891E-14 2.35047379572603E-15 1
-3.99312782287598 2.12043929100037 8.20209980010986
-3.61521887779236 -0.0227884743362665 8.20209980010986
-3.4859790802002 2.22044604925031E-15 8.20209980010986
1.33301993051891E-14 2.35047379572603E-15 1
-3.4859790802002 -1.23645270251279E-14 -7.105427357601E-15
-3.4859790802002 2.27034836006309E-15 8.20209980010986
-3.61521887779236 -0.0227884743362665 -5.32907051820075E-15
0.173648177666927 -0.984807753012209 0
-3.61521887779236 -0.0227884743362665 8.20209980010986
-3.61521887779236 -0.0227884743362665 -5.32907051820075E-15
-3.4859790802002 2.27034836006309E-15 8.20209980010986
0.173648177666927 -0.984807753012209 0
-3.86388778686523 2.14322781562805 -6.21724893790088E-15
-3.4859790802002 -1.23645270251279E-14 -7.105427357601E-15
-3.61521887779236 -0.0227884743362665 -5.75696530513226E-15
-1.0190046076693E-14 -1.3823684624209E-15 -1
-3.61521887779236 -0.0227884743362665 -5.75696530513226E-15
-3.99312782287598 2.12043929100037 -4.86878688543213E-15
-3.86388778686523 2.14322781562805 -6.21724893790088E-15
-1.0190046076693E-14 -1.3823684624209E-15 -1
-3.51446461677551 0.16154982149601 0.492125988006592
-3.83540225028992 1.98167788982391 0.492125988006592
-3.96464204788208 1.95888936519623 0.492125988006592
9.99764947889185E-15 1.76285534679452E-15 1
-3.96464204788208 1.95888936519623 0.492125988006592
-3.64370441436768 0.138761356472969 0.492125988006592
-3.51446461677551 0.16154982149601 0.492125988006592
9.99764947889185E-15 1.76285534679452E-15 1
-3.51446461677551 0.16154982149601 7.87401580810547
-3.51446461677551 0.16154982149601 0.492125988006592
-3.64370441436768 0.138761356472969 0.492125988006592
-0.173648177666927 0.984807753012209 0
-3.64370441436768 0.138761356472969 0.492125988006592
-3.64370441436768 0.138761356472969 7.87401580810547
-3.51446461677551 0.16154982149601 7.87401580810547
-0.173648177666927 0.984807753012209 0
-3.83540225028992 1.98167788982391 7.87401580810547
-3.51446461677551 0.16154982149601 7.87401580810547
-3.64370441436768 0.138761356472969 7.87401580810547
-1.33301993051891E-14 -2.35047379572603E-15 -1
-3.64370441436768 0.138761356472969 7.87401580810547
-3.96464204788208 1.95888936519623 7.87401580810547
-3.83540225028992 1.98167788982391 7.87401580810547
-1.33301993051891E-14 -2.35047379572603E-15 -1
-3.83540225028992 1.98167788982391 0.492125988006592
-3.83540225028992 1.98167788982391 7.87401580810547
-3.96464204788208 1.95888936519623 7.87401580810547
0.173648177666927 -0.984807753012209 0
-3.96464204788208 1.95888936519623 7.87401580810547
-3.96464204788208 1.95888936519623 0.492125988006592
-3.83540225028992 1.98167788982391 0.492125988006592
0.173648177666927 -0.984807753012209 0
-3.61139440536499 0.144458472728729 7.87401580810547
-3.93233203887939 1.96458649635315 7.87401580810547
-3.61139440536499 0.144458472728729 0.492125988006592
-0.984807753012209 -0.173648177666927 1.02752821442426E-14
-3.93233203887939 1.96458649635315 0.492125988006592
-3.61139440536499 0.144458472728729 0.492125988006592
-3.93233203887939 1.96458649635315 7.87401580810547
-0.984807753012209 -0.173648177666927 1.02752821442426E-14
-3.5467746257782 0.15585270524025 0.492125988006592
-3.8677122592926 1.97598075866699 0.492125988006592
-3.5467746257782 0.15585270524025 7.87401580810547
0.984807753012209 0.173648177666927 -1.02752821442426E-14
-3.8677122592926 1.97598075866699 7.87401580810547
-3.5467746257782 0.15585270524025 7.87401580810547
-3.8677122592926 1.97598075866699 0.492125988006592
0.984807753012209 0.173648177666927 -1.02752821442426E-14
-3.8677122592926 1.97598075866699 7.87401580810547
-3.8677122592926 1.97598075866699 0.492125988006592
-3.93233203887939 1.96458649635315 0.492125988006592
-0.173648177666927 0.984807753012209 0
-3.93233203887939 1.96458649635315 0.492125988006592
-3.93233203887939 1.96458649635315 7.87401580810547
-3.8677122592926 1.97598075866699 7.87401580810547
-0.173648177666927 0.984807753012209 0
-3.5467746257782 0.15585270524025 7.87401580810547
-3.8677122592926 1.97598075866699 7.87401580810547
-3.93233203887939 1.96458649635315 7.87401580810547
1.33301993051891E-14 2.35047379572603E-15 1
-3.93233203887939 1.96458649635315 7.87401580810547
-3.61139440536499 0.144458472728729 7.87401580810547
-3.5467746257782 0.15585270524025 7.87401580810547
1.33301993051891E-14 2.35047379572603E-15 1
-3.5467746257782 0.15585270524025 0.492125988006592
-3.5467746257782 0.15585270524025 7.87401580810547
-3.61139440536499 0.144458472728729 7.87401580810547
0.173648177666927 -0.984807753012209 0
-3.61139440536499 0.144458472728729 7.87401580810547
-3.61139440536499 0.144458472728729 0.492125988006592
-3.5467746257782 0.15585270524025 0.492125988006592
0.173648177666927 -0.984807753012209 0
-3.8677122592926 1.97598075866699 0.492125988006592
-3.5467746257782 0.15585270524025 0.492125988006592
-3.61139440536499 0.144458472728729 0.492125988006592
-9.99764947889186E-15 -1.76285534679452E-15 -1
-3.61139440536499 0.144458472728729 0.492125988006592
-3.93233203887939 1.96458649635315 0.492125988006592
-3.8677122592926 1.97598075866699 0.492125988006592
-9.99764947889186E-15 -1.76285534679452E-15 -1
-4.37103652954102 -0.0227884743362665 8.20209980010986
-4.34255075454712 0.138761356472969 7.87401580810547
-4.02161312103271 1.95888936519623 7.87401580810547
0.984807753012207 -0.173648177666939 -1.02752821442426E-14
-4.34255075454712 0.138761356472969 7.87401580810547
-4.37103652954102 -0.0227884743362665 8.20209980010986
-4.34255075454712 0.138761356472969 0.492125988006592
0.984807753012207 -0.173648177666939 -1.02752821442426E-14
-3.99312782287598 2.12043929100037 8.20209980010986
-4.02161312103271 1.95888936519623 7.87401580810547
-4.02161312103271 1.95888936519623 0.492125988006592
0.984807753012207 -0.173648177666939 -1.02752821442426E-14
-4.02161312103271 1.95888936519623 7.87401580810547
-3.99312782287598 2.12043929100037 8.20209980010986
-4.37103652954102 -0.0227884743362665 8.20209980010986
0.984807753012207 -0.173648177666939 -1.02752821442426E-14
-4.34255075454712 0.138761356472969 0.492125988006592
-4.37103652954102 -0.0227884743362665 -8.88178419700125E-15
-4.02161312103271 1.95888936519623 0.492125988006592
0.984807753012207 -0.173648177666939 -1.02752821442426E-14
-4.37103652954102 -0.0227884743362665 -8.88178419700125E-15
-4.34255075454712 0.138761356472969 0.492125988006592
-4.37103652954102 -0.0227884743362665 8.20209980010986
0.984807753012207 -0.173648177666939 -1.02752821442426E-14
-4.02161312103271 1.95888936519623 0.492125988006592
-3.99312782287598 2.12043929100037 -7.105427357601E-15
-3.99312782287598 2.12043929100037 8.20209980010986
0.984807753012207 -0.173648177666939 -1.02752821442426E-14
-3.99312782287598 2.12043929100037 -7.105427357601E-15
-4.02161312103271 1.95888936519623 0.492125988006592
-4.37103652954102 -0.0227884743362665 -8.88178419700125E-15
0.984807753012207 -0.173648177666939 -1.02752821442426E-14
-4.50027656555176 2.39518725220298E-14 -7.105427357601E-15
-4.47179079055786 0.16154982149601 0.492125988006592
-4.15085315704346 1.98167788982391 0.492125988006592
-0.984807753012207 0.173648177666939 1.02752821442426E-14
-4.47179079055786 0.16154982149601 0.492125988006592
-4.50027656555176 2.39518725220298E-14 -7.105427357601E-15
-4.50027656555176 9.31699734859704E-15 8.20209980010986
-0.984807753012207 0.173648177666939 1.02752821442426E-14
-4.12236738204956 2.14322781562805 -7.105427357601E-15
-4.15085315704346 1.98167788982391 0.492125988006592
-4.12236738204956 2.14322781562805 8.20209980010986
-0.984807753012207 0.173648177666939 1.02752821442426E-14
-4.15085315704346 1.98167788982391 0.492125988006592
-4.12236738204956 2.14322781562805 -7.105427357601E-15
-4.50027656555176 2.39518725220298E-14 -7.105427357601E-15
-0.984807753012207 0.173648177666939 1.02752821442426E-14
-4.47179079055786 0.16154982149601 7.87401580810547
-4.50027656555176 9.31699734859704E-15 8.20209980010986
-4.15085315704346 1.98167788982391 7.87401580810547
-0.984807753012207 0.173648177666939 1.02752821442426E-14
-4.50027656555176 9.31699734859704E-15 8.20209980010986
-4.47179079055786 0.16154982149601 7.87401580810547
-4.47179079055786 0.16154982149601 0.492125988006592
-0.984807753012207 0.173648177666939 1.02752821442426E-14
-4.15085315704346 1.98167788982391 7.87401580810547
-4.12236738204956 2.14322781562805 8.20209980010986
-4.15085315704346 1.98167788982391 0.492125988006592
-0.984807753012207 0.173648177666939 1.02752821442426E-14
-4.12236738204956 2.14322781562805 8.20209980010986
-4.15085315704346 1.98167788982391 7.87401580810547
-4.50027656555176 9.31699734859704E-15 8.20209980010986
-0.984807753012207 0.173648177666939 1.02752821442426E-14
-4.37103652954102 -0.0227884743362665 -8.88178419700125E-15
-4.37103652954102 -0.0227884743362665 8.20209980010986
-4.50027656555176 2.39565312032397E-14 -7.105427357601E-15
-0.173648177666939 -0.984807753012207 3.94430452610506E-31
-4.50027656555176 9.31893451294741E-15 8.20209980010986
-4.50027656555176 2.39565312032397E-14 -7.105427357601E-15
-4.37103652954102 -0.0227884743362665 8.20209980010986
-0.173648177666939 -0.984807753012207 3.94430452610506E-31
-3.99312782287598 2.12043929100037 -7.99360577730113E-15
-4.37103652954102 -0.0227884743362665 -8.88178419700125E-15
-4.50027656555176 2.39565312032397E-14 -7.105427357601E-15
-1.3259330748534E-14 2.75238935266653E-15 -1
-4.50027656555176 2.39565312032397E-14 -7.105427357601E-15
-4.12236738204956 2.14322781562805 -6.21724893790088E-15
-3.99312782287598 2.12043929100037 -7.99360577730113E-15
-1.3259330748534E-14 2.75238935266653E-15 -1
-3.99312782287598 2.12043929100037 8.20209980010986
-3.99312782287598 2.12043929100037 -7.105427357601E-15
-4.12236738204956 2.14322781562805 8.20209980010986
0.173648177666939 0.984807753012207 0
-4.12236738204956 2.14322781562805 -7.105427357601E-15
-4.12236738204956 2.14322781562805 8.20209980010986
-3.99312782287598 2.12043929100037 -7.105427357601E-15
0.173648177666939 0.984807753012207 0
-4.37103652954102 -0.0227884743362665 8.20209980010986
-3.99312782287598 2.12043929100037 8.20209980010986
-4.12236738204956 2.14322781562805 8.20209980010986
1.33301993051891E-14 -2.3504737957262E-15 1
-4.12236738204956 2.14322781562805 8.20209980010986
-4.50027656555176 9.32587340685131E-15 8.20209980010986
-4.37103652954102 -0.0227884743362665 8.20209980010986
1.33301993051891E-14 -2.3504737957262E-15 1
-4.34255075454712 0.138761356472969 7.87401580810547
-4.34255075454712 0.138761356472969 0.492125988006592
-4.47179079055786 0.16154982149601 0.492125988006592
0.173648177666939 0.984807753012207 -1.97215226305253E-31
-4.47179079055786 0.16154982149601 0.492125988006592
-4.47179079055786 0.16154982149601 7.87401580810547
-4.34255075454712 0.138761356472969 7.87401580810547
0.173648177666939 0.984807753012207 -1.97215226305253E-31
-4.02161312103271 1.95888936519623 7.87401580810547
-4.34255075454712 0.138761356472969 7.87401580810547
-4.47179079055786 0.16154982149601 7.87401580810547
-1.33301993051891E-14 2.3504737957262E-15 -1
-4.47179079055786 0.16154982149601 7.87401580810547
-4.15085315704346 1.98167788982391 7.87401580810547
-4.02161312103271 1.95888936519623 7.87401580810547
-1.33301993051891E-14 2.3504737957262E-15 -1
-4.02161312103271 1.95888936519623 0.492125988006592
-4.02161312103271 1.95888936519623 7.87401580810547
-4.15085315704346 1.98167788982391 0.492125988006592
-0.173648177666939 -0.984807753012207 0
-4.15085315704346 1.98167788982391 7.87401580810547
-4.15085315704346 1.98167788982391 0.492125988006592
-4.02161312103271 1.95888936519623 7.87401580810547
-0.173648177666939 -0.984807753012207 0
-4.34255075454712 0.138761356472969 0.492125988006592
-4.02161312103271 1.95888936519623 0.492125988006592
-4.15085315704346 1.98167788982391 0.492125988006592
6.66509965259455E-15 -1.1752368978631E-15 1
-4.15085315704346 1.98167788982391 0.492125988006592
-4.47179079055786 0.16154982149601 0.492125988006592
-4.34255075454712 0.138761356472969 0.492125988006592
6.66509965259455E-15 -1.1752368978631E-15 1
-4.3748607635498 0.144458472728729 7.87401580810547
-4.3748607635498 0.144458472728729 0.492125988006592
-4.0539231300354 1.96458649635315 0.492125988006592
0.984807753012207 -0.173648177666939 -1.02752821442426E-14
-4.0539231300354 1.96458649635315 0.492125988006592
-4.0539231300354 1.96458649635315 7.87401580810547
-4.3748607635498 0.144458472728729 7.87401580810547
0.984807753012207 -0.173648177666939 -1.02752821442426E-14
-4.11854314804077 1.97598075866699 7.87401580810547
-4.11854314804077 1.97598075866699 0.492125988006592
-4.43948078155518 0.15585270524025 0.492125988006592
-0.984807753012207 0.173648177666939 1.02752821442426E-14
-4.43948078155518 0.15585270524025 0.492125988006592
-4.43948078155518 0.15585270524025 7.87401580810547
-4.11854314804077 1.97598075866699 7.87401580810547
-0.984807753012207 0.173648177666939 1.02752821442426E-14
-4.0539231300354 1.96458649635315 0.492125988006592
-4.3748607635498 0.144458472728729 0.492125988006592
-4.43948078155518 0.15585270524025 0.492125988006592
-9.99764947889183E-15 1.76285534679465E-15 -1
-4.43948078155518 0.15585270524025 0.492125988006592
-4.11854314804077 1.97598075866699 0.492125988006592
-4.0539231300354 1.96458649635315 0.492125988006592
-9.99764947889183E-15 1.76285534679465E-15 -1
-4.0539231300354 1.96458649635315 7.87401580810547
-4.0539231300354 1.96458649635315 0.492125988006592
-4.11854314804077 1.97598075866699 0.492125988006592
0.173648177666939 0.984807753012207 0
-4.11854314804077 1.97598075866699 0.492125988006592
-4.11854314804077 1.97598075866699 7.87401580810547
-4.0539231300354 1.96458649635315 7.87401580810547
0.173648177666939 0.984807753012207 0
-4.3748607635498 0.144458472728729 7.87401580810547
-4.0539231300354 1.96458649635315 7.87401580810547
-4.11854314804077 1.97598075866699 7.87401580810547
1.33301993051891E-14 -2.3504737957262E-15 1
-4.11854314804077 1.97598075866699 7.87401580810547
-4.43948078155518 0.15585270524025 7.87401580810547
-4.3748607635498 0.144458472728729 7.87401580810547
1.33301993051891E-14 -2.3504737957262E-15 1
-4.3748607635498 0.144458472728729 0.492125988006592
-4.3748607635498 0.144458472728729 7.87401580810547
-4.43948078155518 0.15585270524025 0.492125988006592
-0.173648177666939 -0.984807753012207 0
-4.43948078155518 0.15585270524025 7.87401580810547
-4.43948078155518 0.15585270524025 0.492125988006592
-4.3748607635498 0.144458472728729 7.87401580810547
-0.173648177666939 -0.984807753012207 0
-5.00742530822754 2.12043929100037 8.20209980010986
-4.97893953323364 1.95888936519623 7.87401580810547
-4.65800189971924 0.138761356472969 7.87401580810547
-0.984807753012209 -0.173648177666924 1.02752821442426E-14
-4.97893953323364 1.95888936519623 7.87401580810547
-5.00742530822754 2.12043929100037 8.20209980010986
-4.97893953323364 1.95888936519623 0.492125988006592
-0.984807753012209 -0.173648177666924 1.02752821442426E-14
-4.62951612472534 -0.0227884743362665 8.20209980010986
-4.65800189971924 0.138761356472969 7.87401580810547
-4.65800189971924 0.138761356472969 0.492125988006592
-0.984807753012209 -0.173648177666924 1.02752821442426E-14
-4.65800189971924 0.138761356472969 7.87401580810547
-4.62951612472534 -0.0227884743362665 8.20209980010986
-5.00742530822754 2.12043929100037 8.20209980010986
-0.984807753012209 -0.173648177666924 1.02752821442426E-14
-4.97893953323364 1.95888936519623 0.492125988006592
-5.00742530822754 2.12043929100037 -4.86878688543213E-15
-4.65800189971924 0.138761356472969 0.492125988006592
-0.984807753012209 -0.173648177666924 1.02752821442426E-14
-5.00742530822754 2.12043929100037 -4.86878688543213E-15
-4.97893953323364 1.95888936519623 0.492125988006592
-5.00742530822754 2.12043929100037 8.20209980010986
-0.984807753012209 -0.173648177666924 1.02752821442426E-14
-4.65800189971924 0.138761356472969 0.492125988006592
-4.62951612472534 -0.0227884743362665 -5.32907051820075E-15
-4.62951612472534 -0.0227884743362665 8.20209980010986
-0.984807753012209 -0.173648177666924 1.02752821442426E-14
-4.62951612472534 -0.0227884743362665 -5.32907051820075E-15
-4.65800189971924 0.138761356472969 0.492125988006592
-5.00742530822754 2.12043929100037 -4.86878688543213E-15
-0.984807753012209 -0.173648177666924 1.02752821442426E-14
-4.8781852722168 2.14322781562805 -6.21724893790088E-15
-4.8496994972229 1.98167788982391 0.492125988006592
-4.5287618637085 0.16154982149601 0.492125988006592
0.984807753012209 0.173648177666924 -1.02752821442426E-14
-4.8496994972229 1.98167788982391 0.492125988006592
-4.8781852722168 2.14322781562805 -6.21724893790088E-15
-4.8781852722168 2.14322781562805 8.20209980010986
0.984807753012209 0.173648177666924 -1.02752821442426E-14
-4.50027656555176 2.39808173319034E-14 -7.105427357601E-15
-4.5287618637085 0.16154982149601 0.492125988006592
-4.50027656555176 3.86357612569554E-14 8.20209980010986
0.984807753012209 0.173648177666924 -1.02752821442426E-14
-4.5287618637085 0.16154982149601 0.492125988006592
-4.50027656555176 2.39808173319034E-14 -7.105427357601E-15
-4.8781852722168 2.14322781562805 -6.21724893790088E-15
0.984807753012209 0.173648177666924 -1.02752821442426E-14
-4.8496994972229 1.98167788982391 7.87401580810547
-4.8781852722168 2.14322781562805 8.20209980010986
-4.5287618637085 0.16154982149601 7.87401580810547
0.984807753012209 0.173648177666924 -1.02752821442426E-14
-4.8781852722168 2.14322781562805 8.20209980010986
-4.8496994972229 1.98167788982391 7.87401580810547
-4.8496994972229 1.98167788982391 0.492125988006592
0.984807753012209 0.173648177666924 -1.02752821442426E-14
-4.5287618637085 0.16154982149601 7.87401580810547
-4.50027656555176 3.86357612569554E-14 8.20209980010986
-4.5287618637085 0.16154982149601 0.492125988006592
0.984807753012209 0.173648177666924 -1.02752821442426E-14
-4.50027656555176 3.86357612569554E-14 8.20209980010986
-4.5287618637085 0.16154982149601 7.87401580810547
-4.8781852722168 2.14322781562805 8.20209980010986
0.984807753012209 0.173648177666924 -1.02752821442426E-14
-4.8781852722168 2.14322781562805 8.20209980010986
-4.8781852722168 2.14322781562805 -6.21724893790088E-15
-5.00742530822754 2.12043929100037 8.20209980010986
-0.173648177666924 0.984807753012209 1.97215226305253E-31
-5.00742530822754 2.12043929100037 -4.86878688543213E-15
-5.00742530822754 2.12043929100037 8.20209980010986
-4.8781852722168 2.14322781562805 -6.21724893790088E-15
-0.173648177666924 0.984807753012209 1.97215226305253E-31
-4.50027656555176 3.86357612569554E-14 8.20209980010986
-4.8781852722168 2.14322781562805 8.20209980010986
-5.00742530822754 2.12043929100037 8.20209980010986
1.33301993051891E-14 2.35047379572599E-15 1
-5.00742530822754 2.12043929100037 8.20209980010986
-4.62951612472534 -0.0227884743362665 8.20209980010986
-4.50027656555176 3.86357612569554E-14 8.20209980010986
1.33301993051891E-14 2.35047379572599E-15 1
-4.50027656555176 2.40446971686535E-14 -7.105427357601E-15
-4.50027656555176 3.86795731891192E-14 8.20209980010986
-4.62951612472534 -0.0227884743362665 -5.32907051820075E-15
0.173648177666924 -0.984807753012209 0
-4.62951612472534 -0.0227884743362665 8.20209980010986
-4.62951612472534 -0.0227884743362665 -5.32907051820075E-15
-4.50027656555176 3.86795731891192E-14 8.20209980010986
0.173648177666924 -0.984807753012209 0
-4.8781852722168 2.14322781562805 -6.21724893790088E-15
-4.50027656555176 2.40446971686535E-14 -7.105427357601E-15
-4.62951612472534 -0.0227884743362665 -5.75696530513226E-15
-1.0190046076693E-14 -1.38236846242087E-15 -1
-4.62951612472534 -0.0227884743362665 -5.75696530513226E-15
-5.00742530822754 2.12043929100037 -4.86878688543213E-15
-4.8781852722168 2.14322781562805 -6.21724893790088E-15
-1.0190046076693E-14 -1.38236846242087E-15 -1
-4.5287618637085 0.16154982149601 0.492125988006592
-4.8496994972229 1.98167788982391 0.492125988006592
-4.97893953323364 1.95888936519623 0.492125988006592
9.99764947889186E-15 1.76285534679449E-15 1
-4.97893953323364 1.95888936519623 0.492125988006592
-4.65800189971924 0.138761356472969 0.492125988006592
-4.5287618637085 0.16154982149601 0.492125988006592
9.99764947889186E-15 1.76285534679449E-15 1
-4.5287618637085 0.16154982149601 7.87401580810547
-4.5287618637085 0.16154982149601 0.492125988006592
-4.65800189971924 0.138761356472969 0.492125988006592
-0.173648177666924 0.984807753012209 -1.97215226305253E-31
-4.65800189971924 0.138761356472969 0.492125988006592
-4.65800189971924 0.138761356472969 7.87401580810547
-4.5287618637085 0.16154982149601 7.87401580810547
-0.173648177666924 0.984807753012209 -1.97215226305253E-31
-4.8496994972229 1.98167788982391 7.87401580810547
-4.5287618637085 0.16154982149601 7.87401580810547
-4.65800189971924 0.138761356472969 7.87401580810547
-1.33301993051891E-14 -2.35047379572599E-15 -1
-4.65800189971924 0.138761356472969 7.87401580810547
-4.97893953323364 1.95888936519623 7.87401580810547
-4.8496994972229 1.98167788982391 7.87401580810547
-1.33301993051891E-14 -2.35047379572599E-15 -1
-4.8496994972229 1.98167788982391 0.492125988006592
-4.8496994972229 1.98167788982391 7.87401580810547
-4.97893953323364 1.95888936519623 7.87401580810547
0.173648177666924 -0.984807753012209 0
-4.97893953323364 1.95888936519623 7.87401580810547
-4.97893953323364 1.95888936519623 0.492125988006592
-4.8496994972229 1.98167788982391 0.492125988006592
0.173648177666924 -0.984807753012209 0
-4.62569189071655 0.144458472728729 7.87401580810547
-4.94662952423096 1.96458649635315 7.87401580810547
-4.62569189071655 0.144458472728729 0.492125988006592
-0.984807753012209 -0.173648177666924 1.02752821442426E-14
-4.94662952423096 1.96458649635315 0.492125988006592
-4.62569189071655 0.144458472728729 0.492125988006592
-4.94662952423096 1.96458649635315 7.87401580810547
-0.984807753012209 -0.173648177666924 1.02752821442426E-14
-4.56107187271118 0.15585270524025 0.492125988006592
-4.88200950622559 1.97598075866699 0.492125988006592
-4.56107187271118 0.15585270524025 7.87401580810547
0.984807753012209 0.173648177666924 -1.02752821442426E-14
-4.88200950622559 1.97598075866699 7.87401580810547
-4.56107187271118 0.15585270524025 7.87401580810547
-4.88200950622559 1.97598075866699 0.492125988006592
0.984807753012209 0.173648177666924 -1.02752821442426E-14
-4.88200950622559 1.97598075866699 7.87401580810547
-4.88200950622559 1.97598075866699 0.492125988006592
-4.94662952423096 1.96458649635315 0.492125988006592
-0.173648177666924 0.984807753012209 0
-4.94662952423096 1.96458649635315 0.492125988006592
-4.94662952423096 1.96458649635315 7.87401580810547
-4.88200950622559 1.97598075866699 7.87401580810547
-0.173648177666924 0.984807753012209 0
-4.56107187271118 0.15585270524025 7.87401580810547
-4.88200950622559 1.97598075866699 7.87401580810547
-4.94662952423096 1.96458649635315 7.87401580810547
1.33301993051891E-14 2.35047379572599E-15 1
-4.94662952423096 1.96458649635315 7.87401580810547
-4.62569189071655 0.144458472728729 7.87401580810547
-4.56107187271118 0.15585270524025 7.87401580810547
1.33301993051891E-14 2.35047379572599E-15 1
-4.56107187271118 0.15585270524025 0.492125988006592
-4.56107187271118 0.15585270524025 7.87401580810547
-4.62569189071655 0.144458472728729 7.87401580810547
0.173648177666924 -0.984807753012209 -3.94430452610506E-31
-4.62569189071655 0.144458472728729 7.87401580810547
-4.62569189071655 0.144458472728729 0.492125988006592
-4.56107187271118 0.15585270524025 0.492125988006592
0.173648177666924 -0.984807753012209 -3.94430452610506E-31
-4.88200950622559 1.97598075866699 0.492125988006592
-4.56107187271118 0.15585270524025 0.492125988006592
-4.62569189071655 0.144458472728729 0.492125988006592
-9.99764947889186E-15 -1.76285534679449E-15 -1
-4.62569189071655 0.144458472728729 0.492125988006592
-4.94662952423096 1.96458649635315 0.492125988006592
-4.88200950622559 1.97598075866699 0.492125988006592
-9.99764947889186E-15 -1.76285534679449E-15 -1
-6.39963150024414 -0.0227884743362665 8.20209980010986
-6.37114572525024 0.138761356472969 7.87401580810547
-6.05020809173584 1.95888936519623 7.87401580810547
0.984807753012206 -0.173648177666939 -1.02752821442426E-14
-6.37114572525024 0.138761356472969 7.87401580810547
-6.39963150024414 -0.0227884743362665 8.20209980010986
-6.37114572525024 0.138761356472969 0.492125988006592
0.984807753012206 -0.173648177666939 -1.02752821442426E-14
-6.0217227935791 2.12043929100037 8.20209980010986
-6.05020809173584 1.95888936519623 7.87401580810547
-6.05020809173584 1.95888936519623 0.492125988006592
0.984807753012206 -0.173648177666939 -1.02752821442426E-14
-6.05020809173584 1.95888936519623 7.87401580810547
-6.0217227935791 2.12043929100037 8.20209980010986
-6.39963150024414 -0.0227884743362665 8.20209980010986
0.984807753012206 -0.173648177666939 -1.02752821442426E-14
-6.37114572525024 0.138761356472969 0.492125988006592
-6.39963150024414 -0.0227884743362665 -8.88178419700125E-15
-6.05020809173584 1.95888936519623 0.492125988006592
0.984807753012206 -0.173648177666939 -1.02752821442426E-14
-6.39963150024414 -0.0227884743362665 -8.88178419700125E-15
-6.37114572525024 0.138761356472969 0.492125988006592
-6.39963150024414 -0.0227884743362665 8.20209980010986
0.984807753012206 -0.173648177666939 -1.02752821442426E-14
-6.05020809173584 1.95888936519623 0.492125988006592
-6.0217227935791 2.12043929100037 -7.105427357601E-15
-6.0217227935791 2.12043929100037 8.20209980010986
0.984807753012206 -0.173648177666939 -1.02752821442426E-14
-6.0217227935791 2.12043929100037 -7.105427357601E-15
-6.05020809173584 1.95888936519623 0.492125988006592
-6.39963150024414 -0.0227884743362665 -8.88178419700125E-15
0.984807753012206 -0.173648177666939 -1.02752821442426E-14
-6.52887153625488 2.43382957288308E-14 -7.105427357601E-15
-6.50038576126099 0.16154982149601 0.492125988006592
-6.17944812774658 1.98167788982391 0.492125988006592
-0.984807753012206 0.173648177666939 1.02752821442426E-14
-6.50038576126099 0.16154982149601 0.492125988006592
-6.52887153625488 2.43382957288308E-14 -7.105427357601E-15
-6.52887153625488 9.70342055539803E-15 8.20209980010986
-0.984807753012206 0.173648177666939 1.02752821442426E-14
-6.15096235275269 2.14322781562805 -7.105427357601E-15
-6.17944812774658 1.98167788982391 0.492125988006592
-6.15096235275269 2.14322781562805 8.20209980010986
-0.984807753012206 0.173648177666939 1.02752821442426E-14
-6.17944812774658 1.98167788982391 0.492125988006592
-6.15096235275269 2.14322781562805 -7.105427357601E-15
-6.52887153625488 2.43382957288308E-14 -7.105427357601E-15
-0.984807753012206 0.173648177666939 1.02752821442426E-14
-6.50038576126099 0.16154982149601 7.87401580810547
-6.52887153625488 9.70342055539803E-15 8.20209980010986
-6.17944812774658 1.98167788982391 7.87401580810547
-0.984807753012206 0.173648177666939 1.02752821442426E-14
-6.52887153625488 9.70342055539803E-15 8.20209980010986
-6.50038576126099 0.16154982149601 7.87401580810547
-6.50038576126099 0.16154982149601 0.492125988006592
-0.984807753012206 0.173648177666939 1.02752821442426E-14
-6.17944812774658 1.98167788982391 7.87401580810547
-6.15096235275269 2.14322781562805 8.20209980010986
-6.17944812774658 1.98167788982391 0.492125988006592
-0.984807753012206 0.173648177666939 1.02752821442426E-14
-6.15096235275269 2.14322781562805 8.20209980010986
-6.17944812774658 1.98167788982391 7.87401580810547
-6.52887153625488 9.70342055539803E-15 8.20209980010986
-0.984807753012206 0.173648177666939 1.02752821442426E-14
-6.39963150024414 -0.0227884743362665 -8.88178419700125E-15
-6.39963150024414 -0.0227884743362665 8.20209980010986
-6.52887153625488 2.43416398149066E-14 -7.105427357601E-15
-0.173648177666939 -0.984807753012206 3.94430452610506E-31
-6.52887153625488 9.70404312461426E-15 8.20209980010986
-6.52887153625488 2.43416398149066E-14 -7.105427357601E-15
-6.39963150024414 -0.0227884743362665 8.20209980010986
-0.173648177666939 -0.984807753012206 3.94430452610506E-31
-6.0217227935791 2.12043929100037 -7.99360577730113E-15
-6.39963150024414 -0.0227884743362665 -8.88178419700125E-15
-6.52887153625488 2.43416398149066E-14 -7.105427357601E-15
-1.3259330748534E-14 2.75238935266653E-15 -1
-6.52887153625488 2.43416398149066E-14 -7.105427357601E-15
-6.15096235275269 2.14322781562805 -6.21724893790088E-15
-6.0217227935791 2.12043929100037 -7.99360577730113E-15
-1.3259330748534E-14 2.75238935266653E-15 -1
-6.0217227935791 2.12043929100037 8.20209980010986
-6.0217227935791 2.12043929100037 -7.105427357601E-15
-6.15096235275269 2.14322781562805 8.20209980010986
0.173648177666939 0.984807753012206 0
-6.15096235275269 2.14322781562805 -7.105427357601E-15
-6.15096235275269 2.14322781562805 8.20209980010986
-6.0217227935791 2.12043929100037 -7.105427357601E-15
0.173648177666939 0.984807753012206 0
-6.39963150024414 -0.0227884743362665 8.20209980010986
-6.0217227935791 2.12043929100037 8.20209980010986
-6.15096235275269 2.14322781562805 8.20209980010986
1.33301993051891E-14 -2.3504737957262E-15 1
-6.15096235275269 2.14322781562805 8.20209980010986
-6.52887153625488 9.76996261670138E-15 8.20209980010986
-6.39963150024414 -0.0227884743362665 8.20209980010986
1.33301993051891E-14 -2.3504737957262E-15 1
-6.37114572525024 0.138761356472969 7.87401580810547
-6.37114572525024 0.138761356472969 0.492125988006592
-6.50038576126099 0.16154982149601 0.492125988006592
0.173648177666939 0.984807753012206 -1.97215226305253E-31
-6.50038576126099 0.16154982149601 0.492125988006592
-6.50038576126099 0.16154982149601 7.87401580810547
-6.37114572525024 0.138761356472969 7.87401580810547
0.173648177666939 0.984807753012206 -1.97215226305253E-31
-6.05020809173584 1.95888936519623 7.87401580810547
-6.37114572525024 0.138761356472969 7.87401580810547
-6.50038576126099 0.16154982149601 7.87401580810547
-1.33301993051891E-14 2.3504737957262E-15 -1
-6.50038576126099 0.16154982149601 7.87401580810547
-6.17944812774658 1.98167788982391 7.87401580810547
-6.05020809173584 1.95888936519623 7.87401580810547
-1.33301993051891E-14 2.3504737957262E-15 -1
-6.05020809173584 1.95888936519623 0.492125988006592
-6.05020809173584 1.95888936519623 7.87401580810547
-6.17944812774658 1.98167788982391 0.492125988006592
-0.173648177666939 -0.984807753012206 -3.94430452610506E-31
-6.17944812774658 1.98167788982391 7.87401580810547
-6.17944812774658 1.98167788982391 0.492125988006592
-6.05020809173584 1.95888936519623 7.87401580810547
-0.173648177666939 -0.984807753012206 -3.94430452610506E-31
-6.37114572525024 0.138761356472969 0.492125988006592
-6.05020809173584 1.95888936519623 0.492125988006592
-6.17944812774658 1.98167788982391 0.492125988006592
6.66509965259455E-15 -1.1752368978631E-15 1
-6.17944812774658 1.98167788982391 0.492125988006592
-6.50038576126099 0.16154982149601 0.492125988006592
-6.37114572525024 0.138761356472969 0.492125988006592
6.66509965259455E-15 -1.1752368978631E-15 1
-6.40345573425293 0.144458472728729 7.87401580810547
-6.40345573425293 0.144458472728729 0.492125988006592
-6.08251810073853 1.96458649635315 0.492125988006592
0.984807753012206 -0.173648177666939 -1.02752821442426E-14
-6.08251810073853 1.96458649635315 0.492125988006592
-6.08251810073853 1.96458649635315 7.87401580810547
-6.40345573425293 0.144458472728729 7.87401580810547
0.984807753012206 -0.173648177666939 -1.02752821442426E-14
-6.1471381187439 1.97598075866699 7.87401580810547
-6.1471381187439 1.97598075866699 0.492125988006592
-6.4680757522583 0.15585270524025 0.492125988006592
-0.984807753012206 0.173648177666939 1.02752821442426E-14
-6.4680757522583 0.15585270524025 0.492125988006592
-6.4680757522583 0.15585270524025 7.87401580810547
-6.1471381187439 1.97598075866699 7.87401580810547
-0.984807753012206 0.173648177666939 1.02752821442426E-14
-6.08251810073853 1.96458649635315 0.492125988006592
-6.40345573425293 0.144458472728729 0.492125988006592
-6.4680757522583 0.15585270524025 0.492125988006592
-9.99764947889183E-15 1.76285534679465E-15 -1
-6.4680757522583 0.15585270524025 0.492125988006592
-6.1471381187439 1.97598075866699 0.492125988006592
-6.08251810073853 1.96458649635315 0.492125988006592
-9.99764947889183E-15 1.76285534679465E-15 -1
-6.08251810073853 1.96458649635315 7.87401580810547
-6.08251810073853 1.96458649635315 0.492125988006592
-6.1471381187439 1.97598075866699 0.492125988006592
0.173648177666939 0.984807753012206 1.97215226305253E-31
-6.1471381187439 1.97598075866699 0.492125988006592
-6.1471381187439 1.97598075866699 7.87401580810547
-6.08251810073853 1.96458649635315 7.87401580810547
0.173648177666939 0.984807753012206 1.97215226305253E-31
-6.40345573425293 0.144458472728729 7.87401580810547
-6.08251810073853 1.96458649635315 7.87401580810547
-6.1471381187439 1.97598075866699 7.87401580810547
1.33301993051891E-14 -2.3504737957262E-15 1
-6.1471381187439 1.97598075866699 7.87401580810547
-6.4680757522583 0.15585270524025 7.87401580810547
-6.40345573425293 0.144458472728729 7.87401580810547
1.33301993051891E-14 -2.3504737957262E-15 1
-6.40345573425293 0.144458472728729 0.492125988006592
-6.40345573425293 0.144458472728729 7.87401580810547
-6.4680757522583 0.15585270524025 0.492125988006592
-0.173648177666939 -0.984807753012206 0
-6.4680757522583 0.15585270524025 7.87401580810547
-6.4680757522583 0.15585270524025 0.492125988006592
-6.40345573425293 0.144458472728729 7.87401580810547
-0.173648177666939 -0.984807753012206 0
-5.38533401489258 -0.0227884743362665 8.20209980010986
-5.35684823989868 0.138761356472969 7.87401580810547
-5.03591060638428 1.95888936519623 7.87401580810547
0.984807753012207 -0.173648177666939 -1.02752821442426E-14
-5.35684823989868 0.138761356472969 7.87401580810547
-5.38533401489258 -0.0227884743362665 8.20209980010986
-5.35684823989868 0.138761356472969 0.492125988006592
0.984807753012207 -0.173648177666939 -1.02752821442426E-14
-5.00742530822754 2.12043929100037 8.20209980010986
-5.03591060638428 1.95888936519623 7.87401580810547
-5.03591060638428 1.95888936519623 0.492125988006592
0.984807753012207 -0.173648177666939 -1.02752821442426E-14
-5.03591060638428 1.95888936519623 7.87401580810547
-5.00742530822754 2.12043929100037 8.20209980010986
-5.38533401489258 -0.0227884743362665 8.20209980010986
0.984807753012207 -0.173648177666939 -1.02752821442426E-14
-5.35684823989868 0.138761356472969 0.492125988006592
-5.38533401489258 -0.0227884743362665 -8.88178419700125E-15
-5.03591060638428 1.95888936519623 0.492125988006592
0.984807753012207 -0.173648177666939 -1.02752821442426E-14
-5.38533401489258 -0.0227884743362665 -8.88178419700125E-15
-5.35684823989868 0.138761356472969 0.492125988006592
-5.38533401489258 -0.0227884743362665 8.20209980010986
0.984807753012207 -0.173648177666939 -1.02752821442426E-14
-5.03591060638428 1.95888936519623 0.492125988006592
-5.00742530822754 2.12043929100037 -7.105427357601E-15
-5.00742530822754 2.12043929100037 8.20209980010986
0.984807753012207 -0.173648177666939 -1.02752821442426E-14
-5.00742530822754 2.12043929100037 -7.105427357601E-15
-5.03591060638428 1.95888936519623 0.492125988006592
-5.38533401489258 -0.0227884743362665 -8.88178419700125E-15
0.984807753012207 -0.173648177666939 -1.02752821442426E-14
-5.51457405090332 2.28393049102067E-14 -7.105427357601E-15
-5.48608827590942 0.16154982149601 0.492125988006592
-5.16515064239502 1.98167788982391 0.492125988006592
-0.984807753012207 0.173648177666939 1.02752821442426E-14
-5.48608827590942 0.16154982149601 0.492125988006592
-5.51457405090332 2.28393049102067E-14 -7.105427357601E-15
-5.51457405090332 8.20442973677388E-15 8.20209980010986
-0.984807753012207 0.173648177666939 1.02752821442426E-14
-5.13666486740112 2.14322781562805 -7.105427357601E-15
-5.16515064239502 1.98167788982391 0.492125988006592
-5.13666486740112 2.14322781562805 8.20209980010986
-0.984807753012207 0.173648177666939 1.02752821442426E-14
-5.16515064239502 1.98167788982391 0.492125988006592
-5.13666486740112 2.14322781562805 -7.105427357601E-15
-5.51457405090332 2.28393049102067E-14 -7.105427357601E-15
-0.984807753012207 0.173648177666939 1.02752821442426E-14
-5.48608827590942 0.16154982149601 7.87401580810547
-5.51457405090332 8.20442973677388E-15 8.20209980010986
-5.16515064239502 1.98167788982391 7.87401580810547
-0.984807753012207 0.173648177666939 1.02752821442426E-14
-5.51457405090332 8.20442973677388E-15 8.20209980010986
-5.48608827590942 0.16154982149601 7.87401580810547
-5.48608827590942 0.16154982149601 0.492125988006592
-0.984807753012207 0.173648177666939 1.02752821442426E-14
-5.16515064239502 1.98167788982391 7.87401580810547
-5.13666486740112 2.14322781562805 8.20209980010986
-5.16515064239502 1.98167788982391 0.492125988006592
-0.984807753012207 0.173648177666939 1.02752821442426E-14
-5.13666486740112 2.14322781562805 8.20209980010986
-5.16515064239502 1.98167788982391 7.87401580810547
-5.51457405090332 8.20442973677388E-15 8.20209980010986
-0.984807753012207 0.173648177666939 1.02752821442426E-14
-5.38533401489258 -0.0227884743362665 -8.88178419700125E-15
-5.38533401489258 -0.0227884743362665 8.20209980010986
-5.51457405090332 2.28428387316626E-14 -7.105427357601E-15
-0.173648177666939 -0.984807753012207 0
-5.51457405090332 8.2052420413703E-15 8.20209980010986
-5.51457405090332 2.28428387316626E-14 -7.105427357601E-15
-5.38533401489258 -0.0227884743362665 8.20209980010986
-0.173648177666939 -0.984807753012207 0
-5.00742530822754 2.12043929100037 -7.99360577730113E-15
-5.38533401489258 -0.0227884743362665 -8.88178419700125E-15
-5.51457405090332 2.28428387316626E-14 -7.105427357601E-15
-1.3259330748534E-14 2.75238935266653E-15 -1
-5.51457405090332 2.28428387316626E-14 -7.105427357601E-15
-5.13666486740112 2.14322781562805 -6.21724893790088E-15
-5.00742530822754 2.12043929100037 -7.99360577730113E-15
-1.3259330748534E-14 2.75238935266653E-15 -1
-5.00742530822754 2.12043929100037 8.20209980010986
-5.00742530822754 2.12043929100037 -7.105427357601E-15
-5.13666486740112 2.14322781562805 8.20209980010986
0.173648177666939 0.984807753012207 0
-5.13666486740112 2.14322781562805 -7.105427357601E-15
-5.13666486740112 2.14322781562805 8.20209980010986
-5.00742530822754 2.12043929100037 -7.105427357601E-15
0.173648177666939 0.984807753012207 0
-5.38533401489258 -0.0227884743362665 8.20209980010986
-5.00742530822754 2.12043929100037 8.20209980010986
-5.13666486740112 2.14322781562805 8.20209980010986
1.33301993051891E-14 -2.3504737957262E-15 1
-5.13666486740112 2.14322781562805 8.20209980010986
-5.51457405090332 8.43769498715119E-15 8.20209980010986
-5.38533401489258 -0.0227884743362665 8.20209980010986
1.33301993051891E-14 -2.3504737957262E-15 1
-5.35684823989868 0.138761356472969 7.87401580810547
-5.35684823989868 0.138761356472969 0.492125988006592
-5.48608827590942 0.16154982149601 0.492125988006592
0.173648177666939 0.984807753012207 0
-5.48608827590942 0.16154982149601 0.492125988006592
-5.48608827590942 0.16154982149601 7.87401580810547
-5.35684823989868 0.138761356472969 7.87401580810547
0.173648177666939 0.984807753012207 0
-5.03591060638428 1.95888936519623 7.87401580810547
-5.35684823989868 0.138761356472969 7.87401580810547
-5.48608827590942 0.16154982149601 7.87401580810547
-1.33301993051891E-14 2.3504737957262E-15 -1
-5.48608827590942 0.16154982149601 7.87401580810547
-5.16515064239502 1.98167788982391 7.87401580810547
-5.03591060638428 1.95888936519623 7.87401580810547
-1.33301993051891E-14 2.3504737957262E-15 -1
-5.03591060638428 1.95888936519623 0.492125988006592
-5.03591060638428 1.95888936519623 7.87401580810547
-5.16515064239502 1.98167788982391 0.492125988006592
-0.173648177666939 -0.984807753012207 0
-5.16515064239502 1.98167788982391 7.87401580810547
-5.16515064239502 1.98167788982391 0.492125988006592
-5.03591060638428 1.95888936519623 7.87401580810547
-0.173648177666939 -0.984807753012207 0
-5.35684823989868 0.138761356472969 0.492125988006592
-5.03591060638428 1.95888936519623 0.492125988006592
-5.16515064239502 1.98167788982391 0.492125988006592
6.66509965259455E-15 -1.1752368978631E-15 1
-5.16515064239502 1.98167788982391 0.492125988006592
-5.48608827590942 0.16154982149601 0.492125988006592
-5.35684823989868 0.138761356472969 0.492125988006592
6.66509965259455E-15 -1.1752368978631E-15 1
-5.38915824890137 0.144458472728729 7.87401580810547
-5.38915824890137 0.144458472728729 0.492125988006592
-5.06822061538696 1.96458649635315 0.492125988006592
0.984807753012207 -0.173648177666939 -1.02752821442426E-14
-5.06822061538696 1.96458649635315 0.492125988006592
-5.06822061538696 1.96458649635315 7.87401580810547
-5.38915824890137 0.144458472728729 7.87401580810547
0.984807753012207 -0.173648177666939 -1.02752821442426E-14
-5.13284063339233 1.97598075866699 7.87401580810547
-5.13284063339233 1.97598075866699 0.492125988006592
-5.45377826690674 0.15585270524025 0.492125988006592
-0.984807753012207 0.173648177666939 1.02752821442426E-14
-5.45377826690674 0.15585270524025 0.492125988006592
-5.45377826690674 0.15585270524025 7.87401580810547
-5.13284063339233 1.97598075866699 7.87401580810547
-0.984807753012207 0.173648177666939 1.02752821442426E-14
-5.06822061538696 1.96458649635315 0.492125988006592
-5.38915824890137 0.144458472728729 0.492125988006592
-5.45377826690674 0.15585270524025 0.492125988006592
-9.99764947889183E-15 1.76285534679465E-15 -1
-5.45377826690674 0.15585270524025 0.492125988006592
-5.13284063339233 1.97598075866699 0.492125988006592
-5.06822061538696 1.96458649635315 0.492125988006592
-9.99764947889183E-15 1.76285534679465E-15 -1
-5.06822061538696 1.96458649635315 7.87401580810547
-5.06822061538696 1.96458649635315 0.492125988006592
-5.13284063339233 1.97598075866699 0.492125988006592
0.173648177666939 0.984807753012207 0
-5.13284063339233 1.97598075866699 0.492125988006592
-5.13284063339233 1.97598075866699 7.87401580810547
-5.06822061538696 1.96458649635315 7.87401580810547
0.173648177666939 0.984807753012207 0
-5.38915824890137 0.144458472728729 7.87401580810547
-5.06822061538696 1.96458649635315 7.87401580810547
-5.13284063339233 1.97598075866699 7.87401580810547
1.33301993051891E-14 -2.3504737957262E-15 1
-5.13284063339233 1.97598075866699 7.87401580810547
-5.45377826690674 0.15585270524025 7.87401580810547
-5.38915824890137 0.144458472728729 7.87401580810547
1.33301993051891E-14 -2.3504737957262E-15 1
-5.38915824890137 0.144458472728729 0.492125988006592
-5.38915824890137 0.144458472728729 7.87401580810547
-5.45377826690674 0.15585270524025 0.492125988006592
-0.173648177666939 -0.984807753012207 0
-5.45377826690674 0.15585270524025 7.87401580810547
-5.45377826690674 0.15585270524025 0.492125988006592
-5.38915824890137 0.144458472728729 7.87401580810547
-0.173648177666939 -0.984807753012207 0
-6.0217227935791 2.12043929100037 8.20209980010986
-5.99323701858521 1.95888936519623 7.87401580810547
-5.6722993850708 0.138761356472969 7.87401580810547
-0.984807753012209 -0.173648177666924 1.02752821442426E-14
-5.99323701858521 1.95888936519623 7.87401580810547
-6.0217227935791 2.12043929100037 8.20209980010986
-5.99323701858521 1.95888936519623 0.492125988006592
-0.984807753012209 -0.173648177666924 1.02752821442426E-14
-5.6438136100769 -0.0227884743362665 8.20209980010986
-5.6722993850708 0.138761356472969 7.87401580810547
-5.6722993850708 0.138761356472969 0.492125988006592
-0.984807753012209 -0.173648177666924 1.02752821442426E-14
-5.6722993850708 0.138761356472969 7.87401580810547
-5.6438136100769 -0.0227884743362665 8.20209980010986
-6.0217227935791 2.12043929100037 8.20209980010986
-0.984807753012209 -0.173648177666924 1.02752821442426E-14
-5.99323701858521 1.95888936519623 0.492125988006592
-6.0217227935791 2.12043929100037 -4.86878688543213E-15
-5.6722993850708 0.138761356472969 0.492125988006592
-0.984807753012209 -0.173648177666924 1.02752821442426E-14
-6.0217227935791 2.12043929100037 -4.86878688543213E-15
-5.99323701858521 1.95888936519623 0.492125988006592
-6.0217227935791 2.12043929100037 8.20209980010986
-0.984807753012209 -0.173648177666924 1.02752821442426E-14
-5.6722993850708 0.138761356472969 0.492125988006592
-5.6438136100769 -0.0227884743362665 -5.32907051820075E-15
-5.6438136100769 -0.0227884743362665 8.20209980010986
-0.984807753012209 -0.173648177666924 1.02752821442426E-14
-5.6438136100769 -0.0227884743362665 -5.32907051820075E-15
-5.6722993850708 0.138761356472969 0.492125988006592
-6.0217227935791 2.12043929100037 -4.86878688543213E-15
-0.984807753012209 -0.173648177666924 1.02752821442426E-14
-5.89248275756836 2.14322781562805 -6.21724893790088E-15
-5.86399698257446 1.98167788982391 0.492125988006592
-5.54305934906006 0.16154982149601 0.492125988006592
0.984807753012209 0.173648177666924 -1.02752821442426E-14
-5.86399698257446 1.98167788982391 0.492125988006592
-5.89248275756836 2.14322781562805 -6.21724893790088E-15
-5.89248275756836 2.14322781562805 8.20209980010986
0.984807753012209 0.173648177666924 -1.02752821442426E-14
-5.51457405090332 2.39808173319034E-14 -7.105427357601E-15
-5.54305934906006 0.16154982149601 0.492125988006592
-5.51457405090332 3.86357612569554E-14 8.20209980010986
0.984807753012209 0.173648177666924 -1.02752821442426E-14
-5.54305934906006 0.16154982149601 0.492125988006592
-5.51457405090332 2.39808173319034E-14 -7.105427357601E-15
-5.89248275756836 2.14322781562805 -6.21724893790088E-15
0.984807753012209 0.173648177666924 -1.02752821442426E-14
-5.86399698257446 1.98167788982391 7.87401580810547
-5.89248275756836 2.14322781562805 8.20209980010986
-5.54305934906006 0.16154982149601 7.87401580810547
0.984807753012209 0.173648177666924 -1.02752821442426E-14
-5.89248275756836 2.14322781562805 8.20209980010986
-5.86399698257446 1.98167788982391 7.87401580810547
-5.86399698257446 1.98167788982391 0.492125988006592
0.984807753012209 0.173648177666924 -1.02752821442426E-14
-5.54305934906006 0.16154982149601 7.87401580810547
-5.51457405090332 3.86357612569554E-14 8.20209980010986
-5.54305934906006 0.16154982149601 0.492125988006592
0.984807753012209 0.173648177666924 -1.02752821442426E-14
-5.51457405090332 3.86357612569554E-14 8.20209980010986
-5.54305934906006 0.16154982149601 7.87401580810547
-5.89248275756836 2.14322781562805 8.20209980010986
0.984807753012209 0.173648177666924 -1.02752821442426E-14
-5.89248275756836 2.14322781562805 8.20209980010986
-5.89248275756836 2.14322781562805 -6.21724893790088E-15
-6.0217227935791 2.12043929100037 8.20209980010986
-0.173648177666924 0.984807753012209 1.97215226305253E-31
-6.0217227935791 2.12043929100037 -4.86878688543213E-15
-6.0217227935791 2.12043929100037 8.20209980010986
-5.89248275756836 2.14322781562805 -6.21724893790088E-15
-0.173648177666924 0.984807753012209 1.97215226305253E-31
-5.51457405090332 3.86357612569554E-14 8.20209980010986
-5.89248275756836 2.14322781562805 8.20209980010986
-6.0217227935791 2.12043929100037 8.20209980010986
1.33301993051891E-14 2.35047379572599E-15 1
-6.0217227935791 2.12043929100037 8.20209980010986
-5.6438136100769 -0.0227884743362665 8.20209980010986
-5.51457405090332 3.86357612569554E-14 8.20209980010986
1.33301993051891E-14 2.35047379572599E-15 1
-5.51457405090332 2.4020665149874E-14 -7.105427357601E-15
-5.51457405090332 3.86555411703397E-14 8.20209980010986
-5.6438136100769 -0.0227884743362665 -5.32907051820075E-15
0.173648177666924 -0.984807753012209 -3.94430452610506E-31
-5.6438136100769 -0.0227884743362665 8.20209980010986
-5.6438136100769 -0.0227884743362665 -5.32907051820075E-15
-5.51457405090332 3.86555411703397E-14 8.20209980010986
0.173648177666924 -0.984807753012209 -3.94430452610506E-31
-5.89248275756836 2.14322781562805 -6.21724893790088E-15
-5.51457405090332 2.4020665149874E-14 -7.105427357601E-15
-5.6438136100769 -0.0227884743362665 -5.75696530513226E-15
-1.0190046076693E-14 -1.38236846242087E-15 -1
-5.6438136100769 -0.0227884743362665 -5.75696530513226E-15
-6.0217227935791 2.12043929100037 -4.86878688543213E-15
-5.89248275756836 2.14322781562805 -6.21724893790088E-15
-1.0190046076693E-14 -1.38236846242087E-15 -1
-5.54305934906006 0.16154982149601 0.492125988006592
-5.86399698257446 1.98167788982391 0.492125988006592
-5.99323701858521 1.95888936519623 0.492125988006592
9.99764947889186E-15 1.76285534679449E-15 1
-5.99323701858521 1.95888936519623 0.492125988006592
-5.6722993850708 0.138761356472969 0.492125988006592
-5.54305934906006 0.16154982149601 0.492125988006592
9.99764947889186E-15 1.76285534679449E-15 1
-5.54305934906006 0.16154982149601 7.87401580810547
-5.54305934906006 0.16154982149601 0.492125988006592
-5.6722993850708 0.138761356472969 0.492125988006592
-0.173648177666924 0.984807753012209 1.97215226305253E-31
-5.6722993850708 0.138761356472969 0.492125988006592
-5.6722993850708 0.138761356472969 7.87401580810547
-5.54305934906006 0.16154982149601 7.87401580810547
-0.173648177666924 0.984807753012209 1.97215226305253E-31
-5.86399698257446 1.98167788982391 7.87401580810547
-5.54305934906006 0.16154982149601 7.87401580810547
-5.6722993850708 0.138761356472969 7.87401580810547
-1.33301993051891E-14 -2.35047379572599E-15 -1
-5.6722993850708 0.138761356472969 7.87401580810547
-5.99323701858521 1.95888936519623 7.87401580810547
-5.86399698257446 1.98167788982391 7.87401580810547
-1.33301993051891E-14 -2.35047379572599E-15 -1
-5.86399698257446 1.98167788982391 0.492125988006592
-5.86399698257446 1.98167788982391 7.87401580810547
-5.99323701858521 1.95888936519623 7.87401580810547
0.173648177666924 -0.984807753012209 -3.94430452610506E-31
-5.99323701858521 1.95888936519623 7.87401580810547
-5.99323701858521 1.95888936519623 0.492125988006592
-5.86399698257446 1.98167788982391 0.492125988006592
0.173648177666924 -0.984807753012209 -3.94430452610506E-31
-5.63998937606812 0.144458472728729 7.87401580810547
-5.96092700958252 1.96458649635315 7.87401580810547
-5.63998937606812 0.144458472728729 0.492125988006592
-0.984807753012209 -0.173648177666924 1.02752821442426E-14
-5.96092700958252 1.96458649635315 0.492125988006592
-5.63998937606812 0.144458472728729 0.492125988006592
-5.96092700958252 1.96458649635315 7.87401580810547
-0.984807753012209 -0.173648177666924 1.02752821442426E-14
-5.57536935806274 0.15585270524025 0.492125988006592
-5.89630699157715 1.97598075866699 0.492125988006592
-5.57536935806274 0.15585270524025 7.87401580810547
0.984807753012209 0.173648177666924 -1.02752821442426E-14
-5.89630699157715 1.97598075866699 7.87401580810547
-5.57536935806274 0.15585270524025 7.87401580810547
-5.89630699157715 1.97598075866699 0.492125988006592
0.984807753012209 0.173648177666924 -1.02752821442426E-14
-5.89630699157715 1.97598075866699 7.87401580810547
-5.89630699157715 1.97598075866699 0.492125988006592
-5.96092700958252 1.96458649635315 0.492125988006592
-0.173648177666924 0.984807753012209 1.97215226305253E-31
-5.96092700958252 1.96458649635315 0.492125988006592
-5.96092700958252 1.96458649635315 7.87401580810547
-5.89630699157715 1.97598075866699 7.87401580810547
-0.173648177666924 0.984807753012209 1.97215226305253E-31
-5.57536935806274 0.15585270524025 7.87401580810547
-5.89630699157715 1.97598075866699 7.87401580810547
-5.96092700958252 1.96458649635315 7.87401580810547
1.33301993051891E-14 2.35047379572599E-15 1
-5.96092700958252 1.96458649635315 7.87401580810547
-5.63998937606812 0.144458472728729 7.87401580810547
-5.57536935806274 0.15585270524025 7.87401580810547
1.33301993051891E-14 2.35047379572599E-15 1
-5.57536935806274 0.15585270524025 0.492125988006592
-5.57536935806274 0.15585270524025 7.87401580810547
-5.63998937606812 0.144458472728729 7.87401580810547
0.173648177666924 -0.984807753012209 0
-5.63998937606812 0.144458472728729 7.87401580810547
-5.63998937606812 0.144458472728729 0.492125988006592
-5.57536935806274 0.15585270524025 0.492125988006592
0.173648177666924 -0.984807753012209 0
-5.89630699157715 1.97598075866699 0.492125988006592
-5.57536935806274 0.15585270524025 0.492125988006592
-5.63998937606812 0.144458472728729 0.492125988006592
-9.99764947889186E-15 -1.76285534679449E-15 -1
-5.63998937606812 0.144458472728729 0.492125988006592
-5.96092700958252 1.96458649635315 0.492125988006592
-5.89630699157715 1.97598075866699 0.492125988006592
-9.99764947889186E-15 -1.76285534679449E-15 -1
[HEADER]
1953668,투명강화유리(커튼월),6
9656.1491280009 4257.86452676262 -11.6797900262467
1
0 1 0
-1 0 0
0 0 1
[HEADER]
1953669,투명강화유리(커튼월),6
0 0 0
1
1 0 0
0 1 0
0 0 1
