[LEVEL]
1F
[LEVEL]
2F
[HEADER]
430004,알루미늄창_900X2100,310
9669.58416737098 4251.1814558965 11.154855643061
1
0 -1 0
1 0 0
0 0 1
-1.18110239505768 0.0984251946210861 3.42847776412964
-1.18110239505768 0.0984251946210861 9.54724407196045
-1.32874011993408 0.0984251946210861 9.69488143920898
0 -1 0
1.18110239505768 0.0984251946210861 9.54724407196045
-1.32874011993408 0.0984251946210861 9.69488143920898
-1.18110239505768 0.0984251946210861 9.54724407196045
0 -1 0
1.18110239505768 0.0984251946210861 3.42847776412964
-1.18110239505768 0.0984251946210861 3.42847776412964
-1.32874011993408 0.0984251946210861 3.10039377212524
0 -1 0
-1.32874011993408 0.0984251946210861 9.69488143920898
-1.32874011993408 0.0984251946210861 3.10039377212524
-1.18110239505768 0.0984251946210861 3.42847776412964
0 -1 0
1.18110239505768 0.0984251946210861 3.42847776412964
1.32874011993408 0.0984251946210861 9.69488143920898
1.18110239505768 0.0984251946210861 9.54724407196045
0 -1 0
-1.32874011993408 0.0984251946210861 9.69488143920898
1.18110239505768 0.0984251946210861 9.54724407196045
1.32874011993408 0.0984251946210861 9.69488143920898
0 -1 0
-1.32874011993408 0.0984251946210861 3.10039377212524
1.32874011993408 0.0984251946210861 3.10039377212524
1.18110239505768 0.0984251946210861 3.42847776412964
0 -1 0
1.32874011993408 0.0984251946210861 9.69488143920898
1.18110239505768 0.0984251946210861 3.42847776412964
1.32874011993408 0.0984251946210861 3.10039377212524
0 -1 0
1.32874011993408 0.229658797383308 9.69488143920898
1.32874011993408 0.0984251946210861 9.69488143920898
1.32874011993408 0.0984251946210861 3.10039377212524
1 0 0
1.32874011993408 0.0984251946210861 3.10039377212524
1.32874011993408 0.229658797383308 3.10039377212524
1.32874011993408 0.229658797383308 9.69488143920898
1 0 0
1.32874011993408 0.229658797383308 3.10039377212524
1.32874011993408 0.0984251946210861 3.10039377212524
-1.32874011993408 0.0984251946210861 3.10039377212524
-1.67109124891727E-16 0 -1
-1.32874011993408 0.0984251946210861 3.10039377212524
-1.32874011993408 0.229658797383308 3.10039377212524
1.32874011993408 0.229658797383308 3.10039377212524
-1.67109124891727E-16 0 -1
-1.32874011993408 0.229658797383308 3.10039377212524
-1.32874011993408 0.0984251946210861 3.10039377212524
-1.32874011993408 0.0984251946210861 9.69488143920898
-1 0 0
-1.32874011993408 0.0984251946210861 9.69488143920898
-1.32874011993408 0.229658797383308 9.69488143920898
-1.32874011993408 0.229658797383308 3.10039377212524
-1 0 0
-1.18110239505768 0.229658797383308 9.54724407196045
-1.18110239505768 0.0984251946210861 9.54724407196045
-1.18110239505768 0.0984251946210861 3.42847776412964
1 0 0
-1.18110239505768 0.0984251946210861 3.42847776412964
-1.18110239505768 0.229658797383308 3.42847776412964
-1.18110239505768 0.229658797383308 9.54724407196045
1 0 0
-1.18110239505768 0.229658797383308 3.42847776412964
-1.18110239505768 0.0984251946210861 3.42847776412964
1.18110239505768 0.0984251946210861 3.42847776412964
1.87997765503192E-16 0 1
1.18110239505768 0.0984251946210861 3.42847776412964
1.18110239505768 0.229658797383308 3.42847776412964
-1.18110239505768 0.229658797383308 3.42847776412964
1.87997765503192E-16 0 1
1.18110239505768 0.229658797383308 3.42847776412964
1.18110239505768 0.0984251946210861 3.42847776412964
1.18110239505768 0.0984251946210861 9.54724407196045
-1 0 0
1.18110239505768 0.0984251946210861 9.54724407196045
1.18110239505768 0.229658797383308 9.54724407196045
1.18110239505768 0.229658797383308 3.42847776412964
-1 0 0
1.18110239505768 0.229658797383308 3.42847776412964
1.18110239505768 0.229658797383308 9.54724407196045
1.32874011993408 0.229658797383308 9.69488143920898
0 1 0
-1.18110239505768 0.229658797383308 9.54724407196045
1.32874011993408 0.229658797383308 9.69488143920898
1.18110239505768 0.229658797383308 9.54724407196045
0 1 0
-1.18110239505768 0.229658797383308 3.42847776412964
1.18110239505768 0.229658797383308 3.42847776412964
1.32874011993408 0.229658797383308 3.10039377212524
0 1 0
1.32874011993408 0.229658797383308 9.69488143920898
1.32874011993408 0.229658797383308 3.10039377212524
1.18110239505768 0.229658797383308 3.42847776412964
0 1 0
-1.18110239505768 0.229658797383308 3.42847776412964
-1.32874011993408 0.229658797383308 9.69488143920898
-1.18110239505768 0.229658797383308 9.54724407196045
0 1 0
1.32874011993408 0.229658797383308 9.69488143920898
-1.18110239505768 0.229658797383308 9.54724407196045
-1.32874011993408 0.229658797383308 9.69488143920898
0 1 0
1.32874011993408 0.229658797383308 3.10039377212524
-1.32874011993408 0.229658797383308 3.10039377212524
-1.18110239505768 0.229658797383308 3.42847776412964
0 1 0
-1.32874011993408 0.229658797383308 9.69488143920898
-1.18110239505768 0.229658797383308 3.42847776412964
-1.32874011993408 0.229658797383308 3.10039377212524
0 1 0
-1.32874011993408 0.229658797383308 9.69488143920898
-1.32874011993408 0.0984251946210861 9.69488143920898
1.32874011993408 0.0984251946210861 9.69488143920898
0 0 1
1.32874011993408 0.0984251946210861 9.69488143920898
1.32874011993408 0.229658797383308 9.69488143920898
-1.32874011993408 0.229658797383308 9.69488143920898
0 0 1
1.18110239505768 0.229658797383308 9.54724407196045
1.18110239505768 0.0984251946210861 9.54724407196045
-1.18110239505768 0.0984251946210861 9.54724407196045
0 0 -1
-1.18110239505768 0.0984251946210861 9.54724407196045
-1.18110239505768 0.229658797383308 9.54724407196045
1.18110239505768 0.229658797383308 9.54724407196045
0 0 -1
1.18110239505768 0.134514436125755 9.54724407196045
-1.18110239505768 0.134514436125755 9.54724407196045
-1.18110239505768 0.134514436125755 3.42847776412964
0 -1 0
-1.18110239505768 0.134514436125755 3.42847776412964
1.18110239505768 0.134514436125755 3.42847776412964
1.18110239505768 0.134514436125755 9.54724407196045
0 -1 0
-1.18110239505768 0.193569555878639 3.42847776412964
1.18110239505768 0.193569555878639 9.54724407196045
1.18110239505768 0.193569555878639 3.42847776412964
0 1 0
1.18110239505768 0.193569555878639 9.54724407196045
-1.18110239505768 0.193569555878639 3.42847776412964
-1.18110239505768 0.193569555878639 9.54724407196045
0 1 0
-1.18110239505768 0.193569555878639 9.54724407196045
-1.18110239505768 0.134514436125755 9.54724407196045
1.18110239505768 0.134514436125755 9.54724407196045
0 0 1
1.18110239505768 0.134514436125755 9.54724407196045
1.18110239505768 0.193569555878639 9.54724407196045
-1.18110239505768 0.193569555878639 9.54724407196045
0 0 1
1.18110239505768 0.193569555878639 9.54724407196045
1.18110239505768 0.134514436125755 9.54724407196045
1.18110239505768 0.134514436125755 3.42847776412964
1 0 3.62891129121445E-17
1.18110239505768 0.134514436125755 3.42847776412964
1.18110239505768 0.193569555878639 3.42847776412964
1.18110239505768 0.193569555878639 9.54724407196045
1 0 3.62891129121445E-17
1.18110239505768 0.193569555878639 3.42847776412964
1.18110239505768 0.134514436125755 3.42847776412964
-1.18110239505768 0.134514436125755 3.42847776412964
0 0 -1
-1.18110239505768 0.134514436125755 3.42847776412964
-1.18110239505768 0.193569555878639 3.42847776412964
1.18110239505768 0.193569555878639 3.42847776412964
0 0 -1
-1.18110239505768 0.193569555878639 3.42847776412964
-1.18110239505768 0.134514436125755 3.42847776412964
-1.18110239505768 0.134514436125755 9.54724407196045
-1 0 -7.25782258242889E-17
-1.18110239505768 0.134514436125755 9.54724407196045
-1.18110239505768 0.193569555878639 9.54724407196045
-1.18110239505768 0.193569555878639 3.42847776412964
-1 0 -7.25782258242889E-17
-1.47637796401978 -0.0820209980010986 2.95275592803955
-1.32874011993408 -0.0820209980010986 3.10039377212524
-1.32874011993408 -0.0820209980010986 9.69488143920898
-3.23168158899989E-15 -1 0
-1.32874011993408 -0.0820209980010986 3.10039377212524
-1.47637796401978 -0.0820209980010986 2.95275592803955
1.32874011993408 -0.0820209980010986 3.10039377212524
-3.23168158899989E-15 -1 0
-1.47637796401978 -0.0820209980010986 9.84251976013184
-1.32874011993408 -0.0820209980010986 9.69488143920898
1.32874011993408 -0.0820209980010986 9.69488143920898
-3.23168158899989E-15 -1 0
-1.32874011993408 -0.0820209980010986 9.69488143920898
-1.47637796401978 -0.0820209980010986 9.84251976013184
-1.47637796401978 -0.0820209980010986 2.95275592803955
-3.23168158899989E-15 -1 0
1.32874011993408 -0.0820209980010986 3.10039377212524
1.47637796401978 -0.0820209980010986 2.95275592803955
1.32874011993408 -0.0820209980010986 9.69488143920898
-3.23168158899989E-15 -1 0
1.47637796401978 -0.0820209980010986 2.95275592803955
1.32874011993408 -0.0820209980010986 3.10039377212524
-1.47637796401978 -0.0820209980010986 2.95275592803955
-3.23168158899989E-15 -1 0
1.32874011993408 -0.0820209980010986 9.69488143920898
1.47637796401978 -0.0820209980010986 9.84251976013184
-1.47637796401978 -0.0820209980010986 9.84251976013184
-3.23168158899989E-15 -1 0
1.47637796401978 -0.0820209980010986 9.84251976013184
1.32874011993408 -0.0820209980010986 9.69488143920898
1.47637796401978 -0.0820209980010986 2.95275592803955
-3.23168158899989E-15 -1 0
1.32874011993408 -0.0820209980010986 3.10039377212524
1.32874011993408 -0.0820209980010986 9.69488143920898
1.32874011993408 0.246062994003296 9.69488143920898
-1 3.38395977905749E-15 3.36712415826615E-17
1.32874011993408 0.246062994003296 9.69488143920898
1.32874011993408 0.246062994003296 3.10039377212524
1.32874011993408 -0.0820209980010986 3.10039377212524
-1 3.38395977905749E-15 3.36712415826615E-17
-1.32874011993408 -0.0820209980010986 3.10039377212524
1.32874011993408 -0.0820209980010986 3.10039377212524
1.32874011993408 0.246062994003296 3.10039377212524
0 0 1
1.32874011993408 0.246062994003296 3.10039377212524
-1.32874011993408 0.246062994003296 3.10039377212524
-1.32874011993408 -0.0820209980010986 3.10039377212524
0 0 1
-1.32874011993408 -0.0820209980010986 9.69488143920898
-1.32874011993408 -0.0820209980010986 3.10039377212524
-1.32874011993408 0.246062994003296 3.10039377212524
1 -3.38395977905749E-15 -3.36712415826615E-17
-1.32874011993408 0.246062994003296 3.10039377212524
-1.32874011993408 0.246062994003296 9.69488143920898
-1.32874011993408 -0.0820209980010986 9.69488143920898
1 -3.38395977905749E-15 -3.36712415826615E-17
-1.47637796401978 -0.0820209980010986 2.95275592803955
-1.47637796401978 -0.0820209980010986 9.84251976013184
-1.47637796401978 0.246062994003296 9.84251976013184
-1 3.38395977905749E-15 0
-1.47637796401978 0.246062994003296 9.84251976013184
-1.47637796401978 0.246062994003296 2.95275592803955
-1.47637796401978 -0.0820209980010986 2.95275592803955
-1 3.38395977905749E-15 0
1.47637796401978 -0.0820209980010986 2.95275592803955
-1.47637796401978 -0.0820209980010986 2.95275592803955
-1.47637796401978 0.246062994003296 2.95275592803955
1.50398212402555E-16 -5.0894150161239E-31 -1
-1.47637796401978 0.246062994003296 2.95275592803955
1.47637796401978 0.246062994003296 2.95275592803955
1.47637796401978 -0.0820209980010986 2.95275592803955
1.50398212402555E-16 -5.0894150161239E-31 -1
1.47637796401978 -0.0820209980010986 9.84251976013184
1.47637796401978 -0.0820209980010986 2.95275592803955
1.47637796401978 0.246062994003296 2.95275592803955
1 -3.38395977905749E-15 0
1.47637796401978 0.246062994003296 2.95275592803955
1.47637796401978 0.246062994003296 9.84251976013184
1.47637796401978 -0.0820209980010986 9.84251976013184
1 -3.38395977905749E-15 0
1.47637796401978 0.246062994003296 2.95275592803955
1.32874011993408 0.246062994003296 3.10039377212524
1.32874011993408 0.246062994003296 9.69488143920898
3.23168158899989E-15 1 0
1.32874011993408 0.246062994003296 3.10039377212524
1.47637796401978 0.246062994003296 2.95275592803955
-1.32874011993408 0.246062994003296 3.10039377212524
3.23168158899989E-15 1 0
1.47637796401978 0.246062994003296 9.84251976013184
1.32874011993408 0.246062994003296 9.69488143920898
-1.32874011993408 0.246062994003296 9.69488143920898
3.23168158899989E-15 1 0
1.32874011993408 0.246062994003296 9.69488143920898
1.47637796401978 0.246062994003296 9.84251976013184
1.47637796401978 0.246062994003296 2.95275592803955
3.23168158899989E-15 1 0
-1.32874011993408 0.246062994003296 3.10039377212524
-1.47637796401978 0.246062994003296 2.95275592803955
-1.32874011993408 0.246062994003296 9.69488143920898
3.23168158899989E-15 1 0
-1.47637796401978 0.246062994003296 2.95275592803955
-1.32874011993408 0.246062994003296 3.10039377212524
1.47637796401978 0.246062994003296 2.95275592803955
3.23168158899989E-15 1 0
-1.32874011993408 0.246062994003296 9.69488143920898
-1.47637796401978 0.246062994003296 9.84251976013184
1.47637796401978 0.246062994003296 9.84251976013184
3.23168158899989E-15 1 0
-1.47637796401978 0.246062994003296 9.84251976013184
-1.32874011993408 0.246062994003296 9.69488143920898
-1.47637796401978 0.246062994003296 2.95275592803955
3.23168158899989E-15 1 0
1.32874011993408 -0.0820209980010986 9.69488143920898
-1.32874011993408 -0.0820209980010986 9.69488143920898
-1.32874011993408 0.246062994003296 9.69488143920898
0 0 -1
-1.32874011993408 0.246062994003296 9.69488143920898
1.32874011993408 0.246062994003296 9.69488143920898
1.32874011993408 -0.0820209980010986 9.69488143920898
0 0 -1
-1.47637796401978 -0.0820209980010986 9.84251976013184
1.47637796401978 -0.0820209980010986 9.84251976013184
1.47637796401978 0.246062994003296 9.84251976013184
0 0 1
1.47637796401978 0.246062994003296 9.84251976013184
-1.47637796401978 0.246062994003296 9.84251976013184
-1.47637796401978 -0.0820209980010986 9.84251976013184
0 0 1
[HEADER]
432607,알루미늄창_2400x1300a,310
9656.37903440411 4294.40652151328 13.7795275590715
1
1 0 0
0 1 0
0 0 1
-3.64173221588135 0.0984251946210861 3.42847776412964
-3.64173221588135 0.0984251946210861 6.92257213592529
-3.78937005996704 0.0984251946210861 7.07020998001099
0 -1 0
3.64173221588135 0.0984251946210861 6.92257213592529
-3.78937005996704 0.0984251946210861 7.07020998001099
-3.64173221588135 0.0984251946210861 6.92257213592529
0 -1 0
3.64173221588135 0.0984251946210861 3.42847776412964
-3.64173221588135 0.0984251946210861 3.42847776412964
-3.78937005996704 0.0984251946210861 3.10039377212524
0 -1 0
-3.78937005996704 0.0984251946210861 7.07020998001099
-3.78937005996704 0.0984251946210861 3.10039377212524
-3.64173221588135 0.0984251946210861 3.42847776412964
0 -1 0
3.64173221588135 0.0984251946210861 3.42847776412964
3.78937005996704 0.0984251946210861 7.07020998001099
3.64173221588135 0.0984251946210861 6.92257213592529
0 -1 0
-3.78937005996704 0.0984251946210861 7.07020998001099
3.64173221588135 0.0984251946210861 6.92257213592529
3.78937005996704 0.0984251946210861 7.07020998001099
0 -1 0
-3.78937005996704 0.0984251946210861 3.10039377212524
3.78937005996704 0.0984251946210861 3.10039377212524
3.64173221588135 0.0984251946210861 3.42847776412964
0 -1 0
3.78937005996704 0.0984251946210861 7.07020998001099
3.64173221588135 0.0984251946210861 3.42847776412964
3.78937005996704 0.0984251946210861 3.10039377212524
0 -1 0
3.78937005996704 0.229658797383308 3.10039377212524
3.78937005996704 0.229658797383308 7.07020998001099
3.78937005996704 0.0984251946210861 7.07020998001099
1 0 0
3.78937005996704 0.0984251946210861 7.07020998001099
3.78937005996704 0.0984251946210861 3.10039377212524
3.78937005996704 0.229658797383308 3.10039377212524
1 0 0
-3.78937005996704 0.229658797383308 3.10039377212524
3.78937005996704 0.229658797383308 3.10039377212524
3.78937005996704 0.0984251946210861 3.10039377212524
0 0 -1
3.78937005996704 0.0984251946210861 3.10039377212524
-3.78937005996704 0.0984251946210861 3.10039377212524
-3.78937005996704 0.229658797383308 3.10039377212524
0 0 -1
-3.78937005996704 0.229658797383308 7.07020998001099
-3.78937005996704 0.229658797383308 3.10039377212524
-3.78937005996704 0.0984251946210861 3.10039377212524
-1 0 0
-3.78937005996704 0.0984251946210861 3.10039377212524
-3.78937005996704 0.0984251946210861 7.07020998001099
-3.78937005996704 0.229658797383308 7.07020998001099
-1 0 0
-3.64173221588135 0.229658797383308 3.42847776412964
-3.64173221588135 0.229658797383308 6.92257213592529
-3.64173221588135 0.0984251946210861 6.92257213592529
1 0 0
-3.64173221588135 0.0984251946210861 6.92257213592529
-3.64173221588135 0.0984251946210861 3.42847776412964
-3.64173221588135 0.229658797383308 3.42847776412964
1 0 0
3.64173221588135 0.229658797383308 3.42847776412964
-3.64173221588135 0.229658797383308 3.42847776412964
-3.64173221588135 0.0984251946210861 3.42847776412964
0 0 1
-3.64173221588135 0.0984251946210861 3.42847776412964
3.64173221588135 0.0984251946210861 3.42847776412964
3.64173221588135 0.229658797383308 3.42847776412964
0 0 1
3.64173221588135 0.229658797383308 6.92257213592529
3.64173221588135 0.229658797383308 3.42847776412964
3.64173221588135 0.0984251946210861 3.42847776412964
-1 0 0
3.64173221588135 0.0984251946210861 3.42847776412964
3.64173221588135 0.0984251946210861 6.92257213592529
3.64173221588135 0.229658797383308 6.92257213592529
-1 0 0
3.64173221588135 0.229658797383308 3.42847776412964
3.64173221588135 0.229658797383308 6.92257213592529
3.78937005996704 0.229658797383308 7.07020998001099
0 1 0
-3.64173221588135 0.229658797383308 6.92257213592529
3.78937005996704 0.229658797383308 7.07020998001099
3.64173221588135 0.229658797383308 6.92257213592529
0 1 0
-3.64173221588135 0.229658797383308 3.42847776412964
3.64173221588135 0.229658797383308 3.42847776412964
3.78937005996704 0.229658797383308 3.10039377212524
0 1 0
3.78937005996704 0.229658797383308 7.07020998001099
3.78937005996704 0.229658797383308 3.10039377212524
3.64173221588135 0.229658797383308 3.42847776412964
0 1 0
-3.64173221588135 0.229658797383308 3.42847776412964
-3.78937005996704 0.229658797383308 7.07020998001099
-3.64173221588135 0.229658797383308 6.92257213592529
0 1 0
3.78937005996704 0.229658797383308 7.07020998001099
-3.64173221588135 0.229658797383308 6.92257213592529
-3.78937005996704 0.229658797383308 7.07020998001099
0 1 0
3.78937005996704 0.229658797383308 3.10039377212524
-3.78937005996704 0.229658797383308 3.10039377212524
-3.64173221588135 0.229658797383308 3.42847776412964
0 1 0
-3.78937005996704 0.229658797383308 7.07020998001099
-3.64173221588135 0.229658797383308 3.42847776412964
-3.78937005996704 0.229658797383308 3.10039377212524
0 1 0
3.78937005996704 0.229658797383308 7.07020998001099
-3.78937005996704 0.229658797383308 7.07020998001099
-3.78937005996704 0.0984251946210861 7.07020998001099
0 0 1
-3.78937005996704 0.0984251946210861 7.07020998001099
3.78937005996704 0.0984251946210861 7.07020998001099
3.78937005996704 0.229658797383308 7.07020998001099
0 0 1
-3.64173221588135 0.229658797383308 6.92257213592529
3.64173221588135 0.229658797383308 6.92257213592529
3.64173221588135 0.0984251946210861 6.92257213592529
0 0 -1
3.64173221588135 0.0984251946210861 6.92257213592529
-3.64173221588135 0.0984251946210861 6.92257213592529
-3.64173221588135 0.229658797383308 6.92257213592529
0 0 -1
-3.64173221588135 0.134514436125755 3.42847776412964
3.64173221588135 0.134514436125755 3.42847776412964
3.64173221588135 0.134514436125755 6.92257213592529
0 -1 0
3.64173221588135 0.134514436125755 6.92257213592529
-3.64173221588135 0.134514436125755 6.92257213592529
-3.64173221588135 0.134514436125755 3.42847776412964
0 -1 0
3.64173221588135 0.193569555878639 6.92257213592529
3.64173221588135 0.193569555878639 3.42847776412964
-3.64173221588135 0.193569555878639 3.42847776412964
0 1 0
-3.64173221588135 0.193569555878639 3.42847776412964
-3.64173221588135 0.193569555878639 6.92257213592529
3.64173221588135 0.193569555878639 6.92257213592529
0 1 0
3.64173221588135 0.193569555878639 6.92257213592529
-3.64173221588135 0.193569555878639 6.92257213592529
-3.64173221588135 0.134514436125755 6.92257213592529
0 0 1
-3.64173221588135 0.134514436125755 6.92257213592529
3.64173221588135 0.134514436125755 6.92257213592529
3.64173221588135 0.193569555878639 6.92257213592529
0 0 1
3.64173221588135 0.193569555878639 3.42847776412964
3.64173221588135 0.193569555878639 6.92257213592529
3.64173221588135 0.134514436125755 6.92257213592529
1 0 -6.35485404517834E-17
3.64173221588135 0.134514436125755 6.92257213592529
3.64173221588135 0.134514436125755 3.42847776412964
3.64173221588135 0.193569555878639 3.42847776412964
1 0 -6.35485404517834E-17
-3.64173221588135 0.193569555878639 3.42847776412964
3.64173221588135 0.193569555878639 3.42847776412964
3.64173221588135 0.134514436125755 3.42847776412964
0 0 -1
3.64173221588135 0.134514436125755 3.42847776412964
-3.64173221588135 0.134514436125755 3.42847776412964
-3.64173221588135 0.193569555878639 3.42847776412964
0 0 -1
-3.64173221588135 0.193569555878639 6.92257213592529
-3.64173221588135 0.193569555878639 3.42847776412964
-3.64173221588135 0.134514436125755 3.42847776412964
-1 0 0
-3.64173221588135 0.134514436125755 3.42847776412964
-3.64173221588135 0.134514436125755 6.92257213592529
-3.64173221588135 0.193569555878639 6.92257213592529
-1 0 0
-3.93700790405273 -0.0820209980010986 2.95275592803955
-3.78937005996704 -0.0820209980010986 3.10039377212524
-3.78937005996704 -0.0820209980010986 7.07020998001099
-3.23168158899989E-15 -1 0
-3.78937005996704 -0.0820209980010986 3.10039377212524
-3.93700790405273 -0.0820209980010986 2.95275592803955
3.78937005996704 -0.0820209980010986 3.10039377212524
-3.23168158899989E-15 -1 0
-3.93700790405273 -0.0820209980010986 7.21784782409668
-3.78937005996704 -0.0820209980010986 7.07020998001099
3.78937005996704 -0.0820209980010986 7.07020998001099
-3.23168158899989E-15 -1 0
-3.78937005996704 -0.0820209980010986 7.07020998001099
-3.93700790405273 -0.0820209980010986 7.21784782409668
-3.93700790405273 -0.0820209980010986 2.95275592803955
-3.23168158899989E-15 -1 0
3.78937005996704 -0.0820209980010986 3.10039377212524
3.93700790405273 -0.0820209980010986 2.95275592803955
3.78937005996704 -0.0820209980010986 7.07020998001099
-3.23168158899989E-15 -1 0
3.93700790405273 -0.0820209980010986 2.95275592803955
3.78937005996704 -0.0820209980010986 3.10039377212524
-3.93700790405273 -0.0820209980010986 2.95275592803955
-3.23168158899989E-15 -1 0
3.78937005996704 -0.0820209980010986 7.07020998001099
3.93700790405273 -0.0820209980010986 7.21784782409668
-3.93700790405273 -0.0820209980010986 7.21784782409668
-3.23168158899989E-15 -1 0
3.93700790405273 -0.0820209980010986 7.21784782409668
3.78937005996704 -0.0820209980010986 7.07020998001099
3.93700790405273 -0.0820209980010986 2.95275592803955
-3.23168158899989E-15 -1 0
3.78937005996704 -0.0820209980010986 3.10039377212524
3.78937005996704 -0.0820209980010986 7.07020998001099
3.78937005996704 0.246062994003296 7.07020998001099
-1 2.70716782324599E-15 0
3.78937005996704 0.246062994003296 7.07020998001099
3.78937005996704 0.246062994003296 3.10039377212524
3.78937005996704 -0.0820209980010986 3.10039377212524
-1 2.70716782324599E-15 0
-3.78937005996704 -0.0820209980010986 3.10039377212524
3.78937005996704 -0.0820209980010986 3.10039377212524
3.78937005996704 0.246062994003296 3.10039377212524
0 0 1
3.78937005996704 0.246062994003296 3.10039377212524
-3.78937005996704 0.246062994003296 3.10039377212524
-3.78937005996704 -0.0820209980010986 3.10039377212524
0 0 1
-3.78937005996704 -0.0820209980010986 7.07020998001099
-3.78937005996704 -0.0820209980010986 3.10039377212524
-3.78937005996704 0.246062994003296 3.10039377212524
1 -2.70716782324599E-15 0
-3.78937005996704 0.246062994003296 3.10039377212524
-3.78937005996704 0.246062994003296 7.07020998001099
-3.78937005996704 -0.0820209980010986 7.07020998001099
1 -2.70716782324599E-15 0
-3.93700790405273 -0.0820209980010986 2.95275592803955
-3.93700790405273 -0.0820209980010986 7.21784782409668
-3.93700790405273 0.246062994003296 2.95275592803955
-1 2.70716782324599E-15 0
-3.93700790405273 0.246062994003296 7.21784782409668
-3.93700790405273 0.246062994003296 2.95275592803955
-3.93700790405273 -0.0820209980010986 7.21784782409668
-1 2.70716782324599E-15 0
3.93700790405273 -0.0820209980010986 2.95275592803955
-3.93700790405273 -0.0820209980010986 2.95275592803955
3.93700790405273 0.246062994003296 2.95275592803955
5.6399329650958E-17 -1.52682450483717E-31 -1
-3.93700790405273 0.246062994003296 2.95275592803955
3.93700790405273 0.246062994003296 2.95275592803955
-3.93700790405273 -0.0820209980010986 2.95275592803955
5.6399329650958E-17 -1.52682450483717E-31 -1
3.93700790405273 -0.0820209980010986 7.21784782409668
3.93700790405273 -0.0820209980010986 2.95275592803955
3.93700790405273 0.246062994003296 7.21784782409668
1 -2.70716782324599E-15 0
3.93700790405273 0.246062994003296 2.95275592803955
3.93700790405273 0.246062994003296 7.21784782409668
3.93700790405273 -0.0820209980010986 2.95275592803955
1 -2.70716782324599E-15 0
3.93700790405273 0.246062994003296 2.95275592803955
3.78937005996704 0.246062994003296 3.10039377212524
3.78937005996704 0.246062994003296 7.07020998001099
3.23168158899989E-15 1 0
3.78937005996704 0.246062994003296 3.10039377212524
3.93700790405273 0.246062994003296 2.95275592803955
-3.78937005996704 0.246062994003296 3.10039377212524
3.23168158899989E-15 1 0
3.93700790405273 0.246062994003296 7.21784782409668
3.78937005996704 0.246062994003296 7.07020998001099
-3.78937005996704 0.246062994003296 7.07020998001099
3.23168158899989E-15 1 0
3.78937005996704 0.246062994003296 7.07020998001099
3.93700790405273 0.246062994003296 7.21784782409668
3.93700790405273 0.246062994003296 2.95275592803955
3.23168158899989E-15 1 0
-3.78937005996704 0.246062994003296 3.10039377212524
-3.93700790405273 0.246062994003296 2.95275592803955
-3.78937005996704 0.246062994003296 7.07020998001099
3.23168158899989E-15 1 0
-3.93700790405273 0.246062994003296 2.95275592803955
-3.78937005996704 0.246062994003296 3.10039377212524
3.93700790405273 0.246062994003296 2.95275592803955
3.23168158899989E-15 1 0
-3.78937005996704 0.246062994003296 7.07020998001099
-3.93700790405273 0.246062994003296 7.21784782409668
3.93700790405273 0.246062994003296 7.21784782409668
3.23168158899989E-15 1 0
-3.93700790405273 0.246062994003296 7.21784782409668
-3.78937005996704 0.246062994003296 7.07020998001099
-3.93700790405273 0.246062994003296 2.95275592803955
3.23168158899989E-15 1 0
3.78937005996704 -0.0820209980010986 7.07020998001099
-3.78937005996704 -0.0820209980010986 7.07020998001099
3.78937005996704 0.246062994003296 7.07020998001099
0 0 -1
-3.78937005996704 0.246062994003296 7.07020998001099
3.78937005996704 0.246062994003296 7.07020998001099
-3.78937005996704 -0.0820209980010986 7.07020998001099
0 0 -1
-3.93700790405273 -0.0820209980010986 7.21784782409668
3.93700790405273 -0.0820209980010986 7.21784782409668
-3.93700790405273 0.246062994003296 7.21784782409668
0 0 1
3.93700790405273 0.246062994003296 7.21784782409668
-3.93700790405273 0.246062994003296 7.21784782409668
3.93700790405273 -0.0820209980010986 7.21784782409668
0 0 1
[HEADER]
432815,알루미늄창_900X2100,6
9591.33613587492 4251.1814558965 11.154855643061
1
0 1 0
-1 0 0
0 0 1
[HEADER]
438465,알루미늄창_750x1200,310
9635.95605366822 4294.40652151328 13.7795275590715
1
1 0 0
0 1 0
0 0 1
-0.935039341449738 0.0984251946210861 3.42847776412964
-0.935039341449738 0.0984251946210861 6.5944881439209
-1.08267712593079 0.0984251946210861 6.74212598800659
0 -1 0
0.935039341449738 0.0984251946210861 6.5944881439209
-1.08267712593079 0.0984251946210861 6.74212598800659
-0.935039341449738 0.0984251946210861 6.5944881439209
0 -1 0
0.935039341449738 0.0984251946210861 3.42847776412964
-0.935039341449738 0.0984251946210861 3.42847776412964
-1.08267712593079 0.0984251946210861 3.10039377212524
0 -1 0
-1.08267712593079 0.0984251946210861 6.74212598800659
-1.08267712593079 0.0984251946210861 3.10039377212524
-0.935039341449738 0.0984251946210861 3.42847776412964
0 -1 0
0.935039341449738 0.0984251946210861 3.42847776412964
1.08267712593079 0.0984251946210861 6.74212598800659
0.935039341449738 0.0984251946210861 6.5944881439209
0 -1 0
-1.08267712593079 0.0984251946210861 6.74212598800659
0.935039341449738 0.0984251946210861 6.5944881439209
1.08267712593079 0.0984251946210861 6.74212598800659
0 -1 0
-1.08267712593079 0.0984251946210861 3.10039377212524
1.08267712593079 0.0984251946210861 3.10039377212524
0.935039341449738 0.0984251946210861 3.42847776412964
0 -1 0
1.08267712593079 0.0984251946210861 6.74212598800659
0.935039341449738 0.0984251946210861 3.42847776412964
1.08267712593079 0.0984251946210861 3.10039377212524
0 -1 0
1.08267712593079 0.229658797383308 3.10039377212524
1.08267712593079 0.229658797383308 6.74212598800659
1.08267712593079 0.0984251946210861 6.74212598800659
1 0 0
1.08267712593079 0.0984251946210861 6.74212598800659
1.08267712593079 0.0984251946210861 3.10039377212524
1.08267712593079 0.229658797383308 3.10039377212524
1 0 0
-1.08267712593079 0.229658797383308 3.10039377212524
1.08267712593079 0.229658797383308 3.10039377212524
1.08267712593079 0.0984251946210861 3.10039377212524
0 0 -1
1.08267712593079 0.0984251946210861 3.10039377212524
-1.08267712593079 0.0984251946210861 3.10039377212524
-1.08267712593079 0.229658797383308 3.10039377212524
0 0 -1
-1.08267712593079 0.229658797383308 6.74212598800659
-1.08267712593079 0.229658797383308 3.10039377212524
-1.08267712593079 0.0984251946210861 3.10039377212524
-1 0 0
-1.08267712593079 0.0984251946210861 3.10039377212524
-1.08267712593079 0.0984251946210861 6.74212598800659
-1.08267712593079 0.229658797383308 6.74212598800659
-1 0 0
-0.935039341449738 0.229658797383308 3.42847776412964
-0.935039341449738 0.229658797383308 6.5944881439209
-0.935039341449738 0.0984251946210861 6.5944881439209
1 0 0
-0.935039341449738 0.0984251946210861 6.5944881439209
-0.935039341449738 0.0984251946210861 3.42847776412964
-0.935039341449738 0.229658797383308 3.42847776412964
1 0 0
0.935039341449738 0.229658797383308 3.42847776412964
-0.935039341449738 0.229658797383308 3.42847776412964
-0.935039341449738 0.0984251946210861 3.42847776412964
0 0 1
-0.935039341449738 0.0984251946210861 3.42847776412964
0.935039341449738 0.0984251946210861 3.42847776412964
0.935039341449738 0.229658797383308 3.42847776412964
0 0 1
0.935039341449738 0.229658797383308 6.5944881439209
0.935039341449738 0.229658797383308 3.42847776412964
0.935039341449738 0.0984251946210861 3.42847776412964
-1 0 0
0.935039341449738 0.0984251946210861 3.42847776412964
0.935039341449738 0.0984251946210861 6.5944881439209
0.935039341449738 0.229658797383308 6.5944881439209
-1 0 0
0.935039341449738 0.229658797383308 3.42847776412964
0.935039341449738 0.229658797383308 6.5944881439209
1.08267712593079 0.229658797383308 6.74212598800659
0 1 0
-0.935039341449738 0.229658797383308 6.5944881439209
1.08267712593079 0.229658797383308 6.74212598800659
0.935039341449738 0.229658797383308 6.5944881439209
0 1 0
-0.935039341449738 0.229658797383308 3.42847776412964
0.935039341449738 0.229658797383308 3.42847776412964
1.08267712593079 0.229658797383308 3.10039377212524
0 1 0
1.08267712593079 0.229658797383308 6.74212598800659
1.08267712593079 0.229658797383308 3.10039377212524
0.935039341449738 0.229658797383308 3.42847776412964
0 1 0
-0.935039341449738 0.229658797383308 3.42847776412964
-1.08267712593079 0.229658797383308 6.74212598800659
-0.935039341449738 0.229658797383308 6.5944881439209
0 1 0
1.08267712593079 0.229658797383308 6.74212598800659
-0.935039341449738 0.229658797383308 6.5944881439209
-1.08267712593079 0.229658797383308 6.74212598800659
0 1 0
1.08267712593079 0.229658797383308 3.10039377212524
-1.08267712593079 0.229658797383308 3.10039377212524
-0.935039341449738 0.229658797383308 3.42847776412964
0 1 0
-1.08267712593079 0.229658797383308 6.74212598800659
-0.935039341449738 0.229658797383308 3.42847776412964
-1.08267712593079 0.229658797383308 3.10039377212524
0 1 0
1.08267712593079 0.229658797383308 6.74212598800659
-1.08267712593079 0.229658797383308 6.74212598800659
-1.08267712593079 0.0984251946210861 6.74212598800659
0 0 1
-1.08267712593079 0.0984251946210861 6.74212598800659
1.08267712593079 0.0984251946210861 6.74212598800659
1.08267712593079 0.229658797383308 6.74212598800659
0 0 1
-0.935039341449738 0.229658797383308 6.5944881439209
0.935039341449738 0.229658797383308 6.5944881439209
0.935039341449738 0.0984251946210861 6.5944881439209
0 0 -1
0.935039341449738 0.0984251946210861 6.5944881439209
-0.935039341449738 0.0984251946210861 6.5944881439209
-0.935039341449738 0.229658797383308 6.5944881439209
0 0 -1
-0.935039341449738 0.134514436125755 3.42847776412964
0.935039341449738 0.134514436125755 3.42847776412964
0.935039341449738 0.134514436125755 6.5944881439209
0 -1 0
0.935039341449738 0.134514436125755 6.5944881439209
-0.935039341449738 0.134514436125755 6.5944881439209
-0.935039341449738 0.134514436125755 3.42847776412964
0 -1 0
0.935039341449738 0.193569555878639 6.5944881439209
0.935039341449738 0.193569555878639 3.42847776412964
-0.935039341449738 0.193569555878639 3.42847776412964
0 1 0
-0.935039341449738 0.193569555878639 3.42847776412964
-0.935039341449738 0.193569555878639 6.5944881439209
0.935039341449738 0.193569555878639 6.5944881439209
0 1 0
0.935039341449738 0.193569555878639 6.5944881439209
-0.935039341449738 0.193569555878639 6.5944881439209
-0.935039341449738 0.134514436125755 6.5944881439209
1.89976689350594E-15 0 1
-0.935039341449738 0.134514436125755 6.5944881439209
0.935039341449738 0.134514436125755 6.5944881439209
0.935039341449738 0.193569555878639 6.5944881439209
1.89976689350594E-15 0 1
0.935039341449738 0.193569555878639 3.42847776412964
0.935039341449738 0.193569555878639 6.5944881439209
0.935039341449738 0.134514436125755 6.5944881439209
1 0 -1.26240986576238E-15
0.935039341449738 0.134514436125755 6.5944881439209
0.935039341449738 0.134514436125755 3.42847776412964
0.935039341449738 0.193569555878639 3.42847776412964
1 0 -1.26240986576238E-15
-0.935039341449738 0.193569555878639 3.42847776412964
0.935039341449738 0.193569555878639 3.42847776412964
0.935039341449738 0.134514436125755 3.42847776412964
0 0 -1
0.935039341449738 0.134514436125755 3.42847776412964
-0.935039341449738 0.134514436125755 3.42847776412964
-0.935039341449738 0.193569555878639 3.42847776412964
0 0 -1
-0.935039341449738 0.193569555878639 6.5944881439209
-0.935039341449738 0.193569555878639 3.42847776412964
-0.935039341449738 0.134514436125755 3.42847776412964
-1 0 0
-0.935039341449738 0.134514436125755 3.42847776412964
-0.935039341449738 0.134514436125755 6.5944881439209
-0.935039341449738 0.193569555878639 6.5944881439209
-1 0 0
-1.23031497001648 -0.0820209980010986 2.95275592803955
-1.08267712593079 -0.0820209980010986 3.10039377212524
-1.08267712593079 -0.0820209980010986 6.74212598800659
-3.23168158899989E-15 -1 0
-1.08267712593079 -0.0820209980010986 3.10039377212524
-1.23031497001648 -0.0820209980010986 2.95275592803955
1.08267712593079 -0.0820209980010986 3.10039377212524
-3.23168158899989E-15 -1 0
-1.23031497001648 -0.0820209980010986 6.88976383209229
-1.08267712593079 -0.0820209980010986 6.74212598800659
1.08267712593079 -0.0820209980010986 6.74212598800659
-3.23168158899989E-15 -1 0
-1.08267712593079 -0.0820209980010986 6.74212598800659
-1.23031497001648 -0.0820209980010986 6.88976383209229
-1.23031497001648 -0.0820209980010986 2.95275592803955
-3.23168158899989E-15 -1 0
1.08267712593079 -0.0820209980010986 3.10039377212524
1.23031497001648 -0.0820209980010986 2.95275592803955
1.08267712593079 -0.0820209980010986 6.74212598800659
-3.23168158899989E-15 -1 0
1.23031497001648 -0.0820209980010986 2.95275592803955
1.08267712593079 -0.0820209980010986 3.10039377212524
-1.23031497001648 -0.0820209980010986 2.95275592803955
-3.23168158899989E-15 -1 0
1.08267712593079 -0.0820209980010986 6.74212598800659
1.23031497001648 -0.0820209980010986 6.88976383209229
-1.23031497001648 -0.0820209980010986 6.88976383209229
-3.23168158899989E-15 -1 0
1.23031497001648 -0.0820209980010986 6.88976383209229
1.08267712593079 -0.0820209980010986 6.74212598800659
1.23031497001648 -0.0820209980010986 2.95275592803955
-3.23168158899989E-15 -1 0
1.08267712593079 -0.0820209980010986 3.10039377212524
1.08267712593079 -0.0820209980010986 6.74212598800659
1.08267712593079 0.246062994003296 6.74212598800659
-1 3.38395977905749E-15 -6.0972248271306E-17
1.08267712593079 0.246062994003296 6.74212598800659
1.08267712593079 0.246062994003296 3.10039377212524
1.08267712593079 -0.0820209980010986 3.10039377212524
-1 3.38395977905749E-15 -6.0972248271306E-17
-1.08267712593079 -0.0820209980010986 3.10039377212524
1.08267712593079 -0.0820209980010986 3.10039377212524
1.08267712593079 0.246062994003296 3.10039377212524
0 0 1
1.08267712593079 0.246062994003296 3.10039377212524
-1.08267712593079 0.246062994003296 3.10039377212524
-1.08267712593079 -0.0820209980010986 3.10039377212524
0 0 1
-1.08267712593079 -0.0820209980010986 6.74212598800659
-1.08267712593079 -0.0820209980010986 3.10039377212524
-1.08267712593079 0.246062994003296 3.10039377212524
1 -3.38395977905749E-15 6.0972248271306E-17
-1.08267712593079 0.246062994003296 3.10039377212524
-1.08267712593079 0.246062994003296 6.74212598800659
-1.08267712593079 -0.0820209980010986 6.74212598800659
1 -3.38395977905749E-15 6.0972248271306E-17
-1.23031497001648 -0.0820209980010986 2.95275592803955
-1.23031497001648 -0.0820209980010986 6.88976383209229
-1.23031497001648 0.246062994003296 6.88976383209229
-1 3.38395977905749E-15 0
-1.23031497001648 0.246062994003296 6.88976383209229
-1.23031497001648 0.246062994003296 2.95275592803955
-1.23031497001648 -0.0820209980010986 2.95275592803955
-1 3.38395977905749E-15 0
1.23031497001648 -0.0820209980010986 2.95275592803955
-1.23031497001648 -0.0820209980010986 2.95275592803955
1.23031497001648 0.246062994003296 2.95275592803955
0 0 -1
-1.23031497001648 0.246062994003296 2.95275592803955
1.23031497001648 0.246062994003296 2.95275592803955
-1.23031497001648 -0.0820209980010986 2.95275592803955
0 0 -1
1.23031497001648 -0.0820209980010986 6.88976383209229
1.23031497001648 -0.0820209980010986 2.95275592803955
1.23031497001648 0.246062994003296 2.95275592803955
1 -3.38395977905749E-15 0
1.23031497001648 0.246062994003296 2.95275592803955
1.23031497001648 0.246062994003296 6.88976383209229
1.23031497001648 -0.0820209980010986 6.88976383209229
1 -3.38395977905749E-15 0
1.23031497001648 0.246062994003296 2.95275592803955
1.08267712593079 0.246062994003296 3.10039377212524
1.08267712593079 0.246062994003296 6.74212598800659
3.23168158899989E-15 1 0
1.08267712593079 0.246062994003296 3.10039377212524
1.23031497001648 0.246062994003296 2.95275592803955
-1.08267712593079 0.246062994003296 3.10039377212524
3.23168158899989E-15 1 0
1.23031497001648 0.246062994003296 6.88976383209229
1.08267712593079 0.246062994003296 6.74212598800659
-1.08267712593079 0.246062994003296 6.74212598800659
3.23168158899989E-15 1 0
1.08267712593079 0.246062994003296 6.74212598800659
1.23031497001648 0.246062994003296 6.88976383209229
1.23031497001648 0.246062994003296 2.95275592803955
3.23168158899989E-15 1 0
-1.08267712593079 0.246062994003296 3.10039377212524
-1.23031497001648 0.246062994003296 2.95275592803955
-1.08267712593079 0.246062994003296 6.74212598800659
3.23168158899989E-15 1 0
-1.23031497001648 0.246062994003296 2.95275592803955
-1.08267712593079 0.246062994003296 3.10039377212524
1.23031497001648 0.246062994003296 2.95275592803955
3.23168158899989E-15 1 0
-1.08267712593079 0.246062994003296 6.74212598800659
-1.23031497001648 0.246062994003296 6.88976383209229
1.23031497001648 0.246062994003296 6.88976383209229
3.23168158899989E-15 1 0
-1.23031497001648 0.246062994003296 6.88976383209229
-1.08267712593079 0.246062994003296 6.74212598800659
-1.23031497001648 0.246062994003296 2.95275592803955
3.23168158899989E-15 1 0
1.08267712593079 -0.0820209980010986 6.74212598800659
-1.08267712593079 -0.0820209980010986 6.74212598800659
1.08267712593079 0.246062994003296 6.74212598800659
0 0 -1
-1.08267712593079 0.246062994003296 6.74212598800659
1.08267712593079 0.246062994003296 6.74212598800659
-1.08267712593079 -0.0820209980010986 6.74212598800659
0 0 -1
-1.23031497001648 -0.0820209980010986 6.88976383209229
1.23031497001648 -0.0820209980010986 6.88976383209229
1.23031497001648 0.246062994003296 6.88976383209229
0 0 1
1.23031497001648 0.246062994003296 6.88976383209229
-1.23031497001648 0.246062994003296 6.88976383209229
-1.23031497001648 -0.0820209980010986 6.88976383209229
0 0 1
[HEADER]
438683,알루미늄창_750x1200,6
9624.96499240937 4294.40652151328 13.7795275590715
1
1 0 0
0 1 0
0 0 1
[HEADER]
439142,알루미늄창_7250x1300,310
9669.58416737098 4270.94851786963 13.7795275590715
1
0 -1 0
1 0 0
0 0 1
-11.5977687835693 0.0984251946210861 3.42847776412964
-11.5977687835693 0.0984251946210861 6.92257213592529
-11.7454071044922 0.0984251946210861 7.07020998001099
0 -1 0
11.7454071044922 0.0984251946210861 7.07020998001099
-11.7454071044922 0.0984251946210861 7.07020998001099
-11.5977687835693 0.0984251946210861 6.92257213592529
0 -1 0
11.7454071044922 0.0984251946210861 3.10039377212524
-11.5977687835693 0.0984251946210861 3.42847776412964
-11.7454071044922 0.0984251946210861 3.10039377212524
0 -1 0
-11.7454071044922 0.0984251946210861 7.07020998001099
-11.7454071044922 0.0984251946210861 3.10039377212524
-11.5977687835693 0.0984251946210861 3.42847776412964
0 -1 0
11.5977687835693 0.0984251946210861 3.42847776412964
11.7454071044922 0.0984251946210861 7.07020998001099
11.5977687835693 0.0984251946210861 6.92257213592529
0 -1 0
-11.5977687835693 0.0984251946210861 6.92257213592529
11.5977687835693 0.0984251946210861 6.92257213592529
11.7454071044922 0.0984251946210861 7.07020998001099
0 -1 0
-11.5977687835693 0.0984251946210861 3.42847776412964
11.7454071044922 0.0984251946210861 3.10039377212524
11.5977687835693 0.0984251946210861 3.42847776412964
0 -1 0
11.7454071044922 0.0984251946210861 7.07020998001099
11.5977687835693 0.0984251946210861 3.42847776412964
11.7454071044922 0.0984251946210861 3.10039377212524
0 -1 0
11.7454071044922 0.229658797383308 3.10039377212524
11.7454071044922 0.229658797383308 7.07020998001099
11.7454071044922 0.0984251946210861 7.07020998001099
1 0 0
11.7454071044922 0.0984251946210861 7.07020998001099
11.7454071044922 0.0984251946210861 3.10039377212524
11.7454071044922 0.229658797383308 3.10039377212524
1 0 0
-11.7454071044922 0.229658797383308 3.10039377212524
11.7454071044922 0.229658797383308 3.10039377212524
11.7454071044922 0.0984251946210861 3.10039377212524
0 0 -1
11.7454071044922 0.0984251946210861 3.10039377212524
-11.7454071044922 0.0984251946210861 3.10039377212524
-11.7454071044922 0.229658797383308 3.10039377212524
0 0 -1
-11.7454071044922 0.229658797383308 7.07020998001099
-11.7454071044922 0.229658797383308 3.10039377212524
-11.7454071044922 0.0984251946210861 3.10039377212524
-1 0 0
-11.7454071044922 0.0984251946210861 3.10039377212524
-11.7454071044922 0.0984251946210861 7.07020998001099
-11.7454071044922 0.229658797383308 7.07020998001099
-1 0 0
-11.5977687835693 0.229658797383308 3.42847776412964
-11.5977687835693 0.229658797383308 6.92257213592529
-11.5977687835693 0.0984251946210861 6.92257213592529
1 0 0
-11.5977687835693 0.0984251946210861 6.92257213592529
-11.5977687835693 0.0984251946210861 3.42847776412964
-11.5977687835693 0.229658797383308 3.42847776412964
1 0 0
11.5977687835693 0.229658797383308 3.42847776412964
-11.5977687835693 0.229658797383308 3.42847776412964
-11.5977687835693 0.0984251946210861 3.42847776412964
0 0 1
-11.5977687835693 0.0984251946210861 3.42847776412964
11.5977687835693 0.0984251946210861 3.42847776412964
11.5977687835693 0.229658797383308 3.42847776412964
0 0 1
11.5977687835693 0.229658797383308 6.92257213592529
11.5977687835693 0.229658797383308 3.42847776412964
11.5977687835693 0.0984251946210861 3.42847776412964
-1 0 2.54194161807134E-16
11.5977687835693 0.0984251946210861 3.42847776412964
11.5977687835693 0.0984251946210861 6.92257213592529
11.5977687835693 0.229658797383308 6.92257213592529
-1 0 2.54194161807134E-16
11.5977687835693 0.229658797383308 3.42847776412964
11.5977687835693 0.229658797383308 6.92257213592529
11.7454071044922 0.229658797383308 7.07020998001099
0 1 0
-11.7454071044922 0.229658797383308 7.07020998001099
11.7454071044922 0.229658797383308 7.07020998001099
11.5977687835693 0.229658797383308 6.92257213592529
0 1 0
-11.7454071044922 0.229658797383308 3.10039377212524
11.5977687835693 0.229658797383308 3.42847776412964
11.7454071044922 0.229658797383308 3.10039377212524
0 1 0
11.7454071044922 0.229658797383308 7.07020998001099
11.7454071044922 0.229658797383308 3.10039377212524
11.5977687835693 0.229658797383308 3.42847776412964
0 1 0
-11.5977687835693 0.229658797383308 3.42847776412964
-11.7454071044922 0.229658797383308 7.07020998001099
-11.5977687835693 0.229658797383308 6.92257213592529
0 1 0
11.5977687835693 0.229658797383308 6.92257213592529
-11.5977687835693 0.229658797383308 6.92257213592529
-11.7454071044922 0.229658797383308 7.07020998001099
0 1 0
11.5977687835693 0.229658797383308 3.42847776412964
-11.7454071044922 0.229658797383308 3.10039377212524
-11.5977687835693 0.229658797383308 3.42847776412964
0 1 0
-11.7454071044922 0.229658797383308 7.07020998001099
-11.5977687835693 0.229658797383308 3.42847776412964
-11.7454071044922 0.229658797383308 3.10039377212524
0 1 0
11.7454071044922 0.229658797383308 7.07020998001099
-11.7454071044922 0.229658797383308 7.07020998001099
-11.7454071044922 0.0984251946210861 7.07020998001099
0 0 1
-11.7454071044922 0.0984251946210861 7.07020998001099
11.7454071044922 0.0984251946210861 7.07020998001099
11.7454071044922 0.229658797383308 7.07020998001099
0 0 1
-11.5977687835693 0.229658797383308 6.92257213592529
11.5977687835693 0.229658797383308 6.92257213592529
11.5977687835693 0.0984251946210861 6.92257213592529
0 0 -1
11.5977687835693 0.0984251946210861 6.92257213592529
-11.5977687835693 0.0984251946210861 6.92257213592529
-11.5977687835693 0.229658797383308 6.92257213592529
0 0 -1
-11.5977687835693 0.134514436125755 3.42847776412964
11.5977687835693 0.134514436125755 3.42847776412964
11.5977687835693 0.134514436125755 6.92257213592529
0 -1 0
11.5977687835693 0.134514436125755 6.92257213592529
-11.5977687835693 0.134514436125755 6.92257213592529
-11.5977687835693 0.134514436125755 3.42847776412964
0 -1 0
11.5977687835693 0.193569555878639 6.92257213592529
11.5977687835693 0.193569555878639 3.42847776412964
-11.5977687835693 0.193569555878639 3.42847776412964
0 1 0
-11.5977687835693 0.193569555878639 3.42847776412964
-11.5977687835693 0.193569555878639 6.92257213592529
11.5977687835693 0.193569555878639 6.92257213592529
0 1 0
11.5977687835693 0.193569555878639 6.92257213592529
-11.5977687835693 0.193569555878639 6.92257213592529
-11.5977687835693 0.134514436125755 6.92257213592529
0 0 1
-11.5977687835693 0.134514436125755 6.92257213592529
11.5977687835693 0.134514436125755 6.92257213592529
11.5977687835693 0.193569555878639 6.92257213592529
0 0 1
11.5977687835693 0.193569555878639 3.42847776412964
11.5977687835693 0.193569555878639 6.92257213592529
11.5977687835693 0.134514436125755 6.92257213592529
1 0 4.44839783162484E-16
11.5977687835693 0.134514436125755 6.92257213592529
11.5977687835693 0.134514436125755 3.42847776412964
11.5977687835693 0.193569555878639 3.42847776412964
1 0 4.44839783162484E-16
-11.5977687835693 0.193569555878639 3.42847776412964
11.5977687835693 0.193569555878639 3.42847776412964
11.5977687835693 0.134514436125755 3.42847776412964
0 0 -1
11.5977687835693 0.134514436125755 3.42847776412964
-11.5977687835693 0.134514436125755 3.42847776412964
-11.5977687835693 0.193569555878639 3.42847776412964
0 0 -1
-11.5977687835693 0.193569555878639 6.92257213592529
-11.5977687835693 0.193569555878639 3.42847776412964
-11.5977687835693 0.134514436125755 3.42847776412964
-1 0 0
-11.5977687835693 0.134514436125755 3.42847776412964
-11.5977687835693 0.134514436125755 6.92257213592529
-11.5977687835693 0.193569555878639 6.92257213592529
-1 0 0
-11.8930444717407 -0.0820209980010986 2.95275592803955
-11.7454071044922 -0.0820209980010986 3.10039377212524
-11.7454071044922 -0.0820209980010986 7.07020998001099
-3.23168158899989E-15 -1 0
-11.7454071044922 -0.0820209980010986 3.10039377212524
-11.8930444717407 -0.0820209980010986 2.95275592803955
11.8930444717407 -0.0820209980010986 2.95275592803955
-3.23168158899989E-15 -1 0
-11.8930444717407 -0.0820209980010986 7.21784782409668
-11.7454071044922 -0.0820209980010986 7.07020998001099
11.8930444717407 -0.0820209980010986 7.21784782409668
-3.23168158899989E-15 -1 0
-11.7454071044922 -0.0820209980010986 7.07020998001099
-11.8930444717407 -0.0820209980010986 7.21784782409668
-11.8930444717407 -0.0820209980010986 2.95275592803955
-3.23168158899989E-15 -1 0
11.7454071044922 -0.0820209980010986 3.10039377212524
11.8930444717407 -0.0820209980010986 2.95275592803955
11.7454071044922 -0.0820209980010986 7.07020998001099
-3.23168158899989E-15 -1 0
11.8930444717407 -0.0820209980010986 2.95275592803955
11.7454071044922 -0.0820209980010986 3.10039377212524
-11.7454071044922 -0.0820209980010986 3.10039377212524
-3.23168158899989E-15 -1 0
11.7454071044922 -0.0820209980010986 7.07020998001099
11.8930444717407 -0.0820209980010986 7.21784782409668
-11.7454071044922 -0.0820209980010986 7.07020998001099
-3.23168158899989E-15 -1 0
11.8930444717407 -0.0820209980010986 7.21784782409668
11.7454071044922 -0.0820209980010986 7.07020998001099
11.8930444717407 -0.0820209980010986 2.95275592803955
-3.23168158899989E-15 -1 0
11.7454071044922 -0.0820209980010986 3.10039377212524
11.7454071044922 -0.0820209980010986 7.07020998001099
11.7454071044922 0.246062994003296 7.07020998001099
-1 5.41433564649199E-15 0
11.7454071044922 0.246062994003296 7.07020998001099
11.7454071044922 0.246062994003296 3.10039377212524
11.7454071044922 -0.0820209980010986 3.10039377212524
-1 5.41433564649199E-15 0
-11.7454071044922 -0.0820209980010986 3.10039377212524
11.7454071044922 -0.0820209980010986 3.10039377212524
11.7454071044922 0.246062994003296 3.10039377212524
0 0 1
11.7454071044922 0.246062994003296 3.10039377212524
-11.7454071044922 0.246062994003296 3.10039377212524
-11.7454071044922 -0.0820209980010986 3.10039377212524
0 0 1
-11.7454071044922 -0.0820209980010986 7.07020998001099
-11.7454071044922 -0.0820209980010986 3.10039377212524
-11.7454071044922 0.246062994003296 3.10039377212524
1 -5.41433564649199E-15 0
-11.7454071044922 0.246062994003296 3.10039377212524
-11.7454071044922 0.246062994003296 7.07020998001099
-11.7454071044922 -0.0820209980010986 7.07020998001099
1 -5.41433564649199E-15 0
-11.8930444717407 -0.0820209980010986 2.95275592803955
-11.8930444717407 -0.0820209980010986 7.21784782409668
-11.8930444717407 0.246062994003296 2.95275592803955
-1 5.41433564649199E-15 0
-11.8930444717407 0.246062994003296 7.21784782409668
-11.8930444717407 0.246062994003296 2.95275592803955
-11.8930444717407 -0.0820209980010986 7.21784782409668
-1 5.41433564649199E-15 0
11.8930444717407 -0.0820209980010986 2.95275592803955
-11.8930444717407 -0.0820209980010986 2.95275592803955
-11.8930444717407 0.246062994003296 2.95275592803955
1.86701229189378E-17 -1.01086312044392E-31 -1
-11.8930444717407 0.246062994003296 2.95275592803955
11.8930444717407 0.246062994003296 2.95275592803955
11.8930444717407 -0.0820209980010986 2.95275592803955
1.86701229189378E-17 -1.01086312044392E-31 -1
11.8930444717407 -0.0820209980010986 7.21784782409668
11.8930444717407 -0.0820209980010986 2.95275592803955
11.8930444717407 0.246062994003296 7.21784782409668
1 -5.41433564649199E-15 0
11.8930444717407 0.246062994003296 2.95275592803955
11.8930444717407 0.246062994003296 7.21784782409668
11.8930444717407 -0.0820209980010986 2.95275592803955
1 -5.41433564649199E-15 0
11.8930444717407 0.246062994003296 2.95275592803955
11.7454071044922 0.246062994003296 3.10039377212524
11.7454071044922 0.246062994003296 7.07020998001099
3.23168158899989E-15 1 0
11.7454071044922 0.246062994003296 3.10039377212524
11.8930444717407 0.246062994003296 2.95275592803955
-11.8930444717407 0.246062994003296 2.95275592803955
3.23168158899989E-15 1 0
11.8930444717407 0.246062994003296 7.21784782409668
11.7454071044922 0.246062994003296 7.07020998001099
-11.8930444717407 0.246062994003296 7.21784782409668
3.23168158899989E-15 1 0
11.7454071044922 0.246062994003296 7.07020998001099
11.8930444717407 0.246062994003296 7.21784782409668
11.8930444717407 0.246062994003296 2.95275592803955
3.23168158899989E-15 1 0
-11.7454071044922 0.246062994003296 3.10039377212524
-11.8930444717407 0.246062994003296 2.95275592803955
-11.7454071044922 0.246062994003296 7.07020998001099
3.23168158899989E-15 1 0
-11.8930444717407 0.246062994003296 2.95275592803955
-11.7454071044922 0.246062994003296 3.10039377212524
11.7454071044922 0.246062994003296 3.10039377212524
3.23168158899989E-15 1 0
-11.7454071044922 0.246062994003296 7.07020998001099
-11.8930444717407 0.246062994003296 7.21784782409668
11.7454071044922 0.246062994003296 7.07020998001099
3.23168158899989E-15 1 0
-11.8930444717407 0.246062994003296 7.21784782409668
-11.7454071044922 0.246062994003296 7.07020998001099
-11.8930444717407 0.246062994003296 2.95275592803955
3.23168158899989E-15 1 0
11.7454071044922 -0.0820209980010986 7.07020998001099
-11.7454071044922 -0.0820209980010986 7.07020998001099
-11.7454071044922 0.246062994003296 7.07020998001099
0 0 -1
-11.7454071044922 0.246062994003296 7.07020998001099
11.7454071044922 0.246062994003296 7.07020998001099
11.7454071044922 -0.0820209980010986 7.07020998001099
0 0 -1
-11.8930444717407 -0.0820209980010986 7.21784782409668
11.8930444717407 -0.0820209980010986 7.21784782409668
11.8930444717407 0.246062994003296 7.21784782409668
0 0 1
11.8930444717407 0.246062994003296 7.21784782409668
-11.8930444717407 0.246062994003296 7.21784782409668
-11.8930444717407 -0.0820209980010986 7.21784782409668
0 0 1
[HEADER]
598875,알루미늄유리창_750X5700,310
9611.10836511378 4241.50789946605 11.1302493438484
1
-1 0 0
0 -1 0
0 0 1
-0.935039341449738 -1.45505249500275 3.42847776412964
-0.935039341449738 -1.45505249500275 21.3582668304443
-1.08267712593079 -1.45505249500275 21.5059051513672
0 -1 0
0.935039341449738 -1.45505249500275 21.3582668304443
-1.08267712593079 -1.45505249500275 21.5059051513672
-0.935039341449738 -1.45505249500275 21.3582668304443
0 -1 0
0.935039341449738 -1.45505249500275 3.42847776412964
-0.935039341449738 -1.45505249500275 3.42847776412964
-1.08267712593079 -1.45505249500275 3.10039377212524
0 -1 0
-1.08267712593079 -1.45505249500275 21.5059051513672
-1.08267712593079 -1.45505249500275 3.10039377212524
-0.935039341449738 -1.45505249500275 3.42847776412964
0 -1 0
0.935039341449738 -1.45505249500275 3.42847776412964
1.08267712593079 -1.45505249500275 21.5059051513672
0.935039341449738 -1.45505249500275 21.3582668304443
0 -1 0
-1.08267712593079 -1.45505249500275 21.5059051513672
0.935039341449738 -1.45505249500275 21.3582668304443
1.08267712593079 -1.45505249500275 21.5059051513672
0 -1 0
-1.08267712593079 -1.45505249500275 3.10039377212524
1.08267712593079 -1.45505249500275 3.10039377212524
0.935039341449738 -1.45505249500275 3.42847776412964
0 -1 0
1.08267712593079 -1.45505249500275 21.5059051513672
0.935039341449738 -1.45505249500275 3.42847776412964
1.08267712593079 -1.45505249500275 3.10039377212524
0 -1 0
1.08267712593079 -1.32381892204285 21.5059051513672
1.08267712593079 -1.45505249500275 21.5059051513672
1.08267712593079 -1.45505249500275 3.10039377212524
1 0 0
1.08267712593079 -1.45505249500275 3.10039377212524
1.08267712593079 -1.32381892204285 3.10039377212524
1.08267712593079 -1.32381892204285 21.5059051513672
1 0 0
1.08267712593079 -1.32381892204285 3.10039377212524
1.08267712593079 -1.45505249500275 3.10039377212524
-1.08267712593079 -1.45505249500275 3.10039377212524
6.15265414374084E-16 0 -1
-1.08267712593079 -1.45505249500275 3.10039377212524
-1.08267712593079 -1.32381892204285 3.10039377212524
1.08267712593079 -1.32381892204285 3.10039377212524
6.15265414374084E-16 0 -1
-1.08267712593079 -1.32381892204285 3.10039377212524
-1.08267712593079 -1.45505249500275 3.10039377212524
-1.08267712593079 -1.45505249500275 21.5059051513672
-1 0 0
-1.08267712593079 -1.45505249500275 21.5059051513672
-1.08267712593079 -1.32381892204285 21.5059051513672
-1.08267712593079 -1.32381892204285 3.10039377212524
-1 0 0
-0.935039341449738 -1.32381892204285 21.3582668304443
-0.935039341449738 -1.45505249500275 21.3582668304443
-0.935039341449738 -1.45505249500275 3.42847776412964
1 0 0
-0.935039341449738 -1.45505249500275 3.42847776412964
-0.935039341449738 -1.32381892204285 3.42847776412964
-0.935039341449738 -1.32381892204285 21.3582668304443
1 0 0
0.935039341449738 -1.32381892204285 3.42847776412964
-0.935039341449738 -1.45505249500275 3.42847776412964
0.935039341449738 -1.45505249500275 3.42847776412964
2.37470861688242E-16 0 1
-0.935039341449738 -1.45505249500275 3.42847776412964
0.935039341449738 -1.32381892204285 3.42847776412964
-0.935039341449738 -1.32381892204285 3.42847776412964
2.37470861688242E-16 0 1
0.935039341449738 -1.32381892204285 3.42847776412964
0.935039341449738 -1.45505249500275 3.42847776412964
0.935039341449738 -1.45505249500275 21.3582668304443
-1 0 0
0.935039341449738 -1.45505249500275 21.3582668304443
0.935039341449738 -1.32381892204285 21.3582668304443
0.935039341449738 -1.32381892204285 3.42847776412964
-1 0 0
0.935039341449738 -1.32381892204285 3.42847776412964
0.935039341449738 -1.32381892204285 21.3582668304443
1.08267712593079 -1.32381892204285 21.5059051513672
0 1 0
-0.935039341449738 -1.32381892204285 21.3582668304443
1.08267712593079 -1.32381892204285 21.5059051513672
0.935039341449738 -1.32381892204285 21.3582668304443
0 1 0
-0.935039341449738 -1.32381892204285 3.42847776412964
0.935039341449738 -1.32381892204285 3.42847776412964
1.08267712593079 -1.32381892204285 3.10039377212524
0 1 0
1.08267712593079 -1.32381892204285 21.5059051513672
1.08267712593079 -1.32381892204285 3.10039377212524
0.935039341449738 -1.32381892204285 3.42847776412964
0 1 0
-0.935039341449738 -1.32381892204285 3.42847776412964
-1.08267712593079 -1.32381892204285 21.5059051513672
-0.935039341449738 -1.32381892204285 21.3582668304443
0 1 0
1.08267712593079 -1.32381892204285 21.5059051513672
-0.935039341449738 -1.32381892204285 21.3582668304443
-1.08267712593079 -1.32381892204285 21.5059051513672
0 1 0
1.08267712593079 -1.32381892204285 3.10039377212524
-1.08267712593079 -1.32381892204285 3.10039377212524
-0.935039341449738 -1.32381892204285 3.42847776412964
0 1 0
-1.08267712593079 -1.32381892204285 21.5059051513672
-0.935039341449738 -1.32381892204285 3.42847776412964
-1.08267712593079 -1.32381892204285 3.10039377212524
0 1 0
-1.08267712593079 -1.32381892204285 21.5059051513672
-1.08267712593079 -1.45505249500275 21.5059051513672
1.08267712593079 -1.45505249500275 21.5059051513672
0 0 1
1.08267712593079 -1.45505249500275 21.5059051513672
1.08267712593079 -1.32381892204285 21.5059051513672
-1.08267712593079 -1.32381892204285 21.5059051513672
0 0 1
-0.935039341449738 -1.32381892204285 21.3582668304443
0.935039341449738 -1.45505249500275 21.3582668304443
-0.935039341449738 -1.45505249500275 21.3582668304443
0 0 -1
0.935039341449738 -1.45505249500275 21.3582668304443
-0.935039341449738 -1.32381892204285 21.3582668304443
0.935039341449738 -1.32381892204285 21.3582668304443
0 0 -1
0.935039341449738 -1.41896331310272 21.3582668304443
-0.935039341449738 -1.41896331310272 21.3582668304443
-0.935039341449738 -1.41896331310272 3.42847776412964
0 -1 0
-0.935039341449738 -1.41896331310272 3.42847776412964
0.935039341449738 -1.41896331310272 3.42847776412964
0.935039341449738 -1.41896331310272 21.3582668304443
0 -1 0
-0.935039341449738 -1.35990810394287 21.3582668304443
0.935039341449738 -1.35990810394287 21.3582668304443
0.935039341449738 -1.35990810394287 3.42847776412964
0 1 0
0.935039341449738 -1.35990810394287 3.42847776412964
-0.935039341449738 -1.35990810394287 3.42847776412964
-0.935039341449738 -1.35990810394287 21.3582668304443
0 1 0
0.935039341449738 -1.35990810394287 21.3582668304443
-0.935039341449738 -1.41896331310272 21.3582668304443
0.935039341449738 -1.41896331310272 21.3582668304443
0 0 1
-0.935039341449738 -1.41896331310272 21.3582668304443
0.935039341449738 -1.35990810394287 21.3582668304443
-0.935039341449738 -1.35990810394287 21.3582668304443
0 0 1
0.935039341449738 -1.35990810394287 21.3582668304443
0.935039341449738 -1.41896331310272 21.3582668304443
0.935039341449738 -1.41896331310272 3.42847776412964
1 0 0
0.935039341449738 -1.41896331310272 3.42847776412964
0.935039341449738 -1.35990810394287 3.42847776412964
0.935039341449738 -1.35990810394287 21.3582668304443
1 0 0
-0.935039341449738 -1.35990810394287 3.42847776412964
0.935039341449738 -1.41896331310272 3.42847776412964
-0.935039341449738 -1.41896331310272 3.42847776412964
4.74941723376486E-16 0 -1
0.935039341449738 -1.41896331310272 3.42847776412964
-0.935039341449738 -1.35990810394287 3.42847776412964
0.935039341449738 -1.35990810394287 3.42847776412964
4.74941723376486E-16 0 -1
-0.935039341449738 -1.35990810394287 3.42847776412964
-0.935039341449738 -1.41896331310272 3.42847776412964
-0.935039341449738 -1.41896331310272 21.3582668304443
-1 0 0
-0.935039341449738 -1.41896331310272 21.3582668304443
-0.935039341449738 -1.35990810394287 21.3582668304443
-0.935039341449738 -1.35990810394287 3.42847776412964
-1 0 0
-1.23031497001648 -1.63549864292145 2.95275592803955
-1.08267712593079 -1.63549864292145 3.10039377212524
-1.23031497001648 -1.63549864292145 21.65354347229
-3.23168158899989E-15 -1 0
-1.08267712593079 -1.63549864292145 3.10039377212524
-1.23031497001648 -1.63549864292145 2.95275592803955
1.08267712593079 -1.63549864292145 3.10039377212524
-3.23168158899989E-15 -1 0
-1.23031497001648 -1.63549864292145 21.65354347229
-1.08267712593079 -1.63549864292145 21.5059051513672
1.08267712593079 -1.63549864292145 21.5059051513672
-3.23168158899989E-15 -1 0
-1.08267712593079 -1.63549864292145 21.5059051513672
-1.23031497001648 -1.63549864292145 21.65354347229
-1.08267712593079 -1.63549864292145 3.10039377212524
-3.23168158899989E-15 -1 0
1.08267712593079 -1.63549864292145 3.10039377212524
1.23031497001648 -1.63549864292145 2.95275592803955
1.23031497001648 -1.63549864292145 21.65354347229
-3.23168158899989E-15 -1 0
1.23031497001648 -1.63549864292145 2.95275592803955
1.08267712593079 -1.63549864292145 3.10039377212524
-1.23031497001648 -1.63549864292145 2.95275592803955
-3.23168158899989E-15 -1 0
1.08267712593079 -1.63549864292145 21.5059051513672
1.23031497001648 -1.63549864292145 21.65354347229
-1.23031497001648 -1.63549864292145 21.65354347229
-3.23168158899989E-15 -1 0
1.23031497001648 -1.63549864292145 21.65354347229
1.08267712593079 -1.63549864292145 21.5059051513672
1.08267712593079 -1.63549864292145 3.10039377212524
-3.23168158899989E-15 -1 0
1.08267712593079 -1.63549864292145 3.10039377212524
1.08267712593079 -1.63549864292145 21.5059051513672
1.08267712593079 -1.30741465091705 21.5059051513672
-1 3.3839597790575E-15 -1.20640277328252E-17
1.08267712593079 -1.30741465091705 21.5059051513672
1.08267712593079 -1.30741465091705 3.10039377212524
1.08267712593079 -1.63549864292145 3.10039377212524
-1 3.3839597790575E-15 -1.20640277328252E-17
-1.08267712593079 -1.63549864292145 3.10039377212524
1.08267712593079 -1.63549864292145 3.10039377212524
1.08267712593079 -1.30741465091705 3.10039377212524
4.10176942916059E-16 -1.38802227712471E-30 1
1.08267712593079 -1.30741465091705 3.10039377212524
-1.08267712593079 -1.30741465091705 3.10039377212524
-1.08267712593079 -1.63549864292145 3.10039377212524
4.10176942916059E-16 -1.38802227712471E-30 1
-1.08267712593079 -1.63549864292145 21.5059051513672
-1.08267712593079 -1.63549864292145 3.10039377212524
-1.08267712593079 -1.30741465091705 3.10039377212524
1 -3.3839597790575E-15 1.20640277328252E-17
-1.08267712593079 -1.30741465091705 3.10039377212524
-1.08267712593079 -1.30741465091705 21.5059051513672
-1.08267712593079 -1.63549864292145 21.5059051513672
1 -3.3839597790575E-15 1.20640277328252E-17
-1.23031497001648 -1.63549864292145 2.95275592803955
-1.23031497001648 -1.63549864292145 21.65354347229
-1.23031497001648 -1.30741465091705 21.65354347229
-1 3.3839597790575E-15 0
-1.23031497001648 -1.30741465091705 21.65354347229
-1.23031497001648 -1.30741465091705 2.95275592803955
-1.23031497001648 -1.63549864292145 2.95275592803955
-1 3.3839597790575E-15 0
1.23031497001648 -1.63549864292145 2.95275592803955
-1.23031497001648 -1.63549864292145 2.95275592803955
-1.23031497001648 -1.30741465091705 2.95275592803955
1.80477854883065E-16 -6.10729801934869E-31 -1
-1.23031497001648 -1.30741465091705 2.95275592803955
1.23031497001648 -1.30741465091705 2.95275592803955
1.23031497001648 -1.63549864292145 2.95275592803955
1.80477854883065E-16 -6.10729801934869E-31 -1
1.23031497001648 -1.63549864292145 21.65354347229
1.23031497001648 -1.63549864292145 2.95275592803955
1.23031497001648 -1.30741465091705 2.95275592803955
1 -3.3839597790575E-15 0
1.23031497001648 -1.30741465091705 2.95275592803955
1.23031497001648 -1.30741465091705 21.65354347229
1.23031497001648 -1.63549864292145 21.65354347229
1 -3.3839597790575E-15 0
1.23031497001648 -1.30741465091705 2.95275592803955
1.08267712593079 -1.30741465091705 3.10039377212524
1.23031497001648 -1.30741465091705 21.65354347229
3.23168158899989E-15 1 0
1.08267712593079 -1.30741465091705 3.10039377212524
1.23031497001648 -1.30741465091705 2.95275592803955
-1.08267712593079 -1.30741465091705 3.10039377212524
3.23168158899989E-15 1 0
1.23031497001648 -1.30741465091705 21.65354347229
1.08267712593079 -1.30741465091705 21.5059051513672
-1.08267712593079 -1.30741465091705 21.5059051513672
3.23168158899989E-15 1 0
1.08267712593079 -1.30741465091705 21.5059051513672
1.23031497001648 -1.30741465091705 21.65354347229
1.08267712593079 -1.30741465091705 3.10039377212524
3.23168158899989E-15 1 0
-1.08267712593079 -1.30741465091705 3.10039377212524
-1.23031497001648 -1.30741465091705 2.95275592803955
-1.23031497001648 -1.30741465091705 21.65354347229
3.23168158899989E-15 1 0
-1.23031497001648 -1.30741465091705 2.95275592803955
-1.08267712593079 -1.30741465091705 3.10039377212524
1.23031497001648 -1.30741465091705 2.95275592803955
3.23168158899989E-15 1 0
-1.08267712593079 -1.30741465091705 21.5059051513672
-1.23031497001648 -1.30741465091705 21.65354347229
1.23031497001648 -1.30741465091705 21.65354347229
3.23168158899989E-15 1 0
-1.23031497001648 -1.30741465091705 21.65354347229
-1.08267712593079 -1.30741465091705 21.5059051513672
-1.08267712593079 -1.30741465091705 3.10039377212524
3.23168158899989E-15 1 0
1.08267712593079 -1.63549864292145 21.5059051513672
-1.08267712593079 -1.63549864292145 21.5059051513672
-1.08267712593079 -1.30741465091705 21.5059051513672
0 0 -1
-1.08267712593079 -1.30741465091705 21.5059051513672
1.08267712593079 -1.30741465091705 21.5059051513672
1.08267712593079 -1.63549864292145 21.5059051513672
0 0 -1
-1.23031497001648 -1.63549864292145 21.65354347229
1.23031497001648 -1.63549864292145 21.65354347229
1.23031497001648 -1.30741465091705 21.65354347229
0 0 1
1.23031497001648 -1.30741465091705 21.65354347229
-1.23031497001648 -1.30741465091705 21.65354347229
-1.23031497001648 -1.63549864292145 21.65354347229
0 0 1
[HEADER]
600209,알루미늄유리창_750X5700,6
9624.23172469383 4241.50789946605 11.1302493438485
1
-1 0 0
0 -1 0
0 0 1
[HEADER]
600222,알루미늄유리창_750X5700,6
9637.02700028438 4241.50789946605 11.1302493438485
1
-1 0 0
0 -1 0
0 0 1
[HEADER]
600236,알루미늄유리창_750X5700,6
9649.82227587493 4241.50789946605 11.1302493438486
1
-1 0 0
0 -1 0
0 0 1
[HEADER]
600247,알루미늄유리창_750X5700,6
9662.94563545498 4241.50789946605 11.1302493438486
1
-1 0 0
0 -1 0
0 0 1
[HEADER]
602152,알루미늄유리창_750X5700,6
9597.98500553372 4241.50789946605 11.1302493438484
1
-1 0 0
0 -1 0
0 0 1
[HEADER]
603280,개구부_750x2100,6
9598.01187120537 4243.6683325369 12.1145013123524
1
1 0 0
0 1 0
0 0 1
[HEADER]
603789,개구부_750x2100,6
9611.13523078542 4243.6683325369 12.1145013123524
1
1 0 0
0 1 0
0 0 1
[HEADER]
605172,개구부_750x2400,6
9624.25859036547 4243.6683325369 12.1145013123524
1
1 0 0
0 1 0
0 0 1
[HEADER]
605219,개구부_750x2400,6
9637.05386595602 4243.6683325369 12.1145013123524
1
1 0 0
0 1 0
0 0 1
[HEADER]
605511,개구부_750x2400,6
9649.84914154657 4243.6683325369 12.1145013123524
1
1 0 0
0 1 0
0 0 1
[HEADER]
605521,개구부_750x2400,6
9662.97250112663 4243.6683325369 12.1145013123524
1
1 0 0
0 1 0
0 0 1
[HEADER]
615761,알루미늄_코너창_5100x900,406
9591.41840448286 4293.17620655264 13.7795275590715
1
0 -1 0
1 0 0
0 0 1
-1.39435696601868 7.89041996002197 3.10039377212524
-1.39435696601868 7.89041996002197 5.75787401199341
-1.39435696601868 8.03805732727051 5.9055118560791
-1 7.21644966006352E-16 0
-1.39435696601868 0.393700778484344 5.75787401199341
-1.39435696601868 8.03805732727051 5.9055118560791
-1.39435696601868 7.89041996002197 5.75787401199341
-1 7.21644966006352E-16 0
-1.39435696601868 0.393700778484344 3.10039377212524
-1.39435696601868 7.89041996002197 3.10039377212524
-1.39435696601868 8.03805732727051 2.95275592803955
-1 7.21644966006352E-16 0
-1.39435696601868 8.03805732727051 5.9055118560791
-1.39435696601868 8.03805732727051 2.95275592803955
-1.39435696601868 7.89041996002197 3.10039377212524
-1 7.21644966006352E-16 0
-1.39435696601868 0.393700778484344 3.10039377212524
-1.39435696601868 0.246062994003296 5.9055118560791
-1.39435696601868 0.393700778484344 5.75787401199341
-1 7.21644966006352E-16 0
-1.39435696601868 8.03805732727051 5.9055118560791
-1.39435696601868 0.393700778484344 5.75787401199341
-1.39435696601868 0.246062994003296 5.9055118560791
-1 7.21644966006352E-16 0
-1.39435696601868 8.03805732727051 2.95275592803955
-1.39435696601868 0.246062994003296 2.95275592803955
-1.39435696601868 0.393700778484344 3.10039377212524
-1 7.21644966006352E-16 0
-1.39435696601868 0.246062994003296 5.9055118560791
-1.39435696601868 0.393700778484344 3.10039377212524
-1.39435696601868 0.246062994003296 2.95275592803955
-1 7.21644966006352E-16 0
-0.902230978012085 0.246062994003296 5.9055118560791
-1.39435696601868 0.246062994003296 5.9055118560791
-1.39435696601868 0.246062994003296 2.95275592803955
-7.21644966006352E-16 -1 0
-1.39435696601868 0.246062994003296 2.95275592803955
-0.902230978012085 0.246062994003296 2.95275592803955
-0.902230978012085 0.246062994003296 5.9055118560791
-7.21644966006352E-16 -1 0
-0.902230978012085 0.246062994003296 2.95275592803955
-1.39435696601868 0.246062994003296 2.95275592803955
-1.39435696601868 8.03805732727051 2.95275592803955
0 0 -1
-1.39435696601868 8.03805732727051 2.95275592803955
-0.902230978012085 8.03805732727051 2.95275592803955
-0.902230978012085 0.246062994003296 2.95275592803955
0 0 -1
-0.902230978012085 8.03805732727051 2.95275592803955
-1.39435696601868 8.03805732727051 2.95275592803955
-1.39435696601868 8.03805732727051 5.9055118560791
7.21644966006352E-16 1 0
-1.39435696601868 8.03805732727051 5.9055118560791
-0.902230978012085 8.03805732727051 5.9055118560791
-0.902230978012085 8.03805732727051 2.95275592803955
7.21644966006352E-16 1 0
-0.902230978012085 7.89041996002197 5.75787401199341
-1.39435696601868 7.89041996002197 5.75787401199341
-1.39435696601868 7.89041996002197 3.10039377212524
-7.21644966006352E-16 -1 0
-1.39435696601868 7.89041996002197 3.10039377212524
-0.902230978012085 7.89041996002197 3.10039377212524
-0.902230978012085 7.89041996002197 5.75787401199341
-7.21644966006352E-16 -1 0
-0.902230978012085 7.89041996002197 3.10039377212524
-1.39435696601868 7.89041996002197 3.10039377212524
-1.39435696601868 0.393700778484344 3.10039377212524
0 0 1
-1.39435696601868 0.393700778484344 3.10039377212524
-0.902230978012085 0.393700778484344 3.10039377212524
-0.902230978012085 7.89041996002197 3.10039377212524
0 0 1
-0.902230978012085 0.393700778484344 3.10039377212524
-1.39435696601868 0.393700778484344 3.10039377212524
-1.39435696601868 0.393700778484344 5.75787401199341
7.21644966006352E-16 1 0
-1.39435696601868 0.393700778484344 5.75787401199341
-0.902230978012085 0.393700778484344 5.75787401199341
-0.902230978012085 0.393700778484344 3.10039377212524
7.21644966006352E-16 1 0
-0.902230978012085 0.393700778484344 3.10039377212524
-0.902230978012085 0.393700778484344 5.75787401199341
-0.902230978012085 0.246062994003296 5.9055118560791
1 -7.21644966006352E-16 0
-0.902230978012085 7.89041996002197 5.75787401199341
-0.902230978012085 0.246062994003296 5.9055118560791
-0.902230978012085 0.393700778484344 5.75787401199341
1 -7.21644966006352E-16 0
-0.902230978012085 7.89041996002197 3.10039377212524
-0.902230978012085 0.393700778484344 3.10039377212524
-0.902230978012085 0.246062994003296 2.95275592803955
1 -7.21644966006352E-16 0
-0.902230978012085 0.246062994003296 5.9055118560791
-0.902230978012085 0.246062994003296 2.95275592803955
-0.902230978012085 0.393700778484344 3.10039377212524
1 -7.21644966006352E-16 0
-0.902230978012085 7.89041996002197 3.10039377212524
-0.902230978012085 8.03805732727051 5.9055118560791
-0.902230978012085 7.89041996002197 5.75787401199341
1 -7.21644966006352E-16 0
-0.902230978012085 0.246062994003296 5.9055118560791
-0.902230978012085 7.89041996002197 5.75787401199341
-0.902230978012085 8.03805732727051 5.9055118560791
1 -7.21644966006352E-16 0
-0.902230978012085 0.246062994003296 2.95275592803955
-0.902230978012085 8.03805732727051 2.95275592803955
-0.902230978012085 7.89041996002197 3.10039377212524
1 -7.21644966006352E-16 0
-0.902230978012085 8.03805732727051 5.9055118560791
-0.902230978012085 7.89041996002197 3.10039377212524
-0.902230978012085 8.03805732727051 2.95275592803955
1 -7.21644966006352E-16 0
-0.902230978012085 8.03805732727051 5.9055118560791
-1.39435696601868 8.03805732727051 5.9055118560791
-1.39435696601868 0.246062994003296 5.9055118560791
0 0 1
-1.39435696601868 0.246062994003296 5.9055118560791
-0.902230978012085 0.246062994003296 5.9055118560791
-0.902230978012085 8.03805732727051 5.9055118560791
0 0 1
-0.902230978012085 0.393700778484344 5.75787401199341
-1.39435696601868 0.393700778484344 5.75787401199341
-1.39435696601868 7.89041996002197 5.75787401199341
0 0 -1
-1.39435696601868 7.89041996002197 5.75787401199341
-0.902230978012085 7.89041996002197 5.75787401199341
-0.902230978012085 0.393700778484344 5.75787401199341
0 0 -1
-1.1679790019989 0.393700778484344 5.75787401199341
-1.1679790019989 7.89041996002197 5.75787401199341
-1.1679790019989 7.89041996002197 3.10039377212524
-1 7.21644966006352E-16 0
-1.1679790019989 7.89041996002197 3.10039377212524
-1.1679790019989 0.393700778484344 3.10039377212524
-1.1679790019989 0.393700778484344 5.75787401199341
-1 7.21644966006352E-16 0
-1.12860894203186 0.393700778484344 5.75787401199341
-1.1679790019989 0.393700778484344 5.75787401199341
-1.1679790019989 0.393700778484344 3.10039377212524
-7.21644966006352E-16 -1 -1.25331843668795E-16
-1.1679790019989 0.393700778484344 3.10039377212524
-1.12860894203186 0.393700778484344 3.10039377212524
-1.12860894203186 0.393700778484344 5.75787401199341
-7.21644966006352E-16 -1 -1.25331843668795E-16
-1.12860894203186 0.393700778484344 3.10039377212524
-1.1679790019989 0.393700778484344 3.10039377212524
-1.1679790019989 7.89041996002197 3.10039377212524
0 0 -1
-1.1679790019989 7.89041996002197 3.10039377212524
-1.12860894203186 7.89041996002197 3.10039377212524
-1.12860894203186 0.393700778484344 3.10039377212524
0 0 -1
-1.12860894203186 7.89041996002197 3.10039377212524
-1.1679790019989 7.89041996002197 3.10039377212524
-1.1679790019989 7.89041996002197 5.75787401199341
7.21644966006352E-16 1 0
-1.1679790019989 7.89041996002197 5.75787401199341
-1.12860894203186 7.89041996002197 5.75787401199341
-1.12860894203186 7.89041996002197 3.10039377212524
7.21644966006352E-16 1 0
-1.12860894203186 7.89041996002197 5.75787401199341
-1.12860894203186 0.393700778484344 5.75787401199341
-1.12860894203186 0.393700778484344 3.10039377212524
1 -7.21644966006352E-16 0
-1.12860894203186 0.393700778484344 3.10039377212524
-1.12860894203186 7.89041996002197 3.10039377212524
-1.12860894203186 7.89041996002197 5.75787401199341
1 -7.21644966006352E-16 0
-1.12860894203186 7.89041996002197 5.75787401199341
-1.1679790019989 7.89041996002197 5.75787401199341
-1.1679790019989 0.393700778484344 5.75787401199341
0 0 1
-1.1679790019989 0.393700778484344 5.75787401199341
-1.12860894203186 0.393700778484344 5.75787401199341
-1.12860894203186 7.89041996002197 5.75787401199341
0 0 1
6.74212598800659 0.246062994003296 3.10039377212524
6.74212598800659 0.246062994003296 5.75787401199341
6.88976383209229 0.246062994003296 5.9055118560791
0 1 0
-0.754593193531036 0.246062994003296 5.75787401199341
6.88976383209229 0.246062994003296 5.9055118560791
6.74212598800659 0.246062994003296 5.75787401199341
0 1 0
-0.754593193531036 0.246062994003296 3.10039377212524
6.74212598800659 0.246062994003296 3.10039377212524
6.88976383209229 0.246062994003296 2.95275592803955
0 1 0
6.88976383209229 0.246062994003296 5.9055118560791
6.88976383209229 0.246062994003296 2.95275592803955
6.74212598800659 0.246062994003296 3.10039377212524
0 1 0
-0.754593193531036 0.246062994003296 3.10039377212524
-0.902230978012085 0.246062994003296 5.9055118560791
-0.754593193531036 0.246062994003296 5.75787401199341
0 1 0
6.88976383209229 0.246062994003296 5.9055118560791
-0.754593193531036 0.246062994003296 5.75787401199341
-0.902230978012085 0.246062994003296 5.9055118560791
0 1 0
6.88976383209229 0.246062994003296 2.95275592803955
-0.902230978012085 0.246062994003296 2.95275592803955
-0.754593193531036 0.246062994003296 3.10039377212524
0 1 0
-0.902230978012085 0.246062994003296 5.9055118560791
-0.754593193531036 0.246062994003296 3.10039377212524
-0.902230978012085 0.246062994003296 2.95275592803955
0 1 0
-0.902230978012085 -0.246062994003296 5.9055118560791
-0.902230978012085 0.246062994003296 5.9055118560791
-0.902230978012085 0.246062994003296 2.95275592803955
-1 0 0
-0.902230978012085 0.246062994003296 2.95275592803955
-0.902230978012085 -0.246062994003296 2.95275592803955
-0.902230978012085 -0.246062994003296 5.9055118560791
-1 0 0
-0.902230978012085 -0.246062994003296 2.95275592803955
-0.902230978012085 0.246062994003296 2.95275592803955
6.88976383209229 0.246062994003296 2.95275592803955
0 0 -1
6.88976383209229 0.246062994003296 2.95275592803955
6.88976383209229 -0.246062994003296 2.95275592803955
-0.902230978012085 -0.246062994003296 2.95275592803955
0 0 -1
6.88976383209229 -0.246062994003296 2.95275592803955
6.88976383209229 0.246062994003296 2.95275592803955
6.88976383209229 0.246062994003296 5.9055118560791
1 0 0
6.88976383209229 0.246062994003296 5.9055118560791
6.88976383209229 -0.246062994003296 5.9055118560791
6.88976383209229 -0.246062994003296 2.95275592803955
1 0 0
6.74212598800659 -0.246062994003296 5.75787401199341
6.74212598800659 0.246062994003296 5.75787401199341
6.74212598800659 0.246062994003296 3.10039377212524
-1 0 0
6.74212598800659 0.246062994003296 3.10039377212524
6.74212598800659 -0.246062994003296 3.10039377212524
6.74212598800659 -0.246062994003296 5.75787401199341
-1 0 0
6.74212598800659 -0.246062994003296 3.10039377212524
6.74212598800659 0.246062994003296 3.10039377212524
-0.754593193531036 0.246062994003296 3.10039377212524
0 0 1
-0.754593193531036 0.246062994003296 3.10039377212524
-0.754593193531036 -0.246062994003296 3.10039377212524
6.74212598800659 -0.246062994003296 3.10039377212524
0 0 1
-0.754593193531036 -0.246062994003296 3.10039377212524
-0.754593193531036 0.246062994003296 3.10039377212524
-0.754593193531036 0.246062994003296 5.75787401199341
1 0 0
-0.754593193531036 0.246062994003296 5.75787401199341
-0.754593193531036 -0.246062994003296 5.75787401199341
-0.754593193531036 -0.246062994003296 3.10039377212524
1 0 0
-0.754593193531036 -0.246062994003296 3.10039377212524
-0.754593193531036 -0.246062994003296 5.75787401199341
-0.902230978012085 -0.246062994003296 5.9055118560791
0 -1 0
6.74212598800659 -0.246062994003296 5.75787401199341
-0.902230978012085 -0.246062994003296 5.9055118560791
-0.754593193531036 -0.246062994003296 5.75787401199341
0 -1 0
6.74212598800659 -0.246062994003296 3.10039377212524
-0.754593193531036 -0.246062994003296 3.10039377212524
-0.902230978012085 -0.246062994003296 2.95275592803955
0 -1 0
-0.902230978012085 -0.246062994003296 5.9055118560791
-0.902230978012085 -0.246062994003296 2.95275592803955
-0.754593193531036 -0.246062994003296 3.10039377212524
0 -1 0
6.74212598800659 -0.246062994003296 3.10039377212524
6.88976383209229 -0.246062994003296 5.9055118560791
6.74212598800659 -0.246062994003296 5.75787401199341
0 -1 0
-0.902230978012085 -0.246062994003296 5.9055118560791
6.74212598800659 -0.246062994003296 5.75787401199341
6.88976383209229 -0.246062994003296 5.9055118560791
0 -1 0
-0.902230978012085 -0.246062994003296 2.95275592803955
6.88976383209229 -0.246062994003296 2.95275592803955
6.74212598800659 -0.246062994003296 3.10039377212524
0 -1 0
6.88976383209229 -0.246062994003296 5.9055118560791
6.74212598800659 -0.246062994003296 3.10039377212524
6.88976383209229 -0.246062994003296 2.95275592803955
0 -1 0
6.88976383209229 -0.246062994003296 5.9055118560791
6.88976383209229 0.246062994003296 5.9055118560791
-0.902230978012085 0.246062994003296 5.9055118560791
0 0 1
-0.902230978012085 0.246062994003296 5.9055118560791
-0.902230978012085 -0.246062994003296 5.9055118560791
6.88976383209229 -0.246062994003296 5.9055118560791
0 0 1
-0.754593193531036 -0.246062994003296 5.75787401199341
-0.754593193531036 0.246062994003296 5.75787401199341
6.74212598800659 0.246062994003296 5.75787401199341
0 0 -1
6.74212598800659 0.246062994003296 5.75787401199341
6.74212598800659 -0.246062994003296 5.75787401199341
-0.754593193531036 -0.246062994003296 5.75787401199341
0 0 -1
-0.754593193531036 0.0196850392967463 5.75787401199341
6.74212598800659 0.0196850392967463 5.75787401199341
6.74212598800659 0.0196850392967463 3.10039377212524
0 1 0
6.74212598800659 0.0196850392967463 3.10039377212524
-0.754593193531036 0.0196850392967463 3.10039377212524
-0.754593193531036 0.0196850392967463 5.75787401199341
0 1 0
-0.754593193531036 -0.0196850392967463 5.75787401199341
-0.754593193531036 0.0196850392967463 5.75787401199341
-0.754593193531036 0.0196850392967463 3.10039377212524
-1 0 -1.25331843668795E-16
-0.754593193531036 0.0196850392967463 3.10039377212524
-0.754593193531036 -0.0196850392967463 3.10039377212524
-0.754593193531036 -0.0196850392967463 5.75787401199341
-1 0 -1.25331843668795E-16
-0.754593193531036 -0.0196850392967463 3.10039377212524
-0.754593193531036 0.0196850392967463 3.10039377212524
6.74212598800659 0.0196850392967463 3.10039377212524
0 0 -1
6.74212598800659 0.0196850392967463 3.10039377212524
6.74212598800659 -0.0196850392967463 3.10039377212524
-0.754593193531036 -0.0196850392967463 3.10039377212524
0 0 -1
6.74212598800659 -0.0196850392967463 3.10039377212524
6.74212598800659 0.0196850392967463 3.10039377212524
6.74212598800659 0.0196850392967463 5.75787401199341
1 0 0
6.74212598800659 0.0196850392967463 5.75787401199341
6.74212598800659 -0.0196850392967463 5.75787401199341
6.74212598800659 -0.0196850392967463 3.10039377212524
1 0 0
6.74212598800659 -0.0196850392967463 5.75787401199341
-0.754593193531036 -0.0196850392967463 5.75787401199341
-0.754593193531036 -0.0196850392967463 3.10039377212524
0 -1 0
-0.754593193531036 -0.0196850392967463 3.10039377212524
6.74212598800659 -0.0196850392967463 3.10039377212524
6.74212598800659 -0.0196850392967463 5.75787401199341
0 -1 0
6.74212598800659 -0.0196850392967463 5.75787401199341
6.74212598800659 0.0196850392967463 5.75787401199341
-0.754593193531036 0.0196850392967463 5.75787401199341
0 0 1
-0.754593193531036 0.0196850392967463 5.75787401199341
-0.754593193531036 -0.0196850392967463 5.75787401199341
6.74212598800659 -0.0196850392967463 5.75787401199341
0 0 1
-0.902230978012085 0.246062994003296 2.95275592803955
-1.39435696601868 -0.246062994003296 2.95275592803955
-1.39435696601868 0.246062994003296 2.95275592803955
0 0 -1
-1.39435696601868 -0.246062994003296 2.95275592803955
-0.902230978012085 0.246062994003296 2.95275592803955
-0.902230978012085 -0.246062994003296 2.95275592803955
0 0 -1
-0.902230978012085 -0.246062994003296 2.95275592803955
-0.902230978012085 0.246062994003296 5.9055118560791
-0.902230978012085 -0.246062994003296 5.9055118560791
1 0 0
-0.902230978012085 0.246062994003296 5.9055118560791
-0.902230978012085 -0.246062994003296 2.95275592803955
-0.902230978012085 0.246062994003296 2.95275592803955
1 0 0
-1.39435696601868 0.246062994003296 2.95275592803955
-1.39435696601868 0.246062994003296 5.9055118560791
-0.902230978012085 0.246062994003296 5.9055118560791
0 1 0
-0.902230978012085 0.246062994003296 5.9055118560791
-0.902230978012085 0.246062994003296 2.95275592803955
-1.39435696601868 0.246062994003296 2.95275592803955
0 1 0
-1.39435696601868 0.246062994003296 2.95275592803955
-1.39435696601868 -0.246062994003296 5.9055118560791
-1.39435696601868 0.246062994003296 5.9055118560791
-1 0 0
-1.39435696601868 -0.246062994003296 5.9055118560791
-1.39435696601868 0.246062994003296 2.95275592803955
-1.39435696601868 -0.246062994003296 2.95275592803955
-1 0 0
-0.902230978012085 -0.246062994003296 2.95275592803955
-0.902230978012085 -0.246062994003296 5.9055118560791
-1.39435696601868 -0.246062994003296 5.9055118560791
0 -1 0
-1.39435696601868 -0.246062994003296 5.9055118560791
-1.39435696601868 -0.246062994003296 2.95275592803955
-0.902230978012085 -0.246062994003296 2.95275592803955
0 -1 0
-1.39435696601868 0.246062994003296 5.9055118560791
-0.902230978012085 -0.246062994003296 5.9055118560791
-0.902230978012085 0.246062994003296 5.9055118560791
0 0 1
-0.902230978012085 -0.246062994003296 5.9055118560791
-1.39435696601868 0.246062994003296 5.9055118560791
-1.39435696601868 -0.246062994003296 5.9055118560791
0 0 1
[LEVEL]
GL
[LEVEL]
3F
[HEADER]
432491,알루미늄창_900X2100,310
9669.58416737098 4251.1814558965 22.9658792651083
1
0 -1 0
1 0 0
0 0 1
-1.18110239505768 0.0984251946210861 3.42847776412964
-1.18110239505768 0.0984251946210861 9.54724407196045
-1.32874011993408 0.0984251946210861 9.69488143920898
0 -1 0
1.18110239505768 0.0984251946210861 9.54724407196045
-1.32874011993408 0.0984251946210861 9.69488143920898
-1.18110239505768 0.0984251946210861 9.54724407196045
0 -1 0
1.18110239505768 0.0984251946210861 3.42847776412964
-1.18110239505768 0.0984251946210861 3.42847776412964
-1.32874011993408 0.0984251946210861 3.10039377212524
0 -1 0
-1.32874011993408 0.0984251946210861 9.69488143920898
-1.32874011993408 0.0984251946210861 3.10039377212524
-1.18110239505768 0.0984251946210861 3.42847776412964
0 -1 0
1.18110239505768 0.0984251946210861 3.42847776412964
1.32874011993408 0.0984251946210861 9.69488143920898
1.18110239505768 0.0984251946210861 9.54724407196045
0 -1 0
-1.32874011993408 0.0984251946210861 9.69488143920898
1.18110239505768 0.0984251946210861 9.54724407196045
1.32874011993408 0.0984251946210861 9.69488143920898
0 -1 0
-1.32874011993408 0.0984251946210861 3.10039377212524
1.32874011993408 0.0984251946210861 3.10039377212524
1.18110239505768 0.0984251946210861 3.42847776412964
0 -1 0
1.32874011993408 0.0984251946210861 9.69488143920898
1.18110239505768 0.0984251946210861 3.42847776412964
1.32874011993408 0.0984251946210861 3.10039377212524
0 -1 0
1.32874011993408 0.229658797383308 9.69488143920898
1.32874011993408 0.0984251946210861 9.69488143920898
1.32874011993408 0.0984251946210861 3.10039377212524
1 0 0
1.32874011993408 0.0984251946210861 3.10039377212524
1.32874011993408 0.229658797383308 3.10039377212524
1.32874011993408 0.229658797383308 9.69488143920898
1 0 0
1.32874011993408 0.229658797383308 3.10039377212524
1.32874011993408 0.0984251946210861 3.10039377212524
-1.32874011993408 0.0984251946210861 3.10039377212524
-1.67109124891727E-16 0 -1
-1.32874011993408 0.0984251946210861 3.10039377212524
-1.32874011993408 0.229658797383308 3.10039377212524
1.32874011993408 0.229658797383308 3.10039377212524
-1.67109124891727E-16 0 -1
-1.32874011993408 0.229658797383308 3.10039377212524
-1.32874011993408 0.0984251946210861 3.10039377212524
-1.32874011993408 0.0984251946210861 9.69488143920898
-1 0 0
-1.32874011993408 0.0984251946210861 9.69488143920898
-1.32874011993408 0.229658797383308 9.69488143920898
-1.32874011993408 0.229658797383308 3.10039377212524
-1 0 0
-1.18110239505768 0.229658797383308 9.54724407196045
-1.18110239505768 0.0984251946210861 9.54724407196045
-1.18110239505768 0.0984251946210861 3.42847776412964
1 0 0
-1.18110239505768 0.0984251946210861 3.42847776412964
-1.18110239505768 0.229658797383308 3.42847776412964
-1.18110239505768 0.229658797383308 9.54724407196045
1 0 0
-1.18110239505768 0.229658797383308 3.42847776412964
-1.18110239505768 0.0984251946210861 3.42847776412964
1.18110239505768 0.0984251946210861 3.42847776412964
1.87997765503192E-16 0 1
1.18110239505768 0.0984251946210861 3.42847776412964
1.18110239505768 0.229658797383308 3.42847776412964
-1.18110239505768 0.229658797383308 3.42847776412964
1.87997765503192E-16 0 1
1.18110239505768 0.229658797383308 3.42847776412964
1.18110239505768 0.0984251946210861 3.42847776412964
1.18110239505768 0.0984251946210861 9.54724407196045
-1 0 0
1.18110239505768 0.0984251946210861 9.54724407196045
1.18110239505768 0.229658797383308 9.54724407196045
1.18110239505768 0.229658797383308 3.42847776412964
-1 0 0
1.18110239505768 0.229658797383308 3.42847776412964
1.18110239505768 0.229658797383308 9.54724407196045
1.32874011993408 0.229658797383308 9.69488143920898
0 1 0
-1.18110239505768 0.229658797383308 9.54724407196045
1.32874011993408 0.229658797383308 9.69488143920898
1.18110239505768 0.229658797383308 9.54724407196045
0 1 0
-1.18110239505768 0.229658797383308 3.42847776412964
1.18110239505768 0.229658797383308 3.42847776412964
1.32874011993408 0.229658797383308 3.10039377212524
0 1 0
1.32874011993408 0.229658797383308 9.69488143920898
1.32874011993408 0.229658797383308 3.10039377212524
1.18110239505768 0.229658797383308 3.42847776412964
0 1 0
-1.18110239505768 0.229658797383308 3.42847776412964
-1.32874011993408 0.229658797383308 9.69488143920898
-1.18110239505768 0.229658797383308 9.54724407196045
0 1 0
1.32874011993408 0.229658797383308 9.69488143920898
-1.18110239505768 0.229658797383308 9.54724407196045
-1.32874011993408 0.229658797383308 9.69488143920898
0 1 0
1.32874011993408 0.229658797383308 3.10039377212524
-1.32874011993408 0.229658797383308 3.10039377212524
-1.18110239505768 0.229658797383308 3.42847776412964
0 1 0
-1.32874011993408 0.229658797383308 9.69488143920898
-1.18110239505768 0.229658797383308 3.42847776412964
-1.32874011993408 0.229658797383308 3.10039377212524
0 1 0
-1.32874011993408 0.229658797383308 9.69488143920898
-1.32874011993408 0.0984251946210861 9.69488143920898
1.32874011993408 0.0984251946210861 9.69488143920898
0 0 1
1.32874011993408 0.0984251946210861 9.69488143920898
1.32874011993408 0.229658797383308 9.69488143920898
-1.32874011993408 0.229658797383308 9.69488143920898
0 0 1
1.18110239505768 0.229658797383308 9.54724407196045
1.18110239505768 0.0984251946210861 9.54724407196045
-1.18110239505768 0.0984251946210861 9.54724407196045
0 0 -1
-1.18110239505768 0.0984251946210861 9.54724407196045
-1.18110239505768 0.229658797383308 9.54724407196045
1.18110239505768 0.229658797383308 9.54724407196045
0 0 -1
1.18110239505768 0.134514436125755 9.54724407196045
-1.18110239505768 0.134514436125755 9.54724407196045
-1.18110239505768 0.134514436125755 3.42847776412964
0 -1 0
-1.18110239505768 0.134514436125755 3.42847776412964
1.18110239505768 0.134514436125755 3.42847776412964
1.18110239505768 0.134514436125755 9.54724407196045
0 -1 0
-1.18110239505768 0.193569555878639 3.42847776412964
1.18110239505768 0.193569555878639 9.54724407196045
1.18110239505768 0.193569555878639 3.42847776412964
0 1 0
1.18110239505768 0.193569555878639 9.54724407196045
-1.18110239505768 0.193569555878639 3.42847776412964
-1.18110239505768 0.193569555878639 9.54724407196045
0 1 0
-1.18110239505768 0.193569555878639 9.54724407196045
-1.18110239505768 0.134514436125755 9.54724407196045
1.18110239505768 0.134514436125755 9.54724407196045
0 0 1
1.18110239505768 0.134514436125755 9.54724407196045
1.18110239505768 0.193569555878639 9.54724407196045
-1.18110239505768 0.193569555878639 9.54724407196045
0 0 1
1.18110239505768 0.193569555878639 9.54724407196045
1.18110239505768 0.134514436125755 9.54724407196045
1.18110239505768 0.134514436125755 3.42847776412964
1 0 3.62891129121445E-17
1.18110239505768 0.134514436125755 3.42847776412964
1.18110239505768 0.193569555878639 3.42847776412964
1.18110239505768 0.193569555878639 9.54724407196045
1 0 3.62891129121445E-17
1.18110239505768 0.193569555878639 3.42847776412964
1.18110239505768 0.134514436125755 3.42847776412964
-1.18110239505768 0.134514436125755 3.42847776412964
0 0 -1
-1.18110239505768 0.134514436125755 3.42847776412964
-1.18110239505768 0.193569555878639 3.42847776412964
1.18110239505768 0.193569555878639 3.42847776412964
0 0 -1
-1.18110239505768 0.193569555878639 3.42847776412964
-1.18110239505768 0.134514436125755 3.42847776412964
-1.18110239505768 0.134514436125755 9.54724407196045
-1 0 -7.25782258242889E-17
-1.18110239505768 0.134514436125755 9.54724407196045
-1.18110239505768 0.193569555878639 9.54724407196045
-1.18110239505768 0.193569555878639 3.42847776412964
-1 0 -7.25782258242889E-17
-1.47637796401978 -0.0820209980010986 2.95275592803955
-1.32874011993408 -0.0820209980010986 3.10039377212524
-1.32874011993408 -0.0820209980010986 9.69488143920898
-3.23168158899989E-15 -1 0
-1.32874011993408 -0.0820209980010986 3.10039377212524
-1.47637796401978 -0.0820209980010986 2.95275592803955
1.32874011993408 -0.0820209980010986 3.10039377212524
-3.23168158899989E-15 -1 0
-1.47637796401978 -0.0820209980010986 9.84251976013184
-1.32874011993408 -0.0820209980010986 9.69488143920898
1.32874011993408 -0.0820209980010986 9.69488143920898
-3.23168158899989E-15 -1 0
-1.32874011993408 -0.0820209980010986 9.69488143920898
-1.47637796401978 -0.0820209980010986 9.84251976013184
-1.47637796401978 -0.0820209980010986 2.95275592803955
-3.23168158899989E-15 -1 0
1.32874011993408 -0.0820209980010986 3.10039377212524
1.47637796401978 -0.0820209980010986 2.95275592803955
1.32874011993408 -0.0820209980010986 9.69488143920898
-3.23168158899989E-15 -1 0
1.47637796401978 -0.0820209980010986 2.95275592803955
1.32874011993408 -0.0820209980010986 3.10039377212524
-1.47637796401978 -0.0820209980010986 2.95275592803955
-3.23168158899989E-15 -1 0
1.32874011993408 -0.0820209980010986 9.69488143920898
1.47637796401978 -0.0820209980010986 9.84251976013184
-1.47637796401978 -0.0820209980010986 9.84251976013184
-3.23168158899989E-15 -1 0
1.47637796401978 -0.0820209980010986 9.84251976013184
1.32874011993408 -0.0820209980010986 9.69488143920898
1.47637796401978 -0.0820209980010986 2.95275592803955
-3.23168158899989E-15 -1 0
1.32874011993408 -0.0820209980010986 3.10039377212524
1.32874011993408 -0.0820209980010986 9.69488143920898
1.32874011993408 0.246062994003296 9.69488143920898
-1 3.38395977905749E-15 3.36712415826615E-17
1.32874011993408 0.246062994003296 9.69488143920898
1.32874011993408 0.246062994003296 3.10039377212524
1.32874011993408 -0.0820209980010986 3.10039377212524
-1 3.38395977905749E-15 3.36712415826615E-17
-1.32874011993408 -0.0820209980010986 3.10039377212524
1.32874011993408 -0.0820209980010986 3.10039377212524
1.32874011993408 0.246062994003296 3.10039377212524
0 0 1
1.32874011993408 0.246062994003296 3.10039377212524
-1.32874011993408 0.246062994003296 3.10039377212524
-1.32874011993408 -0.0820209980010986 3.10039377212524
0 0 1
-1.32874011993408 -0.0820209980010986 9.69488143920898
-1.32874011993408 -0.0820209980010986 3.10039377212524
-1.32874011993408 0.246062994003296 3.10039377212524
1 -3.38395977905749E-15 -3.36712415826615E-17
-1.32874011993408 0.246062994003296 3.10039377212524
-1.32874011993408 0.246062994003296 9.69488143920898
-1.32874011993408 -0.0820209980010986 9.69488143920898
1 -3.38395977905749E-15 -3.36712415826615E-17
-1.47637796401978 -0.0820209980010986 2.95275592803955
-1.47637796401978 -0.0820209980010986 9.84251976013184
-1.47637796401978 0.246062994003296 9.84251976013184
-1 3.38395977905749E-15 0
-1.47637796401978 0.246062994003296 9.84251976013184
-1.47637796401978 0.246062994003296 2.95275592803955
-1.47637796401978 -0.0820209980010986 2.95275592803955
-1 3.38395977905749E-15 0
1.47637796401978 -0.0820209980010986 2.95275592803955
-1.47637796401978 -0.0820209980010986 2.95275592803955
-1.47637796401978 0.246062994003296 2.95275592803955
1.50398212402555E-16 -5.0894150161239E-31 -1
-1.47637796401978 0.246062994003296 2.95275592803955
1.47637796401978 0.246062994003296 2.95275592803955
1.47637796401978 -0.0820209980010986 2.95275592803955
1.50398212402555E-16 -5.0894150161239E-31 -1
1.47637796401978 -0.0820209980010986 9.84251976013184
1.47637796401978 -0.0820209980010986 2.95275592803955
1.47637796401978 0.246062994003296 2.95275592803955
1 -3.38395977905749E-15 0
1.47637796401978 0.246062994003296 2.95275592803955
1.47637796401978 0.246062994003296 9.84251976013184
1.47637796401978 -0.0820209980010986 9.84251976013184
1 -3.38395977905749E-15 0
1.47637796401978 0.246062994003296 2.95275592803955
1.32874011993408 0.246062994003296 3.10039377212524
1.32874011993408 0.246062994003296 9.69488143920898
3.23168158899989E-15 1 0
1.32874011993408 0.246062994003296 3.10039377212524
1.47637796401978 0.246062994003296 2.95275592803955
-1.32874011993408 0.246062994003296 3.10039377212524
3.23168158899989E-15 1 0
1.47637796401978 0.246062994003296 9.84251976013184
1.32874011993408 0.246062994003296 9.69488143920898
-1.32874011993408 0.246062994003296 9.69488143920898
3.23168158899989E-15 1 0
1.32874011993408 0.246062994003296 9.69488143920898
1.47637796401978 0.246062994003296 9.84251976013184
1.47637796401978 0.246062994003296 2.95275592803955
3.23168158899989E-15 1 0
-1.32874011993408 0.246062994003296 3.10039377212524
-1.47637796401978 0.246062994003296 2.95275592803955
-1.32874011993408 0.246062994003296 9.69488143920898
3.23168158899989E-15 1 0
-1.47637796401978 0.246062994003296 2.95275592803955
-1.32874011993408 0.246062994003296 3.10039377212524
1.47637796401978 0.246062994003296 2.95275592803955
3.23168158899989E-15 1 0
-1.32874011993408 0.246062994003296 9.69488143920898
-1.47637796401978 0.246062994003296 9.84251976013184
1.47637796401978 0.246062994003296 9.84251976013184
3.23168158899989E-15 1 0
-1.47637796401978 0.246062994003296 9.84251976013184
-1.32874011993408 0.246062994003296 9.69488143920898
-1.47637796401978 0.246062994003296 2.95275592803955
3.23168158899989E-15 1 0
1.32874011993408 -0.0820209980010986 9.69488143920898
-1.32874011993408 -0.0820209980010986 9.69488143920898
-1.32874011993408 0.246062994003296 9.69488143920898
0 0 -1
-1.32874011993408 0.246062994003296 9.69488143920898
1.32874011993408 0.246062994003296 9.69488143920898
1.32874011993408 -0.0820209980010986 9.69488143920898
0 0 -1
-1.47637796401978 -0.0820209980010986 9.84251976013184
1.47637796401978 -0.0820209980010986 9.84251976013184
1.47637796401978 0.246062994003296 9.84251976013184
0 0 1
1.47637796401978 0.246062994003296 9.84251976013184
-1.47637796401978 0.246062994003296 9.84251976013184
-1.47637796401978 -0.0820209980010986 9.84251976013184
0 0 1
[HEADER]
432783,알루미늄창_2400x1300,310
9656.37903440411 4294.40652151328 25.5905511811188
1
1 0 0
0 1 0
0 0 1
-3.64173221588135 0.0984251946210861 3.42847776412964
-3.64173221588135 0.0984251946210861 6.92257213592529
-3.78937005996704 0.0984251946210861 7.07020998001099
0 -1 0
3.64173221588135 0.0984251946210861 6.92257213592529
-3.78937005996704 0.0984251946210861 7.07020998001099
-3.64173221588135 0.0984251946210861 6.92257213592529
0 -1 0
3.64173221588135 0.0984251946210861 3.42847776412964
-3.64173221588135 0.0984251946210861 3.42847776412964
-3.78937005996704 0.0984251946210861 3.10039377212524
0 -1 0
-3.78937005996704 0.0984251946210861 7.07020998001099
-3.78937005996704 0.0984251946210861 3.10039377212524
-3.64173221588135 0.0984251946210861 3.42847776412964
0 -1 0
3.64173221588135 0.0984251946210861 3.42847776412964
3.78937005996704 0.0984251946210861 7.07020998001099
3.64173221588135 0.0984251946210861 6.92257213592529
0 -1 0
-3.78937005996704 0.0984251946210861 7.07020998001099
3.64173221588135 0.0984251946210861 6.92257213592529
3.78937005996704 0.0984251946210861 7.07020998001099
0 -1 0
-3.78937005996704 0.0984251946210861 3.10039377212524
3.78937005996704 0.0984251946210861 3.10039377212524
3.64173221588135 0.0984251946210861 3.42847776412964
0 -1 0
3.78937005996704 0.0984251946210861 7.07020998001099
3.64173221588135 0.0984251946210861 3.42847776412964
3.78937005996704 0.0984251946210861 3.10039377212524
0 -1 0
3.78937005996704 0.229658797383308 7.07020998001099
3.78937005996704 0.0984251946210861 7.07020998001099
3.78937005996704 0.0984251946210861 3.10039377212524
1 0 0
3.78937005996704 0.0984251946210861 3.10039377212524
3.78937005996704 0.229658797383308 3.10039377212524
3.78937005996704 0.229658797383308 7.07020998001099
1 0 0
-3.78937005996704 0.229658797383308 3.10039377212524
3.78937005996704 0.0984251946210861 3.10039377212524
-3.78937005996704 0.0984251946210861 3.10039377212524
0 0 -1
3.78937005996704 0.0984251946210861 3.10039377212524
-3.78937005996704 0.229658797383308 3.10039377212524
3.78937005996704 0.229658797383308 3.10039377212524
0 0 -1
-3.78937005996704 0.229658797383308 3.10039377212524
-3.78937005996704 0.0984251946210861 3.10039377212524
-3.78937005996704 0.0984251946210861 7.07020998001099
-1 0 0
-3.78937005996704 0.0984251946210861 7.07020998001099
-3.78937005996704 0.229658797383308 7.07020998001099
-3.78937005996704 0.229658797383308 3.10039377212524
-1 0 0
-3.64173221588135 0.229658797383308 3.42847776412964
-3.64173221588135 0.0984251946210861 6.92257213592529
-3.64173221588135 0.0984251946210861 3.42847776412964
1 0 0
-3.64173221588135 0.0984251946210861 6.92257213592529
-3.64173221588135 0.229658797383308 3.42847776412964
-3.64173221588135 0.229658797383308 6.92257213592529
1 0 0
3.64173221588135 0.229658797383308 3.42847776412964
-3.64173221588135 0.0984251946210861 3.42847776412964
3.64173221588135 0.0984251946210861 3.42847776412964
0 0 1
-3.64173221588135 0.0984251946210861 3.42847776412964
3.64173221588135 0.229658797383308 3.42847776412964
-3.64173221588135 0.229658797383308 3.42847776412964
0 0 1
3.64173221588135 0.229658797383308 6.92257213592529
3.64173221588135 0.0984251946210861 3.42847776412964
3.64173221588135 0.0984251946210861 6.92257213592529
-1 0 0
3.64173221588135 0.0984251946210861 3.42847776412964
3.64173221588135 0.229658797383308 6.92257213592529
3.64173221588135 0.229658797383308 3.42847776412964
-1 0 0
3.64173221588135 0.229658797383308 3.42847776412964
3.64173221588135 0.229658797383308 6.92257213592529
3.78937005996704 0.229658797383308 7.07020998001099
0 1 0
-3.64173221588135 0.229658797383308 6.92257213592529
3.78937005996704 0.229658797383308 7.07020998001099
3.64173221588135 0.229658797383308 6.92257213592529
0 1 0
-3.64173221588135 0.229658797383308 3.42847776412964
3.64173221588135 0.229658797383308 3.42847776412964
3.78937005996704 0.229658797383308 3.10039377212524
0 1 0
3.78937005996704 0.229658797383308 7.07020998001099
3.78937005996704 0.229658797383308 3.10039377212524
3.64173221588135 0.229658797383308 3.42847776412964
0 1 0
-3.64173221588135 0.229658797383308 3.42847776412964
-3.78937005996704 0.229658797383308 7.07020998001099
-3.64173221588135 0.229658797383308 6.92257213592529
0 1 0
3.78937005996704 0.229658797383308 7.07020998001099
-3.64173221588135 0.229658797383308 6.92257213592529
-3.78937005996704 0.229658797383308 7.07020998001099
0 1 0
3.78937005996704 0.229658797383308 3.10039377212524
-3.78937005996704 0.229658797383308 3.10039377212524
-3.64173221588135 0.229658797383308 3.42847776412964
0 1 0
-3.78937005996704 0.229658797383308 7.07020998001099
-3.64173221588135 0.229658797383308 3.42847776412964
-3.78937005996704 0.229658797383308 3.10039377212524
0 1 0
3.78937005996704 0.229658797383308 7.07020998001099
-3.78937005996704 0.0984251946210861 7.07020998001099
3.78937005996704 0.0984251946210861 7.07020998001099
0 0 1
-3.78937005996704 0.0984251946210861 7.07020998001099
3.78937005996704 0.229658797383308 7.07020998001099
-3.78937005996704 0.229658797383308 7.07020998001099
0 0 1
-3.64173221588135 0.229658797383308 6.92257213592529
3.64173221588135 0.0984251946210861 6.92257213592529
-3.64173221588135 0.0984251946210861 6.92257213592529
0 0 -1
3.64173221588135 0.0984251946210861 6.92257213592529
-3.64173221588135 0.229658797383308 6.92257213592529
3.64173221588135 0.229658797383308 6.92257213592529
0 0 -1
3.64173221588135 0.134514436125755 6.92257213592529
-3.64173221588135 0.134514436125755 6.92257213592529
-3.64173221588135 0.134514436125755 3.42847776412964
0 -1 0
-3.64173221588135 0.134514436125755 3.42847776412964
3.64173221588135 0.134514436125755 3.42847776412964
3.64173221588135 0.134514436125755 6.92257213592529
0 -1 0
-3.64173221588135 0.193569555878639 6.92257213592529
3.64173221588135 0.193569555878639 6.92257213592529
3.64173221588135 0.193569555878639 3.42847776412964
0 1 0
3.64173221588135 0.193569555878639 3.42847776412964
-3.64173221588135 0.193569555878639 3.42847776412964
-3.64173221588135 0.193569555878639 6.92257213592529
0 1 0
-3.64173221588135 0.193569555878639 6.92257213592529
-3.64173221588135 0.134514436125755 6.92257213592529
3.64173221588135 0.134514436125755 6.92257213592529
0 0 1
3.64173221588135 0.134514436125755 6.92257213592529
3.64173221588135 0.193569555878639 6.92257213592529
-3.64173221588135 0.193569555878639 6.92257213592529
0 0 1
3.64173221588135 0.193569555878639 6.92257213592529
3.64173221588135 0.134514436125755 6.92257213592529
3.64173221588135 0.134514436125755 3.42847776412964
1 0 -6.35485404517834E-17
3.64173221588135 0.134514436125755 3.42847776412964
3.64173221588135 0.193569555878639 3.42847776412964
3.64173221588135 0.193569555878639 6.92257213592529
1 0 -6.35485404517834E-17
3.64173221588135 0.193569555878639 3.42847776412964
3.64173221588135 0.134514436125755 3.42847776412964
-3.64173221588135 0.134514436125755 3.42847776412964
0 0 -1
-3.64173221588135 0.134514436125755 3.42847776412964
-3.64173221588135 0.193569555878639 3.42847776412964
3.64173221588135 0.193569555878639 3.42847776412964
0 0 -1
-3.64173221588135 0.193569555878639 3.42847776412964
-3.64173221588135 0.134514436125755 3.42847776412964
-3.64173221588135 0.134514436125755 6.92257213592529
-1 0 0
-3.64173221588135 0.134514436125755 6.92257213592529
-3.64173221588135 0.193569555878639 6.92257213592529
-3.64173221588135 0.193569555878639 3.42847776412964
-1 0 0
-3.93700790405273 -0.0820209980010986 2.95275592803955
-3.78937005996704 -0.0820209980010986 3.10039377212524
-3.78937005996704 -0.0820209980010986 7.07020998001099
-3.23168158899989E-15 -1 0
-3.78937005996704 -0.0820209980010986 3.10039377212524
-3.93700790405273 -0.0820209980010986 2.95275592803955
3.78937005996704 -0.0820209980010986 3.10039377212524
-3.23168158899989E-15 -1 0
-3.93700790405273 -0.0820209980010986 7.21784782409668
-3.78937005996704 -0.0820209980010986 7.07020998001099
3.78937005996704 -0.0820209980010986 7.07020998001099
-3.23168158899989E-15 -1 0
-3.78937005996704 -0.0820209980010986 7.07020998001099
-3.93700790405273 -0.0820209980010986 7.21784782409668
-3.93700790405273 -0.0820209980010986 2.95275592803955
-3.23168158899989E-15 -1 0
3.78937005996704 -0.0820209980010986 3.10039377212524
3.93700790405273 -0.0820209980010986 2.95275592803955
3.78937005996704 -0.0820209980010986 7.07020998001099
-3.23168158899989E-15 -1 0
3.93700790405273 -0.0820209980010986 2.95275592803955
3.78937005996704 -0.0820209980010986 3.10039377212524
-3.93700790405273 -0.0820209980010986 2.95275592803955
-3.23168158899989E-15 -1 0
3.78937005996704 -0.0820209980010986 7.07020998001099
3.93700790405273 -0.0820209980010986 7.21784782409668
-3.93700790405273 -0.0820209980010986 7.21784782409668
-3.23168158899989E-15 -1 0
3.93700790405273 -0.0820209980010986 7.21784782409668
3.78937005996704 -0.0820209980010986 7.07020998001099
3.93700790405273 -0.0820209980010986 2.95275592803955
-3.23168158899989E-15 -1 0
3.78937005996704 -0.0820209980010986 3.10039377212524
3.78937005996704 -0.0820209980010986 7.07020998001099
3.78937005996704 0.246062994003296 7.07020998001099
-1 2.70716782324599E-15 0
3.78937005996704 0.246062994003296 7.07020998001099
3.78937005996704 0.246062994003296 3.10039377212524
3.78937005996704 -0.0820209980010986 3.10039377212524
-1 2.70716782324599E-15 0
-3.78937005996704 -0.0820209980010986 3.10039377212524
3.78937005996704 -0.0820209980010986 3.10039377212524
3.78937005996704 0.246062994003296 3.10039377212524
0 0 1
3.78937005996704 0.246062994003296 3.10039377212524
-3.78937005996704 0.246062994003296 3.10039377212524
-3.78937005996704 -0.0820209980010986 3.10039377212524
0 0 1
-3.78937005996704 -0.0820209980010986 7.07020998001099
-3.78937005996704 -0.0820209980010986 3.10039377212524
-3.78937005996704 0.246062994003296 3.10039377212524
1 -2.70716782324599E-15 0
-3.78937005996704 0.246062994003296 3.10039377212524
-3.78937005996704 0.246062994003296 7.07020998001099
-3.78937005996704 -0.0820209980010986 7.07020998001099
1 -2.70716782324599E-15 0
-3.93700790405273 -0.0820209980010986 2.95275592803955
-3.93700790405273 -0.0820209980010986 7.21784782409668
-3.93700790405273 0.246062994003296 2.95275592803955
-1 2.70716782324599E-15 0
-3.93700790405273 0.246062994003296 7.21784782409668
-3.93700790405273 0.246062994003296 2.95275592803955
-3.93700790405273 -0.0820209980010986 7.21784782409668
-1 2.70716782324599E-15 0
3.93700790405273 -0.0820209980010986 2.95275592803955
-3.93700790405273 -0.0820209980010986 2.95275592803955
3.93700790405273 0.246062994003296 2.95275592803955
5.6399329650958E-17 -1.52682450483717E-31 -1
-3.93700790405273 0.246062994003296 2.95275592803955
3.93700790405273 0.246062994003296 2.95275592803955
-3.93700790405273 -0.0820209980010986 2.95275592803955
5.6399329650958E-17 -1.52682450483717E-31 -1
3.93700790405273 -0.0820209980010986 7.21784782409668
3.93700790405273 -0.0820209980010986 2.95275592803955
3.93700790405273 0.246062994003296 7.21784782409668
1 -2.70716782324599E-15 0
3.93700790405273 0.246062994003296 2.95275592803955
3.93700790405273 0.246062994003296 7.21784782409668
3.93700790405273 -0.0820209980010986 2.95275592803955
1 -2.70716782324599E-15 0
3.93700790405273 0.246062994003296 2.95275592803955
3.78937005996704 0.246062994003296 3.10039377212524
3.78937005996704 0.246062994003296 7.07020998001099
3.23168158899989E-15 1 0
3.78937005996704 0.246062994003296 3.10039377212524
3.93700790405273 0.246062994003296 2.95275592803955
-3.78937005996704 0.246062994003296 3.10039377212524
3.23168158899989E-15 1 0
3.93700790405273 0.246062994003296 7.21784782409668
3.78937005996704 0.246062994003296 7.07020998001099
-3.78937005996704 0.246062994003296 7.07020998001099
3.23168158899989E-15 1 0
3.78937005996704 0.246062994003296 7.07020998001099
3.93700790405273 0.246062994003296 7.21784782409668
3.93700790405273 0.246062994003296 2.95275592803955
3.23168158899989E-15 1 0
-3.78937005996704 0.246062994003296 3.10039377212524
-3.93700790405273 0.246062994003296 2.95275592803955
-3.78937005996704 0.246062994003296 7.07020998001099
3.23168158899989E-15 1 0
-3.93700790405273 0.246062994003296 2.95275592803955
-3.78937005996704 0.246062994003296 3.10039377212524
3.93700790405273 0.246062994003296 2.95275592803955
3.23168158899989E-15 1 0
-3.78937005996704 0.246062994003296 7.07020998001099
-3.93700790405273 0.246062994003296 7.21784782409668
3.93700790405273 0.246062994003296 7.21784782409668
3.23168158899989E-15 1 0
-3.93700790405273 0.246062994003296 7.21784782409668
-3.78937005996704 0.246062994003296 7.07020998001099
-3.93700790405273 0.246062994003296 2.95275592803955
3.23168158899989E-15 1 0
3.78937005996704 -0.0820209980010986 7.07020998001099
-3.78937005996704 -0.0820209980010986 7.07020998001099
3.78937005996704 0.246062994003296 7.07020998001099
0 0 -1
-3.78937005996704 0.246062994003296 7.07020998001099
3.78937005996704 0.246062994003296 7.07020998001099
-3.78937005996704 -0.0820209980010986 7.07020998001099
0 0 -1
-3.93700790405273 -0.0820209980010986 7.21784782409668
3.93700790405273 -0.0820209980010986 7.21784782409668
-3.93700790405273 0.246062994003296 7.21784782409668
0 0 1
3.93700790405273 0.246062994003296 7.21784782409668
-3.93700790405273 0.246062994003296 7.21784782409668
3.93700790405273 -0.0820209980010986 7.21784782409668
0 0 1
[HEADER]
433104,알루미늄창_900X2100,6
9591.33613587492 4251.1814558965 22.9658792651083
1
0 1 0
-1 0 0
0 0 1
[HEADER]
438754,알루미늄창_750x1200,310
9635.95605366822 4294.40652151328 25.5905511811188
1
1 0 0
0 1 0
0 0 1
-0.935039341449738 0.0984251946210861 3.42847776412964
-0.935039341449738 0.0984251946210861 6.5944881439209
-1.08267712593079 0.0984251946210861 6.74212598800659
0 -1 0
0.935039341449738 0.0984251946210861 6.5944881439209
-1.08267712593079 0.0984251946210861 6.74212598800659
-0.935039341449738 0.0984251946210861 6.5944881439209
0 -1 0
0.935039341449738 0.0984251946210861 3.42847776412964
-0.935039341449738 0.0984251946210861 3.42847776412964
-1.08267712593079 0.0984251946210861 3.10039377212524
0 -1 0
-1.08267712593079 0.0984251946210861 6.74212598800659
-1.08267712593079 0.0984251946210861 3.10039377212524
-0.935039341449738 0.0984251946210861 3.42847776412964
0 -1 0
0.935039341449738 0.0984251946210861 3.42847776412964
1.08267712593079 0.0984251946210861 6.74212598800659
0.935039341449738 0.0984251946210861 6.5944881439209
0 -1 0
-1.08267712593079 0.0984251946210861 6.74212598800659
0.935039341449738 0.0984251946210861 6.5944881439209
1.08267712593079 0.0984251946210861 6.74212598800659
0 -1 0
-1.08267712593079 0.0984251946210861 3.10039377212524
1.08267712593079 0.0984251946210861 3.10039377212524
0.935039341449738 0.0984251946210861 3.42847776412964
0 -1 0
1.08267712593079 0.0984251946210861 6.74212598800659
0.935039341449738 0.0984251946210861 3.42847776412964
1.08267712593079 0.0984251946210861 3.10039377212524
0 -1 0
1.08267712593079 0.229658797383308 3.10039377212524
1.08267712593079 0.229658797383308 6.74212598800659
1.08267712593079 0.0984251946210861 6.74212598800659
1 0 0
1.08267712593079 0.0984251946210861 6.74212598800659
1.08267712593079 0.0984251946210861 3.10039377212524
1.08267712593079 0.229658797383308 3.10039377212524
1 0 0
-1.08267712593079 0.229658797383308 3.10039377212524
1.08267712593079 0.229658797383308 3.10039377212524
1.08267712593079 0.0984251946210861 3.10039377212524
0 0 -1
1.08267712593079 0.0984251946210861 3.10039377212524
-1.08267712593079 0.0984251946210861 3.10039377212524
-1.08267712593079 0.229658797383308 3.10039377212524
0 0 -1
-1.08267712593079 0.229658797383308 6.74212598800659
-1.08267712593079 0.229658797383308 3.10039377212524
-1.08267712593079 0.0984251946210861 3.10039377212524
-1 0 0
-1.08267712593079 0.0984251946210861 3.10039377212524
-1.08267712593079 0.0984251946210861 6.74212598800659
-1.08267712593079 0.229658797383308 6.74212598800659
-1 0 0
-0.935039341449738 0.229658797383308 3.42847776412964
-0.935039341449738 0.229658797383308 6.5944881439209
-0.935039341449738 0.0984251946210861 6.5944881439209
1 0 0
-0.935039341449738 0.0984251946210861 6.5944881439209
-0.935039341449738 0.0984251946210861 3.42847776412964
-0.935039341449738 0.229658797383308 3.42847776412964
1 0 0
0.935039341449738 0.229658797383308 3.42847776412964
-0.935039341449738 0.229658797383308 3.42847776412964
-0.935039341449738 0.0984251946210861 3.42847776412964
0 0 1
-0.935039341449738 0.0984251946210861 3.42847776412964
0.935039341449738 0.0984251946210861 3.42847776412964
0.935039341449738 0.229658797383308 3.42847776412964
0 0 1
0.935039341449738 0.229658797383308 6.5944881439209
0.935039341449738 0.229658797383308 3.42847776412964
0.935039341449738 0.0984251946210861 3.42847776412964
-1 0 0
0.935039341449738 0.0984251946210861 3.42847776412964
0.935039341449738 0.0984251946210861 6.5944881439209
0.935039341449738 0.229658797383308 6.5944881439209
-1 0 0
0.935039341449738 0.229658797383308 3.42847776412964
0.935039341449738 0.229658797383308 6.5944881439209
1.08267712593079 0.229658797383308 6.74212598800659
0 1 0
-0.935039341449738 0.229658797383308 6.5944881439209
1.08267712593079 0.229658797383308 6.74212598800659
0.935039341449738 0.229658797383308 6.5944881439209
0 1 0
-0.935039341449738 0.229658797383308 3.42847776412964
0.935039341449738 0.229658797383308 3.42847776412964
1.08267712593079 0.229658797383308 3.10039377212524
0 1 0
1.08267712593079 0.229658797383308 6.74212598800659
1.08267712593079 0.229658797383308 3.10039377212524
0.935039341449738 0.229658797383308 3.42847776412964
0 1 0
-0.935039341449738 0.229658797383308 3.42847776412964
-1.08267712593079 0.229658797383308 6.74212598800659
-0.935039341449738 0.229658797383308 6.5944881439209
0 1 0
1.08267712593079 0.229658797383308 6.74212598800659
-0.935039341449738 0.229658797383308 6.5944881439209
-1.08267712593079 0.229658797383308 6.74212598800659
0 1 0
1.08267712593079 0.229658797383308 3.10039377212524
-1.08267712593079 0.229658797383308 3.10039377212524
-0.935039341449738 0.229658797383308 3.42847776412964
0 1 0
-1.08267712593079 0.229658797383308 6.74212598800659
-0.935039341449738 0.229658797383308 3.42847776412964
-1.08267712593079 0.229658797383308 3.10039377212524
0 1 0
1.08267712593079 0.229658797383308 6.74212598800659
-1.08267712593079 0.229658797383308 6.74212598800659
-1.08267712593079 0.0984251946210861 6.74212598800659
0 0 1
-1.08267712593079 0.0984251946210861 6.74212598800659
1.08267712593079 0.0984251946210861 6.74212598800659
1.08267712593079 0.229658797383308 6.74212598800659
0 0 1
-0.935039341449738 0.229658797383308 6.5944881439209
0.935039341449738 0.229658797383308 6.5944881439209
0.935039341449738 0.0984251946210861 6.5944881439209
0 0 -1
0.935039341449738 0.0984251946210861 6.5944881439209
-0.935039341449738 0.0984251946210861 6.5944881439209
-0.935039341449738 0.229658797383308 6.5944881439209
0 0 -1
-0.935039341449738 0.134514436125755 3.42847776412964
0.935039341449738 0.134514436125755 3.42847776412964
0.935039341449738 0.134514436125755 6.5944881439209
0 -1 0
0.935039341449738 0.134514436125755 6.5944881439209
-0.935039341449738 0.134514436125755 6.5944881439209
-0.935039341449738 0.134514436125755 3.42847776412964
0 -1 0
0.935039341449738 0.193569555878639 6.5944881439209
0.935039341449738 0.193569555878639 3.42847776412964
-0.935039341449738 0.193569555878639 3.42847776412964
0 1 0
-0.935039341449738 0.193569555878639 3.42847776412964
-0.935039341449738 0.193569555878639 6.5944881439209
0.935039341449738 0.193569555878639 6.5944881439209
0 1 0
0.935039341449738 0.193569555878639 6.5944881439209
-0.935039341449738 0.193569555878639 6.5944881439209
-0.935039341449738 0.134514436125755 6.5944881439209
1.89976689350594E-15 0 1
-0.935039341449738 0.134514436125755 6.5944881439209
0.935039341449738 0.134514436125755 6.5944881439209
0.935039341449738 0.193569555878639 6.5944881439209
1.89976689350594E-15 0 1
0.935039341449738 0.193569555878639 3.42847776412964
0.935039341449738 0.193569555878639 6.5944881439209
0.935039341449738 0.134514436125755 6.5944881439209
1 0 -1.26240986576238E-15
0.935039341449738 0.134514436125755 6.5944881439209
0.935039341449738 0.134514436125755 3.42847776412964
0.935039341449738 0.193569555878639 3.42847776412964
1 0 -1.26240986576238E-15
-0.935039341449738 0.193569555878639 3.42847776412964
0.935039341449738 0.193569555878639 3.42847776412964
0.935039341449738 0.134514436125755 3.42847776412964
0 0 -1
0.935039341449738 0.134514436125755 3.42847776412964
-0.935039341449738 0.134514436125755 3.42847776412964
-0.935039341449738 0.193569555878639 3.42847776412964
0 0 -1
-0.935039341449738 0.193569555878639 6.5944881439209
-0.935039341449738 0.193569555878639 3.42847776412964
-0.935039341449738 0.134514436125755 3.42847776412964
-1 0 0
-0.935039341449738 0.134514436125755 3.42847776412964
-0.935039341449738 0.134514436125755 6.5944881439209
-0.935039341449738 0.193569555878639 6.5944881439209
-1 0 0
-1.23031497001648 -0.0820209980010986 2.95275592803955
-1.08267712593079 -0.0820209980010986 3.10039377212524
-1.08267712593079 -0.0820209980010986 6.74212598800659
-3.23168158899989E-15 -1 0
-1.08267712593079 -0.0820209980010986 3.10039377212524
-1.23031497001648 -0.0820209980010986 2.95275592803955
1.08267712593079 -0.0820209980010986 3.10039377212524
-3.23168158899989E-15 -1 0
-1.23031497001648 -0.0820209980010986 6.88976383209229
-1.08267712593079 -0.0820209980010986 6.74212598800659
1.08267712593079 -0.0820209980010986 6.74212598800659
-3.23168158899989E-15 -1 0
-1.08267712593079 -0.0820209980010986 6.74212598800659
-1.23031497001648 -0.0820209980010986 6.88976383209229
-1.23031497001648 -0.0820209980010986 2.95275592803955
-3.23168158899989E-15 -1 0
1.08267712593079 -0.0820209980010986 3.10039377212524
1.23031497001648 -0.0820209980010986 2.95275592803955
1.08267712593079 -0.0820209980010986 6.74212598800659
-3.23168158899989E-15 -1 0
1.23031497001648 -0.0820209980010986 2.95275592803955
1.08267712593079 -0.0820209980010986 3.10039377212524
-1.23031497001648 -0.0820209980010986 2.95275592803955
-3.23168158899989E-15 -1 0
1.08267712593079 -0.0820209980010986 6.74212598800659
1.23031497001648 -0.0820209980010986 6.88976383209229
-1.23031497001648 -0.0820209980010986 6.88976383209229
-3.23168158899989E-15 -1 0
1.23031497001648 -0.0820209980010986 6.88976383209229
1.08267712593079 -0.0820209980010986 6.74212598800659
1.23031497001648 -0.0820209980010986 2.95275592803955
-3.23168158899989E-15 -1 0
1.08267712593079 -0.0820209980010986 3.10039377212524
1.08267712593079 -0.0820209980010986 6.74212598800659
1.08267712593079 0.246062994003296 6.74212598800659
-1 3.38395977905749E-15 -6.0972248271306E-17
1.08267712593079 0.246062994003296 6.74212598800659
1.08267712593079 0.246062994003296 3.10039377212524
1.08267712593079 -0.0820209980010986 3.10039377212524
-1 3.38395977905749E-15 -6.0972248271306E-17
-1.08267712593079 -0.0820209980010986 3.10039377212524
1.08267712593079 -0.0820209980010986 3.10039377212524
1.08267712593079 0.246062994003296 3.10039377212524
0 0 1
1.08267712593079 0.246062994003296 3.10039377212524
-1.08267712593079 0.246062994003296 3.10039377212524
-1.08267712593079 -0.0820209980010986 3.10039377212524
0 0 1
-1.08267712593079 -0.0820209980010986 6.74212598800659
-1.08267712593079 -0.0820209980010986 3.10039377212524
-1.08267712593079 0.246062994003296 3.10039377212524
1 -3.38395977905749E-15 6.0972248271306E-17
-1.08267712593079 0.246062994003296 3.10039377212524
-1.08267712593079 0.246062994003296 6.74212598800659
-1.08267712593079 -0.0820209980010986 6.74212598800659
1 -3.38395977905749E-15 6.0972248271306E-17
-1.23031497001648 -0.0820209980010986 2.95275592803955
-1.23031497001648 -0.0820209980010986 6.88976383209229
-1.23031497001648 0.246062994003296 6.88976383209229
-1 3.38395977905749E-15 0
-1.23031497001648 0.246062994003296 6.88976383209229
-1.23031497001648 0.246062994003296 2.95275592803955
-1.23031497001648 -0.0820209980010986 2.95275592803955
-1 3.38395977905749E-15 0
1.23031497001648 -0.0820209980010986 2.95275592803955
-1.23031497001648 -0.0820209980010986 2.95275592803955
1.23031497001648 0.246062994003296 2.95275592803955
0 0 -1
-1.23031497001648 0.246062994003296 2.95275592803955
1.23031497001648 0.246062994003296 2.95275592803955
-1.23031497001648 -0.0820209980010986 2.95275592803955
0 0 -1
1.23031497001648 -0.0820209980010986 6.88976383209229
1.23031497001648 -0.0820209980010986 2.95275592803955
1.23031497001648 0.246062994003296 2.95275592803955
1 -3.38395977905749E-15 0
1.23031497001648 0.246062994003296 2.95275592803955
1.23031497001648 0.246062994003296 6.88976383209229
1.23031497001648 -0.0820209980010986 6.88976383209229
1 -3.38395977905749E-15 0
1.23031497001648 0.246062994003296 2.95275592803955
1.08267712593079 0.246062994003296 3.10039377212524
1.08267712593079 0.246062994003296 6.74212598800659
3.23168158899989E-15 1 0
1.08267712593079 0.246062994003296 3.10039377212524
1.23031497001648 0.246062994003296 2.95275592803955
-1.08267712593079 0.246062994003296 3.10039377212524
3.23168158899989E-15 1 0
1.23031497001648 0.246062994003296 6.88976383209229
1.08267712593079 0.246062994003296 6.74212598800659
-1.08267712593079 0.246062994003296 6.74212598800659
3.23168158899989E-15 1 0
1.08267712593079 0.246062994003296 6.74212598800659
1.23031497001648 0.246062994003296 6.88976383209229
1.23031497001648 0.246062994003296 2.95275592803955
3.23168158899989E-15 1 0
-1.08267712593079 0.246062994003296 3.10039377212524
-1.23031497001648 0.246062994003296 2.95275592803955
-1.08267712593079 0.246062994003296 6.74212598800659
3.23168158899989E-15 1 0
-1.23031497001648 0.246062994003296 2.95275592803955
-1.08267712593079 0.246062994003296 3.10039377212524
1.23031497001648 0.246062994003296 2.95275592803955
3.23168158899989E-15 1 0
-1.08267712593079 0.246062994003296 6.74212598800659
-1.23031497001648 0.246062994003296 6.88976383209229
1.23031497001648 0.246062994003296 6.88976383209229
3.23168158899989E-15 1 0
-1.23031497001648 0.246062994003296 6.88976383209229
-1.08267712593079 0.246062994003296 6.74212598800659
-1.23031497001648 0.246062994003296 2.95275592803955
3.23168158899989E-15 1 0
1.08267712593079 -0.0820209980010986 6.74212598800659
-1.08267712593079 -0.0820209980010986 6.74212598800659
1.08267712593079 0.246062994003296 6.74212598800659
0 0 -1
-1.08267712593079 0.246062994003296 6.74212598800659
1.08267712593079 0.246062994003296 6.74212598800659
-1.08267712593079 -0.0820209980010986 6.74212598800659
0 0 -1
-1.23031497001648 -0.0820209980010986 6.88976383209229
1.23031497001648 -0.0820209980010986 6.88976383209229
1.23031497001648 0.246062994003296 6.88976383209229
0 0 1
1.23031497001648 0.246062994003296 6.88976383209229
-1.23031497001648 0.246062994003296 6.88976383209229
-1.23031497001648 -0.0820209980010986 6.88976383209229
0 0 1
[HEADER]
438755,알루미늄창_750x1200,6
9624.96499240937 4294.40652151328 25.5905511811188
1
1 0 0
0 1 0
0 0 1
[HEADER]
439309,알루미늄창_7250x1300,310
9669.58416737098 4270.94851786963 25.5905511811188
1
0 -1 0
1 0 0
0 0 1
-11.5977687835693 0.0984251946210861 3.42847776412964
-11.5977687835693 0.0984251946210861 6.92257213592529
-11.7454071044922 0.0984251946210861 7.07020998001099
0 -1 0
11.7454071044922 0.0984251946210861 7.07020998001099
-11.7454071044922 0.0984251946210861 7.07020998001099
-11.5977687835693 0.0984251946210861 6.92257213592529
0 -1 0
11.7454071044922 0.0984251946210861 3.10039377212524
-11.5977687835693 0.0984251946210861 3.42847776412964
-11.7454071044922 0.0984251946210861 3.10039377212524
0 -1 0
-11.7454071044922 0.0984251946210861 7.07020998001099
-11.7454071044922 0.0984251946210861 3.10039377212524
-11.5977687835693 0.0984251946210861 3.42847776412964
0 -1 0
11.5977687835693 0.0984251946210861 3.42847776412964
11.7454071044922 0.0984251946210861 7.07020998001099
11.5977687835693 0.0984251946210861 6.92257213592529
0 -1 0
-11.5977687835693 0.0984251946210861 6.92257213592529
11.5977687835693 0.0984251946210861 6.92257213592529
11.7454071044922 0.0984251946210861 7.07020998001099
0 -1 0
-11.5977687835693 0.0984251946210861 3.42847776412964
11.7454071044922 0.0984251946210861 3.10039377212524
11.5977687835693 0.0984251946210861 3.42847776412964
0 -1 0
11.7454071044922 0.0984251946210861 7.07020998001099
11.5977687835693 0.0984251946210861 3.42847776412964
11.7454071044922 0.0984251946210861 3.10039377212524
0 -1 0
11.7454071044922 0.229658797383308 3.10039377212524
11.7454071044922 0.229658797383308 7.07020998001099
11.7454071044922 0.0984251946210861 7.07020998001099
1 0 0
11.7454071044922 0.0984251946210861 7.07020998001099
11.7454071044922 0.0984251946210861 3.10039377212524
11.7454071044922 0.229658797383308 3.10039377212524
1 0 0
-11.7454071044922 0.229658797383308 3.10039377212524
11.7454071044922 0.229658797383308 3.10039377212524
11.7454071044922 0.0984251946210861 3.10039377212524
0 0 -1
11.7454071044922 0.0984251946210861 3.10039377212524
-11.7454071044922 0.0984251946210861 3.10039377212524
-11.7454071044922 0.229658797383308 3.10039377212524
0 0 -1
-11.7454071044922 0.229658797383308 7.07020998001099
-11.7454071044922 0.229658797383308 3.10039377212524
-11.7454071044922 0.0984251946210861 3.10039377212524
-1 0 0
-11.7454071044922 0.0984251946210861 3.10039377212524
-11.7454071044922 0.0984251946210861 7.07020998001099
-11.7454071044922 0.229658797383308 7.07020998001099
-1 0 0
-11.5977687835693 0.229658797383308 3.42847776412964
-11.5977687835693 0.229658797383308 6.92257213592529
-11.5977687835693 0.0984251946210861 6.92257213592529
1 0 0
-11.5977687835693 0.0984251946210861 6.92257213592529
-11.5977687835693 0.0984251946210861 3.42847776412964
-11.5977687835693 0.229658797383308 3.42847776412964
1 0 0
11.5977687835693 0.229658797383308 3.42847776412964
-11.5977687835693 0.229658797383308 3.42847776412964
-11.5977687835693 0.0984251946210861 3.42847776412964
0 0 1
-11.5977687835693 0.0984251946210861 3.42847776412964
11.5977687835693 0.0984251946210861 3.42847776412964
11.5977687835693 0.229658797383308 3.42847776412964
0 0 1
11.5977687835693 0.229658797383308 6.92257213592529
11.5977687835693 0.229658797383308 3.42847776412964
11.5977687835693 0.0984251946210861 3.42847776412964
-1 0 2.54194161807134E-16
11.5977687835693 0.0984251946210861 3.42847776412964
11.5977687835693 0.0984251946210861 6.92257213592529
11.5977687835693 0.229658797383308 6.92257213592529
-1 0 2.54194161807134E-16
11.5977687835693 0.229658797383308 3.42847776412964
11.5977687835693 0.229658797383308 6.92257213592529
11.7454071044922 0.229658797383308 7.07020998001099
0 1 0
-11.7454071044922 0.229658797383308 7.07020998001099
11.7454071044922 0.229658797383308 7.07020998001099
11.5977687835693 0.229658797383308 6.92257213592529
0 1 0
-11.7454071044922 0.229658797383308 3.10039377212524
11.5977687835693 0.229658797383308 3.42847776412964
11.7454071044922 0.229658797383308 3.10039377212524
0 1 0
11.7454071044922 0.229658797383308 7.07020998001099
11.7454071044922 0.229658797383308 3.10039377212524
11.5977687835693 0.229658797383308 3.42847776412964
0 1 0
-11.5977687835693 0.229658797383308 3.42847776412964
-11.7454071044922 0.229658797383308 7.07020998001099
-11.5977687835693 0.229658797383308 6.92257213592529
0 1 0
11.5977687835693 0.229658797383308 6.92257213592529
-11.5977687835693 0.229658797383308 6.92257213592529
-11.7454071044922 0.229658797383308 7.07020998001099
0 1 0
11.5977687835693 0.229658797383308 3.42847776412964
-11.7454071044922 0.229658797383308 3.10039377212524
-11.5977687835693 0.229658797383308 3.42847776412964
0 1 0
-11.7454071044922 0.229658797383308 7.07020998001099
-11.5977687835693 0.229658797383308 3.42847776412964
-11.7454071044922 0.229658797383308 3.10039377212524
0 1 0
11.7454071044922 0.229658797383308 7.07020998001099
-11.7454071044922 0.229658797383308 7.07020998001099
-11.7454071044922 0.0984251946210861 7.07020998001099
0 0 1
-11.7454071044922 0.0984251946210861 7.07020998001099
11.7454071044922 0.0984251946210861 7.07020998001099
11.7454071044922 0.229658797383308 7.07020998001099
0 0 1
-11.5977687835693 0.229658797383308 6.92257213592529
11.5977687835693 0.229658797383308 6.92257213592529
11.5977687835693 0.0984251946210861 6.92257213592529
0 0 -1
11.5977687835693 0.0984251946210861 6.92257213592529
-11.5977687835693 0.0984251946210861 6.92257213592529
-11.5977687835693 0.229658797383308 6.92257213592529
0 0 -1
-11.5977687835693 0.134514436125755 3.42847776412964
11.5977687835693 0.134514436125755 3.42847776412964
11.5977687835693 0.134514436125755 6.92257213592529
0 -1 0
11.5977687835693 0.134514436125755 6.92257213592529
-11.5977687835693 0.134514436125755 6.92257213592529
-11.5977687835693 0.134514436125755 3.42847776412964
0 -1 0
11.5977687835693 0.193569555878639 6.92257213592529
11.5977687835693 0.193569555878639 3.42847776412964
-11.5977687835693 0.193569555878639 3.42847776412964
0 1 0
-11.5977687835693 0.193569555878639 3.42847776412964
-11.5977687835693 0.193569555878639 6.92257213592529
11.5977687835693 0.193569555878639 6.92257213592529
0 1 0
11.5977687835693 0.193569555878639 6.92257213592529
-11.5977687835693 0.193569555878639 6.92257213592529
-11.5977687835693 0.134514436125755 6.92257213592529
0 0 1
-11.5977687835693 0.134514436125755 6.92257213592529
11.5977687835693 0.134514436125755 6.92257213592529
11.5977687835693 0.193569555878639 6.92257213592529
0 0 1
11.5977687835693 0.193569555878639 3.42847776412964
11.5977687835693 0.193569555878639 6.92257213592529
11.5977687835693 0.134514436125755 6.92257213592529
1 0 4.44839783162484E-16
11.5977687835693 0.134514436125755 6.92257213592529
11.5977687835693 0.134514436125755 3.42847776412964
11.5977687835693 0.193569555878639 3.42847776412964
1 0 4.44839783162484E-16
-11.5977687835693 0.193569555878639 3.42847776412964
11.5977687835693 0.193569555878639 3.42847776412964
11.5977687835693 0.134514436125755 3.42847776412964
0 0 -1
11.5977687835693 0.134514436125755 3.42847776412964
-11.5977687835693 0.134514436125755 3.42847776412964
-11.5977687835693 0.193569555878639 3.42847776412964
0 0 -1
-11.5977687835693 0.193569555878639 6.92257213592529
-11.5977687835693 0.193569555878639 3.42847776412964
-11.5977687835693 0.134514436125755 3.42847776412964
-1 0 0
-11.5977687835693 0.134514436125755 3.42847776412964
-11.5977687835693 0.134514436125755 6.92257213592529
-11.5977687835693 0.193569555878639 6.92257213592529
-1 0 0
-11.8930444717407 -0.0820209980010986 2.95275592803955
-11.7454071044922 -0.0820209980010986 3.10039377212524
-11.7454071044922 -0.0820209980010986 7.07020998001099
-3.23168158899989E-15 -1 0
-11.7454071044922 -0.0820209980010986 3.10039377212524
-11.8930444717407 -0.0820209980010986 2.95275592803955
11.8930444717407 -0.0820209980010986 2.95275592803955
-3.23168158899989E-15 -1 0
-11.8930444717407 -0.0820209980010986 7.21784782409668
-11.7454071044922 -0.0820209980010986 7.07020998001099
11.8930444717407 -0.0820209980010986 7.21784782409668
-3.23168158899989E-15 -1 0
-11.7454071044922 -0.0820209980010986 7.07020998001099
-11.8930444717407 -0.0820209980010986 7.21784782409668
-11.8930444717407 -0.0820209980010986 2.95275592803955
-3.23168158899989E-15 -1 0
11.7454071044922 -0.0820209980010986 3.10039377212524
11.8930444717407 -0.0820209980010986 2.95275592803955
11.7454071044922 -0.0820209980010986 7.07020998001099
-3.23168158899989E-15 -1 0
11.8930444717407 -0.0820209980010986 2.95275592803955
11.7454071044922 -0.0820209980010986 3.10039377212524
-11.7454071044922 -0.0820209980010986 3.10039377212524
-3.23168158899989E-15 -1 0
11.7454071044922 -0.0820209980010986 7.07020998001099
11.8930444717407 -0.0820209980010986 7.21784782409668
-11.7454071044922 -0.0820209980010986 7.07020998001099
-3.23168158899989E-15 -1 0
11.8930444717407 -0.0820209980010986 7.21784782409668
11.7454071044922 -0.0820209980010986 7.07020998001099
11.8930444717407 -0.0820209980010986 2.95275592803955
-3.23168158899989E-15 -1 0
11.7454071044922 -0.0820209980010986 3.10039377212524
11.7454071044922 -0.0820209980010986 7.07020998001099
11.7454071044922 0.246062994003296 7.07020998001099
-1 5.41433564649199E-15 0
11.7454071044922 0.246062994003296 7.07020998001099
11.7454071044922 0.246062994003296 3.10039377212524
11.7454071044922 -0.0820209980010986 3.10039377212524
-1 5.41433564649199E-15 0
-11.7454071044922 -0.0820209980010986 3.10039377212524
11.7454071044922 -0.0820209980010986 3.10039377212524
11.7454071044922 0.246062994003296 3.10039377212524
0 0 1
11.7454071044922 0.246062994003296 3.10039377212524
-11.7454071044922 0.246062994003296 3.10039377212524
-11.7454071044922 -0.0820209980010986 3.10039377212524
0 0 1
-11.7454071044922 -0.0820209980010986 7.07020998001099
-11.7454071044922 -0.0820209980010986 3.10039377212524
-11.7454071044922 0.246062994003296 3.10039377212524
1 -5.41433564649199E-15 0
-11.7454071044922 0.246062994003296 3.10039377212524
-11.7454071044922 0.246062994003296 7.07020998001099
-11.7454071044922 -0.0820209980010986 7.07020998001099
1 -5.41433564649199E-15 0
-11.8930444717407 -0.0820209980010986 2.95275592803955
-11.8930444717407 -0.0820209980010986 7.21784782409668
-11.8930444717407 0.246062994003296 2.95275592803955
-1 5.41433564649199E-15 0
-11.8930444717407 0.246062994003296 7.21784782409668
-11.8930444717407 0.246062994003296 2.95275592803955
-11.8930444717407 -0.0820209980010986 7.21784782409668
-1 5.41433564649199E-15 0
11.8930444717407 -0.0820209980010986 2.95275592803955
-11.8930444717407 -0.0820209980010986 2.95275592803955
-11.8930444717407 0.246062994003296 2.95275592803955
1.86701229189378E-17 -1.01086312044392E-31 -1
-11.8930444717407 0.246062994003296 2.95275592803955
11.8930444717407 0.246062994003296 2.95275592803955
11.8930444717407 -0.0820209980010986 2.95275592803955
1.86701229189378E-17 -1.01086312044392E-31 -1
11.8930444717407 -0.0820209980010986 7.21784782409668
11.8930444717407 -0.0820209980010986 2.95275592803955
11.8930444717407 0.246062994003296 7.21784782409668
1 -5.41433564649199E-15 0
11.8930444717407 0.246062994003296 2.95275592803955
11.8930444717407 0.246062994003296 7.21784782409668
11.8930444717407 -0.0820209980010986 2.95275592803955
1 -5.41433564649199E-15 0
11.8930444717407 0.246062994003296 2.95275592803955
11.7454071044922 0.246062994003296 3.10039377212524
11.7454071044922 0.246062994003296 7.07020998001099
3.23168158899989E-15 1 0
11.7454071044922 0.246062994003296 3.10039377212524
11.8930444717407 0.246062994003296 2.95275592803955
-11.8930444717407 0.246062994003296 2.95275592803955
3.23168158899989E-15 1 0
11.8930444717407 0.246062994003296 7.21784782409668
11.7454071044922 0.246062994003296 7.07020998001099
-11.8930444717407 0.246062994003296 7.21784782409668
3.23168158899989E-15 1 0
11.7454071044922 0.246062994003296 7.07020998001099
11.8930444717407 0.246062994003296 7.21784782409668
11.8930444717407 0.246062994003296 2.95275592803955
3.23168158899989E-15 1 0
-11.7454071044922 0.246062994003296 3.10039377212524
-11.8930444717407 0.246062994003296 2.95275592803955
-11.7454071044922 0.246062994003296 7.07020998001099
3.23168158899989E-15 1 0
-11.8930444717407 0.246062994003296 2.95275592803955
-11.7454071044922 0.246062994003296 3.10039377212524
11.7454071044922 0.246062994003296 3.10039377212524
3.23168158899989E-15 1 0
-11.7454071044922 0.246062994003296 7.07020998001099
-11.8930444717407 0.246062994003296 7.21784782409668
11.7454071044922 0.246062994003296 7.07020998001099
3.23168158899989E-15 1 0
-11.8930444717407 0.246062994003296 7.21784782409668
-11.7454071044922 0.246062994003296 7.07020998001099
-11.8930444717407 0.246062994003296 2.95275592803955
3.23168158899989E-15 1 0
11.7454071044922 -0.0820209980010986 7.07020998001099
-11.7454071044922 -0.0820209980010986 7.07020998001099
-11.7454071044922 0.246062994003296 7.07020998001099
0 0 -1
-11.7454071044922 0.246062994003296 7.07020998001099
11.7454071044922 0.246062994003296 7.07020998001099
11.7454071044922 -0.0820209980010986 7.07020998001099
0 0 -1
-11.8930444717407 -0.0820209980010986 7.21784782409668
11.8930444717407 -0.0820209980010986 7.21784782409668
11.8930444717407 0.246062994003296 7.21784782409668
0 0 1
11.8930444717407 0.246062994003296 7.21784782409668
-11.8930444717407 0.246062994003296 7.21784782409668
-11.8930444717407 -0.0820209980010986 7.21784782409668
0 0 1
[HEADER]
604644,개구부_750x2400,6
9598.01187120536 4243.6683325369 22.9412729658957
1
1 0 0
0 1 0
0 0 1
[HEADER]
605014,개구부_750x2400,6
9637.05386595602 4243.6683325369 22.9412729658957
1
1 0 0
0 1 0
0 0 1
[HEADER]
605115,개구부_750x2400,6
9624.25859036547 4243.6683325369 22.9412729658957
1
1 0 0
0 1 0
0 0 1
[HEADER]
605562,개구부_750x2400,6
9649.84914154657 4243.6683325369 22.9412729658957
1
1 0 0
0 1 0
0 0 1
[HEADER]
605572,개구부_750x2400,6
9662.97250112663 4243.6683325369 22.9412729658957
1
1 0 0
0 1 0
0 0 1
[HEADER]
616488,알루미늄_코너창_5100x900,406
9591.41840448286 4293.17620655266 25.5905511811188
1
0 -1 0
1 0 0
0 0 1
-1.39435696601868 7.89041996002197 3.10039377212524
-1.39435696601868 7.89041996002197 5.75787401199341
-1.39435696601868 8.03805732727051 5.9055118560791
-1 7.21644966006352E-16 0
-1.39435696601868 0.393700778484344 5.75787401199341
-1.39435696601868 8.03805732727051 5.9055118560791
-1.39435696601868 7.89041996002197 5.75787401199341
-1 7.21644966006352E-16 0
-1.39435696601868 0.393700778484344 3.10039377212524
-1.39435696601868 7.89041996002197 3.10039377212524
-1.39435696601868 8.03805732727051 2.95275592803955
-1 7.21644966006352E-16 0
-1.39435696601868 8.03805732727051 5.9055118560791
-1.39435696601868 8.03805732727051 2.95275592803955
-1.39435696601868 7.89041996002197 3.10039377212524
-1 7.21644966006352E-16 0
-1.39435696601868 0.393700778484344 3.10039377212524
-1.39435696601868 0.246062994003296 5.9055118560791
-1.39435696601868 0.393700778484344 5.75787401199341
-1 7.21644966006352E-16 0
-1.39435696601868 8.03805732727051 5.9055118560791
-1.39435696601868 0.393700778484344 5.75787401199341
-1.39435696601868 0.246062994003296 5.9055118560791
-1 7.21644966006352E-16 0
-1.39435696601868 8.03805732727051 2.95275592803955
-1.39435696601868 0.246062994003296 2.95275592803955
-1.39435696601868 0.393700778484344 3.10039377212524
-1 7.21644966006352E-16 0
-1.39435696601868 0.246062994003296 5.9055118560791
-1.39435696601868 0.393700778484344 3.10039377212524
-1.39435696601868 0.246062994003296 2.95275592803955
-1 7.21644966006352E-16 0
-0.902230978012085 0.246062994003296 5.9055118560791
-1.39435696601868 0.246062994003296 5.9055118560791
-1.39435696601868 0.246062994003296 2.95275592803955
-7.21644966006352E-16 -1 0
-1.39435696601868 0.246062994003296 2.95275592803955
-0.902230978012085 0.246062994003296 2.95275592803955
-0.902230978012085 0.246062994003296 5.9055118560791
-7.21644966006352E-16 -1 0
-0.902230978012085 0.246062994003296 2.95275592803955
-1.39435696601868 0.246062994003296 2.95275592803955
-1.39435696601868 8.03805732727051 2.95275592803955
0 0 -1
-1.39435696601868 8.03805732727051 2.95275592803955
-0.902230978012085 8.03805732727051 2.95275592803955
-0.902230978012085 0.246062994003296 2.95275592803955
0 0 -1
-0.902230978012085 8.03805732727051 2.95275592803955
-1.39435696601868 8.03805732727051 2.95275592803955
-1.39435696601868 8.03805732727051 5.9055118560791
7.21644966006352E-16 1 0
-1.39435696601868 8.03805732727051 5.9055118560791
-0.902230978012085 8.03805732727051 5.9055118560791
-0.902230978012085 8.03805732727051 2.95275592803955
7.21644966006352E-16 1 0
-0.902230978012085 7.89041996002197 5.75787401199341
-1.39435696601868 7.89041996002197 5.75787401199341
-1.39435696601868 7.89041996002197 3.10039377212524
-7.21644966006352E-16 -1 0
-1.39435696601868 7.89041996002197 3.10039377212524
-0.902230978012085 7.89041996002197 3.10039377212524
-0.902230978012085 7.89041996002197 5.75787401199341
-7.21644966006352E-16 -1 0
-0.902230978012085 7.89041996002197 3.10039377212524
-1.39435696601868 7.89041996002197 3.10039377212524
-1.39435696601868 0.393700778484344 3.10039377212524
0 0 1
-1.39435696601868 0.393700778484344 3.10039377212524
-0.902230978012085 0.393700778484344 3.10039377212524
-0.902230978012085 7.89041996002197 3.10039377212524
0 0 1
-0.902230978012085 0.393700778484344 3.10039377212524
-1.39435696601868 0.393700778484344 3.10039377212524
-1.39435696601868 0.393700778484344 5.75787401199341
7.21644966006352E-16 1 0
-1.39435696601868 0.393700778484344 5.75787401199341
-0.902230978012085 0.393700778484344 5.75787401199341
-0.902230978012085 0.393700778484344 3.10039377212524
7.21644966006352E-16 1 0
-0.902230978012085 0.393700778484344 3.10039377212524
-0.902230978012085 0.393700778484344 5.75787401199341
-0.902230978012085 0.246062994003296 5.9055118560791
1 -7.21644966006352E-16 0
-0.902230978012085 7.89041996002197 5.75787401199341
-0.902230978012085 0.246062994003296 5.9055118560791
-0.902230978012085 0.393700778484344 5.75787401199341
1 -7.21644966006352E-16 0
-0.902230978012085 7.89041996002197 3.10039377212524
-0.902230978012085 0.393700778484344 3.10039377212524
-0.902230978012085 0.246062994003296 2.95275592803955
1 -7.21644966006352E-16 0
-0.902230978012085 0.246062994003296 5.9055118560791
-0.902230978012085 0.246062994003296 2.95275592803955
-0.902230978012085 0.393700778484344 3.10039377212524
1 -7.21644966006352E-16 0
-0.902230978012085 7.89041996002197 3.10039377212524
-0.902230978012085 8.03805732727051 5.9055118560791
-0.902230978012085 7.89041996002197 5.75787401199341
1 -7.21644966006352E-16 0
-0.902230978012085 0.246062994003296 5.9055118560791
-0.902230978012085 7.89041996002197 5.75787401199341
-0.902230978012085 8.03805732727051 5.9055118560791
1 -7.21644966006352E-16 0
-0.902230978012085 0.246062994003296 2.95275592803955
-0.902230978012085 8.03805732727051 2.95275592803955
-0.902230978012085 7.89041996002197 3.10039377212524
1 -7.21644966006352E-16 0
-0.902230978012085 8.03805732727051 5.9055118560791
-0.902230978012085 7.89041996002197 3.10039377212524
-0.902230978012085 8.03805732727051 2.95275592803955
1 -7.21644966006352E-16 0
-0.902230978012085 8.03805732727051 5.9055118560791
-1.39435696601868 8.03805732727051 5.9055118560791
-1.39435696601868 0.246062994003296 5.9055118560791
0 0 1
-1.39435696601868 0.246062994003296 5.9055118560791
-0.902230978012085 0.246062994003296 5.9055118560791
-0.902230978012085 8.03805732727051 5.9055118560791
0 0 1
-0.902230978012085 0.393700778484344 5.75787401199341
-1.39435696601868 0.393700778484344 5.75787401199341
-1.39435696601868 7.89041996002197 5.75787401199341
0 0 -1
-1.39435696601868 7.89041996002197 5.75787401199341
-0.902230978012085 7.89041996002197 5.75787401199341
-0.902230978012085 0.393700778484344 5.75787401199341
0 0 -1
-1.1679790019989 0.393700778484344 5.75787401199341
-1.1679790019989 7.89041996002197 5.75787401199341
-1.1679790019989 7.89041996002197 3.10039377212524
-1 7.21644966006352E-16 0
-1.1679790019989 7.89041996002197 3.10039377212524
-1.1679790019989 0.393700778484344 3.10039377212524
-1.1679790019989 0.393700778484344 5.75787401199341
-1 7.21644966006352E-16 0
-1.12860894203186 0.393700778484344 5.75787401199341
-1.1679790019989 0.393700778484344 5.75787401199341
-1.1679790019989 0.393700778484344 3.10039377212524
-7.21644966006352E-16 -1 -1.25331843668795E-16
-1.1679790019989 0.393700778484344 3.10039377212524
-1.12860894203186 0.393700778484344 3.10039377212524
-1.12860894203186 0.393700778484344 5.75787401199341
-7.21644966006352E-16 -1 -1.25331843668795E-16
-1.12860894203186 0.393700778484344 3.10039377212524
-1.1679790019989 0.393700778484344 3.10039377212524
-1.1679790019989 7.89041996002197 3.10039377212524
0 0 -1
-1.1679790019989 7.89041996002197 3.10039377212524
-1.12860894203186 7.89041996002197 3.10039377212524
-1.12860894203186 0.393700778484344 3.10039377212524
0 0 -1
-1.12860894203186 7.89041996002197 3.10039377212524
-1.1679790019989 7.89041996002197 3.10039377212524
-1.1679790019989 7.89041996002197 5.75787401199341
7.21644966006352E-16 1 0
-1.1679790019989 7.89041996002197 5.75787401199341
-1.12860894203186 7.89041996002197 5.75787401199341
-1.12860894203186 7.89041996002197 3.10039377212524
7.21644966006352E-16 1 0
-1.12860894203186 7.89041996002197 5.75787401199341
-1.12860894203186 0.393700778484344 5.75787401199341
-1.12860894203186 0.393700778484344 3.10039377212524
1 -7.21644966006352E-16 0
-1.12860894203186 0.393700778484344 3.10039377212524
-1.12860894203186 7.89041996002197 3.10039377212524
-1.12860894203186 7.89041996002197 5.75787401199341
1 -7.21644966006352E-16 0
-1.12860894203186 7.89041996002197 5.75787401199341
-1.1679790019989 7.89041996002197 5.75787401199341
-1.1679790019989 0.393700778484344 5.75787401199341
0 0 1
-1.1679790019989 0.393700778484344 5.75787401199341
-1.12860894203186 0.393700778484344 5.75787401199341
-1.12860894203186 7.89041996002197 5.75787401199341
0 0 1
6.74212598800659 0.246062994003296 3.10039377212524
6.74212598800659 0.246062994003296 5.75787401199341
6.88976383209229 0.246062994003296 5.9055118560791
0 1 0
-0.754593193531036 0.246062994003296 5.75787401199341
6.88976383209229 0.246062994003296 5.9055118560791
6.74212598800659 0.246062994003296 5.75787401199341
0 1 0
-0.754593193531036 0.246062994003296 3.10039377212524
6.74212598800659 0.246062994003296 3.10039377212524
6.88976383209229 0.246062994003296 2.95275592803955
0 1 0
6.88976383209229 0.246062994003296 5.9055118560791
6.88976383209229 0.246062994003296 2.95275592803955
6.74212598800659 0.246062994003296 3.10039377212524
0 1 0
-0.754593193531036 0.246062994003296 3.10039377212524
-0.902230978012085 0.246062994003296 5.9055118560791
-0.754593193531036 0.246062994003296 5.75787401199341
0 1 0
6.88976383209229 0.246062994003296 5.9055118560791
-0.754593193531036 0.246062994003296 5.75787401199341
-0.902230978012085 0.246062994003296 5.9055118560791
0 1 0
6.88976383209229 0.246062994003296 2.95275592803955
-0.902230978012085 0.246062994003296 2.95275592803955
-0.754593193531036 0.246062994003296 3.10039377212524
0 1 0
-0.902230978012085 0.246062994003296 5.9055118560791
-0.754593193531036 0.246062994003296 3.10039377212524
-0.902230978012085 0.246062994003296 2.95275592803955
0 1 0
-0.902230978012085 -0.246062994003296 5.9055118560791
-0.902230978012085 0.246062994003296 5.9055118560791
-0.902230978012085 0.246062994003296 2.95275592803955
-1 0 0
-0.902230978012085 0.246062994003296 2.95275592803955
-0.902230978012085 -0.246062994003296 2.95275592803955
-0.902230978012085 -0.246062994003296 5.9055118560791
-1 0 0
-0.902230978012085 -0.246062994003296 2.95275592803955
-0.902230978012085 0.246062994003296 2.95275592803955
6.88976383209229 0.246062994003296 2.95275592803955
0 0 -1
6.88976383209229 0.246062994003296 2.95275592803955
6.88976383209229 -0.246062994003296 2.95275592803955
-0.902230978012085 -0.246062994003296 2.95275592803955
0 0 -1
6.88976383209229 -0.246062994003296 2.95275592803955
6.88976383209229 0.246062994003296 2.95275592803955
6.88976383209229 0.246062994003296 5.9055118560791
1 0 0
6.88976383209229 0.246062994003296 5.9055118560791
6.88976383209229 -0.246062994003296 5.9055118560791
6.88976383209229 -0.246062994003296 2.95275592803955
1 0 0
6.74212598800659 -0.246062994003296 5.75787401199341
6.74212598800659 0.246062994003296 5.75787401199341
6.74212598800659 0.246062994003296 3.10039377212524
-1 0 0
6.74212598800659 0.246062994003296 3.10039377212524
6.74212598800659 -0.246062994003296 3.10039377212524
6.74212598800659 -0.246062994003296 5.75787401199341
-1 0 0
6.74212598800659 -0.246062994003296 3.10039377212524
6.74212598800659 0.246062994003296 3.10039377212524
-0.754593193531036 0.246062994003296 3.10039377212524
0 0 1
-0.754593193531036 0.246062994003296 3.10039377212524
-0.754593193531036 -0.246062994003296 3.10039377212524
6.74212598800659 -0.246062994003296 3.10039377212524
0 0 1
-0.754593193531036 -0.246062994003296 3.10039377212524
-0.754593193531036 0.246062994003296 3.10039377212524
-0.754593193531036 0.246062994003296 5.75787401199341
1 0 0
-0.754593193531036 0.246062994003296 5.75787401199341
-0.754593193531036 -0.246062994003296 5.75787401199341
-0.754593193531036 -0.246062994003296 3.10039377212524
1 0 0
-0.754593193531036 -0.246062994003296 3.10039377212524
-0.754593193531036 -0.246062994003296 5.75787401199341
-0.902230978012085 -0.246062994003296 5.9055118560791
0 -1 0
6.74212598800659 -0.246062994003296 5.75787401199341
-0.902230978012085 -0.246062994003296 5.9055118560791
-0.754593193531036 -0.246062994003296 5.75787401199341
0 -1 0
6.74212598800659 -0.246062994003296 3.10039377212524
-0.754593193531036 -0.246062994003296 3.10039377212524
-0.902230978012085 -0.246062994003296 2.95275592803955
0 -1 0
-0.902230978012085 -0.246062994003296 5.9055118560791
-0.902230978012085 -0.246062994003296 2.95275592803955
-0.754593193531036 -0.246062994003296 3.10039377212524
0 -1 0
6.74212598800659 -0.246062994003296 3.10039377212524
6.88976383209229 -0.246062994003296 5.9055118560791
6.74212598800659 -0.246062994003296 5.75787401199341
0 -1 0
-0.902230978012085 -0.246062994003296 5.9055118560791
6.74212598800659 -0.246062994003296 5.75787401199341
6.88976383209229 -0.246062994003296 5.9055118560791
0 -1 0
-0.902230978012085 -0.246062994003296 2.95275592803955
6.88976383209229 -0.246062994003296 2.95275592803955
6.74212598800659 -0.246062994003296 3.10039377212524
0 -1 0
6.88976383209229 -0.246062994003296 5.9055118560791
6.74212598800659 -0.246062994003296 3.10039377212524
6.88976383209229 -0.246062994003296 2.95275592803955
0 -1 0
6.88976383209229 -0.246062994003296 5.9055118560791
6.88976383209229 0.246062994003296 5.9055118560791
-0.902230978012085 0.246062994003296 5.9055118560791
0 0 1
-0.902230978012085 0.246062994003296 5.9055118560791
-0.902230978012085 -0.246062994003296 5.9055118560791
6.88976383209229 -0.246062994003296 5.9055118560791
0 0 1
-0.754593193531036 -0.246062994003296 5.75787401199341
-0.754593193531036 0.246062994003296 5.75787401199341
6.74212598800659 0.246062994003296 5.75787401199341
0 0 -1
6.74212598800659 0.246062994003296 5.75787401199341
6.74212598800659 -0.246062994003296 5.75787401199341
-0.754593193531036 -0.246062994003296 5.75787401199341
0 0 -1
-0.754593193531036 0.0196850392967463 5.75787401199341
6.74212598800659 0.0196850392967463 5.75787401199341
6.74212598800659 0.0196850392967463 3.10039377212524
0 1 0
6.74212598800659 0.0196850392967463 3.10039377212524
-0.754593193531036 0.0196850392967463 3.10039377212524
-0.754593193531036 0.0196850392967463 5.75787401199341
0 1 0
-0.754593193531036 -0.0196850392967463 5.75787401199341
-0.754593193531036 0.0196850392967463 5.75787401199341
-0.754593193531036 0.0196850392967463 3.10039377212524
-1 0 -1.25331843668795E-16
-0.754593193531036 0.0196850392967463 3.10039377212524
-0.754593193531036 -0.0196850392967463 3.10039377212524
-0.754593193531036 -0.0196850392967463 5.75787401199341
-1 0 -1.25331843668795E-16
-0.754593193531036 -0.0196850392967463 3.10039377212524
-0.754593193531036 0.0196850392967463 3.10039377212524
6.74212598800659 0.0196850392967463 3.10039377212524
0 0 -1
6.74212598800659 0.0196850392967463 3.10039377212524
6.74212598800659 -0.0196850392967463 3.10039377212524
-0.754593193531036 -0.0196850392967463 3.10039377212524
0 0 -1
6.74212598800659 -0.0196850392967463 3.10039377212524
6.74212598800659 0.0196850392967463 3.10039377212524
6.74212598800659 0.0196850392967463 5.75787401199341
1 0 0
6.74212598800659 0.0196850392967463 5.75787401199341
6.74212598800659 -0.0196850392967463 5.75787401199341
6.74212598800659 -0.0196850392967463 3.10039377212524
1 0 0
6.74212598800659 -0.0196850392967463 5.75787401199341
-0.754593193531036 -0.0196850392967463 5.75787401199341
-0.754593193531036 -0.0196850392967463 3.10039377212524
0 -1 0
-0.754593193531036 -0.0196850392967463 3.10039377212524
6.74212598800659 -0.0196850392967463 3.10039377212524
6.74212598800659 -0.0196850392967463 5.75787401199341
0 -1 0
6.74212598800659 -0.0196850392967463 5.75787401199341
6.74212598800659 0.0196850392967463 5.75787401199341
-0.754593193531036 0.0196850392967463 5.75787401199341
0 0 1
-0.754593193531036 0.0196850392967463 5.75787401199341
-0.754593193531036 -0.0196850392967463 5.75787401199341
6.74212598800659 -0.0196850392967463 5.75787401199341
0 0 1
-0.902230978012085 0.246062994003296 2.95275592803955
-1.39435696601868 -0.246062994003296 2.95275592803955
-1.39435696601868 0.246062994003296 2.95275592803955
0 0 -1
-1.39435696601868 -0.246062994003296 2.95275592803955
-0.902230978012085 0.246062994003296 2.95275592803955
-0.902230978012085 -0.246062994003296 2.95275592803955
0 0 -1
-0.902230978012085 -0.246062994003296 2.95275592803955
-0.902230978012085 0.246062994003296 5.9055118560791
-0.902230978012085 -0.246062994003296 5.9055118560791
1 0 0
-0.902230978012085 0.246062994003296 5.9055118560791
-0.902230978012085 -0.246062994003296 2.95275592803955
-0.902230978012085 0.246062994003296 2.95275592803955
1 0 0
-1.39435696601868 0.246062994003296 2.95275592803955
-1.39435696601868 0.246062994003296 5.9055118560791
-0.902230978012085 0.246062994003296 5.9055118560791
0 1 0
-0.902230978012085 0.246062994003296 5.9055118560791
-0.902230978012085 0.246062994003296 2.95275592803955
-1.39435696601868 0.246062994003296 2.95275592803955
0 1 0
-1.39435696601868 0.246062994003296 2.95275592803955
-1.39435696601868 -0.246062994003296 5.9055118560791
-1.39435696601868 0.246062994003296 5.9055118560791
-1 0 0
-1.39435696601868 -0.246062994003296 5.9055118560791
-1.39435696601868 0.246062994003296 2.95275592803955
-1.39435696601868 -0.246062994003296 2.95275592803955
-1 0 0
-0.902230978012085 -0.246062994003296 2.95275592803955
-0.902230978012085 -0.246062994003296 5.9055118560791
-1.39435696601868 -0.246062994003296 5.9055118560791
0 -1 0
-1.39435696601868 -0.246062994003296 5.9055118560791
-1.39435696601868 -0.246062994003296 2.95275592803955
-0.902230978012085 -0.246062994003296 2.95275592803955
0 -1 0
-1.39435696601868 0.246062994003296 5.9055118560791
-0.902230978012085 -0.246062994003296 5.9055118560791
-0.902230978012085 0.246062994003296 5.9055118560791
0 0 1
-0.902230978012085 -0.246062994003296 5.9055118560791
-1.39435696601868 0.246062994003296 5.9055118560791
-1.39435696601868 -0.246062994003296 5.9055118560791
0 0 1
[LEVEL]
ROOF
[HEADER]
616593,알루미늄_코너창_5100x900,406
9591.41840448286 4293.17620655266 37.401574803167
1
0 -1 0
1 0 0
0 0 1
-1.39435696601868 7.89041996002197 3.10039377212524
-1.39435696601868 7.89041996002197 5.75787401199341
-1.39435696601868 8.03805732727051 5.9055118560791
-1 7.21644966006352E-16 0
-1.39435696601868 0.393700778484344 5.75787401199341
-1.39435696601868 8.03805732727051 5.9055118560791
-1.39435696601868 7.89041996002197 5.75787401199341
-1 7.21644966006352E-16 0
-1.39435696601868 0.393700778484344 3.10039377212524
-1.39435696601868 7.89041996002197 3.10039377212524
-1.39435696601868 8.03805732727051 2.95275592803955
-1 7.21644966006352E-16 0
-1.39435696601868 8.03805732727051 5.9055118560791
-1.39435696601868 8.03805732727051 2.95275592803955
-1.39435696601868 7.89041996002197 3.10039377212524
-1 7.21644966006352E-16 0
-1.39435696601868 0.393700778484344 3.10039377212524
-1.39435696601868 0.246062994003296 5.9055118560791
-1.39435696601868 0.393700778484344 5.75787401199341
-1 7.21644966006352E-16 0
-1.39435696601868 8.03805732727051 5.9055118560791
-1.39435696601868 0.393700778484344 5.75787401199341
-1.39435696601868 0.246062994003296 5.9055118560791
-1 7.21644966006352E-16 0
-1.39435696601868 8.03805732727051 2.95275592803955
-1.39435696601868 0.246062994003296 2.95275592803955
-1.39435696601868 0.393700778484344 3.10039377212524
-1 7.21644966006352E-16 0
-1.39435696601868 0.246062994003296 5.9055118560791
-1.39435696601868 0.393700778484344 3.10039377212524
-1.39435696601868 0.246062994003296 2.95275592803955
-1 7.21644966006352E-16 0
-0.902230978012085 0.246062994003296 5.9055118560791
-1.39435696601868 0.246062994003296 5.9055118560791
-1.39435696601868 0.246062994003296 2.95275592803955
-7.21644966006352E-16 -1 0
-1.39435696601868 0.246062994003296 2.95275592803955
-0.902230978012085 0.246062994003296 2.95275592803955
-0.902230978012085 0.246062994003296 5.9055118560791
-7.21644966006352E-16 -1 0
-0.902230978012085 0.246062994003296 2.95275592803955
-1.39435696601868 0.246062994003296 2.95275592803955
-1.39435696601868 8.03805732727051 2.95275592803955
0 0 -1
-1.39435696601868 8.03805732727051 2.95275592803955
-0.902230978012085 8.03805732727051 2.95275592803955
-0.902230978012085 0.246062994003296 2.95275592803955
0 0 -1
-0.902230978012085 8.03805732727051 2.95275592803955
-1.39435696601868 8.03805732727051 2.95275592803955
-1.39435696601868 8.03805732727051 5.9055118560791
7.21644966006352E-16 1 0
-1.39435696601868 8.03805732727051 5.9055118560791
-0.902230978012085 8.03805732727051 5.9055118560791
-0.902230978012085 8.03805732727051 2.95275592803955
7.21644966006352E-16 1 0
-0.902230978012085 7.89041996002197 5.75787401199341
-1.39435696601868 7.89041996002197 5.75787401199341
-1.39435696601868 7.89041996002197 3.10039377212524
-7.21644966006352E-16 -1 0
-1.39435696601868 7.89041996002197 3.10039377212524
-0.902230978012085 7.89041996002197 3.10039377212524
-0.902230978012085 7.89041996002197 5.75787401199341
-7.21644966006352E-16 -1 0
-0.902230978012085 7.89041996002197 3.10039377212524
-1.39435696601868 7.89041996002197 3.10039377212524
-1.39435696601868 0.393700778484344 3.10039377212524
0 0 1
-1.39435696601868 0.393700778484344 3.10039377212524
-0.902230978012085 0.393700778484344 3.10039377212524
-0.902230978012085 7.89041996002197 3.10039377212524
0 0 1
-0.902230978012085 0.393700778484344 3.10039377212524
-1.39435696601868 0.393700778484344 3.10039377212524
-1.39435696601868 0.393700778484344 5.75787401199341
7.21644966006352E-16 1 0
-1.39435696601868 0.393700778484344 5.75787401199341
-0.902230978012085 0.393700778484344 5.75787401199341
-0.902230978012085 0.393700778484344 3.10039377212524
7.21644966006352E-16 1 0
-0.902230978012085 0.393700778484344 3.10039377212524
-0.902230978012085 0.393700778484344 5.75787401199341
-0.902230978012085 0.246062994003296 5.9055118560791
1 -7.21644966006352E-16 0
-0.902230978012085 7.89041996002197 5.75787401199341
-0.902230978012085 0.246062994003296 5.9055118560791
-0.902230978012085 0.393700778484344 5.75787401199341
1 -7.21644966006352E-16 0
-0.902230978012085 7.89041996002197 3.10039377212524
-0.902230978012085 0.393700778484344 3.10039377212524
-0.902230978012085 0.246062994003296 2.95275592803955
1 -7.21644966006352E-16 0
-0.902230978012085 0.246062994003296 5.9055118560791
-0.902230978012085 0.246062994003296 2.95275592803955
-0.902230978012085 0.393700778484344 3.10039377212524
1 -7.21644966006352E-16 0
-0.902230978012085 7.89041996002197 3.10039377212524
-0.902230978012085 8.03805732727051 5.9055118560791
-0.902230978012085 7.89041996002197 5.75787401199341
1 -7.21644966006352E-16 0
-0.902230978012085 0.246062994003296 5.9055118560791
-0.902230978012085 7.89041996002197 5.75787401199341
-0.902230978012085 8.03805732727051 5.9055118560791
1 -7.21644966006352E-16 0
-0.902230978012085 0.246062994003296 2.95275592803955
-0.902230978012085 8.03805732727051 2.95275592803955
-0.902230978012085 7.89041996002197 3.10039377212524
1 -7.21644966006352E-16 0
-0.902230978012085 8.03805732727051 5.9055118560791
-0.902230978012085 7.89041996002197 3.10039377212524
-0.902230978012085 8.03805732727051 2.95275592803955
1 -7.21644966006352E-16 0
-0.902230978012085 8.03805732727051 5.9055118560791
-1.39435696601868 8.03805732727051 5.9055118560791
-1.39435696601868 0.246062994003296 5.9055118560791
0 0 1
-1.39435696601868 0.246062994003296 5.9055118560791
-0.902230978012085 0.246062994003296 5.9055118560791
-0.902230978012085 8.03805732727051 5.9055118560791
0 0 1
-0.902230978012085 0.393700778484344 5.75787401199341
-1.39435696601868 0.393700778484344 5.75787401199341
-1.39435696601868 7.89041996002197 5.75787401199341
0 0 -1
-1.39435696601868 7.89041996002197 5.75787401199341
-0.902230978012085 7.89041996002197 5.75787401199341
-0.902230978012085 0.393700778484344 5.75787401199341
0 0 -1
-1.1679790019989 0.393700778484344 5.75787401199341
-1.1679790019989 7.89041996002197 5.75787401199341
-1.1679790019989 7.89041996002197 3.10039377212524
-1 7.21644966006352E-16 0
-1.1679790019989 7.89041996002197 3.10039377212524
-1.1679790019989 0.393700778484344 3.10039377212524
-1.1679790019989 0.393700778484344 5.75787401199341
-1 7.21644966006352E-16 0
-1.12860894203186 0.393700778484344 5.75787401199341
-1.1679790019989 0.393700778484344 5.75787401199341
-1.1679790019989 0.393700778484344 3.10039377212524
-7.21644966006352E-16 -1 -1.25331843668795E-16
-1.1679790019989 0.393700778484344 3.10039377212524
-1.12860894203186 0.393700778484344 3.10039377212524
-1.12860894203186 0.393700778484344 5.75787401199341
-7.21644966006352E-16 -1 -1.25331843668795E-16
-1.12860894203186 0.393700778484344 3.10039377212524
-1.1679790019989 0.393700778484344 3.10039377212524
-1.1679790019989 7.89041996002197 3.10039377212524
0 0 -1
-1.1679790019989 7.89041996002197 3.10039377212524
-1.12860894203186 7.89041996002197 3.10039377212524
-1.12860894203186 0.393700778484344 3.10039377212524
0 0 -1
-1.12860894203186 7.89041996002197 3.10039377212524
-1.1679790019989 7.89041996002197 3.10039377212524
-1.1679790019989 7.89041996002197 5.75787401199341
7.21644966006352E-16 1 0
-1.1679790019989 7.89041996002197 5.75787401199341
-1.12860894203186 7.89041996002197 5.75787401199341
-1.12860894203186 7.89041996002197 3.10039377212524
7.21644966006352E-16 1 0
-1.12860894203186 7.89041996002197 5.75787401199341
-1.12860894203186 0.393700778484344 5.75787401199341
-1.12860894203186 0.393700778484344 3.10039377212524
1 -7.21644966006352E-16 0
-1.12860894203186 0.393700778484344 3.10039377212524
-1.12860894203186 7.89041996002197 3.10039377212524
-1.12860894203186 7.89041996002197 5.75787401199341
1 -7.21644966006352E-16 0
-1.12860894203186 7.89041996002197 5.75787401199341
-1.1679790019989 7.89041996002197 5.75787401199341
-1.1679790019989 0.393700778484344 5.75787401199341
0 0 1
-1.1679790019989 0.393700778484344 5.75787401199341
-1.12860894203186 0.393700778484344 5.75787401199341
-1.12860894203186 7.89041996002197 5.75787401199341
0 0 1
6.74212598800659 0.246062994003296 3.10039377212524
6.74212598800659 0.246062994003296 5.75787401199341
6.88976383209229 0.246062994003296 5.9055118560791
0 1 0
-0.754593193531036 0.246062994003296 5.75787401199341
6.88976383209229 0.246062994003296 5.9055118560791
6.74212598800659 0.246062994003296 5.75787401199341
0 1 0
-0.754593193531036 0.246062994003296 3.10039377212524
6.74212598800659 0.246062994003296 3.10039377212524
6.88976383209229 0.246062994003296 2.95275592803955
0 1 0
6.88976383209229 0.246062994003296 5.9055118560791
6.88976383209229 0.246062994003296 2.95275592803955
6.74212598800659 0.246062994003296 3.10039377212524
0 1 0
-0.754593193531036 0.246062994003296 3.10039377212524
-0.902230978012085 0.246062994003296 5.9055118560791
-0.754593193531036 0.246062994003296 5.75787401199341
0 1 0
6.88976383209229 0.246062994003296 5.9055118560791
-0.754593193531036 0.246062994003296 5.75787401199341
-0.902230978012085 0.246062994003296 5.9055118560791
0 1 0
6.88976383209229 0.246062994003296 2.95275592803955
-0.902230978012085 0.246062994003296 2.95275592803955
-0.754593193531036 0.246062994003296 3.10039377212524
0 1 0
-0.902230978012085 0.246062994003296 5.9055118560791
-0.754593193531036 0.246062994003296 3.10039377212524
-0.902230978012085 0.246062994003296 2.95275592803955
0 1 0
-0.902230978012085 -0.246062994003296 5.9055118560791
-0.902230978012085 0.246062994003296 5.9055118560791
-0.902230978012085 0.246062994003296 2.95275592803955
-1 0 0
-0.902230978012085 0.246062994003296 2.95275592803955
-0.902230978012085 -0.246062994003296 2.95275592803955
-0.902230978012085 -0.246062994003296 5.9055118560791
-1 0 0
-0.902230978012085 -0.246062994003296 2.95275592803955
-0.902230978012085 0.246062994003296 2.95275592803955
6.88976383209229 0.246062994003296 2.95275592803955
0 0 -1
6.88976383209229 0.246062994003296 2.95275592803955
6.88976383209229 -0.246062994003296 2.95275592803955
-0.902230978012085 -0.246062994003296 2.95275592803955
0 0 -1
6.88976383209229 -0.246062994003296 2.95275592803955
6.88976383209229 0.246062994003296 2.95275592803955
6.88976383209229 0.246062994003296 5.9055118560791
1 0 0
6.88976383209229 0.246062994003296 5.9055118560791
6.88976383209229 -0.246062994003296 5.9055118560791
6.88976383209229 -0.246062994003296 2.95275592803955
1 0 0
6.74212598800659 -0.246062994003296 5.75787401199341
6.74212598800659 0.246062994003296 5.75787401199341
6.74212598800659 0.246062994003296 3.10039377212524
-1 0 0
6.74212598800659 0.246062994003296 3.10039377212524
6.74212598800659 -0.246062994003296 3.10039377212524
6.74212598800659 -0.246062994003296 5.75787401199341
-1 0 0
6.74212598800659 -0.246062994003296 3.10039377212524
6.74212598800659 0.246062994003296 3.10039377212524
-0.754593193531036 0.246062994003296 3.10039377212524
0 0 1
-0.754593193531036 0.246062994003296 3.10039377212524
-0.754593193531036 -0.246062994003296 3.10039377212524
6.74212598800659 -0.246062994003296 3.10039377212524
0 0 1
-0.754593193531036 -0.246062994003296 3.10039377212524
-0.754593193531036 0.246062994003296 3.10039377212524
-0.754593193531036 0.246062994003296 5.75787401199341
1 0 0
-0.754593193531036 0.246062994003296 5.75787401199341
-0.754593193531036 -0.246062994003296 5.75787401199341
-0.754593193531036 -0.246062994003296 3.10039377212524
1 0 0
-0.754593193531036 -0.246062994003296 3.10039377212524
-0.754593193531036 -0.246062994003296 5.75787401199341
-0.902230978012085 -0.246062994003296 5.9055118560791
0 -1 0
6.74212598800659 -0.246062994003296 5.75787401199341
-0.902230978012085 -0.246062994003296 5.9055118560791
-0.754593193531036 -0.246062994003296 5.75787401199341
0 -1 0
6.74212598800659 -0.246062994003296 3.10039377212524
-0.754593193531036 -0.246062994003296 3.10039377212524
-0.902230978012085 -0.246062994003296 2.95275592803955
0 -1 0
-0.902230978012085 -0.246062994003296 5.9055118560791
-0.902230978012085 -0.246062994003296 2.95275592803955
-0.754593193531036 -0.246062994003296 3.10039377212524
0 -1 0
6.74212598800659 -0.246062994003296 3.10039377212524
6.88976383209229 -0.246062994003296 5.9055118560791
6.74212598800659 -0.246062994003296 5.75787401199341
0 -1 0
-0.902230978012085 -0.246062994003296 5.9055118560791
6.74212598800659 -0.246062994003296 5.75787401199341
6.88976383209229 -0.246062994003296 5.9055118560791
0 -1 0
-0.902230978012085 -0.246062994003296 2.95275592803955
6.88976383209229 -0.246062994003296 2.95275592803955
6.74212598800659 -0.246062994003296 3.10039377212524
0 -1 0
6.88976383209229 -0.246062994003296 5.9055118560791
6.74212598800659 -0.246062994003296 3.10039377212524
6.88976383209229 -0.246062994003296 2.95275592803955
0 -1 0
6.88976383209229 -0.246062994003296 5.9055118560791
6.88976383209229 0.246062994003296 5.9055118560791
-0.902230978012085 0.246062994003296 5.9055118560791
0 0 1
-0.902230978012085 0.246062994003296 5.9055118560791
-0.902230978012085 -0.246062994003296 5.9055118560791
6.88976383209229 -0.246062994003296 5.9055118560791
0 0 1
-0.754593193531036 -0.246062994003296 5.75787401199341
-0.754593193531036 0.246062994003296 5.75787401199341
6.74212598800659 0.246062994003296 5.75787401199341
0 0 -1
6.74212598800659 0.246062994003296 5.75787401199341
6.74212598800659 -0.246062994003296 5.75787401199341
-0.754593193531036 -0.246062994003296 5.75787401199341
0 0 -1
-0.754593193531036 0.0196850392967463 5.75787401199341
6.74212598800659 0.0196850392967463 5.75787401199341
6.74212598800659 0.0196850392967463 3.10039377212524
0 1 0
6.74212598800659 0.0196850392967463 3.10039377212524
-0.754593193531036 0.0196850392967463 3.10039377212524
-0.754593193531036 0.0196850392967463 5.75787401199341
0 1 0
-0.754593193531036 -0.0196850392967463 5.75787401199341
-0.754593193531036 0.0196850392967463 5.75787401199341
-0.754593193531036 0.0196850392967463 3.10039377212524
-1 0 -1.25331843668795E-16
-0.754593193531036 0.0196850392967463 3.10039377212524
-0.754593193531036 -0.0196850392967463 3.10039377212524
-0.754593193531036 -0.0196850392967463 5.75787401199341
-1 0 -1.25331843668795E-16
-0.754593193531036 -0.0196850392967463 3.10039377212524
-0.754593193531036 0.0196850392967463 3.10039377212524
6.74212598800659 0.0196850392967463 3.10039377212524
0 0 -1
6.74212598800659 0.0196850392967463 3.10039377212524
6.74212598800659 -0.0196850392967463 3.10039377212524
-0.754593193531036 -0.0196850392967463 3.10039377212524
0 0 -1
6.74212598800659 -0.0196850392967463 3.10039377212524
6.74212598800659 0.0196850392967463 3.10039377212524
6.74212598800659 0.0196850392967463 5.75787401199341
1 0 0
6.74212598800659 0.0196850392967463 5.75787401199341
6.74212598800659 -0.0196850392967463 5.75787401199341
6.74212598800659 -0.0196850392967463 3.10039377212524
1 0 0
6.74212598800659 -0.0196850392967463 5.75787401199341
-0.754593193531036 -0.0196850392967463 5.75787401199341
-0.754593193531036 -0.0196850392967463 3.10039377212524
0 -1 0
-0.754593193531036 -0.0196850392967463 3.10039377212524
6.74212598800659 -0.0196850392967463 3.10039377212524
6.74212598800659 -0.0196850392967463 5.75787401199341
0 -1 0
6.74212598800659 -0.0196850392967463 5.75787401199341
6.74212598800659 0.0196850392967463 5.75787401199341
-0.754593193531036 0.0196850392967463 5.75787401199341
0 0 1
-0.754593193531036 0.0196850392967463 5.75787401199341
-0.754593193531036 -0.0196850392967463 5.75787401199341
6.74212598800659 -0.0196850392967463 5.75787401199341
0 0 1
-0.902230978012085 0.246062994003296 2.95275592803955
-1.39435696601868 -0.246062994003296 2.95275592803955
-1.39435696601868 0.246062994003296 2.95275592803955
0 0 -1
-1.39435696601868 -0.246062994003296 2.95275592803955
-0.902230978012085 0.246062994003296 2.95275592803955
-0.902230978012085 -0.246062994003296 2.95275592803955
0 0 -1
-0.902230978012085 -0.246062994003296 2.95275592803955
-0.902230978012085 0.246062994003296 5.9055118560791
-0.902230978012085 -0.246062994003296 5.9055118560791
1 0 0
-0.902230978012085 0.246062994003296 5.9055118560791
-0.902230978012085 -0.246062994003296 2.95275592803955
-0.902230978012085 0.246062994003296 2.95275592803955
1 0 0
-1.39435696601868 0.246062994003296 2.95275592803955
-1.39435696601868 0.246062994003296 5.9055118560791
-0.902230978012085 0.246062994003296 5.9055118560791
0 1 0
-0.902230978012085 0.246062994003296 5.9055118560791
-0.902230978012085 0.246062994003296 2.95275592803955
-1.39435696601868 0.246062994003296 2.95275592803955
0 1 0
-1.39435696601868 0.246062994003296 2.95275592803955
-1.39435696601868 -0.246062994003296 5.9055118560791
-1.39435696601868 0.246062994003296 5.9055118560791
-1 0 0
-1.39435696601868 -0.246062994003296 5.9055118560791
-1.39435696601868 0.246062994003296 2.95275592803955
-1.39435696601868 -0.246062994003296 2.95275592803955
-1 0 0
-0.902230978012085 -0.246062994003296 2.95275592803955
-0.902230978012085 -0.246062994003296 5.9055118560791
-1.39435696601868 -0.246062994003296 5.9055118560791
0 -1 0
-1.39435696601868 -0.246062994003296 5.9055118560791
-1.39435696601868 -0.246062994003296 2.95275592803955
-0.902230978012085 -0.246062994003296 2.95275592803955
0 -1 0
-1.39435696601868 0.246062994003296 5.9055118560791
-0.902230978012085 -0.246062994003296 5.9055118560791
-0.902230978012085 0.246062994003296 5.9055118560791
0 0 1
-0.902230978012085 -0.246062994003296 5.9055118560791
-1.39435696601868 0.246062994003296 5.9055118560791
-1.39435696601868 -0.246062994003296 5.9055118560791
0 0 1
[LEVEL]
PHR
[LEVEL]
PILE
[LEVEL]
B1F
